SMI,canonical_smi,lambda_max_exp_nm,extinction,solvent
OC[C@@H]([C@H]1OC(=O)C(=C1O)O)O,O=C1O[C@H]([C@@H](O)CO)C(O)=C1O,280.0,,
Oc1cc(O)c2c(c1)O[C@@H]([C@@H](C2)OC(=O)c1cc(O)c(c(c1)O)O)c1cc(O)c(c(c1)O)O,O=C(O[C@@H]1Cc2c(O)cc(O)cc2O[C@@H]1c1cc(O)c(O)c(O)c1)c1cc(O)c(O)c(O)c1,280.0,,
COC(=O)Cc1ccc(cc1)OC[C@H]1OC1,COC(=O)Cc1ccc(OC[C@@H]2CO2)cc1,225.0,,
CN1CCN(CC1)c1c(F)cc2c3c1OCC(n3cc(c2=O)C(=O)O)C,CC1COc2c(N3CCN(C)CC3)c(F)cc3c(=O)c(C(=O)O)cn1c23,820.0,,
OC(=O)C(Cn1cnc2c1ncnc2N(C)C)N,CN(C)c1ncnc2c1ncn2CC(N)C(=O)O,267.6,,
OC(=O)C(Cn1cnc2c1ncnc2NC1CC1)N,NC(Cn1cnc2c(NC3CC3)ncnc21)C(=O)O,266.5,,
OC(=O)C(Cn1cnc2c1ncnc2S)N,NC(Cn1cnc2c(S)ncnc21)C(=O)O,321.4,,
OC(=O)C(Cn1cnc2c1nc(N)nc2N(C)C)N,CN(C)c1nc(N)nc2c1ncn2CC(N)C(=O)O,293.8,,
OC(=O)C(Cn1cnc2c1nc(N)nc2NC1CC1)N,Nc1nc(NC2CC2)c2ncn(CC(N)C(=O)O)c2n1,296.1,,
OC(=O)C(Cn1cnc2c1nc(N)[nH]c2=O)N,Nc1nc2c(ncn2CC(N)C(=O)O)c(=O)[nH]1,278.0,,
OC(=O)C(Cn1cnc2c1nc(N)nc2S)N,Nc1nc(S)c2ncn(CC(N)C(=O)O)c2n1,342.2,,
C(CC(=O)c1c(O)cc(cc1O)O)CC=C(C)C,CC(C)=CCCCC(=O)c1c(O)cc(O)cc1O,240.0,,
COc1ccc2c(c1)c(CC(=O)OCC(=O)Nc1ccc3c(c1)OCO3)c(n2C(=O)c1ccc(cc1)Cl)C,COc1ccc2c(c1)c(CC(=O)OCC(=O)Nc1ccc3c(c1)OCO3)c(C)n2C(=O)c1ccc(Cl)cc1,210.0,,
COc1ccc2c(c1)c(CC(=O)OCC(=O)Nc1ccsc1C(=O)OC)c(n2C(=O)c1ccc(cc1)Cl)C,COC(=O)c1sccc1NC(=O)COC(=O)Cc1c(C)n(C(=O)c2ccc(Cl)cc2)c2ccc(OC)cc12,220.0,,
COc1ccc2c(c1)c(CC(=O)OCC(=O)NCc1ccccc1)c(n2C(=O)c1ccc(cc1)Cl)C,COc1ccc2c(c1)c(CC(=O)OCC(=O)NCc1ccccc1)c(C)n2C(=O)c1ccc(Cl)cc1,210.0,,
COc1ccc2c(c1)c(CC(=O)OCC(=O)N1CCSCC1)c(n2C(=O)c1ccc(cc1)Cl)C,COc1ccc2c(c1)c(CC(=O)OCC(=O)N1CCSCC1)c(C)n2C(=O)c1ccc(Cl)cc1,210.0,,
c1ccc(cc1)C=Cc1ccc2c(n1)cccc2,C(=Cc1ccc2ccccc2n1)c1ccccc1,800.0,,
Cc1ccc2c(n1)c(O)c(cc2)C(=O)NCc1ccccc1,Cc1ccc2ccc(C(=O)NCc3ccccc3)c(O)c2n1,800.0,,
COC(=O)C(NC(=O)C(CC(=O)O)N)Cc1ccccc1,COC(=O)C(Cc1ccccc1)NC(=O)C(N)CC(=O)O,257.0,,
OC[C@@H]([C@@H](Cc1ccc(c(c1)OC)O)CO)Cc1ccc(c(c1)OC)O,COc1cc(C[C@@H](CO)[C@H](CO)Cc2ccc(O)c(OC)c2)ccc1O,225.0,,
COc1cc(ccc1O)[C@H]1OC[C@H]2[C@@H]1CO[C@@H]2c1ccc(c(c1)OC)O,COc1cc([C@H]2OC[C@H]3[C@@H]2CO[C@@H]3c2ccc(O)c(OC)c2)ccc1O,225.0,,
Oc1ccc2c(c1)CC[C@@H]1[C@@H]2CC[C@]2([C@H]1CC[C@@H]2O)C,C[C@]12CC[C@@H]3c4ccc(O)cc4CC[C@H]3[C@@H]1CC[C@@H]2O,280.0,,
CC(=CC=CC(=CC(=O)O)C)C=CC1=C(C)CCCC1(C)C,CC(C=CC1=C(C)CCCC1(C)C)=CC=CC(C)=CC(=O)O,345.0,,
O=CC=C(CCC=C(C)C)C,CC(C)=CCCC(C)=CC=O,245.0,,
OC[C@H]1OC([C@@H]([C@@]1(O)C#C[2H])O)n1cc(O)c(=O)[nH]c1=O,[2H]C#C[C@@]1(O)[C@@H](CO)OC(n2cc(O)c(=O)[nH]c2=O)[C@@H]1O,279.0,,
C(#C[C@]1(O)[C@@H](O)C(O[C@@H]1CO)n1cc(Cl)c(=O)[nH]c1=O)[2H],[2H]C#C[C@@]1(O)[C@@H](CO)OC(n2cc(Cl)c(=O)[nH]c2=O)[C@@H]1O,276.0,,
C(#C[C@]1(O)[C@@H](O)C(O[C@@H]1CO)n1cc(Br)c(=O)[nH]c1=O)[2H],[2H]C#C[C@@]1(O)[C@@H](CO)OC(n2cc(Br)c(=O)[nH]c2=O)[C@@H]1O,278.0,,
C(#C[C@]1(O)[C@@H](O)C(O[C@@H]1CO)n1cc(I)c(=O)[nH]c1=O)[2H],[2H]C#C[C@@]1(O)[C@@H](CO)OC(n2cc(I)c(=O)[nH]c2=O)[C@@H]1O,287.0,,
C(#C[C@]1(O)[C@@H](O)C(O[C@@H]1CO)n1ncc(=O)[nH]c1=O)[2H],[2H]C#C[C@@]1(O)[C@@H](CO)OC(n2ncc(=O)[nH]c2=O)[C@@H]1O,256.0,,
OC[C@H]1O[C@H]([C@@H]([C@@H]1O)O)n1cc(O)c(=O)[nH]c1=O,O=c1[nH]c(=O)n([C@@H]2O[C@H](CO)[C@@H](O)[C@H]2O)cc1O,280.0,,
OC[C@H]1O[C@H]([C@@H]([C@@H]1O)O)n1ncc(=O)[nH]c1=O,O=c1cnn([C@@H]2O[C@H](CO)[C@@H](O)[C@H]2O)c(=O)[nH]1,257.0,,
OB(c1cccc(c1)[N+](=O)[O-])O,O=[N+]([O-])c1cccc(B(O)O)c1,340.0,,
B,B,438.0,,
C,C,436.0,,
Cc1cc2c(n1c1ccccc1)CCc1c2[nH]c(=O)c(c1)S(=O)(=O)c1ccccc1,Cc1cc2c(n1-c1ccccc1)CCc1cc(S(=O)(=O)c3ccccc3)c(=O)[nH]c1-2,421.3,34243.0,
Cc1cc2c(n1c1ccccc1)CCc1c2[nH]c(=O)c(c1)C(=O)c1ccccc1,Cc1cc2c(n1-c1ccccc1)CCc1cc(C(=O)c3ccccc3)c(=O)[nH]c1-2,441.5,23201.0,
N#Cc1cc2CCc3c(c2[nH]c1=O)cc(n3c1ccccc1)C,Cc1cc2c(n1-c1ccccc1)CCc1cc(C#N)c(=O)[nH]c1-2,331.6,,
CCOC(=O)c1cc2CCc3c(c2[nH]c1=O)cc(n3c1ccccc1)C,CCOC(=O)c1cc2c([nH]c1=O)-c1cc(C)n(-c3ccccc3)c1CC2,423.0,24350.0,
Cn1c(C)cc2c1CCc1c2[nH]c(=O)c(c1)S(=O)(=O)c1ccccc1,Cc1cc2c(n1C)CCc1cc(S(=O)(=O)c3ccccc3)c(=O)[nH]c1-2,423.1,31307.0,
O=C(c1cc2CCc3c(c2[nH]c1=O)cc(n3C)C)c1ccccc1,Cc1cc2c(n1C)CCc1cc(C(=O)c3ccccc3)c(=O)[nH]c1-2,445.2,22139.0,
Cc1cc2c(n1Cc1ccccc1)CCc1c2[nH]c(=O)c(c1)S(=O)(=O)c1ccccc1,Cc1cc2c(n1Cc1ccccc1)CCc1cc(S(=O)(=O)c3ccccc3)c(=O)[nH]c1-2,421.2,33629.0,
O=c1[nH]c2c(cc1C(=O)c1ccccc1)CCc1c2ccn1Cc1ccccc1,O=C(c1ccccc1)c1cc2c([nH]c1=O)-c1ccn(Cc3ccccc3)c1CC2,442.7,23310.0,
Cc1[nH]c2c(c1)c1[nH]c(=O)cc(c1cc2)C,Cc1cc2c(ccc3c(C)cc(=O)[nH]c32)[nH]1,337.1,,
Cc1cnc(nc1O[Si](C)(C)C)O[Si](C)(C)C,Cc1cnc(O[Si](C)(C)C)nc1O[Si](C)(C)C,250.0,,
S=C=Nc1ccc2c(c1)C(=O)OC12c2ccc(cc2Oc2c1ccc(c2)O)O,O=C1OC2(c3ccc(O)cc3Oc3cc(O)ccc32)c2ccc(N=C=S)cc21,280.0,,
F,F,470.0,,
CCc1cc(=O)c2c(o1)ccc(c2)O,CCc1cc(=O)c2cc(O)ccc2o1,328.0,,
CCCc1cc(=O)c2c(o1)ccc(c2)O,CCCc1cc(=O)c2cc(O)ccc2o1,328.0,,
Oc1ccc2c(c1)c(=O)cc(o2)C(C)C,CC(C)c1cc(=O)c2cc(O)ccc2o1,328.0,,
CC(Cc1cc(=O)c2c(o1)ccc(c2)O)C,CC(C)Cc1cc(=O)c2cc(O)ccc2o1,328.0,,
Oc1ccc2c(c1)c(=O)cc(o2)C(C)(C)C,CC(C)(C)c1cc(=O)c2cc(O)ccc2o1,328.0,,
Cc1cc(=O)c2c(o1)ccc(c2)O,Cc1cc(=O)c2cc(O)ccc2o1,328.0,,
CCCc1cc(=O)c2c(o1)cc(cc2)O,CCCc1cc(=O)c2ccc(O)cc2o1,292.0,,
Oc1ccc2c(c1)oc(cc2=O)C(C)C,CC(C)c1cc(=O)c2ccc(O)cc2o1,295.0,,
CC(Cc1cc(=O)c2c(o1)cc(cc2)O)C,CC(C)Cc1cc(=O)c2ccc(O)cc2o1,292.0,,
Oc1ccc2c(c1)oc(cc2=O)C(C)(C)C,CC(C)(C)c1cc(=O)c2ccc(O)cc2o1,295.0,,
Cc1cc(=O)c2c(o1)cc(cc2)O,Cc1cc(=O)c2ccc(O)cc2o1,247.0,,
O=c1cc(oc2c1cc1OCOc1c2)C(C)(C)C,CC(C)(C)c1cc(=O)c2cc3c(cc2o1)OCO3,319.0,,
CC(Cc1cc(=O)c2c(o1)cc1c(c2)OCO1)C,CC(C)Cc1cc(=O)c2cc3c(cc2o1)OCO3,319.0,,
Clc1ccc2c(c1)cc([nH]2)C(=O)NCCOCCOCCNC(=O)c1cc2c([nH]1)ccc(c2)Cl,O=C(NCCOCCOCCNC(=O)c1cc2cc(Cl)ccc2[nH]1)c1cc2cc(Cl)ccc2[nH]1,383.0,39000.0,
OC(=O)CCc1c2Cc3[nH]c(c(c3C)CCC(=O)O)Cc3[nH]c(Cc4[nH]c(Cc(c1C)[nH]2)c(CCC(=O)O)c4C)c(c3CCC(=O)O)C,Cc1c2[nH]c(c1CCC(=O)O)Cc1[nH]c(c(CCC(=O)O)c1C)Cc1[nH]c(c(CCC(=O)O)c1C)Cc1[nH]c(c(C)c1CCC(=O)O)C2,377.0,41700.0,
ClC[C@H](Cl)C,C[C@@H](Cl)CCl,364.0,38700.0,
CCOc1nc(cc(c1C#N)c1ccc(cc1)N1CCOCC1)c1ccc(cc1)Cl,CCOc1nc(-c2ccc(Cl)cc2)cc(-c2ccc(N3CCOCC3)cc2)c1C#N,330.0,,chloroform
N#Cc1ccc(nc1)c1ccc(cc1)F,N#Cc1ccc(-c2ccc(F)cc2)nc1,329.0,,chloroform
CCOc1nc(cc(c1C#N)c1ccc(cc1)N1CCOCC1)c1ccc(cc1)F,CCOc1nc(-c2ccc(F)cc2)cc(-c2ccc(N3CCOCC3)cc2)c1C#N,329.0,,chloroform
CCOc1nc(cc(c1C#N)c1ccc(cc1)N1CCOCC1)c1ccc(cc1)C,CCOc1nc(-c2ccc(C)cc2)cc(-c2ccc(N3CCOCC3)cc2)c1C#N,332.5,,chloroform
CCOc1nc(cc(c1C#N)c1ccc(cc1)N1CCOCC1)c1ccc(cc1)OC,CCOc1nc(-c2ccc(OC)cc2)cc(-c2ccc(N3CCOCC3)cc2)c1C#N,311.0,,chloroform
CCOc1nc(cc(c1C#N)c1ccc(cc1)N1CCOCC1)c1cccs1,CCOc1nc(-c2cccs2)cc(-c2ccc(N3CCOCC3)cc2)c1C#N,331.0,,chloroform
CCOc1nc(cc(c1C#N)c1ccc(cc1)N1CCOCC1)c1ccco1,CCOc1nc(-c2ccco2)cc(-c2ccc(N3CCOCC3)cc2)c1C#N,329.5,,chloroform
CCOc1nc2c(c(c1C#N)c1ccc(cc1)N1CCOCC1)Cc1c2cccc1,CCOc1nc2c(c(-c3ccc(N4CCOCC4)cc3)c1C#N)Cc1ccccc1-2,331.0,,chloroform
CCOc1nc2c(c(c1C#N)c1ccc(cc1)N1CCOCC1)CSc1c2cccc1,CCOc1nc2c(c(-c3ccc(N4CCOCC4)cc3)c1C#N)CSc1ccccc1-2,240.0,,chloroform
OCc1cc(=O)oc2c1cc(Br)c(c2)O,O=c1cc(CO)c2cc(Br)c(O)cc2o1,366.0,13600.0,
OCCNCCNc1ccc(c2c1c(O)c1c(O)ccc(c1c2O)O)NCCNCCO,OCCNCCNc1ccc(NCCNCCO)c2c(O)c3c(O)ccc(O)c3c(O)c12,721.5,,
ClC(=O)OC(Cl)(Cl)Cl,O=C(Cl)OC(Cl)(Cl)Cl,345.0,52000.0,
OCC1OC(CC1O)n1cc(C)c(=O)[nH]c1=O,Cc1cn(C2CC(O)C(CO)O2)c(=O)[nH]c1=O,349.0,48000.0,
N1CCN(CC1)c1ccccc1,c1ccc(N2CCNCC2)cc1,210.0,,
CS(=O)C(Cc1ccc2c(c1)OCO2)C,CC(Cc1ccc2c(c1)OCO2)S(C)=O,210.0,,
OC(=O)CI,O=C(O)CI,529.0,57543.99373,
COc1ccc(cc1I)c1nc2c([nH]1)cc(cc2)c1nc2c([nH]1)cc(cc2)N1CCN(CC1)C,COc1ccc(-c2nc3ccc(-c4nc5ccc(N6CCN(C)CC6)cc5[nH]4)cc3[nH]2)cc1I,544.5,38904.5145,
Clc1ccc(s1)c1onc(c1)Cn1c(cc2c1cccc2)C(=O)NC1CCN(CC1)C(C)C,CC(C)N1CCC(NC(=O)c2cc3ccccc3n2Cc2cc(-c3ccc(Cl)s3)on2)CC1,554.5,60255.95861,
N#Cc1c(C(=O)NC2CCN(CC2)C(C)C)n(c2c1cccc2C)Cc1noc(c1)c1ccc(s1)Cl,Cc1cccc2c(C#N)c(C(=O)NC3CCN(C(C)C)CC3)n(Cc3cc(-c4ccc(Cl)s4)on3)c12,576.5,38018.93963,
CC(CC(=O)O)C,CC(C)CC(=O)O,617.0,38904.5145,
COc1cc(cc(c1OC)OC)C(=O)OCCN1CCN(CC1)CCCN1c2ccccc2Sc2c1cc(Cl)cc2,COc1cc(C(=O)OCCN2CCN(CCCN3c4ccccc4Sc4ccc(Cl)cc43)CC2)cc(OC)c1OC,411.0,61700.0,
O=C1OCC(=C1)[C@@H]1CC[C@]2([C@]1(C)CC[C@H]1[C@H]2CC[C@H]2[C@]1(C)CC[C@@H](C2)O[C@H]1C[C@H](O)[C@@H]([C@H](O1)C)O[C@H]1C[C@H](O)[C@@H]([C@H](O1)C)O[C@H]1C[C@H](O)[C@@H]([C@H](O1)C)O)O,C[C@H]1O[C@@H](O[C@H]2[C@@H](O)C[C@H](O[C@H]3[C@@H](O)C[C@H](O[C@H]4CC[C@@]5(C)[C@H](CC[C@@H]6[C@@H]5CC[C@]5(C)[C@H](C7=CC(=O)OC7)CC[C@]65O)C4)O[C@@H]3C)O[C@@H]2C)C[C@H](O)[C@@H]1O,220.0,,
O[C@H]1CC[C@]2([C@@H](C1)CC[C@@H]1[C@@H]2CC[C@]2([C@]1(O)CC[C@@H]2C1=CC(=O)OC1)C)C,C[C@]12CC[C@H](O)C[C@H]1CC[C@@H]1[C@@H]2CC[C@]2(C)[C@@H](C3=CC(=O)OC3)CC[C@]12O,220.0,,
CC(CCC[C@H]([C@H]1CC[C@@H]2[C@]1(C)CCCC2=CC=C1C[C@@H](O)CCC1=C)C)C,C=C1CC[C@H](O)CC1=CC=C1CCC[C@]2(C)[C@@H]([C@H](C)CCCC(C)C)CC[C@@H]12,265.0,,
CCOC(=O)C(Oc1ccc(cc1)Cl)(C)C,CCOC(=O)C(C)(C)Oc1ccc(Cl)cc1,278.0,,
CC(CCC[C@H]([C@H]1CC[C@@H]2[C@]1(C)CC[C@H]1[C@H]2CC=C2[C@]1(C)CC[C@@H](C2)O)C)C,CC(C)CCC[C@@H](C)[C@H]1CC[C@H]2[C@@H]3CC=C4C[C@@H](O)CC[C@]4(C)[C@H]3CC[C@]12C,220.0,,
c1ccc(c(c1)c1cc2c([nH]1)cccc2)c1cc2c([nH]1)cccc2,c1ccc(-c2cc3ccccc3[nH]2)c(-c2cc3ccccc3[nH]2)c1,293.0,,
CCN(c1ccc(c(c1)OCOc1cc(ccc1C=C(C#N)C#N)N(CC)CC)C=C1C([N+](=O)[O-])c2c(C1[N+](=O)[O-])cccc2)CC,CCN(CC)c1ccc(C=C(C#N)C#N)c(OCOc2cc(N(CC)CC)ccc2C=C2C([N+](=O)[O-])c3ccccc3C2[N+](=O)[O-])c1,602.0,,
NCC[C@@H]([C@H](CCC(=O)O)CN)CC(=O)O,NCC[C@H](CC(=O)O)[C@@H](CN)CCC(=O)O,532.0,,
Cc1cccc(c1)CNC(=O)c1ncnc(c1)C(=O)NCc1cccc(c1)C,Cc1cccc(CNC(=O)c2cc(C(=O)NCc3cccc(C)c3)ncn2)c1,532.0,,
O=C(c1ncnc(c1)C(=O)NCc1ccc(c(c1)C)F)NCc1ccc(c(c1)C)F,Cc1cc(CNC(=O)c2cc(C(=O)NCc3ccc(F)c(C)c3)ncn2)ccc1F,532.0,,
NC(=N)c1ccc(cc1)OCOc1ccc(cc1)C(=N)N,N=C(N)c1ccc(OCOc2ccc(C(=N)N)cc2)cc1,650.0,,Methanol
c1ccc(cc1)c1ccc(cc1)c1ccccc1,c1ccc(-c2ccc(-c3ccccc3)cc2)cc1,279.0,,
c1csc(c1)c1sccc1c1cccs1,c1csc(-c2ccsc2-c2cccs2)c1,350.0,,
S1CC=CC=C1,C1=CCSC=C1,349.0,,
c1ccc(nc1)c1[nH]ncc1c1ccnc2c1cccc2,c1ccc(-c2[nH]ncc2-c2ccnc3ccccc23)nc1,347.0,,
SCc1cccnc1,SCc1cccnc1,325.0,,
COc1ccc2c(c1)[nH]c(n2)S(=O)Cc1ncc(c(c1C)OC)C,COc1ccc2nc(S(=O)Cc3ncc(C)c(OC)c3C)[nH]c2c1,302.0,,
OC(c1cc(Cl)c(c(c1)Cl)N)CNC(C)(C)C.[Cl-].[H+],CC(C)(C)NCC(O)c1cc(Cl)c(N)c(Cl)c1.[Cl-].[H+],298.0,,
O=C1C(CCc2c1c1ccccc1n2C)Cn1ccnc1C.O.O.[Cl-].[H+],Cc1nccn1CC1CCc2c(c3ccccc3n2C)C1=O.O.O.[Cl-].[H+],305.0,,
CCN(c1ccc(c(c1)C)N=Nc1ccc(cc1)S(=O)(=O)O)CC,CCN(CC)c1ccc(N=Nc2ccc(S(=O)(=O)O)cc2)c(C)c1,860.0,,
c1ccc(cc1)C=Cc1ccc(cc1c1cc(ccc1C=Cc1ccccc1)C=Cc1ccccc1)C=Cc1ccccc1,C(=Cc1ccc(C=Cc2ccccc2)c(-c2cc(C=Cc3ccccc3)ccc2C=Cc2ccccc2)c1)c1ccccc1,360.0,,
Oc1ccccc1c1nc2c(s1)cccc2,Oc1ccccc1-c1nc2ccccc2s1,333.0,,Ethanol
Fc1ccc2c(c1)sc(n2)c1ccccc1OCc1ccccc1,Fc1ccc2nc(-c3ccccc3OCc3ccccc3)sc2c1,322.0,,Ethanol
O=c1[nH]c(=O)n(cc1F)C1CCCO1,O=c1[nH]c(=O)n(C2CCCO2)cc1F,205.0,,
CN(c1c(C)c(C)c(c(c1C)C)N(C)C)C,Cc1c(C)c(N(C)C)c(C)c(C)c1N(C)C,264.0,,
N#CC(c1ccccc1)NC(Cc1ccccc1)C,CC(Cc1ccccc1)NC(C#N)c1ccccc1,495.0,,Ethanol
POS,POS,427.0,70794.57844,
Cc1[nH]c2c(c1N=Nc1nncs1)cccc2,Cc1[nH]c2ccccc2c1N=Nc1nncs1,469.0,,DMSO
Cn1c(C)c(c2c1cccc2)N=Nc1nncs1,Cc1c(N=Nc2nncs2)c2ccccc2n1C,441.0,,DMSO
c1ccc(cc1)c1[nH]c2c(c1N=Nc1nncs1)cccc2,c1ccc(-c2[nH]c3ccccc3c2N=Nc2nncs2)cc1,496.0,,DMSO
Cn1c(c2ccccc2)c(c2c1cccc2)N=Nc1nncs1,Cn1c(-c2ccccc2)c(N=Nc2nncs2)c2ccccc21,452.0,,DMSO
CSc1nnc(s1)N=Nc1c(C)[nH]c2c1cccc2,CSc1nnc(N=Nc2c(C)[nH]c3ccccc23)s1,462.0,,DMSO
CSc1nnc(s1)N=Nc1c2ccccc2n(c1C)C,CSc1nnc(N=Nc2c(C)n(C)c3ccccc23)s1,460.0,,DMSO
CSc1nnc(s1)N=Nc1c([nH]c2c1cccc2)c1ccccc1,CSc1nnc(N=Nc2c(-c3ccccc3)[nH]c3ccccc23)s1,509.0,,DMSO
CSc1nnc(s1)N=Nc1c(c2ccccc2)n(c2c1cccc2)C,CSc1nnc(N=Nc2c(-c3ccccc3)n(C)c3ccccc23)s1,466.0,,DMSO
O=CN(C)C,CN(C)C=O,469.0,,DMSO
CCc1nnc(s1)N=Nc1c2ccccc2n(c1C)C,CCc1nnc(N=Nc2c(C)n(C)c3ccccc23)s1,442.0,,DMSO
CCc1nnc(s1)N=Nc1c([nH]c2c1cccc2)c1ccccc1,CCc1nnc(N=Nc2c(-c3ccccc3)[nH]c3ccccc23)s1,499.0,,DMSO
CCc1nnc(s1)N=Nc1c(c2ccccc2)n(c2c1cccc2)C,CCc1nnc(N=Nc2c(-c3ccccc3)n(C)c3ccccc23)s1,450.0,,DMSO
Cc1[nH]c2c(c1N=Nc1n[nH]c(n1)S)cccc2,Cc1[nH]c2ccccc2c1N=Nc1n[nH]c(S)n1,388.0,,DMSO
Sc1[nH]nc(n1)N=Nc1c(C)n(c2c1cccc2)C,Cc1c(N=Nc2n[nH]c(S)n2)c2ccccc2n1C,402.0,,DMSO
Sc1[nH]nc(n1)N=Nc1c([nH]c2c1cccc2)c1ccccc1,Sc1nc(N=Nc2c(-c3ccccc3)[nH]c3ccccc23)n[nH]1,411.0,,DMSO
Sc1[nH]nc(n1)N=Nc1c(c2ccccc2)n(c2c1cccc2)C,Cn1c(-c2ccccc2)c(N=Nc2n[nH]c(S)n2)c2ccccc21,394.0,,DMSO
NC(=N)c1ccc(cc1)OCCOCCOc1ccc(cc1)C(=N)N,N=C(N)c1ccc(OCCOCCOc2ccc(C(=N)N)cc2)cc1,327.0,,
O=C(c1cccc(c1O)O)c1ccccc1,O=C(c1ccccc1)c1cccc(O)c1O,327.0,,
COC(=O)C1=C(C)NC2=C(C1c1ccccc1Cl)C(=O)C(CC2)(C)C,COC(=O)C1=C(C)NC2=C(C(=O)C(C)(C)CC2)C1c1ccccc1Cl,367.0,,methanol
COC(=O)C1=C(C)NC2=C(C1c1cccc(c1)Cl)C(=O)C(CC2)(C)C,COC(=O)C1=C(C)NC2=C(C(=O)C(C)(C)CC2)C1c1cccc(Cl)c1,362.0,,methanol
COC(=O)C1=C(C)NC2=C(C1c1cccc(c1Cl)Cl)C(=O)C(CC2)(C)C,COC(=O)C1=C(C)NC2=C(C(=O)C(C)(C)CC2)C1c1cccc(Cl)c1Cl,367.0,,methanol
c1ccc2c(c1)NCC2,c1ccc2c(c1)CCN2,409.0,,
OC(=O)C=Cc1ccccc1,O=C(O)C=Cc1ccccc1,215.0,,
OC(=O)c1cc(O)c(c(c1)O)O,O=C(O)c1cc(O)c(O)c(O)c1,226.0,,
COc1cc(ccc1O)C(=O)O,COc1cc(C(=O)O)ccc1O,261.0,,
OC(=O)C=Cc1ccc(cc1)O,O=C(O)C=Cc1ccc(O)cc1,230.0,,
COc1cc(C=CC(=O)O)ccc1O,COc1cc(C=CC(=O)O)ccc1O,235.0,,
Oc1ccc(cc1)c1cc(=O)c2c(o1)cc(cc2O)O,O=c1cc(-c2ccc(O)cc2)oc2cc(O)cc(O)c12,224.0,,
Oc1cc(O)c2c(c1)oc(cc2=O)c1ccc(c(c1)O)O,O=c1cc(-c2ccc(O)c(O)c2)oc2cc(O)cc(O)c12,253.0,,
OCCc1ccc(cc1)O,OCCc1ccc(O)cc1,225.0,,
OC(=O)COc1cc2cc(oc2cc1N(CC(=O)O)CC(=O)O)c1ncc(o1)C(=O)O,O=C(O)COc1cc2cc(-c3ncc(C(=O)O)o3)oc2cc1N(CC(=O)O)CC(=O)O,369.0,22000.0,
CNc1ccccc1,CNc1ccccc1,260.0,,hexane
Nc1ccccc1,Nc1ccccc1,243.0,,hexane
CF,CF,277.0,,Cyclohexane
OC(=O)c1ccccc1Nc1cccc(c1)C(F)(F)F,O=C(O)c1ccccc1Nc1cccc(C(F)(F)F)c1,287.0,,Cyclohexane
OC(=O)c1ccccc1C(=O)Nc1cccc2c1cccc2,O=C(O)c1ccccc1C(=O)Nc1cccc2ccccc12,285.0,,Cyclohexane
OCCNCCO,OCCNCCO,455.0,,
CCc1cccc(c1NC(=O)n1cc2c(c1)C(=NC(=O)c1ccc(cc1)N1CCN(CC1)C)N=N2)CC,CCc1cccc(CC)c1NC(=O)n1cc2c(c1)C(=NC(=O)c1ccc(N3CCN(C)CC3)cc1)N=N2,435.0,,
C[Si](N1CCCC1)(C)C,C[Si](C)(C)N1CCCC1,445.0,,
CN([Si](C)(C)C)C,CN(C)[Si](C)(C)C,435.0,,
CCCNCCC,CCCNCCC,445.0,,
CCN(CC)CC,CCN(CC)CC,444.0,,
CN1CCCCC1,CN1CCCCC1,435.0,,
C[Si](N[Si](C)(C)C)(C)C,C[Si](C)(C)N[Si](C)(C)C,440.0,,
CN([Si](C)(C)C)[Si](C)(C)C,CN([Si](C)(C)C)[Si](C)(C)C,440.0,,
P,P,440.0,,
OC(=O)Cc1ccc(cc1)[N+](=O)[O-],O=C(O)Cc1ccc([N+](=O)[O-])cc1,545.0,,
Oc1ccc(cc1)[N+](=O)[O-],O=[N+]([O-])c1ccc(O)cc1,547.0,,
S,S,503.2,,
Nc1ccc(cc1)[N+](=O)[O-],Nc1ccc([N+](=O)[O-])cc1,545.0,,
O=C(c1ccccc1)c1ccccc1,O=C(c1ccccc1)c1ccccc1,526.0,,EtOAc
Brc1ccc(cc1)c1ccc(cc1)c1ccccc1,Brc1ccc(-c2ccc(-c3ccccc3)cc2)cc1,461.0,,EtOAc
CCOc1ccccc1C(=O)C(=O)c1ccccc1OCC,CCOc1ccccc1C(=O)C(=O)c1ccccc1OCC,476.0,,EtOAc
c1ccc2c(c1)cccc2,c1ccc2ccccc2c1,413.0,,EtOAc
OC1c2ccccc2C=Cc2c1cccc2,OC1c2ccccc2C=Cc2ccccc21,423.0,,EtOAc
c1ccc(cc1)C1=Cc2c(C1)cccc2,C1=C(c2ccccc2)Cc2ccccc21,380.0,,EtOAc
O=c1c2ccccc2sc2c1cccc2,O=c1c2ccccc2sc2ccccc12,635.0,,EtOAc
O=c1c2ccccc2oc2c1cccc2,O=c1c2ccccc2oc2ccccc12,633.0,,EtOAc
O=C(C(=O)c1ccccc1)c1ccccc1,O=C(C(=O)c1ccccc1)c1ccccc1,484.0,,EtOAc
CCC(c1ccc2c(c1)c(=O)c1c(o2)cccc1)(C)C,CCC(C)(C)c1ccc2oc3ccccc3c(=O)c2c1,642.0,,EtOAc
CCC(c1c2c(ccc1C(CC)(C)C)oc1c(c2=O)cccc1)(C)C,CCC(C)(C)c1ccc2oc3ccccc3c(=O)c2c1C(C)(C)CC,654.0,,EtOAc
O=c1oc2ccccc2cc1C(=O)c1ccccc1,O=C(c1ccccc1)c1cc2ccccc2oc1=O,414.0,,EtOAc
COC(=O)c1ccccc1C(=O)OC,COC(=O)c1ccccc1C(=O)OC,305.0,,EtOAc
COC(=O)c1cc(ccc1C(=O)OC)C(=O)OC,COC(=O)c1ccc(C(=O)OC)c(C(=O)OC)c1,311.0,,EtOAc
c1ccc2c(c1)oc1c2cccc1,c1ccc2c(c1)oc1ccccc12,393.0,,EtOAc
Clc1ccccc1c1ccccc1,Clc1ccccc1-c1ccccc1,356.0,,EtOAc
[O-]C(=O)Cc1ccccc1c1ccccc1,O=C([O-])Cc1ccccc1-c1ccccc1,371.0,,EtOAc
Brc1ccc(cc1)c1ccc(cc1)Br,Brc1ccc(-c2ccc(Br)cc2)cc1,399.0,,EtOAc
Brc1ccc2c(c1)Cc1c2ccc(c1)Br,Brc1ccc2c(c1)Cc1cc(Br)ccc1-2,411.0,,EtOAc
c1ccc(cc1)C#Cc1ccccc1,C(#Cc1ccccc1)c1ccccc1,406.0,,EtOAc
c1ccc2c(n1)c1ncccc1cc2,c1cnc2c(c1)ccc1cccnc12,440.0,,EtOAc
c1ccc2c(c1)cnc1c2cccc1,c1ccc2c(c1)cnc1ccccc12,462.0,,EtOAc
Brc1ccccc1c1ccc(cc1)c1ccccc1,Brc1ccccc1-c1ccc(-c2ccccc2)cc1,466.0,,EtOAc
CCOC(=O)c1ccc2c(c1)cccc2,CCOC(=O)c1ccc2ccccc2c1,425.0,,EtOAc
N#Cc1cc2ccccc2c2c1cccc2,N#Cc1cc2ccccc2c2ccccc12,489.0,,EtOAc
CCOC(=O)c1cccc2c1cccc2,CCOC(=O)c1cccc2ccccc12,443.0,,EtOAc
N#Cc1cccc2c1cccc2,N#Cc1cccc2ccccc12,443.0,,EtOAc
c1ccc(cc1)c1ncc(o1)c1ccccc1,c1ccc(-c2cnc(-c3ccccc3)o2)cc1,493.0,,EtOAc
c1ccc2c(c1)c1cccc3c1c2ccc3,c1ccc2c(c1)-c1cccc3cccc-2c13,394.0,,EtOAc
Cc1cc(C)c(c(c1)C)Nc1c(cc2c3c1cccc3c(=O)n(c2=O)c1c(C)cc(cc1C)C)[N+](=O)[O-],Cc1cc(C)c(Nc2c([N+](=O)[O-])cc3c4c(cccc24)C(=O)N(c2c(C)cc(C)cc2C)C3=O)c(C)c1,442.0,,
CC(c1cccc(c1Nc1c2cccc3c2c(cc1[N+](=O)[O-])c(=O)n(c3=O)c1c(cccc1C(C)C)C(C)C)C(C)C)C,CC(C)c1cccc(C(C)C)c1Nc1c([N+](=O)[O-])cc2c3c(cccc13)C(=O)N(c1c(C(C)C)cccc1C(C)C)C2=O,441.0,,
CNc1c2cccc3c2c(cc1[N+](=O)[O-])c(=O)n(c3=O)C,CNc1c([N+](=O)[O-])cc2c3c(cccc13)C(=O)N(C)C2=O,441.0,,
[O-][N+](=O)c1cc2c3c(c1NC(C)(C)C)cccc3c(=O)n(c2=O)C(C)(C)C,CC(C)(C)Nc1c([N+](=O)[O-])cc2c3c(cccc13)C(=O)N(C(C)(C)C)C2=O,387.0,,
N#CCC#N,N#CCC#N,380.0,88990.0,
O=c1cc[nH]c2c1cccc2,O=c1cc[nH]c2ccccc12,290.0,,Dimethylsulfoxide
O=C1CC=NC=C1,O=C1C=CN=CC1,313.0,,Dimethylsulfoxide
CCOC(=O)c1c[nH]c2c(c1=O)cc(cc2[N+](=O)[O-])F,CCOC(=O)c1c[nH]c2c([N+](=O)[O-])cc(F)cc2c1=O,268.0,,Dimethylsulfoxide
Brc1nc2cscc2nc1Br,Brc1nc2cscc2nc1Br,360.0,,
CCCCCCC(=O)N,CCCCCCC(N)=O,531.0,,
OC[C@H]1O[C@H]([C@@H]([C@@H]1O)O)N1CNc2c1[nH]cnc2=O,O=c1nc[nH]c2c1NCN2[C@@H]1O[C@H](CO)[C@@H](O)[C@H]1O,561.0,,
N#CC(=Cc1ccc(s1)c1ccc(s1)c1ccc(s1)c1ccc(cc1)N(c1ccccc1)c1ccccc1)C(=O)O,N#CC(=Cc1ccc(-c2ccc(-c3ccc(-c4ccc(N(c5ccccc5)c5ccccc5)cc4)s3)s2)s1)C(=O)O,385.0,,
Cc1cc(sc1c1ccc(s1)c1sc(cc1C)C=C(C(=O)O)C#N)c1ccc(cc1)N(c1ccccc1)c1ccccc1,Cc1cc(C=C(C#N)C(=O)O)sc1-c1ccc(-c2sc(-c3ccc(N(c4ccccc4)c4ccccc4)cc3)cc2C)s1,381.0,,
OCCC(=C(N(Cc1cnc(nc1N)C)C=O)C)SSCCC,CCCSSC(CCO)=C(C)N(C=O)Cc1cnc(C)nc1N,475.0,69183.09709,
NC1NC(N)C2C(N1)CC[C@@H](C2)CN1CCC2C1CCCC2,NC1NC(N)C2C[C@@H](CN3CCC4CCCCC43)CCC2N1,370.0,,
Cc1ccc(cc1)C(C)(C)C,Cc1ccc(C(C)(C)C)cc1,370.0,,
c1ccc(cc1)C(=C(c1ccccc1)c1ccccc1)c1ccccc1,c1ccc(C(=C(c2ccccc2)c2ccccc2)c2ccccc2)cc1,299.0,,
CN1[C@@H]2CC[C@H]1CC(=O)C2,CN1[C@@H]2CC[C@H]1CC(=O)C2,349.0,,
CO[C@@H]1[C@H](O)[C@H](O[C@H]1n1ccc(nc1=O)N)COP(=O)(O)O,CO[C@@H]1[C@H](O)[C@@H](COP(=O)(O)O)O[C@H]1n1ccc(N)nc1=O,471.2,,
Oc1ccc(c2c1C(=O)c1c(C2=O)c(O)ccc1N)NC(=O)c1ccccc1,Nc1ccc(O)c2c1C(=O)c1c(O)ccc(NC(=O)c3ccccc3)c1C2=O,240.0,,
C[C@H](CNc1ncnc2c1c(c1ccccc1)c([nH]2)c1ccccc1)O,C[C@@H](O)CNc1ncnc2[nH]c(-c3ccccc3)c(-c3ccccc3)c12,460.0,,DMF
OC[C@@H](CNc1ncnc2c1c(c1ccccc1)c([nH]2)c1ccccc1)O,OC[C@H](O)CNc1ncnc2[nH]c(-c3ccccc3)c(-c3ccccc3)c12,470.0,,THF
COC(=O)c1c(C(=O)OC)c2n(c1C)nc(cc2)C,COC(=O)c1c(C(=O)OC)c2ccc(C)nn2c1C,380.4,,cyclohexane
COC(=O)c1c(C(=O)OC)c2n(c1CC)nc(cc2)c1ccccc1,CCc1c(C(=O)OC)c(C(=O)OC)c2ccc(-c3ccccc3)nn12,386.0,,cyclohexane
COc1cc(OC)cc2c1cc(c1ccccc1)c(=O)o2,COc1cc(OC)c2cc(-c3ccccc3)c(=O)oc2c1,348.0,,chloroform
COc1ccc2c(c1)oc(=O)c(c2)c1cscc1,COc1ccc2cc(-c3ccsc3)c(=O)oc2c1,372.0,,chloroform
N=C1Cc2ccccc2OC1=O,N=C1Cc2ccccc2OC1=O,366.0,,chloroform
N=C1C(=O)Oc2c(C1=N)cccc2,N=C1C(=N)c2ccccc2OC1=O,374.0,,chloroform
CCN(c1ccc2c(c1)[o+]c1c(c2c2ccccc2C(=O)O)ccc(c1)N(CC)CC)CC.[Cl-],CCN(CC)c1ccc2c(-c3ccccc3C(=O)O)c3ccc(N(CC)CC)cc3[o+]c2c1.[Cl-],544.5,,EtOH
SCCC(=O)Nc1ccc2c(c1)c(ncn2)Nc1ccccc1,O=C(CCS)Nc1ccc2ncnc(Nc3ccccc3)c2c1,545.0,,EtOH
c1ccc(cc1)B1C=CC(C1(c1ccccc1)c1ccccc1)(c1ccccc1)c1ccccc1,C1=CC(c2ccccc2)(c2ccccc2)C(c2ccccc2)(c2ccccc2)B1c1ccccc1,560.0,,
Oc1ccc(cc1C=Nc1nccc(c1)C(=O)O)N=Nc1ccc(cc1)[N+](=O)[O-],O=C(O)c1ccnc(N=Cc2cc(N=Nc3ccc([N+](=O)[O-])cc3)ccc2O)c1,448.0,,Water
Oc1ccc(cc1C=Nc1c(cc(cc1C(C)C)S(=O)(=O)O)C(C)C)N=Nc1ccc(cc1)[N+](=O)[O-],CC(C)c1cc(S(=O)(=O)O)cc(C(C)C)c1N=Cc1cc(N=Nc2ccc([N+](=O)[O-])cc2)ccc1O,380.0,,Chloroform
N#CC(=C(c1ccccc1)C=Cc1cc2c3ccccc3n(c2cc1OC)C)C#N,COc1cc2c(cc1C=CC(=C(C#N)C#N)c1ccccc1)c1ccccc1n2C,476.0,,DMSO
N#CC(=Cc1cc2c(cc1OC)n(c1c2cccc1)C)c1nc2c(s1)cccc2,COc1cc2c(cc1C=C(C#N)c1nc3ccccc3s1)c1ccccc1n2C,443.0,,DMSO
S=C=S,S=C=S,419.0,,DCM
COc1ccc2c(c1c1c(OC)ccc3c1ccc(c3)C(C)(C)C)ccc(c2)C(C)(C)C,COc1ccc2cc(C(C)(C)C)ccc2c1-c1c(OC)ccc2cc(C(C)(C)C)ccc12,342.0,,CH 2 Cl 2 + 0.2 mmol l − 1 Bu 4 NBF
c1cc2cccc3c2c(c1)c1cccc2c1c3ccc2,c1cc2cccc3c4cccc5cccc(c(c1)c23)c54,450.0,,CH 2 Cl 2 + 0.2 mmol l − 1 Bu 4 NBF
CC[NH+](CCON=C(c1ccc(cc1)C)C)CC.[Cl-],CC[NH+](CC)CCON=C(C)c1ccc(C)cc1.[Cl-],370.0,,
CCN(C(=O)[C@H]1CN(C)[C@H]2C(=C1)c1cccc3c1c(C2)c[nH]3)CC,CCN(CC)C(=O)[C@@H]1C=C2c3cccc4[nH]cc(c34)C[C@H]2N(C)C1,550.0,,
OC(=O)[C@H]1O[C@@H](Oc2cc(O)c3c(c2)oc(cc3=O)c2ccc(c(c2)O)O)[C@@H]([C@H]([C@@H]1O)O)O,O=C(O)[C@H]1O[C@@H](Oc2cc(O)c3c(=O)cc(-c4ccc(O)c(O)c4)oc3c2)[C@H](O)[C@@H](O)[C@@H]1O,343.0,,
OC(=O)C=Cc1ccc(c(c1)O)O,O=C(O)C=Cc1ccc(O)c(O)c1,324.5,,
OC(=O)C(C(C(=O)C=Cc1ccc(cc1)O)(C(=O)O)O)O,O=C(O)C(O)C(O)(C(=O)O)C(=O)C=Cc1ccc(O)cc1,314.9,,
O=C(O[C@@H](C(=O)O)Cc1ccc(c(c1)O)O)C=Cc1ccc(c(c1)O)O,O=C(C=Cc1ccc(O)c(O)c1)O[C@H](Cc1ccc(O)c(O)c1)C(=O)O,329.0,,
c1ccc(cc1)c1nc(nnc1c1ccccc1)c1ccc(cc1)c1nnc(c(n1)c1ccccc1)c1ccccc1,c1ccc(-c2nnc(-c3ccc(-c4nnc(-c5ccccc5)c(-c5ccccc5)n4)cc3)nc2-c2ccccc2)cc1,276.0,,
c1ccc2c(c1)oc(n2)c1ccc(cc1)c1nc2c([nH]1)c1ccccc1c1c2cccc1,c1ccc2oc(-c3ccc(-c4nc5c6ccccc6c6ccccc6c5[nH]4)cc3)nc2c1,376.0,,
c1ccc(cc1)c1[nH]c(nc1c1ccccc1)c1ccc(cc1)c1nc2c(o1)cccc2,c1ccc(-c2nc(-c3ccc(-c4nc5ccccc5o4)cc3)[nH]c2-c2ccccc2)cc1,357.0,,
c1ccc(cc1)C=Cc1nc2c([nH]1)c1ccccc1c1c2cccc1,C(=Cc1nc2c3ccccc3c3ccccc3c2[nH]1)c1ccccc1,367.0,,
O,O,330.0,16982.43652,
O=C1OC(=O)C(=C1c1c(C)sc2c1cccc2)c1c(C)sc2c1cccc2,Cc1sc2ccccc2c1C1=C(c2c(C)sc3ccccc23)C(=O)OC1=O,403.0,,
O=C1N(C)C(=O)C(=C1c1c(C)sc2c1cccc2)c1c(C)sc2c1cccc2,Cc1sc2ccccc2c1C1=C(c2c(C)sc3ccccc23)C(=O)N(C)C1=O,397.0,,
O=C1C(=C(C(=O)N1C)c1c(C)sc2c1cccc2)c1c(C)[nH]c2c1cccc2,Cc1[nH]c2ccccc2c1C1=C(c2c(C)sc3ccccc23)C(=O)N(C)C1=O,447.0,,
CCCn1c(C)c(c2c1cccc2)C1=C(C(=O)N(C1=O)C)c1c(C)sc2c1cccc2,CCCn1c(C)c(C2=C(c3c(C)sc4ccccc34)C(=O)N(C)C2=O)c2ccccc21,454.0,,
COc1ccc2c(c1)ccc(c2)C=Cc1ccnc(n1)c1ccccc1,COc1ccc2cc(C=Cc3ccnc(-c4ccccc4)n3)ccc2c1,351.0,,
CN(c1ccc2c(c1)[s+]c1c(n2)ccc(c1)N(C)C)C.[Cl-],CN(C)c1ccc2nc3ccc(N(C)C)cc3[s+]c2c1.[Cl-],365.0,,
SC[C@H](C(=O)NCC(=O)O)Cc1ccccc1,O=C(O)CNC(=O)[C@@H](CS)Cc1ccccc1,365.0,,
CCCCO,CCCCO,425.0,,Butanol
C(CCn1c(=O)c2c(c1c1cccs1)c(=O)n(c2c1cccs1)C(C)CC)CC,CCCCCN1C(=O)C2=C(c3cccs3)N(C(C)CC)C(=O)C2=C1c1cccs1,549.0,,
Cn1c(=O)c2c(c1c1ccc(s1)c1ccc(cc1)OC)c(=O)n(c2c1ccc(s1)c1ccc(cc1)OC)C,COc1ccc(-c2ccc(C3=C4C(=O)N(C)C(c5ccc(-c6ccc(OC)cc6)s5)=C4C(=O)N3C)s2)cc1,605.0,,
C(CCn1c(=O)c2c(c1c1ccc(s1)c1ccc(cc1)OC)c(=O)n(c2c1ccc(s1)c1ccc(cc1)OC)C(C)CC)CC,CCCCCN1C(=O)C2=C(c3ccc(-c4ccc(OC)cc4)s3)N(C(C)CC)C(=O)C2=C1c1ccc(-c2ccc(OC)cc2)s1,568.0,,
Nc1nc(=O)c2c([nH]1)n(C(P(=O)(O)O)(F)F)cn2,Nc1nc(=O)c2ncn(C(F)(F)P(=O)(O)O)c2[nH]1,397.0,,CH 2 Cl
O=c1ccc2c([nH]1)cccc2,O=c1ccc2ccccc2[nH]1,437.0,,
c1ccc(cc1)c1ccc2c(c1)cc1c(c2)cccc1,c1ccc(-c2ccc3cc4ccccc4cc3c2)cc1,317.0,,
CC1(C)c2cc3cc4ccccc4cc3cc2c2c1cccc2,CC1(C)c2ccccc2-c2cc3cc4ccccc4cc3cc21,338.0,,
c1ccc2c(c1)cc1c(c2)cc2c(c1)c1ccccc1o2,c1ccc2cc3cc4c(cc3cc2c1)oc1ccccc14,352.0,,
c1ccc2c(c1)cc1c(c2)cc2c(c1)c1ccccc1s2,c1ccc2cc3cc4c(cc3cc2c1)sc1ccccc14,344.0,,
CCCc1ccc2c(c1)c1cc3cc4ccccc4cc3cc1n2CC,CCCc1ccc2c(c1)c1cc3cc4ccccc4cc3cc1n2CC,360.0,,
CCOC(=O)c1ccn2c(c1)nc1c2cccc1,CCOC(=O)c1ccn2c(c1)nc1ccccc12,248.0,42213.0,dichloromethane
CCOC(=O)c1cc2nc3c(n2cc1C)cccc3,CCOC(=O)c1cc2nc3ccccc3n2cc1C,253.0,49202.0,dichloromethane
CCOC(=O)c1ccn2c(c1C)nc1c2cccc1,CCOC(=O)c1ccn2c(nc3ccccc32)c1C,250.0,40822.0,dichloromethane
CCOC(=O)c1c(C)cn2c(c1C)nc1c2cccc1,CCOC(=O)c1c(C)cn2c(nc3ccccc32)c1C,250.0,55090.0,dichloromethane
CCOC(=O)c1ccn2c(c1c1ccccc1)nc1c2cccc1,CCOC(=O)c1ccn2c(nc3ccccc32)c1-c1ccccc1,256.0,45612.0,dichloromethane
CCOC(=O)c1c(C)cn2c(c1c1ccccc1)nc1c2cccc1,CCOC(=O)c1c(C)cn2c(nc3ccccc32)c1-c1ccccc1,253.0,48410.0,dichloromethane
CCOC(=O)c1ccn2c(c1C)nc1c2cc(c(c1)C)C,CCOC(=O)c1ccn2c(nc3cc(C)c(C)cc32)c1C,252.0,38855.0,dichloromethane
CCOC(=O)c1c(C)cn2c(c1C)nc1c2cc(c(c1)C)C,CCOC(=O)c1c(C)cn2c(nc3cc(C)c(C)cc32)c1C,251.0,47854.0,dichloromethane
CCOC(=O)c1ccn2c(c1c1ccccc1)nc1c2cc(c(c1)C)C,CCOC(=O)c1ccn2c(nc3cc(C)c(C)cc32)c1-c1ccccc1,228.0,33071.0,dichloromethane
CCOC(=O)c1c(C)cn2c(c1c1ccccc1)nc1c2cc(c(c1)C)C,CCOC(=O)c1c(C)cn2c(nc3cc(C)c(C)cc32)c1-c1ccccc1,258.0,46168.0,dichloromethane
[H],[H],477.0,,chloroform
Nc1ccc2c(c1)[n+](C)c1c(c2)ccc(c1)N.[Cl-],C[n+]1c2cc(N)ccc2cc2ccc(N)cc21.[Cl-],365.0,,
Fc1c[nH]c(=O)[nH]c1=O,O=c1[nH]cc(F)c(=O)[nH]1,269.0,,
CN([C@@H]1C(=O)C(=C(O)N)C(=O)[C@@]2([C@H]1C[C@H]1C(=C(O)c3c([C@@]1(C)O)cccc3O)C2=O)O)C,CN(C)[C@@H]1C(=O)C(=C(N)O)C(=O)[C@@]2(O)C(=O)C3=C(O)c4c(O)cccc4[C@@](C)(O)[C@H]3C[C@@H]12,369.0,,
Cc1cc(O)c2c(c1)C(=O)c1c(C2=O)c(O)cc(c1)O,Cc1cc(O)c2c(c1)C(=O)c1cc(O)cc(O)c1C2=O,267.0,,
c1ccc2c(c1)Cc1c2c2Cc3c(c2c2c1c1ccccc1C2)cccc3,c1ccc2c(c1)Cc1c-2c2c(c3c1-c1ccccc1C3)-c1ccccc1C2,298.0,49500.0,N
O=C1c2ccccc2C(=O)c2c1ccc(c2O)O,O=C1c2ccccc2C(=O)c2c1ccc(O)c2O,429.0,,
Oc1c(O)cc(c2c1C(=O)c1ccccc1C2=O)O,O=C1c2ccccc2C(=O)c2c(O)c(O)cc(O)c21,482.0,,
CCOc1ccc2c(c1O)C(=O)c1c(C2=O)cccc1,CCOc1ccc2c(c1O)C(=O)c1ccccc1C2=O,425.0,,
Oc1c(OCc2ccccc2)ccc2c1C(=O)c1ccccc1C2=O,O=C1c2ccccc2C(=O)c2c1ccc(OCc1ccccc1)c2O,423.0,,
O=C1c2c(OCc3ccccc3)c(OCc3ccccc3)ccc2C(=O)c2c1cccc2,O=C1c2ccccc2C(=O)c2c1ccc(OCc1ccccc1)c2OCc1ccccc1,375.0,,
COC(=O)CCCOc1ccc2c(c1O)C(=O)c1c(C2=O)cccc1,COC(=O)CCCOc1ccc2c(c1O)C(=O)c1ccccc1C2=O,424.0,,
Oc1c(OCc2ccccc2)cc(c2c1C(=O)c1ccccc1C2=O)O,O=C1c2ccccc2C(=O)c2c(O)c(OCc3ccccc3)cc(O)c21,480.0,,
O=C1c2c(OCc3ccccc3)c(OCc3ccccc3)cc(c2C(=O)c2c1cccc2)O,O=C1c2ccccc2C(=O)c2c(OCc3ccccc3)c(OCc3ccccc3)cc(O)c21,429.0,,
COC(=O)CCCOc1cc(O)c2c(c1O)C(=O)c1c(C2=O)cccc1,COC(=O)CCCOc1cc(O)c2c(c1O)C(=O)c1ccccc1C2=O,480.0,,
O=C(Nc1cccc2c1cc1ccccc1c2)Nc1ccccc1,O=C(Nc1ccccc1)Nc1cccc2cc3ccccc3cc12,476.0,,
O=C(Nc1ccc2c(c1)cc1c(c2)cccc1)Nc1ccccc1,O=C(Nc1ccccc1)Nc1ccc2cc3ccccc3cc2c1,449.0,,
c1ccc(cc1)c1[nH]c(nc1c1ccccc1)c1ccc(s1)c1nc(c([nH]1)c1ccccc1)c1ccccc1,c1ccc(-c2nc(-c3ccc(-c4nc(-c5ccccc5)c(-c5ccccc5)[nH]4)s3)[nH]c2-c2ccccc2)cc1,385.0,,MeCN
Cn1c(nc(c1c1ccccc1)c1ccccc1)c1ccc(s1)c1nc(c(n1C)c1ccccc1)c1ccccc1,Cn1c(-c2ccc(-c3nc(-c4ccccc4)c(-c4ccccc4)n3C)s2)nc(-c2ccccc2)c1-c1ccccc1,365.0,,MeCN
c1ccc(cc1)c1nc(c([nH]1)c1ccccc1)c1ccccc1,c1ccc(-c2nc(-c3ccccc3)c(-c3ccccc3)[nH]2)cc1,312.0,,MeCN
OC(=O)c1ccc2c3c1ccc1c3c(cc2)ccc1,O=C(O)c1ccc2ccc3cccc4ccc1c2c34,323.0,,Toluene
OCc1ccc2c3c1ccc1c3c(cc2)ccc1,OCc1ccc2ccc3cccc4ccc1c2c34,316.0,,Toluene
c1cccnc1,c1ccncc1,296.0,,Toluene
OC(=O)CC[C@@H](C(=O)O)NCc1c(cnc(c1O)C)COP(=O)(O)O,Cc1ncc(COP(=O)(O)O)c(CN[C@@H](CCC(=O)O)C(=O)O)c1O,591.0,,
N#CC(=C1C=C(C=Cc2ccc(cc2)N(C)C)OC(=C1)C=Cc1ccc(cc1)N(C)C)C(=O)O,CN(C)c1ccc(C=CC2=CC(=C(C#N)C(=O)O)C=C(C=Cc3ccc(N(C)C)cc3)O2)cc1,459.0,,
N#CC(=C1C=C(C=Cc2ccc(cc2)N(c2ccccc2)c2ccccc2)OC(=C1)C=Cc1ccc(cc1)N(c1ccccc1)c1ccccc1)C(=O)O,N#CC(C(=O)O)=C1C=C(C=Cc2ccc(N(c3ccccc3)c3ccccc3)cc2)OC(C=Cc2ccc(N(c3ccccc3)c3ccccc3)cc2)=C1,460.0,,
O=C(c1ccc2c(c1)c(=O)c1c(o2)cccc1)c1ccccc1,O=C(c1ccccc1)c1ccc2oc3ccccc3c(=O)c2c1,315.0,,MeCN
COc1ccc(c(c1)O)C=Nc1ccccc1,COc1ccc(C=Nc2ccccc2)c(O)c1,365.0,,
C(COc1cc(C=Cc2ccc(cc2)N(C)C)c(cc1C=Cc1ccc(cc1)N(C)C)OCC(C)CC)CC,CCCCOc1cc(C=Cc2ccc(N(C)C)cc2)c(OCC(C)CC)cc1C=Cc1ccc(N(C)C)cc1,419.0,,
C(COc1cc(C=Cc2ccc(cc2)OC)c(cc1C=Cc1ccc(cc1)OC)OCC(C)CC)CC,CCCCOc1cc(C=Cc2ccc(OC)cc2)c(OCC(C)CC)cc1C=Cc1ccc(OC)cc1,394.0,,
C(COc1cc(C=Cc2ccc(cc2)C)c(cc1C=Cc1ccc(cc1)C)OCC(C)CC)CC,CCCCOc1cc(C=Cc2ccc(C)cc2)c(OCC(C)CC)cc1C=Cc1ccc(C)cc1,391.0,,
C(COc1cc(C=Cc2ccc(cc2)Cl)c(cc1C=Cc1ccc(cc1)Cl)OCC(C)CC)CC,CCCCOc1cc(C=Cc2ccc(Cl)cc2)c(OCC(C)CC)cc1C=Cc1ccc(Cl)cc1,396.0,,
C(COc1cc(C=Cc2ccc(cc2)C#N)c(cc1C=Cc1ccc(cc1)C#N)OCC(C)CC)CC,CCCCOc1cc(C=Cc2ccc(C#N)cc2)c(OCC(C)CC)cc1C=Cc1ccc(C#N)cc1,415.0,,
C(COc1cc(C=Cc2ccc(cc2)[N+](=O)[O-])c(cc1C=Cc1ccc(cc1)[N+](=O)[O-])OCC(C)CC)CC,CCCCOc1cc(C=Cc2ccc([N+](=O)[O-])cc2)c(OCC(C)CC)cc1C=Cc1ccc([N+](=O)[O-])cc1,444.0,,
Nc1ccc(cc1)S(=O)(=O)Nc1noc(c1)C,Cc1cc(NS(=O)(=O)c2ccc(N)cc2)no1,278.0,,
CNCCC(c1ccccc1)Oc1ccc(cc1)C(F)(F)F,CNCCC(Oc1ccc(C(F)(F)F)cc1)c1ccccc1,385.0,,
Cc1ccc(c(c1)OC(C(=O)O)(C)C)C,Cc1ccc(C)c(OC(C)(C)C(=O)O)c1,830.0,,
COc1ccc2c(c1)ccc(c2)C(C(=O)O)C,COc1ccc2cc(C(C)C(=O)O)ccc2c1,252.0,,
OCCn1c(C)ncc1[N+](=O)[O-],Cc1ncc([N+](=O)[O-])n1CCO,720.0,,
OC(=O)C(Oc1ccc(cc1)Cl)(C)C,CC(C)(Oc1ccc(Cl)cc1)C(=O)O,601.0,,
CNC(=C[N+](=O)[O-])NCCSCc1ccc(o1)CN(C)C,CNC(=C[N+](=O)[O-])NCCSCc1ccc(CN(C)C)o1,299.0,,
c1ccc2c(c1)Cc1c2cccc1,c1ccc2c(c1)Cc1ccccc1-2,375.0,,
CN=Cc1cccs1,CN=Cc1cccs1,253.0,,
CN=Cc1ccc2c(c1)Cc1c2cccc1,CN=Cc1ccc2c(c1)Cc1ccccc1-2,305.0,,
C1(C)c2cc(C=NC)ccc2c2c1cc(C=NC)cc2,CN=Cc1ccc2c(c1)C(C)c1cc(C=NC)ccc1-2,306.0,,
c1ccc(cc1)CN=Cc1ccc2c(c1)Cc1c2cccc1,C(=NCc1ccccc1)c1ccc2c(c1)Cc1ccccc1-2,307.0,,
CCn1cc(C(=O)O)c(=O)c2c1cc(N1CCNCC1)c(c2)F,CCn1cc(C(=O)O)c(=O)c2cc(F)c(N3CCNCC3)cc21,273.0,,
FC1(F)C(F)(F)C(=C(C1(F)F)c1cc(sc1C#Cc1ccccc1)c1ccccc1)c1cc(sc1C#Cc1ccccc1)c1ccccc1,FC1(F)C(c2cc(-c3ccccc3)sc2C#Cc2ccccc2)=C(c2cc(-c3ccccc3)sc2C#Cc2ccccc2)C(F)(F)C1(F)F,308.0,,
Cc1ccc(cc1)c1cc(c(s1)C#Cc1ccccc1)C1=C(c2cc(sc2C#Cc2ccccc2)c2ccc(cc2)C)C(C(C1(F)F)(F)F)(F)F,Cc1ccc(-c2cc(C3=C(c4cc(-c5ccc(C)cc5)sc4C#Cc4ccccc4)C(F)(F)C(F)(F)C3(F)F)c(C#Cc3ccccc3)s2)cc1,312.0,,
O=C(c1ccccc1)c1ccc(cc1)c1scc(c1)NC(=O)C(=C)C,C=C(C)C(=O)Nc1csc(-c2ccc(C(=O)c3ccccc3)cc2)c1,251.0,,chloroform
Clc1ccc(cc1)C(=O)c1ccc(cc1)c1scc(c1)NC(=O)C(=C)C,C=C(C)C(=O)Nc1csc(-c2ccc(C(=O)c3ccc(Cl)cc3)cc2)c1,256.0,,chloroform
CN(CCC=C1c2ccccc2Sc2c1cc(Cl)cc2)C,CN(C)CCC=C1c2ccccc2Sc2ccc(Cl)cc21,620.0,,
CN(c1ccc(cc1)C=Cc1ccc(c(c1)O)[N+](=O)[O-])C,CN(C)c1ccc(C=Cc2ccc([N+](=O)[O-])c(O)c2)cc1,462.0,,Cyclohexane
c1ccc(cc1)C=Cc1ccccc1,C(=Cc1ccccc1)c1ccccc1,412.0,,THF
CCCCCCCCCCCCOS(=O)(=O)[O-].[Na+],CCCCCCCCCCCCOS(=O)(=O)[O-].[Na+],406.0,,
OCCOc1ccc(cc1)C(CC(C)(C)C)(C)C,CC(C)(C)CC(C)(C)c1ccc(OCCO)cc1,405.0,,
CCCCCCCCCCCCCCCC[N+](C)(C)C.[Br-],CCCCCCCCCCCCCCCC[N+](C)(C)C.[Br-],401.0,,
CCN1c2cc(sc2C(C21C=Cc1c(O2)ccc(c1)[N+](=O)[O-])(C)C)C,CCN1c2cc(C)sc2C(C)(C)C12C=Cc1cc([N+](=O)[O-])ccc1O2,613.0,,Toluene
COC(=O)c1c(C)sc2c1N(C)C1(C2(C)C)C=Cc2c(O1)ccc1c2cccc1,COC(=O)c1c(C)sc2c1N(C)C1(C=Cc3c(ccc4ccccc34)O1)C2(C)C,564.0,,Toluene
Cc1ccc(cc1)OP(=O)(Oc1ccc(cc1)C)Oc1ccc(cc1)C,Cc1ccc(OP(=O)(Oc2ccc(C)cc2)Oc2ccc(C)cc2)cc1,414.0,,
c1ccc(cc1)N(c1ccccc1)c1ccccc1,c1ccc(N(c2ccccc2)c2ccccc2)cc1,300.0,,
Cc1cc2nc3c(nc2cc1C)[nH]c(=O)[nH]c3=O,Cc1cc2nc3[nH]c(=O)[nH]c(=O)c3nc2cc1C,348.0,,
Cc1nc2csc(c2nc1C)[Si](C)(C)C,Cc1nc2csc([Si](C)(C)C)c2nc1C,350.0,19700.0,
Cc1nc2c(sc(c2nc1C)c1cccs1)c1cccs1,Cc1nc2c(-c3cccs3)sc(-c3cccs3)c2nc1C,505.0,9400.0,
Cc1nc2c(nc1C)c(sc2[Si](C)(C)C)c1ccc(s1)c1sc(c2c1nc(C)c(n2)C)[Si](C)(C)C,Cc1nc2c(-c3ccc(-c4sc([Si](C)(C)C)c5nc(C)c(C)nc45)s3)sc([Si](C)(C)C)c2nc1C,527.0,,
Cc1nc2c(nc1C)c(sc2c1scc2c1OCCO2)c1scc2c1OCCO2,Cc1nc2c(-c3scc4c3OCCO4)sc(-c3scc4c3OCCO4)c2nc1C,537.0,7800.0,
Cc1nc2c(nc1C)c(sc2[Si](C)(C)C)c1sc(c2c1OCCO2)c1sc(c2c1nc(C)c(n2)C)[Si](C)(C)C,Cc1nc2c(-c3sc(-c4sc([Si](C)(C)C)c5nc(C)c(C)nc45)c4c3OCCO4)sc([Si](C)(C)C)c2nc1C,548.0,,
Nc1ccc2c(c1)c(c1ccccc1)[n+](c1c2ccc(c1)N)C,C[n+]1c(-c2ccccc2)c2cc(N)ccc2c2ccc(N)cc21,478.0,,Water
[n-]1cccn1,c1cn[n-]c1,700.0,,Water
N#CC(=Cc1ccc(cc1)C#Cc1ccc2c(c1)C(CC)(CC)c1c2ccc(c1)N(c1ccccc1)c1ccccc1)C(=O)O,CCC1(CC)c2cc(C#Cc3ccc(C=C(C#N)C(=O)O)cc3)ccc2-c2ccc(N(c3ccccc3)c3ccccc3)cc21,583.0,,THF
N#CC(=Cc1cccc(c1)C#Cc1ccc2c(c1)C(CC)(CC)c1c2ccc(c1)N(c1ccccc1)c1ccccc1)C(=O)O,CCC1(CC)c2cc(C#Cc3cccc(C=C(C#N)C(=O)O)c3)ccc2-c2ccc(N(c3ccccc3)c3ccccc3)cc21,418.1,,THF
N#CC(=Cc1ccc(cc1)C#Cc1ccc2c(c1)C(CC)(CC)c1c2ccc(c1)N(c1ccccc1)c1ccccc1)C#N,CCC1(CC)c2cc(C#Cc3ccc(C=C(C#N)C#N)cc3)ccc2-c2ccc(N(c3ccccc3)c3ccccc3)cc21,626.4,,THF
N#CC(=Cc1ccc(s1)C#Cc1ccc2c(c1)C(CC)(CC)c1c2ccc(c1)N(c1ccccc1)c1ccccc1)C#N,CCC1(CC)c2cc(C#Cc3ccc(C=C(C#N)C#N)s3)ccc2-c2ccc(N(c3ccccc3)c3ccccc3)cc21,632.3,,THF
O=C1NC(Nc2c1cccc2)c1ccccn1,O=C1NC(c2ccccn2)Nc2ccccc21,340.0,,chloroform
O=C1NC(Nc2c1cccc2)c1cccnc1,O=C1NC(c2cccnc2)Nc2ccccc21,332.2,,chloroform
O=C1NC(Nc2c1cccc2)c1ccncc1,O=C1NC(c2ccncc2)Nc2ccccc21,340.0,,chloroform
Cc1ccc(o1)C1NC(=O)c2c(N1)cccc2,Cc1ccc(C2NC(=O)c3ccccc3N2)o1,329.8,,chloroform
[Cu],[Cu],485.0,,chloroform
O=C1N=C(OC1c1ccccc1)N,NC1=NC(=O)C(c2ccccc2)O1,351.0,,
CSC[C@H]1O[C@H]([C@@H]([C@@H]1O)O)n1ccc2c1ncnc2N,CSC[C@H]1O[C@@H](n2ccc3c(N)ncnc32)[C@H](O)[C@@H]1O,450.0,,acetone
CC(Cn1cnc2c1c(=O)n(C)c(=O)n2C)O,CC(O)Cn1cnc2c1c(=O)n(C)c(=O)n2C,419.0,,
[SiH2]=[Mo]=[SiH2],[SiH2]=[Mo]=[SiH2],448.0,,acetone
OC(=O)C(=O)O,O=C(O)C(=O)O,605.0,,
O=c1ccoc(c1O)C,Cc1occc(=O)c1O,445.0,,
OCc1occ(c(=O)c1)O,O=c1cc(CO)occ1O,425.0,,
OC(c1ccc(cc1)Br)CC(=O)C,CC(=O)CC(O)c1ccc(Br)cc1,262.0,,
OC(c1ccccc1)CC(=O)C,CC(=O)CC(O)c1ccccc1,257.0,,
CC(=O)CC(c1cccc2c1cccc2)O,CC(=O)CC(O)c1cccc2ccccc12,243.0,,
[SiH4],[SiH4],334.0,,
[O-]C(=O)C[S+](C)C,C[S+](C)CC(=O)[O-],432.0,,water
[N-]=[N+]=CC(=O)OCc1cccc(c1)SSc1ccccn1,[N-]=[N+]=CC(=O)OCc1cccc(SSc2ccccn2)c1,295.0,,
[N-]=[N+]=CC(=O)OCc1ccc(cc1)SSc1ccccn1,[N-]=[N+]=CC(=O)OCc1ccc(SSc2ccccn2)cc1,295.0,,
COC(=O)C1=C(SC(=C(c2ccccn2)c2ccccn2)S1)C(=O)OC,COC(=O)C1=C(C(=O)OC)SC(=C(c2ccccn2)c2ccccn2)S1,306.0,15082.0,
Nc1ccc(cc1N)c1ccc(c(c1)N)N.[Cl-].[Cl-].[Cl-].[Cl-].[H+].[H+].[H+].[H+],Nc1ccc(-c2ccc(N)c(N)c2)cc1N.[Cl-].[Cl-].[Cl-].[Cl-].[H+].[H+].[H+].[H+],475.0,,
NC(=O)[C@H](Cc1cc(NNc2ccccn2)c(cc1O)O)N,NC(=O)[C@@H](N)Cc1cc(NNc2ccccn2)c(O)cc1O,435.0,,
COc1cc(ccc1OC)C(=C(Br)Br)c1ccc(c(c1)OC)OC,COc1ccc(C(=C(Br)Br)c2ccc(OC)c(OC)c2)cc1OC,500.0,,
C1CCC(CC1)n1nnc(c1)c1ccccn1,c1ccc(-c2cn(C3CCCCC3)nn2)nc1,282.0,8760.0,
FC(c1ccccc1n1nnc(c1)c1ccccn1)(F)F,FC(F)(F)c1ccccc1-n1cc(-c2ccccn2)nn1,281.0,13000.0,
Cc1ccc(cc1)n1nnc(c1)c1ccccn1,Cc1ccc(-n2cc(-c3ccccn3)nn2)cc1,287.0,16200.0,
SCc1ccccc1n1nnc(c1)c1ccccn1,SCc1ccccc1-n1cc(-c2ccccn2)nn1,282.0,10700.0,
OCC(=O)CCc1ccc(cc1)[N+](=O)[O-],O=C(CO)CCc1ccc([N+](=O)[O-])cc1,262.0,,
OCC(=O)CCc1ccccc1[N+](=O)[O-],O=C(CO)CCc1ccccc1[N+](=O)[O-],262.0,,
OCC(=O)CCc1cccc(c1)[N+](=O)[O-],O=C(CO)CCc1cccc([N+](=O)[O-])c1,262.0,,
[O-][N+](=O)c1cc(CCC(=O)CO)c(cc1)Cl,O=C(CO)CCc1cc([N+](=O)[O-])ccc1Cl,262.0,,
OC[C@H]1O[C@@H](Oc2cc3C[C@H](N(c3cc2O)C=CC2=CC(=[NH+][C@@H](C2)C(=O)O)C(=O)O)C(=O)[O-])[C@@H]([C@H]([C@@H]1O)O)O,O=C(O)C1=[NH+][C@H](C(=O)O)CC(C=CN2c3cc(O)c(O[C@@H]4O[C@H](CO)[C@@H](O)[C@H](O)[C@H]4O)cc3C[C@H]2C(=O)[O-])=C1,538.0,,
O=CC=C1C[C@H](NC(=C1)C(=O)O)C(=O)O,O=CC=C1C=C(C(=O)O)N[C@H](C(=O)O)C1,410.0,,
OC[C@H]1O[C@@H](Oc2cc3C[C@H](N(c3cc2O)C=CC2=CC(=[NH+][C@H](C2)C(=O)O)C(=O)O)C(=O)[O-])[C@@H]([C@H]([C@@H]1O)O)O,O=C(O)C1=[NH+][C@@H](C(=O)O)CC(C=CN2c3cc(O)c(O[C@@H]4O[C@H](CO)[C@@H](O)[C@H](O)[C@H]4O)cc3C[C@H]2C(=O)[O-])=C1,538.0,,
Cc1ccc(cc1)Nc1ccc2c(c1)ccc(c2)S(=O)(=O)[O-].[K+],Cc1ccc(Nc2ccc3cc(S(=O)(=O)[O-])ccc3c2)cc1.[K+],381.0,,
[Ac],[Ac],362.0,,
CC(=O)Nc1ccccc1,CC(=O)Nc1ccccc1,381.0,,
OC[C@H]1O[C@H]([C@@H]([C@@H]1O)O)n1cc2c3c1ncnc3n(nc2N)C,CN1N=C(N)c2cn([C@@H]3O[C@H](CO)[C@@H](O)[C@H]3O)c3ncnc1c23,378.0,,
O=Cc1ccc2c(c1)[nH]nc2,O=Cc1ccc2cn[nH]c2c1,282.0,,
Cc1nc[nH]c1C=O,Cc1nc[nH]c1C=O,270.0,,
O=Cc1c(O)ccc2c1cccc2,O=Cc1c(O)ccc2ccccc12,420.0,,
Oc1cccc2c1nc1c(c2)COc2c1cccc2,Oc1cccc2cc3c(nc12)-c1ccccc1OC3,215.0,,
Fc1cc(O)c2c(c1)cc1c(n2)c2ccccc2OC1,Oc1cc(F)cc2cc3c(nc12)-c1ccccc1OC3,220.0,,
Clc1cc(O)c2c(c1)cc1c(n2)c2ccccc2OC1,Oc1cc(Cl)cc2cc3c(nc12)-c1ccccc1OC3,220.0,,
Brc1ccc2c(c1)c1nc3c(O)cccc3cc1CO2,Oc1cccc2cc3c(nc12)-c1cc(Br)ccc1OC3,215.0,,
Brc1ccc2c(c1)c1nc3c(O)cc(cc3cc1CO2)F,Oc1cc(F)cc2cc3c(nc12)-c1cc(Br)ccc1OC3,220.0,,
Oc1cccc2c1nc1c(c2)CCOc2c1cccc2,Oc1cccc2cc3c(nc12)-c1ccccc1OCC3,215.0,,
Fc1cc(O)c2c(c1)cc1c(n2)c2ccccc2OCC1,Oc1cc(F)cc2cc3c(nc12)-c1ccccc1OCC3,220.0,,
O=c1[nH]c(=O)c2c3c1cccc3ccc2,O=C1NC(=O)c2cccc3cccc1c23,360.0,,
O(CC1CC1)CCc1ccc(cc1)OC[C@H]1OC1,c1cc(OC[C@@H]2CO2)ccc1CCOCC1CC1,225.0,,
CCOC(=O)c1ccc(cc1)NC(=O)CN(C)C,CCOC(=O)c1ccc(NC(=O)CN(C)C)cc1,463.0,,
CCOC(=O)c1ccc(cc1)NC(=O)CCN(C)C.[Cl-].[H+],CCOC(=O)c1ccc(NC(=O)CCN(C)C)cc1.[Cl-].[H+],456.0,,
CC(=CC=CC=C(C=CC=C(C=C=C1C(C)(C)C[C@@H](C[C@@]1(C)O)O)C)C)C=CC=C(C=C[C@]12O[C@]2(C)C[C@H](CC1(C)C)O)C,CC(C=C=C1C(C)(C)C[C@H](O)C[C@@]1(C)O)=CC=CC(C)=CC=CC=C(C)C=CC=C(C)C=C[C@@]12O[C@]1(C)C[C@@H](O)CC2(C)C,414.0,,
CC(=CC=CC=C(C=CC=C(C=CC1=C(C)C(=O)CCC1(C)C)C)C)C=CC=C(C=CC1=C(C)C(=O)CCC1(C)C)C,CC(C=CC=C(C)C=CC1=C(C)C(=O)CCC1(C)C)=CC=CC=C(C)C=CC=C(C)C=CC1=C(C)C(=O)CCC1(C)C,474.0,,
CC(=CC=CC=C(C=CC=C(C(=O)C[C@]12O[C@]2(C)C[C@H](CC1(C)C)O)C)C)C=CC=C(C=C=C1C(C)(C)C[C@@H](C[C@@]1(C)O)OC(=O)C)C,CC(=O)O[C@H]1CC(C)(C)C(=C=CC(C)=CC=CC(C)=CC=CC=C(C)C=CC=C(C)C(=O)C[C@@]23O[C@]2(C)C[C@@H](O)CC3(C)C)[C@](C)(O)C1,452.0,,
CC(=CC=CC=C(C=CC=C(C#CC1=C(C)C[C@H](CC1(C)C)O)C)C)C=CC=C(C=C[C@]12O[C@]2(C)C[C@H](CC1(C)C)O)C,CC(C#CC1=C(C)C[C@@H](O)CC1(C)C)=CC=CC(C)=CC=CC=C(C)C=CC=C(C)C=C[C@@]12O[C@]1(C)C[C@@H](O)CC2(C)C,421.0,,
CC(=CC=CC=C(C=CC=C(C=CC1=C(C)C(=O)CCC1(C)C)C)C)C=CC=C(C=CC1=C(C)CCCC1(C)C)C,CC(C=CC=C(C)C=CC1=C(C)CCCC1(C)C)=CC=CC=C(C)C=CC=C(C)C=CC1=C(C)C(=O)CCC1(C)C,466.0,,
CC(=CC=CC=C(C=CC=C(C=CC1=C(C)C[C@H](CC1(C)C)O)C)C)C=CC=C(C=C[C@H]1C(=C[C@@H](CC1(C)C)O)C)C,CC(C=CC=C(C)C=CC1=C(C)C[C@@H](O)CC1(C)C)=CC=CC=C(C)C=CC=C(C)C=C[C@H]1C(C)=C[C@H](O)CC1(C)C,418.0,,
CC(=CC=CC=C(C=CC=C(C=C[C@]12O[C@]2(C)C[C@H](CC1(C)C)O)C)C)C=CC=C(C=C[C@]12O[C@]2(C)C[C@H](CC1(C)C)O)C,CC(C=CC=C(C)C=C[C@@]12O[C@]1(C)C[C@@H](O)CC2(C)C)=CC=CC=C(C)C=CC=C(C)C=C[C@@]12O[C@]1(C)C[C@@H](O)CC2(C)C,416.0,,
O[C@@H]1CC(=C(C(C1)(C)C)C=CC(=CC=CC(=CC=CC=C(C=CC=C(C=CC1=C(C)C[C@H](CC1(C)C)O)C)C)C)C)C,CC(C=CC=C(C)C=CC1=C(C)C[C@@H](O)CC1(C)C)=CC=CC=C(C)C=CC=C(C)C=CC1=C(C)C[C@@H](O)CC1(C)C,422.0,,
O=C1C=CC(=CC2=c3[nH]c4c(c3=C(C2=O)C2=c3c(=C(C2=O)C=C2C=CC(=O)C=C2)[nH]c2c3cccc2)cccc4)C=C1,O=C1C=CC(=CC2=c3[nH]c4ccccc4c3=C(C3=c4c([nH]c5ccccc45)=C(C=C4C=CC(=O)C=C4)C3=O)C2=O)C=C1,388.0,,
Oc1ccccc1,Oc1ccccc1,324.0,,
CC(=O)Oc1ccc2c(c1)c1ccccc1o2,CC(=O)Oc1ccc2oc3ccccc3c2c1,284.0,,
CC(=O)c1cc2oc3c(c2cc1O)cccc3,CC(=O)c1cc2oc3ccccc3c2cc1O,365.0,,
Oc1ccc2c(c1)c1cc(ccc1o2)C(=O)C,CC(=O)c1ccc2oc3ccc(O)cc3c2c1,326.0,,
CC(=O)c1c(O)ccc2c1c1ccccc1o2,CC(=O)c1c(O)ccc2oc3ccccc3c12,302.0,,
CC(=O)Oc1ccc2c(c1)c1cc(ccc1o2)C(=O)C,CC(=O)Oc1ccc2oc3ccc(C(C)=O)cc3c2c1,292.0,,
OC(COc1ccc(cc1)COCCOC(C)C)CNC(C)C,CC(C)NCC(O)COc1ccc(COCCOC(C)C)cc1,770.0,,
OS(=O)(=O)c1ccccc1.NCCOCC1=C(C(=O)OCC)C(C(=C(N1)C)C(=O)OC)c1ccccc1Cl,CCOC(=O)C1=C(COCCN)NC(C)=C(C(=O)OC)C1c1ccccc1Cl.O=S(=O)(O)c1ccccc1,610.0,,
NCCCC[C@@H](C(=O)N1CCC[C@H]1C(=O)O)N[C@H](C(=O)O)CCc1ccccc1.O.O,NCCCC[C@H](N[C@@H](CCc1ccccc1)C(=O)O)C(=O)N1CCC[C@H]1C(=O)O.O.O,481.0,,
O[C@H]([C@H](C(=O)O)O)C(=O)O.COCCc1ccc(cc1)OCC(CNC(C)C)O.COCCc1ccc(cc1)OCC(CNC(C)C)O,COCCc1ccc(OCC(O)CNC(C)C)cc1.COCCc1ccc(OCC(O)CNC(C)C)cc1.O=C(O)[C@H](O)[C@@H](O)C(=O)O,675.0,,
COC(=O)C1=C(C)NC(=C(C1c1ccccc1[N+](=O)[O-])C(=O)OC)C,COC(=O)C1=C(C)NC(C)=C(C(=O)OC)C1c1ccccc1[N+](=O)[O-],685.0,,
OC(=O)C=CC(=O)O.OC(=O)C=CC(=O)O.OCCOCCN1CCN(CC1)C1=Nc2ccccc2Sc2c1cccc2,O=C(O)C=CC(=O)O.O=C(O)C=CC(=O)O.OCCOCCN1CCN(C2=Nc3ccccc3Sc3ccccc32)CC1,520.0,,
CC(=O)Oc1sc2c(c1)CN(CC2)C(c1ccccc1F)C(=O)C1CC1,CC(=O)Oc1cc2c(s1)CCN(C(C(=O)C1CC1)c1ccccc1F)C2,418.0,,
CCOC(=O)[C@@H](N[C@H](C(=O)N1[C@H]2CCC[C@H]2C[C@H]1C(=O)O)C)CCc1ccccc1,CCOC(=O)[C@H](CCc1ccccc1)N[C@@H](C)C(=O)N1[C@H](C(=O)O)C[C@@H]2CCC[C@@H]21,523.0,,
COc1ccc(cc1OC)CCN(CCCC(c1ccc(c(c1)OC)OC)(C(C)C)C#N)C.[Cl-].[H+],COc1ccc(CCN(C)CCCC(C#N)(c2ccc(OC)c(OC)c2)C(C)C)cc1OC.[Cl-].[H+],420.0,,
Cc1ccccc1,Cc1ccccc1,336.0,,toluene
COC(=O)C1=C(SC(=c2ccc3=C4C=CC(OC4C=Cc3c2)(c2ccccc2)c2ccccc2)S1)C(=O)OC,COC(=O)C1=C(C(=O)OC)SC(=c2ccc3c(c2)C=CC2OC(c4ccccc4)(c4ccccc4)C=CC=32)S1,327.0,,toluene
C1=Cc2c(OC1)ccc1c2cccc1,C1=Cc2c(ccc3ccccc23)OC1,345.0,,toluene
OCCc1ccc(cc1)OC[C@@H]1CO1,OCCc1ccc(OC[C@@H]2CO2)cc1,225.0,,
CC(=O)C[C@H](c1ccc(cc1[N+](=O)[O-])[N+](=O)[O-])O,CC(=O)C[C@@H](O)c1ccc([N+](=O)[O-])cc1[N+](=O)[O-],210.0,,
N#Cc1cccc(c1)[C@@H](CC(=O)C)O,CC(=O)C[C@@H](O)c1cccc(C#N)c1,210.0,,
O=CC1=C(C#CC(O)(C)C)c2c(OC1)cccc2,CC(C)(O)C#CC1=C(C=O)COc2ccccc21,210.0,,
OCCC#CC1=C(C=O)COc2c1cccc2,O=CC1=C(C#CCCO)c2ccccc2OC1,210.0,,
OC#CC1=C(C=O)COc2c1cccc2,O=CC1=C(C#CO)c2ccccc2OC1,210.0,,
O=CC1=C(C#CC(O)C)c2c(OC1)cccc2,CC(O)C#CC1=C(C=O)COc2ccccc21,210.0,,
O=CC1=C(C#CC2(O)CCCCC2)c2c(OC1)cccc2,O=CC1=C(C#CC2(O)CCCCC2)c2ccccc2OC1,210.0,,
ClC#CC1=C(C=O)COc2c1cccc2,O=CC1=C(C#CCl)c2ccccc2OC1,210.0,,
O=CC1=C(C#Cc2ccccc2)c2c(OC1)cccc2,O=CC1=C(C#Cc2ccccc2)c2ccccc2OC1,210.0,,
C#CC1=C(C=O)CCOc2c1cccc2,C#CC1=C(C=O)CCOc2ccccc21,210.0,,
ON=C1CC[C@H]2C(=C1)CC[C@@H]1[C@@H]2CC[C@]2([C@H]1CC[C@]2(C#C)OC(=O)C)CC,C#C[C@]1(OC(C)=O)CC[C@H]2[C@@H]3CCC4=CC(=NO)CC[C@@H]4[C@H]3CC[C@@]21CC,753.0,,
Clc1cccc(c1C)n1c(C)nc2c(c1=O)cccc2,Cc1c(Cl)cccc1-n1c(C)nc2ccccc2c1=O,814.0,,
Clc1ccnc2c1ccn2S(=O)(=O)c1ccccc1,O=S(=O)(c1ccccc1)n1ccc2c(Cl)ccnc21,220.0,,
OCCC#Cc1cc2c(n1S(=O)(=O)c1ccccc1)nccc2Cl,O=S(=O)(c1ccccc1)n1c(C#CCCO)cc2c(Cl)ccnc21,220.0,,
CC(C#Cc1cc2c(n1S(=O)(=O)c1ccccc1)nccc2Cl)O,CC(O)C#Cc1cc2c(Cl)ccnc2n1S(=O)(=O)c1ccccc1,220.0,,
Clc1ccnc2c1cc(n2S(=O)(=O)c1ccccc1)C#CC(O)(C)C,CC(C)(O)C#Cc1cc2c(Cl)ccnc2n1S(=O)(=O)c1ccccc1,220.0,,
OC#Cc1cc2c(n1S(=O)(=O)c1ccccc1)nccc2Cl,O=S(=O)(c1ccccc1)n1c(C#CO)cc2c(Cl)ccnc21,220.0,,
CC(CC#Cc1cc2c(n1S(=O)(=O)c1ccccc1)nccc2Cl)O,CC(O)CC#Cc1cc2c(Cl)ccnc2n1S(=O)(=O)c1ccccc1,220.0,,
Clc1ccnc2c1cc(n2S(=O)(=O)c1ccccc1)C#Cc1ccccc1,O=S(=O)(c1ccccc1)n1c(C#Cc2ccccc2)cc2c(Cl)ccnc21,220.0,,
Cc1ccc(cc1)C#Cc1cc2c(n1S(=O)(=O)c1ccccc1)nccc2Cl,Cc1ccc(C#Cc2cc3c(Cl)ccnc3n2S(=O)(=O)c2ccccc2)cc1,220.0,,
Nc1cccc(c1)C#Cc1cc2c(n1S(=O)(=O)c1ccccc1)nccc2Cl,Nc1cccc(C#Cc2cc3c(Cl)ccnc3n2S(=O)(=O)c2ccccc2)c1,220.0,,
O=S(=O)(n1c(C#Cc2ccccc2)cc2c1nccc2c1ccccc1)c1ccccc1,O=S(=O)(c1ccccc1)n1c(C#Cc2ccccc2)cc2c(-c3ccccc3)ccnc21,220.0,,
CCOC(=O)Cc1cc2c([nH]1)cccc2,CCOC(=O)Cc1cc2ccccc2[nH]1,289.0,,
C#CCOC(=O)Cc1cc2c([nH]1)cccc2,C#CCOC(=O)Cc1cc2ccccc2[nH]1,289.0,,
O=C1OCCN1C(=O)Cc1cc2c([nH]1)cccc2,O=C(Cc1cc2ccccc2[nH]1)N1CCOC1=O,289.0,,
O=C1CCCN1C(=O)Cc1cc2c([nH]1)cccc2,O=C1CCCN1C(=O)Cc1cc2ccccc2[nH]1,289.0,,
CCOC(=O)Cc1[nH]c2c(c1)cc(cc2)OCc1ccccc1,CCOC(=O)Cc1cc2cc(OCc3ccccc3)ccc2[nH]1,305.0,,
O=C1OCCCN1C(=O)Cc1cc2c([nH]1)cccc2,O=C(Cc1cc2ccccc2[nH]1)N1CCCOC1=O,287.0,,
O=C1OC[C@@H](N1C(=O)Cc1cc2c([nH]1)cccc2)Cc1ccccc1,O=C(Cc1cc2ccccc2[nH]1)N1C(=O)OC[C@@H]1Cc1ccccc1,289.0,,
C#CCN1C(=O)C=CC1=O,C#CCN1C(=O)C=CC1=O,328.0,,
COC(=O)C(=C(Cc1ccccc1[N+](=O)[O-])O)C(=O)OC,COC(=O)C(C(=O)OC)=C(O)Cc1ccccc1[N+](=O)[O-],260.0,,
OC(=C1C(=O)OC(OC1=O)(C)C)Cc1cc(ccc1[N+](=O)[O-])OCc1ccccc1,CC1(C)OC(=O)C(=C(O)Cc2cc(OCc3ccccc3)ccc2[N+](=O)[O-])C(=O)O1,309.0,,
CCOC(=O)CC(=O)Cc1ccccc1[N+](=O)[O-],CCOC(=O)CC(=O)Cc1ccccc1[N+](=O)[O-],260.0,,
C#CCOC(=O)CC(=O)Cc1ccccc1[N+](=O)[O-],C#CCOC(=O)CC(=O)Cc1ccccc1[N+](=O)[O-],260.0,,
O=C(CC(=O)Cc1ccccc1[N+](=O)[O-])NC(=O)OCc1ccccc1,O=C(CC(=O)NC(=O)OCc1ccccc1)Cc1ccccc1[N+](=O)[O-],291.0,,
O=C(Cc1ccccc1[N+](=O)[O-])CC(=O)N1CCOC1=O,O=C(CC(=O)N1CCOC1=O)Cc1ccccc1[N+](=O)[O-],260.0,,
CCOC(=O)CC(=O)Cc1cc(ccc1[N+](=O)[O-])OCc1ccccc1,CCOC(=O)CC(=O)Cc1cc(OCc2ccccc2)ccc1[N+](=O)[O-],308.0,,
O=C(Cc1ccccc1[N+](=O)[O-])CC(=O)N1CCCOC1=O,O=C(CC(=O)N1CCCOC1=O)Cc1ccccc1[N+](=O)[O-],300.0,,
O=C(Cc1ccccc1[N+](=O)[O-])CC(=O)N1C(=O)OC[C@@H]1Cc1ccccc1,O=C(CC(=O)N1C(=O)OC[C@@H]1Cc1ccccc1)Cc1ccccc1[N+](=O)[O-],204.0,,
COc1cc(cc(c1O)OC)[C@@H]1[C@@H]2C(=O)N(C(=O)C2[C@@H](c2c1c1ccccc1[nH]2)C(=O)N1C(=O)OCC1Cc1ccccc1)c1ccccc1,COc1cc([C@H]2c3c([nH]c4ccccc34)[C@@H](C(=O)N3C(=O)OCC3Cc3ccccc3)C3C(=O)N(c4ccccc4)C(=O)[C@H]32)cc(OC)c1O,292.0,,
COc1cc(cc(c1O)OC)[C@H]1[C@H]2C(=O)N(C(=O)C2[C@H](c2c1c1ccccc1[nH]2)C(=O)N1C(=O)OCC1Cc1ccccc1)c1ccccc1,COc1cc([C@@H]2c3c([nH]c4ccccc34)[C@H](C(=O)N3C(=O)OCC3Cc3ccccc3)C3C(=O)N(c4ccccc4)C(=O)[C@@H]32)cc(OC)c1O,290.0,,
CCCNC1=NN=C(CS1)c1ccc(cc1)Cl,CCCNC1=NN=C(c2ccc(Cl)cc2)CS1,344.0,17232.96,
COc1ccc(cc1)CN(C[C@H](c1cccc(c1)C(F)(F)F)Cl)CCS(=O)(=O)C,COc1ccc(CN(CCS(C)(=O)=O)C[C@@H](Cl)c2cccc(C(F)(F)F)c2)cc1,230.0,,
OC[C@@H]1[C@@H](C)ON([C@@]1(C)C(=O)OC)Cc1ccccc1,COC(=O)[C@@]1(C)[C@H](CO)[C@@H](C)ON1Cc1ccccc1,215.0,,
CCOC(=O)[C@]1(C)N(O[C@@H]([C@H]1CO)C)Cc1ccccc1,CCOC(=O)[C@@]1(C)[C@H](CO)[C@@H](C)ON1Cc1ccccc1,215.0,,
OC[C@@H]1[C@@H](C)ON([C@@]1(C)C(=O)OCc1ccccc1)Cc1ccccc1,C[C@H]1ON(Cc2ccccc2)[C@@](C)(C(=O)OCc2ccccc2)[C@@H]1CO,215.0,,
OC[C@@H]1CON([C@@]1(C)C(=O)OCC)Cc1ccccc1,CCOC(=O)[C@@]1(C)[C@H](CO)CON1Cc1ccccc1,215.0,,
CCOC(=O)[C@]1(C)N(O[C@@H]([C@H]1CO)CC)Cc1ccccc1,CCOC(=O)[C@@]1(C)[C@H](CO)[C@@H](CC)ON1Cc1ccccc1,215.0,,
CC1CCN(CC1)c1ncc2c(n1)n1CCSc1nc2=O,CC1CCN(c2ncc3c(=O)nc4n(c3n2)CCS4)CC1,340.0,11780.0,
O=c1nc2SCCn2c2c1cnc(n2)N1CCOCC1,O=c1nc2n(c3nc(N4CCOCC4)ncc13)CCS2,330.0,7850.0,
CN1CCN(CC1)c1ncc2c(n1)n1CCSc1nc2=O,CN1CCN(c2ncc3c(=O)nc4n(c3n2)CCS4)CC1,336.0,11210.0,
CCN1CCN(CC1)c1ncc2c(n1)n1CCSc1nc2=O,CCN1CCN(c2ncc3c(=O)nc4n(c3n2)CCS4)CC1,336.0,7830.0,
Clc1c(Cl)c(Cl)c(c(c1Cl)Cl)Cl,Clc1c(Cl)c(Cl)c(Cl)c(Cl)c1Cl,290.7,,
Clc1c(O)ccc(c1Cl)O,Oc1ccc(O)c(Cl)c1Cl,277.6,,
Clc1c(O)c(Cl)c(c(c1Cl)Cl)Cl,Oc1c(Cl)c(Cl)c(Cl)c(Cl)c1Cl,303.7,,
Clc1c(Cl)c([N+](=O)[O-])c(c(c1Cl)Cl)Cl,O=[N+]([O-])c1c(Cl)c(Cl)c(Cl)c(Cl)c1Cl,301.0,,
Clc1c(O)cccc1Cl,Oc1cccc(Cl)c1Cl,281.2,,
Oc1ccc(c(c1Cl)Cl)Cl,Oc1ccc(Cl)c(Cl)c1Cl,289.5,,
Clc1c(O)cc(c(c1Cl)Cl)Cl,Oc1cc(Cl)c(Cl)c(Cl)c1Cl,299.0,,
Clc1c(Cl)cccc1Cl,Clc1cccc(Cl)c1Cl,268.2,,
Clc1ccccc1Cl,Clc1ccccc1Cl,284.8,,
ClN(c1ccccc1Cl)Cl,Clc1ccccc1N(Cl)Cl,248.1,,
ClN(c1ccccc1)Cl,ClN(Cl)c1ccccc1,246.9,,
Clc1cc(Cl)c(c(c1Cl)Cl)Cl,Clc1cc(Cl)c(Cl)c(Cl)c1Cl,287.1,,
Clc1c(N)c(Cl)c(c(c1Cl)Cl)Cl,Nc1c(Cl)c(Cl)c(Cl)c(Cl)c1Cl,221.1,,
ClN(c1cccc(c1Cl)Cl)Cl,Clc1cccc(N(Cl)Cl)c1Cl,308.5,,
Clc1c(Cl)ccc(c1Cl)Cl,Clc1ccc(Cl)c(Cl)c1Cl,229.3,,
Oc1c(Cl)c(Cl)c(c(c1Cl)Cl)O,Oc1c(Cl)c(Cl)c(O)c(Cl)c1Cl,297.8,,
[O-][N+](=O)c1ccc(c(c1)Cl)Cl,O=[N+]([O-])c1ccc(Cl)c(Cl)c1,222.2,,
O=C(C1=C(C)OCCS1)Nc1ccccc1,CC1=C(C(=O)Nc2ccccc2)SCCO1,249.0,,
Nc1ccccc1O,Nc1ccccc1O,269.0,,
CC(=O)Nc1ccccc1O,CC(=O)Nc1ccccc1O,278.0,,
O=C1C(O)Oc2c(N1O)cccc2,O=C1C(O)Oc2ccccc2N1O,253.0,,
O=C1COc2c(N1O)cccc2,O=C1COc2ccccc2N1O,280.0,,
Brc1nc(=O)c2c([nH]1)nc[nH]2,O=c1nc(Br)[nH]c2nc[nH]c12,264.0,,
O=P(N1CC1)(N1CC1)N1CC1,O=P(N1CC1)(N1CC1)N1CC1,260.0,,
F[P-](F)(F)(F)(F)F.F[P-](F)(F)(F)(F)F.[Fe+2],F[P-](F)(F)(F)(F)F.F[P-](F)(F)(F)(F)F.[Fe+2],336.0,2100.0,
C1CCCSC1,C1CCSCC1,250.0,,
[I-],[I-],230.0,,
C(=O)NS(=O)(=O)c1ccc(cc1)N,Nc1ccc(S(=O)(=O)NC=O)cc1,269.0,,
CCOC(=O)[C@H](N=[N+]=[N-])CCc1ccccc1,CCOC(=O)[C@@H](CCc1ccccc1)N=[N+]=[N-],220.0,,
O[C@H](C(=O)[O-])CCc1ccccc1,O=C([O-])[C@@H](O)CCc1ccccc1,220.0,,
[O-]C(=O)[C@@H](OS(=O)(=O)C)CCc1ccccc1,CS(=O)(=O)O[C@@H](CCc1ccccc1)C(=O)[O-],220.0,,
CCN1CCO[C@H]2[C@H]1Cc1c[nH]c3c1c2ccc3,CCN1CCO[C@@H]2c3cccc4[nH]cc(c34)C[C@H]21,411.0,,CH 2 Cl 2
C1=C2C=CC(=N2)C(=c2ccc(=C(C3=NC(=C(c4[nH]c1cc4)c1ccccc1)C=C3)c1cccc(c1C(=O)O)CCO)[nH]2)c1ccccc1,O=C(O)c1c(CCO)cccc1-c1c2nc(c(-c3ccccc3)c3ccc(cc4nc(c(-c5ccccc5)c5ccc1[nH]5)C=C4)[nH]3)C=C2,350.0,,
CCN1Cc2c1cc1[o+]c3cc4c(cc3nc1c2)C(CS(=O)(=O)[O-])CC(N4C(=O)O)(C)C,CCN1Cc2cc3nc4cc5c(cc4[o+]c3cc21)N(C(=O)O)C(C)(C)CC5CS(=O)(=O)[O-],663.0,125000.0,
OC(=O)C1=CC=CC1=C,C=C1C=CC=C1C(=O)O,633.0,,
CC(=O)NO,CC(=O)NO,777.0,,
COc1ccc2c(c1)c1c(COC(=O)[C@@H](NC(=O)OCc3ccccc3)C)cc(=O)n(c1cc2)C,COc1ccc2ccc3c(c(COC(=O)[C@H](C)NC(=O)OCc4ccccc4)cc(=O)n3C)c2c1,340.0,2630.267992,
COC(=O)CCC(C(=O)OCc1cc(=O)n(c2c1c1cc(OC)ccc1cc2)C)NC(=O)OCc1ccccc1,COC(=O)CCC(NC(=O)OCc1ccccc1)C(=O)OCc1cc(=O)n(C)c2ccc3ccc(OC)cc3c12,340.0,3090.295433,
CCCCCCC#C,C#CCCCCCC,252.0,,
CC(C#Cc1ccc2c(n1)cccc2)(O)C,CC(C)(O)C#Cc1ccc2ccccc2n1,210.0,,
OCC#Cc1ccc2c(n1)cccc2,OCC#Cc1ccc2ccccc2n1,210.0,,
OCCC#Cc1ccc2c(n1)cccc2,OCCC#Cc1ccc2ccccc2n1,250.0,,
CC(CC#Cc1ccc2c(n1)cccc2)O,CC(O)CC#Cc1ccc2ccccc2n1,210.0,,
c1ccc(cc1)C#Cc1ccc2c(n1)cccc2,C(#Cc1ccc2ccccc2n1)c1ccccc1,210.0,,
Cc1ccc(cc1)CCc1ccc2c(n1)cccc2,Cc1ccc(CCc2ccc3ccccc3n2)cc1,250.0,,
Cc1ccc(cc1)C#Cc1ccc2c(n1)cccc2,Cc1ccc(C#Cc2ccc3ccccc3n2)cc1,213.0,,
Fc1cccc(c1)C#Cc1ccc2c(n1)cccc2,Fc1cccc(C#Cc2ccc3ccccc3n2)c1,210.0,,
c1ccc(cc1)CCC#Cc1ccc2c(n1)cccc2,C(#Cc1ccc2ccccc2n1)CCc1ccccc1,210.0,,
O[C@@H]1[C@@H](COP(=O)(OP(=O)(OCCOC(=O)c2ccccc2N)O)O)O[C@H]([C@@H]1O)n1ccc(nc1=O)N,Nc1ccn([C@@H]2O[C@H](COP(=O)(O)OP(=O)(O)OCCOC(=O)c3ccccc3N)[C@@H](O)[C@H]2O)c(=O)n1,559.0,,TBAF
COC1=CSN(C=C1C1=C(C2=CN(SC=C2OC)c2ccccn2)C(C(C1(F)F)(F)F)(F)F)c1ccccn1,COC1=CSN(c2ccccn2)C=C1C1=C(C2=CN(c3ccccn3)SC=C2OC)C(F)(F)C(F)(F)C1(F)F,337.0,,
COC1=CSN(C=C1C1=C(C2=CN(SC=C2OC)c2cccnc2)C(C(C1(F)F)(F)F)(F)F)c1ccccn1,COC1=CSN(c2cccnc2)C=C1C1=C(C2=CN(c3ccccn3)SC=C2OC)C(F)(F)C(F)(F)C1(F)F,332.0,,
COC1=CSN(C=C1C1=C(C2=CN(SC=C2OC)c2ccncc2)C(C(C1(F)F)(F)F)(F)F)c1cccnc1,COC1=CSN(c2ccncc2)C=C1C1=C(C2=CN(c3cccnc3)SC=C2OC)C(F)(F)C(F)(F)C1(F)F,335.0,,
CC(CC[C@H]([C@@]([C@H]1CC[C@@]2([C@]1(C)CC[C@H]1C2=CC(=O)[C@H]2[C@]1(C)C[C@H](O)[C@@H](C2)O)O)(O)C)O)C,CC(C)CC[C@@H](O)[C@](C)(O)[C@H]1CC[C@@]2(O)C3=CC(=O)[C@@H]4C[C@@H](O)[C@@H](O)C[C@]4(C)[C@H]3CC[C@]12C,409.0,,
O=C(N[C@@H]1C(=O)N2[C@@H]1SCC(=C2C(=O)O)C)CCC[C@H](C(=O)O)N,CC1=C(C(=O)O)N2C(=O)[C@@H](NC(=O)CCC[C@@H](N)C(=O)O)[C@H]2SC1,398.0,,
OC[C@H]1O[C@H]([C@H]2[C@@H]1O[C@H](O2)CP(=O)(O)O)c1c[nH]c2c1[nH]cnc2=O,O=c1nc[nH]c2c([C@@H]3O[C@H](CO)[C@H]4O[C@@H](CP(=O)(O)O)O[C@H]43)c[nH]c12,354.0,,
O=NC=c1cccc[nH]1,O=NC=C1C=CC=CN1,596.0,,
OOOc1c(Cl)cc(cc1Cl)Nc1ccccc1C(=O)O,O=C(O)c1ccccc1Nc1cc(Cl)c(OOO)c(Cl)c1,599.0,,
OC[C@H]1O[C@H]([C@@H]([C@@H]1O)O)n1cnc2c1ncnc2NC(Cc1ccccc1)C,CC(Cc1ccccc1)Nc1ncnc2c1ncn2[C@@H]1O[C@H](CO)[C@@H](O)[C@H]1O,329.0,,
O=C1C(c2ccccc2)C(=O)c2c1cccc2,O=C1c2ccccc2C(=O)C1c1ccccc1,328.0,,
C[I]P,C[I]P,327.0,,
CCCC(=O)O[C@H](COP(=O)(O[C@H]1[C@H](O)[C@@H](O)[C@@H]([C@H]([C@H]1O)OP(=O)(O)O)O)O)COC(=O)CCC,CCCC(=O)OC[C@@H](COP(=O)(O)O[C@@H]1[C@H](O)[C@H](OP(=O)(O)O)[C@@H](O)[C@H](O)[C@H]1O)OC(=O)CCC,325.0,,
Oc1cc(O)c2c(c1)oc(c(c2=O)O[C@@H]1O[C@H](CO[C@@H]2O[C@@H](C)[C@@H]([C@H]([C@H]2O)O)O)[C@H]([C@@H]([C@H]1O)O)O)c1ccc(c(c1)O)O,C[C@@H]1O[C@@H](OC[C@H]2O[C@@H](Oc3c(-c4ccc(O)c(O)c4)oc4cc(O)cc(O)c4c3=O)[C@H](O)[C@@H](O)[C@@H]2O)[C@H](O)[C@H](O)[C@H]1O,353.0,,Water
Oc1cc(O)c2c(c1)oc(c(c2=O)OC1OC(C)C(C(C1O)O)O)c1ccc(c(c1)O)O,CC1OC(Oc2c(-c3ccc(O)c(O)c3)oc3cc(O)cc(O)c3c2=O)C(O)C(O)C1O,256.0,,
NI,NI,256.0,,
NCNS(=O)(=O)c1cccc2c1cccc2,NCNS(=O)(=O)c1cccc2ccccc12,347.71,,
NCNS(=O)(=O)c1cccc2c1cccc2Cl,NCNS(=O)(=O)c1cccc2c(Cl)cccc12,355.08,,
[O-]S(=O)(=O)c1cc(ccc1c1c2cc3CCCN4c3c(c2[o+]c2c1cc1CCCN3c1c2CCC3)CCC4)S(=O)(=O)Cl,O=S(=O)([O-])c1cc(S(=O)(=O)Cl)ccc1-c1c2cc3c4c(c2[o+]c2c5c6c(cc12)CCCN6CCC5)CCCN4CCC3,590.0,,
OC1C=CC=CCNC(=O)C2=CCC(OC(=O)C(NC(=O)c3nc(CC(C1)O)oc3)CS2)C,CC1CC=C2SCC(NC(=O)c3coc(n3)CC(O)CC(O)C=CC=CCNC2=O)C(=O)O1,590.0,,
CCC1=C(CC)C2=Cc3[nH]c(c(c3CC)CC)C=C3N=C(C=c4[nH]c(=CC1=N2)c(CC)c4CC)C(=C3CC)CC,CCC1=C(CC)c2cc3[nH]c(cc4nc(cc5[nH]c(cc1n2)c(CC)c5CC)C(CC)=C4CC)c(CC)c3CC,400.0,,
COC(=O)CCc1c2=Cc3[nH]c(c(c3CCC(=O)OC)C)C=c3[nH]c(=Cc4[nH]c(C=c(c1C)[nH]2)c(C)c4C=C)c(c3C=C)C,C=Cc1c2[nH]c(c1C)C=c1[nH]c(c(CCC(=O)OC)c1C)=Cc1[nH]c(c(C)c1CCC(=O)OC)C=c1[nH]c(c(C)c1C=C)=C2,425.0,,
OCCCCCCNC(=O)c1ccc(c(c1)C(=O)O)c1c2cc(C)c(cc2[o+]c2c1cc(C)c(c2)NCC)NCC,CCNc1cc2[o+]c3cc(NCC)c(C)cc3c(-c3ccc(C(=O)NCCCCCCO)cc3C(=O)O)c2cc1C,540.0,,
ClC(=NNc1ccccc1)c1ccccc1,ClC(=NNc1ccccc1)c1ccccc1,513.0,,
Cc1ccc2c(c1)c(=O)occ2,Cc1ccc2ccoc(=O)c2c1,324.0,,
O=c1occc2c1cccc2C(F)(F)F,O=c1occc2c(C(F)(F)F)cccc12,317.0,,
Cc1ccc2c(c1)c(=O)scc2,Cc1ccc2ccsc(=O)c2c1,349.0,,
O=c1sccc2c1cccc2C(F)(F)F,O=c1sccc2c(C(F)(F)F)cccc12,343.0,,
O=C1CC[C@H](O1)Cc1ccccc1,O=C1CC[C@@H](Cc2ccccc2)O1,214.0,,
Fc1ccc(cc1)c1nc(Br)cnc1N,Nc1ncc(Br)nc1-c1ccc(F)cc1,225.0,,
Brc1cnc(c(n1)c1ccc(cc1)C(F)(F)F)N,Nc1ncc(Br)nc1-c1ccc(C(F)(F)F)cc1,225.0,,
Cc1ccc(cc1)c1nc(Br)cnc1N,Cc1ccc(-c2nc(Br)cnc2N)cc1,225.0,,
Brc1cnc(c(n1)c1ccccc1)N,Nc1ncc(Br)nc1-c1ccccc1,225.0,,
Brc1cnc(c(n1)Cc1ccccc1)N,Nc1ncc(Br)nc1Cc1ccccc1,225.0,,
CCOC(=O)CCCOc1ccc(cc1)Cc1nc(Br)cnc1N,CCOC(=O)CCCOc1ccc(Cc2nc(Br)cnc2N)cc1,215.0,,
CCOC(=O)CCC#Cc1nc(Br)cnc1N,CCOC(=O)CCC#Cc1nc(Br)cnc1N,215.0,,
Fc1ccc(cc1)c1cnc(c(n1)c1ccc(cc1)F)N,Nc1ncc(-c2ccc(F)cc2)nc1-c1ccc(F)cc1,225.0,,
Nc1ncc(nc1c1ccc(cc1)C(F)(F)F)c1ccc(cc1)C(F)(F)F,Nc1ncc(-c2ccc(C(F)(F)F)cc2)nc1-c1ccc(C(F)(F)F)cc1,225.0,,
Cc1ccc(cc1)c1cnc(c(n1)c1ccc(cc1)C)N,Cc1ccc(-c2cnc(N)c(-c3ccc(C)cc3)n2)cc1,225.0,,
Nc1ncc(nc1c1ccccc1)c1ccccc1,Nc1ncc(-c2ccccc2)nc1-c1ccccc1,225.0,,
Fc1ccc(cc1)c1nc(cnc1N)c1ccc(cc1)O[Si](C(C)(C)C)(C)C,CC(C)(C)[Si](C)(C)Oc1ccc(-c2cnc(N)c(-c3ccc(F)cc3)n2)cc1,225.0,,
Nc1ncc(nc1c1ccc(cc1)C(F)(F)F)c1ccc(cc1)O[Si](C(C)(C)C)(C)C,CC(C)(C)[Si](C)(C)Oc1ccc(-c2cnc(N)c(-c3ccc(C(F)(F)F)cc3)n2)cc1,225.0,,
Cc1ccc(cc1)c1nc(cnc1N)c1ccc(cc1)O[Si](C(C)(C)C)(C)C,Cc1ccc(-c2nc(-c3ccc(O[Si](C)(C)C(C)(C)C)cc3)cnc2N)cc1,225.0,,
Nc1ncc(nc1c1ccccc1)c1ccc(cc1)O[Si](C(C)(C)C)(C)C,CC(C)(C)[Si](C)(C)Oc1ccc(-c2cnc(N)c(-c3ccccc3)n2)cc1,225.0,,
CCOC(=O)CCCOc1ccc(cc1)Cc1nc(cnc1N)c1ccc(cc1)O[Si](C(C)(C)C)(C)C,CCOC(=O)CCCOc1ccc(Cc2nc(-c3ccc(O[Si](C)(C)C(C)(C)C)cc3)cnc2N)cc1,215.0,,
CCOC(=O)CCC#Cc1nc(cnc1N)c1ccc(cc1)O[Si](C(C)(C)C)(C)C,CCOC(=O)CCC#Cc1nc(-c2ccc(O[Si](C)(C)C(C)(C)C)cc2)cnc1N,215.0,,
Oc1ccc(cc1)c1[nH]c(cn2c1nc(c2=O)Cc1ccc(cc1)O)c1ccc(cc1)O,O=c1c(Cc2ccc(O)cc2)nc2c(-c3ccc(O)cc3)[nH]c(-c3ccc(O)cc3)cn1-2,225.0,,
Fc1ccc(cc1)c1[nH]c(cn2c1nc(c2=O)Cc1ccc(cc1)O)c1ccc(cc1)F,O=c1c(Cc2ccc(O)cc2)nc2c(-c3ccc(F)cc3)[nH]c(-c3ccc(F)cc3)cn1-2,225.0,,
Oc1ccc(cc1)Cc1nc2n(c1=O)cc([nH]c2c1ccc(cc1)C(F)(F)F)c1ccc(cc1)C(F)(F)F,O=c1c(Cc2ccc(O)cc2)nc2c(-c3ccc(C(F)(F)F)cc3)[nH]c(-c3ccc(C(F)(F)F)cc3)cn1-2,225.0,,
Cc1ccc(cc1)c1[nH]c(cn2c1nc(c2=O)Cc1ccc(cc1)O)c1ccc(cc1)C,Cc1ccc(-c2cn3c(=O)c(Cc4ccc(O)cc4)nc-3c(-c3ccc(C)cc3)[nH]2)cc1,225.0,,
Oc1ccc(cc1)Cc1nc2n(c1=O)cc([nH]c2c1ccccc1)c1ccccc1,O=c1c(Cc2ccc(O)cc2)nc2c(-c3ccccc3)[nH]c(-c3ccccc3)cn1-2,225.0,,
Fc1ccc(cc1)c1[nH]c(cn2c1nc(c2=O)Cc1ccc(cc1)O)c1ccc(cc1)O,O=c1c(Cc2ccc(O)cc2)nc2c(-c3ccc(F)cc3)[nH]c(-c3ccc(O)cc3)cn1-2,225.0,,
Oc1ccc(cc1)Cc1nc2n(c1=O)cc([nH]c2c1ccc(cc1)C(F)(F)F)c1ccc(cc1)O,O=c1c(Cc2ccc(O)cc2)nc2c(-c3ccc(C(F)(F)F)cc3)[nH]c(-c3ccc(O)cc3)cn1-2,225.0,,
Cc1ccc(cc1)c1[nH]c(cn2c1nc(c2=O)Cc1ccc(cc1)O)c1ccc(cc1)O,Cc1ccc(-c2[nH]c(-c3ccc(O)cc3)cn3c(=O)c(Cc4ccc(O)cc4)nc2-3)cc1,225.0,,
Oc1ccc(cc1)Cc1nc2n(c1=O)cc([nH]c2c1ccccc1)c1ccc(cc1)O,O=c1c(Cc2ccc(O)cc2)nc2c(-c3ccccc3)[nH]c(-c3ccc(O)cc3)cn1-2,225.0,,
OC(=O)CCCc1[nH]c(cn2c1nc(c2=O)Cc1ccc(cc1)O)c1ccc(cc1)O,O=C(O)CCCc1[nH]c(-c2ccc(O)cc2)cn2c(=O)c(Cc3ccc(O)cc3)nc1-2,215.0,,
OC(=O)CCCOc1ccc(cc1)Cc1[nH]c(cn2c1nc(c2=O)Cc1ccc(cc1)O)c1ccc(cc1)O,O=C(O)CCCOc1ccc(Cc2[nH]c(-c3ccc(O)cc3)cn3c(=O)c(Cc4ccc(O)cc4)nc2-3)cc1,215.0,,
NC(=O)NC(C(=O)O)Cc1cnc[nH]1,NC(=O)NC(Cc1cnc[nH]1)C(=O)O,214.0,,
O[C@H]1C[C@@H](O[C@@H]1COP(=O)(OP(=O)(O[C@H]1O[C@@H](C)[C@@H]([C@H]([C@H]1O)O)O)O)O)n1cc(C)c(=O)[nH]c1=O,Cc1cn([C@H]2C[C@H](O)[C@@H](COP(=O)(O)OP(=O)(O)O[C@H]3O[C@@H](C)[C@H](O)[C@@H](O)[C@H]3O)O2)c(=O)[nH]c1=O,595.0,,
OC(C(C(=O)[O-])O)C(=O)[O-],O=C([O-])C(O)C(O)C(=O)[O-],729.0,,
OC(=O)[C@@H](NC(=O)[C@@H]1CCC(=O)N1)CC1C=NC=N1,O=C1CC[C@@H](C(=O)N[C@@H](CC2C=NC=N2)C(=O)O)N1,595.0,,
O=C1CC[C@H](N1)C(=O)N[C@H](C(=O)N1CCC[C@H]1C(=O)O)CC1N=CN=C1,O=C1CC[C@@H](C(=O)N[C@@H](CC2C=NC=N2)C(=O)N2CCC[C@H]2C(=O)O)N1,596.0,,
O=C(c1ccc(cc1C)C1=NOC(C1)(c1cc(Cl)c(c(c1)Cl)Cl)C(F)(F)F)NCc1ccc2c(c1)B(O)OC2(C)C,Cc1cc(C2=NOC(c3cc(Cl)c(Cl)c(Cl)c3)(C(F)(F)F)C2)ccc1C(=O)NCc1ccc2c(c1)B(O)OC2(C)C,220.0,,
Cc1ccc2c(c1)c(ccc2C)C(C)C,Cc1ccc2c(C)ccc(C(C)C)c2c1,347.79,,
ClC([C@H]1OC1)Oc1ccccc1,ClC(Oc1ccccc1)[C@@H]1CO1,225.0,,
ClC(c1cccc2c1cc1cc3cc4ccccc4cc3cc1c2)c1cccc2c1cc1cc3cc4ccccc4cc3cc1c2,ClC(c1cccc2cc3cc4cc5ccccc5cc4cc3cc12)c1cccc2cc3cc4cc5ccccc5cc4cc3cc12,614.0,,acetonitrile
O=[NH+]C=c1ccn(cc1)CCOCCn1ccc(=C[NH+]=O)cc1.[Br-].[Br-],O=[NH+]C=C1C=CN(CCOCCN2C=CC(=C[NH+]=O)C=C2)C=C1.[Br-].[Br-],715.0,,
CCN(C(=O)c1ccccc1)CC,CCN(CC)C(=O)c1ccccc1,713.0,,
CC(c1ccccc1)C,CC(C)c1ccccc1,704.0,,
CN(C(c1ccc(cc1)OC)C(=O)N)C,COc1ccc(C(C(N)=O)N(C)C)cc1,733.0,,
O=[NH+]C=c1ccn(cc1)CCOCCOCCn1ccc(=C[NH+]=O)cc1.[Br-].[Br-],O=[NH+]C=C1C=CN(CCOCCOCCN2C=CC(=C[NH+]=O)C=C2)C=C1.[Br-].[Br-],748.0,,
Nc1ncn[nH]1,Nc1ncn[nH]1,443.0,,
CC(OOC(C)(C)C)(CCC(OOC(C)(C)C)(C)C)C,CC(C)(C)OOC(C)(C)CCC(C)(C)OOC(C)(C)C,440.0,,
OC[C@H]1O[C@H](C[C@@H]1O)n1cc(c2ccc(s2)Br)c(=O)[nH]c1=O,O=c1[nH]c(=O)n([C@H]2C[C@H](O)[C@@H](CO)O2)cc1-c1ccc(Br)s1,462.0,,
Oc1cc(O)c(cc1O)O,Oc1cc(O)c(O)cc1O,465.0,,
OCCCCCCCCCCCCBr,OCCCCCCCCCCCCBr,468.0,,
COc1ccc2c(c1)c(CCNCC1COc3c(O1)cccc3)c[nH]2,COc1ccc2[nH]cc(CCNCC3COc4ccccc4O3)c2c1,473.0,,
Clc1ccccc1N1C(=O)Cc2c(C1=O)cccc2,O=C1Cc2ccccc2C(=O)N1c1ccccc1Cl,246.0,,
O=C1Cc2ccccc2C(=O)N1c1cccc(c1Cl)Cl,O=C1Cc2ccccc2C(=O)N1c1cccc(Cl)c1Cl,242.0,,
Clc1ccc(c(c1)Cl)N1C(=O)Cc2c(C1=O)cccc2,O=C1Cc2ccccc2C(=O)N1c1ccc(Cl)cc1Cl,240.0,,
Clc1ccc(c(c1)N1C(=O)Cc2c(C1=O)cccc2)Cl,O=C1Cc2ccccc2C(=O)N1c1cc(Cl)ccc1Cl,240.0,,
O=C1Cc2ccccc2C(=O)N1c1c(Cl)cccc1Cl,O=C1Cc2ccccc2C(=O)N1c1c(Cl)cccc1Cl,244.0,,
Cc1ccc(c(c1)Br)N1C(=O)Cc2c(C1=O)cccc2,Cc1ccc(N2C(=O)Cc3ccccc3C2=O)c(Br)c1,245.0,,
Brc1ccccc1N1C(=O)Cc2c(C1=O)cccc2,O=C1Cc2ccccc2C(=O)N1c1ccccc1Br,242.0,,
Clc1ccccc1CN1C(=O)Cc2c(C1=O)cccc2,O=C1Cc2ccccc2C(=O)N1Cc1ccccc1Cl,244.0,,
O=c1c2ccccc2cc2n1c1ccccc1o2,O=c1c2ccccc2cc2oc3ccccc3n12,234.0,,
Clc1cccc2c1oc1n2c(=O)c2c(c1)cccc2,O=c1c2ccccc2cc2oc3c(Cl)cccc3n12,242.0,,
Clc1ccc2c(c1)oc1n2c(=O)c2c(c1)cccc2,O=c1c2ccccc2cc2oc3cc(Cl)ccc3n12,243.0,,
Clc1ccc2c(c1)n1c(o2)cc2c(c1=O)cccc2,O=c1c2ccccc2cc2oc3ccc(Cl)cc3n12,242.0,,
Clc1cccc2c1n1c(o2)cc2c(c1=O)cccc2,O=c1c2ccccc2cc2oc3cccc(Cl)c3n12,240.0,,
Cc1ccc2c(c1)oc1n2c(=O)c2c(c1)cccc2,Cc1ccc2c(c1)oc1cc3ccccc3c(=O)n12,236.0,,
OC(=O)[C@H](CCSC[C@H]1O[C@H]([C@@H]([C@@H]1O)O)n1cnc2c1[nH]cnc2=O)N,N[C@@H](CCSC[C@H]1O[C@@H](n2cnc3c(=O)nc[nH]c32)[C@H](O)[C@@H]1O)C(=O)O,411.0,,
SCCNC(=O)[C@H]1CCCN1S(=O)(=O)c1ccc(cc1)C,Cc1ccc(S(=O)(=O)N2CCC[C@@H]2C(=O)NCCS)cc1,384.0,9000.0,
OC(=O)C(c1ccc(cc1)C(=O)CCCN1CCC(CC1)C(c1ccccc1)(c1ccccc1)O)(C)C,CC(C)(C(=O)O)c1ccc(C(=O)CCCN2CCC(C(O)(c3ccccc3)c3ccccc3)CC2)cc1,230.0,,
O=Cc1ccc(c(c1F)F)O,O=Cc1ccc(O)c(F)c1F,220.0,,
O=C(Oc1cccc2c1cccc2)C[C@@H](C(=O)Oc1cccc2c1cccc2)O,O=C(C[C@H](O)C(=O)Oc1cccc2ccccc12)Oc1cccc2ccccc12,222.0,,
O=C(Oc1cccc2c1cccc2)C[C@H](C(=O)Oc1cccc2c1cccc2)O,O=C(C[C@@H](O)C(=O)Oc1cccc2ccccc12)Oc1cccc2ccccc12,222.0,,
ONC(=O)CC1(CCOCC1)S(=O)(=O)c1ccc(cc1)Oc1ccccc1,O=C(CC1(S(=O)(=O)c2ccc(Oc3ccccc3)cc2)CCOCC1)NO,540.0,3100.0,methanol
ONC(=O)C1(CCOCC1)CS(=O)(=O)c1ccc(cc1)Oc1ccc(cc1)Cl,O=C(NO)C1(CS(=O)(=O)c2ccc(Oc3ccc(Cl)cc3)cc2)CCOCC1,527.0,6700.0,methanol
CCOC(=O)[C@@](C(F)(F)F)(c1ccc(o1)[Si](C)(C)C)O,CCOC(=O)[C@](O)(c1ccc([Si](C)(C)C)o1)C(F)(F)F,210.0,,
CCOC(=O)[C@@](C(F)(F)F)(c1ccco1)O,CCOC(=O)[C@](O)(c1ccco1)C(F)(F)F,210.0,,
CCOC(=O)[C@@](C(F)(F)F)(c1ccc(o1)C)O,CCOC(=O)[C@](O)(c1ccc(C)o1)C(F)(F)F,210.0,,
CCOC(=O)[C@@](C(F)(F)F)(c1ccc(o1)c1ccccc1)O,CCOC(=O)[C@](O)(c1ccc(-c2ccccc2)o1)C(F)(F)F,210.0,,
CCOC(=O)[C@@](C(F)(F)F)(c1ccc(o1)CO[Si](C(C)(C)C)(c1ccccc1)c1ccccc1)O,CCOC(=O)[C@](O)(c1ccc(CO[Si](c2ccccc2)(c2ccccc2)C(C)(C)C)o1)C(F)(F)F,210.0,,
CCOC(=O)[C@@](C(F)(F)F)(c1oc(cc1c1ccccc1)c1ccccc1)O,CCOC(=O)[C@](O)(c1oc(-c2ccccc2)cc1-c1ccccc1)C(F)(F)F,210.0,,
CCOC(=O)[C@@](C(F)(F)F)(c1cccs1)O,CCOC(=O)[C@](O)(c1cccs1)C(F)(F)F,210.0,,
CCOC(=O)[C@@](C(F)(F)F)(c1ccc(s1)C)O,CCOC(=O)[C@](O)(c1ccc(C)s1)C(F)(F)F,210.0,,
CCOC(=O)[C@@](C(F)(F)F)(c1ccc[nH]1)O,CCOC(=O)[C@](O)(c1ccc[nH]1)C(F)(F)F,210.0,,
CCOC(=O)[C@@H](c1ccc(o1)C)O,CCOC(=O)[C@H](O)c1ccc(C)o1,210.0,,
CCOC(=O)[C@@H](c1ccc(o1)c1ccccc1)O,CCOC(=O)[C@H](O)c1ccc(-c2ccccc2)o1,210.0,,
CCOC(=O)[C@@H](c1ccc(o1)CO[Si](C(C)(C)C)(c1ccccc1)c1ccccc1)O,CCOC(=O)[C@H](O)c1ccc(CO[Si](c2ccccc2)(c2ccccc2)C(C)(C)C)o1,210.0,,
CCOC(=O)[C@@H](c1oc(cc1c1ccccc1)c1ccccc1)O,CCOC(=O)[C@H](O)c1oc(-c2ccccc2)cc1-c1ccccc1,210.0,,
CCOC(=O)[C@@H](c1cc(c(o1)c1ccccc1)c1ccccc1)O,CCOC(=O)[C@H](O)c1cc(-c2ccccc2)c(-c2ccccc2)o1,210.0,,
CCOC(=O)[C@H](c1ccc(s1)C)O,CCOC(=O)[C@@H](O)c1ccc(C)s1,210.0,,
CCOC(=O)[C@H](c1ccc(s1)c1ccccc1)O,CCOC(=O)[C@@H](O)c1ccc(-c2ccccc2)s1,210.0,,
O=CC(C(c1ccccc1)C[N+](=O)[O-])C,CC(C=O)C(C[N+](=O)[O-])c1ccccc1,220.0,,
CCC(C(c1ccccc1)C[N+](=O)[O-])C=O,CCC(C=O)C(C[N+](=O)[O-])c1ccccc1,237.0,,
CCC(C(c1ccc(cc1)Br)C[N+](=O)[O-])C=O,CCC(C=O)C(C[N+](=O)[O-])c1ccc(Br)cc1,237.0,,
C(C(c1ccccc1)C[N+](=O)[O-])C=O,O=CCC(C[N+](=O)[O-])c1ccccc1,220.0,,
C(C(c1ccc(cc1)OC)C[N+](=O)[O-])C=O,COc1ccc(C(CC=O)C[N+](=O)[O-])cc1,237.0,,
C(C(c1ccc(cc1)Br)C[N+](=O)[O-])C=O,O=CCC(C[N+](=O)[O-])c1ccc(Br)cc1,220.0,,
O=CC(C(c1ccccc1)C[N+](=O)[O-])C(C)C,CC(C)C(C=O)C(C[N+](=O)[O-])c1ccccc1,220.0,,
O=CC(C(c1ccc(cc1)Br)C[N+](=O)[O-])C(C)C,CC(C)C(C=O)C(C[N+](=O)[O-])c1ccc(Br)cc1,220.0,,
O=CC(C(c1ccc(cc1)Br)C[N+](=O)[O-])(C)C,CC(C)(C=O)C(C[N+](=O)[O-])c1ccc(Br)cc1,220.0,,
ClCc1cc(=O)oc2c1ccc(c2)C,Cc1ccc2c(CCl)cc(=O)oc2c1,314.0,,
ClCc1cc(=O)oc2c1cc([N+](=O)[O-])c(c2)C,Cc1cc2oc(=O)cc(CCl)c2cc1[N+](=O)[O-],320.0,,
Cc1cc(=O)n(c2c1cccc2)C,Cc1cc(=O)n(C)c2ccccc12,329.0,,
Cc1ccc2c(c1)c(C)cc(=O)n2C,Cc1ccc2c(c1)c(C)cc(=O)n2C,337.0,,
COc1ccc2c(c1)c(C)cc(=O)n2C,COc1ccc2c(c1)c(C)cc(=O)n2C,351.0,,
O=Cc1cc(=O)n(c2c1cccc2)C,Cn1c(=O)cc(C=O)c2ccccc21,330.0,,
O=Cc1cc(=O)n(c2c1cc(C)cc2)C,Cc1ccc2c(c1)c(C=O)cc(=O)n2C,338.0,,
O=Cc1cc(=O)n(c2c1cc(OC)cc2)C,COc1ccc2c(c1)c(C=O)cc(=O)n2C,341.0,,
OCc1cc(=O)n(c2c1cccc2)C,Cn1c(=O)cc(CO)c2ccccc21,328.0,,
OCc1cc(=O)n(c2c1cc(C)cc2)C,Cc1ccc2c(c1)c(CO)cc(=O)n2C,335.0,,
OCc1cc(=O)n(c2c1cc(OC)cc2)C,COc1ccc2c(c1)c(CO)cc(=O)n2C,352.0,,
ClCc1cc(=O)n(c2c1cccc2)C,Cn1c(=O)cc(CCl)c2ccccc21,333.0,,
ClCc1cc(=O)n(c2c1cc(C)cc2)C,Cc1ccc2c(c1)c(CCl)cc(=O)n2C,343.0,,
ClCc1cc(=O)n(c2c1cc(OC)cc2)C,COc1ccc2c(c1)c(CCl)cc(=O)n2C,358.0,,
ClCc1cc(=O)n(c2c1c([N+](=O)[O-])c(C)cc2)C,Cc1ccc2c(c(CCl)cc(=O)n2C)c1[N+](=O)[O-],343.0,,
O=C(N[C@H](C(=O)OCc1cc(=O)oc2c1ccc(c2)C)Cc1ccccc1)OCc1ccccc1,Cc1ccc2c(COC(=O)[C@H](Cc3ccccc3)NC(=O)OCc3ccccc3)cc(=O)oc2c1,317.0,,
O=C(N[C@H](C(=O)OCc1cc(=O)oc2c1cc([N+](=O)[O-])c(c2)C)Cc1ccccc1)OCc1ccccc1,Cc1cc2oc(=O)cc(COC(=O)[C@H](Cc3ccccc3)NC(=O)OCc3ccccc3)c2cc1[N+](=O)[O-],316.0,,
O=C(N[C@H](C(=O)OCc1cc(=O)n(c2c1cccc2)C)Cc1ccccc1)OCc1ccccc1,Cn1c(=O)cc(COC(=O)[C@H](Cc2ccccc2)NC(=O)OCc2ccccc2)c2ccccc21,330.0,,
O=C(N[C@H](C(=O)OCc1cc(=O)n(c2c1cc(C)cc2)C)Cc1ccccc1)OCc1ccccc1,Cc1ccc2c(c1)c(COC(=O)[C@H](Cc1ccccc1)NC(=O)OCc1ccccc1)cc(=O)n2C,339.0,,
COc1ccc2c(c1)c(COC(=O)[C@H](Cc1ccccc1)NC(=O)OCc1ccccc1)cc(=O)n2C,COc1ccc2c(c1)c(COC(=O)[C@H](Cc1ccccc1)NC(=O)OCc1ccccc1)cc(=O)n2C,354.0,,
O=C(N[C@H](C(=O)OCc1cc(=O)n(c2c1c([N+](=O)[O-])c(C)cc2)C)Cc1ccccc1)OCc1ccccc1,Cc1ccc2c(c(COC(=O)[C@H](Cc3ccccc3)NC(=O)OCc3ccccc3)cc(=O)n2C)c1[N+](=O)[O-],341.0,,
O[C@@H](c1ccccc1)C[N+](=O)[O-],O=[N+]([O-])C[C@@H](O)c1ccccc1,215.0,,
COc1ccccc1[C@@H](C[N+](=O)[O-])O,COc1ccccc1[C@H](O)C[N+](=O)[O-],215.0,,
COc1cccc(c1)[C@@H](C[N+](=O)[O-])O,COc1cccc([C@H](O)C[N+](=O)[O-])c1,215.0,,
O[C@@H](c1ccc(cc1)C)C[N+](=O)[O-],Cc1ccc([C@H](O)C[N+](=O)[O-])cc1,215.0,,
[O-][N+](=O)C[C@H](c1ccccc1Cl)O,O=[N+]([O-])C[C@@H](O)c1ccccc1Cl,215.0,,
[O-][N+](=O)CC(c1cccc(c1)Cl)O,O=[N+]([O-])CC(O)c1cccc(Cl)c1,215.0,,
O[C@@H](c1ccc(cc1)Cl)C[N+](=O)[O-],O=[N+]([O-])C[C@@H](O)c1ccc(Cl)cc1,215.0,,
[O-][N+](=O)CC(c1ccccc1Br)O,O=[N+]([O-])CC(O)c1ccccc1Br,215.0,,
[O-][N+](=O)CC(c1cccc(c1)Br)O,O=[N+]([O-])CC(O)c1cccc(Br)c1,215.0,,
O[C@@H](c1ccc(cc1)Br)C[N+](=O)[O-],O=[N+]([O-])C[C@@H](O)c1ccc(Br)cc1,215.0,,
O[C@@H](c1ccc(cc1)F)C[N+](=O)[O-],O=[N+]([O-])C[C@@H](O)c1ccc(F)cc1,215.0,,
[O-][N+](=O)C[C@H](c1cccc2c1cccc2)O,O=[N+]([O-])C[C@@H](O)c1cccc2ccccc12,215.0,,
[O-][N+](=O)C[C@H](c1ccc2c(c1)cccc2)O,O=[N+]([O-])C[C@@H](O)c1ccc2ccccc2c1,215.0,,
O[C@@H](Cc1ccco1)C[N+](=O)[O-],O=[N+]([O-])C[C@@H](O)Cc1ccco1,215.0,,
[O-][N+](=O)C[C@H](c1ccccc1[N+](=O)[O-])O,O=[N+]([O-])C[C@@H](O)c1ccccc1[N+](=O)[O-],215.0,,
[O-][N+](=O)C[C@H](c1cccc(c1)[N+](=O)[O-])O,O=[N+]([O-])C[C@@H](O)c1cccc([N+](=O)[O-])c1,215.0,,
[O-][N+](=O)C[C@H](c1ccc(cc1)[N+](=O)[O-])O,O=[N+]([O-])C[C@@H](O)c1ccc([N+](=O)[O-])cc1,215.0,,
[O-][N+](=O)CC(c1cccc(c1)O)O,O=[N+]([O-])CC(O)c1cccc(O)c1,215.0,,
O[C@@H](C1CCCCC1)C[N+](=O)[O-],O=[N+]([O-])C[C@@H](O)C1CCCCC1,215.0,,
O[C@@H](C(C)C)C[N+](=O)[O-],CC(C)[C@H](O)C[N+](=O)[O-],220.0,,
CC(C[C@@H](C[N+](=O)[O-])O)C,CC(C)C[C@H](O)C[N+](=O)[O-],215.0,,
COc1c(O)c2c3ccccc3n(c2c2c1c1ccccc1n2C)C,COc1c(O)c2c3ccccc3n(C)c2c2c1c1ccccc1n2C,450.0,,
CC1=CC(=C(c2ccc(c(c2)S(=O)(=O)O)N)c2ccc(c(c2)S(=O)(=O)[O-])N)C=C(C1=N)S(=O)(=O)[O-].[Na+].[Na+],CC1=CC(=C(c2ccc(N)c(S(=O)(=O)[O-])c2)c2ccc(N)c(S(=O)(=O)O)c2)C=C(S(=O)(=O)[O-])C1=N.[Na+].[Na+],508.0,,
CCN(c1cc2[o+]c3cc(N(CC)CC)c(cc3c(c2cc1C)c1ccc(cc1S(=O)(=O)[O-])S(=O)(=O)[O-])C)CC.[Na+],CCN(CC)c1cc2[o+]c3cc(N(CC)CC)c(C)cc3c(-c3ccc(S(=O)(=O)[O-])cc3S(=O)(=O)[O-])c2cc1C.[Na+],533.0,,
Oc1cc(c2c3c1ccc1c3c(cc2)c(cc1S(=O)(=O)[O-])S(=O)(=O)[O-])S(=O)(=O)[O-].[Na+].[Na+].[Na+],O=S(=O)([O-])c1cc(O)c2ccc3c(S(=O)(=O)[O-])cc(S(=O)(=O)[O-])c4ccc1c2c34.[Na+].[Na+].[Na+],458.0,,
Nc1ccc2c(c1S(=O)(=O)[O-])cccc2S(=O)(=O)[O-],Nc1ccc2c(S(=O)(=O)[O-])cccc2c1S(=O)(=O)[O-],349.0,,
Nc1ccc2c(c1S(=O)(=O)[O-])cccc2,Nc1ccc2ccccc2c1S(=O)(=O)[O-],340.0,,
Nc1ccccc1S(=O)(=O)[O-],Nc1ccccc1S(=O)(=O)[O-],317.0,,
O=C1C(=NNc2ccc(c3c2cccc3)S(=O)(=O)[O-])c2ccc(cc2C=C1S(=O)(=O)[O-])S(=O)(=O)[O-].[Na+].[Na+].[Na+],O=C1C(S(=O)(=O)[O-])=Cc2cc(S(=O)(=O)[O-])ccc2C1=NNc1ccc(S(=O)(=O)[O-])c2ccccc12.[Na+].[Na+].[Na+],517.0,,
Oc1cc(cc2c1C(=O)C(=NNc1ccc(cc1)[N+](=O)[O-])C(=C2)S(=O)(=O)[O-])S(=O)(=O)[O-].[Na+].[Na+],O=C1C(=NNc2ccc([N+](=O)[O-])cc2)C(S(=O)(=O)[O-])=Cc2cc(S(=O)(=O)[O-])cc(O)c21.[Na+].[Na+],503.0,,
OC[C@H]1O[C@H]([C@@H]([C@@H]1O)O)n1cc(c2c1ncnc2N)Cl,Nc1ncnc2c1c(Cl)cn2[C@@H]1O[C@H](CO)[C@@H](O)[C@H]1O,281.0,,
OC[C@H]1O[C@H]([C@@H]([C@@H]1O)O)n1cc(c2c1ncnc2N)Br,Nc1ncnc2c1c(Br)cn2[C@@H]1O[C@H](CO)[C@@H](O)[C@H]1O,281.0,,
OC[C@H]1O[C@H]([C@@H]([C@@H]1O)O)n1cc(c2c1ncnc2N)I,Nc1ncnc2c1c(I)cn2[C@@H]1O[C@H](CO)[C@@H](O)[C@H]1O,284.0,,
OC[C@H]1O[C@H]([C@@H]([C@@H]1O)O)n1cc(c2c1ncnc2N)C#CC,CC#Cc1cn([C@@H]2O[C@H](CO)[C@@H](O)[C@H]2O)c2ncnc(N)c12,280.0,,
OC[C@H]1O[C@H]([C@@H]([C@@H]1O)O)n1cc(c2c1ncnc2N)C#CCN1C(=O)c2c(C1=O)cccc2,Nc1ncnc2c1c(C#CCN1C(=O)c3ccccc3C1=O)cn2[C@@H]1O[C@H](CO)[C@@H](O)[C@H]1O,280.0,,
OCC1OC(C(C1O)O)n1ccc2c1[nH]cnc2=O,O=c1nc[nH]c2c1ccn2C1OC(CO)C(O)C1O,259.0,,
OC[C@H]1O[C@H]([C@@H]([C@@H]1O)O)n1cc(c2c1nc[nH]c2=O)F,O=c1[nH]cnc2c1c(F)cn2[C@@H]1O[C@H](CO)[C@@H](O)[C@H]1O,264.0,,
OC[C@H]1O[C@H]([C@@H]([C@@H]1O)O)n1cc(c2c1nc[nH]c2=O)Cl,O=c1[nH]cnc2c1c(Cl)cn2[C@@H]1O[C@H](CO)[C@@H](O)[C@H]1O,264.0,,
OC[C@H]1O[C@H]([C@@H]([C@@H]1O)O)n1cc(c2c1nc[nH]c2=O)Br,O=c1[nH]cnc2c1c(Br)cn2[C@@H]1O[C@H](CO)[C@@H](O)[C@H]1O,265.0,,
Nc1ccc(c(c1)O)C(=O)Oc1ccccc1,Nc1ccc(C(=O)Oc2ccccc2)c(O)c1,791.0,,
OC(=O)C(c1cccc(c1)C(=O)c1ccccc1)C,CC(C(=O)O)c1cccc(C(=O)c2ccccc2)c1,290.0,,
CCn1cc(C(=O)O)c(=O)c2c1nc(C)cc2,CCn1cc(C(=O)O)c(=O)c2ccc(C)nc21,336.0,,
Cc1oc2c(c1C(=O)c1cc(I)c(c(c1)I)OCCN(CC)CC)cccc2,CCN(CC)CCOc1c(I)cc(C(=O)c2c(C)oc3ccccc23)cc1I,303.0,,
CN([C@@H]1C(=O)C(=C(O)N)C(=O)[C@@]2([C@H]1[C@@H](O)[C@H]1C(=C(O)c3c([C@@]1(C)O)cccc3O)C2=O)O)C.O.O,CN(C)[C@@H]1C(=O)C(=C(N)O)C(=O)[C@@]2(O)C(=O)C3=C(O)c4c(O)cccc4[C@@](C)(O)[C@H]3[C@H](O)[C@@H]12.O.O,363.0,,
OCC=C(C=CC=C(C=CC1=C(C)CCCC1(C)C)C)C,CC(C=CC1=C(C)CCCC1(C)C)=CC=CC(C)=CCO,370.0,,
CN(CCCN1c2ccccc2Sc2c1cc(Cl)cc2)C,CN(C)CCCN1c2ccccc2Sc2ccc(Cl)cc21,307.0,,
COc1ccc2c(c1)c(CC(=O)O)c(n2C(=O)c1ccc(cc1)Cl)C,COc1ccc2c(c1)c(CC(=O)O)c(C)n2C(=O)c1ccc(Cl)cc1,320.0,,
CCOC(=O)C1=C(C)NC(=C(C1c1cccc(c1)[N+](=O)[O-])C(=O)OC)C,CCOC(=O)C1=C(C)NC(C)=C(C(=O)OC)C1c1cccc([N+](=O)[O-])c1,358.0,,
O=C1NC(=O)NC1(c1ccccc1)c1ccccc1,O=C1NC(=O)C(c2ccccc2)(c2ccccc2)N1,290.0,,
CC(=O)Oc1ccccc1C(=O)O,CC(=O)Oc1ccccc1C(=O)O,290.0,,
O=C(c1ccccc1)OOC(=O)c1ccccc1,O=C(OOC(=O)c1ccccc1)c1ccccc1,290.0,,
CCOC(=O)c1ccc(cc1)N,CCOC(=O)c1ccc(N)cc1,290.0,,
CCC(=C(c1ccccc1)c1ccc(cc1)OCCN(C)C)c1ccccc1,CCC(=C(c1ccccc1)c1ccc(OCCN(C)C)cc1)c1ccccc1,290.0,,
C=C[C@H]1CN2CC[C@@H]1C[C@H]2[C@@H](c1ccnc2c1cc(OC)cc2)O,C=C[C@H]1CN2CC[C@@H]1C[C@H]2[C@H](O)c1ccnc2ccc(OC)cc12,331.0,,
OC(=O)c1cc(c(cc1NCc1ccco1)Cl)S(=O)(=O)N,NS(=O)(=O)c1cc(C(=O)O)c(NCc2ccco2)cc1Cl,331.0,,
[O-]C(=O)C(=COP(=O)O)c1ccccc1,O=C([O-])C(=CO[PH](=O)O)c1ccccc1,435.0,,
CCc1nc(N)nc(c1c1ccc(cc1)Cl)N,CCc1nc(N)nc(N)c1-c1ccc(Cl)cc1,420.0,,
O=C[C@@H]([C@H]([C@H]([C@@H](C(=O)O)O)O)O)O,O=C[C@H](O)[C@@H](O)[C@@H](O)[C@H](O)C(=O)O,640.0,,
OC[C@H]1O[C@H](OP(=O)(OP(=O)(OC[C@H]2O[C@H]([C@@H]([C@@H]2O)O)n2ccc(=O)[nH]c2=O)O)O)[C@@H]([C@H]([C@@H]1O)O)O,O=c1ccn([C@@H]2O[C@H](COP(=O)(O)OP(=O)(O)O[C@H]3O[C@H](CO)[C@@H](O)[C@H](O)[C@H]3O)[C@@H](O)[C@H]2O)c(=O)[nH]1,625.0,,
O=[V+2],[O]=[V+2],610.0,,
[S][Pd],[S][Pd],238.0,,
COC1(OOC21C1CC3CC2CC(C1)(C3)Cl)c1cccc(c1)OP(=O)(O)O,COC1(c2cccc(OP(=O)(O)O)c2)OOC12C1CC3CC2CC(Cl)(C3)C1,290.0,,
NC(=NCCCSSCCCN=C(N)N)N.[Br-].[Br-].[H+].[H+],NC(N)=NCCCSSCCCN=C(N)N.[Br-].[Br-].[H+].[H+],238.0,,
OC[C@H]1O[C@@H](Oc2cc3C[C@H]([N+](=CC=C4C[C@H](NC(=C4)C(=O)O)C(=O)O)c3cc2O)C(=O)[O-])[C@@H]([C@H]([C@@H]1O)O)O[C@@H]1O[C@H](CO)[C@H]([C@@H]([C@H]1O)O)O,O=C(O)C1=CC(=CC=[N+]2c3cc(O)c(O[C@@H]4O[C@H](CO)[C@@H](O)[C@H](O)[C@H]4O[C@@H]4O[C@H](CO)[C@@H](O)[C@H](O)[C@H]4O)cc3C[C@H]2C(=O)[O-])C[C@@H](C(=O)O)N1,534.0,,
OC[C@H]1O[C@@H](Oc2cc3C[C@H]([N+](=CC=C4C[C@H](NC(=C4)C(=O)O)C(=O)O)c3cc2O)C(=O)[O-])[C@@H]([C@H]([C@@H]1O)O)O[C@@H]1O[C@H](C(=O)O)[C@H]([C@@H]([C@H]1O)O)O,O=C(O)C1=CC(=CC=[N+]2c3cc(O)c(O[C@@H]4O[C@H](CO)[C@@H](O)[C@H](O)[C@H]4O[C@@H]4O[C@H](C(=O)O)[C@@H](O)[C@H](O)[C@H]4O)cc3C[C@H]2C(=O)[O-])C[C@@H](C(=O)O)N1,535.0,,
[O-]C(=O)[C@@H]1Cc2c(N1C=CC1=CC(=[NH+][C@@H](C1)C(=O)O)C(=O)O)cc(c(c2)O)O,O=C(O)C1=[NH+][C@H](C(=O)O)CC(C=CN2c3cc(O)c(O)cc3C[C@H]2C(=O)[O-])=C1,541.0,,
OC[C@H]1O[C@@H](Oc2cc3C[C@H]([N+](=CC=C4C[C@H](NC(=C4)C(=O)O)C(=O)O)c3cc2O)C(=O)[O-])[C@@H]([C@H]([C@@H]1O)O)O[C@@H]1O[C@H](C(=O)O)[C@H]([C@@H]([C@H]1OC(=O)C=Cc1ccc(c(c1)OC)O)O)O,COc1cc(C=CC(=O)O[C@H]2[C@H](O[C@H]3[C@H](Oc4cc5c(cc4O)[N+](=CC=C4C=C(C(=O)O)N[C@H](C(=O)O)C4)[C@H](C(=O)[O-])C5)O[C@H](CO)[C@@H](O)[C@@H]3O)O[C@H](C(=O)O)[C@@H](O)[C@@H]2O)ccc1O,320.0,,
O=C(C=Cc1ccc(cc1)O)OC[C@H]1O[C@@H](Oc2cc3c(cc2O)C[C@H](N3C=CC2=CC(=[NH+][C@@H](C2)C(=O)O)C(=O)O)C(=O)[O-])[C@@H]([C@H]([C@@H]1O)O)O,O=C(C=Cc1ccc(O)cc1)OC[C@H]1O[C@@H](Oc2cc3c(cc2O)C[C@@H](C(=O)[O-])N3C=CC2=CC(C(=O)O)=[NH+][C@H](C(=O)O)C2)[C@H](O)[C@@H](O)[C@@H]1O,323.0,,
BI,BI,472.0,,
B[I][I]I,B[I][I]I,470.0,,
CNCc1ccc(cc1)c1ncnc2c1[nH]cn2,CNCc1ccc(-c2ncnc3nc[nH]c23)cc1,473.0,,
B[I]I,B[I]I,461.0,,
O[C@H]1C[C@H](O)C(=C)C(=C1)CC=C1CCC[C@]2([C@H]1CC[C@@H]2C(CCCC(O)(C)C)CCCC(O)(C)C)C,C=C1C(CC=C2CCC[C@]3(C)[C@@H](C(CCCC(C)(C)O)CCCC(C)(C)O)CC[C@@H]23)=C[C@@H](O)C[C@@H]1O,458.0,,
B[V][I][I]I,[BH2][V][I][I]I,472.0,,
B[V],[BH2][V],468.0,,
B[V][I]I,[BH2][V][I]I,471.0,,
c1ccc2Cc(c1)cccc2,C1=CC=C2C=CC=CC(=C1)C2,660.0,,CHCl3
COc1c2ccc(=O)oc2c(c2c1cco2)OC,COc1c2ccoc2c(OC)c2oc(=O)ccc12,223.2,27542.28703,
COc1c2ccc(=O)oc2cc2c1cco2,COc1c2ccoc2cc2oc(=O)ccc12,222.0,26915.34804,
O=c1ccc2c(o1)cc1c(c2OCC(=O)C(C)C)cco1,CC(C)C(=O)COc1c2ccoc2cc2oc(=O)ccc12,222.0,24547.08916,
CC(=CCOc1c2occc2cc2c1oc(=O)cc2)C,CC(C)=CCOc1c2occc2cc2ccc(=O)oc12,217.9,28840.31503,
COc1c2ccoc2c(c2c1ccc(=O)o2)OCC=C(C)C,COc1c2ccoc2c(OCC=C(C)C)c2oc(=O)ccc12,223.1,28840.31503,
CC(=CCOc1c2ccoc2cc2c1ccc(=O)o2)C,CC(C)=CCOc1c2ccoc2cc2oc(=O)ccc12,222.1,28183.82931,
O=C(C(NC(=O)c1ccccc1)Cc1ccc(cc1)O)Nc1ccc(cc1)C(=O)O,O=C(O)c1ccc(NC(=O)C(Cc2ccc(O)cc2)NC(=O)c2ccccc2)cc1,672.0,,CHCl3
COc1cc2c(CCl)cc(=O)oc2c2c1cccc2,COc1cc2c(CCl)cc(=O)oc2c2ccccc12,379.0,4786.300923,EtOH
COc1cc2c(C)cc(=O)oc2c2c1cccc2,COc1cc2c(C)cc(=O)oc2c2ccccc12,371.0,3715.352291,EtOH
O=c1cc(C)c2c(o1)c1ccccc1c(c2)O,Cc1cc(=O)oc2c1cc(O)c1ccccc12,380.0,5128.61384,EtOH
COc1cc2c(C=O)cc(=O)oc2c2c1cccc2,COc1cc2c(C=O)cc(=O)oc2c2ccccc12,377.0,5370.317964,EtOH
COc1cc2c(CO)cc(=O)oc2c2c1cccc2,COc1cc2c(CO)cc(=O)oc2c2ccccc12,365.0,4897.788194,EtOH
COc1cc2c(COC(=O)[C@@H](NC(=O)OCc3ccccc3)C)cc(=O)oc2c2c1cccc2,COc1cc2c(COC(=O)[C@H](C)NC(=O)OCc3ccccc3)cc(=O)oc2c2ccccc12,375.0,5248.074603,EtOH
COc1cc2c(COC(=O)[C@@H](N)C)cc(=O)oc2c2c1cccc2.Br,Br.COc1cc2c(COC(=O)[C@H](C)N)cc(=O)oc2c2ccccc12,373.0,3090.295433,EtOH
COC(=O)CCNC(=O)OCc1cc(=O)oc2c1cc(OC)c1c2cccc1,COC(=O)CCNC(=O)OCc1cc(=O)oc2c1cc(OC)c1ccccc12,374.0,5011.872336,EtOH
COc1cc2c(COC(=O)NCCC(=O)O)cc(=O)oc2c2c1cccc2,COc1cc2c(COC(=O)NCCC(=O)O)cc(=O)oc2c2ccccc12,373.0,3311.311215,EtOH
OCC1OC(C(C1O)O)n1cnc2c1[nH]cnc2=S,OCC1OC(n2cnc3c(=S)nc[nH]c32)C(O)C1O,320.0,,
CCOC(=O)C1=C(C)NC(=S)N[C@H]1c1cccc(c1)O,CCOC(=O)C1=C(C)NC(=S)N[C@H]1c1cccc(O)c1,262.0,,
COc1ccc2c(c1)oc(=O)cc2COC(=O)[C@H](Cc1ccccc1)NC(=O)OCc1ccccc1,COc1ccc2c(COC(=O)[C@H](Cc3ccccc3)NC(=O)OCc3ccccc3)cc(=O)oc2c1,322.0,,
COc1ccc2c(c1)n(C)c(=O)cc2COC(=O)[C@H](Cc1ccccc1)NC(=O)OCc1ccccc1,COc1ccc2c(COC(=O)[C@H](Cc3ccccc3)NC(=O)OCc3ccccc3)cc(=O)n(C)c2c1,328.0,,
COc1ccc2c(c1)c(COC(=O)[C@@H](NC(=O)OCc1ccccc1)C)cc(=O)n2C,COc1ccc2c(c1)c(COC(=O)[C@H](C)NC(=O)OCc1ccccc1)cc(=O)n2C,355.0,,
O=C(N[C@H](C(=O)OCc1cc(=S)oc2c1ccc(c2)C)Cc1ccccc1)OCc1ccccc1,Cc1ccc2c(COC(=O)[C@H](Cc3ccccc3)NC(=O)OCc3ccccc3)cc(=S)oc2c1,377.0,,
COc1ccc2c(c1)oc(=S)cc2COC(=O)[C@H](Cc1ccccc1)NC(=O)OCc1ccccc1,COc1ccc2c(COC(=O)[C@H](Cc3ccccc3)NC(=O)OCc3ccccc3)cc(=S)oc2c1,395.0,,
COc1ccc2c(c1)n(C)c(=S)cc2COC(=O)[C@H](Cc1ccccc1)NC(=O)OCc1ccccc1,COc1ccc2c(COC(=O)[C@H](Cc3ccccc3)NC(=O)OCc3ccccc3)cc(=S)n(C)c2c1,385.0,,
O=C(N[C@H](C(=O)OCc1cc(=S)n(c2c1cccc2)C)Cc1ccccc1)OCc1ccccc1,Cn1c(=S)cc(COC(=O)[C@H](Cc2ccccc2)NC(=O)OCc2ccccc2)c2ccccc21,384.0,,
O=C(N[C@H](C(=O)OCc1cc(=S)n(c2c1cc(C)cc2)C)Cc1ccccc1)OCc1ccccc1,Cc1ccc2c(c1)c(COC(=O)[C@H](Cc1ccccc1)NC(=O)OCc1ccccc1)cc(=S)n2C,388.0,,
COc1ccc2c(c1)c(COC(=O)[C@H](Cc1ccccc1)NC(=O)OCc1ccccc1)cc(=S)n2C,COc1ccc2c(c1)c(COC(=O)[C@H](Cc1ccccc1)NC(=O)OCc1ccccc1)cc(=S)n2C,401.0,,
COc1ccc2c(c1)c(COC(=O)[C@@H](NC(=O)OCc1ccccc1)C)cc(=S)n2C,COc1ccc2c(c1)c(COC(=O)[C@H](C)NC(=O)OCc1ccccc1)cc(=S)n2C,395.0,,
CN(CCCN1c2ccccc2CCc2c1cccc2)C,CN(C)CCCN1c2ccccc2CCc2ccccc21,290.0,,
Clc1cc2NC=NS(=O)(=O)c2cc1S(=O)(=O)N,NS(=O)(=O)c1cc2c(cc1Cl)NC=NS2(=O)=O,313.0,,
COc1cc(O)c(cc1S(=O)(=O)O)C(=O)c1ccccc1,COc1cc(O)c(C(=O)c2ccccc2)cc1S(=O)(=O)O,319.0,,
c1ccc2c(c1)cc1c(c2)cccc1,c1ccc2cc3ccccc3cc2c1,379.0,,
Fc1ccc(cc1)C(=O)CCCN1CCC(CC1)(O)c1ccc(cc1)Cl,O=C(CCCN1CCC(O)(c2ccc(Cl)cc2)CC1)c1ccc(F)cc1,290.0,,
OCC1OC(C(C1O)O)C1NNc2c1ncnc2N,Nc1ncnc2c1NNC2C1OC(CO)C(O)C1O,294.0,,
NC(C(=O)O)CC(=O)c1cccc2c1nc1c(o2)cc(=O)c2c1c(=O)cc([nH]2)C(=O)O,NC(CC(=O)c1cccc2oc3cc(=O)c4[nH]c(C(=O)O)cc(=O)c4c-3nc12)C(=O)O,459.0,,water
OC(=O)c1cc(=O)c2c([nH]1)cccc2,O=C(O)c1cc(=O)c2ccccc2[nH]1,332.0,,water
OC(=O)C(CC(=O)c1cccc(c1N)O)N,Nc1c(O)cccc1C(=O)CC(N)C(=O)O,373.0,,water
OC(=O)C(CC(=O)c1ccccc1N)N,Nc1ccccc1C(=O)CC(N)C(=O)O,363.0,,water
Clc1ccc(cc1)n1c2=CC(N=Cc2cc2c1nn(c2C(=O)C)C)c1ccccc1,CC(=O)c1c2c(nn1C)N(c1ccc(Cl)cc1)C1=CC(c3ccccc3)N=CC1=C2,353.0,,
Brc1ccc(cc1)n1c2=CC(N=Cc2cc2c1nn(c2C(=O)C)C)c1ccccc1,CC(=O)c1c2c(nn1C)N(c1ccc(Br)cc1)C1=CC(c3ccccc3)N=CC1=C2,361.0,,
CCOC(=O)c1n(C)nc2c1cc1C=NC(C=c1n2c1ccc(cc1)Cl)c1ccccc1,CCOC(=O)c1c2c(nn1C)N(c1ccc(Cl)cc1)C1=CC(c3ccccc3)N=CC1=C2,346.0,,
Clc1ccc(cc1)n1c2=CC(N=Cc2cc2c1nn(c2)C)c1ccccc1,Cn1cc2c(n1)N(c1ccc(Cl)cc1)C1=CC(c3ccccc3)N=CC1=C2,349.0,,
Brc1ccc(cc1)n1c2=CC(N=Cc2cc2c1nn(c2)C)c1ccccc1,Cn1cc2c(n1)N(c1ccc(Br)cc1)C1=CC(c3ccccc3)N=CC1=C2,355.0,,
Clc1ccc(cc1)c1nn(c2c1c1nc3CCCc3cc1cn2)c1ccccc1,Clc1ccc(-c2nn(-c3ccccc3)c3ncc4cc5c(nc4c23)CCC5)cc1,355.0,,
Brc1ccc(cc1)c1nn(c2c1c1nc3CCCc3cc1cn2)c1ccccc1,Brc1ccc(-c2nn(-c3ccccc3)c3ncc4cc5c(nc4c23)CCC5)cc1,354.0,,
Clc1ccc(cc1)c1nn(c2c1c1nc3Cc3cc1cn2)c1ccccc1,Clc1ccc(-c2nn(-c3ccccc3)c3ncc4cc5c(nc4c23)C5)cc1,357.0,,
Brc1ccc(cc1)c1nn(c2c1c1nc3Cc3cc1cn2)c1ccccc1,Brc1ccc(-c2nn(-c3ccccc3)c3ncc4cc5c(nc4c23)C5)cc1,343.0,,
Clc1ccc(cc1)c1nn(c2c1c1nc3C(C)CCCc3cc1cn2)c1ccccc1,CC1CCCc2cc3cnc4c(c(-c5ccc(Cl)cc5)nn4-c4ccccc4)c3nc21,357.0,,
CC1CCc2c(C1)nc1c(c2)cnc2c1c(nn2c1ccccc1)c1ccc(cc1)Cl,CC1CCc2cc3cnc4c(c(-c5ccc(Cl)cc5)nn4-c4ccccc4)c3nc2C1,356.0,,
CC1CCc2c(C1)nc1c(c2)cnc2c1c(nn2c1ccccc1)c1ccc(cc1)Br,CC1CCc2cc3cnc4c(c(-c5ccc(Br)cc5)nn4-c4ccccc4)c3nc2C1,354.0,,
CCOC(=O)C1CCCc2c1nc1c(c2)cnc2c1c(nn2c1ccccc1)c1ccc(cc1)Cl,CCOC(=O)C1CCCc2cc3cnc4c(c(-c5ccc(Cl)cc5)nn4-c4ccccc4)c3nc21,355.0,,
CCOC(=O)C1CCCc2c1nc1c(c2)cnc2c1c(nn2c1ccccc1)c1ccc(cc1)Br,CCOC(=O)C1CCCc2cc3cnc4c(c(-c5ccc(Br)cc5)nn4-c4ccccc4)c3nc21,369.0,,
O=C1CCc2c(C1)nc1c(c2)cnc2c1c(nn2c1ccccc1)c1ccc(cc1)Cl,O=C1CCc2cc3cnc4c(c(-c5ccc(Cl)cc5)nn4-c4ccccc4)c3nc2C1,363.0,,
O=C1CCc2c(C1)nc1c(c2)cnc2c1c(nn2c1ccccc1)c1ccc(cc1)Br,O=C1CCc2cc3cnc4c(c(-c5ccc(Br)cc5)nn4-c4ccccc4)c3nc2C1,356.0,,
O=C1Cc2nc3c(cc2C(C1)(C)C)cnc1c3c(nn1c1ccccc1)c1ccc(cc1)Cl,CC1(C)CC(=O)Cc2nc3c(cnc4c3c(-c3ccc(Cl)cc3)nn4-c3ccccc3)cc21,345.0,,
Clc1ccc(cc1)c1nn(c2c1c1nc3c(cc1cn2)CCc1c3cccc1)c1ccccc1,Clc1ccc(-c2nn(-c3ccccc3)c3ncc4cc5c(nc4c23)-c2ccccc2CC5)cc1,376.0,,
Brc1ccc(cc1)c1nn(c2c1c1nc3c(cc1cn2)CCc1c3cccc1)c1ccccc1,Brc1ccc(-c2nn(-c3ccccc3)c3ncc4cc5c(nc4c23)-c2ccccc2CC5)cc1,381.0,,
COc1ccc2c(c1)CCc1c2nc2c(c1)cnc1c2c(nn1c1ccccc1)c1ccc(cc1)Cl,COc1ccc2c(c1)CCc1cc3cnc4c(c(-c5ccc(Cl)cc5)nn4-c4ccccc4)c3nc1-2,390.0,,
Clc1ccc(cc1)c1nn(c2c1c1nc3c(cc1cn2)Cc1c3cccc1)c1ccccc1,Clc1ccc(-c2nn(-c3ccccc3)c3ncc4cc5c(nc4c23)-c2ccccc2C5)cc1,382.0,,
Brc1ccc(cc1)c1nn(c2c1c1nc3c(cc1cn2)Cc1c3cccc1)c1ccccc1,Brc1ccc(-c2nn(-c3ccccc3)c3ncc4cc5c(nc4c23)-c2ccccc2C5)cc1,377.0,,
COc1cc2c(cc1OC)Cc1c2nc2c(c1)cnc1c2c(nn1c1ccccc1)c1ccc(cc1)Cl,COc1cc2c(cc1OC)-c1nc3c(cnc4c3c(-c3ccc(Cl)cc3)nn4-c3ccccc3)cc1C2,393.0,,
COc1cc2c(cc1OC)Cc1c2nc2c(c1)cnc1c2c(nn1c1ccccc1)c1ccc(cc1)Br,COc1cc2c(cc1OC)-c1nc3c(cnc4c3c(-c3ccc(Br)cc3)nn4-c3ccccc3)cc1C2,388.0,,
Clc1ccc(cc1)c1nn(c2c1c1nc3c(cc1cn2)CC(c1c3cccc1)c1ccc(c(c1)Cl)Cl)c1ccccc1,Clc1ccc(-c2nn(-c3ccccc3)c3ncc4cc5c(nc4c23)-c2ccccc2C(c2ccc(Cl)c(Cl)c2)C5)cc1,383.0,,
Brc1ccc(cc1)c1nn(c2c1c1nc3c(cc1cn2)CC(c1c3cccc1)c1ccc(c(c1)Cl)Cl)c1ccccc1,Clc1ccc(C2Cc3cc4cnc5c(c(-c6ccc(Br)cc6)nn5-c5ccccc5)c4nc3-c3ccccc32)cc1Cl,369.0,,
O=Cc1cccc(c1O)O,O=Cc1cccc(O)c1O,357.0,,
OC[C@H]1O[C@@H](Oc2cc3O[C@@H](CC(=O)c3c(c2)O)c2ccc(cc2)OC)[C@@H]([C@H]([C@@H]1O)O)O[C@@H]1O[C@@H](C)[C@@H]([C@H]([C@H]1O)O)O,COc1ccc([C@@H]2CC(=O)c3c(O)cc(O[C@@H]4O[C@H](CO)[C@@H](O)[C@H](O)[C@H]4O[C@@H]4O[C@@H](C)[C@H](O)[C@@H](O)[C@H]4O)cc3O2)cc1,328.0,,
c1ccc2c(c1)sc(n2)N=Nc1nc2c(s1)cccc2,c1ccc2sc(N=Nc3nc4ccccc4s3)nc2c1,427.0,28700.0,MeCN
c1scc(c1)c1cnc2c(c1)ccc1c2nccc1,c1cnc2c(c1)ccc1cc(-c3ccsc3)cnc12,426.0,33300.0,CH 2 Cl 2
CN(CCNC(=N)Nc1ccc2c(c1)nc1c(c2Nc2ccc(cc2)N(C)C)ccc(c1)NC(=N)NCCN(C)C)C,CN(C)CCNC(=N)Nc1ccc2c(Nc3ccc(N(C)C)cc3)c3ccc(NC(=N)NCCN(C)C)cc3nc2c1,375.0,,
CCOC(=O)c1[nH]c(c(c1C)C(=NN)C(=O)c1cc(cc(c1)[N+](=O)[O-])[N+](=O)[O-])C,CCOC(=O)c1[nH]c(C)c(C(=NN)C(=O)c2cc([N+](=O)[O-])cc([N+](=O)[O-])c2)c1C,349.2,,
N#Cc1ccc(cc1)C#Cc1ccc(cc1)c1nc(c([nH]1)c1ccc(cc1)N(C)C)c1ccc(cc1)N(C)C,CN(C)c1ccc(-c2nc(-c3ccc(C#Cc4ccc(C#N)cc4)cc3)[nH]c2-c2ccc(N(C)C)cc2)cc1,405.0,,CH 2 Cl 2
OC(=O)c1ccc(cn1)C(=O)O,O=C(O)c1ccc(C(=O)O)nc1,273.0,,
c1ccc(cc1)Cn1c(nc(c1c1ccco1)c1ccco1)c1ccco1,c1ccc(Cn2c(-c3ccco3)nc(-c3ccco3)c2-c2ccco2)cc1,306.0,,
N#Cc1ccc(cc1C#N)Oc1ccc(cc1)N=Nc1ccc(c(c1)C=O)O,N#Cc1ccc(Oc2ccc(N=Nc3ccc(O)c(C=O)c3)cc2)cc1C#N,344.0,,
CCNC(=O)Nc1ccc2c(c1)c(C)nc1c2cccc1,CCNC(=O)Nc1ccc2c(c1)c(C)nc1ccccc12,268.0,,
CCN1CCN(c2c1cc1cc(C#N)c(=O)oc1c2)CC,CCN1CCN(CC)c2cc3oc(=O)c(C#N)cc3cc21,495.0,,Methanol
Cc1ccc(cc1)C(=O)OCc1ccc2c3c1cccc3c1c3c2cccc3ccc1,Cc1ccc(C(=O)OCc2ccc3c4cccc5cccc(c6cccc2c63)c54)cc1,445.0,,
Cc1ccccn1,Cc1ccccn1,550.0,41686.93835,
c1ccc(cc1)c1ccc(cc1)c1ccc(s1)c1ccc(s1)c1ccc(cc1)c1ccccc1,c1ccc(-c2ccc(-c3ccc(-c4ccc(-c5ccc(-c6ccccc6)cc5)s4)s3)cc2)cc1,390.0,,
Cc1ccc(cc1)C=Cc1ccc(cc1)c1nc(c(n1c1ccc(cc1)Cl)c1ccccc1)c1ccccc1,Cc1ccc(C=Cc2ccc(-c3nc(-c4ccccc4)c(-c4ccccc4)n3-c3ccc(Cl)cc3)cc2)cc1,335.0,,
CN(CCNc1ccc2c3c1cccc3c(=O)n(c2=O)C(C(=O)Nc1ccc(cc1)S(=O)(=O)c1ccc(cc1)N)CC(C)C)C,CC(C)CC(C(=O)Nc1ccc(S(=O)(=O)c2ccc(N)cc2)cc1)N1C(=O)c2cccc3c(NCCN(C)C)ccc(c23)C1=O,527.0,20417.37945,
c1ccc2c(c1)snn2,c1ccc2snnc2c1,571.0,18240.0,
CCN(c1ccc(cc1)C=Cc1ccn2c(c1)nc(c2)c1ccc(cc1)OC)CC,CCN(CC)c1ccc(C=Cc2ccn3cc(-c4ccc(OC)cc4)nc3c2)cc1,453.0,29512.09227,Toluene
c1ccc(cc1)c1ccc2c(c1)c(c1ccc(cc1)c1ccccc1)c1c(c2c2ccc(cc2)c2ccccc2)cccc1,c1ccc(-c2ccc(-c3c4ccccc4c(-c4ccc(-c5ccccc5)cc4)c4cc(-c5ccccc5)ccc34)cc2)cc1,396.0,10870.0,
c1csc(c1)c1cnc(cn1)c1cccs1,c1csc(-c2cnc(-c3cccs3)cn2)c1,367.0,,
c1csc(c1)c1cccs1,c1csc(-c2cccs2)c1,415.0,,
CN1c2ccccc2C(C21C=Nc1c(O2)ccc2c1ccc(c2)C=Cc1cc2ccccc2c2c1OC(C=C2)(c1ccccc1)c1ccccc1)(C)C,CN1c2ccccc2C(C)(C)C12C=Nc1c(ccc3cc(C=Cc4cc5ccccc5c5c4OC(c4ccccc4)(c4ccccc4)C=C5)ccc13)O2,612.0,,
COc1ccccc1N=Nc1nc2c(s1)cc(cc2)[N+](=O)[O-],COc1ccccc1N=Nc1nc2ccc([N+](=O)[O-])cc2s1,414.0,,Methanol
Cc1ccc(cc1)n1c(nc2c1c1ccccc1c1c2cccc1)c1ccc(cc1)F,Cc1ccc(-n2c(-c3ccc(F)cc3)nc3c4ccccc4c4ccccc4c32)cc1,344.0,,
Clc1ccc(cc1)C(=O)[C@@H]1O[C@H]1c1ccc(cc1)Cl,O=C(c1ccc(Cl)cc1)[C@@H]1O[C@H]1c1ccc(Cl)cc1,322.0,,
COc1ccccc1C=CC=NN=Cc1ccc(cc1)[N+](=O)[O-],COc1ccccc1C=CC=NN=Cc1ccc([N+](=O)[O-])cc1,360.0,,dioxane
Fc1c2oc3ccccc3oc2c2c(c1F)c(=O)c1c(c2=O)c(O)ccc1O,O=c1c2c(O)ccc(O)c2c(=O)c2c1c(F)c(F)c1oc3ccccc3oc12,490.0,,
N#CC(=Cc1ccc(cc1)N(c1ccccc1)c1ccccc1)c1ccc(cc1)Br,N#CC(=Cc1ccc(N(c2ccccc2)c2ccccc2)cc1)c1ccc(Br)cc1,409.0,,Cyclohexane
COc1ccc(cc1)c1nnc(o1)c1ccn2c(c1c1ccccc1)nc1c2cccc1,COc1ccc(-c2nnc(-c3ccn4c(nc5ccccc54)c3-c3ccccc3)o2)cc1,343.0,,
COC1OC(=O)C(=C1NCc1ccccc1Cl)Br,COC1OC(=O)C(Br)=C1NCc1ccccc1Cl,274.0,,
Fc1c(F)c2nc3c(nc2c(c1C(F)(F)F)F)c(F)c(c(c3F)C(F)(F)F)F,Fc1c(C(F)(F)F)c(F)c2nc3c(F)c(F)c(C(F)(F)F)c(F)c3nc2c1F,414.0,,
CCCOc1ccc(cc1)C1CC(=NN1c1ccc(c(c1)C)C)c1ccc(cc1)Cl,CCCOc1ccc(C2CC(c3ccc(Cl)cc3)=NN2c2ccc(C)c(C)c2)cc1,408.0,,
Oc1ccc(c2c1nccc2)N=Nc1nccs1,Oc1ccc(N=Nc2nccs2)c2cccnc12,443.0,,DMSO
O=c1cc(O)c2c(o1)c(O)ccc2,O=c1cc(O)c2cccc(O)c2o1,215.0,,
Fc1cccc(c1)Nc1nc2c(n1CCCn1cncc1)cc1c(c2)c(C)c(c(=O)o1)C(=O)N,Cc1c(C(N)=O)c(=O)oc2cc3c(cc12)nc(Nc1cccc(F)c1)n3CCCn1ccnc1,365.0,,ethanol
C1(C)c2cc3nc([nH]c3cc2c2c1cc1nc([nH]c1c2)C=Cc1ccccc1)C=Cc1ccccc1,CC1c2cc3nc(C=Cc4ccccc4)[nH]c3cc2-c2cc3[nH]c(C=Cc4ccccc4)nc3cc21,426.0,,
c1nc(cc(n1)c1cccs1)c1cccs1,c1csc(-c2cc(-c3cccs3)ncn2)c1,327.0,,
Cc1cc(ccc1c1ccc(cc1)c1[nH]c2c(n1)cccc2)c1ccc(cc1)c1[nH]c2c(n1)cccc2,Cc1cc(-c2ccc(-c3nc4ccccc4[nH]3)cc2)ccc1-c1ccc(-c2nc3ccccc3[nH]2)cc1,330.0,,
C(=O)OCc1ccccc1[N+](=O)[O-],O=COCc1ccccc1[N+](=O)[O-],260.0,,Acetonitrile
Cc1cc(c(s1)C)C1=C(CCC1=O)c1cc(sc1C)C,Cc1cc(C2=C(c3cc(C)sc3C)C(=O)CC2)c(C)s1,309.0,,
COC(=O)c1c(=O)oc2c1cc1[n-]c(n[n+](c1c2)c1ccccc1)c1ccccc1,COC(=O)c1c(=O)oc2cc3c(cc12)[n-]c(-c1ccccc1)n[n+]3-c1ccccc1,629.0,,
c1ccc(c(c1)C=Cc1ccccc1)C=Cc1ccccc1,C(=Cc1ccccc1C=Cc1ccccc1)c1ccccc1,368.0,,Benzene
Oc1cccc2c1nccc2,Oc1cccc2cccnc12,495.0,,
c1ccc(cc1)C1=CC(=CC=Cc2cnccn2)C=C(O1)c1ccccc1,C(=Cc1cnccn1)C=C1C=C(c2ccccc2)OC(c2ccccc2)=C1,440.0,,dichloromethane
C=CC(c1ccc(cc1)O)C,C=CC(C)c1ccc(O)cc1,223.0,,
O=Cc1cc(N=Nc2cccc(c2)C)ccc1O,Cc1cccc(N=Nc2ccc(O)c(C=O)c2)c1,336.0,,
O=c1ccc2c(o1)ccc(c2)N=Cc1ccc(o1)c1ccc(cc1)[N+](=O)[O-],O=c1ccc2cc(N=Cc3ccc(-c4ccc([N+](=O)[O-])cc4)o3)ccc2o1,385.0,30000.0,
Cn1c(nc2c1c1ccccc1c1c2cccc1)c1ccccn1,Cn1c(-c2ccccn2)nc2c3ccccc3c3ccccc3c21,345.0,12570.0,
Oc1c(cc(cc1C(C)(C)C)C(C)(C)C)c1nc2c(o1)c1ccccc1c1c2cccc1,CC(C)(C)c1cc(-c2nc3c4ccccc4c4ccccc4c3o2)c(O)c(C(C)(C)C)c1,365.0,,
N#Cc1ccc(cc1)N(c1ccc2c(c1)c1ccccc1n2CC)c1ccc(cc1)C#N,CCn1c2ccccc2c2cc(N(c3ccc(C#N)cc3)c3ccc(C#N)cc3)ccc21,480.0,,
O=c1[nH]c2nc3c(n2c(c1N=Nc1ccccc1)N)cccc3,Nc1c(N=Nc2ccccc2)c(=O)[nH]c2nc3ccccc3n12,418.0,,Chloroform
OC(=O)CN1C(=S)SC(=Cc2noc(c2)c2ccc(s2)c2ccc(s2)c2ccc(cc2)N(c2ccccc2)c2ccccc2)C1=O,O=C(O)CN1C(=O)C(=Cc2cc(-c3ccc(-c4ccc(-c5ccc(N(c6ccccc6)c6ccccc6)cc5)s4)s3)on2)SC1=S,414.0,,
COc1ccc(cc1)c1ccc(nc1)c1ccc2c(n1)cccc2,COc1ccc(-c2ccc(-c3ccc4ccccc4n3)nc2)cc1,367.0,,
c1ccc(cc1)c1nc2c(n1c1ccccc1)c1ccccc1c1c2cccc1,c1ccc(-c2nc3c4ccccc4c4ccccc4c3n2-c2ccccc2)cc1,370.0,,
COc1c(OC)cc(cc1OC)c1nc2CCc3c(c2c2c1c1ccc(cc1CC2)Br)ccc(c3)Br,COc1cc(-c2nc3c(c4c2-c2ccc(Br)cc2CC4)-c2ccc(Br)cc2CC3)cc(OC)c1OC,374.0,99900.0,chloroform
CCOC(=O)c1cc(=O)c2c(o1)ccc(c2)OC,CCOC(=O)c1cc(=O)c2cc(OC)ccc2o1,343.0,,
COC(=O)c1ccc2c(c1)c(c1cc(sc1C)C)c(c1c2ccc(c1)C(=O)OC)c1cc(sc1C)C,COC(=O)c1ccc2c(c1)c(-c1cc(C)sc1C)c(-c1cc(C)sc1C)c1cc(C(=O)OC)ccc12,388.2,,
ONC(=O)[C@H](Cc1c[nH]c2c1cccc2)N,N[C@@H](Cc1c[nH]c2ccccc12)C(=O)NO,533.0,,
COc1ccc(cc1)N(c1c2ccccc2c(c2c1cccc2)C=O)c1ccc(cc1)OC,COc1ccc(N(c2ccc(OC)cc2)c2c3ccccc3c(C=O)c3ccccc23)cc1,401.0,,
[O-][N+](=O)c1ccc(cc1)C=Cc1ccc(cc1)c1nnc(o1)c1c2ccccc2cc2c1cccc2,O=[N+]([O-])c1ccc(C=Cc2ccc(-c3nnc(-c4c5ccccc5cc5ccccc45)o3)cc2)cc1,368.0,,
N#Cc1c(C)c(N=Nc2nc3c(s2)cccc3)c(n(c1=O)CC)O,CCn1c(O)c(N=Nc2nc3ccccc3s2)c(C)c(C#N)c1=O,440.0,41600.0,
Cc1ccc(cc1)Nc1nc(C#N)c(nc1CC(=O)C1=Nc2c(N(C1C)c1ccc(cc1)C)cc(n2C#N)C#N)C#N,Cc1ccc(Nc2nc(C#N)c(C#N)nc2CC(=O)C2=Nc3c(cc(C#N)n3C#N)N(c3ccc(C)cc3)C2C)cc1,335.0,,
OC[C@H]1O[C@H](C[C@@H]1O)n1cc(c(=O)[nH]c1=O)c1c(C#C)ccc2c1C(=O)c1c2cccc1,C#Cc1ccc2c(c1-c1cn([C@H]3C[C@H](O)[C@@H](CO)O3)c(=O)[nH]c1=O)C(=O)c1ccccc1-2,345.0,,Water
CC(C=Cc1c2ccccc2cc2c1cccc2)(C=Cc1c2ccccc2cc2c1cccc2)C,CC(C)(C=Cc1c2ccccc2cc2ccccc12)C=Cc1c2ccccc2cc2ccccc12,377.0,,chloroform
CN(c1ccc(cc1)C=Cc1ccc(cc1)[N+](=O)[O-])C,CN(C)c1ccc(C=Cc2ccc([N+](=O)[O-])cc2)cc1,432.0,,
O=C(c1nccnc1C)C=Cc1ccc(cc1)N(C)C,Cc1nccnc1C(=O)C=Cc1ccc(N(C)C)cc1,310.0,,ethanol
COc1cccc(c1O)C=Nc1scc(n1)c1cc2ccccc2oc1=O,COc1cccc(C=Nc2nc(-c3cc4ccccc4oc3=O)cs2)c1O,399.0,,
O=C1C(N=Nc2scc(n2)c2cc3ccccc3oc2=O)C(=O)N(C(=O)N1C)C,CN1C(=O)C(N=Nc2nc(-c3cc4ccccc4oc3=O)cs2)C(=O)N(C)C1=O,417.0,35481.33892,DMSO
O=c1[nH]c(nc(c1)N(c1ccccc1)C(C)C)c1ccccc1,CC(C)N(c1ccccc1)c1cc(=O)[nH]c(-c2ccccc2)n1,274.0,53703.17964,
Brc1cc(Br)c2c(c1)C(=O)C(=C1Nc3c(C1=O)cc(cc3Br)Br)N2,O=C1C(=C2Nc3c(Br)cc(Br)cc3C2=O)Nc2c(Br)cc(Br)cc21,533.4,,
CCOC(=O)C1=C(NC(=O)C1=NNc1ccc(cc1O)[N+](=O)[O-])c1ccc2c(c1)cccc2,CCOC(=O)C1=C(c2ccc3ccccc3c2)NC(=O)C1=NNc1ccc([N+](=O)[O-])cc1O,639.0,,THF
COc1ccc(cc1)c1ccc(cc1)c1cc(nc(c1)c1ccccn1)c1ccccn1,COc1ccc(-c2ccc(-c3cc(-c4ccccn4)nc(-c4ccccn4)c3)cc2)cc1,298.0,51400.0,CH 2 Cl
COc1ccc(cc1)c1nc2c(sc(c2nc1c1ccc(cc1)OC)c1ccc(s1)C#C)c1ccc(s1)C#C,C#Cc1ccc(-c2sc(-c3ccc(C#C)s3)c3nc(-c4ccc(OC)cc4)c(-c4ccc(OC)cc4)nc23)s1,373.0,,
COc1cc2c(cc1OC)Cc1c2cc2cc3ccccc3nc2n1,COc1cc2c(cc1OC)-c1cc3cc4ccccc4nc3nc1C2,386.0,,acetone
O=C(N=c1nc2n(c3c1cccc3)cnc1c2cccc1)Nc1ccccc1,O=C(N=c1nc2c3ccccc3ncn2c2ccccc12)Nc1ccccc1,390.0,,Cl
O=C1CSC(=NN(c2ccccc2)c2ccccc2)N1c1c2ccccc2nc2c1cccc2,O=C1CSC(=NN(c2ccccc2)c2ccccc2)N1c1c2ccccc2nc2ccccc12,385.0,,
Clc1cccc2c1C(=O)c1ccccc1C2=O,O=C1c2ccccc2C(=O)c2c(Cl)cccc21,337.0,,
O[C@H]1C(OC[C@]1(O)CO)n1ccc(=O)[nH]c1=O,O=c1ccn(C2OC[C@](O)(CO)[C@H]2O)c(=O)[nH]1,261.0,,
c1ccc(cc1)c1ccc2c(c1)C(c1c2cccc1)c1c2ccccc2cc2c1cccc2,c1ccc(-c2ccc3c(c2)C(c2c4ccccc4cc4ccccc24)c2ccccc2-3)cc1,464.0,,
Oc1ccccc1c1nc2CCc3c(c2c2c1c1ccccc1CC2)cccc3,Oc1ccccc1-c1nc2c(c3c1-c1ccccc1CC3)-c1ccccc1CC2,339.0,23000.0,dichloromethane
O=S(=O)(c1ccc(cc1)c1ccc(cc1)N(c1ccccc1)c1ccccc1)c1ccc(cc1)c1ccc(cc1)N(c1ccccc1)c1ccccc1,O=S(=O)(c1ccc(-c2ccc(N(c3ccccc3)c3ccccc3)cc2)cc1)c1ccc(-c2ccc(N(c3ccccc3)c3ccccc3)cc2)cc1,200.0,,
C1(C)c2cc(ccc2c2c1cc1nc3c4ccccc4c4c(c3nc1c2)cccc4)c1ccccc1,CC1c2cc(-c3ccccc3)ccc2-c2cc3nc4c5ccccc5c5ccccc5c4nc3cc21,403.0,,DMSO
Cc1ccsc1c1sc(c2c1cccc2)c1c(C)sc2c1cccc2,Cc1ccsc1-c1sc(-c2c(C)sc3ccccc23)c2ccccc12,464.0,,CH 2 Cl
N#Cc1ccc(cc1)c1nc2c(o1)cc(c1c2cccc1)Nc1ccc(cc1)N(CC)CC,CCN(CC)c1ccc(Nc2cc3oc(-c4ccc(C#N)cc4)nc3c3ccccc23)cc1,420.0,,Acetone
C#Cc1ccc2c(c1)cc1c(c2)c(C)cc(=O)o1,C#Cc1ccc2cc3c(C)cc(=O)oc3cc2c1,340.0,16300.0,
O=c1ccc2c(o1)cccc2,O=c1ccc2ccccc2o1,353.0,,
OC[C@H]1S[C@H](C[C@@H]1O)n1ccc(=O)[nH]c1=O,O=c1ccn([C@H]2C[C@H](O)[C@@H](CO)S2)c(=O)[nH]1,260.0,,
Clc1ccc(cc1)c1cc(n(n1)Cc1ccc(cc1)C(C)(C)C)c1nnc(o1)COc1ccc(cc1Cl)Cl,CC(C)(C)c1ccc(Cn2nc(-c3ccc(Cl)cc3)cc2-c2nnc(COc3ccc(Cl)cc3Cl)o2)cc1,262.0,41950.0,DCM
CCOC(=O)Cc1csc(n1)N=Nc1ccc(c2c1cccn2)O,CCOC(=O)Cc1csc(N=Nc2ccc(O)c3ncccc23)n1,565.0,,DMSO
C1=CCc2c(C1)c(C=Nc1ccc3c(c1)cccc3)cc1c2CC=CC1,C1=CCc2c(cc(C=Nc3ccc4ccccc4c3)c3c2CC=CC3)C1,411.0,56780.0,
CCN(c1ccc(c(c1)O)c1[nH]c2c(n1)cc(c(c2)C(=O)OC)C(=O)OC)CC,CCN(CC)c1ccc(-c2nc3cc(C(=O)OC)c(C(=O)OC)cc3[nH]2)c(O)c1,507.0,,
CCN(c1ccc2c(c1)oc1c(c2)c2nc3c(n2c(=Nc2ccc(cc2)Br)n1)cccc3)CC,CCN(CC)c1ccc2cc3c(nc(=Nc4ccc(Br)cc4)n4c5ccccc5nc34)oc2c1,529.0,,Chloroform
Oc1ccc(c(c1)O)c1nc2c(o1)c(cc1c2cccc1)c1nc2c(s1)cccc2,Oc1ccc(-c2nc3c(o2)c(-c2nc4ccccc4s2)cc2ccccc23)c(O)c1,322.0,22600.0,DMF
C1CC2=Cc3ccc([nH]3)C=c3[nH]c(=Cc4[nH]c(C=C1N2)cc4)cc3,C1=C2CCC(=Cc3ccc([nH]3)C=c3ccc([nH]3)=Cc3ccc1[nH]3)N2,715.0,,chloroform
Cc1ccc(cc1)c1ccc(nc1)c1ccccn1,Cc1ccc(-c2ccc(-c3ccccn3)nc2)cc1,326.0,,
COc1cc2c(cc1OC)cc(c1c2cccc1)C#N,COc1cc2cc(C#N)c3ccccc3c2cc1OC,268.0,,
O=Cc1ccc(s1)c1sc(c2c1cccc2)c1oc2c(c1C)cccc2,Cc1c(-c2sc(-c3ccc(C=O)s3)c3ccccc23)oc2ccccc12,530.0,,CH 2 Cl
O=C1OC(C)(C)OC(=O)C1=Cc1ccc(cc1)N(c1ccccc1)c1ccccc1,CC1(C)OC(=O)C(=Cc2ccc(N(c3ccccc3)c3ccccc3)cc2)C(=O)O1,372.0,34700.0,
O=C1C(=O)Nc2c1cccc2,O=C1Nc2ccccc2C1=O,296.0,,
NC(=O)C[C@@H](C(=O)OCc1ccccc1)Nc1nc2c(s1)cc(cc2)F,NC(=O)C[C@H](Nc1nc2ccc(F)cc2s1)C(=O)OCc1ccccc1,281.0,,
COc1ccc2c(c1)c1ccccc1c(c2)C#N,COc1ccc2cc(C#N)c3ccccc3c2c1,261.0,,
CCN(c1ccc(cc1)C(=O)Nc1ccc2c(c1)OCCOCCOCCOCCO2)CC,CCN(CC)c1ccc(C(=O)Nc2ccc3c(c2)OCCOCCOCCOCCO3)cc1,323.0,,CHX
C#Cc1ccc(cc1)S(=O)c1ccc(cc1)C#C,C#Cc1ccc(S(=O)c2ccc(C#C)cc2)cc1,269.86,,
N#Cc1nc(N)c(nc1C#N)N,N#Cc1nc(N)c(N)nc1C#N,560.0,,
Clc1ccc(c(c1)Cl)N=NC(=NNc1ccccc1)c1ccccc1,Clc1ccc(N=NC(=NNc2ccccc2)c2ccccc2)c(Cl)c1,372.0,,
CN=C1C(=C(c2n1c(N)c(c2C#N)C#N)C#N)C#N,CN=C1C(C#N)=C(C#N)c2c(C#N)c(C#N)c(N)n21,579.0,,
Clc1ccc(cc1)C1=C2C(=O)OC(=C2C(=O)N1)c1ccc(cc1)Cl,O=C1NC(c2ccc(Cl)cc2)=C2C(=O)OC(c3ccc(Cl)cc3)=C12,495.0,,DMSO
C1(C)c2cc(ccc2c2c1cccc2)c1nnn(c1)c1ccc(cc1)C,Cc1ccc(-n2cc(-c3ccc4c(c3)C(C)c3ccccc3-4)nn2)cc1,300.0,,
Oc1ccc(cc1)C=Cc1cc(O)cc(c1)O,Oc1ccc(C=Cc2cc(O)cc(O)c2)cc1,310.0,,Water
c1ccc(nc1)c1ccc(cn1)c1ccccn1,c1ccc(-c2ccc(-c3ccccn3)nc2)nc1,319.0,,
COC(=O)c1cc2ccccc2cc1c1cc2ccccc2cc1C(=O)N[C@@H]1C[C@@H]2C[C@H]([C@H]1C)C2(C)C,COC(=O)c1cc2ccccc2cc1-c1cc2ccccc2cc1C(=O)N[C@@H]1C[C@@H]2C[C@H]([C@H]1C)C2(C)C,227.8,21000.0,
O=CCc1ccccc1,O=CCc1ccccc1,485.0,,
CN(CCNC(=O)c1cc2nc(sc2c2c1cccc2)c1ccccc1)C,CN(C)CCNC(=O)c1cc2nc(-c3ccccc3)sc2c2ccccc12,394.0,,
c1ccc(cc1)[Si](c1ccccc1)(c1ccccc1)c1ccc(cc1)c1cccc(c1)[Si](c1ccccc1)(c1ccccc1)c1ccccc1,c1ccc([Si](c2ccccc2)(c2ccccc2)c2ccc(-c3cccc([Si](c4ccccc4)(c4ccccc4)c4ccccc4)c3)cc2)cc1,262.0,,
CCn1c2ccc(cc2c2c1cccc2)c1ccc(s1)c1ncncc1c1ccc2c(c1)c1ccccc1n2CC,CCn1c2ccccc2c2cc(-c3ccc(-c4ncncc4-c4ccc5c(c4)c4ccccc4n5CC)s3)ccc21,392.0,35680.0,
[O-][N+](=O)c1ccc(cc1)N=Nc1nc2c(s1)cc(cc2)[N+](=O)[O-],O=[N+]([O-])c1ccc(N=Nc2nc3ccc([N+](=O)[O-])cc3s2)cc1,338.0,,Methanol
OC(=O)C=Cc1ccccc1[N+](=O)[O-],O=C(O)C=Cc1ccccc1[N+](=O)[O-],400.0,,
N#Cc1ccccc1C#N,N#Cc1ccccc1C#N,500.0,,
NC(=S)NN=Cc1c[nH]c2c1cccc2,NC(=S)NN=Cc1c[nH]c2ccccc12,264.0,,
COC(=O)c1ccc2c(c1C(=O)OC)nc1c(n2)c2c(n1CC)cccc2,CCn1c2ccccc2c2nc3ccc(C(=O)OC)c(C(=O)OC)c3nc21,406.0,,DMF
C=CCOC1CN1c1ccnnn1,C=CCOC1CN1c1ccnnn1,278.0,,
OCCN1C2(c3ccc(cc3Oc3c2ccc(c3)N2CCOCC2)N2CCOCC2)c2c(S1(=O)=O)cccc2,O=S1(=O)c2ccccc2C2(c3ccc(N4CCOCC4)cc3Oc3cc(N4CCOCC4)ccc32)N1CCO,552.0,,
CCCSC1=C(SCCC)SC(=c2sc3=c(s2)c(=C2SC(=C(S2)C(=O)OC)C(=O)OC)nc3)S1,CCCSC1=C(SCCC)SC(=c2sc3cnc(=C4SC(C(=O)OC)=C(C(=O)OC)S4)c=3s2)S1,333.0,,
COc1ccc(cc1)C(=Cc1ccc(cc1)C=C(c1ccccc1)C#N)c1ccc(cc1)OC,COc1ccc(C(=Cc2ccc(C=C(C#N)c3ccccc3)cc2)c2ccc(OC)cc2)cc1,290.0,,
Oc1cc2O[C@H](c3ccc(c(c3)O)O)[C@@H](Cc2c(c1)O)O,Oc1cc(O)c2c(c1)O[C@H](c1ccc(O)c(O)c1)[C@H](O)C2,293.0,,
N#CC(=Cc1ccc(s1)c1ccc(s1)c1ccc2c3c1ccc1c3c(cc2)ccc1)C(=O)O,N#CC(=Cc1ccc(-c2ccc(-c3ccc4ccc5cccc6ccc3c4c56)s2)s1)C(=O)O,524.0,40000.0,THF
O=c1oc2ccccc2cc1C(=C)c1[nH]c2c(c1CCNS(=O)(=O)c1ccccc1[N+](=O)[O-])cccc2,C=C(c1[nH]c2ccccc2c1CCNS(=O)(=O)c1ccccc1[N+](=O)[O-])c1cc2ccccc2oc1=O,297.0,,
COc1ccc2c(c1)cc1c(n2)[nH]c(=O)c(c1)C#N,COc1ccc2nc3[nH]c(=O)c(C#N)cc3cc2c1,398.0,,acetone
Cc1ccc(cc1)Cl,Cc1ccc(Cl)cc1,266.0,,
Oc1ccc2c(c1)oc(c(c2=O)O)c1ccc(c(c1)O)O,O=c1c(O)c(-c2ccc(O)c(O)c2)oc2cc(O)ccc12,430.0,,
c1ccc(cc1)c1cc(nc2c1cc(cc2)n1c2ccccc2c2c1cccc2)c1ccc(cc1)n1c2ccccc2c2c1cccc2,c1ccc(-c2cc(-c3ccc(-n4c5ccccc5c5ccccc54)cc3)nc3ccc(-n4c5ccccc5c5ccccc54)cc23)cc1,341.0,,
C1(C)c2cc(ccc2c2c1cccc2)c1sc(c2c1cccc2)c1cccs1,CC1c2ccccc2-c2ccc(-c3sc(-c4cccs4)c4ccccc34)cc21,445.0,,CH 2 Cl
Clc1ccc(cc1)c1cc(n(n1)Cc1ccccc1)c1nnc(o1)c1ccccc1,Clc1ccc(-c2cc(-c3nnc(-c4ccccc4)o3)n(Cc3ccccc3)n2)cc1,267.0,,dichloromethane
O=C1CCC(=C1c1ccc(cc1)N1CCOCC1)c1ccc(cc1)N1CCOCC1,O=C1CCC(c2ccc(N3CCOCC3)cc2)=C1c1ccc(N2CCOCC2)cc1,348.0,,
Fc1c(F)c(F)c(c2c1cc1c(C)nn(c1n2)C)F,Cc1nn(C)c2nc3c(F)c(F)c(F)c(F)c3cc12,386.0,,Toluene
[O-][N+](=O)c1ccc2c(c1)C(C)(C)C1(N2C)C=Cc2c(O1)c(cc1c2cccc1)c1nc2c(s1)cccc2,CN1c2ccc([N+](=O)[O-])cc2C(C)(C)C12C=Cc1c(c(-c3nc4ccccc4s3)cc3ccccc13)O2,336.0,,acetone
CCCN1c2ccc(cc2Sc2c1cccc2)C=Cc1cc(=O)oc2c1cc(C)cc2,CCCN1c2ccccc2Sc2cc(C=Cc3cc(=O)oc4ccc(C)cc34)ccc21,423.0,,chloroform
CNC(Cc1ccccc1Cl)C,CNC(C)Cc1ccccc1Cl,483.4,,Water
CCC1=C(C)C2=C(c3cc(O)cc(c3)O)c3[nH]c(c(c3C)CC)C=C3N=C(C=c4[nH]c(=CC1=N2)c(C)c4CC)C(=C3C)CC,CCC1=C(C)c2cc3[nH]c(c(C)c3CC)c(-c3cc(O)cc(O)c3)c3nc(cc4[nH]c(cc1n2)c(CC)c4C)C(CC)=C3C,822.0,95800.0,PhCN
N#CC(=Cc1ccc(cc1)c1csc(c1)C=C(c1ccccc1)C#N)c1ccc(cc1)c1ccc(cc1)C,Cc1ccc(-c2ccc(C(C#N)=Cc3ccc(-c4csc(C=C(C#N)c5ccccc5)c4)cc3)cc2)cc1,368.0,,THF
Cc1ccc(cc1)C(=O)Oc1c(cc(cc1[N+](=O)[O-])[N+](=O)[O-])[N+](=O)[O-],Cc1ccc(C(=O)Oc2c([N+](=O)[O-])cc([N+](=O)[O-])cc2[N+](=O)[O-])cc1,240.0,22029.26463,
c1cc(cc(c1)c1cccc2c1sc1c2cccc1)c1ccc2c(c1)c1ccccc1c1c2cccc1,c1cc(-c2ccc3c4ccccc4c4ccccc4c3c2)cc(-c2cccc3c2sc2ccccc23)c1,271.0,,
c1ccc(cc1)[Si]1(c2ccccc2)C(=CC=C1c1ccccc1)c1ccccc1,C1=C(c2ccccc2)[Si](c2ccccc2)(c2ccccc2)C(c2ccccc2)=C1,382.0,,
ClCC(=O)Nc1ccc2c(n1)nc(cc2C)C,Cc1cc(C)c2ccc(NC(=O)CCl)nc2n1,328.0,,CH3CN
[O-][N+](=O)c1ccc(cc1)C=NN=Cc1ccc2c(c1)cccc2,O=[N+]([O-])c1ccc(C=NN=Cc2ccc3ccccc3c2)cc1,328.0,,dioxane
Cc1ccc(cc1)N(c1ccc(cc1)C=C1SC(=S)N(C1=O)CC(=O)O)c1ccc(cc1)C=NN(c1ccccc1)c1ccccc1,Cc1ccc(N(c2ccc(C=NN(c3ccccc3)c3ccccc3)cc2)c2ccc(C=C3SC(=S)N(CC(=O)O)C3=O)cc2)cc1,495.0,,
CN(c1ccc(cc1)c1c(F)c(F)c(c(c1F)F)c1ccc(cc1)N(C)C)C,CN(C)c1ccc(-c2c(F)c(F)c(-c3ccc(N(C)C)cc3)c(F)c2F)cc1,331.0,,dichloromethane
COc1ccc(cc1)N(c1ccc(cc1)C)c1ccc(cc1)C=CC(=O)c1cc(sc1C)C,COc1ccc(N(c2ccc(C)cc2)c2ccc(C=CC(=O)c3cc(C)sc3C)cc2)cc1,422.0,,
OCC(Cn1ccc(=CC=C2C(=NN(C2=O)c2ccccc2)C)cc1)O,CC1=NN(c2ccccc2)C(=O)C1=CC=C1C=CN(CC(O)CO)C=C1,462.0,,
Cc1ccc(s1)c1sc(c2c1cccc2)c1ccc2c(c1)c1ccccc1n2c1ccccc1,Cc1ccc(-c2sc(-c3ccc4c(c3)c3ccccc3n4-c3ccccc3)c3ccccc23)s1,458.0,,CH 2 Cl
CN(c1ccc(c2c1cccc2)c1nc(c(n1c1ccccc1)c1ccccc1)c1ccccc1)C,CN(C)c1ccc(-c2nc(-c3ccccc3)c(-c3ccccc3)n2-c2ccccc2)c2ccccc12,350.0,,
N#Cc1c(N)sc(c1c1ccc(cc1)Cl)N=Nc1ccc(cc1)[N+](=O)[O-],N#Cc1c(N)sc(N=Nc2ccc([N+](=O)[O-])cc2)c1-c1ccc(Cl)cc1,562.0,23442.28815,Acetone
c1ccc(nc1)C=Nc1ccc(cc1)Cc1ccc(cc1)N=Cc1ccccn1,C(=Nc1ccc(Cc2ccc(N=Cc3ccccn3)cc2)cc1)c1ccccn1,551.0,,
O=Cc1cccc(c1)C=NNC(=O)Nn1c(=O)c2cc(cc3c2c(c1=O)cc(c3N)S(=O)(=O)O)S(=O)(=O)O,Nc1c(S(=O)(=O)O)cc2c3c(cc(S(=O)(=O)O)cc13)C(=O)N(NC(=O)NN=Cc1cccc(C=O)c1)C2=O,730.0,,
BrCc1ccccc1CBr,BrCc1ccccc1CBr,385.0,,
CC(=O)OCc1nc2c(o1)c1ccc(cc1cc2)Br,CC(=O)OCc1nc2ccc3cc(Br)ccc3c2o1,220.0,,
CC(c1ccc2c(c1)c(c1c(c2c2cccs2)cc(cc1)C(C)(C)C)N(c1cccc2c1cccc2)c1ccccc1)(C)C,CC(C)(C)c1ccc2c(N(c3ccccc3)c3cccc4ccccc34)c3cc(C(C)(C)C)ccc3c(-c3cccs3)c2c1,480.0,,
Cc1ccc(cc1)C(C1=C(O)C(=O)c2c(C1=O)cccc2)Nc1ccc(cc1)C,Cc1ccc(NC(C2=C(O)C(=O)c3ccccc3C2=O)c2ccc(C)cc2)cc1,473.0,3162.27766,
Cc1cc(sc1C=C(C(=O)O)C#N)c1ccc(c2c1nsn2)c1ccc2c(c1)Sc1c(N2CC(C)CC)cccc1,CCC(C)CN1c2ccccc2Sc2cc(-c3ccc(-c4cc(C)c(C=C(C#N)C(=O)O)s4)c4nsnc34)ccc21,420.0,18900.0,
COc1ccc(cc1)c1cnc(n1C)c1ccc(cc1)c1nc2c(n1C)cccc2,COc1ccc(-c2cnc(-c3ccc(-c4nc5ccccc5n4C)cc3)n2C)cc1,320.0,36000.0,
Nc1ccc(cc1)S(=O)(=O)N,Nc1ccc(S(N)(=O)=O)cc1,268.0,,
CC(=CCc1c2O[C@H](CC(=O)c2c(c(c1O)CC=C(C)C)O)c1ccc(cc1O)O)C,CC(C)=CCc1c(O)c(CC=C(C)C)c2c(c1O)C(=O)C[C@H](c1ccc(O)cc1O)O2,223.0,,
CCc1c(C)[nH]c(=O)c2c1c(=N)[nH]c2=O,CCc1c(C)[nH]c(=O)c2c1C(=N)NC2=O,227.0,,
CCCn1cnc2c1cc([N+](=O)[O-])c1c2c(on1)c1ccc(cc1)[N+](=O)[O-],CCCn1cnc2c3c(-c4ccc([N+](=O)[O-])cc4)onc3c([N+](=O)[O-])cc21,425.0,,
Cn1c(=O)c2c(c1c1ccccc1c1c3ccccc3cc3c1cccc3)c(=O)n(c2c1ccccc1c1c2ccccc2cc2c1cccc2)C,CN1C(=O)C2=C(c3ccccc3-c3c4ccccc4cc4ccccc34)N(C)C(=O)C2=C1c1ccccc1-c1c2ccccc2cc2ccccc12,485.0,,
Clc1ccc(c(c1)Cl)Nc1nnc(s1)c1cnccn1,Clc1ccc(Nc2nnc(-c3cnccn3)s2)c(Cl)c1,268.0,,
c1ccc2c(c1)nccn2,c1ccc2nccnc2c1,399.0,,
CC(C1=CC(=CC=Cc2ccncn2)C=C(O1)C(C)(C)C)(C)C,CC(C)(C)C1=CC(=CC=Cc2ccncn2)C=C(C(C)(C)C)O1,429.0,,dichloromethane
CCOc1ccccc1N=Nc1ccc(c(c1)C=Nc1ccccc1S)O,CCOc1ccccc1N=Nc1ccc(O)c(C=Nc2ccccc2S)c1,490.0,,
Cc1ccc(cc1)S(=O)(=O)n1ccc2c1ccc(c2)C(=C)c1[nH]c2c(c1CCNS(=O)(=O)c1ccccc1[N+](=O)[O-])cccc2,C=C(c1ccc2c(ccn2S(=O)(=O)c2ccc(C)cc2)c1)c1[nH]c2ccccc2c1CCNS(=O)(=O)c1ccccc1[N+](=O)[O-],299.0,,
COc1ccc(cc1)c1sc(=S)n(c1C)O,COc1ccc(-c2sc(=S)n(O)c2C)cc1,334.0,,
CN(c1ccc(cc1)C=CC1=C(C#N)C(=C(C#N)C#N)OC1(C)C)C,CN(C)c1ccc(C=CC2=C(C#N)C(=C(C#N)C#N)OC2(C)C)cc1,588.0,,
N#Cc1ccc(cc1)C=Cc1cc2c(n1Cc1ccccc1)ncnc2N(Cc1ccccc1)C,CN(Cc1ccccc1)c1ncnc2c1cc(C=Cc1ccc(C#N)cc1)n2Cc1ccccc1,385.0,,
CO[Si](CCCSC(=O)c1ccncc1)(OC)OC,CO[Si](CCCSC(=O)c1ccncc1)(OC)OC,265.0,122900.0,chloroform
COc1ccc(c(c1)OC)Cn1c(Nc2ccc(cc2)I)nc2c1cc1oc(=O)c(c(c1c2)C)C(=O)N,COc1ccc(Cn2c(Nc3ccc(I)cc3)nc3cc4c(C)c(C(N)=O)c(=O)oc4cc32)c(OC)c1,362.0,,ethanol
Fc1ccc(cc1)c1nc2CCc3c(c2c2c1c1ccccc1CC2)cccc3,Fc1ccc(-c2nc3c(c4c2-c2ccccc2CC4)-c2ccccc2CC3)cc1,322.0,30900.0,chloroform
O=C(c1ccco1)On1c(=O)c2cccc3c2c(c1=S)ccc3,O=C(ON1C(=O)c2cccc3cccc(c23)C1=S)c1ccco1,468.3,,
Fc1ccc2c(c1)c(=O)c(cn2C)C(=O)c1ccccc1Cc1ccccc1,Cn1cc(C(=O)c2ccccc2Cc2ccccc2)c(=O)c2cc(F)ccc21,515.0,,
O=C1CC=Nc2c1cc(cc2)C(=O)C,CC(=O)c1ccc2c(c1)C(=O)CC=N2,395.0,,
CN(c1ccc(cc1)c1nc2CCc3c(c2c2c1c1ccccc1CC2)cccc3)C,CN(C)c1ccc(-c2nc3c(c4c2-c2ccccc2CC4)-c2ccccc2CC3)cc1,351.0,,acetonitrile
CC(c1cc(O)c(cc1O)C)C,Cc1cc(O)c(C(C)C)cc1O,212.0,,
O=Cc1ccc(s1)c1ccc(s1)C1=CCC(CC1)c1ccccc1,O=Cc1ccc(-c2ccc(C3=CCC(c4ccccc4)CC3)s2)s1,393.0,,EtOH
CC(n1c(=S)n(c(c1P(c1ccccc1)c1ccccc1)P(=S)(c1ccccc1)c1ccccc1)C)C,CC(C)n1c(P(c2ccccc2)c2ccccc2)c(P(=S)(c2ccccc2)c2ccccc2)n(C)c1=S,270.0,,
C#Cc1cccc2c1cccc2C#Cc1cccc2c1cccc2C#Cc1cccc2c1cccc2N(C)C,C#Cc1cccc2c(C#Cc3cccc4c(C#Cc5cccc6c(N(C)C)cccc56)cccc34)cccc12,414.0,26600.0,
COc1cccc(c1)c1ccn(c1)C,COc1cccc(-c2ccn(C)c2)c1,269.0,12220.0,
N[C@@H](c1ccccc1)C(=O)N[C@@H]1C(=O)N2[C@@H]1SC([C@@H]2C(=O)O)(C)C,CC1(C)S[C@@H]2[C@H](NC(=O)[C@@H](N)c3ccccc3)C(=O)N2[C@H]1C(=O)O,649.0,,
CCOc1nc2nc(ccc2c(c1C#N)c1ccccc1)c1ccccc1,CCOc1nc2nc(-c3ccccc3)ccc2c(-c2ccccc2)c1C#N,365.0,,
[O-][n+]1cccc2c1c1[n+]([O-])cccc1C2(C)C,CC1(C)c2ccc[n+]([O-])c2-c2c1ccc[n+]2[O-],330.0,,
COc1c2ccccc2c(c2c1c1cc(F)ccc1n2C)OC,COc1c2ccccc2c(OC)c2c1c1cc(F)ccc1n2C,321.0,,CH 2 Cl
Brc1ccc2c(c1)CCc1c2c(nc2c1c1ccc(cc1CC2)Br)c1ccc(cc1)[N+](=O)[O-],O=[N+]([O-])c1ccc(-c2nc3c(c4c2-c2ccc(Br)cc2CC4)-c2ccc(Br)cc2CC3)cc1,350.0,65100.0,chloroform
N#Cc1c(N)sc2c1c1ccccc1C2=Nc1ccc(cc1)[N+](=O)[O-],N#Cc1c(N)sc2c1-c1ccccc1C2=Nc1ccc([N+](=O)[O-])cc1,464.0,,acetone
Cc1cc(sc1C=Cc1ccc(cc1)N(c1ccc(cc1)C)c1ccc(cc1)C)C=C(C(=O)O)C#N,Cc1ccc(N(c2ccc(C)cc2)c2ccc(C=Cc3sc(C=C(C#N)C(=O)O)cc3C)cc2)cc1,535.0,,
CCc1nccnc1C(=O)C=Cc1ccc(cc1)N(C)C,CCc1nccnc1C(=O)C=Cc1ccc(N(C)C)cc1,295.0,,ethanol
[O-][N+](=O)c1ccc(cc1)c1nnc(o1)c1ccc(cc1)n1c2ccccc2c2c1cccc2,O=[N+]([O-])c1ccc(-c2nnc(-c3ccc(-n4c5ccccc5c5ccccc54)cc3)o2)cc1,375.0,9640.0,Toluene
CCN(c1ccc(cc1)c1oc2ccccc2c(=O)c1O)CC,CCN(CC)c1ccc(-c2oc3ccccc3c(=O)c2O)cc1,574.5,,Acetonitrile
[O-][N+](=Cc1ccc2c(c1)Sc1c(N2C)cccc1)c1cccc(c1)C(=O)C,CC(=O)c1cccc([N+]([O-])=Cc2ccc3c(c2)Sc2ccccc2N3C)c1,314.0,,dichloromethane
c1ccc2c(c1)c1cc3cc4ccccc4nc3nc1C2,c1ccc2c(c1)Cc1nc3nc4ccccc4cc3cc1-2,371.0,,acetone
CCN(c1ccc2c(c1)oc1c(c2)c2nc3c(n2c(=NC2=CC(=S(=O)=O)C(C=C2)C(=O)O)c1C#N)cccc3)CC,CCN(CC)c1ccc2cc3c(oc2c1)c(C#N)c(=NC1=CC(=S(=O)=O)C(C(=O)O)C=C1)n1c2ccccc2nc31,570.0,,Acetonitrile
Oc1ccc(cc1c1nc2CCc3c(c2c2c1c1ccccc1CC2)cccc3)[N+](=O)[O-],O=[N+]([O-])c1ccc(O)c(-c2nc3c(c4c2-c2ccccc2CC4)-c2ccccc2CC3)c1,342.0,30000.0,dichloromethane
OC[C@H]([C@H]([C@@H]([C@H](C=O)O)O)OC(=O)C=Cc1ccc(c(c1)O)O)O,O=C[C@H](O)[C@@H](O)[C@H](OC(=O)C=Cc1ccc(O)c(O)c1)[C@H](O)CO,299.0,,
COc1c(OC)c(C#Cc2ccc(c(c2)OC)OC)c2c(c1C#Cc1ccc(c(c1)OC)OC)nsn2,COc1ccc(C#Cc2c(OC)c(OC)c(C#Cc3ccc(OC)c(OC)c3)c3nsnc23)cc1OC,428.0,,
O=C1c2cc(ccc2C(=O)C1c1ccc2c(n1)c(ccc2)N1C(=O)c2c(C1=O)cc(cc2)C(C)(C)C)C(C)(C)C,CC(C)(C)c1ccc2c(c1)C(=O)C(c1ccc3cccc(N4C(=O)c5ccc(C(C)(C)C)cc5C4=O)c3n1)C2=O,456.0,34872.0,PGMEA
COC(=O)Cn1c(=O)c2cccc3c2c(c1=O)ccc3Nc1cccc(c1)F,COC(=O)CN1C(=O)c2cccc3c(Nc4cccc(F)c4)ccc(c23)C1=O,442.0,,DMSO
COc1cccc2c1oc(=O)c(c2)C(=O)C,COc1cccc2cc(C(C)=O)c(=O)oc12,317.0,,
O=C(Cc1cc(=O)oc2c1c1ccccc1cc2)NCc1nnn(c1)C([C@H]1O[C@H](C[C@@H]1O)n1cc(C)c(=O)[nH]c1=O)O,Cc1cn([C@H]2C[C@H](O)[C@@H](C(O)n3cc(CNC(=O)Cc4cc(=O)oc5ccc6ccccc6c45)nn3)O2)c(=O)[nH]c1=O,350.0,,
Clc1cc(Cl)c2c(c1)c1cc(Cl)cc(c1[nH]2)Cl,Clc1cc(Cl)c2[nH]c3c(Cl)cc(Cl)cc3c2c1,378.0,,
CCn1c2ccc(cc2c2c1ccc(c2)N=Nc1nc2c(s1)cc(cc2)[N+](=O)[O-])N=Nc1nc2c(s1)cc(cc2)[N+](=O)[O-],CCn1c2ccc(N=Nc3nc4ccc([N+](=O)[O-])cc4s3)cc2c2cc(N=Nc3nc4ccc([N+](=O)[O-])cc4s3)ccc21,499.0,,DMF
O=c1nc2c(s1)ccccc2,O=c1nc2cccccc-2s1,391.0,,
Cc1cccc(c1)O,Cc1cccc(O)c1,700.0,,
Cc1nn2c(c1N=Nc1ccc(cc1)[N+](=O)[O-])[nH]c(c2N=Nc1ccccc1)c1ccccc1,Cc1nn2c(N=Nc3ccccc3)c(-c3ccccc3)[nH]c2c1N=Nc1ccc([N+](=O)[O-])cc1,552.0,,
Cn1c2ccc(cc2c2c1ccc(c2)c1ccc(s1)c1ccccc1)c1ccc(s1)c1ccccc1,Cn1c2ccc(-c3ccc(-c4ccccc4)s3)cc2c2cc(-c3ccc(-c4ccccc4)s3)ccc21,639.05,,THF
c1ccc(cc1)n1nc2c(c1)c1nc3c(n1c(c2)c1ccccc1)cccc3,c1ccc(-c2cc3nn(-c4ccccc4)cc3c3nc4ccccc4n23)cc1,339.0,,
COc1ccc(cc1)N(c1ccc(cc1)C=C(C(=O)O)C#N)c1ccc(cc1)OC,COc1ccc(N(c2ccc(C=C(C#N)C(=O)O)cc2)c2ccc(OC)cc2)cc1,441.0,26400.0,
N#CC(=Cc1ccc(s1)c1ccc(s1)c1ccc(cc1)N(c1ccc(cc1)C#Cc1ccccc1)c1ccc(cc1)C#Cc1ccccc1)C(=O)O,N#CC(=Cc1ccc(-c2ccc(-c3ccc(N(c4ccc(C#Cc5ccccc5)cc4)c4ccc(C#Cc5ccccc5)cc4)cc3)s2)s1)C(=O)O,445.0,23600.0,
COc1ccc2c(c1)oc(=O)cc2CNc1ccccc1,COc1ccc2c(CNc3ccccc3)cc(=O)oc2c1,321.0,,
OCCc1ccc2c(c1)sc(n2)Nc1ccc2c(c1)nc1c(c2)cc(cc1)[N+](=O)[O-],O=[N+]([O-])c1ccc2nc3cc(Nc4nc5ccc(CCO)cc5s4)ccc3cc2c1,437.0,,
N#Cc1ccc(cc1)c1[nH]c(=O)c2c1c(=O)[nH]c2c1ccc(cc1)C#N,N#Cc1ccc(C2=C3C(=O)NC(c4ccc(C#N)cc4)=C3C(=O)N2)cc1,565.0,,
Nc1sc(c(n1)c1ccc(cc1)NC(=O)c1ccccc1)N=Nc1ccc(cc1)[N+](=O)[O-],Nc1nc(-c2ccc(NC(=O)c3ccccc3)cc2)c(N=Nc2ccc([N+](=O)[O-])cc2)s1,537.0,,DMSO
COc1cc(ccc1OC)c1nn2c(c1)cc(cc2)c1nnc(o1)c1ccccc1,COc1ccc(-c2cc3cc(-c4nnc(-c5ccccc5)o4)ccn3n2)cc1OC,340.0,,Cyclohexane
O=c1[nH]c2nc3c(n2c(c1N=Nc1ccccc1[N+](=O)[O-])N)cccc3,Nc1c(N=Nc2ccccc2[N+](=O)[O-])c(=O)[nH]c2nc3ccccc3n12,419.0,,Chloroform
O=C1C(=O)c2ccccc2c2c1cccc2,O=C1C(=O)c2ccccc2-c2ccccc21,554.0,,ACN
COc1ccc2c(c1)[n+](CCCS(=O)(=O)[O-])c(s2)N=c1sc2c(n1C)ccc(c2)OC,COc1ccc2c(c1)sc(=Nc1sc3ccc(OC)cc3[n+]1CCCS(=O)(=O)[O-])n2C,642.0,,
COc1cc(C2=CC=C(C2)C=C(C(=O)O)C#N)c(cc1c1ccc(s1)c1ccc(cc1)N(c1ccccc1)c1ccccc1)OC,COc1cc(-c2ccc(-c3ccc(N(c4ccccc4)c4ccccc4)cc3)s2)c(OC)cc1C1=CC=C(C=C(C#N)C(=O)O)C1,478.0,,
CCOc1ccccc1N=Nc1ccc(c(c1)C=Nc1ccccc1O)O,CCOc1ccccc1N=Nc1ccc(O)c(C=Nc2ccccc2O)c1,487.0,,
Nc1nc2n(c(c1N=Nc1ccccc1Cl)N)nc(c2N=Nc1nccs1)N,Nc1nc2c(N=Nc3nccs3)c(N)nn2c(N)c1N=Nc1ccccc1Cl,486.0,,
Clc1ccc(cc1)C(=O)On1c(=O)c2cccc3c2c(c1=S)ccc3,O=C(ON1C(=O)c2cccc3cccc(c23)C1=S)c1ccc(Cl)cc1,466.0,,
O[C@@H]1[C@@H](COP(=O)(OP(=O)(OP(=O)(O)O)O)O)O[C@H]([C@@H]1O)n1cnc2c1ncnc2N,Nc1ncnc2c1ncn2[C@@H]1O[C@H](COP(=O)(O)OP(=O)(O)OP(=O)(O)O)[C@@H](O)[C@H]1O,340.0,,
Cc1ccc2c(c1)sc(n2)N=Nc1c(N)nn2c1nc(N)c(c2N)N=Nc1nc2c(s1)cccc2,Cc1ccc2nc(N=Nc3c(N)nn4c(N)c(N=Nc5nc6ccccc6s5)c(N)nc34)sc2c1,524.0,,
CCN(c1ccc2c(c1)oc(=O)c(c2O)N=Nc1ccc(cc1)[N+](=O)[O-])CC,CCN(CC)c1ccc2c(O)c(N=Nc3ccc([N+](=O)[O-])cc3)c(=O)oc2c1,485.0,,MeOH
[O-][N+](=O)c1ccc2c(c1)oc(n2)c1ccc(nc1)c1oc2c(n1)ccc(c2)[N+](=O)[O-],O=[N+]([O-])c1ccc2nc(-c3ccc(-c4nc5ccc([N+](=O)[O-])cc5o4)nc3)oc2c1,354.0,,
ClCCNc1ccc2c3c1cccc3C(=O)c1c2cccc1,O=C1c2ccccc2-c2ccc(NCCCl)c3cccc1c23,482.0,,C6H6
COc1ccc(cc1)C=c1oc(=Cc2ccc(cc2)N(C)C)c2c1cccc2,COc1ccc(C=c2oc(=Cc3ccc(N(C)C)cc3)c3ccccc23)cc1,407.0,30600.0,
Fc1ccccc1C1(C=Cc2c(O1)ccc1c2cccc1)c1ccccc1,Fc1ccccc1C1(c2ccccc2)C=Cc2c(ccc3ccccc23)O1,421.0,,
O[C@@H]1[C@H](OP(=O)(O)O)[C@H](O[C@H]1n1cnc2c1ncnc2N)COP(=O)(OS(=O)(=O)O)O,Nc1ncnc2c1ncn2[C@@H]1O[C@H](COP(=O)(O)OS(=O)(=O)O)[C@@H](OP(=O)(O)O)[C@H]1O,588.0,,
CCC[Si](c1cc2ccc3c4c2c(c1C(=O)NC(C)(C)C)ccc4ccc3)(CCC)CCC,CCC[Si](CCC)(CCC)c1cc2ccc3cccc4ccc(c1C(=O)NC(C)(C)C)c2c34,460.0,,
O=C1N(Cc2ccccc2)C(=O)C(=C1c1c(C)sc2c1cccc2)c1c(C)sc2c1cccc2,Cc1sc2ccccc2c1C1=C(c2c(C)sc3ccccc23)C(=O)N(Cc2ccccc2)C1=O,510.0,,
Cc1ccc2c(c1)oc(n2)c1ccc(c2c1cccc2)c1nc2c(o1)cc(cc2)C,Cc1ccc2nc(-c3ccc(-c4nc5ccc(C)cc5o4)c4ccccc34)oc2c1,360.0,,
S=c1n(cc(n1c1ccccc1)P(=S)(c1ccccc1)c1ccccc1)c1ccccc1,S=c1n(-c2ccccc2)cc(P(=S)(c2ccccc2)c2ccccc2)n1-c1ccccc1,230.0,,
CC(n1c(cn(c1=S)C(C)C)P(c1ccccc1)c1ccccc1)C,CC(C)n1cc(P(c2ccccc2)c2ccccc2)n(C(C)C)c1=S,268.0,,
C[Si]1(c2ccccc2)C(=C(C(=C1[Si](c1ccccc1)(C)C)c1ccccc1)c1ccccc1)[Si](c1ccccc1)(C)C,C[Si](C)(C1=C(c2ccccc2)C(c2ccccc2)=C([Si](C)(C)c2ccccc2)[Si]1(C)c1ccccc1)c1ccccc1,311.0,,
CCOC(=O)C1=C(NC(=O)C1=NNc1ccccc1O)c1ccc2c(c1)cccc2,CCOC(=O)C1=C(c2ccc3ccccc3c2)NC(=O)C1=NNc1ccccc1O,466.0,,THF
CC(=O)CC(=O)c1ccc(o1)c1nc2c(n1C)cccc2,CC(=O)CC(=O)c1ccc(-c2nc3ccccc3n2C)o1,382.0,42620.0,Toluene
N#CC(=Cc1ccc(s1)c1ccc(s1)c1ccc2c(c1)c1ccccc1n1c2cc2c1cc(cc2)C)C(=O)O,Cc1ccc2cc3c4ccc(-c5ccc(-c6ccc(C=C(C#N)C(=O)O)s6)s5)cc4c4ccccc4n3c2c1,411.0,,
N#Cc1c2cc([nH]n2c(=N)c2c1c1CSc3c(c1oc2=O)cccc3)c1ccc(cc1)OC,COc1ccc(-c2cc3c(C#N)c4c5c(oc(=O)c4c(=N)n3[nH]2)-c2ccccc2SC5)cc1,444.0,10591.0,DMF
c1cc2c(s1)c1c(s2)scc1,c1cc2c(s1)sc1ccsc12,373.0,,
Cc1ccc(cc1)Nc1nc(C#N)c(nc1CC(C1=Nc2c(N(C1C)CC)cc(n2C#N)C#N)O)C#N,CCN1c2cc(C#N)n(C#N)c2N=C(C(O)Cc2nc(C#N)c(C#N)nc2Nc2ccc(C)cc2)C1C,533.0,,
O=C(Nc1ccc(c(c1)C(F)(F)F)Cl)Nc1ccc(cc1)Cl,O=C(Nc1ccc(Cl)cc1)Nc1ccc(Cl)c(C(F)(F)F)c1,382.0,71500.0,
CCn1c2ccc(cc2c2c1ccc(c2)c1ccc(s1)c1nc2c(n1c1ccccc1)cccc2)c1cccs1,CCn1c2ccc(-c3cccs3)cc2c2cc(-c3ccc(-c4nc5ccccc5n4-c4ccccc4)s3)ccc21,372.0,36300.0,DCM
Nc1ccc2c(c1)oc(=O)cc2C(F)(F)F,Nc1ccc2c(C(F)(F)F)cc(=O)oc2c1,360.0,,dichloromethane
Oc1cc(ccc1N=Cc1c(O)ccc2c1cccc2)[N+](=O)[O-],O=[N+]([O-])c1ccc(N=Cc2c(O)ccc3ccccc23)c(O)c1,472.0,,
COc1ccc2c(c1)sc(n2)N=Nc1c(N)nc2n(c1N)nc(c2N=Nc1nccs1)N,COc1ccc2nc(N=Nc3c(N)nc4c(N=Nc5nccs5)c(N)nn4c3N)sc2c1,521.0,,
O=c1cc2c(cc1Nc1ccccc1Nc1ccccc1)nc(nn2c1ccccc1)c1ccccc1,O=c1cc2n(-c3ccccc3)nc(-c3ccccc3)nc-2cc1Nc1ccccc1Nc1ccccc1,431.0,,
COC(=O)c1ccccc1C(=O)O,COC(=O)c1ccccc1C(=O)O,541.0,,
Clc1ccc(cc1)c1nn(c(c1N=Nc1ccc(cc1)S(=O)(=O)O)Nc1nc(Cl)nc(n1)Cl)c1ccccc1,O=S(=O)(O)c1ccc(N=Nc2c(-c3ccc(Cl)cc3)nn(-c3ccccc3)c2Nc2nc(Cl)nc(Cl)n2)cc1,380.0,,
Nc1cccc(n1)N,Nc1cccc(N)n1,389.0,60200.0,THF
ON=C1CC(=C(C1=NO)c1cc(sc1C)C)c1cc(sc1C)C,Cc1cc(C2=C(c3cc(C)sc3C)C(=NO)C(=NO)C2)c(C)s1,324.0,,
C(Cn1c2ccc(cc2c2c1cccc2)c1sc(c2c1cccc2)c1cccs1)CC,CCCCn1c2ccccc2c2cc(-c3sc(-c4cccs4)c4ccccc34)ccc21,465.0,,CH 2 Cl
N#Cc1ccc2c(c1)c1cc(ccc1n2c1ccccc1)c1ccc2c(c1)c1ccccc1n2c1ccccc1,N#Cc1ccc2c(c1)c1cc(-c3ccc4c(c3)c3ccccc3n4-c3ccccc3)ccc1n2-c1ccccc1,301.0,,
CCOC(=O)C=c1sc2=NC3=C(C(n2c1=O)c1cccc(c1)Cl)C3=Cc1cccc(c1)Cl,CCOC(=O)C=c1sc2n(c1=O)C(c1cccc(Cl)c1)C1=C(N=2)C1=Cc1cccc(Cl)c1,315.44,,
O=C(c1cccc(n1)C(=O)CC(=O)c1ccc(cc1)C)CC(=O)c1ccc(cc1)C,Cc1ccc(C(=O)CC(=O)c2cccc(C(=O)CC(=O)c3ccc(C)cc3)n2)cc1,340.0,38904.5145,
OC(=O)c1ccc(cc1)N=Nc1ccc(c2c1cccn2)O,O=C(O)c1ccc(N=Nc2ccc(O)c3ncccc23)cc1,413.0,,DMSO
CC(=O)Oc1ccc(cc1)N=NC(=NNc1ccccc1)c1ccccc1,CC(=O)Oc1ccc(N=NC(=NNc2ccccc2)c2ccccc2)cc1,371.0,,
CC(c1ccc(cc1)C=Cc1sccc1c1ccsc1C=Cc1ccc(cc1)C(C)(C)C)(C)C,CC(C)(C)c1ccc(C=Cc2sccc2-c2ccsc2C=Cc2ccc(C(C)(C)C)cc2)cc1,290.0,,
O=C1c2c(cccc2C(=O)c2c1cccc2)N=Nc1cccc2c1C(=O)c1ccccc1C2=O,O=C1c2ccccc2C(=O)c2c(N=Nc3cccc4c3C(=O)c3ccccc3C4=O)cccc21,435.0,,
CN(c1cccc2c1cccc2C#Cc1cccc2c1cccc2C#Cc1cccc2c1cccc2C#Cc1cccc2c1cccc2N(C)C)C,CN(C)c1cccc2c(C#Cc3cccc4c(C#Cc5cccc6c(C#Cc7cccc8c(N(C)C)cccc78)cccc56)cccc34)cccc12,527.0,29700.0,
Sc1nnn(c1)N=Nc1ccc(c2c1cccn2)O,Oc1ccc(N=Nn2cc(S)nn2)c2cccnc12,496.0,,Methanol
CC(=O)Nc1ccc(cc1)S(=O)(=O)Nc1ccccc1,CC(=O)Nc1ccc(S(=O)(=O)Nc2ccccc2)cc1,204.0,,
Clc1ccc2c(c1)nc1n2c(cc2c1cn(n2)c1ccccc1)c1ccccc1,Clc1ccc2c(c1)nc1c3cn(-c4ccccc4)nc3cc(-c3ccccc3)n21,336.0,,
OC(=O)c1ccc(cc1)N=Cc1ccccc1,O=C(O)c1ccc(N=Cc2ccccc2)cc1,295.0,,
COc1ccc(s1)C#Cc1sc(c(c1[N+](=O)[O-])[N+](=O)[O-])C#Cc1ccc(s1)OC,COc1ccc(C#Cc2sc(C#Cc3ccc(OC)s3)c([N+](=O)[O-])c2[N+](=O)[O-])s1,460.0,9700.0,CH2Cl2 ( c 2 × 10–5 mol / l )
O=CNc1ccc(cc1)C=Cc1nc2cc(OCCC(C)C)c(cc2nc1C=Cc1ccc(cc1)NC=O)OCCC(C)C,CC(C)CCOc1cc2nc(C=Cc3ccc(NC=O)cc3)c(C=Cc3ccc(NC=O)cc3)nc2cc1OCCC(C)C,480.0,,
CN(c1ccc(cc1)C1C=CC=CC1(C=Cc1ccccc1)C1=C(C#N)C(=C(C#N)C#N)N(C1=O)CC=C)C,C=CCN1C(=O)C(C2(C=Cc3ccccc3)C=CC=CC2c2ccc(N(C)C)cc2)=C(C#N)C1=C(C#N)C#N,740.0,,
c1ccc2c(c1)scc2,c1ccc2sccc2c1,398.0,9852.0,
c1ccc(cc1)c1ccccc1c1ccccc1,c1ccc(-c2ccccc2-c2ccccc2)cc1,691.0,,
N#CC(=Cc1c2ccccc2cc2c1cccc2)c1ccc(cc1)N(c1ccccc1)c1ccccc1,N#CC(=Cc1c2ccccc2cc2ccccc12)c1ccc(N(c2ccccc2)c2ccccc2)cc1,403.0,,THF
Oc1ccc(cc1)C(c1cc(=O)oc(c1)C(=O)O)(C)C,CC(C)(c1ccc(O)cc1)c1cc(C(=O)O)oc(=O)c1,222.0,,
O=C(Nc1ccc2c(c1)c(C)nc1c2cccc1)NCNC(=O)Nc1ccc2c(c1)c(C)nc1c2cccc1,Cc1nc2ccccc2c2ccc(NC(=O)NCNC(=O)Nc3ccc4c(c3)c(C)nc3ccccc34)cc12,262.0,,
O=c1oc2ccccc2cc1c1ccc(cc1)c1ccc(cc1)c1cc2ccccc2oc1=O,O=c1oc2ccccc2cc1-c1ccc(-c2ccc(-c3cc4ccccc4oc3=O)cc2)cc1,341.0,,
O=C1OC(=NC1=Cc1ccc(cc1)C=Cc1nc2c([nH]1)cccc2)c1ccccc1,O=C1OC(c2ccccc2)=NC1=Cc1ccc(C=Cc2nc3ccccc3[nH]2)cc1,424.0,54100.0,THF
[O-][N+](=O)c1cc2C(=CC=CC=CC=C3C=C(OC(=C3)C(C)(C)C)C(C)(C)C)c3c(c2c(c1)[N+](=O)[O-])c(cc(c3)[N+](=O)[O-])[N+](=O)[O-],CC(C)(C)C1=CC(=CC=CC=CC=C2c3cc([N+](=O)[O-])cc([N+](=O)[O-])c3-c3c2cc([N+](=O)[O-])cc3[N+](=O)[O-])C=C(C(C)(C)C)O1,779.0,,Toluene
CCOC(=O)c1cc2c(n1Cc1ccc(cc1)C)c1[nH]c(=O)c(cc1CC2)S(=O)(=O)c1ccccc1,CCOC(=O)c1cc2c(n1Cc1ccc(C)cc1)-c1[nH]c(=O)c(S(=O)(=O)c3ccccc3)cc1CC2,381.0,37088.0,
Cc1ccc2c(c1)[nH]c(n2)c1ccc(cc1)c1ccc(c(c1)C)c1ccc(cc1)c1nc2c([nH]1)cc(cc2)C,Cc1ccc2nc(-c3ccc(-c4ccc(-c5ccc(-c6nc7ccc(C)cc7[nH]6)cc5)c(C)c4)cc3)[nH]c2c1,333.0,,
C1COc2c(O1)c(sc2)c1ccc(cc1)c1scc2c1OCCO2,c1cc(-c2scc3c2OCCO3)ccc1-c1scc2c1OCCO2,511.0,,
[O-][N+](=O)c1ccc(cc1)c1nc2CCc3c(c2c2c1c1ccccc1CC2)cccc3,O=[N+]([O-])c1ccc(-c2nc3c(c4c2-c2ccccc2CC4)-c2ccccc2CC3)cc1,353.0,,Dimethylsulfoxide
Clc1ccc(cc1)c1cc(n(n1)Cc1ccc(nc1)Cl)c1nnc(o1)c1cccc(c1)Br,Clc1ccc(-c2cc(-c3nnc(-c4cccc(Br)c4)o3)n(Cc3ccc(Cl)nc3)n2)cc1,274.0,,dichloromethane
Cc1ccc(cc1)N=NC(=NNc1ccccc1)c1ccccc1,Cc1ccc(N=NC(=NNc2ccccc2)c2ccccc2)cc1,374.0,,
C[n+]1c(C=C2C(=C(C2=O)C=c2sc3c(n2C)cccc3)[O-])sc2c1cccc2,CN1C(=CC2=C([O-])C(=Cc3sc4ccccc4[n+]3C)C2=O)Sc2ccccc21,650.0,,
Oc1ccc2c3c1ccc1c3c(cc2)ccc1,Oc1ccc2ccc3cccc4ccc1c2c34,242.0,,
Cc1ccccc1C=Cc1ccc(cc1)C=Cc1ccccc1C,Cc1ccccc1C=Cc1ccc(C=Cc2ccccc2C)cc1,420.0,49000.0,
Clc1ccc2c(c1)nccc2NCCCNCCCOc1ccc2c(c1)c1c(cc2)OC2=C(C1c1ccc(cc1)C(C)C)C(=O)CC(C2)(C)C,CC(C)c1ccc(C2C3=C(CC(C)(C)CC3=O)Oc3ccc4ccc(OCCCNCCCNc5ccnc6cc(Cl)ccc56)cc4c32)cc1,333.0,12000.0,methanol
c1ccc(cc1)C=Cc1c2ccccc2cc2c1cccc2,C(=Cc1c2ccccc2cc2ccccc12)c1ccccc1,385.0,,MCH
CNC(=S)NN=Cc1c[nH]c2c1cccc2,CNC(=S)NN=Cc1c[nH]c2ccccc12,262.0,,
Clc1ccc(cc1)c1nc2CCc3c(c2c2c1c1ccccc1CC2)cccc3,Clc1ccc(-c2nc3c(c4c2-c2ccccc2CC4)-c2ccccc2CC3)cc1,329.0,35700.0,chloroform
Cc1ccc(cc1)C=NCCN=Cc1ccc(cc1)C,Cc1ccc(C=NCCN=Cc2ccc(C)cc2)cc1,246.0,23087.0,dichloromethane
CN1c2ccccc2C(C1=CC1=C([O-])C(=CC2=[N+](C)c3c(C2(C)C)cccc3)C1=O)(C)C,CN1C(=CC2=C([O-])C(=CC3=[N+](C)c4ccccc4C3(C)C)C2=O)C(C)(C)c2ccccc21,637.5,,chloroform
Nc1[nH]nc(c1N=Nc1ccc(cc1)[N+](=O)[O-])N,Nc1n[nH]c(N)c1N=Nc1ccc([N+](=O)[O-])cc1,508.0,,
Fc1c(F)c(F)c(c2c1nc1c(n2)c(F)c(c(c1F)F)F)F,Fc1c(F)c(F)c2nc3c(F)c(F)c(F)c(F)c3nc2c1F,367.0,,
BrCCOc1ccc(cc1)N=Nc1ccc(cc1)Br,BrCCOc1ccc(N=Nc2ccc(Br)cc2)cc1,352.0,,
C[SiH](c1cc(c2ccccc2)c2c3c1ccc1c3c(cc2)c(cc1c1ccccc1)[SiH](C)C)C,C[SiH](C)c1cc(-c2ccccc2)c2ccc3c([SiH](C)C)cc(-c4ccccc4)c4ccc1c2c43,393.0,37000.0,
Cc1ccc(cc1)CNS(=O)(=O)c1ccc(s1)S(=O)(=O)N,Cc1ccc(CNS(=O)(=O)c2ccc(S(N)(=O)=O)s2)cc1,519.0,,
Cc1ccc2c(c1O)nccc2,Cc1ccc2cccnc2c1O,415.0,,MeOH
N#Cc1ccc(cc1)c1nc2CCc3c(c2c2c1c1ccc(cc1CC2)Br)ccc(c3)Br,N#Cc1ccc(-c2nc3c(c4c2-c2ccc(Br)cc2CC4)-c2ccc(Br)cc2CC3)cc1,399.0,99100.0,chloroform
O=S(=O)(c1cccc(c1)N1N=C(CC1c1ccccc1)c1ccco1)c1cccc(c1)N1N=C(CC1c1ccccc1)c1ccco1,O=S(=O)(c1cccc(N2N=C(c3ccco3)CC2c2ccccc2)c1)c1cccc(N2N=C(c3ccco3)CC2c2ccccc2)c1,348.0,43100.0,dichloromethane
Oc1ccc(cc1)N=Nc1ccc(cc1)[N+](=O)[O-],O=[N+]([O-])c1ccc(N=Nc2ccc(O)cc2)cc1,387.0,,
O=c1[nH]c2c(cc1S(=O)(=O)c1ccccc1)CCc1c2[nH]cc1,O=c1[nH]c2c(cc1S(=O)(=O)c1ccccc1)CCc1cc[nH]c1-2,430.0,37138.0,
CCn1c2nc(nc(=O)c2[n+](c2c1ccc(c2)C)[O-])c1ccccc1,CCn1c2nc(-c3ccccc3)nc(=O)c-2[n+]([O-])c2cc(C)ccc21,510.0,30902.95433,
O=C1OC(=NC1=CC=Cc1ccc(cc1)N(C)C)c1ccccc1,CN(C)c1ccc(C=CC=C2N=C(c3ccccc3)OC2=O)cc1,488.0,47400.0,THF
Nc1cccc(c1)[N+](=O)[O-],Nc1cccc([N+](=O)[O-])c1,373.9,,
OC(=O)c1ccc(cc1)NCc1cnc2c(n1)c(=O)nc([nH]2)N,Nc1nc(=O)c2nc(CNc3ccc(C(=O)O)cc3)cnc2[nH]1,299.0,,
Oc1ccc(cc1)C=Nc1ccc2c(c1)ccc(=O)o2,O=c1ccc2cc(N=Cc3ccc(O)cc3)ccc2o1,321.0,21000.0,
COc1ccc(cc1)C1(C)c2cc(ccc2c2c1cc(cc2)C#C[Si](C)(C)C)C#C[Si](C)(C)C,COc1ccc(C2(C)c3cc(C#C[Si](C)(C)C)ccc3-c3ccc(C#C[Si](C)(C)C)cc32)cc1,363.0,,
Clc1ccc(cc1)c1ccc2c(n1)nc1c(c2)cccc1,Clc1ccc(-c2ccc3cc4ccccc4nc3n2)cc1,392.0,,acetone
Clc1ccc(cc1)NC(=O)Cn1c(cc2c1cccc2)C(=O)NC1CCN(CC1)C(C)C,CC(C)N1CCC(NC(=O)c2cc3ccccc3n2CC(=O)Nc2ccc(Cl)cc2)CC1,499.0,75300.0,
Cn1cc(n(c1=S)C)P(=O)(c1ccccc1)c1ccccc1,Cn1cc(P(=O)(c2ccccc2)c2ccccc2)n(C)c1=S,272.0,,
N#Cc1c(C#N)nc(n1C)C=Cc1ccccc1,Cn1c(C=Cc2ccccc2)nc(C#N)c1C#N,313.0,,
O1CCN(CC1)c1cc2OC(C=Cc2c2c1cccc2)(c1ccccc1)c1ccccc1,C1=CC(c2ccccc2)(c2ccccc2)Oc2cc(N3CCOCC3)c3ccccc3c21,420.0,,
NC(=O)c1c(=O)oc2c(c1C)cc1c(c2)n(c(n1)Nc1cccc2c1cccc2)CCN1CCOCC1,Cc1c(C(N)=O)c(=O)oc2cc3c(cc12)nc(Nc1cccc2ccccc12)n3CCN1CCOCC1,349.0,,ethanol
Oc1ccc(cc1)Cl,Oc1ccc(Cl)cc1,280.0,,
CO[Si](CCCSC(=O)c1cccs1)(OC)OC,CO[Si](CCCSC(=O)c1cccs1)(OC)OC,287.0,95800.0,chloroform
N#CC(=Cc1ccc2c(c1)C(CC)(CC)c1c2ccc(c1)N(c1ccccc1)c1ccccc1)C#N,CCC1(CC)c2cc(C=C(C#N)C#N)ccc2-c2ccc(N(c3ccccc3)c3ccccc3)cc21,518.6,,ACN
O[C@@H]1[C@@H](O)[C@@H](COc2ccccc2)N(S(=O)(=O)N([C@@H]1COc1ccccc1)Cc1ccccc1)Cc1ccccc1,O=S1(=O)N(Cc2ccccc2)[C@H](COc2ccccc2)[C@H](O)[C@@H](O)[C@@H](COc2ccccc2)N1Cc1ccccc1,630.0,,
Cc1sc(c(c1)C1=C(CCC1=O)c1ccccc1)C,Cc1cc(C2=C(c3ccccc3)CCC2=O)c(C)s1,280.0,,
S=c1oc2c([nH]1)cccc2,S=c1[nH]c2ccccc2o1,299.0,5400.0,
O=c1c(O)c(oc2c1cccc2)c1ccccc1,O=c1c(O)c(-c2ccccc2)oc2ccccc12,344.0,,
c1ccc(cc1)P(c1ccccc1)CCP(c1ccccc1)c1ccccc1,c1ccc(P(CCP(c2ccccc2)c2ccccc2)c2ccccc2)cc1,447.0,,dichloromethane
CC(=O)Nc1ccc(cc1)N=Nc1sc2c(n1)ccc(c2)[N+](=O)[O-],CC(=O)Nc1ccc(N=Nc2nc3ccc([N+](=O)[O-])cc3s2)cc1,419.0,,Methanol
N#CC(=Cc1ccc(cc1)C)c1ccc(cc1)N(c1ccccc1)c1ccccc1,Cc1ccc(C=C(C#N)c2ccc(N(c3ccccc3)c3ccccc3)cc2)cc1,398.0,,THF
Oc1ccc(c2c1nccc2)N=Nc1cccnc1,Oc1ccc(N=Nc2cccnc2)c2cccnc12,538.0,,DMSO
c1ccc(cc1)C1=CC(=CC=Cc2ccncn2)C=C(O1)c1ccccc1,C(=Cc1ccncn1)C=C1C=C(c2ccccc2)OC(c2ccccc2)=C1,444.0,,dichloromethane
CC1(C)c2ccccc2c2c1cc1c(c2)c(C#Cc2ccccc2)c2c(c1C#Cc1ccccc1)cccc2,CC1(C)c2ccccc2-c2cc3c(C#Cc4ccccc4)c4ccccc4c(C#Cc4ccccc4)c3cc21,478.0,,dichloromethane
CCN(c1ccc(c(c1)O)c1[nH]c2c(n1)ccc(c2)n1nc2c(n1)c1c(cc2)cccc1S(=O)(=O)O)CC,CCN(CC)c1ccc(-c2nc3ccc(-n4nc5ccc6cccc(S(=O)(=O)O)c6c5n4)cc3[nH]2)c(O)c1,503.0,,DMSO
Nc1ccc2c(c1)cccn2,Nc1ccc2ncccc2c1,361.0,7350.0,DMSO
ClCc1cc(=O)oc2c1cc1nc(oc1c2)c1ccc(c(c1)N)C,Cc1ccc(-c2nc3cc4c(CCl)cc(=O)oc4cc3o2)cc1N,342.0,2884.031503,
S=c1sc(c(n1O)C)C,Cc1sc(=S)n(O)c1C,321.0,,
Clc1ccc(cc1)N=Nc1c(N)nn2c1nc(N)c(c2N)N=Nc1ccc(cc1)[N+](=O)[O-],Nc1nc2c(N=Nc3ccc(Cl)cc3)c(N)nn2c(N)c1N=Nc1ccc([N+](=O)[O-])cc1,489.0,,
NS(=O)(=O)c1ccc(cc1N1CCOCCOCCOCCOCC1)n1cccc1,NS(=O)(=O)c1ccc(-n2cccc2)cc1N1CCOCCOCCOCCOCC1,278.0,,ACN
COc1c2ccccc2c(c2c1c1ccc(cc1n2C)F)OC,COc1c2ccccc2c(OC)c2c1c1ccc(F)cc1n2C,321.0,,CH 2 Cl
COc1ccccc1c1nc(c2n1cccc2)c1ccccc1,COc1ccccc1-c1nc(-c2ccccc2)c2ccccn12,481.0,7953.0,HCl
CCOC(=O)C1C(=O)C=C(CC1c1ccccc1OC)c1ccco1,CCOC(=O)C1C(=O)C=C(c2ccco2)CC1c1ccccc1OC,331.0,,
Clc1ccc(cc1)c1cc(n(n1)Cc1ccc(cc1)C(C)(C)C)c1nnc(o1)c1ccc(cc1)C,Cc1ccc(-c2nnc(-c3cc(-c4ccc(Cl)cc4)nn3Cc3ccc(C(C)(C)C)cc3)o2)cc1,275.0,,dichloromethane
N#CC(=Cc1ccc(cc1)N(C)C)c1ccc(cc1)F,CN(C)c1ccc(C=C(C#N)c2ccc(F)cc2)cc1,393.0,,dichloromethane
CC(=O)C=NNc1snc2c1cc(cc2)[N+](=O)[O-],CC(=O)C=NNc1snc2ccc([N+](=O)[O-])cc12,438.0,,
O=C1CN=C(c2c(N1)ccc(c2)Cl)c1ccccc1Cl,O=C1CN=C(c2ccccc2Cl)c2cc(Cl)ccc2N1,548.0,,
O=C1C(c2ccc3c(n2)c(ccc3)N2C(=O)c3c(C2=O)cccc3)C(=O)c2c1cccc2,O=C1c2ccccc2C(=O)C1c1ccc2cccc(N3C(=O)c4ccccc4C3=O)c2n1,452.0,25490.0,PGMEA
Brc1ccc(cc1)C=CC(=O)c1nccnc1C,Cc1nccnc1C(=O)C=Cc1ccc(Br)cc1,315.0,,ethanol
c1ccc(cc1)c1nc(c2ccccc2)c2c(n1)n(cc2)c1ccccc1,c1ccc(-c2nc(-c3ccccc3)c3ccn(-c4ccccc4)c3n2)cc1,327.0,,
C=CCN1c2ccc(cc2C(C21C=Cc1c(O2)c(cc2c1ccc(c2)OC)c1nc(c(o1)c1ccccc1)c1ccccc1)(C)C)OC,C=CCN1c2ccc(OC)cc2C(C)(C)C12C=Cc1c(c(-c3nc(-c4ccccc4)c(-c4ccccc4)o3)cc3cc(OC)ccc13)O2,310.0,,Toluene
C1(C)c2cc(ccc2c2c1cc(cc2)N(c1ccc(cc1)C)c1ccc(cc1)C)c1ccc(cc1)C=C(C(=O)O)C#N,Cc1ccc(N(c2ccc(C)cc2)c2ccc3c(c2)C(C)c2cc(-c4ccc(C=C(C#N)C(=O)O)cc4)ccc2-3)cc1,441.0,,
N#CC(=Cc1ccc(cc1)c1ccc(cc1)N(c1ccc(cc1)OC)c1ccc(cc1)OC)C#N,COc1ccc(N(c2ccc(OC)cc2)c2ccc(-c3ccc(C=C(C#N)C#N)cc3)cc2)cc1,525.0,,
CSc1ccc2c3c1cccc3C1=NC(=O)C(=C21)C#N,CSc1ccc2c3c(cccc13)C1=NC(=O)C(C#N)=C12,531.0,,
O=C(c1ccccc1)[C@@H]1O[C@H]1c1ccc(cc1)[N+](=O)[O-],O=C(c1ccccc1)[C@@H]1O[C@H]1c1ccc([N+](=O)[O-])cc1,324.0,,
N#CC(=CC=CC=Cc1ccc(cc1)N(C)C)C(=O)NC(CO)(CO)CO,CN(C)c1ccc(C=CC=CC=C(C#N)C(=O)NC(CO)(CO)CO)cc1,486.0,,
C#Cc1ccc2c(c1)C(=O)c1c2ccc(c1)C(=O)C,C#Cc1ccc2c(c1)C(=O)c1cc(C(C)=O)ccc1-2,502.0,,
COc1ccc(cc1)c1sc(c2c1cc1ccccc1c2)c1cccs1,COc1ccc(-c2sc(-c3cccs3)c3cc4ccccc4cc23)cc1,570.0,,CH 2 Cl
Cc1ccc2c(n1)c(ccc2N=Nc1ccc(cc1)[N+](=O)[O-])OC(=O)c1ccccc1,Cc1ccc2c(N=Nc3ccc([N+](=O)[O-])cc3)ccc(OC(=O)c3ccccc3)c2n1,376.0,,
CN(CCOc1ccc2c(c1)c1nc3ccccc3c(c1o2)NCNC(=O)C1=C2C(=CC(=[N+]2[B-](n2c1c(C)cc2C)(F)F)C)C)C,CC1=CC(C)=[N+]2C1=C(C(=O)NCNc1c3ccccc3nc3c1oc1ccc(OCCN(C)C)cc13)c1c(C)cc(C)n1[B-]2(F)F,504.5,,
COc1ccccc1OCC(COC(=O)c1cccnc1)O,COc1ccccc1OCC(O)COC(=O)c1cccnc1,446.0,28300.0,
[O-][N+](=O)c1ccc(cc1)N=Nc1c(N)nc2n(c1N)nc(c2N=Nc1ccc(cc1)[N+](=O)[O-])N,Nc1nc2c(N=Nc3ccc([N+](=O)[O-])cc3)c(N)nn2c(N)c1N=Nc1ccc([N+](=O)[O-])cc1,508.0,,
[O-][N+](=O)c1ccc(cc1)C#Cc1ccc(cc1)n1c2ccccc2c2c1cccc2,O=[N+]([O-])c1ccc(C#Cc2ccc(-n3c4ccccc4c4ccccc43)cc2)cc1,371.0,15100.0,CH 2 Cl 2
COCCNc1ncnc2c1nc(n2Cc1ccccc1)C=Cc1ccc(cc1)C#N,COCCNc1ncnc2c1nc(C=Cc1ccc(C#N)cc1)n2Cc1ccccc1,369.0,,
CCN(c1ccc(c(c1)O)N=Nc1nc2c(s1)cccc2)CC,CCN(CC)c1ccc(N=Nc2nc3ccccc3s2)c(O)c1,528.0,48300.0,methanol
ClCc1cc(=O)oc2c1cc1nc(oc1c2)c1ccc(cc1)N(C)C,CN(C)c1ccc(-c2nc3cc4c(CCl)cc(=O)oc4cc3o2)cc1,361.0,10471.28548,
c1ccc2c(c1)c(cc(n2)c1ccc(cc1)n1c2ccccc2c2c1cccc2)c1ccc(cc1)n1c2ccccc2c2c1cccc2,c1ccc2c(-c3ccc(-n4c5ccccc5c5ccccc54)cc3)cc(-c3ccc(-n4c5ccccc5c5ccccc54)cc3)nc2c1,341.0,,
c1ccc(cc1)N(c1ccccc1)c1ccc(cc1)C=Cc1ccnc(n1)n1cncc1,C(=Cc1ccnc(-n2ccnc2)n1)c1ccc(N(c2ccccc2)c2ccccc2)cc1,410.0,,DMF
CCCOc1c(C=C(c2ccccc2)c2ccccc2)cc2c(c1C=C(c1ccccc1)c1ccccc1)n(CCC)c1c2cccc1,CCCOc1c(C=C(c2ccccc2)c2ccccc2)cc2c3ccccc3n(CCC)c2c1C=C(c1ccccc1)c1ccccc1,476.0,,THF
ClC1=CC(=CC=c2ccccn2C)C(=O)c2c1cccn2,CN1C=CC=CC1=CC=C1C=C(Cl)c2cccnc2C1=O,592.0,,THF
N#CC(=Cc1ccc(s1)c1ccc(c2c1sc(n2)C)c1ccc(cc1)N(c1ccccc1)c1ccccc1)C(=O)O,Cc1nc2c(-c3ccc(N(c4ccccc4)c4ccccc4)cc3)ccc(-c3ccc(C=C(C#N)C(=O)O)s3)c2s1,420.0,,
Cc1ccc(cc1)N=NC(=NNc1ccccc1)c1ccc(cc1)[N+](=O)[O-],Cc1ccc(N=NC(=NNc2ccccc2)c2ccc([N+](=O)[O-])cc2)cc1,384.0,,
N#Cc1c(N)nc(c(c1c1ccccc1Cl)C#N)N,N#Cc1c(N)nc(N)c(C#N)c1-c1ccccc1Cl,339.0,,THF
Cn1c2ccc(cc2c2c1cccc2)C(c1ccc2c(c1)c1ccccc1n2C)c1ccc(cc1)n1c2ccccc2c2c1cccc2,Cn1c2ccccc2c2cc(C(c3ccc(-n4c5ccccc5c5ccccc54)cc3)c3ccc4c(c3)c3ccccc3n4C)ccc21,271.0,,
COc1ccc(cc1)c1cnc(n1C)c1ccc(cc1)c1nc2c(s1)cc(cc2)C=O,COc1ccc(-c2cnc(-c3ccc(-c4nc5ccc(C=O)cc5s4)cc3)n2C)cc1,363.0,19000.0,
c1ccc(cc1)P(c1ccccc1)CP(c1ccccc1)c1ccccc1,c1ccc(P(CP(c2ccccc2)c2ccccc2)c2ccccc2)cc1,431.0,,THF
[O-][N+](=O)c1ccc(cc1)C=Cc1c2ccccc2nc2c1cccc2,O=[N+]([O-])c1ccc(C=Cc2c3ccccc3nc3ccccc23)cc1,386.0,,
O=C(c1ccccc1)Oc1c(cc(cc1[N+](=O)[O-])[N+](=O)[O-])[N+](=O)[O-],O=C(Oc1c([N+](=O)[O-])cc([N+](=O)[O-])cc1[N+](=O)[O-])c1ccccc1,234.0,18923.43619,
On1c(=S)sc(c1C)c1ccccc1,Cc1c(-c2ccccc2)sc(=S)n1O,338.0,,
c1ccc2c(c1)n(c1ccc(cc1)C#Cc1ccc(cc1)n1c3ccccc3c3c1cccc3)c1c2cccc1,C(#Cc1ccc(-n2c3ccccc3c3ccccc32)cc1)c1ccc(-n2c3ccccc3c3ccccc32)cc1,372.0,33800.0,CH 2 Cl 2
N#CC(c1cccs1)C#N,N#CC(C#N)c1cccs1,350.0,57512.0,
Clc1ccc(cc1)NC1=C(Br)C(=O)OC1OCc1ccccc1,O=C1OC(OCc2ccccc2)C(Nc2ccc(Cl)cc2)=C1Br,292.0,,
N#CC(=Cc1cccc2c1cccc2)c1ccc(cc1)N(c1ccc2c(c1)cccc2)c1ccccc1,N#CC(=Cc1cccc2ccccc12)c1ccc(N(c2ccccc2)c2ccc3ccccc3c2)cc1,404.0,,THF
CC(n1cc(n(c1=S)C)P(=S)(c1ccccc1)c1ccccc1)C,CC(C)n1cc(P(=S)(c2ccccc2)c2ccccc2)n(C)c1=S,209.0,,
Cc1ccc(cc1)C#Cc1ccc(cc1)N(C)C,Cc1ccc(C#Cc2ccc(N(C)C)cc2)cc1,357.0,,
CCN(c1ccc(c(c1)CC)C=C1CCC(=Cc2ccc(cc2)N(C)C)C1=O)CC,CCc1cc(N(CC)CC)ccc1C=C1CCC(=Cc2ccc(N(C)C)cc2)C1=O,542.8,,
n1ccc(cc1)c1nc2c([nH]1)cccc2,c1ccc2[nH]c(-c3ccncc3)nc2c1,314.0,,DMF
CCCn1c(N=Nc2sc3c(n2)ccc(c3)C)ccc1c1cccs1,CCCn1c(N=Nc2nc3ccc(C)cc3s2)ccc1-c1cccs1,520.0,,DMSO
c1ccc(cn1)c1ccc(cc1)c1nc2c(n1c1ccccc1)c1ccccc1c1c2cccc1,c1ccc(-n2c(-c3ccc(-c4cccnc4)cc3)nc3c4ccccc4c4ccccc4c32)cc1,361.0,,
c1ccc(cc1)c1ccccc1,c1ccc(-c2ccccc2)cc1,318.0,,
Cc1cccc(n1)c1nc2c([nH]1)c1cccnc1c1c2cccn1,Cc1cccc(-c2nc3c4cccnc4c4ncccc4c3[nH]2)n1,304.0,41670.0,
O=C1CN2C(N1)(C)C(c1c2c(cc(c1)c1ccccc1)c1ccccc1)(C)C,CC1(C)c2cc(-c3ccccc3)cc(-c3ccccc3)c2N2CC(=O)NC21C,287.0,17700.0,THF
CC(=C)C(Cc1c(O)cc2c(c1O)c(=O)c1c(o2)ccc(c1)O)O,C=C(C)C(O)Cc1c(O)cc2oc3ccc(O)cc3c(=O)c2c1O,238.0,,
Oc1ccc2c(c1c1nc3CCc4c(c3c3c1c1ccccc1CC3)cccc4)cccc2,Oc1ccc2ccccc2c1-c1nc2c(c3c1-c1ccccc1CC3)-c1ccccc1CC2,346.0,24000.0,dichloromethane
Cn1c2ccc(cc2c2c1cccc2)c1cccc2c1Oc1c(cccc1C2(C)C)c1ccc2c(c1)c1ccccc1n2C,Cn1c2ccccc2c2cc(-c3cccc4c3Oc3c(-c5ccc6c(c5)c5ccccc5n6C)cccc3C4(C)C)ccc21,241.0,,CHCl3
COC(=O)c1ccc(cc1)OS(=O)(=O)N,COC(=O)c1ccc(OS(N)(=O)=O)cc1,296.0,,
Nc1ccc2c(c1)cc1c(c2)cccc1,Nc1ccc2cc3ccccc3cc2c1,449.3,,
COc1ccc(cc1)n1c(N=Nc2ccc3c(c2)scn3)ccc1c1cccs1,COc1ccc(-n2c(N=Nc3ccc4ncsc4c3)ccc2-c2cccs2)cc1,474.0,,DMSO
CCCN1c2ccc(cc2Sc2c1cccc2)C=Cc1cc(=O)oc2c1ccc(c2)C,CCCN1c2ccccc2Sc2cc(C=Cc3cc(=O)oc4cc(C)ccc34)ccc21,424.0,,chloroform
COc1cc2ccccc2cc1C=Cc1cc2ccccc2c2c1OC1(C=N2)N(C)c2c(C1(C)C)cccc2,COc1cc2ccccc2cc1C=Cc1cc2ccccc2c2c1OC1(C=N2)N(C)c2ccccc2C1(C)C,550.0,,
Cn1ccc(c1)c1ccc(cc1)C(F)(F)F,Cn1ccc(-c2ccc(C(F)(F)F)cc2)c1,286.0,15060.0,
c1ccc(cc1)c1nc2CCc3c(c2c2c1c1ccccc1CC2)cccc3,c1ccc(-c2nc3c(c4c2-c2ccccc2CC4)-c2ccccc2CC3)cc1,318.0,,Dimethylsulfoxide
CC1CCC(=CC1)c1ccc(s1)c1cccs1,CC1CC=C(c2ccc(-c3cccs3)s2)CC1,343.0,,Ethanol
Oc1ccc(cc1)C=C1N=C(N(C1=O)C)C,CC1=NC(=Cc2ccc(O)cc2)C(=O)N1C,371.0,,
Cc1cc(c(s1)C)C1=C(CC2C1=C(C(=O)C2)c1cc(sc1C)C)c1cc(sc1C)C,Cc1cc(C2=C(c3cc(C)sc3C)C3=C(c4cc(C)sc4C)C(=O)CC3C2)c(C)s1,351.0,,
Cc1ccc(cc1)C=c1oc(=Cc2ccc(cc2)N(C)C)c2c1cccc2,Cc1ccc(C=c2oc(=Cc3ccc(N(C)C)cc3)c3ccccc23)cc1,405.0,28000.0,
ClC(C(c1ccccc1)c1ccccc1)(Cl)Cl,ClC(Cl)(Cl)C(c1ccccc1)c1ccccc1,384.0,,
N#CC(=Cc1ccc(cc1)c1csc(c1)C=C(c1ccccc1)C#N)c1ccc(cc1)c1ccc2c(c1)cccc2,N#CC(=Cc1cc(-c2ccc(C=C(C#N)c3ccc(-c4ccc5ccccc5c4)cc3)cc2)cs1)c1ccccc1,361.0,,THF
COC(=O)[C@H](Cc1ccc2c(c1)nc(o2)c1ccc(cc1)C)NC(=O)OC(C)(C)C,COC(=O)[C@H](Cc1ccc2oc(-c3ccc(C)cc3)nc2c1)NC(=O)OC(C)(C)C,342.0,15135.61248,methanol
N#Cc1c2cc([nH]n2c(=N)c2c1c1CCc3c(c1oc2=O)cccc3)c1ccc(cc1)OC,COc1ccc(-c2cc3c(C#N)c4c5c(oc(=O)c4c(=N)n3[nH]2)-c2ccccc2CC5)cc1,428.0,10470.0,DMF
c1ccc(cc1)c1cc(cc(c1)c1ccccc1)c1nnc(o1)c1cc(cc(c1)c1ccccc1)c1ccccc1,c1ccc(-c2cc(-c3ccccc3)cc(-c3nnc(-c4cc(-c5ccccc5)cc(-c5ccccc5)c4)o3)c2)cc1,260.0,,
c1ccc2c(c1)cc1c(c2)cc2c(c1)cc1c(c2)cccc1,c1ccc2cc3cc4cc5ccccc5cc4cc3cc2c1,582.0,6000.0,
BrCC1=C(CBr)SC(=C2c3ccccc3C(=O)c3c2cccc3)S1,O=C1c2ccccc2C(=C2SC(CBr)=C(CBr)S2)c2ccccc21,538.0,,
c1ccc(cc1)n1ccc2c1nc(nc2c1ccc(cc1)n1c2ccccc2c2c1cccc2)c1ccc(cc1)n1c2ccccc2c2c1cccc2,c1ccc(-n2ccc3c(-c4ccc(-n5c6ccccc6c6ccccc65)cc4)nc(-c4ccc(-n5c6ccccc6c6ccccc65)cc4)nc32)cc1,342.0,,
C1CCN(CC1)c1ccc(cc1)C=c1oc(=Cc2ccccc2)c2c1cccc2,C(c1ccccc1)=c1oc(=Cc2ccc(N3CCCCC3)cc2)c2ccccc12,397.0,29300.0,
Cc1ccccc1Cl,Cc1ccccc1Cl,266.0,,
COc1ccc2c(c1)c1c(coc1cc2)CC(=O)O,COc1ccc2ccc3occ(CC(=O)O)c3c2c1,298.0,,
CSc1ccc(cc1)C=c1oc(=Cc2ccccc2)c2c1cccc2,CSc1ccc(C=c2oc(=Cc3ccccc3)c3ccccc23)cc1,386.0,27500.0,
Cc1nc2c(ccc(c2nc1C)c1ccc(s1)C=C(C(=O)O)C#N)c1ccc(s1)c1ccc(cc1)N(c1ccccc1)c1ccccc1,Cc1nc2c(-c3ccc(C=C(C#N)C(=O)O)s3)ccc(-c3ccc(-c4ccc(N(c5ccccc5)c5ccccc5)cc4)s3)c2nc1C,510.0,,
Cn1c(=O)c2c(c1c1ccc(s1)c1ccc(s1)c1n(C)c(=O)c3c1c(=O)n(c3c1ccc(s1)C)C)c(=O)n(c2c1ccc(s1)C)C,Cc1ccc(C2=C3C(=O)N(C)C(c4ccc(-c5ccc(C6=C7C(=O)N(C)C(c8ccc(C)s8)=C7C(=O)N6C)s5)s4)=C3C(=O)N2C)s1,629.0,,
C(COc1c(c2ccccc2)c(C#N)c(c(c1C#N)c1ccccc1)OC)CC,CCCCOc1c(C#N)c(-c2ccccc2)c(OC)c(C#N)c1-c1ccccc1,413.0,,
Cn1c2ccc(cc2c2c1cccc2)C=C(c1ccc(s1)C=C(C(=O)O)C#N)C#N,Cn1c2ccccc2c2cc(C=C(C#N)c3ccc(C=C(C#N)C(=O)O)s3)ccc21,488.0,42250.0,chloroform
COc1ccc(nn1)C#Cc1ccc(cc1)N(c1ccc(cc1)C#Cc1ccc(nn1)OC)c1ccc(cc1)C#Cc1ccc(nn1)OC,COc1ccc(C#Cc2ccc(N(c3ccc(C#Cc4ccc(OC)nn4)cc3)c3ccc(C#Cc4ccc(OC)nn4)cc3)cc2)nn1,375.0,64597.0,dichloromethane
Nc1ccc2c(c1)nc1c(n2)c2c3c1cccc3ccc2,Nc1ccc2nc3c(nc2c1)-c1cccc2cccc-3c12,556.0,,
COc1ccc(cc1)C(=Cc1ccc(cc1)C#N)c1ccc(cc1)OC,COc1ccc(C(=Cc2ccc(C#N)cc2)c2ccc(OC)cc2)cc1,291.0,,
CCN(c1ccc2c(c1)oc(=O)c(c2)C=CC(=O)c1c(=O)oc2c(c1O)ccc(c2)N(CC)CC)CC,CCN(CC)c1ccc2cc(C=CC(=O)c3c(O)c4ccc(N(CC)CC)cc4oc3=O)c(=O)oc2c1,511.0,,ACN
OCC1OC(C(C1O)O)n1c(C=Cc2ccc(cc2)OC)nc2c1nc(N)[nH]c2=O,COc1ccc(C=Cc2nc3c(=O)[nH]c(N)nc3n2C2OC(CO)C(O)C2O)cc1,350.0,,
Clc1ccc2c(c1)cc1c(n2)n(nc1C(F)(F)F)c1ccccc1,FC(F)(F)c1nn(-c2ccccc2)c2nc3ccc(Cl)cc3cc12,384.0,,
NCCc1c[nH]c2c1cc(OC)cc2F,COc1cc(F)c2[nH]cc(CCN)c2c1,275.0,,
COc1ccc(cc1)c1ccc2c(c1)Sc1c(N2c2ccc(cc2)OC)ccc(c1)c1ccc(o1)C=C(C(=O)O)C#N,COc1ccc(-c2ccc3c(c2)Sc2cc(-c4ccc(C=C(C#N)C(=O)O)o4)ccc2N3c2ccc(OC)cc2)cc1,473.0,24309.0,
Clc1ccc(cc1)Cn1c(nc(c1c1ccco1)c1ccco1)c1ccccc1,Clc1ccc(Cn2c(-c3ccccc3)nc(-c3ccco3)c2-c2ccco2)cc1,287.0,,
C[C@@]12CCC(C2(C)C)CC1=Nc1ccc(cc1)[N+](=O)[O-],CC1(C)C2CC[C@]1(C)C(=Nc1ccc([N+](=O)[O-])cc1)C2,316.6,,
COc1cc(ccc1OC)[C@H](NCNC(c1ccccc1)c1ccccc1)C,COc1ccc([C@@H](C)NCNC(c2ccccc2)c2ccccc2)cc1OC,500.0,,
Cn1c2ccc(cc2c2c1cccc2)C=Cc1cc(=O)oc2c1ccc(c2)C,Cc1ccc2c(C=Cc3ccc4c(c3)c3ccccc3n4C)cc(=O)oc2c1,393.0,,chloroform
CN1c2ccccc2C(C21C=Nc1c(O2)c(C=Cc2ccc3c(c2)ccc2c3C=CC(O2)(c2ccccc2)c2ccccc2)cc2c1cccc2)(C)C,CN1c2ccccc2C(C)(C)C12C=Nc1c(c(C=Cc3ccc4c5c(ccc4c3)OC(c3ccccc3)(c3ccccc3)C=C5)cc3ccccc13)O2,592.0,,
Cc1cccc(n1)c1nc2c(o1)c1ccccc1c1c2cccc1,Cc1cccc(-c2nc3c4ccccc4c4ccccc4c3o2)n1,390.0,,
OC(=O)c1ccc(s1)c1cccs1,O=C(O)c1ccc(-c2cccs2)s1,374.0,,
CN=C1CN(O)C(=c2c(=N1)ccc(c2)Cl)c1ccccc1,CN=C1CN(O)C(c2ccccc2)=c2cc(Cl)ccc2=N1,740.0,,
O=c1ccc2c(o1)ccc(c2)N=Cc1ccc(cc1)N(C)C,CN(C)c1ccc(C=Nc2ccc3oc(=O)ccc3c2)cc1,365.0,,
Cc1ccc(s1)C#Cc1cccc(n1)c1cccc(n1)C#Cc1ccc(s1)C,Cc1ccc(C#Cc2cccc(-c3cccc(C#Cc4ccc(C)s4)n3)n2)s1,340.0,,ACN
OC1=C(C(c2ccccc2)Nc2nc3c([nH]2)cccc3)C(=O)c2c(C1=O)cccc2,O=C1C(O)=C(C(Nc2nc3ccccc3[nH]2)c2ccccc2)C(=O)c2ccccc21,418.0,5754.399373,
Clc1ccc(cc1)N=Nc1c(N)n[nH]c1N,Nc1n[nH]c(N)c1N=Nc1ccc(Cl)cc1,483.0,,
c1ccc(nc1)CN(c1ccc(cc1)C=Cc1nccnc1)Cc1ccccn1,C(=Cc1cnccn1)c1ccc(N(Cc2ccccn2)Cc2ccccn2)cc1,259.0,,
COc1ccc(cc1)c1ccc(cc1)c1n(C(=O)OC(C)(C)C)c(=O)c2c1c(=O)n(c2c1ccc(cc1)c1ccc(cc1)OC)C(=O)OC(C)(C)C,COc1ccc(-c2ccc(C3=C4C(=O)N(C(=O)OC(C)(C)C)C(c5ccc(-c6ccc(OC)cc6)cc5)=C4C(=O)N3C(=O)OC(C)(C)C)cc2)cc1,468.0,17400.0,dichloromethane
Fc1c(C#Cc2ccccc2)c(C#Cc2ccccc2)c(c(c1C#Cc1ccccc1)F)C#Cc1ccccc1,Fc1c(C#Cc2ccccc2)c(F)c(C#Cc2ccccc2)c(C#Cc2ccccc2)c1C#Cc1ccccc1,400.0,,
C[Si](c1ccc2c3c1ccc1c3c(cc2)c(cc1)[Si](O)(C)C)(O)C,C[Si](C)(O)c1ccc2ccc3c([Si](C)(C)O)ccc4ccc1c2c43,355.0,42000.0,
C=CCN1c2ccccc2C(C21C=Cc1c(O2)c(cc2c1cccc2)c1nc(c(o1)c1ccccc1)c1ccccc1)(C)C,C=CCN1c2ccccc2C(C)(C)C12C=Cc1c(c(-c3nc(-c4ccccc4)c(-c4ccccc4)o3)cc3ccccc13)O2,304.0,,Toluene
Nc1ccnc(=O)[nH]1,Nc1ccnc(=O)[nH]1,250.0,,
Fc1ccc(cc1)c1nc([nH]c1c1ccncc1)c1ccc(cc1)[S@@](=O)C,C[S@](=O)c1ccc(-c2nc(-c3ccc(F)cc3)c(-c3ccncc3)[nH]2)cc1,448.0,,
OC[C@H]1O[C@H](C[C@@H]1O)n1cc(c2ccco2)c(nc1=O)N,Nc1nc(=O)n([C@H]2C[C@H](O)[C@@H](CO)O2)cc1-c1ccco1,310.0,,EtOAc
O=C1C=CC=C2C1=Cc1c2cccc1,O=C1C=CC=C2C1=Cc1ccccc12,553.0,,Ethanol
CCOc1c(F)c(F)c(c(c1F)F)c1c2cc3c(C)cc(n3c(=O)n2c(=O)c1C)C,CCOc1c(F)c(F)c(C2=C(C)C(=O)n3c2cc2c(C)cc(C)n2c3=O)c(F)c1F,448.0,,Cyclohexane
CC(=O)C(=NNc1cccnc1)C(=O)C,CC(=O)C(=NNc1cccnc1)C(C)=O,351.0,,
CCOC(=O)C1=C(c2ccccc2)N(C(=O)C1=Cc1ccc(cc1)c1ccccc1)C,CCOC(=O)C1=C(c2ccccc2)N(C)C(=O)C1=Cc1ccc(-c2ccccc2)cc1,590.0,14300.0,MTHF
COc1ccc(cc1)N=Nc1ccc(c2c1cccn2)O,COc1ccc(N=Nc2ccc(O)c3ncccc23)cc1,380.0,,
COc1ccc2c(c1)oc(=O)cc2COc1c(C)cccc1C,COc1ccc2c(COc3c(C)cccc3C)cc(=O)oc2c1,324.0,,
CN(c1ccc(cc1)C=Cc1ccn2c(c1)nc(c2)c1ccccc1)C,CN(C)c1ccc(C=Cc2ccn3cc(-c4ccccc4)nc3c2)cc1,554.0,29512.09227,Toluene
c1ccc(cc1)C=NNc1ncnc2c1[nH]cn2,C(=NNc1ncnc2nc[nH]c12)c1ccccc1,268.0,,EtOH
c1ccc(cc1)c1c2ccccc2c(c2c1cccc2)c1cccc(c1)c1c2ccccc2c(c2c1cccc2)c1ccccc1,c1ccc(-c2c3ccccc3c(-c3cccc(-c4c5ccccc5c(-c5ccccc5)c5ccccc45)c3)c3ccccc23)cc1,437.0,,dichloromethane
Clc1ccc(cc1)NN=C(C(=O)c1ccccc1)c1nc(C)cc(=O)[nH]1,Cc1cc(=O)[nH]c(C(=NNc2ccc(Cl)cc2)C(=O)c2ccccc2)n1,393.0,19498.446,
CCOC(=O)c1cc2cc3ccccc3nc2nc1C,CCOC(=O)c1cc2cc3ccccc3nc2nc1C,362.0,,acetone
O=c1cc(C)c2c(o1)cc1c(c2)nc([nH]1)C=Cc1ccccc1,Cc1cc(=O)oc2cc3[nH]c(C=Cc4ccccc4)nc3cc12,374.0,,Methanol
CC1=NN(C(=O)C1=Cc1cn(c2c1cccc2)Cc1ccccc1)c1ccccc1,CC1=NN(c2ccccc2)C(=O)C1=Cc1cn(Cc2ccccc2)c2ccccc12,412.0,,dichloromethane
CSc1nnn(c1)N=Nc1ccc(c2c1cccn2)O,CSc1cn(N=Nc2ccc(O)c3ncccc23)nn1,484.0,,Methanol
Cc1c(C=Cc2ccc(cc2)C=C)sc2c1sc(c2)c1nc2c(s1)cccc2,C=Cc1ccc(C=Cc2sc3cc(-c4nc5ccccc5s4)sc3c2C)cc1,403.0,34000.0,
C1CC[C@H]([C@@H](C1)NCc1ccccn1)NCc1ccccn1,c1ccc(CN[C@@H]2CCCC[C@H]2NCc2ccccn2)nc1,589.0,,
Oc1ccc(cc1)[C@@H]1CC(=O)c2c(O1)cc(cc2O)O,O=C1C[C@@H](c2ccc(O)cc2)Oc2cc(O)cc(O)c21,420.0,1850.0,
CN(c1cccc2c1cccc2C#Cc1ccc(cc1)C#Cc1cccc2c1cccc2N(C)C)C,CN(C)c1cccc2c(C#Cc3ccc(C#Cc4cccc5c(N(C)C)cccc45)cc3)cccc12,524.0,36200.0,
O=c1nc(nc2c1cc1cccc(c1n2C)C)c1ccccc1,Cc1cccc2cc3c(=O)nc(-c4ccccc4)nc-3n(C)c12,455.0,28840.31503,
c1ccc(nc1)c1ccc(cn1)c1cccs1,c1ccc(-c2ccc(-c3cccs3)cn2)nc1,344.0,,
O=Cc1ccccc1Cl,O=Cc1ccccc1Cl,400.0,10000.0,
FC(c1ccc(cc1)C#Cc1c2ccccc2c(c2c1cc1c3ccccc3C(c1c2)(C)C)C#Cc1ccc(cc1)C(F)(F)F)(F)F,CC1(C)c2ccccc2-c2cc3c(C#Cc4ccc(C(F)(F)F)cc4)c4ccccc4c(C#Cc4ccc(C(F)(F)F)cc4)c3cc21,483.0,,dichloromethane
Nc1ccc(cc1)Nc1nc(nc(n1)N1CCOCC1)N1CCOCC1,Nc1ccc(Nc2nc(N3CCOCC3)nc(N3CCOCC3)n2)cc1,278.0,18620.87137,CH 2 Cl 2
N#CC(=Cc1sc(c(c1)c1ccc(cc1)N(c1ccccc1)c1ccccc1)c1ccc(cc1)N(c1ccccc1)c1ccccc1)C(=O)O,N#CC(=Cc1cc(-c2ccc(N(c3ccccc3)c3ccccc3)cc2)c(-c2ccc(N(c3ccccc3)c3ccccc3)cc2)s1)C(=O)O,430.0,,
Cc1ccnc2c1ccc1c2nccc1C,Cc1ccnc2c1ccc1c(C)ccnc12,238.0,41800.0,
CCOP(=O)(c1ccc(cc1)C1(C=Cc2c(O1)ccc1c2cccc1)c1ccccc1)OCC,CCOP(=O)(OCC)c1ccc(C2(c3ccccc3)C=Cc3c(ccc4ccccc34)O2)cc1,433.0,,
Cc1cc2c(s1)cc(s2)c1ccc2c(c1)cc1c(c2)cccc1,Cc1cc2sc(-c3ccc4cc5ccccc5cc4c3)cc2s1,363.0,,
O=C(Nc1ccccc1)Nc1ccc(cc1)Oc1ncnc2c1n(C)cc2,Cn1ccc2ncnc(Oc3ccc(NC(=O)Nc4ccccc4)cc3)c21,810.0,,
CN(c1ccc(cc1)c1[nH]c(=O)c2c1c(=O)[nH]c2c1ccc(cc1)N(C)C)C,CN(C)c1ccc(C2=C3C(=O)NC(c4ccc(N(C)C)cc4)=C3C(=O)N2)cc1,562.0,,dimethylsufoxide
Cc1ccccc1N=Nc1c(=O)[nH]c2n(c1N)c1ccccc1n2,Cc1ccccc1N=Nc1c(N)n2c(nc3ccccc32)[nH]c1=O,417.0,,Chloroform
Cc1c(cccc1c1nc(nc(n1)c1ccccc1)c1ccccc1)c1ccc2c(c1)c1ccccc1n2c1ccccc1,Cc1c(-c2ccc3c(c2)c2ccccc2n3-c2ccccc2)cccc1-c1nc(-c2ccccc2)nc(-c2ccccc2)n1,415.0,,
Clc1ccc(cc1)c1cc(n(n1)Cc1ccc(cc1)C(C)(C)C)c1nnc(o1)c1cccc(c1)Br,CC(C)(C)c1ccc(Cn2nc(-c3ccc(Cl)cc3)cc2-c2nnc(-c3cccc(Br)c3)o2)cc1,274.0,,dichloromethane
C(Cn1c(c2cccs2)c2c(c1=O)c(n(c2=O)CC(C)C)c1ccc(s1)Br)C,CCCN1C(=O)C2=C(c3ccc(Br)s3)N(CC(C)C)C(=O)C2=C1c1cccs1,558.0,,
COc1ccc(cc1O)C1CC(=O)C(=O)C2=CC=CC3=CN=c4n(C123)nc(s4)C,COc1ccc(C2CC(=O)C(=O)C3=CC=CC4=CN=C5SC(C)=NN5C432)cc1O,527.0,,
C#CCNC(=O)c1cc(n2c1cc(cc2)c1ccncc1)C(=O)c1ccccc1,C#CCNC(=O)c1cc(C(=O)c2ccccc2)n2ccc(-c3ccncc3)cc12,395.0,,
Cc1nc(c2n1ccc(c2)c1nnc(o1)c1cc(nn1Cc1ccc(cc1)[N+](=O)[O-])c1ccc(cc1)C)Cl,Cc1ccc(-c2cc(-c3nnc(-c4ccn5c(C)nc(Cl)c5c4)o3)n(Cc3ccc([N+](=O)[O-])cc3)n2)cc1,404.0,,
C(=O)c1sc(c(c1C#N)C#N)c1sc(c(c1C#N)C#N)C(=O)C,CC(=O)c1sc(-c2sc(C=O)c(C#N)c2C#N)c(C#N)c1C#N,342.0,,
C=CCn1c(nc(c1c1ccco1)c1ccco1)c1ccco1,C=CCn1c(-c2ccco2)nc(-c2ccco2)c1-c1ccco1,311.0,,
CN1c2ccc(cc2Sc2c1cccc2)C=Cc1cc(=O)oc2c1cc(C)cc2,Cc1ccc2oc(=O)cc(C=Cc3ccc4c(c3)Sc3ccccc3N4C)c2c1,423.0,,chloroform
Cc1ccc(cc1)c1nnc(o1)c1cc(nn1Cc1ccc(nc1)Cl)c1ccc(cc1)Cl,Cc1ccc(-c2nnc(-c3cc(-c4ccc(Cl)cc4)nn3Cc3ccc(Cl)nc3)o2)cc1,275.0,,dichloromethane
CCOC(=O)C1=C(NC(=O)C1=NNc1ccc(cc1)O)c1ccc2c(c1)cccc2,CCOC(=O)C1=C(c2ccc3ccccc3c2)NC(=O)C1=NNc1ccc(O)cc1,470.0,,
COc1cc(ccc1NC(=O)C(n1c(=O)c2cccc3c2c(c1=O)ccc3NCCSc1ccccc1)CC(C)C)c1ccc(c(c1)OC)N,COc1cc(-c2ccc(NC(=O)C(CC(C)C)N3C(=O)c4cccc5c(NCCSc6ccccc6)ccc(c45)C3=O)c(OC)c2)ccc1N,529.0,21379.6209,
Cc1nc(c2n1ccc(c2)c1nnc(o1)c1cc(nn1Cc1ccc(cc1)F)c1ccccc1)Cl,Cc1nc(Cl)c2cc(-c3nnc(-c4cc(-c5ccccc5)nn4Cc4ccc(F)cc4)o3)ccn12,403.0,,
Oc1cccc2c1nc(cc2)c1nc2c([nH]1)cccc2,Oc1cccc2ccc(-c3nc4ccccc4[nH]3)nc12,323.0,,
O=C(Cc1ccccc1)OCc1ccc2c3c1cccc3c1c3c2cccc3ccc1,O=C(Cc1ccccc1)OCc1ccc2c3cccc4cccc(c5cccc1c52)c43,445.0,,
Cc1c(sc2c1c(C)c(s2)c1nnc(o1)C=Cc1ccccc1)c1nnc(o1)C=Cc1ccccc1,Cc1c(-c2nnc(C=Cc3ccccc3)o2)sc2sc(-c3nnc(C=Cc4ccccc4)o3)c(C)c12,364.0,,Ethanol
CC(=O)Nc1ccc(cc1)C=Cc1ccc(cc1)N(c1ccccc1)c1ccccc1,CC(=O)Nc1ccc(C=Cc2ccc(N(c3ccccc3)c3ccccc3)cc2)cc1,440.0,,
c1cc2ccc3c4c2c(c1)ccc4ccc3,c1cc2ccc3cccc4ccc(c1)c2c34,373.0,,THF
C#Cc1ccc2c3c1ccc1c3c(cc2)c(cc1)C(=O)O,C#Cc1ccc2ccc3c(C(=O)O)ccc4ccc1c2c43,435.0,,
N#Cc1ccc(cc1)N(c1ccc(cc1)c1cccs1)c1ccc(cc1)c1cccs1,N#Cc1ccc(N(c2ccc(-c3cccs3)cc2)c2ccc(-c3cccs3)cc2)cc1,351.0,,
COC(=O)[C@H](Cc1ccc2c(c1)nc(o2)c1ncc2c(c1)cccc2)NC(=O)OC(C)(C)C,COC(=O)[C@H](Cc1ccc2oc(-c3cc4ccccc4cn3)nc2c1)NC(=O)OC(C)(C)C,339.0,,
Cc1ccc(cc1)N=Nc1ccc(c2c1cccn2)O,Cc1ccc(N=Nc2ccc(O)c3ncccc23)cc1,397.0,,DMSO
CCOC(=O)c1c(N)sc(c1c1ccccc1)N=Nc1ccc(cc1)OC,CCOC(=O)c1c(N)sc(N=Nc2ccc(OC)cc2)c1-c1ccccc1,469.0,,DMSO
CN(c1ccc(cc1)c1[nH]c(nc1c1ccc(cc1)N(C)C)C=CC=Cc1ccc(cc1)[N+](=O)[O-])C,CN(C)c1ccc(-c2nc(C=CC=Cc3ccc([N+](=O)[O-])cc3)[nH]c2-c2ccc(N(C)C)cc2)cc1,474.0,,CH 2 Cl 2
O=C(c1cn(c2ccc(cc2[N+](=O)[O-])[N+](=O)[O-])c2c(c1=O)cccc2)c1ccccc1Cc1ccccc1,O=C(c1ccccc1Cc1ccccc1)c1cn(-c2ccc([N+](=O)[O-])cc2[N+](=O)[O-])c2ccccc2c1=O,375.0,,
Brc1cc2C=CC3(Oc2c(c1)c1nc(c(n1Cc1ccccc1)c1ccccc1)c1ccccc1)N(C)c1c(C3(C)C)cccc1,CN1c2ccccc2C(C)(C)C12C=Cc1cc(Br)cc(-c3nc(-c4ccccc4)c(-c4ccccc4)n3Cc3ccccc3)c1O2,292.0,,
CC(c1cccc(c1N=C1C(=Nc2c(cccc2C(C)C)C(C)C)N=c2n1cccc2)C(C)C)C,CC(C)c1cccc(C(C)C)c1N=C1N=C2C=CC=CN2C1=Nc1c(C(C)C)cccc1C(C)C,531.0,,THF
N#Cc1cnn2c1nc(C)c1c2N(CC1)c1ccccc1C,Cc1ccccc1N1CCc2c(C)nc3c(C#N)cnn3c21,330.0,,
O=C1N(c2ccccc2)C(=O)c2c1cc1ccc3c4c1c2ccc4ccc3,O=c1c2cc3ccc4cccc5ccc(c2c(=O)n1-c1ccccc1)c3c45,431.0,,
CC1CCCc2c1nc1nc3ccccc3cc1c2,CC1CCCc2cc3cc4ccccc4nc3nc21,365.0,,DMF
COc1ccc(cc1)C(=O)CC(=O)c1ccncc1,COc1ccc(C(=O)CC(=O)c2ccncc2)cc1,356.0,25703.95783,
Cn1c2ccccc2c2c1cc(cc2)c1cccc2c1Oc1c(cccc1C2(C)C)c1ccc2c(c1)n(C)c1c2cccc1,Cn1c2ccccc2c2ccc(-c3cccc4c3Oc3c(-c5ccc6c7ccccc7n(C)c6c5)cccc3C4(C)C)cc21,262.0,,CHCl3
CCc1ccc2c(c1N)C(=O)c1c(C2=O)cccc1,CCc1ccc2c(c1N)C(=O)c1ccccc1C2=O,582.5,,
Clc1ccc(cc1)C=CC(=O)c1nccnc1C,Cc1nccnc1C(=O)C=Cc1ccc(Cl)cc1,305.0,,ethanol
O=C1C=CC(=O)C=C1Nc1ccc(cc1)N1CCOCC1,O=C1C=CC(=O)C(Nc2ccc(N3CCOCC3)cc2)=C1,266.0,,
CSc1ccc(cc1C)OP(=S)(OC)OC,COP(=S)(OC)Oc1ccc(SC)c(C)c1,271.0,7000.0,
CC=C(c1[nH]c2c(c1CCNS(=O)(=O)c1ccccc1[N+](=O)[O-])cccc2)c1ccccc1,CC=C(c1ccccc1)c1[nH]c2ccccc2c1CCNS(=O)(=O)c1ccccc1[N+](=O)[O-],284.0,,
CC(=CCC(C(=C)C)Cc1c(O)cc2c(c1O)c(=O)cc(o2)c1ccc(cc1O)O)C,C=C(C)C(CC=C(C)C)Cc1c(O)cc2oc(-c3ccc(O)cc3O)cc(=O)c2c1O,309.0,,
Clc1ccc(cc1)c1nn(c2c1c1[nH][nH]c(=O)c1cn2)c1ccccc1,O=c1[nH][nH]c2c1cnc1c2c(-c2ccc(Cl)cc2)nn1-c1ccccc1,384.0,,DMSO
Cn1cc(c2c1cccc2)c1sc(c2c1cccc2)c1ccc(s1)c1ccc(s1)c1sc(c2c1cccc2)c1cn(c2c1cccc2)C,Cn1cc(-c2sc(-c3ccc(-c4ccc(-c5sc(-c6cn(C)c7ccccc67)c6ccccc56)s4)s3)c3ccccc23)c2ccccc21,620.0,,CH 2 Cl
Brc1ccc2c(c1)[nH]c(n2)c1ccc(cc1)c1ccc(cc1)c1ccc(cc1)c1nc2c([nH]1)cc(cc2)Br,Brc1ccc2nc(-c3ccc(-c4ccc(-c5ccc(-c6nc7ccc(Br)cc7[nH]6)cc5)cc4)cc3)[nH]c2c1,350.0,,
CCN(c1ccc(cc1)C=C1CCC(=Cc2ccc(cc2)N(C)C)C1=O)CC,CCN(CC)c1ccc(C=C2CCC(=Cc3ccc(N(C)C)cc3)C2=O)cc1,538.0,,
CC(=O)Oc1ccc2c(c1)[nH]c1c2cccc1,CC(=O)Oc1ccc2c(c1)[nH]c1ccccc12,357.0,,
O=C(c1[n+]([O-])c2ccccc2[n+](c1c1ccccc1)[O-])c1ccccc1,O=C(c1ccccc1)c1c(-c2ccccc2)[n+]([O-])c2ccccc2[n+]1[O-],280.0,,
CNC(=O)N(c1nc2c(s1)cccc2)C,CNC(=O)N(C)c1nc2ccccc2s1,295.0,,
OCc1ccc(cc1)N(c1ccccc1)c1ccc(cc1)C=CC1=CC(=C(C#N)C#N)CC(C1)(C)C,CC1(C)CC(C=Cc2ccc(N(c3ccccc3)c3ccc(CO)cc3)cc2)=CC(=C(C#N)C#N)C1,494.0,,
FC(c1cccc(c1)c1ccc(s1)c1ccc(s1)c1cccc(c1)C(F)(F)F)(F)F,FC(F)(F)c1cccc(-c2ccc(-c3ccc(-c4cccc(C(F)(F)F)c4)s3)s2)c1,374.0,37153.52291,
Cc1ccc(cc1)C#Cc1c(C#Cc2ccc(cc2)C)c(F)c(c(c1F)C#Cc1ccc(cc1)C)C#Cc1ccc(cc1)C,Cc1ccc(C#Cc2c(F)c(C#Cc3ccc(C)cc3)c(C#Cc3ccc(C)cc3)c(F)c2C#Cc2ccc(C)cc2)cc1,419.0,,
ClCCCn1c(Br)nc2c1c(=O)n(CCC)c(=O)n2CCC,CCCn1c(=O)c2c(nc(Br)n2CCCCl)n(CCC)c1=O,318.5,20417.37945,
COc1ccc(cc1)c1ccc2n(n1)c(C(=O)OC)c(c2C(=O)OC)C(=O)OC,COC(=O)c1c(C(=O)OC)c2ccc(-c3ccc(OC)cc3)nn2c1C(=O)OC,445.0,,MeOH
Cc1c(sc(=S)n1O)c1ccc(cc1)Cl,Cc1c(-c2ccc(Cl)cc2)sc(=S)n1O,335.0,,
CC[Si](c1cc2ccc3c4c2c(c1C(=O)NC(C)(C)C)ccc4ccc3)(C)C,CC[Si](C)(C)c1cc2ccc3cccc4ccc(c1C(=O)NC(C)(C)C)c2c34,427.0,,
c1ccc(nc1)CN(c1ccc(cc1)C=Cc1cccnn1)Cc1ccccn1,C(=Cc1cccnn1)c1ccc(N(Cc2ccccn2)Cc2ccccn2)cc1,255.0,,
F[B-]1(F)[O+]=c2n(Cc3ccccc3)c3c(c2=NN1c1ccccc1)cccc3,F[B-]1(F)[O+]=c2c(c3ccccc3n2Cc2ccccc2)=NN1c1ccccc1,437.0,28170.0,THF
c1scc(c1)c1ccc(c2c1[nH]cc2)c1cscc1,c1cc2c(-c3ccsc3)ccc(-c3ccsc3)c2[nH]1,319.0,,
COc1ncccc1c1ccc2c(c1)c1ccccc1n2Cn1c2ccc(cc2c2c1cccc2)c1cccnc1OC,COc1ncccc1-c1ccc2c(c1)c1ccccc1n2Cn1c2ccccc2c2cc(-c3cccnc3OC)ccc21,283.0,,tetrahydrofuran
Fc1ccc(cc1)c1nc2c(nc1c1ccc(cc1)F)ccc1c2C(=O)c2ccccc2C1=O,O=C1c2ccccc2C(=O)c2c1ccc1nc(-c3ccc(F)cc3)c(-c3ccc(F)cc3)nc21,264.0,58884.36554,Hexane
CC(=O)N(N(c1ccccc1[N+](=O)[O-])c1ccccc1)C(=O)C,CC(=O)N(C(C)=O)N(c1ccccc1)c1ccccc1[N+](=O)[O-],377.0,2950.0,
Clc1ccc(cc1)C=C1N=C(N(C1=O)Cc1ccccc1)C,CC1=NC(=Cc2ccc(Cl)cc2)C(=O)N1Cc1ccccc1,359.0,,
O=C(C1=C2C(=CC(=[N+]2[B-](n2c1c(C)cc2C)(F)F)C)C)NCNc1c2ccccc2nc2c1oc1c2cccc1,CC1=CC(C)=[N+]2C1=C(C(=O)NCNc1c3ccccc3nc3c1oc1ccccc13)c1c(C)cc(C)n1[B-]2(F)F,508.5,,
COc1ccc2c(c1)oc(=O)cc2COc1ccccc1OC,COc1ccc2c(COc3ccccc3OC)cc(=O)oc2c1,325.0,,
N#Cc1ccc(cc1)c1nc2CCc3c(c2c2c1c1ccccc1CC2)cccc3,N#Cc1ccc(-c2nc3c(c4c2-c2ccccc2CC4)-c2ccccc2CC3)cc1,326.0,96700.0,chloroform
Cc1csc2c1S(=O)(=O)c1c2scc1C,Cc1csc2c1S(=O)(=O)c1c(C)csc1-2,364.0,,
CC(=O)Nc1ccc(cc1)N=Nc1nc2c(s1)cccc2,CC(=O)Nc1ccc(N=Nc2nc3ccccc3s2)cc1,385.0,,Methanol
Brc1ccc(cc1)C1=C2C(=O)NC(=C2C(=O)O1)c1ccccc1,O=C1NC(c2ccccc2)=C2C(=O)OC(c3ccc(Br)cc3)=C12,493.0,,dimethyl sulfoxide
Cc1ccc(o1)C=Cc1ccc(cc1)c1nc(c(n1c1ccccc1)c1ccccc1)c1ccccc1,Cc1ccc(C=Cc2ccc(-c3nc(-c4ccccc4)c(-c4ccccc4)n3-c3ccccc3)cc2)o1,365.0,,
NC1N(C)c2c(C1(C)C)c1ccccc1cc2,CN1c2ccc3ccccc3c2C(C)(C)C1N,307.0,,
c1ccc(cc1)c1ccc(cc1)c1c2ccccc2c(c2c1cccc2)c1ccccc1,c1ccc(-c2ccc(-c3c4ccccc4c(-c4ccccc4)c4ccccc34)cc2)cc1,406.0,10850.0,
Oc1cc(O)c2c(c1)oc(c(c2=O)O[C@@H]1O[C@@H](C)[C@@H]([C@H]([C@H]1O)O)O)c1ccc(c(c1)O)O,C[C@@H]1O[C@@H](Oc2c(-c3ccc(O)c(O)c3)oc3cc(O)cc(O)c3c2=O)[C@H](O)[C@H](O)[C@H]1O,349.0,,
N#CC(=C1N=c2n(C1=NO)cc(cc2)Cl)c1ccc(cc1)C,Cc1ccc(C(C#N)=C2N=C3C=CC(Cl)=CN3C2=NO)cc1,550.0,,
OS(=O)(=O)Cc1ccccc1,O=S(=O)(O)Cc1ccccc1,574.0,,Methanol
COc1cc(N=Nc2ccccc2)cc(c1O)C=Nn1cc(C(=O)c2ccccc2)c(nc1=O)c1ccccc1,COc1cc(N=Nc2ccccc2)cc(C=Nn2cc(C(=O)c3ccccc3)c(-c3ccccc3)nc2=O)c1O,288.0,27180.0,Ethylacetate
N#CC(=C1C=C(C=Cc2ccc(cc2)N(c2ccc(cc2)c2nc3c(s2)cccc3)c2ccccc2)CC(C1)(C)C)C#N,CC1(C)CC(C=Cc2ccc(N(c3ccccc3)c3ccc(-c4nc5ccccc5s4)cc3)cc2)=CC(=C(C#N)C#N)C1,494.0,,
COc1ccc(cc1)n1c(nc(c1c1ccccc1)c1ccccc1)c1ccc2c(c1)c1ccccc1n2CC,CCn1c2ccccc2c2cc(-c3nc(-c4ccccc4)c(-c4ccccc4)n3-c3ccc(OC)cc3)ccc21,305.0,51750.0,Toluene
N#Cc1cnn2c1nc(C)c1c2N(CC1)c1cccc(c1)C,Cc1cccc(N2CCc3c(C)nc4c(C#N)cnn4c32)c1,377.0,,
[O-][N+](=O)c1ccc(cc1)S(=O)(=O)N,NS(=O)(=O)c1ccc([N+](=O)[O-])cc1,261.0,11200.0,MeCN
c1ccc(cc1)c1cccc(n1)c1nccc(c1)c1ccc(cc1)C=Cc1c2ccccc2cc2c1cccc2,C(=Cc1c2ccccc2cc2ccccc12)c1ccc(-c2ccnc(-c3cccc(-c4ccccc4)n3)c2)cc1,498.0,,DMF
O=C([C@H](Cc1ccccc1)N)Nc1cccc(n1)c1cccc(n1)c1ccccn1,N[C@@H](Cc1ccccc1)C(=O)Nc1cccc(-c2cccc(-c3ccccn3)n2)n1,303.0,20417.37945,
CCOC(=O)c1c(C(=O)OCC)c2n(c1C(=O)c1ccc(cc1)Br)c(ccc2)c1ccccn1,CCOC(=O)c1c(C(=O)OCC)c2cccc(-c3ccccn3)n2c1C(=O)c1ccc(Br)cc1,244.8,,MeOH
N#Cc1cc(ccc1C#N)[N+](=O)[O-],N#Cc1ccc([N+](=O)[O-])cc1C#N,710.0,,
Brc1cccc(c1)[N+](=Cc1ccc2c(c1)Sc1c(N2C)cccc1)[O-],CN1c2ccccc2Sc2cc(C=[N+]([O-])c3cccc(Br)c3)ccc21,317.0,,dichloromethane
Cc1sc(c(c1)C1=C(C(=O)N(C1=O)Cc1ccccc1)c1cc(sc1C)C)C,Cc1cc(C2=C(c3cc(C)sc3C)C(=O)N(Cc3ccccc3)C2=O)c(C)s1,504.0,,
Brc1cc2CCNc2c(c1)[N+](=O)[O-],O=[N+]([O-])c1cc(Br)cc2c1NCC2,434.0,,
CCOc1ccc(cc1)N=Nc1ccc(c2c1cccn2)O,CCOc1ccc(N=Nc2ccc(O)c3ncccc23)cc1,410.0,,DMSO
Cc1ccc(cc1)C#Cc1ccc(cc1)n1c2ccccc2c2c1cccc2,Cc1ccc(C#Cc2ccc(-n3c4ccccc4c4ccccc43)cc2)cc1,367.0,26500.0,
O=c1oc(=O)c2c(=O)ccc(=O)c2[nH]c2c1[nH]cn2,O=c1ccc(=O)c2c(=O)oc(=O)c3[nH]cnc3[nH]c1=2,246.0,,
CCc1ccc(cc1)[N+](=O)[O-],CCc1ccc([N+](=O)[O-])cc1,279.4,,
Oc1ccccc1c1sc(nc1O)c1ccccn1,Oc1ccccc1-c1sc(-c2ccccn2)nc1O,377.0,,Dioxane
OC(=O)C1=C2Nc3ccccc3C(=O)NC2(C=CC1=O)O,O=C(O)C1=C2Nc3ccccc3C(=O)NC2(O)C=CC1=O,213.0,,
Cc1ccc2c(c1)C(=CC(N2C)(C)C)C,CC1=CC(C)(C)N(C)c2ccc(C)cc21,345.0,,
COc1ccc(cc1)C(=O)On1c(=O)c2cccc3c2c(c1=S)ccc3,COc1ccc(C(=O)ON2C(=O)c3cccc4cccc(c34)C2=S)cc1,454.0,,
O=C(c1ccc(cc1)[N+](=O)[O-])Oc1c(cc(cc1[N+](=O)[O-])[N+](=O)[O-])[N+](=O)[O-],O=C(Oc1c([N+](=O)[O-])cc([N+](=O)[O-])cc1[N+](=O)[O-])c1ccc([N+](=O)[O-])cc1,250.0,19230.91729,
CNc1ccc2c3c1cccc3c(=O)n(c2=O)C(=O)OC,CNc1ccc2c3c(cccc13)C(=O)N(C(=O)OC)C2=O,449.0,,DMSO
Cc1cc(c(cc1c1ccc(cc1)c1nc2c([nH]1)cccc2)C)c1ccc(cc1)c1nc2c([nH]1)cccc2,Cc1cc(-c2ccc(-c3nc4ccccc4[nH]3)cc2)c(C)cc1-c1ccc(-c2nc3ccccc3[nH]2)cc1,323.0,,
CN(c1ccc(cc1)C=Nc1nc(C#N)c(nc1C#N)N=Cc1ccc(cc1)N(C)C)C,CN(C)c1ccc(C=Nc2nc(C#N)c(N=Cc3ccc(N(C)C)cc3)nc2C#N)cc1,573.0,67300.0,
Fc1ccc(cc1)C=CC(=O)c1nccnc1C,Cc1nccnc1C(=O)C=Cc1ccc(F)cc1,305.0,,ethanol
Cc1ccc(cc1)c1cnc(n1C)c1ccc(cc1)c1nc2c(s1)cccc2,Cc1ccc(-c2cnc(-c3ccc(-c4nc5ccccc5s4)cc3)n2C)cc1,342.0,32000.0,
O=C(Nc1ccccc1c1scc(n1)c1ccccc1)Nc1ccccc1,O=C(Nc1ccccc1)Nc1ccccc1-c1nc(-c2ccccc2)cs1,339.0,,
Nc1nc(c(s1)c1ccccc1)c1ccccc1,Nc1nc(-c2ccccc2)c(-c2ccccc2)s1,417.0,,
OC(=O)[C@H](NS(=O)(=O)c1ccc(cc1)N1CCC(CC1)c1ccccc1)Cc1c[nH]c2c1cccc2,O=C(O)[C@@H](Cc1c[nH]c2ccccc12)NS(=O)(=O)c1ccc(N2CCC(c3ccccc3)CC2)cc1,308.0,,
Brc1cc(C)c(c2c1C(=O)c1ccccc1C2=O)N,Cc1cc(Br)c2c(c1N)C(=O)c1ccccc1C2=O,485.0,,
c1ccc2c(c1)sc(n2)N=Nc1ccc(n1c1cccc2c1cccc2)c1cccs1,c1csc(-c2ccc(N=Nc3nc4ccccc4s3)n2-c2cccc3ccccc23)c1,528.0,,DMSO
C[Si](c1ccc(c2c1cccc2)[Si](O)(C)C)(O)C,C[Si](C)(O)c1ccc([Si](C)(C)O)c2ccccc12,300.0,7600.0,
COc1cc(C=C(C(=O)O)C#N)c(cc1n1nnc(c1)c1ccc(cc1)N(c1ccccc1)c1ccccc1)OC,COc1cc(-n2cc(-c3ccc(N(c4ccccc4)c4ccccc4)cc3)nn2)c(OC)cc1C=C(C#N)C(=O)O,420.0,,
C1(C)c2cc3c(C#Cc4ccccc4)c4ccccc4c(c3cc2c2c1cccc2)C#Cc1ccccc1,CC1c2ccccc2-c2cc3c(C#Cc4ccccc4)c4ccccc4c(C#Cc4ccccc4)c3cc21,480.0,,dichloromethane
Cn1c2ccc(cc2c2c1cc(cc2)C(=Cc1ccc(cc1)C#N)C#N)C(=Cc1ccc(cc1)C#N)C#N,Cn1c2ccc(C(C#N)=Cc3ccc(C#N)cc3)cc2c2ccc(C(C#N)=Cc3ccc(C#N)cc3)cc21,412.0,,dichloromethane
COc1nc(NN=Cc2cccc(c2O)OC)nc(n1)NN=Cc1cccc(c1O)OC,COc1nc(NN=Cc2cccc(OC)c2O)nc(NN=Cc2cccc(OC)c2O)n1,318.0,43700.0,
O=C1CN2C(N1)(C)C(c1c2ccc(c1)c1ccccc1)(C)C,CC1(C)c2cc(-c3ccccc3)ccc2N2CC(=O)NC21C,345.0,18200.0,THF
CN(C(=CC=Cc1ccccc1)c1ccc(cc1)C#N)C,CN(C)C(=CC=Cc1ccccc1)c1ccc(C#N)cc1,410.0,,Hexane
O=Cc1ccc(c(c1)O)OC,COc1ccc(C=O)cc1O,400.0,,
O=C(c1ccccc1)C(=O)C,CC(=O)C(=O)c1ccccc1,450.0,,ACN
c1ccc(cc1)c1ccc(s1)c1cncnc1,c1ccc(-c2ccc(-c3cncnc3)s2)cc1,330.0,,
OCCONC(=O)c1ccc(c(c1Nc1ccc(cc1F)C#C)F)F,C#Cc1ccc(Nc2c(C(=O)NOCCO)ccc(F)c2F)c(F)c1,454.0,,
CN1c2cc(C=Nc3ccc4c(c3)cccc4)ccc2Sc2c1cccc2,CN1c2ccccc2Sc2ccc(C=Nc3ccc4ccccc4c3)cc21,287.0,36725.0,DCM
Oc1cc(=O)n(c2c1cccc2)c1ccccc1,O=c1cc(O)c2ccccc2n1-c1ccccc1,400.0,,MeOH
COc1ccc2c(c1)cc1c(n2C)nc(nc1=O)c1ccccc1,COc1ccc2c(c1)cc1c(=O)nc(-c3ccccc3)nc-1n2C,454.0,34673.68505,
COc1ccccc1,COc1ccccc1,422.0,,MeCN
COC(=O)[C@H](Cc1ccc2c(c1)nc(o2)c1ccnc2c1cccc2)NC(=O)OC(C)(C)C,COC(=O)[C@H](Cc1ccc2oc(-c3ccnc4ccccc34)nc2c1)NC(=O)OC(C)(C)C,355.0,,
N#CC(=Cc1ccc(cc1)C)c1ccc(cc1)N(c1ccc2c(c1)cccc2)c1ccccc1,Cc1ccc(C=C(C#N)c2ccc(N(c3ccccc3)c3ccc4ccccc4c3)cc2)cc1,401.0,,THF
CN(c1ccc2c(c1)nc1c(c2)ccc(c1)N(C)C)C,CN(C)c1ccc2cc3ccc(N(C)C)cc3nc2c1,490.0,,
Cc1ccc(cc1)n1ncc(c1)c1nc2c([nH]1)cccc2,Cc1ccc(-n2cc(-c3nc4ccccc4[nH]3)cn2)cc1,305.0,,
CN(c1ccc(cc1)C=C1CCC(=Cc2ccc(cc2)N(C)C)C1=O)C,CN(C)c1ccc(C=C2CCC(=Cc3ccc(N(C)C)cc3)C2=O)cc1,535.0,,
OCCN(c1ccc2c3c1cccc3c(=O)n(c2=O)CC(C)C)C,CC(C)CN1C(=O)c2cccc3c(N(C)CCO)ccc(c23)C1=O,412.0,,Acetone
Cc1ccc(cc2c1c(N=Nc1nc3c(s1)cccc3)cc2C)C(C)C,Cc1cc(N=Nc2nc3ccccc3s2)c2c(C)ccc(C(C)C)cc1-2,517.0,,
CC(=O)n1c2ccc(cc2c2c1ccc(c2)Cl)Cl,CC(=O)n1c2ccc(Cl)cc2c2cc(Cl)ccc21,378.0,,
Cc1ccc(cc1)Cn1ccc2c1c1[nH]c(=O)c(cc1CC2)S(=O)(=O)c1ccccc1,Cc1ccc(Cn2ccc3c2-c2[nH]c(=O)c(S(=O)(=O)c4ccccc4)cc2CC3)cc1,375.0,40531.0,
OC(=O)C(NC1=CC(=O)C(=C(C1=O)C)NC(C(=O)O)Cc1ccccc1)Cc1ccccc1,CC1=C(NC(Cc2ccccc2)C(=O)O)C(=O)C=C(NC(Cc2ccccc2)C(=O)O)C1=O,346.0,,
Cc1cc(c(s1)C)C1=C(CC(C1=O)Sc1ccccc1)c1cc(sc1C)C,Cc1cc(C2=C(c3cc(C)sc3C)C(=O)C(Sc3ccccc3)C2)c(C)s1,328.0,,
OCCN(c1ccc(c(c1)C)N=Nc1ncc(s1)[N+](=O)[O-])CC,CCN(CCO)c1ccc(N=Nc2ncc([N+](=O)[O-])s2)c(C)c1,612.0,36314.0,
O1CCN(CC1)c1ccc2c(c1)c1nc3c(nc1cc2)c1cccnc1c1c3cccn1,c1cnc2c(c1)c1nc3ccc4ccc(N5CCOCC5)cc4c3nc1c1cccnc12,538.0,,TFA
Cc1ccc(c(c1)C)O,Cc1ccc(O)c(C)c1,700.0,,
Cc1ccc(cc1)N=Nc1ccc(c(c1)C=Nc1ccc(cc1)C(=O)O)O,Cc1ccc(N=Nc2ccc(O)c(C=Nc3ccc(C(=O)O)cc3)c2)cc1,333.0,,
c1ccc2c(c1)[nH]c(n2)c1ccc(cc1)c1ccc(cc1)c1ccc(cc1)c1nc2c([nH]1)cccc2,c1ccc2[nH]c(-c3ccc(-c4ccc(-c5ccc(-c6nc7ccccc7[nH]6)cc5)cc4)cc3)nc2c1,349.0,,
[O-][N+](=O)c1ccc(cc1)N=Nc1c([nH]c2n1nc(c2N=Nc1ccc(cc1)[N+](=O)[O-])C)c1ccccc1,Cc1nn2c(N=Nc3ccc([N+](=O)[O-])cc3)c(-c3ccccc3)[nH]c2c1N=Nc1ccc([N+](=O)[O-])cc1,586.0,,
Brc1ccc(cc1)NC1=C(Br)C(=O)OC1OCc1ccccc1,O=C1OC(OCc2ccccc2)C(Nc2ccc(Br)cc2)=C1Br,292.0,,
CC(=O)Nc1ccc(cc1)c1sc(=S)n(c1C)O,CC(=O)Nc1ccc(-c2sc(=S)n(O)c2C)cc1,336.0,,
Nc1nc2n(c(c1N=Nc1ccccc1[N+](=O)[O-])N)nc(c2N=Nc1nccs1)N,Nc1nc2c(N=Nc3nccs3)c(N)nn2c(N)c1N=Nc1ccccc1[N+](=O)[O-],495.0,,
[O-][N+](=O)c1ccc(cc1)C=Cc1ccc(s1)C=Cc1ccc2c(c1)c(=C1SC=CS1)c1c(c2=C2SC=CS2)cccc1,O=[N+]([O-])c1ccc(C=Cc2ccc(C=Cc3ccc4c(=C5SC=CS5)c5ccccc5c(=C5SC=CS5)c4c3)s2)cc1,500.0,,
N#Cc1cnn2c1nc(C)c1c2N(CC1)c1cccc(c1)Cl,Cc1nc2c(C#N)cnn2c2c1CCN2c1cccc(Cl)c1,369.0,,
c1ccc2c(c1)ccc(c2)N=Cc1ccc2c(c1)cccc2,C(=Nc1ccc2ccccc2c1)c1ccc2ccccc2c1,406.0,49310.0,
c1ccc(nc1)N(c1cccc(c1)n1c2ccccc2c2c1cccc2)c1ccccn1,c1ccc(N(c2cccc(-n3c4ccccc4c4ccccc43)c2)c2ccccn2)nc1,341.0,,
c1ccc(cc1)c1ncc(nc1)c1ccccc1,c1ccc(-c2cnc(-c3ccccc3)cn2)cc1,326.0,,
N#CC(=Cc1ccc(s1)c1ccc(s1)c1ccc2c(c1)c1ccccc1n2c1ccc2c(c1)C(C)(C)c1c2cccc1)C(=O)O,CC1(C)c2ccccc2-c2ccc(-n3c4ccccc4c4cc(-c5ccc(-c6ccc(C=C(C#N)C(=O)O)s6)s5)ccc43)cc21,435.0,,
CC(=O)Nc1cc(cc2c1c(O)cc(c2)S(=O)(=O)O)S(=O)(=O)O,CC(=O)Nc1cc(S(=O)(=O)O)cc2cc(S(=O)(=O)O)cc(O)c12,803.0,,
N#CC(=Cc1ccc(cc1)C#Cc1ccc2c3c1cccc3c1c2c(c2ccccc2)c2c(c1c1ccccc1)cccc2)C(=O)O,N#CC(=Cc1ccc(C#Cc2ccc3c4c(cccc24)-c2c-3c(-c3ccccc3)c3ccccc3c2-c2ccccc2)cc1)C(=O)O,433.0,,
N#Cc1cnn2c1nc(C)c1c2N(CC1)c1ccc(cc1)F,Cc1nc2c(C#N)cnn2c2c1CCN2c1ccc(F)cc1,363.0,,
N#CC(c1ccc2c(c1)Cc1c2cccc1)C#N,N#CC(C#N)c1ccc2c(c1)Cc1ccccc1-2,394.0,61549.0,
c1ccc(cc1)c1cccc2c1c1ccccc1C12c2ccccc2c2c1cccc2,c1ccc(-c2cccc3c2-c2ccccc2C32c3ccccc3-c3ccccc32)cc1,257.0,,
Brc1cnc2c(c1)C(F)(F)c1c2nccc1,FC1(F)c2cccnc2-c2ncc(Br)cc21,309.0,,
COC(=O)c1cc2ccccc2cc1c1cc2ccccc2cc1C(=O)N[C@H]1C[C@H]2C[C@@H]([C@@H]1C)C2(C)C,COC(=O)c1cc2ccccc2cc1-c1cc2ccccc2cc1C(=O)N[C@H]1C[C@H]2C[C@@H]([C@@H]1C)C2(C)C,227.6,21800.0,
O=C1C(=O)Cc2c1cccc2,O=C1Cc2ccccc2C1=O,613.0,47025.0,Chlorobenzene
O=c1c(c2ccccc2)c2c(n1c1ccccc1)c(c(=O)n2c1ccccc1)c1ccccc1,O=C1C(c2ccccc2)=C2C(=C(c3ccccc3)C(=O)N2c2ccccc2)N1c1ccccc1,348.0,,
CCOc1ccc(s1)c1ccc(s1)N=Nc1nccs1,CCOc1ccc(-c2ccc(N=Nc3nccs3)s2)s1,531.0,33690.0,Dioxane
c1ccc2c(c1)C1(c3ccc(cc3c3c1ccc(c3)n1c3ccccc3c3c1cccc3)n1c3ccccc3c3c1cccc3)c1c2cccc1,c1ccc2c(c1)-c1ccccc1C21c2ccc(-n3c4ccccc4c4ccccc43)cc2-c2cc(-n3c4ccccc4c4ccccc43)ccc21,352.0,,
BrC1=CC(=Nc2ccc(cc2)O)C=C(C1=O)Br,O=C1C(Br)=CC(=Nc2ccc(O)cc2)C=C1Br,606.0,,
O=C1CCCN1CCCn1c(Nc2ccc(c(c2)Cl)Cl)nc2c1cc1oc(=O)c(c(c1c2)C)C(=O)N,Cc1c(C(N)=O)c(=O)oc2cc3c(cc12)nc(Nc1ccc(Cl)c(Cl)c1)n3CCCN1CCCC1=O,364.0,,ethanol
COc1c(F)c(F)cc2c1c(=O)c(cn2C)C(=O)c1ccccc1Cc1ccccc1,COc1c(F)c(F)cc2c1c(=O)c(C(=O)c1ccccc1Cc1ccccc1)cn2C,473.0,,
Cc1ccc2c(c1)c(N)cc(n2)Cl,Cc1ccc2nc(Cl)cc(N)c2c1,306.0,,
N#CC(=Cc1ccc2c(c1)cccc2)c1ccc(cc1)N(c1ccccc1)c1ccccc1,N#CC(=Cc1ccc2ccccc2c1)c1ccc(N(c2ccccc2)c2ccccc2)cc1,412.0,,THF
COc1ccc(cc1)CNc1ncnc2c1nc([nH]2)C=Cc1ccc(cc1)C#N,COc1ccc(CNc2ncnc3[nH]c(C=Cc4ccc(C#N)cc4)nc23)cc1,371.0,,DMSO
C[Si](C#Cc1c2cc3c4ccccc4C(c3cc2c(c2c1cccc2)C#C[Si](C)(C)C)(C)C)(C)C,CC1(C)c2ccccc2-c2cc3c(C#C[Si](C)(C)C)c4ccccc4c(C#C[Si](C)(C)C)c3cc21,455.0,,dichloromethane
Clc1ccccc1N=NC(=NNc1nc2c(s1)cccc2)c1cccs1,Clc1ccccc1N=NC(=NNc1nc2ccccc2s1)c1cccs1,510.0,,
c1ccc2c(c1)sc1c2cccc1,c1ccc2c(c1)sc1ccccc12,424.0,,
BrC1=C(Nc2cccc3c2cccc3)C(OC1=O)OCc1ccccc1,O=C1OC(OCc2ccccc2)C(Nc2cccc3ccccc23)=C1Br,294.0,,
COc1ccc(cc1)N=Nc1nc2c(s1)cc(cc2)[N+](=O)[O-],COc1ccc(N=Nc2nc3ccc([N+](=O)[O-])cc3s2)cc1,407.0,,Methanol
CCOC(=O)C1=C(NC(=O)C1=NNc1ccccc1O)c1ccccc1,CCOC(=O)C1=C(c2ccccc2)NC(=O)C1=NNc1ccccc1O,460.0,,THF
CCN(c1cc(NC(=O)C)c(cc1OC)N=Nc1ccc2c(c1[N+](=O)[O-])c(=O)[nH][nH]c2=O)CC,CCN(CC)c1cc(NC(C)=O)c(N=Nc2ccc3c(=O)[nH][nH]c(=O)c3c2[N+](=O)[O-])cc1OC,550.0,9993.0,
O=Cc1cc(N=Nc2ccccc2)ccc1O,O=Cc1cc(N=Nc2ccccc2)ccc1O,334.0,,
Oc1ccc(c(c1)O)c1[nH]c2c(n1)c1c(=O)[nH][nH]c(=O)c1cc2,O=c1[nH][nH]c(=O)c2c1ccc1[nH]c(-c3ccc(O)cc3O)nc12,515.0,,
Cc1nn(c(c1)C)c1nc2c(s1)cccc2,Cc1cc(C)n(-c2nc3ccccc3s2)n1,287.0,,DMSO
c1ccc2c(c1)c1ccc(cc1C2)C#Cc1ccc(cc1)N=Nc1ccc(cc1)C#Cc1ccc2c(c1)Cc1c2cccc1,C(#Cc1ccc2c(c1)Cc1ccccc1-2)c1ccc(N=Nc2ccc(C#Cc3ccc4c(c3)Cc3ccccc3-4)cc2)cc1,375.0,,
Oc1cccc2c1nc(OCc1ccccc1COc1ccc3c(n1)c(O)ccc3)cc2,Oc1cccc2ccc(OCc3ccccc3COc3ccc4cccc(O)c4n3)nc12,385.0,,
CN1c2ccc(cc2Sc2c1cccc2)N=Cc1cccc2c1Sc1ccccc1N2C,CN1c2ccccc2Sc2cc(N=Cc3cccc4c3Sc3ccccc3N4C)ccc21,411.0,6790.0,DCM
N#Cc1cc(c2ccc(cc2)N(c2ccccc2)c2ccccc2)c(nc1N)c1cccs1,N#Cc1cc(-c2ccc(N(c3ccccc3)c3ccccc3)cc2)c(-c2cccs2)nc1N,422.0,30027.0,
c1ccc(cc1)Oc1nc(Oc2ccccc2)nc(n1)c1ccc2c(c1)c1ccccc1n2c1ccccc1,c1ccc(Oc2nc(Oc3ccccc3)nc(-c3ccc4c(c3)c3ccccc3n4-c3ccccc3)n2)cc1,339.0,,
Fc1c(F)c(NCCNc2c(F)c(F)c3c(c2F)nc2c(n3)c(F)c(c(c2F)F)F)c(c2c1nc1c(n2)c(F)c(c(c1F)F)F)F,Fc1c(F)c(F)c2nc3c(F)c(NCCNc4c(F)c(F)c5nc6c(F)c(F)c(F)c(F)c6nc5c4F)c(F)c(F)c3nc2c1F,465.0,,
C1(C)c2cc3nc([nH]c3cc2c2c1cccc2)c1ccccc1,CC1c2ccccc2-c2cc3[nH]c(-c4ccccc4)nc3cc21,356.0,,DMSO
Brc1ccc(cc1)C=C1N=C(N(C1=O)Cc1ccccc1)C,CC1=NC(=Cc2ccc(Br)cc2)C(=O)N1Cc1ccccc1,359.0,,
CSc1nc(cc(n1)c1ccc(cc1)n1c2ccccc2c2c1cccc2)c1ccc(cc1)n1c2ccccc2c2c1cccc2,CSc1nc(-c2ccc(-n3c4ccccc4c4ccccc43)cc2)cc(-c2ccc(-n3c4ccccc4c4ccccc43)cc2)n1,291.0,,toluene
O=C1C=CC2=C3c4cc(O)c(cc4CC3(COC2=C1)O)O,O=C1C=CC2=C3c4cc(O)c(O)cc4CC3(O)COC2=C1,445.0,,
ClC1=C(N(Cc2ccccc2)Cc2ccccc2)C(=O)C(=C(C1=O)N(Cc1ccccc1)Cc1ccccc1)Cl,O=C1C(Cl)=C(N(Cc2ccccc2)Cc2ccccc2)C(=O)C(Cl)=C1N(Cc1ccccc1)Cc1ccccc1,479.0,,Chloroform
CCN(c1ccc(cc1)C=C(c1ccc(s1)c1nc2c([nH]1)cc(cc2)C(=O)O)C#N)CC,CCN(CC)c1ccc(C=C(C#N)c2ccc(-c3nc4ccc(C(=O)O)cc4[nH]3)s2)cc1,460.0,41962.0,DMF
COc1ccc(cc1)c1nc(c(s1)c1ccccc1O)O,COc1ccc(-c2nc(O)c(-c3ccccc3O)s2)cc1,357.0,,Dioxane
c1ccc(cc1)c1ccc(cc1)c1ccc(o1)c1ccc(o1)c1ccc(cc1)c1ccccc1,c1ccc(-c2ccc(-c3ccc(-c4ccc(-c5ccc(-c6ccccc6)cc5)o4)o3)cc2)cc1,386.0,,
ON=C1CCC(=C1c1cc(sc1C)C)c1cc(sc1C)C,Cc1cc(C2=C(c3cc(C)sc3C)C(=NO)CC2)c(C)s1,287.0,,
NCCc1c[nH]c2c1cccc2,NCCc1c[nH]c2ccccc12,218.0,,
N#CC(=Cc1ccc(s1)C=Cc1ccc(s1)c1ccc2c(c1)c1ccccc1n2c1ccc2c(c1)C(C)(C)c1c2cccc1)C(=O)O,CC1(C)c2ccccc2-c2ccc(-n3c4ccccc4c4cc(-c5ccc(C=Cc6ccc(C=C(C#N)C(=O)O)s6)s5)ccc43)cc21,451.0,,
Clc1ccc(cc1)c1csc(n1)N=Nc1ccc(c2c1cccn2)O,Oc1ccc(N=Nc2nc(-c3ccc(Cl)cc3)cs2)c2cccnc12,569.0,,DMSO
c1ccc(cc1)C1CCC(=CC1)c1ccc(s1)c1cccs1,C1=C(c2ccc(-c3cccs3)s2)CCC(c2ccccc2)C1,347.0,,Hexane
O=C([C@@H]1O[C@H]1c1ccccc1C)c1ccccc1,Cc1ccccc1[C@@H]1O[C@H]1C(=O)c1ccccc1,332.0,2790.0,
Brc1ccc2c(c1)nc1c(n2)[nH]c2c([nH]1)cccc2,Brc1ccc2nc3c(nc2c1)Nc1ccccc1N3,418.0,,
COc1cc2c(cc1OC)[nH]c1c2scc1,COc1cc2[nH]c3ccsc3c2cc1OC,259.0,,DMSO
FC(c1cccc(c1)C1(COC2C(=C1)c1ccccc1C=C2)c1cccc(c1)C(F)(F)F)(F)F,FC(F)(F)c1cccc(C2(c3cccc(C(F)(F)F)c3)C=C3c4ccccc4C=CC3OC2)c1,409.0,,
c1ccc2c(c1)c1ccc3c(c1cc2)cccc3,c1ccc2c(c1)ccc1c3ccccc3ccc21,306.0,,
OC[C@H]1O[C@H]([C@@H]([C@H]([C@@H]1O)O)O)c1c(O)cc2c(c1O)c(=O)c1c(o2)cc(c(c1)O)O,O=c1c2cc(O)c(O)cc2oc2cc(O)c([C@@H]3O[C@H](CO)[C@@H](O)[C@H](O)[C@H]3O)c(O)c12,366.0,,
Brc1ccc(cc1)c1cn2c(n1)cc(cc2)C=Cc1cccs1,Brc1ccc(-c2cn3ccc(C=Cc4cccs4)cc3n2)cc1,393.0,25118.86432,Toluene
Cc1cc(C)c(c(c1)C)N=Nc1snc2c1cc(cc2)[N+](=O)[O-],Cc1cc(C)c(N=Nc2snc3ccc([N+](=O)[O-])cc23)c(C)c1,440.0,,
COc1ccc2c(c1)C(=O)CC=N2,COc1ccc2c(c1)C(=O)CC=N2,345.0,,
O=C(C(F)(F)F)C(=CC=C(c1ccc(cc1)Cl)c1ccc(cc1)Cl)C(=O)C(F)(F)F,O=C(C(=CC=C(c1ccc(Cl)cc1)c1ccc(Cl)cc1)C(=O)C(F)(F)F)C(F)(F)F,390.0,,
CN(c1ccc(cc1)C#Cc1ccc(s1)C=C(C(=O)O)C#N)C,CN(C)c1ccc(C#Cc2ccc(C=C(C#N)C(=O)O)s2)cc1,480.0,,dichloromethane
OCC(Cn1ccc(=CC=C2C(=O)ON=C2c2ccccc2)cc1)O,O=C1ON=C(c2ccccc2)C1=CC=C1C=CN(CC(O)CO)C=C1,446.0,,
CCn1c(=NN=c2sc3c(n2CC)ccc(c3)S(=O)(=O)O)sc2c1ccc(c2)S(=O)(=O)O,CCn1c(=NN=c2sc3cc(S(=O)(=O)O)ccc3n2CC)sc2cc(S(=O)(=O)O)ccc21,420.0,,
CCOC(=O)c1ccc(cc1)c1ccc(s1)C#Cc1ccc(cc1)OC,CCOC(=O)c1ccc(-c2ccc(C#Cc3ccc(OC)cc3)s2)cc1,350.0,,
Cc1c(sc2c1sc(c2)C=NC)c1nc2c(s1)cccc2,CN=Cc1cc2sc(-c3nc4ccccc4s3)c(C)c2s1,376.0,84000.0,
COc1ccccc1C1CC(=NN1c1ccccc1)c1ccc2c(c1)C1(c3c2cccc3)c2ccccc2c2c1cccc2,COc1ccccc1C1CC(c2ccc3c(c2)C2(c4ccccc4-c4ccccc42)c2ccccc2-3)=NN1c1ccccc1,392.0,,
N#Cc1cc(Oc2ccc(cc2)CO)c(cc1C#N)Cl,N#Cc1cc(Cl)c(Oc2ccc(CO)cc2)cc1C#N,707.0,,
CN(c1ccc(cc1)C=Cc1c(F)c(F)c(c(c1F)F)C=Cc1ccc(cc1)N(C)C)C,CN(C)c1ccc(C=Cc2c(F)c(F)c(C=Cc3ccc(N(C)C)cc3)c(F)c2F)cc1,408.0,,dichloromethane
Oc1ccc2c(c1)CCC1C2CCC2(C1CCC2=O)C,CC12CCC3c4ccc(O)cc4CCC3C1CCC2=O,222.0,,
COC1CC(=C(C1=O)c1cc(sc1C)C)c1cc(sc1C)C,COC1CC(c2cc(C)sc2C)=C(c2cc(C)sc2C)C1=O,316.0,,
Cc1cc(c(c(c1CC1=NCCN1)C)O)C(C)(C)C,Cc1cc(C(C)(C)C)c(O)c(C)c1CC1=NCCN1,300.0,,
Nc1ccc2c3c1cccc3c1c3c2cccc3ccc1,Nc1ccc2c3cccc4cccc(c5cccc1c52)c43,468.0,,Acetonitrile
CCn1c2ccccc2c2c1nc1c(n2)ccc2c1c(=O)[nH][nH]c2=O,CCn1c2ccccc2c2nc3ccc4c(=O)[nH][nH]c(=O)c4c3nc21,401.0,,DMF
Cc1cc(C)c(c(c1)C)B(c1c(C)cc(cc1C)C)c1ccc(s1)B1N(CCN1C(C)(C)C)C(C)(C)C,Cc1cc(C)c(B(c2ccc(B3N(C(C)(C)C)CCN3C(C)(C)C)s2)c2c(C)cc(C)cc2C)c(C)c1,331.0,21000.0,C6H12
ClCc1cc(=O)oc2c1cc1nc(oc1c2)c1ccccc1,O=c1cc(CCl)c2cc3nc(-c4ccccc4)oc3cc2o1,341.0,9549.92586,
n1ccc(cc1)c1ccncc1,c1cc(-c2ccncc2)ccn1,508.0,286000.0,
COC(=O)c1n2nc(C#Cc3ccc(cc3)F)ccc2c(c1C(=O)OC)C(=O)OC,COC(=O)c1c(C(=O)OC)c2ccc(C#Cc3ccc(F)cc3)nn2c1C(=O)OC,467.0,,DMSO
CN(c1ccccc1)c1ccc(cc1)C=CSC=Cc1ccc(cc1)N(c1ccccc1)C,CN(c1ccccc1)c1ccc(C=CSC=Cc2ccc(N(C)c3ccccc3)cc2)cc1,366.0,,
COC(=O)Cn1c(=O)c2cccc3c2c(c1=O)ccc3N1CCOCC1,COC(=O)CN1C(=O)c2cccc3c(N4CCOCC4)ccc(c23)C1=O,399.0,,DMSO
C#Cc1c(C#Cc2ccc(s2)C#Cc2cc(cc(c2C#C)[Si](C)(C)C)[Si](C)(C)C)cc(cc1[Si](C)(C)C)[Si](C)(C)C,C#Cc1c(C#Cc2ccc(C#Cc3cc([Si](C)(C)C)cc([Si](C)(C)C)c3C#C)s2)cc([Si](C)(C)C)cc1[Si](C)(C)C,410.0,46900.0,
COc1ccc(cc1)c1nc2CCc3c(c2c2c1c1ccc(cc1CC2)C#N)ccc(c3)C#N,COc1ccc(-c2nc3c(c4c2-c2ccc(C#N)cc2CC4)-c2ccc(C#N)cc2CC3)cc1,336.0,,Acetonitrile
c1ccc(cc1)Cn1c(nc(c1c1ccco1)c1ccco1)c1ccccc1,c1ccc(Cn2c(-c3ccccc3)nc(-c3ccco3)c2-c2ccco2)cc1,287.0,,
OC(=O)[C@H](Cc1ccc2c(c1)cccc2)N,N[C@@H](Cc1ccc2ccccc2c1)C(=O)O,412.0,1690.0,
OC[C@H]1O[C@H](C[C@@H]1O)n1cc(C)c(=S)[nH]c1=O,Cc1cn([C@H]2C[C@H](O)[C@@H](CO)O2)c(=O)[nH]c1=S,280.0,,
C1(C)c2cc3c(C#Cc4ccccc4)c4ccccc4c(c3cc2c2c1cc(Br)cc2)C#Cc1ccccc1,CC1c2cc(Br)ccc2-c2cc3c(C#Cc4ccccc4)c4ccccc4c(C#Cc4ccccc4)c3cc21,481.0,,dichloromethane
CCOCCCn1c(Nc2ccc(cc2)[N+](=O)[O-])nc2c1cc1oc(=O)c(c(c1c2)C)C(=O)N,CCOCCCn1c(Nc2ccc([N+](=O)[O-])cc2)nc2cc3c(C)c(C(N)=O)c(=O)oc3cc21,382.0,,ethanol
Clc1ccccc1N=Nc1c(=O)[nH]c2n(c1N)c1ccccc1n2,Nc1c(N=Nc2ccccc2Cl)c(=O)[nH]c2nc3ccccc3n12,425.0,,Chloroform
N#CC(=Cc1ccc(s1)c1ccc(c2c1nc(s2)C)c1ccc(cc1)N(c1ccccc1)c1ccccc1)C(=O)O,Cc1nc2c(-c3ccc(C=C(C#N)C(=O)O)s3)ccc(-c3ccc(N(c4ccccc4)c4ccccc4)cc3)c2s1,423.0,,
Cn1cc(c2c1ccc(c2)c1ccc(cc1)N(c1ccccc1)c1ccccc1)C=C1C(=O)NC(=O)NC1=O,Cn1cc(C=C2C(=O)NC(=O)NC2=O)c2cc(-c3ccc(N(c4ccccc4)c4ccccc4)cc3)ccc21,464.0,48500.0,
c1ccc(nc1)CN(c1ccc(cc1)C=Cc1cnc2c(n1)cccc2)Cc1ccccn1,C(=Cc1cnc2ccccc2n1)c1ccc(N(Cc2ccccn2)Cc2ccccn2)cc1,257.0,,
O=C1CN2C(N1)(C)C(c1c2ccc(c1)c1cccc2c1sc1c2cccc1)(C)C,CC1(C)c2cc(-c3cccc4c3sc3ccccc34)ccc2N2CC(=O)NC21C,333.0,6400.0,THF
OC(=O)C(Cc1ccccc1)NC1=CC(=O)C(=CC1=O)NC(C(=O)O)Cc1ccccc1,O=C1C=C(NC(Cc2ccccc2)C(=O)O)C(=O)C=C1NC(Cc1ccccc1)C(=O)O,205.0,,
c1ccc2c(c1)nc(s2)c1ccc(cc1)c1ccc(cc1)n1c2ccccc2c2c1cccc2,c1ccc2sc(-c3ccc(-c4ccc(-n5c6ccccc6c6ccccc65)cc4)cc3)nc2c1,452.0,,
c1ccc(cc1)N(c1ccccc1)c1ccc(cc1)c1nc2c([nH]1)c1ccccc1c1c2cccc1,c1ccc(N(c2ccccc2)c2ccc(-c3nc4c5ccccc5c5ccccc5c4[nH]3)cc2)cc1,373.0,,
Cc1cc2sc(nc2cc1C)N=Nc1c2ccccc2n(c1C)C,Cc1cc2nc(N=Nc3c(C)n(C)c4ccccc34)sc2cc1C,517.0,,Chloroform
Clc1ccc2c(c1)nccc2n1nnc(c1C)C(=O)C=Cc1ccco1,Cc1c(C(=O)C=Cc2ccco2)nnn1-c1ccnc2cc(Cl)ccc12,234.0,,methanol
Cc1sc(c(c1C#N)C#N)c1sc(c(c1C#N)C#N)C,Cc1sc(-c2sc(C)c(C#N)c2C#N)c(C#N)c1C#N,339.0,,
O=C(c1c2[nH]c3ncccc3nc2n(c1=O)CCc1ccccc1)c1ccccc1,O=C(c1ccccc1)c1c2[nH]c3ncccc3nc-2n(CCc2ccccc2)c1=O,392.0,,
Cn1c2ccc(cc2c2c1cccc2)c1nnn[nH]1,Cn1c2ccccc2c2cc(-c3nnn[nH]3)ccc21,542.0,,
CC(c1ccc(cc1)c1ccc(s1)c1ccc(s1)c1ccc(cc1)C(C)(C)C)(C)C,CC(C)(C)c1ccc(-c2ccc(-c3ccc(-c4ccc(C(C)(C)C)cc4)s3)s2)cc1,377.0,32359.36569,
CC1C(=CC1)c1ccc(s1)CN[C@@H]1C[C@H]1NCc1ccc(s1)C1=C(CC1)C,CC1=C(c2ccc(CN[C@@H]3C[C@H]3NCc3ccc(C4=CCC4C)s3)s2)CC1,310.0,,ethanol
OC[C@H]1O[C@H]([C@@H]([C@@H]1O)O)n1c(nc2c1nc(N)[nH]c2=O)c1ccco1,Nc1nc2c(nc(-c3ccco3)n2[C@@H]2O[C@H](CO)[C@@H](O)[C@H]2O)c(=O)[nH]1,294.0,,EtOAc
[O-][N+](=O)c1ccc(cc1)C=CC=Cc1ccc2c(c1)c(=C1SC=CS1)c1c(c2=C2SC=CS2)cccc1,O=[N+]([O-])c1ccc(C=CC=Cc2ccc3c(=C4SC=CS4)c4ccccc4c(=C4SC=CS4)c3c2)cc1,480.0,,
CC1(C)c2cccnc2c2c1cccn2,CC1(C)c2cccnc2-c2ncccc21,309.0,,
N#CC(=Cc1ccc(cc1)NN=C(c1ccc(cc1)Br)C)C#N,CC(=NNc1ccc(C=C(C#N)C#N)cc1)c1ccc(Br)cc1,574.0,,
CC(=O)c1ccc(cc1)N=NC=C1N(C)c2c(C1(C)C)cccc2,CC(=O)c1ccc(N=NC=C2N(C)c3ccccc3C2(C)C)cc1,461.0,,THF
CN1c2ccccc2C(C21C=Nc1c(O2)c(C=Cc2cc3ccccc3c3c2OC(C=C3)(c2ccccc2)c2ccccc2)cc2c1cccc2)(C)C,CN1c2ccccc2C(C)(C)C12C=Nc1c(c(C=Cc3cc4ccccc4c4c3OC(c3ccccc3)(c3ccccc3)C=C4)cc3ccccc13)O2,592.0,,
Brc1ccc(cc1)c1ccccc1c1nc2n(c1)ccc(c2)C=Cc1ccc(cc1)N(C)C,CN(C)c1ccc(C=Cc2ccn3cc(-c4ccccc4-c4ccc(Br)cc4)nc3c2)cc1,415.0,,Toluene
C1(C)c2cc(ccc2c2c1cccc2)c1nnn(c1)c1ccccc1,CC1c2ccccc2-c2ccc(-c3cn(-c4ccccc4)nn3)cc21,300.0,,
COc1ccc(cc1)C=CC=Cc1ccccc1,COc1ccc(C=CC=Cc2ccccc2)cc1,340.0,,
Fc1ccc(cc1)n1c(N=Nc2ccc3c(c2)scn3)ccc1c1cccs1,Fc1ccc(-n2c(N=Nc3ccc4ncsc4c3)ccc2-c2cccs2)cc1,468.0,,DMSO
COc1ccc(cc1)c1nn2c(c1)c(=O)[nH]c(c2)c1ccc(cc1)Cl,COc1ccc(-c2cc3c(=O)[nH]c(-c4ccc(Cl)cc4)cn3n2)cc1,334.0,,THF
Cc1c(sc2c1sc(c2)C=NNc1ccccc1)c1nc2c(s1)cccc2,Cc1c(-c2nc3ccccc3s2)sc2cc(C=NNc3ccccc3)sc12,377.0,52000.0,
OC(=O)Cc1ccccc1F,O=C(O)Cc1ccccc1F,357.0,,DMSO
CCOC(=O)c1cc(c2c1ccccc2)C(=O)OCC,CCOC(=O)c1cc(C(=O)OCC)c2cccccc1-2,505.0,,
O=c1ncn(c2c1cccn2)C1CC1,O=c1ncn(C2CC2)c2ncccc12,221.0,,
c1ccc(cc1)c1ccc(s1)c1ccc(s1)c1ccccc1,c1ccc(-c2ccc(-c3ccc(-c4ccccc4)s3)s2)cc1,373.0,34673.68505,
c1ccc(cc1)[C@@H]1COC(=N1)c1ccccc1,c1ccc(C2=N[C@H](c3ccccc3)CO2)cc1,271.3,,
O=C1N(C)C(=O)C(=C1c1ccc2c(c1)[nH]c1c2cccc1)c1c[nH]c2c1cccc2,CN1C(=O)C(c2ccc3c(c2)[nH]c2ccccc23)=C(c2c[nH]c3ccccc23)C1=O,448.0,,
CCc1ccc(cc1)n1c(nc(c1c1ccccc1)c1ccccc1)c1cccc(c1)[N+](=O)[O-],CCc1ccc(-n2c(-c3cccc([N+](=O)[O-])c3)nc(-c3ccccc3)c2-c2ccccc2)cc1,356.0,,
COc1ccc2c(c1)C(c1ccccc1)(c1ccccc1)c1c(N2)ccc(c1)OC,COc1ccc2c(c1)C(c1ccccc1)(c1ccccc1)c1cc(OC)ccc1N2,256.0,,
Cc1nn2c(N=Nc3ccccc3)c(nc2c2c1nn(c2c1ccccc1)c1ccccc1)c1ccccc1,Cc1nn2c(N=Nc3ccccc3)c(-c3ccccc3)nc2c2c(-c3ccccc3)n(-c3ccccc3)nc12,408.0,,
COc1cc(ccc1OC)C=c1oc(=Cc2ccccc2)c2c1cccc2,COc1ccc(C=c2oc(=Cc3ccccc3)c3ccccc23)cc1OC,380.0,32700.0,
O=Cc1[n+]([O-])c2ccccc2[n+](c1c1ccccc1)[O-],O=Cc1c(-c2ccccc2)[n+]([O-])c2ccccc2[n+]1[O-],416.0,,
Cc1ccc(c(c1)N=Cc1ccccn1)C,Cc1ccc(C)c(N=Cc2ccccn2)c1,339.0,,
Cc1ccc(cc1)CNC1=C(Br)C(=O)OC1OCc1ccccc1,Cc1ccc(CNC2=C(Br)C(=O)OC2OCc2ccccc2)cc1,276.0,,
Nc1ncc2c(c1c1ccccc1)cccc2,Nc1ncc2ccccc2c1-c1ccccc1,436.0,,
C(Cn1c2cc(sc2c2c1cc(s2)C=C(C(=O)O)C#N)c1ccc(cc1)N(c1ccccc1)c1ccccc1)CC,CCCCn1c2cc(C=C(C#N)C(=O)O)sc2c2sc(-c3ccc(N(c4ccccc4)c4ccccc4)cc3)cc21,610.0,,chloroform
CN(CCNc1c2ccccc2nc2c1cc1c3c2cccc3c(=O)n(c1=O)CCN(C)C)C,CN(C)CCNc1c2ccccc2nc2c1cc1c3c(cccc32)C(=O)N(CCN(C)C)C1=O,544.0,,
Clc1ccc(cc1)C=Cc1ccc(cc1)c1nc(c(n1c1ccccc1)c1ccccc1)c1ccccc1,Clc1ccc(C=Cc2ccc(-c3nc(-c4ccccc4)c(-c4ccccc4)n3-c3ccccc3)cc2)cc1,340.0,,
Cc1ccc(cc1)C=CC(=O)c1nnn(c1C)c1ccnc2c1ccc(c2)Cl,Cc1ccc(C=CC(=O)c2nnn(-c3ccnc4cc(Cl)ccc34)c2C)cc1,234.0,,methanol
CCOC(=O)C1=C(NC(=O)C1=Cc1ccc(s1)c1cccs1)c1ccccc1,CCOC(=O)C1=C(c2ccccc2)NC(=O)C1=Cc1ccc(-c2cccs2)s1,710.0,52700.0,MTHF
c1ccc2c(c1)c1ccccc1c1c2cccc1,c1ccc2c(c1)c1ccccc1c1ccccc21,280.0,,
CCN(c1ccc(c(c1)O)c1[nH]c2c(n1)ccc(c2)n1nc2c(n1)c1ccccc1cc2)CC,CCN(CC)c1ccc(-c2nc3ccc(-n4nc5ccc6ccccc6c5n4)cc3[nH]2)c(O)c1,385.0,,DMSO
O=C1C=C(C)C(=O)C2(N1)NC(=O)c1c(N2C2CC2)nccc1,CC1=CC(=O)NC2(NC(=O)c3cccnc3N2C2CC2)C1=O,210.0,,
C(=O)OCc1cc(=O)oc2c1cc1nc(oc1c2)c1ccccc1,O=COCc1cc(=O)oc2cc3oc(-c4ccccc4)nc3cc12,339.0,7244.359601,
[O-][N+](=O)c1cccc(c1)C=NNC(=Cc1ccc2c(n1)cccc2)c1ccccc1,O=[N+]([O-])c1cccc(C=NNC(=Cc2ccc3ccccc3n2)c2ccccc2)c1,425.0,,ethanol
c1ccc(cc1)c1ccc2c(c1)c(c1ccc(cc1)n1c3ccccc3c3c1cccc3)c1c(c2c2ccc(cc2)c2ccccc2)cccc1,c1ccc(-c2ccc(-c3c4ccccc4c(-c4ccc(-n5c6ccccc6c6ccccc65)cc4)c4cc(-c5ccccc5)ccc34)cc2)cc1,406.0,13020.0,
CO[Si](CCCSC(=O)c1ncccc1C(=O)SCCC[Si](OC)(OC)OC)(OC)OC,CO[Si](CCCSC(=O)c1cccnc1C(=O)SCCC[Si](OC)(OC)OC)(OC)OC,284.0,111500.0,chloroform
Clc1ccc(cc1)Cn1c(C=Cc2ccccc2)nc(c1c1ccco1)c1ccco1,Clc1ccc(Cn2c(C=Cc3ccccc3)nc(-c3ccco3)c2-c2ccco2)cc1,347.0,,
c1ccc2c(c1)c(c1c(c2c2cccc3c2cccc3)cccc1)c1cccc2c1cccc2,c1ccc2c(-c3c4ccccc4c(-c4cccc5ccccc45)c4ccccc34)cccc2c1,414.0,,
O=C(c1ccccc1)NN=C(c1ccccn1)c1ccccc1,O=C(NN=C(c1ccccc1)c1ccccn1)c1ccccc1,322.0,,
CCOC(=O)c1cc2cc3cc(OC)ccc3nc2[nH]c1=O,CCOC(=O)c1cc2cc3cc(OC)ccc3nc2[nH]c1=O,382.0,,acetone
c1cc(nc(c1)c1nc2c(o1)cccc2)c1nc2c(o1)cccc2,c1cc(-c2nc3ccccc3o2)nc(-c2nc3ccccc3o2)c1,356.0,,
C1(C)c2cc(ccc2c2c1cc(cc2)N(c1ccccc1)c1ccccc1)c1ccc(s1)C=C(C(=O)O)C#N,CC1c2cc(-c3ccc(C=C(C#N)C(=O)O)s3)ccc2-c2ccc(N(c3ccccc3)c3ccccc3)cc21,469.0,34900.0,
Clc1cc(C(=O)Nc2ccc(cc2Cl)[N+](=O)[O-])c(c(c1)C(C)(C)C)O,CC(C)(C)c1cc(Cl)cc(C(=O)Nc2ccc([N+](=O)[O-])cc2Cl)c1O,557.0,5400.0,
O=Cc1cc(N=Nc2ccc(cc2)C)ccc1O,Cc1ccc(N=Nc2ccc(O)c(C=O)c2)cc1,338.0,,
O=C1c2ccccc2SC1=C1Sc2c(C1=O)cccc2,O=C1C(=C2Sc3ccccc3C2=O)Sc2ccccc21,510.7,,
CCCOC(CC(=C=O)C=Cc1ccc(c(c1)OC)OCCC)C=Cc1ccc(c(c1)OC)OCCC,CCCOc1ccc(C=CC(=C=O)CC(C=Cc2ccc(OCCC)c(OC)c2)OCCC)cc1OC,506.0,42100.0,DMSO
O=C1NC(=O)c2c1cccc2,O=C1NC(=O)c2ccccc21,395.0,,
c1ccc(cc1)Nc1nc(nc(n1)Nc1ccccc1)Nc1ccc2c(c1)cc1c(c2)cccc1,c1ccc(Nc2nc(Nc3ccccc3)nc(Nc3ccc4cc5ccccc5cc4c3)n2)cc1,402.0,,"1,4-dioxane"
COc1ccccc1[N+](=O)[O-],COc1ccccc1[N+](=O)[O-],327.2,,
OC(=O)c1ccc2c3c1c(C(=O)O)c(C(=N)O)c(c3c1c3c2cccc3ccc1)C(=N)O,N=C(O)c1c(C(=O)O)c2c(C(=O)O)ccc3c4cccc5cccc(c(c1C(=N)O)c23)c54,581.0,,
Cn1c(=O)c2c(c1c1ccc(s1)c1ccc(s1)c1n(C)c(=O)c3c1c(=O)n(c3c1ccccc1)C)c(=O)n(c2c1ccccc1)C,CN1C(=O)C2=C(c3ccc(-c4ccc(C5=C6C(=O)N(C)C(c7ccccc7)=C6C(=O)N5C)s4)s3)N(C)C(=O)C2=C1c1ccccc1,593.0,,
CCN(c1ccc(cc1)C=Cc1ccc(cc1)C=Cc1ccccc1)CC,CCN(CC)c1ccc(C=Cc2ccc(C=Cc3ccccc3)cc2)cc1,411.0,,Benzene
N#CC(=C1OC(=O)C(=C(c2cc(oc2C)C)C)C1=C(c1ccc(cc1)F)c1ccc(cc1)F)C#N,CC(=C1C(=O)OC(=C(C#N)C#N)C1=C(c1ccc(F)cc1)c1ccc(F)cc1)c1cc(C)oc1C,400.0,,
O=C(c1cc(C(=O)CC(=O)c2ccccc2Cl)c(nc1C)C)CC(=O)c1ccccc1Cl,Cc1nc(C)c(C(=O)CC(=O)c2ccccc2Cl)cc1C(=O)CC(=O)c1ccccc1Cl,326.0,46773.51413,
O=Cc1ccc2c(n1)c(Br)cc(c2)C#Cc1ccc(cc1)N(c1ccccc1)c1ccccc1,O=Cc1ccc2cc(C#Cc3ccc(N(c4ccccc4)c4ccccc4)cc3)cc(Br)c2n1,416.0,23000.0,
CC(c1ccc(cc1)Cn1nc(cc1c1nnc(o1)c1ccccc1)c1ccccc1)(C)C,CC(C)(C)c1ccc(Cn2nc(-c3ccccc3)cc2-c2nnc(-c3ccccc3)o2)cc1,271.0,,dichloromethane
CCCN1c2ccc(cc2Sc2c1cccc2)C=Cc1cc(=O)oc2c1ccc(c2O)O,CCCN1c2ccccc2Sc2cc(C=Cc3cc(=O)oc4c(O)c(O)ccc34)ccc21,427.0,,chloroform
CC(=O)c1ccc(cc1)N=Nc1ccc(c2c1cccn2)O,CC(=O)c1ccc(N=Nc2ccc(O)c3ncccc23)cc1,417.0,,DMSO
N#Cc1ccccc1c1c(C#N)c(N)nc(c1C#N)N,N#Cc1ccccc1-c1c(C#N)c(N)nc(N)c1C#N,493.0,,THF
c1ccc(cc1)N(c1ccccc1)c1ccc(cc1)C=Cc1ccc(cc1)N(c1ccccc1)c1ccccc1,C(=Cc1ccc(N(c2ccccc2)c2ccccc2)cc1)c1ccc(N(c2ccccc2)c2ccccc2)cc1,389.0,53000.0,
O=S(=O)(c1cccc(c1)N1N=C(CC1c1ccccc1)c1cccs1)c1cccc(c1)N1N=C(CC1c1ccccc1)c1cccs1,O=S(=O)(c1cccc(N2N=C(c3cccs3)CC2c2ccccc2)c1)c1cccc(N2N=C(c3cccs3)CC2c2ccccc2)c1,370.0,39100.0,dichloromethane
CCNC(=O)N=c1oc2cc(ccc2cc1C#N)N(CC)CC,CCNC(=O)N=c1oc2cc(N(CC)CC)ccc2cc1C#N,439.0,,
CN(c1ccc(cc1)C(=Cc1ccc(cc1)C=C(c1ccccc1)C#N)c1ccc(cc1)N(C)C)C,CN(C)c1ccc(C(=Cc2ccc(C=C(C#N)c3ccccc3)cc2)c2ccc(N(C)C)cc2)cc1,324.0,,
[O-][N+](=O)c1cc(ccc1N=Nc1ccc(c(c1O)C)O)[N+](=O)[O-],Cc1c(O)ccc(N=Nc2ccc([N+](=O)[O-])cc2[N+](=O)[O-])c1O,418.0,30000.0,Acetone
CCOC(=O)c1[nH]c(c(c1C)C(=NN)C(=O)CC(=O)Nc1ccccc1)C,CCOC(=O)c1[nH]c(C)c(C(=NN)C(=O)CC(=O)Nc2ccccc2)c1C,301.1,,
c1ccc2c(c1)oc(c2)C=Cc1ccc(cc1)C=Cc1cc2c(o1)cccc2,C(=Cc1cc2ccccc2o1)c1ccc(C=Cc2cc3ccccc3o2)cc1,375.0,,
O=C1C(=CC=CC=C2C=C(OC(=C2)c2ccccc2)c2ccccc2)C(=O)c2c1csc2,O=C1C(=CC=CC=C2C=C(c3ccccc3)OC(c3ccccc3)=C2)C(=O)c2cscc21,613.0,,dichloromethane
CCN(c1ccc(cc1)C=C(c1ccc(cc1)C(=Cc1ccc(cc1)N(CC)CC)C#N)C#N)CC,CCN(CC)c1ccc(C=C(C#N)c2ccc(C(C#N)=Cc3ccc(N(CC)CC)cc3)cc2)cc1,449.0,61000.0,
C1(C)c2cc3nc([nH]c3cc2c2c1cc1nc([nH]c1c2)c1ccc(cc1)OC)c1ccc(cc1)OC,COc1ccc(-c2nc3cc4c(cc3[nH]2)-c2cc3[nH]c(-c5ccc(OC)cc5)nc3cc2C4C)cc1,375.0,,
c1csc(c1)C#Cc1ccc(cc1)n1c2ccccc2c2c1cccc2,C(#Cc1cccs1)c1ccc(-n2c3ccccc3c3ccccc32)cc1,332.0,31500.0,CH 2 Cl 2
N#CC(=Cc1ccc(s1)C=C1c2ccccc2c2c1cccc2)C(=O)O,N#CC(=Cc1ccc(C=C2c3ccccc3-c3ccccc32)s1)C(=O)O,439.0,4273.0,
CN1c2ccc(cc2Oc2c1cccc2C=C(C(=O)O)C#N)C=C(C(=O)O)C#N,CN1c2ccc(C=C(C#N)C(=O)O)cc2Oc2c(C=C(C#N)C(=O)O)cccc21,498.0,,
Cc1cc(C)c(c(c1)C)B(c1c(C)cc(cc1C)C)c1ccc(cc1)C#Cc1cc2c(n1C)cccc2,Cc1cc(C)c(B(c2ccc(C#Cc3cc4ccccc4n3C)cc2)c2c(C)cc(C)cc2C)c(C)c1,370.0,39000.0,C6H12
[O-][N+](=O)c1ccc(cc1)C1=C2C=CC(=N2)C(=c2ccc(=C(C3=NC(=C(c4[nH]c1cc4)c1ccccc1)C=C3)c1ccccc1)[nH]2)c1ccccc1,O=[N+]([O-])c1ccc(-c2c3nc(c(-c4ccccc4)c4ccc([nH]4)c(-c4ccccc4)c4nc(c(-c5ccccc5)c5ccc2[nH]5)C=C4)C=C3)cc1,412.0,218776.1624,CH 2 Cl 2
C1CN=C(N1)Cc1cccc2c1cccc2,c1ccc2c(CC3=NCCN3)cccc2c1,320.0,,
O=C(Nc1c2ccccc2cc2c1cccc2)NCC12CC3CC(C1)CC(C2)(C3)CNC(=O)Nc1c2ccccc2cc2c1cccc2,O=C(NCC12CC3CC(C1)CC(CNC(=O)Nc1c4ccccc4cc4ccccc14)(C3)C2)Nc1c2ccccc2cc2ccccc12,412.0,,DMSO
Sc1ccccc1,Sc1ccccc1,462.0,,
COC(=O)c1c(C(=O)c2ccc(cc2)F)n2c(c1C(=O)OC)cccn2,COC(=O)c1c(C(=O)OC)c2cccnn2c1C(=O)c1ccc(F)cc1,446.0,,Cyclohexane
Cc1c(C)c2cccnc2c2c1cccn2,Cc1c(C)c2cccnc2c2ncccc12,240.0,47100.0,
Oc1ccc2c(c1C=NN=Cc1ccc3c4c1ccc1c4c(cc3)ccc1)cccc2,Oc1ccc2ccccc2c1C=NN=Cc1ccc2ccc3cccc4ccc1c2c34,416.0,39300.0,CH 3 CN
O=C1C=Cc2c(C1=NNc1ccc(cc1)N=Nc1ccccc1)cccc2,O=C1C=Cc2ccccc2C1=NNc1ccc(N=Nc2ccccc2)cc1,520.0,,
NCC(=O)CC(=O)Nc1ccc(cc1)C(=O)O,NCC(=O)CC(=O)Nc1ccc(C(=O)O)cc1,296.0,,
CCNc1cc2oc3cc(=NCC)c(cc3c(c2cc1C)c1ccccc1C(=O)O)C,CCN=c1cc2oc3cc(NCC)c(C)cc3c(-c3ccccc3C(=O)O)c-2cc1C,495.0,,
Oc1ccccc1c1nc2c(o1)c(cc1c2cccc1)c1nc2c(s1)cccc2,Oc1ccccc1-c1nc2c(o1)c(-c1nc3ccccc3s1)cc1ccccc12,330.0,22400.0,DMF
COc1ccc2c(c1)c1ccccc1[nH]2,COc1ccc2[nH]c3ccccc3c2c1,552.0,58000.0,
COc1ccc(c(c1)[N+](=O)[O-])c1ccc(o1)C=Nn1c(C)nn(c1=S)CN1CCOCC1,COc1ccc(-c2ccc(C=Nn3c(C)nn(CN4CCOCC4)c3=S)o2)c([N+](=O)[O-])c1,261.0,,
COCCSc1cccc2c1C(=O)c1c(C2=O)cccc1Cl,COCCSc1cccc2c1C(=O)c1c(Cl)cccc1C2=O,430.0,4500.0,
Brc1ccc(cc1)C1(C=Cc2c(O1)ccc1c2ccc(c1)Br)c1ccc(cc1)Br,Brc1ccc(C2(c3ccc(Br)cc3)C=Cc3c(ccc4cc(Br)ccc34)O2)cc1,425.0,,
OCCOc1ccc(cc1OC)C=Cc1ccc(cc1)[N+](=O)[O-],COc1cc(C=Cc2ccc([N+](=O)[O-])cc2)ccc1OCCO,397.0,,MeOH
c1ccc(nc1)c1nc2c(s1)cccc2,c1ccc(-c2nc3ccccc3s2)nc1,300.0,20753.0,MeOH
FC1(F)C(F)(F)C(=C(C1(F)F)c1c2ccccc2cc2c1cccc2)c1c2ccccc2cc2c1cccc2,FC1(F)C(c2c3ccccc3cc3ccccc23)=C(c2c3ccccc3cc3ccccc23)C(F)(F)C1(F)F,409.0,,
C1(C)c2cc(ccc2c2c1cc1nc3c(nc1c2)c1cccc2c1c1c3cccc1cc2)c1ccc2c3c1ccc1c3c(cc2)ccc1,CC1c2cc(-c3ccc4ccc5cccc6ccc3c4c56)ccc2-c2cc3nc4c5cccc6ccc7cccc(c4nc3cc21)c7c65,429.0,,DMSO
COc1cc(ccc1OC)C(=O)On1c(=O)c2cccc3c2c(c1=S)ccc3,COc1ccc(C(=O)ON2C(=O)c3cccc4cccc(c34)C2=S)cc1OC,436.0,,
Oc1ccc(c2c1nccc2)N=Nn1nncc1,Oc1ccc(N=Nn2ccnn2)c2cccnc12,487.0,,Methanol
CC(=C)C1CCC(=CC1)C=Nc1ccc(cc1)O,C=C(C)C1CC=C(C=Nc2ccc(O)cc2)CC1,390.0,,
C#Cc1ccc(s1)C1(CC=CS1)C#C,C#Cc1ccc(C2(C#C)CC=CS2)s1,257.0,,
Oc1ccc2c(c1)c1c(C)cc(=O)oc1cc2,Cc1cc(=O)oc2ccc3ccc(O)cc3c12,354.0,4100.0,
CN(c1cccc2c1cccc2C#Cc1cccc2c1cccc2C#Cc1cccc2c1cccc2N(C)C)C,CN(C)c1cccc2c(C#Cc3cccc4c(C#Cc5cccc6c(N(C)C)cccc56)cccc34)cccc12,525.0,33000.0,
Sc1ncnc2c1[nH]cn2,Sc1ncnc2nc[nH]c12,321.0,,
CN(c1c(F)c2nc3c(F)c(F)c(c(c3nc2c(c1F)F)F)F)C,CN(C)c1c(F)c(F)c2nc3c(F)c(F)c(F)c(F)c3nc2c1F,467.0,,
N#CC(=Cc1ccc(cc1)N(c1ccccc1)c1ccccc1)c1ccccc1,N#CC(=Cc1ccc(N(c2ccccc2)c2ccccc2)cc1)c1ccccc1,403.0,,Cyclohexane
Nc1sc(c(n1)c1ccc(cc1)NC(=O)c1ccccc1)N=Nc1ccccc1[N+](=O)[O-],Nc1nc(-c2ccc(NC(=O)c3ccccc3)cc2)c(N=Nc2ccccc2[N+](=O)[O-])s1,505.0,,DMSO
Cc1c(sc2c1c(C)c(s2)c1nnc(o1)c1cccs1)c1nnc(o1)c1cccs1,Cc1c(-c2nnc(-c3cccs3)o2)sc2sc(-c3nnc(-c4cccs4)o3)c(C)c12,355.0,,Ethanol
Cc1ccc(s1)c1sc(c2c1cccc2)c1ccc2c(c1)C(C)(C)c1c2cccc1,Cc1ccc(-c2sc(-c3ccc4c(c3)C(C)(C)c3ccccc3-4)c3ccccc23)s1,430.0,,CH 2 Cl
CC(=O)c1ccc2c3c1ccc1c3c(cc2)ccc1,CC(=O)c1ccc2ccc3cccc4ccc1c2c34,439.0,,
Clc1ccc2c(c1)c1cccc(c1[nH]2)Cl,Clc1ccc2[nH]c3c(Cl)cccc3c2c1,364.0,,
Cn1c(=O)c2c(c1c1ccc(s1)C)c(=O)n(c2c1ccc(s1)Br)C,Cc1ccc(C2=C3C(=O)N(C)C(c4ccc(Br)s4)=C3C(=O)N2C)s1,564.0,,
OC(=O)c1cc(cc(c1)[N+](=O)[O-])[N+](=O)[O-],O=C(O)c1cc([N+](=O)[O-])cc([N+](=O)[O-])c1,231.0,,
Cc1sc(cc1c1sc(=S)sc1c1cc(sc1C)C)C,Cc1cc(-c2sc(=S)sc2-c2cc(C)sc2C)c(C)s1,660.0,,
Cc1nc2n(c1N=Nc1ccc(cc1)[N+](=O)[O-])nc(c1c2c(c2ccccc2)n(n1)c1ccccc1)C,Cc1nc2c3c(-c4ccccc4)n(-c4ccccc4)nc3c(C)nn2c1N=Nc1ccc([N+](=O)[O-])cc1,430.0,,
S=c1cccc[nH]1,S=c1cccc[nH]1,345.0,,
Fc1ccc(cc1)c1nn2c(c1)cc(cc2)c1nnc(o1)c1ccccc1,Fc1ccc(-c2cc3cc(-c4nnc(-c5ccccc5)o4)ccn3n2)cc1,383.0,,Cyclohexane
CCOC(=O)CC(=NNc1ccc(cc1[N+](=O)[O-])[N+](=O)[O-])C,CCOC(=O)CC(C)=NNc1ccc([N+](=O)[O-])cc1[N+](=O)[O-],372.0,,
Clc1ccc(cc1Cl)c1cc(Cl)c(c(c1)Cl)O,Oc1c(Cl)cc(-c2ccc(Cl)c(Cl)c2)cc1Cl,682.0,,
Cc1ccc(cc1)C(=Cc1ccc2c(n1)cccc2)NN=Cc1ccc(cc1)[N+](=O)[O-],Cc1ccc(C(=Cc2ccc3ccccc3n2)NN=Cc2ccc([N+](=O)[O-])cc2)cc1,438.0,,ethanol
Fc1ccc(cc1)C(=O)On1c(=O)c2cccc3c2c(c1=S)ccc3,O=C(ON1C(=O)c2cccc3cccc(c23)C1=S)c1ccc(F)cc1,454.0,,
O=c1[nH][nH]c(=O)c2c1cc1nc(c3ccccc3)c(nc1c2)c1ccccc1,O=c1[nH][nH]c(=O)c2cc3nc(-c4ccccc4)c(-c4ccccc4)nc3cc12,364.0,,DMF
COc1ccc(cc1)C=Cc1ccc2n(n1)c(C(=O)OC)c(c2C(=O)OC)C(=O)OC,COC(=O)c1c(C(=O)OC)c2ccc(C=Cc3ccc(OC)cc3)nn2c1C(=O)OC,466.0,,MeOH
O=c1ccc2c(s1)c1cc(n(c1cc2)C)C,Cc1cc2c3sc(=O)ccc3ccc2n1C,362.0,7849.0,
Nc1ccc(cc1)C=C1Oc2c(C1=O)cccc2,Nc1ccc(C=C2Oc3ccccc3C2=O)cc1,442.0,,Methanol
CC(=O)NC(=O)[C@H](Cc1c[nH]c2c1cccc2)N,CC(=O)NC(=O)[C@@H](N)Cc1c[nH]c2ccccc12,350.0,,cyclohexane
CCN1CCN(c2c1cc1oc(=O)c(cc1c2)c1nc2c(s1)cccc2)CC,CCN1CCN(CC)c2cc3oc(=O)c(-c4nc5ccccc5s4)cc3cc21,501.0,,Methanol
N#CC(=Cc1cc2CCCN3c2c(c1)CCC3)C(=O)O,N#CC(=Cc1cc2c3c(c1)CCCN3CCC2)C(=O)O,452.0,,
OCc1c(nc2n1cccn2)c1ccc(cc1)[N+](=O)[O-],O=[N+]([O-])c1ccc(-c2nc3ncccn3c2CO)cc1,265.0,,
O=P(c1c2ccccc2c(c2c1cccc2)P(=O)(c1ccccc1)c1ccccc1)(c1ccccc1)c1ccccc1,O=P(c1ccccc1)(c1ccccc1)c1c2ccccc2c(P(=O)(c2ccccc2)c2ccccc2)c2ccccc12,396.0,,
Cn1c(nc(c1c1ccccc1)c1ccccc1)c1ccc(cc1)c1nc2c(s1)cccc2,Cn1c(-c2ccc(-c3nc4ccccc4s3)cc2)nc(-c2ccccc2)c1-c1ccccc1,392.0,,
COc1ccc(cc1)Oc1c2C(=O)c3ccccc3c3c2c(c2c1cccc2)oc(=O)c3,COc1ccc(Oc2c3c4c(cc(=O)oc4c4ccccc24)-c2ccccc2C3=O)cc1,524.0,,
C(=O)N[C@H](C(=O)OC)Cc1ccc(c(c1)[N+](=O)[O-])O[C@@H]1O[C@H](CO)[C@H]([C@@H]([C@H]1O)O)O[C@@H]1O[C@H](CO)[C@@H]([C@@]([C@H]1O)(O)S(=O)(=O)O)O,COC(=O)[C@H](Cc1ccc(O[C@@H]2O[C@H](CO)[C@@H](O[C@@H]3O[C@H](CO)[C@H](O)[C@@](O)(S(=O)(=O)O)[C@H]3O)[C@H](O)[C@H]2O)c([N+](=O)[O-])c1)NC=O,430.0,,
N#Cc1c2cc([nH]n2c(=N)c2c1c1CSc3c(c1oc2=O)cccc3)c1ccc(cc1)F,N#Cc1c2c3c(oc(=O)c2c(=N)n2[nH]c(-c4ccc(F)cc4)cc12)-c1ccccc1SC3,441.0,12133.0,DMF
COc1ccc(cc1)Nc1c(F)c(F)c2c(c1F)nc1c(n2)c(F)c(c(c1F)F)F,COc1ccc(Nc2c(F)c(F)c3nc4c(F)c(F)c(F)c(F)c4nc3c2F)cc1,479.0,,
C=CCCc1c2ccccc2cc2c1cccc2,C=CCCc1c2ccccc2cc2ccccc12,370.0,,Acetonitrile
Fc1ccc(cc1)C=Cc1ccc2c(c1)ccc1c2C(=C=C(c2ccccc2)c2ccccc2)C(O1)(c1ccccc1)c1ccccc1,Fc1ccc(C=Cc2ccc3c4c(ccc3c2)OC(c2ccccc2)(c2ccccc2)C4=C=C(c2ccccc2)c2ccccc2)cc1,460.0,,THF
C1C(=O)c2cc(N=Cc3ccc(s3)c3ccc(s3)C=Nc3cc4cccc5c4c(c3)C(=O)C(C5=O)C)cc3c2c(C1=O)ccc3,CC1C(=O)c2cccc3cc(N=Cc4ccc(-c5ccc(C=Nc6cc7c8c(cccc8c6)C(=O)CC7=O)s5)s4)cc(c23)C1=O,429.0,60000.0,Chloroform
S=c1n(c2ccccc2)c(c(n1c1ccccc1)P(=S)(c1ccccc1)c1ccccc1)P(c1ccccc1)c1ccccc1,S=c1n(-c2ccccc2)c(P(c2ccccc2)c2ccccc2)c(P(=S)(c2ccccc2)c2ccccc2)n1-c1ccccc1,209.0,,
CCOC(=O)c1cc(c2c1ccc(cc2)N)C(=O)OCC,CCOC(=O)c1cc(C(=O)OCC)c2ccc(N)ccc1-2,433.0,2041.737945,
COC(=O)c1ccc(nc1)c1ccc(cn1)c1ccc2c(c1)cccc2,COC(=O)c1ccc(-c2ccc(-c3ccc4ccccc4c3)cn2)nc1,335.0,,
c1ccc(nc1)N(c1ccccn1)Cc1cccc(c1)CN(c1ccccn1)c1ccccn1,c1ccc(N(Cc2cccc(CN(c3ccccn3)c3ccccn3)c2)c2ccccn2)nc1,310.0,,
Cc1ccc(s1)C(=O)C=Cc1ccc(cc1)N(c1ccccc1)c1ccccc1,Cc1ccc(C(=O)C=Cc2ccc(N(c3ccccc3)c3ccccc3)cc2)s1,423.0,,
Cn1c(=O)c2cc(N=Cc3ccc(s3)c3cccs3)cc3c2c(c1=O)ccc3,CN1C(=O)c2cccc3cc(N=Cc4ccc(-c5cccs5)s4)cc(c23)C1=O,387.0,61000.0,Chloroform
N#CC(=Cc1sc(cc1CO[Si](C(C)(C)C)(c1ccccc1)c1ccccc1)C=C1C=C(OC(=C1)c1ccccc1)c1ccccc1)C(=O)O,CC(C)(C)[Si](OCc1cc(C=C2C=C(c3ccccc3)OC(c3ccccc3)=C2)sc1C=C(C#N)C(=O)O)(c1ccccc1)c1ccccc1,564.0,,
CCOC(=O)c1cc(n2c1cccn2)C(=O)N,CCOC(=O)c1cc(C(N)=O)n2ncccc12,437.0,,ethanol
Nc1cccc2c1c1ncccc1cc2,Nc1cccc2ccc3cccnc3c12,401.0,8920.0,
Sc1ccc(s1)c1ccc(s1)n1c2ccccc2c2c1cccc2,Sc1ccc(-c2ccc(-n3c4ccccc4c4ccccc43)s2)s1,409.0,,
O=c1[nH]cccc1O,O=c1[nH]cccc1O,561.0,,
CCN(c1ccc2c(c1)OC1=NC(n3c(C1=C2)nc1c3cccc1)c1ccccc1)CC,CCN(CC)c1ccc2c(c1)OC1=NC(c3ccccc3)n3c(nc4ccccc43)C1=C2,498.0,72900.0,
Oc1ccccc1c1[nH]c2c(n1)c1ccc3c(c1cc2)cccc3,Oc1ccccc1-c1nc2c(ccc3c4ccccc4ccc32)[nH]1,368.0,,DMSO
Clc1ccc(cc1)C#Cc1c2cccc3c2c(c2=C(c4c(c12)cccc4)c1ccccc1)ccc3,Clc1ccc(C#Cc2c3c(c4cccc5cccc2c54)=C(c2ccccc2)c2ccccc2-3)cc1,259.0,,
Cc1ccc(cc1)C(=O)On1c(=O)c2cccc3c2c(c1=S)ccc3,Cc1ccc(C(=O)ON2C(=O)c3cccc4cccc(c34)C2=S)cc1,466.0,,
N#Cc1ccc(cc1)n1ccc2c1nc(nc2c1ccccc1)c1ccc(cc1)c1ccccc1,N#Cc1ccc(-n2ccc3c(-c4ccccc4)nc(-c4ccc(-c5ccccc5)cc4)nc32)cc1,332.0,,
O=C1C(=Cc2cc3CCCN4c3c(c2)CCC4)Oc2c1cccc2,O=C1C(=Cc2cc3c4c(c2)CCCN4CCC3)Oc2ccccc21,503.0,,Methanol
Cc1ccn2c(c1)c(C(=O)c1ccccc1C(=O)O)c1c2C(=O)c2c(C1=O)cccc2,Cc1ccn2c3c(c(C(=O)c4ccccc4C(=O)O)c2c1)C(=O)c1ccccc1C3=O,504.0,6958.0,DMF
c1ccc2c(c1)c(c1cc(cc(c1)c1c3ccccc3cc3c1cccc3)c1c3ccccc3cc3c1cccc3)c1c(c2)cccc1,c1ccc2c(-c3cc(-c4c5ccccc5cc5ccccc45)cc(-c4c5ccccc5cc5ccccc45)c3)c3ccccc3cc2c1,389.0,,
CCOC(=O)c1cc(n2c1cccn2)C(=O)c1ccc(cc1)C,CCOC(=O)c1cc(C(=O)c2ccc(C)cc2)n2ncccc12,437.0,,Cyclohexane
O[C@H]1C(OC[C@]1(O)CO)n1cc(F)c(=O)[nH]c1=O,O=c1[nH]c(=O)n(C2OC[C@](O)(CO)[C@H]2O)cc1F,268.0,,
COc1c2ccccc2c(c2c1c1cccc(c1n2C)OC)OC,COc1c2ccccc2c(OC)c2c1c1cccc(OC)c1n2C,409.0,186000.0,CH 2 Cl
Oc1c2cccc1Cc1cccc(c1O)Cc1c(c(Cc3c(c(C2)ccc3)O)ccc1)O,Oc1c2cccc1Cc1cccc(c1O)Cc1cccc(c1O)Cc1cccc(c1O)C2,491.0,53703.17964,DMF
OCC1OC(CC1O)n1c(nc2c1ncnc2N)c1ccco1,Nc1ncnc2c1nc(-c1ccco1)n2C1CC(O)C(CO)O1,306.0,,
N#Cc1cnn2c1nc(C)c1c2N(CC1)c1ccccc1,Cc1nc2c(C#N)cnn2c2c1CCN2c1ccccc1,373.0,,
c1ccc(cc1)N(c1ccccc1)c1ccc(cc1)c1ccc(cc1)c1ccc(s1)c1ccncn1,c1ccc(N(c2ccccc2)c2ccc(-c3ccc(-c4ccc(-c5ccncn5)s4)cc3)cc2)cc1,385.0,,MeCN
Oc1ccc2c(c1)c(c1ccc(cc1)F)c([nH]2)c1ccc(cc1)S(=O)(=O)N,NS(=O)(=O)c1ccc(-c2[nH]c3ccc(O)cc3c2-c2ccc(F)cc2)cc1,236.0,,
NC(=S)NC(=O)c1cccc2c1cccc2,NC(=S)NC(=O)c1cccc2ccccc12,275.0,,
O=Cc1ccc(cc1)O,O=Cc1ccc(O)cc1,385.0,,
COc1c2cc(OC)cc3c2c2c(c1OC)cc(cc2c(c3OC)OC)OC,COc1cc2c(OC)c(OC)c3cc(OC)cc4c(OC)c(OC)c(c1)c2c34,399.0,,DMF
C1(C)c2cc(ccc2c2c1cccc2)c1nnn(c1)c1ccc(cc1)OC,COc1ccc(-n2cc(-c3ccc4c(c3)C(C)c3ccccc3-4)nn2)cc1,300.0,,
N#Cc1ccc2c(c1)CCc1c2c(nc2c1c1ccc(cc1CC2)C#N)c1ccc(cc1)N(C)C,CN(C)c1ccc(-c2nc3c(c4c2-c2ccc(C#N)cc2CC4)-c2ccc(C#N)cc2CC3)cc1,348.0,,Dimethylsulfoxide
Cc1ccc(c(c1)O)N=Cc1cccn1C,Cc1ccc(N=Cc2cccn2C)c(O)c1,355.0,,
Clc1ccc(cc1)c1nn(c(c1)c1nnc(o1)COc1ccc(cc1Cl)Cl)Cc1ccc(nc1)Cl,Clc1ccc(-c2cc(-c3nnc(COc4ccc(Cl)cc4Cl)o3)n(Cc3ccc(Cl)nc3)n2)cc1,261.0,41650.0,DCM
[O-][N+](=O)c1ccc(cc1)c1cnc2c(c1)cc(c(c2)O)c1nc2c([nH]1)ccc(c2)[N+](=O)[O-],O=[N+]([O-])c1ccc(-c2cnc3cc(O)c(-c4nc5cc([N+](=O)[O-])ccc5[nH]4)cc3c2)cc1,331.0,,DMF
Clc1cccc(c1)C1=C(Nc2ccc(c(c2)C(=O)O)Cl)C(=O)NC1=O,O=C1NC(=O)C(c2cccc(Cl)c2)=C1Nc1ccc(Cl)c(C(=O)O)c1,565.0,63000.0,
c1ccc(cc1)c1nc(nnc1c1ccccc1)c1cccc(c1)c1nnc(c(n1)c1ccccc1)c1ccccc1,c1ccc(-c2nnc(-c3cccc(-c4nnc(-c5ccccc5)c(-c5ccccc5)n4)c3)nc2-c2ccccc2)cc1,276.0,,
CCOC(=O)c1cc2cc(cn2cc1c1cccs1)C(=O)c1ccccc1,CCOC(=O)c1cc2cc(C(=O)c3ccccc3)cn2cc1-c1cccs1,280.0,70300.0,dichloromethane
Cc1sc(c(c1C1=C(c2c(C)sc(c2C)c2ccccc2)C(C(C1(F)F)(F)F)(F)F)C)c1ccccc1,Cc1sc(-c2ccccc2)c(C)c1C1=C(c2c(C)sc(-c3ccccc3)c2C)C(F)(F)C(F)(F)C1(F)F,575.0,,
c1ccc2c(c1)cc(cc2)N=Cc1ccc(cc1)C=Nc1ccc2c(c1)cccc2,C(=Nc1ccc2ccccc2c1)c1ccc(C=Nc2ccc3ccccc3c2)cc1,407.0,39460.0,
[O-][N+](=O)c1ccccc1N,Nc1ccccc1[N+](=O)[O-],402.6,,
OCCN(c1ccc(cc1)N=Nc1scc(n1)c1ccc(cc1Cl)Cl)CC,CCN(CCO)c1ccc(N=Nc2nc(-c3ccc(Cl)cc3Cl)cs2)cc1,550.0,,DMF
Cc1sc2c(c1c1sc(c3c1cccc3)c1cscc1)cccc2,Cc1sc2ccccc2c1-c1sc(-c2ccsc2)c2ccccc12,455.0,,CH 2 Cl
CCOC(=O)C(=C1c2ccccc2c2c1sc(c2C#N)N)C#N,CCOC(=O)C(C#N)=C1c2ccccc2-c2c1sc(N)c2C#N,599.0,,acetone
c1ccc2c(c1)Sc1c(N2)cc2c(c1)cccc2,c1ccc2c(c1)Nc1cc3ccccc3cc1S2,365.0,,
COc1cc2c(=O)c(cn(c2cc1OC)C)C(=O)c1ccccc1Cc1ccccc1,COc1cc2c(=O)c(C(=O)c3ccccc3Cc3ccccc3)cn(C)c2cc1OC,510.0,,
Clc1cc(C=Nc2nc3c(s2)cccc3)c(c(c1)Cl)O,Oc1c(Cl)cc(Cl)cc1C=Nc1nc2ccccc2s1,270.0,45200.0,methanol
Cc1ccc2c(c1)sc(n2)N=Nc1ccc2c1ccccc2,Cc1ccc2nc(N=Nc3ccc4cccccc3-4)sc2c1,492.0,,
Clc1ccc2c(c1)c1cc(Cl)cc(c1[nH]2)Cl,Clc1ccc2[nH]c3c(Cl)cc(Cl)cc3c2c1,376.0,,
N#CC(=Cc1ccc(s1)c1ccc(cc1)N1c2ccccc2C=Cc2c1cccc2)C(=O)O,N#CC(=Cc1ccc(-c2ccc(N3c4ccccc4C=Cc4ccccc43)cc2)s1)C(=O)O,470.0,,
COC(=O)c1c(C(=O)c2ccc(cc2)C)n2c(c1C(=O)OC)cccn2,COC(=O)c1c(C(=O)OC)c2cccnn2c1C(=O)c1ccc(C)cc1,451.0,,Cyclohexane
COc1cc2nc(C=Cc3ccc(cc3)c3cc(nc(c3)c3ccccn3)c3ccccn3)c(nc2cc1OC)C=Cc1ccc(cc1)C,COc1cc2nc(C=Cc3ccc(C)cc3)c(C=Cc3ccc(-c4cc(-c5ccccn5)nc(-c5ccccn5)c4)cc3)nc2cc1OC,492.0,,
COC1OC(=O)C(=C1Nc1ccc(cc1)F)Br,COC1OC(=O)C(Br)=C1Nc1ccc(F)cc1,283.0,,
Oc1ccc(cc1)C(C1=C(O)C(=O)c2c(C1=O)cccc2)Nc1ccccc1,O=C1C(O)=C(C(Nc2ccccc2)c2ccc(O)cc2)C(=O)c2ccccc21,471.0,2454.708916,
COc1ccc(cc1)c1ccc(s1)c1ccc(s1)c1cccc2c1cccc2,COc1ccc(-c2ccc(-c3ccc(-c4cccc5ccccc45)s3)s2)cc1,369.0,33884.41561,
N#CC(=Cc1ccc(cc1)c1csc(c1)C=C(c1ccccc1)C#N)c1ccc(c(c1)OC)OC,COc1ccc(C(C#N)=Cc2ccc(-c3csc(C=C(C#N)c4ccccc4)c3)cc2)cc1OC,369.0,,
COc1ccc(cc1)c1nc2CCc3c(c2c2c1c1ccc(cc1CC2)Br)ccc(c3)Br,COc1ccc(-c2nc3c(c4c2-c2ccc(Br)cc2CC4)-c2ccc(Br)cc2CC3)cc1,361.0,99900.0,chloroform
C1(C)c2cc(ccc2c2c1cc(cc2)[N+](=O)[O-])c1ccc(s1)c1cccs1,CC1c2cc(-c3ccc(-c4cccs4)s3)ccc2-c2ccc([N+](=O)[O-])cc21,262.0,,
COc1c2ccccc2c(c2c1cccc2)OC,COc1c2ccccc2c(OC)c2ccccc12,436.0,,
Cn1c2ccc(cc2c2c1cccc2)C=O,Cn1c2ccccc2c2cc(C=O)ccc21,542.0,,
OCCN(c1ccc(cc1)N=Nc1ccc(cc1)N=Nc1ccc(cc1)S(=O)(=O)Nc1cc(OC)nc(n1)OC)C,COc1cc(NS(=O)(=O)c2ccc(N=Nc3ccc(N=Nc4ccc(N(C)CCO)cc4)cc3)cc2)nc(OC)n1,450.0,,
OS(=O)(=O)c1ccc2c(c1)cccc2,O=S(=O)(O)c1ccc2ccccc2c1,414.0,1770.0,
Cc1ccc(cc1)c1nnc(o1)c1ccn2c(c1c1ccccc1)nc1c2cccc1,Cc1ccc(-c2nnc(-c3ccn4c(nc5ccccc54)c3-c3ccccc3)o2)cc1,341.0,,
O=c1nc2c(c1=O)nc(c2c1ccccc1)c1ccccc1,O=c1nc2c(-c3ccccc3)c(-c3ccccc3)nc-2c1=O,533.0,16600.0,Toluene
Oc1ccc2c(c1)ccc(c2)C(=O)C,CC(=O)c1ccc2cc(O)ccc2c1,317.0,,
C1(C)c2cc(ccc2c2c1cc(cc2)c1ccc(s1)c1ccc(s1)c1ccc(s1)c1cccs1)[N+](=O)[O-],CC1c2cc(-c3ccc(-c4ccc(-c5ccc(-c6cccs6)s5)s4)s3)ccc2-c2ccc([N+](=O)[O-])cc21,249.0,,
C=Cc1ccc(cc1)CN1c2ccccc2Oc2c1cccc2,C=Cc1ccc(CN2c3ccccc3Oc3ccccc32)cc1,391.0,,
O=C1C(=CC=C2C=C(SC(=C2)c2ccccc2)c2ccccc2)C(=O)c2c1cccc2,O=C1C(=CC=C2C=C(c3ccccc3)SC(c3ccccc3)=C2)C(=O)c2ccccc21,556.0,,dichloromethane
Clc1nc(Nc2ccc3c(c2)cc2c(c3)cccc2)nc(n1)Cl,Clc1nc(Cl)nc(Nc2ccc3cc4ccccc4cc3c2)n1,398.0,,"1,4-dioxane"
Clc1ccc2c(c1)c1ccccc1[nH]2,Clc1ccc2[nH]c3ccccc3c2c1,364.0,,
Cc1cc2nn(cc2c2n1c1ccccc1n2)c1ccccc1,Cc1cc2nn(-c3ccccc3)cc2c2nc3ccccc3n12,339.0,,
OC1(CCC(CC1)c1ccccc1)c1ccc(s1)c1cccs1,OC1(c2ccc(-c3cccs3)s2)CCC(c2ccccc2)CC1,314.0,,Ethanol
NCc1ccccc1c1ccccc1c1nc2c(s1)cccc2,NCc1ccccc1-c1ccccc1-c1nc2ccccc2s1,378.0,13736.0,MeOH
CCCOc1cc2c(cc1C=C(c1ccccc1)c1ccccc1)c1c(n2CCC)ccc(c1)C=C(c1ccccc1)c1ccccc1,CCCOc1cc2c(cc1C=C(c1ccccc1)c1ccccc1)c1cc(C=C(c3ccccc3)c3ccccc3)ccc1n2CCC,474.0,,THF
CC(C1CCC(=CSC=Cc2ccc(cc2)C=CSC=C2CCC(CC2)C(C)(C)C)CC1)(C)C,CC(C)(C)C1CCC(=CSC=Cc2ccc(C=CSC=C3CCC(C(C)(C)C)CC3)cc2)CC1,351.0,,CH 2 Cl 2
[O-][N+](=O)c1cc2C(=CC=CC=c3c4cccc5c4c(n3Cc3ccccc3)ccc5)c3c(c2c(c1)[N+](=O)[O-])c(cc(c3)[N+](=O)[O-])[N+](=O)[O-],O=[N+]([O-])c1cc2c(c([N+](=O)[O-])c1)-c1c(cc([N+](=O)[O-])cc1[N+](=O)[O-])C2=CC=CC=c1c2cccc3cccc(c32)n1Cc1ccccc1,772.0,,Toluene
CCOC(=O)c1[nH]c(c(c1C)C(=O)C)C,CCOC(=O)c1[nH]c(C)c(C(C)=O)c1C,523.0,,TFA
O=C1c2ccccc2C(=O)c2c1c1nc(c3ccccc3)c(nc1cc2)c1ccccc1,O=C1c2ccccc2C(=O)c2c1ccc1nc(-c3ccccc3)c(-c3ccccc3)nc21,262.0,128824.9552,Hexane
Nc1ccc(cc1)S(=O)(=O)c1ccc(cc1)NC(=O)C(n1c(=O)c2cccc3c2c(c1=O)ccc3NCCSc1ccccc1)CC(C)C,CC(C)CC(C(=O)Nc1ccc(S(=O)(=O)c2ccc(N)cc2)cc1)N1C(=O)c2cccc3c(NCCSc4ccccc4)ccc(c23)C1=O,530.0,22387.21139,
Clc1ccc(cc1)N=Nc1c(C)nc2n1nc(C)c1c2c(c2ccccc2)n(n1)c1ccccc1,Cc1nc2c3c(-c4ccccc4)n(-c4ccccc4)nc3c(C)nn2c1N=Nc1ccc(Cl)cc1,441.0,,
c1ccc2c(c1)ocn2,c1ccc2ocnc2c1,390.0,,DMF
OC(=O)c1ccccc1Nc1cccc(c1C)C,Cc1cccc(Nc2ccccc2C(=O)O)c1C,545.0,,dmf
c1ccc(nc1)c1[nH]nc(n1)CCCc1n[nH]c(n1)c1ccccn1,c1ccc(-c2nc(CCCc3n[nH]c(-c4ccccn4)n3)n[nH]2)nc1,244.0,,
O=c1oc2ccccc2cc1c1csc(n1)N=Nc1ccc(cc1)Nc1ccccc1,O=c1oc2ccccc2cc1-c1csc(N=Nc2ccc(Nc3ccccc3)cc2)n1,512.0,33113.11215,DMSO
O=C(c1c2ccc3c4c2c(cc1[Si](C)(C)C)ccc4ccc3)NC(C)(C)C,CC(C)(C)NC(=O)c1c([Si](C)(C)C)cc2ccc3cccc4ccc1c2c34,427.0,,
Cc1c(C)cccc1N=Cc1ccccn1,Cc1cccc(N=Cc2ccccn2)c1C,332.0,,
COc1ccccc1OCc1nnc(o1)c1cc(nn1Cc1ccc(cc1)C(C)(C)C)c1ccc(cc1)Cl,COc1ccccc1OCc1nnc(-c2cc(-c3ccc(Cl)cc3)nn2Cc2ccc(C(C)(C)C)cc2)o1,262.0,41800.0,DCM
Fc1ccc(cc1)c1c2ccccc2c(c2c1cccc2)C1c2ccccc2c2c1cccc2,Fc1ccc(-c2c3ccccc3c(C3c4ccccc4-c4ccccc43)c3ccccc23)cc1,492.0,,
Clc1ccc(cc1)c1ccccc1c1nc2n(c1)ccc(c2)C=Cc1ccc(cc1)N(C)C,CN(C)c1ccc(C=Cc2ccn3cc(-c4ccccc4-c4ccc(Cl)cc4)nc3c2)cc1,430.0,,Toluene
O=Cc1ccc(cc1)C=NNC(=O)c1ccc(cc1)Cn1c2ccccc2c2c1cccc2,O=Cc1ccc(C=NNC(=O)c2ccc(Cn3c4ccccc4c4ccccc43)cc2)cc1,300.0,,
Cc1nc(c2n1ccc(c2)c1nnc(o1)c1ccc(cc1)C)Cl,Cc1ccc(-c2nnc(-c3ccn4c(C)nc(Cl)c4c3)o2)cc1,294.0,27265.0,dichloromethane
c1ccc(cc1)c1ccc(cc1)C(=C(c1ccc(cc1)c1ccccc1)c1ccc(cc1)c1ccccc1)c1ccc(cc1)c1ccccc1,c1ccc(-c2ccc(C(=C(c3ccc(-c4ccccc4)cc3)c3ccc(-c4ccccc4)cc3)c3ccc(-c4ccccc4)cc3)cc2)cc1,346.0,,
Nc1nn2c(c1N=Nc1ccccc1)nccc2c1ccccc1,Nc1nn2c(-c3ccccc3)ccnc2c1N=Nc1ccccc1,430.0,,Cyclohexane
Cc1ccc(cc1)c1sc(c2c1cc1ccccc1c2)c1cccs1,Cc1ccc(-c2sc(-c3cccs3)c3cc4ccccc4cc23)cc1,565.0,,CH 2 Cl
OC1=C(C(c2ccccc2)Nc2ccccn2)C(=O)c2c(C1=O)cccc2,O=C1C(O)=C(C(Nc2ccccn2)c2ccccc2)C(=O)c2ccccc21,440.0,3090.295433,
[O-][N+](=O)c1cc(cc(c1N=Nc1ccc(c2c1cccc2)O)[N+](=O)[O-])C(=O)O,O=C(O)c1cc([N+](=O)[O-])c(N=Nc2ccc(O)c3ccccc23)c([N+](=O)[O-])c1,440.0,,EtOAc
O=Cc1ccccc1[N+](=O)[O-],O=Cc1ccccc1[N+](=O)[O-],331.44,,
COc1c(OC)c(OC)c2c(c1OC)c1c(OC)c(OC)ccc1c1c2cccc1,COc1ccc2c3ccccc3c3c(OC)c(OC)c(OC)c(OC)c3c2c1OC,346.0,,
N#Cc1ccc(cc1)C=Cc1ccc(cc1)C=C(c1ccc(cc1)N(C)C)c1ccc(cc1)N(C)C,CN(C)c1ccc(C(=Cc2ccc(C=Cc3ccc(C#N)cc3)cc2)c2ccc(N(C)C)cc2)cc1,328.0,,
c1ccc(cc1)C#Cc1ccccc1c1ccccc1,C(#Cc1ccccc1-c1ccccc1)c1ccccc1,346.0,,
CNC(=O)c1cc(=O)c2c(o1)ccc(c2)OC,CNC(=O)c1cc(=O)c2cc(OC)ccc2o1,338.0,,
COc1ccc(cc1)c1ccc2c(c1)Sc1c(N2CC)ccc(c1)C=C(C(=O)O)C#N,CCN1c2ccc(C=C(C#N)C(=O)O)cc2Sc2cc(-c3ccc(OC)cc3)ccc21,460.0,37900.0,
N#Cc1cc(sc1c1sc(cc1C#N)c1cccc(c1)C(F)(F)F)c1cccc(c1)C(F)(F)F,N#Cc1cc(-c2cccc(C(F)(F)F)c2)sc1-c1sc(-c2cccc(C(F)(F)F)c2)cc1C#N,309.0,13182.56739,
C#Cc1nc(C=Cc2ccc(cc2)N(C)C)cc(n1)C=Cc1ccc(cc1)N(C)C,C#Cc1nc(C=Cc2ccc(N(C)C)cc2)cc(C=Cc2ccc(N(C)C)cc2)n1,440.0,43916.0,dichloromethane
CCN(CCOc1ccc(cc1)C(c1ccc(cc1)C)(Cc1ccc(cc1)Cl)O)CC,CCN(CC)CCOc1ccc(C(O)(Cc2ccc(Cl)cc2)c2ccc(C)cc2)cc1,663.0,,
CN(C(CNC(=O)c1cccc2c1ccc1c2c2ccccc2s1)C)C,CC(CNC(=O)c1cccc2c1ccc1sc3ccccc3c12)N(C)C,421.0,2630.267992,
COc1ccc2c(c1)[Si](c1ccccc1)(c1ccccc1)c1c(N2)ccc(c1)OC,COc1ccc2c(c1)[Si](c1ccccc1)(c1ccccc1)c1cc(OC)ccc1N2,289.0,,
COc1ccc(cc1)c1ccc2c(c1)C(C)(C)C1(N2CC(=O)N1)C,COc1ccc(-c2ccc3c(c2)C(C)(C)C2(C)NC(=O)CN32)cc1,274.0,6500.0,THF
CO[Si](CCCSC(=O)c1ccc(cc1)c1ccccc1)(OC)OC,CO[Si](CCCSC(=O)c1ccc(-c2ccccc2)cc1)(OC)OC,290.0,123500.0,chloroform
COC(=O)c1c(ccc2c1nc1c3ccccc3c3c(c1n2)cccc3)C(=O)OC,COC(=O)c1ccc2nc3c4ccccc4c4ccccc4c3nc2c1C(=O)OC,404.0,,DMF
Cc1ccc(cc1)c1nc2c(nc1c1ccc(cc1)C)ccc1c2C(=O)c2ccccc2C1=O,Cc1ccc(-c2nc3ccc4c(c3nc2-c2ccc(C)cc2)C(=O)c2ccccc2C4=O)cc1,266.0,158489.3192,Hexane
Cc1cc(C)c(c(c1Cn1cncc1)C)Cn1cncc1,Cc1cc(C)c(Cn2ccnc2)c(C)c1Cn1ccnc1,236.0,,
Cc1ccc2c(n1)nc1c(c2)cccc1,Cc1ccc2cc3ccccc3nc2n1,368.0,,acetone
OCc1cc(Nc2cccc(c2)OC)c2c(c1N)C(=O)c1c(C2=O)cccc1,COc1cccc(Nc2cc(CO)c(N)c3c2C(=O)c2ccccc2C3=O)c1,610.0,,
Cc1ccc2c3c1ccc1c3c(cc2)c(cc1)C(=O)O,Cc1ccc2ccc3c(C(=O)O)ccc4ccc1c2c43,425.0,,
N#Cc1ccc(cc1)c1cnc(n1C)c1ccc(cc1)c1nc2c(n1C)cccc2,Cn1c(-c2ccc(C#N)cc2)cnc1-c1ccc(-c2nc3ccccc3n2C)cc1,328.0,39000.0,
Oc1cccnc1,Oc1cccnc1,319.0,,
COc1cc(c2ccc(cc2)C#N)c(cc1c1ccc(cc1)C#N)OC,COc1cc(-c2ccc(C#N)cc2)c(OC)cc1-c1ccc(C#N)cc1,424.0,,
N#Cc1ccc2c(c1)c1ccsc1cc2C,Cc1cc2sccc2c2cc(C#N)ccc12,264.0,,
N#Cc1c(N)nc(c(c1c1cccc(c1)[N+](=O)[O-])C#N)N,N#Cc1c(N)nc(N)c(C#N)c1-c1cccc([N+](=O)[O-])c1,337.0,,THF
CCn1c2ccc(cc2c2c1cccc2)C#Cc1cccs1,CCn1c2ccccc2c2cc(C#Cc3cccs3)ccc21,337.0,,
COC(=O)c1c(c2nc(C#N)c(nc2c2ccccc2)C#N)n2c(c1C(=O)OC)cc(cc2)C,COC(=O)c1c(C(=O)OC)c2cc(C)ccn2c1-c1nc(C#N)c(C#N)nc1-c1ccccc1,452.0,,THF
CN[C@H](C(=O)NC(=O)[C@@H](N[C@H](P(=O)(O)O)Cc1ccc(cc1)O)Cc1ccccc1)C(C)C,CN[C@H](C(=O)NC(=O)[C@H](Cc1ccccc1)N[C@@H](Cc1ccc(O)cc1)P(=O)(O)O)C(C)C,703.0,186208.7137,
Cc1ccc2c(c1)oc(=O)cc2c1cc(nc(c1)c1cc2c(oc1=O)ccc1c2cccc1)c1cc2c(oc1=O)ccc1c2cccc1,Cc1ccc2c(-c3cc(-c4cc5c(ccc6ccccc65)oc4=O)nc(-c4cc5c(ccc6ccccc65)oc4=O)c3)cc(=O)oc2c1,385.0,,chlorobenzene
Brc1cc(Nc2ccc(c(c2)S(=O)(=O)O)Nc2ccccc2)c2c(c1N)C(=O)c1c(C2=O)cccc1,Nc1c(Br)cc(Nc2ccc(Nc3ccccc3)c(S(=O)(=O)O)c2)c2c1C(=O)c1ccccc1C2=O,618.0,,
CC(=O)C(=NNc1ccccc1C(=O)O)C(=O)c1ccccc1,CC(=O)C(=NNc1ccccc1C(=O)O)C(=O)c1ccccc1,423.0,2930.0,
Oc1c(ccc2c1cccc2)N=Nc1ccc2c(c1S(=O)(=O)O)cccc2,O=S(=O)(O)c1c(N=Nc2ccc3ccccc3c2O)ccc2ccccc12,504.0,,
O=C1c2cc3ccc(cc3cc2C(=O)N1c1ccccc1)[N+](=O)[O-],O=C1c2cc3ccc([N+](=O)[O-])cc3cc2C(=O)N1c1ccccc1,375.0,,
COc1ccc(cc1)N(c1ccc2c(c1)cnc(n2)C=C(C(=O)O)C#N)c1ccc(cc1)OC,COc1ccc(N(c2ccc(OC)cc2)c2ccc3nc(C=C(C#N)C(=O)O)ncc3c2)cc1,438.0,,
CCOC(=O)c1cc2cc3cc(OC)ccc3nc2nc1C,CCOC(=O)c1cc2cc3cc(OC)ccc3nc2nc1C,370.0,,acetone
O=C(c1ccc(cc1)c1ccccc1)NCCC[Si]12OCCN(CCO1)CCO2,O=C(NCCC[Si]12OCCN(CCO1)CCO2)c1ccc(-c2ccccc2)cc1,276.0,,
Cn1c2cc3c(cc2c2c1cccc2)n(c1c3cccc1)C,Cn1c2ccccc2c2cc3c(cc21)c1ccccc1n3C,283.0,52268.0,
COc1c(sc(c1OC)c1nnc(o1)c1ccccc1)c1nnc(o1)c1ccccc1,COc1c(-c2nnc(-c3ccccc3)o2)sc(-c2nnc(-c3ccccc3)o2)c1OC,344.0,,
O=C1CCN2C(=C1)C(C)(C)c1c2ccc2c1cccc2,CC1(C)C2=CC(=O)CCN2c2ccc3ccccc3c21,261.0,31940.0,
OCc1c(nc2n1cccn2)c1ccc(cc1)C,Cc1ccc(-c2nc3ncccn3c2CO)cc1,240.0,,
CCOC(=O)C1=C(NC(=O)C1=Cc1cccs1)c1ccccc1,CCOC(=O)C1=C(c2ccccc2)NC(=O)C1=Cc1cccs1,544.0,19500.0,MTHF
CC1(C)CC(c2ccccc2)C(=NO1)CO[N+](=O)[O-],CC1(C)CC(c2ccccc2)C(CO[N+](=O)[O-])=NO1,203.0,,
N#Cc1nn(nc1N1CCN(CC1)c1ccccn1)c1ccc(cc1)OC,COc1ccc(-n2nc(C#N)c(N3CCN(c4ccccn4)CC3)n2)cc1,320.0,,
Oc1ccc(cc1O)C(c1ccc(c(c1)O)O)(C)C,CC(C)(c1ccc(O)c(O)c1)c1ccc(O)c(O)c1,224.0,,
CC(c1cc2ccc3c4c2c(c1)ccc4ccc3c1ccc2c3c1ccc1c3c(cc2)ccc1)(C)C,CC(C)(C)c1cc2ccc3ccc(-c4ccc5ccc6cccc7ccc4c5c67)c4ccc(c1)c2c34,350.0,,DMF
CCn1c2c(c3c1ccc(c3)c1ccccc1)c1c(c3c2c2cc(ccc2n3CC)c2ccccc2)c2c(n1CC)ccc(c2)c1ccccc1,CCn1c2ccc(-c3ccccc3)cc2c2c1c1c3cc(-c4ccccc4)ccc3n(CC)c1c1c3cc(-c4ccccc4)ccc3n(CC)c21,371.0,,
CCOC(=O)C1C(=O)C=C(CC1c1ccc(cc1)OC)c1ccco1,CCOC(=O)C1C(=O)C=C(c2ccco2)CC1c1ccc(OC)cc1,331.0,,
O=C1NNC(c2c1c1nc(c3ccccc3)c(nc1cc2)c1ccccc1)O,O=C1NNC(O)c2ccc3nc(-c4ccccc4)c(-c4ccccc4)nc3c21,367.0,,DMF
C1Cc2c(C1)nc1c(c2)cc2c(n1)cccc2,c1ccc2nc3nc4c(cc3cc2c1)CCC4,360.0,,DMF
CCCOC(=O)c1cnccc1C(=O)OCCC,CCCOC(=O)c1ccncc1C(=O)OCCC,396.0,,acetonitrile
CN(c1ccc(cc1)C=C([N+](=O)[O-])C#N)C,CN(C)c1ccc(C=C(C#N)[N+](=O)[O-])cc1,481.0,,
COc1ccc(cc1)C=Cc1ccc(cc1)c1nc(c(n1c1ccc(cc1)Cl)c1ccccc1)c1ccccc1,COc1ccc(C=Cc2ccc(-c3nc(-c4ccccc4)c(-c4ccccc4)n3-c3ccc(Cl)cc3)cc2)cc1,342.0,,
Brc1ccc(c2c1C(=O)c1ccccc1C2=O)N,Nc1ccc(Br)c2c1C(=O)c1ccccc1C2=O,482.0,,
Clc1ccccc1N=Nc1c(N)nn2c1nc(N)c(c2N)N=Nc1nc2c(s1)cccc2,Nc1nc2c(N=Nc3ccccc3Cl)c(N)nn2c(N)c1N=Nc1nc2ccccc2s1,498.0,,
CO[Si](CCCSC(=O)c1ccccn1)(OC)OC,CO[Si](CCCSC(=O)c1ccccn1)(OC)OC,265.0,123300.0,chloroform
Clc1nc(C#Cc2ccc(cc2)N(C)C)cc(n1)C#Cc1ccc(cc1)N(C)C,CN(C)c1ccc(C#Cc2cc(C#Cc3ccc(N(C)C)cc3)nc(Cl)n2)cc1,434.0,,chloroform
Clc1ccc(cc1)N=Nc1c(N)nc2n(c1N)nc(c2N=Nc1ccccc1)N,Nc1nc2c(N=Nc3ccccc3)c(N)nn2c(N)c1N=Nc1ccc(Cl)cc1,476.0,,
O=c1[nH][nH]c(=O)c2c1cc1nc3c(nc1c2)c1ccccc1c1c3cccc1,O=c1[nH][nH]c(=O)c2cc3nc4c5ccccc5c5ccccc5c4nc3cc12,411.0,,DMF
COc1cc2c(cc1Cl)c1c(n2C)cccc1,COc1cc2c(cc1Cl)c1ccccc1n2C,364.0,,
O=C(c1ccc(cc1)Cn1c2ccccc2c2c1cccc2)NN=Cc1ccccc1,O=C(NN=Cc1ccccc1)c1ccc(Cn2c3ccccc3c3ccccc32)cc1,295.0,,
c1ccc(cc1)NN=Cc1cccc2c1cccc2,C(=NNc1ccccc1)c1cccc2ccccc12,583.0,,
CCOC(=O)Cn1cc(C(=O)c2ccccc2Cc2ccccc2)c(=O)c2c1cccc2,CCOC(=O)Cn1cc(C(=O)c2ccccc2Cc2ccccc2)c(=O)c2ccccc21,467.0,,
ClCc1cc(=O)oc2c1cc1nc(oc1c2)c1cccc(c1)N(C)C,CN(C)c1cccc(-c2nc3cc4c(CCl)cc(=O)oc4cc3o2)c1,339.0,10471.28548,
Cc1ccc(cc1)N=Nc1c(=O)[nH]c2n(c1N)c1ccccc1n2,Cc1ccc(N=Nc2c(N)n3c(nc4ccccc43)[nH]c2=O)cc1,422.0,,Chloroform
Fc1ccc(cc1)n1nc(cc1NS(=O)(=O)c1cc(cc(c1)C(F)(F)F)C(F)(F)F)c1cccs1,O=S(=O)(Nc1cc(-c2cccs2)nn1-c1ccc(F)cc1)c1cc(C(F)(F)F)cc(C(F)(F)F)c1,543.0,,
C#Cc1c2ccccc2c(c2c1cccc2)C#C,C#Cc1c2ccccc2c(C#C)c2ccccc12,242.0,107375.0,
OCCN(c1ccc(cc1)C=C1C(=O)N(CC)C(=S)N(C1=O)CC)C,CCN1C(=O)C(=Cc2ccc(N(C)CCO)cc2)C(=O)N(CC)C1=S,504.0,75857.7575,DMF
CONc1c(cc(cc1[N+](=O)[O-])C(=O)NCC1COCCOCCOCCOCCOCCO1)[N+](=O)[O-],CONc1c([N+](=O)[O-])cc(C(=O)NCC2COCCOCCOCCOCCOCCO2)cc1[N+](=O)[O-],374.0,4365.158322,methanol
COc1cc2c3cc(OC)c(cc3c3c(c2cc1OC)cc(c(c3)C(=O)OC)C(=O)OC)OC,COC(=O)c1cc2c3cc(OC)c(OC)cc3c3cc(OC)c(OC)cc3c2cc1C(=O)OC,386.0,76000.0,
COc1ccc(s1)C=Cc1sc(c(c1[N+](=O)[O-])[N+](=O)[O-])C=Cc1ccc(s1)OC,COc1ccc(C=Cc2sc(C=Cc3ccc(OC)s3)c([N+](=O)[O-])c2[N+](=O)[O-])s1,488.0,25000.0,CH2Cl2 ( c 2 × 10–5 mol / l )
CC1(C)c2ccccc2C(c2c1cccc2)(C)C,CC1(C)c2ccccc2C(C)(C)c2ccccc21,256.0,,hexane
COc1cc(OC)ccc1C1(COC2C(=C1)c1ccccc1C=C2)c1ccc(cc1OC)OC,COc1ccc(C2(c3ccc(OC)cc3OC)C=C3c4ccccc4C=CC3OC2)c(OC)c1,486.0,,
COC(=O)c1cc2ccccc2cc1c1cc2ccccc2cc1C(=O)N[C@@H](C(C)(C)C)C,COC(=O)c1cc2ccccc2cc1-c1cc2ccccc2cc1C(=O)N[C@H](C)C(C)(C)C,227.0,21200.0,
Clc1cccc2c1C(=O)c1c(C2=O)cccc1Cl,O=C1c2cccc(Cl)c2C(=O)c2c(Cl)cccc21,339.0,,
COc1ccc(cc1)C(=O)OCc1ccc2c3c1cccc3c1c3c2cccc3ccc1,COc1ccc(C(=O)OCc2ccc3c4cccc5cccc(c6cccc2c63)c54)cc1,447.0,,
COc1ccc(cc1)c1nc(C#N)c(nc1c1ccc(cc1)OC)C#N,COc1ccc(-c2nc(C#N)c(C#N)nc2-c2ccc(OC)cc2)cc1,385.0,,
COc1ccc(cc1)C=CC(=O)O,COc1ccc(C=CC(=O)O)cc1,370.0,,
N#CC1=C2C(=NC1=O)c1c3c2ccc(c3ccc1)O,N#CC1=C2C(=NC1=O)c1cccc3c(O)ccc2c13,504.0,,
C(=Cc1ncnc(c1)C=CC=C1C=C(OC(=C1)c1ccccc1)c1ccccc1)C=C1C=C(OC(=C1)c1ccccc1)c1ccccc1,C(=Cc1cc(C=CC=C2C=C(c3ccccc3)OC(c3ccccc3)=C2)ncn1)C=C1C=C(c2ccccc2)OC(c2ccccc2)=C1,503.0,,dichloromethane
COc1ccc(cc1)c1cn2c(n1)cc(cc2)C=Cc1ccccc1,COc1ccc(-c2cn3ccc(C=Cc4ccccc4)cc3n2)cc1,433.0,28840.31503,Toluene
CNc1nn(nc1C#N)c1ccc(cc1)OC,CNc1nn(-c2ccc(OC)cc2)nc1C#N,329.0,,
COc1c(OC)c(C#Cc2ccc(cc2)OC)c2c(c1C#Cc1ccc(cc1)OC)nsn2,COc1ccc(C#Cc2c(OC)c(OC)c(C#Cc3ccc(OC)cc3)c3nsnc23)cc1,429.0,,
c1ccc2c(c1)c(C=Cc1cc3ccccc3c3c1cccc3)cc1c2cccc1,C(=Cc1cc2ccccc2c2ccccc12)c1cc2ccccc2c2ccccc12,340.0,,
c1ncc2c(n1)nc[nH]2,c1ncc2[nH]cnc2n1,226.0,,
CCOC(=O)c1c(O)c(N=Nc2ccc(cc2)OC)c2c(c1O)cccc2,CCOC(=O)c1c(O)c(N=Nc2ccc(OC)cc2)c2ccccc2c1O,485.0,,DMSO
Nc1nc2c(N=Nc3ccccc3)c(nn2c(c1N=Nc1ccccc1)N)N,Nc1nc2c(N=Nc3ccccc3)c(N)nn2c(N)c1N=Nc1ccccc1,465.0,,
c1cc(cc(c1)n1c2ccccc2c2c1cccc2)c1cccc(c1)n1c2ccccc2c2c1cccc2,c1cc(-c2cccc(-n3c4ccccc4c4ccccc43)c2)cc(-n2c3ccccc3c3ccccc32)c1,293.0,,
Clc1cccc(c1)n1cccc1,Clc1cccc(-n2cccc2)c1,311.0,,CHCl3
CC(c1ccc(cc1)C=c1oc(=Cc2ccccc2)c2c1cccc2)(C)C,CC(C)(C)c1ccc(C=c2oc(=Cc3ccccc3)c3ccccc23)cc1,375.0,30200.0,
FC1=C(O[C@@H]([C@H]1O[Si](C(C)(C)C)(C)C)CO[Si](C(C)(C)C)(C)C)n1ccc(=O)[nH]c1=O,CC(C)(C)[Si](C)(C)OC[C@H]1OC(n2ccc(=O)[nH]c2=O)=C(F)[C@@H]1O[Si](C)(C)C(C)(C)C,261.0,,MeOH
c1cc(C#Cc2ccc(cc2)n2c3ccccc3c3c2cccc3)c2c(c1)nsn2,C(#Cc1cccc2nsnc12)c1ccc(-n2c3ccccc3c3ccccc32)cc1,236.0,,
CCCSC(=O)c1ccc(cn1)C(=O)SCCC,CCCSC(=O)c1ccc(C(=O)SCCC)nc1,613.0,,acetonitrile
O=C(c1cc(C(=O)CC(=O)c2ccc(cc2)F)c(nc1C)C)CC(=O)c1ccc(cc1)F,Cc1nc(C)c(C(=O)CC(=O)c2ccc(F)cc2)cc1C(=O)CC(=O)c1ccc(F)cc1,340.0,37153.52291,
COc1ccc(cc1)n1c2cc(sc2c2c1cc(s2)C=C(C(=O)O)C#N)c1ccc(cc1)N(c1ccccc1)c1ccccc1,COc1ccc(-n2c3cc(C=C(C#N)C(=O)O)sc3c3sc(-c4ccc(N(c5ccccc5)c5ccccc5)cc4)cc32)cc1,610.0,,chloroform
OC(=O)c1ccc(cc1O)n1c(C)ccc1C,Cc1ccc(C)n1-c1ccc(C(=O)O)c(O)c1,385.0,,
CCN(c1ccc(c(c1)O)N=Nc1nc2c(s1)cc(cc2)C)CC,CCN(CC)c1ccc(N=Nc2nc3ccc(C)cc3s2)c(O)c1,532.0,49600.0,methanol
c1cc(cc(c1)n1c2ccccc2c2c1cccc2)c1noc(n1)c1cccc(c1)n1c2ccccc2c2c1cccc2,c1cc(-c2noc(-c3cccc(-n4c5ccccc5c5ccccc54)c3)n2)cc(-n2c3ccccc3c3ccccc32)c1,337.0,,
ClP(=O)(Oc1ccccc1)Oc1ccccc1,O=P(Cl)(Oc1ccccc1)Oc1ccccc1,419.0,398000.0,
C(=CC=C1C=C(OC(=C1)c1ccccc1)c1ccccc1)C=Cc1ccncn1,C(=CC=C1C=C(c2ccccc2)OC(c2ccccc2)=C1)C=Cc1ccncn1,469.0,,dichloromethane
COc1ccc(cc1)c1c([nH]c2c1cccc2)c1ccc(cc1)S(=O)(=O)NC(=O)C,COc1ccc(-c2c(-c3ccc(S(=O)(=O)NC(C)=O)cc3)[nH]c3ccccc23)cc1,256.0,,
Clc1ccc(cc1)n1c(nc(c1c1ccccc1)c1ccccc1)c1ccc(cc1)C=Cc1ccccc1,Clc1ccc(-n2c(-c3ccc(C=Cc4ccccc4)cc3)nc(-c3ccccc3)c2-c2ccccc2)cc1,339.0,,
c1ccc(cc1)C=Cc1ccc(cc1)c1nc(c(n1c1ccccc1)c1ccccc1)c1ccccc1,C(=Cc1ccc(-c2nc(-c3ccccc3)c(-c3ccccc3)n2-c2ccccc2)cc1)c1ccccc1,331.0,,
Oc1cc2ccccc2cc1O,Oc1cc2ccccc2cc1O,701.0,,
COC(=O)[C@H](Cc1ccc2c(c1)nc(o2)c1ncc[nH]1)NC(=O)OC(C)(C)C,COC(=O)[C@H](Cc1ccc2oc(-c3ncc[nH]3)nc2c1)NC(=O)OC(C)(C)C,322.0,,
O=C(c1cccs1)CC(=O)c1cccs1,O=C(CC(=O)c1cccs1)c1cccs1,370.0,,
COC(=O)COc1nc(sc1C)c1ccc2c(n1)c1ncccc1cc2,COC(=O)COc1nc(-c2ccc3ccc4cccnc4c3n2)sc1C,234.0,36812.89736,CH 3 CN
COc1ccc(cc1)C=NNC(=O)c1ccc(cc1)Cn1c2ccccc2c2c1cccc2,COc1ccc(C=NNC(=O)c2ccc(Cn3c4ccccc4c4ccccc43)cc2)cc1,319.0,,
c1csc(c1)c1ccc2c3c1ccc1c3c(cc2)c(cc1)c1cccs1,c1csc(-c2ccc3ccc4c(-c5cccs5)ccc5ccc2c3c54)c1,371.0,,chloroform
C1(C)c2cc(ccc2c2c1cccc2)C#Cc1ccc2c3c1ccc1c3c(cc2)c(cc1)C#Cc1ccc2c(c1)C(C)(C)c1c2cccc1,CC1c2ccccc2-c2ccc(C#Cc3ccc4ccc5c(C#Cc6ccc7c(c6)C(C)(C)c6ccccc6-7)ccc6ccc3c4c65)cc21,428.0,98900.0,
C1(C)c2cc3nc([nH]c3cc2c2c1cc1nc([nH]c1c2)c1ccc(cc1)C(F)(F)F)c1ccc(cc1)C(F)(F)F,CC1c2cc3nc(-c4ccc(C(F)(F)F)cc4)[nH]c3cc2-c2cc3[nH]c(-c4ccc(C(F)(F)F)cc4)nc3cc21,378.0,,
Cc1c(sc2c1sc(c2)C=O)c1nc2c(s1)cccc2,Cc1c(-c2nc3ccccc3s2)sc2cc(C=O)sc12,378.0,50000.0,
CCN1C(=O)C(=CC=c2c3cccc4c3c(n2Cc2ccccc2)ccc4)C(=O)N(C1=S)CC,CCN1C(=O)C(=CC=c2c3cccc4cccc(c43)n2Cc2ccccc2)C(=O)N(CC)C1=S,613.0,,EtOH
CCC1(CC)c2cc(ccc2c2c1cccc2)C1=C(c2ccc3c(c2)C(CC)(CC)c2c3cccc2)C(C(C1(F)F)(F)F)(F)F,CCC1(CC)c2ccccc2-c2ccc(C3=C(c4ccc5c(c4)C(CC)(CC)c4ccccc4-5)C(F)(F)C(F)(F)C3(F)F)cc21,353.0,,
N#Cc1ccc(cc1)c1cnc(n1C)c1ccc(cc1)c1nc2c(s1)cccc2,Cn1c(-c2ccc(C#N)cc2)cnc1-c1ccc(-c2nc3ccccc3s2)cc1,343.0,42000.0,
O[C@H]1C[C@@H](O[C@@H]1COP(=O)(OP(=O)(OP(=O)(O)O)O)O)n1cnc2c1ncnc2N,Nc1ncnc2c1ncn2[C@H]1C[C@H](O)[C@@H](COP(=O)(O)OP(=O)(O)OP(=O)(O)O)O1,519.0,,Toluene
Clc1cc(C=Nc2sc3c(n2)ccc(c3)C)c(c(c1)Cl)O,Cc1ccc2nc(N=Cc3cc(Cl)cc(Cl)c3O)sc2c1,273.0,44700.0,methanol
N#CC(=C1OC(=O)C(=C(c2cc(oc2C)C)C)C1=C(c1ccccc1)c1ccccc1)C#N,CC(=C1C(=O)OC(=C(C#N)C#N)C1=C(c1ccccc1)c1ccccc1)c1cc(C)oc1C,610.0,,
Clc1ccc(cc1)N=Nc1c([nH]c2n1nc(c2N=Nc1ccccc1)C)c1ccccc1,Cc1nn2c(N=Nc3ccc(Cl)cc3)c(-c3ccccc3)[nH]c2c1N=Nc1ccccc1,532.0,,dioxane
OC[C@H]1O[C@H](C[C@@]1(O)n1nnc(c1)CNC(=O)Cc1cc(=O)oc2c1c1ccccc1cc2)n1cc(C)c(=O)[nH]c1=O,Cc1cn([C@H]2C[C@@](O)(n3cc(CNC(=O)Cc4cc(=O)oc5ccc6ccccc6c45)nn3)[C@@H](CO)O2)c(=O)[nH]c1=O,350.0,,
O=C(c1cn(C)c2c(c1=O)c(F)c(c(c2)F)F)c1ccccc1Cc1ccccc1,Cn1cc(C(=O)c2ccccc2Cc2ccccc2)c(=O)c2c(F)c(F)c(F)cc21,473.0,,
Cc1ccsc1c1sc(c2c1cccc2)c1csc2c1cccc2,Cc1ccsc1-c1sc(-c2csc3ccccc23)c2ccccc12,455.0,,CH 2 Cl
O=c1cc(c2cc(nc(c2)c2cc3ccccc3oc2=O)c2cc3ccccc3oc2=O)c2c(o1)c1ccccc1cc2,O=c1cc(-c2cc(-c3cc4ccccc4oc3=O)nc(-c3cc4ccccc4oc3=O)c2)c2ccc3ccccc3c2o1,350.0,,chlorobenzene
O=C(C=Cc1ccc(cc1)O)C=Cc1ccc(cc1)O,O=C(C=Cc1ccc(O)cc1)C=Cc1ccc(O)cc1,376.0,53200.0,
CCOC(=O)C1=C(c2ccccc2)N(C(=O)C1=Cc1ccccc1)C,CCOC(=O)C1=C(c2ccccc2)N(C)C(=O)C1=Cc1ccccc1,409.0,8700.0,
Oc1ccccc1C1=NCCO1,Oc1ccccc1C1=NCCO1,250.0,,ethanol
Cc1ccc(cc1)c1ccc(cc1)O,Cc1ccc(-c2ccc(O)cc2)cc1,278.0,,
Clc1ccc(cc1)N=Nc1ccc(c2c1cccn2)O,Oc1ccc(N=Nc2ccc(Cl)cc2)c2cccnc12,406.0,,DMSO
OC[C@H]1O[C@@H](Oc2c(OC)cc3c(c2O)c(=O)c2c(o3)cc(c(c2)O)O)[C@@H]([C@H]([C@@H]1O)O)O,COc1cc2oc3cc(O)c(O)cc3c(=O)c2c(O)c1O[C@@H]1O[C@H](CO)[C@@H](O)[C@H](O)[C@H]1O,366.0,,
COc1ccc(cc1)C=Cc1ccn2c(c1)nc(c2)c1ccccc1,COc1ccc(C=Cc2ccn3cc(-c4ccccc4)nc3c2)cc1,384.0,38904.5145,Toluene
O=c1c2c3oc4ccccc4oc3c3c(c2c(=O)c2c1cccc2)oc1c(o3)cccc1,O=c1c2ccccc2c(=O)c2c3oc4ccccc4oc3c3oc4ccccc4oc3c12,414.0,,
Nc1ccc2c(c1)C(=O)NC2=O,Nc1ccc2c(c1)C(=O)NC2=O,458.0,,
C#Cc1cccc2c1cccc2C#Cc1cccc2c1cccc2N(C)C,C#Cc1cccc2c(C#Cc3cccc4c(N(C)C)cccc34)cccc12,397.0,23100.0,
COC(=O)c1cc2ccccc2cc1c1cc2ccccc2cc1C(=O)N[C@H](C(C)(C)C)C,COC(=O)c1cc2ccccc2cc1-c1cc2ccccc2cc1C(=O)N[C@@H](C)C(C)(C)C,226.8,21700.0,
ClCc1cc(=O)oc2c1cc1nc(oc1c2)c1cccc(c1)N,Nc1cccc(-c2nc3cc4c(CCl)cc(=O)oc4cc3o2)c1,340.0,7943.282347,
N#CC(=Cc1ccc(cc1)N=NC=C1N(C)c2c(C1(C)C)cccc2)C#N,CN1C(=CN=Nc2ccc(C=C(C#N)C#N)cc2)C(C)(C)c2ccccc21,540.0,,THF
Clc1cccc(c1)N=Nc1c(C)nc2n1nc(C)c1c2c(c2ccccc2)n(n1)c1ccccc1,Cc1nc2c3c(-c4ccccc4)n(-c4ccccc4)nc3c(C)nn2c1N=Nc1cccc(Cl)c1,404.0,,
CCN(c1ccc(c(c1)O)c1[nH]c2c(n1)ccc(c2)n1nc2c(n1)c1cc(ccc1cc2)S(=O)(=O)O)CC,CCN(CC)c1ccc(-c2nc3ccc(-n4nc5ccc6ccc(S(=O)(=O)O)cc6c5n4)cc3[nH]2)c(O)c1,379.0,,DMSO
OC[C@H]1O[C@H](C[C@@]1(O)n1nnc(c1)CNC(=O)Cc1cc(=O)oc2c1c(OC)cc(c2)OC)n1cc(C)c(=O)[nH]c1=O,COc1cc(OC)c2c(CC(=O)NCc3cn([C@]4(O)C[C@H](n5cc(C)c(=O)[nH]c5=O)O[C@@H]4CO)nn3)cc(=O)oc2c1,322.0,,
NN=C(C(=O)c1ccccc1O)c1[nH]ccc1,NN=C(C(=O)c1ccccc1O)c1ccc[nH]1,273.1,,
N#CC(=Cc1cccc2c1cccc2)c1ccc(cc1)N(c1ccccc1)c1ccccc1,N#CC(=Cc1cccc2ccccc12)c1ccc(N(c2ccccc2)c2ccccc2)cc1,400.0,,THF
N#Cc1ccc(cc1)C=C(c1ccccc1)c1ccccc1,N#Cc1ccc(C=C(c2ccccc2)c2ccccc2)cc1,321.0,,
C#Cn1c(ccc1c1cccs1)c1cccs1,C#Cn1c(-c2cccs2)ccc1-c1cccs1,309.0,,
[O-][N+](=O)c1cc2C(=CC=CC=CC=c3n(c4ccccc4)c4c(n3c3ccccc3)cccc4)c3c(c2c(c1)[N+](=O)[O-])c(cc(c3)[N+](=O)[O-])[N+](=O)[O-],O=[N+]([O-])c1cc2c(c([N+](=O)[O-])c1)-c1c(cc([N+](=O)[O-])cc1[N+](=O)[O-])C2=CC=CC=CC=C1N(c2ccccc2)c2ccccc2N1c1ccccc1,873.0,,Toluene
COc1sc(nc1C1=C(c2sccc2OC)C(C(C1(F)F)(F)F)(F)F)c1ccccc1,COc1ccsc1C1=C(c2nc(-c3ccccc3)sc2OC)C(F)(F)C(F)(F)C1(F)F,525.0,8500.0,
c1cnc2c(c1)cc[nH]2,c1cnc2[nH]ccc2c1,347.0,,
COc1cccc(c1)N1C=Cc2c(S1(=O)=O)sc(c2)S(=O)(=O)N,COc1cccc(N2C=Cc3cc(S(N)(=O)=O)sc3S2(=O)=O)c1,519.0,,
Fc1c2oc3ccccc3oc2c(c2c1c(=O)c1c(c2=O)c(O)ccc1O)F,O=c1c2c(O)ccc(O)c2c(=O)c2c(F)c3oc4ccccc4oc3c(F)c12,497.0,,
N#CC(=C1CC(C)(C)CC(=C(C#N)C#N)C1=Cc1ccc(cc1)N=NC=C1N(C)c2c(C1(C)C)cccc2)C#N,CN1C(=CN=Nc2ccc(C=C3C(=C(C#N)C#N)CC(C)(C)CC3=C(C#N)C#N)cc2)C(C)(C)c2ccccc21,429.0,,THF
N#CC(=Cc1cc(c(s1)C=Cc1ccc(cc1)N(c1ccccc1)c1ccccc1)C)C(=O)O,Cc1cc(C=C(C#N)C(=O)O)sc1C=Cc1ccc(N(c2ccccc2)c2ccccc2)cc1,517.0,,
COc1ccc(cc1)C#Cc1ccc(cc1)c1c(F)c(F)c(c(c1F)F)c1ccc(cc1)C#Cc1ccc(cc1)OC,COc1ccc(C#Cc2ccc(-c3c(F)c(F)c(-c4ccc(C#Cc5ccc(OC)cc5)cc4)c(F)c3F)cc2)cc1,330.0,,dichloromethane
COc1ccc(cc1)C(C(=O)C)Cl,COc1ccc(C(Cl)C(C)=O)cc1,337.0,,
COC(=O)Cc1cc(=O)oc2c1ccc(c2)O,COC(=O)Cc1cc(=O)oc2cc(O)ccc12,327.0,,
COC(=O)C=c1sc2=NC3=C(C(n2c1=O)c1ccccc1Cl)C3=Cc1ccccc1Cl,COC(=O)C=c1sc2n(c1=O)C(c1ccccc1Cl)C1=C(N=2)C1=Cc1ccccc1Cl,313.7,,
O=C(c1ccccc1)c1ccc(cc1)OCC(=C)C(=O)O,C=C(COc1ccc(C(=O)c2ccccc2)cc1)C(=O)O,289.0,,DMF
CCN1c2ccc(cc2Sc2c1ccc(c2)C=C(C(=O)O)C#N)c1ccc(cc1)O,CCN1c2ccc(C=C(C#N)C(=O)O)cc2Sc2cc(-c3ccc(O)cc3)ccc21,446.0,53250.0,
OC(=O)CN1C(=S)SC(=Cc2ccc(cc2)N(c2ccccc2)c2ccccc2)C1=O,O=C(O)CN1C(=O)C(=Cc2ccc(N(c3ccccc3)c3ccccc3)cc2)SC1=S,484.0,,
COc1ccc(cc1)C1(c2ccc(cc2)OC)c2ccc[n+](c2c2c1ccc[n+]2[O-])[O-],COc1ccc(C2(c3ccc(OC)cc3)c3ccc[n+]([O-])c3-c3c2ccc[n+]3[O-])cc1,320.0,,
C[Si]1(c2ccccc2)C(=C(C(=C1C#C[Si](c1ccccc1)(C)C)c1ccccc1)c1ccccc1)C#C[Si](c1ccccc1)(C)C,C[Si](C)(C#CC1=C(c2ccccc2)C(c2ccccc2)=C(C#C[Si](C)(C)c2ccccc2)[Si]1(C)c1ccccc1)c1ccccc1,210.0,,THF
O=c1oc2ccccc2c(c1N=Nc1scc(n1)c1ccccc1)O,O=c1oc2ccccc2c(O)c1N=Nc1nc(-c2ccccc2)cs1,293.0,,Ethanol
c1cnc2c(n1)cc1c(c2)nccn1,c1cnc2cc3nccnc3cc2n1,870.0,,
N#CC(=C1C=C(C=Cc2ccc(cc2)N(c2cccc3c2cccc3)c2ccc(cc2)c2nc3c(s2)cccc3)CC(C1)(C)C)C#N,CC1(C)CC(C=Cc2ccc(N(c3ccc(-c4nc5ccccc5s4)cc3)c3cccc4ccccc34)cc2)=CC(=C(C#N)C#N)C1,490.0,,
c1ccc(cc1)c1nc2c(o1)cc(cc2)c1ccc2c(c1)oc(n2)c1ccccc1,c1ccc(-c2nc3ccc(-c4ccc5nc(-c6ccccc6)oc5c4)cc3o2)cc1,330.0,56000.0,heptane
Clc1ccccc1N=Nc1nc2c(s1)cc(cc2)[N+](=O)[O-],O=[N+]([O-])c1ccc2nc(N=Nc3ccccc3Cl)sc2c1,352.0,,Methanol
OC(=O)c1ccc(c(c1)O)O,O=C(O)c1ccc(O)c(O)c1,290.0,,
O=C1CSC(=Nc2c3ccccc3nc3c2cccc3)N1N(c1ccccc1)c1ccccc1,O=C1CSC(=Nc2c3ccccc3nc3ccccc23)N1N(c1ccccc1)c1ccccc1,368.0,,
CN1c2ccc(cc2C(C1=CC1=C([O-])C(=CC2=[N+](C)c3c(C2(C)C)cc(cc3)c2ccccc2)C1=O)(C)C)c1ccccc1,CN1C(=CC2=C([O-])C(=CC3=[N+](C)c4ccc(-c5ccccc5)cc4C3(C)C)C2=O)C(C)(C)c2cc(-c3ccccc3)ccc21,658.5,,chloroform
c1ccc(cc1)C1(C=Cc2c(O1)ccc1c2cccc1)c1ccc(cc1)Oc1cccc2c1cccc2,C1=CC(c2ccccc2)(c2ccc(Oc3cccc4ccccc34)cc2)Oc2ccc3ccccc3c21,446.0,,
[N-]=[N+]=NCOc1ccc2c(c1)oc(=O)cc2C,Cc1cc(=O)oc2cc(OCN=[N+]=[N-])ccc12,321.0,14400.0,
O=C1N[C@@H]2[C@H](N1)[C@@H](SC2)COP(=O)(OC[C@H]1O[C@H]([C@@H]([C@@H]1O)O)n1cnc2c1ncnc2N)O,Nc1ncnc2c1ncn2[C@@H]1O[C@H](COP(=O)(O)OC[C@@H]2SC[C@@H]3NC(=O)N[C@@H]32)[C@@H](O)[C@H]1O,470.0,,
O=Cc1ccc(c(c1)O)O,O=Cc1ccc(O)c(O)c1,705.0,,
Cc1ccc2c(c1)c(=Cc1ccccc1)oc2=Cc1ccc(cc1)N(C)C,Cc1ccc2c(=Cc3ccc(N(C)C)cc3)oc(=Cc3ccccc3)c2c1,407.0,37700.0,
Clc1ccc(cc1)N=Nc1c(=O)[nH]c2n(c1N)c1ccccc1n2,Nc1c(N=Nc2ccc(Cl)cc2)c(=O)[nH]c2nc3ccccc3n12,400.0,,Chloroform
C(OC(C(=O)c1ccccc1)O)C,CCOC(O)C(=O)c1ccccc1,413.0,,Ethanol
CCn1c2ccc(cc2c2c1cccc2)c1ccc(s1)c1ccncn1,CCn1c2ccccc2c2cc(-c3ccc(-c4ccncn4)s3)ccc21,385.0,,MeCN
Cc1ccc(cc1)C=c1oc(=Cc2ccccc2)c2c1cccc2,Cc1ccc(C=c2oc(=Cc3ccccc3)c3ccccc23)cc1,373.0,25900.0,
O=C(c1ccc(cc1)C(=O)c1ccccc1)OC1=CC=CC(=COc2ccc(cc2)C=Cc2ccc(cc2)[N+](=O)[O-])C1,O=C(OC1=CC=CC(=COc2ccc(C=Cc3ccc([N+](=O)[O-])cc3)cc2)C1)c1ccc(C(=O)c2ccccc2)cc1,374.0,,THF
OCC1OC(CC1O)n1cnc2c1[nH]c(N)nc2=S,Nc1nc(=S)c2ncn(C3CC(O)C(CO)O3)c2[nH]1,470.0,,
Cc1nc(cc(n1)c1ccc(cc1)n1c2ccccc2c2c1cccc2)c1ccc(cc1)n1c2ccccc2c2c1cccc2,Cc1nc(-c2ccc(-n3c4ccccc4c4ccccc43)cc2)cc(-c2ccc(-n3c4ccccc4c4ccccc43)cc2)n1,286.0,,toluene
[O-][N+](=O)c1ccccc1c1scc2c1OCCO2,O=[N+]([O-])c1ccccc1-c1scc2c1OCCO2,345.0,,DCM
c1ccc(cc1)c1ccccc1c1ccc2c(c1)c(c1ccc3c(c1)cccc3)c1c(c2c2ccc3c(c2)cccc3)cccc1,c1ccc(-c2ccccc2-c2ccc3c(-c4ccc5ccccc5c4)c4ccccc4c(-c4ccc5ccccc5c4)c3c2)cc1,456.0,,
Cn1c2cc(ccc2c2c1cc(cc2)C=C(C(=O)O)C#N)c1ccc(cc1)N(c1ccc(cc1)C(C)(C)C)c1ccc(cc1)C(C)(C)C,Cn1c2cc(C=C(C#N)C(=O)O)ccc2c2ccc(-c3ccc(N(c4ccc(C(C)(C)C)cc4)c4ccc(C(C)(C)C)cc4)cc3)cc21,312.0,35800.0,
O=C1C(=Cc2ccccc2)N=C(N1Cc1ccccc1)c1ccccc1,O=C1C(=Cc2ccccc2)N=C(c2ccccc2)N1Cc1ccccc1,375.0,,
Nc1ccc(cc1)C1=C2C=CC(=N2)C(=c2ccc(=C(C3=NC(=C(c4[nH]c1cc4)c1ccccc1)C=C3)c1ccccc1)[nH]2)c1ccccc1,Nc1ccc(-c2c3nc(c(-c4ccccc4)c4ccc([nH]4)c(-c4ccccc4)c4nc(c(-c5ccccc5)c5ccc2[nH]5)C=C4)C=C3)cc1,420.0,488600.0,
[O-][N+](=O)c1ccc2c(c1)cc1c(n2)cc(cc1)Nc1nc2c(s1)cccc2,O=[N+]([O-])c1ccc2nc3cc(Nc4nc5ccccc5s4)ccc3cc2c1,437.0,,
COc1ccc2c(c1)c(cc(=O)o2)c1cc(nc(c1)c1cc2ccccc2oc1=O)c1cc2ccccc2oc1=O,COc1ccc2oc(=O)cc(-c3cc(-c4cc5ccccc5oc4=O)nc(-c4cc5ccccc5oc4=O)c3)c2c1,355.0,,chlorobenzene
Nc1ccc(cc1)S(=O)(=O)Nc1ccccc1,Nc1ccc(S(=O)(=O)Nc2ccccc2)cc1,202.0,,
S=c1sc(c(s1)c1c(C)sc2c1cccc2)c1c(C)sc2c1cccc2,Cc1sc2ccccc2c1-c1sc(=S)sc1-c1c(C)sc2ccccc12,580.0,,
CC(C1=CC(=CC=Cc2cnc3c(n2)cccc3)C=C(O1)C(C)(C)C)(C)C,CC(C)(C)C1=CC(=CC=Cc2cnc3ccccc3n2)C=C(C(C)(C)C)O1,470.0,,dichloromethane
Fc1c(F)c(F)c(c2c1cc1c(nn(c1n2)c1ccccc1)c1ccccc1)F,Fc1c(F)c(F)c2nc3c(cc2c1F)c(-c1ccccc1)nn3-c1ccccc1,415.0,,Toluene
O=c1ccn(c(=O)[nH]1)C1=C(c2ccccc2)[C@@H]([C@H](O1)CO[Si](C(C)(C)C)(C)C)O[Si](C(C)(C)C)(C)C,CC(C)(C)[Si](C)(C)OC[C@H]1OC(n2ccc(=O)[nH]c2=O)=C(c2ccccc2)[C@@H]1O[Si](C)(C)C(C)(C)C,253.0,,MeOH
CCn1c2ccc(cc2c2c1cccc2)c1c2ccccc2c(c2c1cc(cc2)C(C)(C)C)c1ccc2c(c1)c1ccccc1n2CC,CCn1c2ccccc2c2cc(-c3c4ccccc4c(-c4ccc5c(c4)c4ccccc4n5CC)c4cc(C(C)(C)C)ccc34)ccc21,455.0,,
c1ncc2c(n1)c1[nH]cnc1cc2,c1ncc2ccc3nc[nH]c3c2n1,482.0,,
Cc1ccc(cc1)c1cc2c(n1c1ccc3c(c1)C(C)(C)c1c3cccc1)ccc(c2)c1ccc(s1)c1ccc(s1)C=C(C(=O)O)C#N,Cc1ccc(-c2cc3cc(-c4ccc(-c5ccc(C=C(C#N)C(=O)O)s5)s4)ccc3n2-c2ccc3c(c2)C(C)(C)c2ccccc2-3)cc1,431.0,,
Cc1cc(cc(c1N)C)c1cc(C)c(c(c1)C)N,Cc1cc(-c2cc(C)c(N)c(C)c2)cc(C)c1N,543.0,,
CCCn1c(N=Nc2nc3c(s2)cccc3)ccc1c1cccs1,CCCn1c(N=Nc2nc3ccccc3s2)ccc1-c1cccs1,519.0,,DMSO
OCCN(c1ccc(cc1)N=Nc1ccc(cc1)C=O)CC,CCN(CCO)c1ccc(N=Nc2ccc(C=O)cc2)cc1,484.0,,
Oc1cc(ccc1O)C1(OS(=O)(=O)c2c1cccc2)c1ccc(c(c1)O)O,O=S1(=O)OC(c2ccc(O)c(O)c2)(c2ccc(O)c(O)c2)c2ccccc21,420.0,,
COC(=O)c1ccc(cc1)C(=O)OC,COC(=O)c1ccc(C(=O)OC)cc1,240.0,,
C=COCCN(c1ccccc1)N=Cc1ccc2c(c1)c1ccccc1n2CC,C=COCCN(N=Cc1ccc2c(c1)c1ccccc1n2CC)c1ccccc1,395.0,,
COc1ccc2c(c1)n(C)c1c([n+]2[O-])c(=O)nc(n1)c1ccccc1,COc1ccc2c(c1)n(C)c1nc(-c3ccccc3)nc(=O)c-1[n+]2[O-],522.0,24547.08916,
COc1ccc(c(c1)O)N=Cc1ccc(cc1)OC(=O)c1ccc2c(c1)nc(c(n2)c1ccc(c(c1)OC)OC)c1ccc(c(c1)OC)OC,COc1ccc(N=Cc2ccc(OC(=O)c3ccc4nc(-c5ccc(OC)c(OC)c5)c(-c5ccc(OC)c(OC)c5)nc4c3)cc2)c(O)c1,379.0,,
Cc1ccc(cc1)c1nn(c(c1N=Nc1ccc(cc1)S(=O)(=O)O)Nc1nc(Cl)nc(n1)Cl)c1ccccc1,Cc1ccc(-c2nn(-c3ccccc3)c(Nc3nc(Cl)nc(Cl)n3)c2N=Nc2ccc(S(=O)(=O)O)cc2)cc1,376.0,,
Cc1ccc(cc1)C1C2=C(Oc3c1c1cc(OCCCNCCCNc4ccnc5c4ccc(c5)Cl)ccc1cc3)CC(CC2=O)(C)C,Cc1ccc(C2C3=C(CC(C)(C)CC3=O)Oc3ccc4ccc(OCCCNCCCNc5ccnc6cc(Cl)ccc56)cc4c32)cc1,331.0,11000.0,methanol
COC(=O)CNP(=O)(C(C(=O)O)Cc1cccnc1)NCC(=O)OC,COC(=O)CNP(=O)(NCC(=O)OC)C(Cc1cccnc1)C(=O)O,322.0,,
COc1ccc(cc1)Cc1nnc2n1nc(s2)c1ccc(cc1)c1ccccc1,COc1ccc(Cc2nnc3sc(-c4ccc(-c5ccccc5)cc4)nn23)cc1,300.0,193000.0,DMSO
Ic1ccc(cc1)N=Nc1nc2c(s1)cc(cc2)[N+](=O)[O-],O=[N+]([O-])c1ccc2nc(N=Nc3ccc(I)cc3)sc2c1,371.0,,Methanol
Fc1ccc(cc1)c1[nH]c2c(c1c1ccc(cc1)S(=O)(=O)C)cccc2,CS(=O)(=O)c1ccc(-c2c(-c3ccc(F)cc3)[nH]c3ccccc23)cc1,238.0,,
COC(=O)c1c(ccc2c1nc(c1ccccc1)c(n2)c1ccccc1)C(=O)OC,COC(=O)c1ccc2nc(-c3ccccc3)c(-c3ccccc3)nc2c1C(=O)OC,355.0,,DMF
N#CC(=Cc1sc(c2c1OCCO2)c1ccc2c(c1)ccc(c2)OC)c1cccs1,COc1ccc2cc(-c3sc(C=C(C#N)c4cccs4)c4c3OCCO4)ccc2c1,377.0,,DCM
c1ccc2c(c1)n(c1ccc3c(c1)ccc(n3)Nc1ccc3c(n1)ccc(c3)n1c3ccccc3c3c1cccc3)c1c2cccc1,c1ccc2c(c1)c1ccccc1n2-c1ccc2nc(Nc3ccc4cc(-n5c6ccccc6c6ccccc65)ccc4n3)ccc2c1,457.0,,
Oc1ccc(c(c1)O)c1oc2cc(O)cc(c2c(=O)c1O)O,O=c1c(O)c(-c2ccc(O)cc2O)oc2cc(O)cc(O)c12,420.0,,
Clc1ccc(cc1)C=c1oc(=Cc2ccc(cc2)N(C)C)c2c1cccc2,CN(C)c1ccc(C=c2oc(=Cc3ccc(Cl)cc3)c3ccccc23)cc1,413.0,28500.0,
O=Cc1ccc2c(c1)Sc1c(N2)cccc1,O=Cc1ccc2c(c1)Sc1ccccc1N2,395.0,22861.0,DCM
c1csc(c1)c1ccc(s1)N=Nc1nc2c(s1)cccc2,c1csc(-c2ccc(N=Nc3nc4ccccc4s3)s2)c1,517.0,27990.0,Dioxane
c1ccc2c(c1)c(C=Cc1ccc(cc1)c1nnc(o1)c1c3ccccc3cc3c1cccc3)c1c(c2)cccc1,C(=Cc1c2ccccc2cc2ccccc12)c1ccc(-c2nnc(-c3c4ccccc4cc4ccccc34)o2)cc1,388.0,,
O=C(c1nccnc1C)C=Cc1ccc(cc1)OCc1ccccc1,Cc1nccnc1C(=O)C=Cc1ccc(OCc2ccccc2)cc1,310.0,,ethanol
CCN1C(=S)N(CC)C(=O)C(=CC=CC=CC=c2n(Cc3ccccc3)c3c4c2cccc4ccc3)C1=O,CCN1C(=O)C(=CC=CC=CC=c2c3cccc4cccc(c43)n2Cc2ccccc2)C(=O)N(CC)C1=S,806.0,,Toluene
Oc1ccc(cc1)N=Cc1cc(cc(c1O)C(C)(C)C)C(C)(C)C,CC(C)(C)c1cc(C=Nc2ccc(O)cc2)c(O)c(C(C)(C)C)c1,551.0,,
Cc1ccc2c(c1)sc(n2)N=Nc1c(N)nc2n(c1N)nc(c2N=Nc1nc2c(s1)cc(cc2)C)N,Cc1ccc2nc(N=Nc3c(N)nc4c(N=Nc5nc6ccc(C)cc6s5)c(N)nn4c3N)sc2c1,534.0,,
N#CC(=Cc1ccc(o1)c1ccc(cc1)N(c1ccc(c(c1)OC)OC)c1ccc(c(c1)OC)OC)C(=O)O,COc1ccc(N(c2ccc(-c3ccc(C=C(C#N)C(=O)O)o3)cc2)c2ccc(OC)c(OC)c2)cc1OC,504.0,31260.0,
COc1cccc(c1)C=NNC(=O)CSc1nnc(n1CC)c1ccco1,CCn1c(SCC(=O)NN=Cc2cccc(OC)c2)nnc1-c1ccco1,550.0,12302.68771,DMF
C#Cc1ccc(cc1)Oc1ccc(cc1)C#C,C#Cc1ccc(Oc2ccc(C#C)cc2)cc1,280.26,,
CCOC(=O)C(=C1C=C(C=Cc2ccc(cc2OC)N(c2cccc(c2)OC)c2cccc(c2)OC)CC(C1)(C)C)C#N,CCOC(=O)C(C#N)=C1C=C(C=Cc2ccc(N(c3cccc(OC)c3)c3cccc(OC)c3)cc2OC)CC(C)(C)C1,496.0,,
N#CC(=CNc1cccc(c1)F)C(=O)OC,COC(=O)C(C#N)=CNc1cccc(F)c1,324.0,,DMSO
CCOC(=O)c1cc(n2c1cccn2)C(=O)c1ccc(cc1)F,CCOC(=O)c1cc(C(=O)c2ccc(F)cc2)n2ncccc12,442.0,,ethanol
Cc1cc(c(s1)C)C1=C(C(=O)CC1)c1c(C)sc2c1cccc2,Cc1cc(C2=C(c3c(C)sc4ccccc34)C(=O)CC2)c(C)s1,290.0,,
Nc1ccc2c(c1)C(=O)N(C2=O)CCc1ccccn1,Nc1ccc2c(c1)C(=O)N(CCc1ccccn1)C2=O,474.0,,
Cn1cc(c2c1cccc2)C=C(c1ccc(s1)C=C(C(=O)O)C#N)C#N,Cn1cc(C=C(C#N)c2ccc(C=C(C#N)C(=O)O)s2)c2ccccc21,495.0,79000.0,chloroform
Fc1c2sc3ccccc3[nH]c2c2c(c1F)c(=O)c1c(c2=O)c(Cl)ccc1Cl,O=c1c2c(Cl)ccc(Cl)c2c(=O)c2c1c(F)c(F)c1sc3ccccc3[nH]c12,582.0,,
O=C1CC(C)(C)CC(=O)C1=NNc1ccccc1C(=O)O,CC1(C)CC(=O)C(=NNc2ccccc2C(=O)O)C(=O)C1,442.0,4970.0,Water
C1(C)c2cc(ccc2c2c1cc1nc3c4cccc5c4c4c(c3nc1c2)cccc4cc5)c1cccc2c1cccc2,CC1c2cc(-c3cccc4ccccc34)ccc2-c2cc3nc4c5cccc6ccc7cccc(c4nc3cc21)c7c65,425.0,,DMSO
[O-][N+](=O)c1ccc(cc1)C=NN=Cc1cccs1,O=[N+]([O-])c1ccc(C=NN=Cc2cccs2)cc1,342.0,,dioxane
Oc1c(sc(c1O)c1nc2c(o1)cccc2)c1nc2c(o1)cccc2,Oc1c(-c2nc3ccccc3o2)sc(-c2nc3ccccc3o2)c1O,394.0,,
COC(=O)c1n2nc(ccc2c(c1C(=O)OC)C(=O)OC)c1ccc(cc1)Cl,COC(=O)c1c(C(=O)OC)c2ccc(-c3ccc(Cl)cc3)nn2c1C(=O)OC,344.0,,acetonitrile
N#CC(=C1OC(C(=C1C#N)C=Cc1ccc(cc1)N=NC=C1N(C)c2c(C1(C)C)cccc2)(C)C)C#N,CN1C(=CN=Nc2ccc(C=CC3=C(C#N)C(=C(C#N)C#N)OC3(C)C)cc2)C(C)(C)c2ccccc21,590.0,,THF
N#CC(=Cc1ccc(cc1)N(c1ccc(cc1)C#Cc1cccnc1)c1ccc(cc1)C#Cc1cccnc1)C(=O)O,N#CC(=Cc1ccc(N(c2ccc(C#Cc3cccnc3)cc2)c2ccc(C#Cc3cccnc3)cc2)cc1)C(=O)O,443.0,100000.0,
COc1cc(C#Cc2ccc(cc2)C#C[Si](C)(C)C)c(cc1C#Cc1ccc(cc1)C#C[Si](C)(C)C)OC,COc1cc(C#Cc2ccc(C#C[Si](C)(C)C)cc2)c(OC)cc1C#Cc1ccc(C#C[Si](C)(C)C)cc1,256.0,,
O=C(C(c1ccccc1)NC1=CC(=O)C(=CC1=O)C)NC1C(=O)N2[C@@H]1SC([C@@H]2C(=O)O)(C)C,CC1=CC(=O)C(NC(C(=O)NC2C(=O)N3[C@@H]2SC(C)(C)[C@@H]3C(=O)O)c2ccccc2)=CC1=O,277.0,,
C(CN(c1ccc2c(c1)nn(n2)c1ccccc1)CC(C)CC)CC,CCCCN(CC(C)CC)c1ccc2nn(-c3ccccc3)nc2c1,632.0,38018.93963,
O=C1CC(=O)C(=C1P(c1ccccc1)c1ccccc1)P(c1ccccc1)c1ccccc1,O=C1CC(=O)C(P(c2ccccc2)c2ccccc2)=C1P(c1ccccc1)c1ccccc1,374.0,,CH2Cl2
CCN(c1ccc(cc1)C=Cc1cc(C#N)c(cc1C#N)C=Cc1ccc(cc1)N(CC)CC)CC,CCN(CC)c1ccc(C=Cc2cc(C#N)c(C=Cc3ccc(N(CC)CC)cc3)cc2C#N)cc1,488.0,65500.0,
CCN(c1ccc(cc1)c1ccc2c(c1)c1nc3c(nc1cc2)c1cccnc1c1c3cccn1)CC,CCN(CC)c1ccc(-c2ccc3ccc4nc5c6cccnc6c6ncccc6c5nc4c3c2)cc1,522.0,,TFA
Nc1cccc2c1C(=O)c1cccc(c1C2=O)N,Nc1cccc2c1C(=O)c1cccc(N)c1C2=O,492.0,,
COc1cccc(c1)Nc1nc2c(n1CCc1ccc(cc1)Cl)cc1c(c2)c(C)c(c(=O)o1)C(=O)N,COc1cccc(Nc2nc3cc4c(C)c(C(N)=O)c(=O)oc4cc3n2CCc2ccc(Cl)cc2)c1,354.0,,ethanol
c1ccc(cc1)c1c(nc(n1c1ccccc1)c1ccc(cc1)C=Cc1cccs1)c1ccccc1,C(=Cc1cccs1)c1ccc(-c2nc(-c3ccccc3)c(-c3ccccc3)n2-c2ccccc2)cc1,350.0,,
Clc1ccc(c(c1)Cl)N=Nc1ccc(c2c1cccn2)O,Oc1ccc(N=Nc2ccc(Cl)cc2Cl)c2cccnc12,410.0,,
C=Cc1ccc(cc1)CNc1ccc2c(c1)C(=O)c1c(C2=O)cccc1,C=Cc1ccc(CNc2ccc3c(c2)C(=O)c2ccccc2C3=O)cc1,311.0,,
COC(=O)c1n2nc(ccc2c(c1C(=O)OC)C(=O)OC)c1ccc(cc1)F,COC(=O)c1c(C(=O)OC)c2ccc(-c3ccc(F)cc3)nn2c1C(=O)OC,449.0,,MeOH
COc1ccc(cc1)C#Cc1c(C#Cc2ccc(cc2)OC)c(C#Cc2ccc(cc2)OC)c(c(c1C#Cc1ccc(cc1)OC)F)F,COc1ccc(C#Cc2c(F)c(F)c(C#Cc3ccc(OC)cc3)c(C#Cc3ccc(OC)cc3)c2C#Cc2ccc(OC)cc2)cc1,396.0,,
OC(=O)c1ccccc1C(=O)c1c2cc(ccn2c2c1C(=O)c1ccccc1C2=O)C(C)(C)C,CC(C)(C)c1ccn2c3c(c(C(=O)c4ccccc4C(=O)O)c2c1)C(=O)c1ccccc1C3=O,507.0,7048.0,DMF
Brc1cc2c(=O)c(=O)c3c4c2c(c1)c(=O)c(=O)c4cc(c3)Br,O=c1c(=O)c2cc(Br)cc3c2-c2c1cc(Br)cc2c(=O)c3=O,290.0,,DMF
COc1c(Cl)cc2c(c1Cl)n(C)c1c2cc(cc1)Cl,COc1c(Cl)cc2c3cc(Cl)ccc3n(C)c2c1Cl,382.0,,
c1ccc(cc1)N(c1ccccc1)c1ccc(cc1)C=C(c1[nH]nnn1)c1[nH]nnn1,C(=C(c1nnn[nH]1)c1nnn[nH]1)c1ccc(N(c2ccccc2)c2ccccc2)cc1,467.0,,
Cc1ccc(cc1)N=C1C(=Nc2ccc(cc2)C)N=c2n1cccc2,Cc1ccc(N=C2N=C3C=CC=CN3C2=Nc2ccc(C)cc2)cc1,585.0,,THF
N#CC(=Cc1ccc(s1)C=Cc1ccc(cc1)N1c2ccccc2CCc2c1cccc2)C(=O)O,N#CC(=Cc1ccc(C=Cc2ccc(N3c4ccccc4CCc4ccccc43)cc2)s1)C(=O)O,467.0,,
CN1c2ccc(cc2Sc2c1ccc(c2)C=Cc1cc(=O)oc2c1ccc(c2)C)C=Cc1cc(=O)oc2c1ccc(c2)C,Cc1ccc2c(C=Cc3ccc4c(c3)Sc3cc(C=Cc5cc(=O)oc6cc(C)ccc56)ccc3N4C)cc(=O)oc2c1,441.0,,chloroform
COc1ccc2c(c1)[nH]c1c(c2)c(=O)nc(n1)c1ccccc1,COc1ccc2cc3c(=O)nc(-c4ccccc4)nc-3[nH]c2c1,374.0,75857.7575,
Clc1ccc2c(c1)nccc2n1nnc(c1C)C(=O)C=Cc1ccc2c(c1)OCO2,Cc1c(C(=O)C=Cc2ccc3c(c2)OCO3)nnn1-c1ccnc2cc(Cl)ccc12,236.0,,methanol
Oc1ccc(c2c1nccc2)N=Nc1scc(n1)c1ccccc1,Oc1ccc(N=Nc2nc(-c3ccccc3)cs2)c2cccnc12,570.0,,DMSO
Oc1ccc(cc1)C=NNC(=O)c1ccc(cc1)Cn1c2ccccc2c2c1cccc2,O=C(NN=Cc1ccc(O)cc1)c1ccc(Cn2c3ccccc3c3ccccc32)cc1,321.0,,
OC1CC(OC1COP(=O)(O)O)n1ccc(nc1=O)N,Nc1ccn(C2CC(O)C(COP(=O)(O)O)O2)c(=O)n1,271.0,8879.0,
CCOC(=O)C(=CNc1cccc(c1)F)C#N,CCOC(=O)C(C#N)=CNc1cccc(F)c1,321.0,,DMSO
CCOC(=O)Cc1cc(=O)oc2c1ccc(c2)O,CCOC(=O)Cc1cc(=O)oc2cc(O)ccc12,500.0,,
c1ccc(cc1)C1(C=Cc2c(O1)ccc1c2ccc(c1)C=Cc1cc2ccccc2c2c1OC(C=C2)(c1ccccc1)c1ccccc1)c1ccccc1,C(=Cc1cc2ccccc2c2c1OC(c1ccccc1)(c1ccccc1)C=C2)c1ccc2c3c(ccc2c1)OC(c1ccccc1)(c1ccccc1)C=C3,446.0,,
O=C(c1ccccn1)NCCC[Si]12OCCN(CCO1)CCO2,O=C(NCCC[Si]12OCCN(CCO1)CCO2)c1ccccn1,245.0,,
OC[C@H]1O[C@H](C[C@@H]1O)n1cc(c2ccco2)c(=O)[nH]c1=O,O=c1[nH]c(=O)n([C@H]2C[C@H](O)[C@@H](CO)O2)cc1-c1ccco1,316.0,,EtOAc
N#Cc1ccc(cc1)Cn1c(C=Cc2ccco2)nc(c1c1ccco1)c1ccco1,N#Cc1ccc(Cn2c(C=Cc3ccco3)nc(-c3ccco3)c2-c2ccco2)cc1,346.0,,
Cc1cccc(c1)Cl,Cc1cccc(Cl)c1,266.0,,
COc1ccc(cc1)C=c1oc(=Cc2ccccc2)c2c1cccc2,COc1ccc(C=c2oc(=Cc3ccccc3)c3ccccc23)cc1,376.0,31000.0,
C1(C)c2cc(ccc2c2c1cc(cc2)n1c2ccccc2c2c1cccc2)c1ccc(cc1)C#N,CC1c2cc(-c3ccc(C#N)cc3)ccc2-c2ccc(-n3c4ccccc4c4ccccc43)cc21,346.0,,
N#CC(=Cc1ccc(cc1)c1ccc(cc1)N(c1ccc(cc1)C)c1ccc(cc1)C)C#N,Cc1ccc(N(c2ccc(C)cc2)c2ccc(-c3ccc(C=C(C#N)C#N)cc3)cc2)cc1,531.0,,
Nc1nc2nc[nH]c2c(=S)[nH]1,Nc1nc2nc[nH]c2c(=S)[nH]1,340.0,,
COc1nc(Nc2ccc3c(c2)cc2c(c3)cccc2)nc(n1)OC,COc1nc(Nc2ccc3cc4ccccc4cc3c2)nc(OC)n1,398.0,,"1,4-dioxane"
N#Cc1c(C#N)c2ccc3c(c2c2c1ccc1c2c2ccccc2cc1)c1ccccc1cc3,N#Cc1c(C#N)c2ccc3ccc4ccccc4c3c2c2c1ccc1ccc3ccccc3c12,268.0,,dichloromethane
N#Cc1cc(Nc2cccc3c2cccc3)c2c(c1N)C(=O)c1c(C2=O)cccc1,N#Cc1cc(Nc2cccc3ccccc23)c2c(c1N)C(=O)c1ccccc1C2=O,630.0,,
N#CC(=Cc1cccc2c1cccc2)c1ccc(cc1)N(c1cccc2c1cccc2)c1ccccc1,N#CC(=Cc1cccc2ccccc12)c1ccc(N(c2ccccc2)c2cccc3ccccc23)cc1,395.0,,THF
CN1c2cccc(c2Sc2c1cccc2)C=Nc1ccc2c(c1)cccc2,CN1c2ccccc2Sc2c(C=Nc3ccc4ccccc4c3)cccc21,321.0,18215.0,DCM
N#Cc1nc(c2ccc(cc2)O)c(nc1C#N)c1ccc(cc1)O,N#Cc1nc(-c2ccc(O)cc2)c(-c2ccc(O)cc2)nc1C#N,388.0,,
CN(c1ccc2c(c1)oc1c2C(=O)C(c2c1cccc2)(Cc1ccccc1)Cc1ccccc1)C,CN(C)c1ccc2c3c(oc2c1)-c1ccccc1C(Cc1ccccc1)(Cc1ccccc1)C3=O,546.0,,Acetonitrile
O=c1[nH]c(=O)c2c([nH]1)nn[nH]2,O=c1[nH]c(=O)c2[nH]nnc2[nH]1,420.0,,
OC[C@H]1O[C@H](C[C@@]1(O)n1nnc(c1)COc1ccc2c(c1)oc(=O)cc2)n1cc(C)c(=O)[nH]c1=O,Cc1cn([C@H]2C[C@@](O)(n3cc(COc4ccc5ccc(=O)oc5c4)nn3)[C@@H](CO)O2)c(=O)[nH]c1=O,320.0,,
c1ccc(cc1)c1nc2cc3[N-]c4ccccc4[N+](=c3cc2n(n1)c1ccccc1)c1ccccc1,c1ccc(C2=NN(c3ccccc3)c3cc4c(cc3=N2)[N-]c2ccccc2[N+]=4c2ccccc2)cc1,635.0,,
O=c1ccc2c(o1)ccc(c2)N=Cc1ccccc1,O=c1ccc2cc(N=Cc3ccccc3)ccc2o1,319.0,12400.0,
S=C(Nc1ccc(cc1)C(F)(F)F)NCc1c2ccccc2cc2c1cccc2,FC(F)(F)c1ccc(NC(=S)NCc2c3ccccc3cc3ccccc23)cc1,430.0,8400.0,DMSO
Oc1nc(sc1c1ccccc1)c1ccccc1,Oc1nc(-c2ccccc2)sc1-c1ccccc1,362.0,,Dioxane
CCN(c1ccc(cc1)C=Nc1nc(C#N)c(nc1C#N)N)CC,CCN(CC)c1ccc(C=Nc2nc(C#N)c(N)nc2C#N)cc1,420.0,44400.0,
CCOC(=O)C1=C(c2ccccc2)N(C(=O)C1=CC=Cc1ccccc1)C,CCOC(=O)C1=C(c2ccccc2)N(C)C(=O)C1=CC=Cc1ccccc1,435.0,20200.0,
Cc1ccc(cc1)N=Nc1c(nc2n1nc(C)c1c2c(c2ccccc2)n(n1)c1ccccc1)c1ccc2c(c1)cccc2,Cc1ccc(N=Nc2c(-c3ccc4ccccc4c3)nc3c4c(-c5ccccc5)n(-c5ccccc5)nc4c(C)nn23)cc1,430.0,,
C(CN1c2ccc(cc2Sc2c1cccc2)C=Cc1cccc(c1)C=Cc1ccc2c(c1)Sc1c(N2CC(C)CC)cccc1)CC,CCCCN1c2ccccc2Sc2cc(C=Cc3cccc(C=Cc4ccc5c(c4)Sc4ccccc4N5CC(C)CC)c3)ccc21,504.0,,
CCC(=O)NC1=CC(=O)C(=O)c2c1cccc2,CCC(=O)NC1=CC(=O)C(=O)c2ccccc21,267.0,,ethanol
O=c1oc2ccccc2cc1N,Nc1cc2ccccc2oc1=O,259.0,30984.0,DMSO
N#Cc1ccc2c(c1)c1ccccc1c(c2)C#N,N#Cc1ccc2cc(C#N)c3ccccc3c2c1,315.0,,
CCOC(=O)c1cc2c(n1C)c1[nH]c(=O)c(cc1CC2)S(=O)(=O)c1ccccc1,CCOC(=O)c1cc2c(n1C)-c1[nH]c(=O)c(S(=O)(=O)c3ccccc3)cc1CC2,381.0,41576.0,
O=C1OC(=O)c2c3c1cccc3ccc2,O=C1OC(=O)c2cccc3cccc1c23,342.0,,MOPS
CN1c2ccc(cc2Sc2c1ccc(c2)C=C(C(=O)O)C#N)c1ccc(cc1)N(c1ccc(cc1)C=C(C(=O)O)C#N)c1ccccc1,CN1c2ccc(C=C(C#N)C(=O)O)cc2Sc2cc(-c3ccc(N(c4ccccc4)c4ccc(C=C(C#N)C(=O)O)cc4)cc3)ccc21,442.0,42000.0,
COC(=O)[C@H](Cc1ccc2c(c1)nc(o2)c1cnc2c(c1)cccc2)NC(=O)OC(C)(C)C,COC(=O)[C@H](Cc1ccc2oc(-c3cnc4ccccc4c3)nc2c1)NC(=O)OC(C)(C)C,344.0,,
O1CCN(CC1)c1ccc(c2c1nsn2)C=Cc1ccncc1,C(=Cc1ccc(N2CCOCC2)c2nsnc12)c1ccncc1,454.0,20900.0,
c1ccc(cc1)c1nnc(o1)c1ccn2c(c1)cc(n2)c1ccc2c(c1)cccc2,c1ccc(-c2nnc(-c3ccn4nc(-c5ccc6ccccc6c5)cc4c3)o2)cc1,351.0,,Cyclohexane
O=Cc1ccc(cc1)N(C)C,CN(C)c1ccc(C=O)cc1,352.0,,ethanol
Cc1cc(O)c(cc1C1(OS(=O)(=O)c2c1cccc2)c1cc(C(C)C)c(cc1C)O)C(C)C,Cc1cc(O)c(C(C)C)cc1C1(c2cc(C(C)C)c(O)cc2C)OS(=O)(=O)c2ccccc21,596.0,,
Cc1ccc(cc1)C(=C(C#N)C#N)C(=c1ccc(=C(C#N)C#N)cc1)c1ccc(cc1)N(C)C,Cc1ccc(C(=C(C#N)C#N)C(c2ccc(N(C)C)cc2)=c2ccc(=C(C#N)C#N)cc2)cc1,706.0,,
O[C@H]1CC(=O)O[C@@H](C1)C=Cc1c(nc(cc1c1ccc(cc1)F)c1ccccc1)C(C)C,CC(C)c1nc(-c2ccccc2)cc(-c2ccc(F)cc2)c1C=C[C@@H]1C[C@@H](O)CC(=O)O1,244.0,,
Fc1ccc(cc1)c1ccn(c1)C,Cn1ccc(-c2ccc(F)cc2)c1,264.0,12360.0,
C#CCCn1c(ccc1c1cccs1)c1cccs1,C#CCCn1c(-c2cccs2)ccc1-c1cccs1,309.0,,
c1ccc(cc1)c1nc2c(n1c1ccc(cc1)c1cccnc1)c1ccccc1c1c2cccc1,c1ccc(-c2nc3c4ccccc4c4ccccc4c3n2-c2ccc(-c3cccnc3)cc2)cc1,360.0,,
COc1ccc2c(c1)cc(c1c2C=CC2(O1)N(CC(C)C)c1c(C2(C)C)cccc1)c1nc(c(o1)c1ccccc1)c1ccccc1,COc1ccc2c3c(c(-c4nc(-c5ccccc5)c(-c5ccccc5)o4)cc2c1)OC1(C=C3)N(CC(C)C)c2ccccc2C1(C)C,396.0,,Toluene
OCc1ccc2c(n1)c(Br)cc(c2)C#Cc1ccc(cc1)N(c1ccccc1)c1ccccc1,OCc1ccc2cc(C#Cc3ccc(N(c4ccccc4)c4ccccc4)cc3)cc(Br)c2n1,379.0,27000.0,
Cc1onc(c1)N=Nc1ccc(c2c1cccn2)O,Cc1cc(N=Nc2ccc(O)c3ncccc23)no1,490.0,,Methanol
S=C(Nc1ccccc1)Nc1ccc(cc1)c1nnc(s1)Nc1ccc(cc1)Cl,S=C(Nc1ccccc1)Nc1ccc(-c2nnc(Nc3ccc(Cl)cc3)s2)cc1,453.0,,
c1ccc(cc1)C1(C=Cc2c(O1)ccc1c2cccc1)c1ccccc1,C1=CC(c2ccccc2)(c2ccccc2)Oc2ccc3ccccc3c21,425.0,,toluene
Clc1ccc(c(c1)C=Nc1ccccc1)O,Oc1ccc(Cl)cc1C=Nc1ccccc1,602.0,,
CC(=O)C(=NNc1ccccc1C(=O)O)C(=O)C,CC(=O)C(=NNc1ccccc1C(=O)O)C(C)=O,416.0,4230.0,
COc1ccc2c(c1)cc1c(n2)nc(c(c1)C(=O)C)C,COc1ccc2nc3nc(C)c(C(C)=O)cc3cc2c1,375.0,,acetone
COC(=O)[C@H](Cc1c[nH]c2c1cccc2)NC(=O)CNC(=O)C(F)(F)F,COC(=O)[C@H](Cc1c[nH]c2ccccc12)NC(=O)CNC(=O)C(F)(F)F,284.0,,
Nc1ccc(c2c1C(=O)c1ccccc1C2=O)N,Nc1ccc(N)c2c1C(=O)c1ccccc1C2=O,544.0,11220.0,acetonitrile
CC(=O)N=c1nc2c3ccccc3ncn2c2c1cccc2,CC(=O)N=c1nc2c3ccccc3ncn2c2ccccc12,390.0,,Cl
Cn1c(=O)c2ccc(c3c2c(c1=O)ccc3)c1ccc(s1)c1ccc2c3c1cccc3c(=O)n(c2=O)C,CN1C(=O)c2cccc3c(-c4ccc(-c5ccc6c7c(cccc57)C(=O)N(C)C6=O)s4)ccc(c23)C1=O,399.0,,
CCNc1c2nc3c(F)c(F)c(c(c3nc2c(c(c1C(F)(F)F)F)F)F)C(F)(F)F,CCNc1c(C(F)(F)F)c(F)c(F)c2nc3c(F)c(C(F)(F)F)c(F)c(F)c3nc12,536.0,,
CCOC(=O)c1c(N)sc(c1c1ccccc1)N=Nc1ccc(cc1)C#N,CCOC(=O)c1c(N)sc(N=Nc2ccc(C#N)cc2)c1-c1ccccc1,501.0,,DMSO
c1ccc2c(c1)[nH]nn2,c1ccc2[nH]nnc2c1,312.0,2447.0,
ClC(C(c1ccc(cc1)Cl)c1ccc(cc1)Cl)(Cl)Cl,Clc1ccc(C(c2ccc(Cl)cc2)C(Cl)(Cl)Cl)cc1,512.0,48639.0,
CCc1cccc(c1N=Cc1cc(C)cc(c1O)C(c1ccccc1)c1ccccc1)CC,CCc1cccc(CC)c1N=Cc1cc(C)cc(C(c2ccccc2)c2ccccc2)c1O,347.0,,Toluene
C#Cc1ccc(s1)C#C,C#Cc1ccc(C#C)s1,305.0,,
Cln1nc(Nc2ccc(cc2)S(=O)(=O)O)cc([nH]1)Nc1ccc2c(c1)c(O)c(c(c2)S(=O)(=O)O)N=Nc1ccc(cc1)S(=O)(=O)O,O=S(=O)(O)c1ccc(N=Nc2c(S(=O)(=O)O)cc3ccc(NC4=CC(Nc5ccc(S(=O)(=O)O)cc5)=NN(Cl)N4)cc3c2O)cc1,511.2,,
Cc1ccc2c(c1)N=CCC2=O,Cc1ccc2c(c1)N=CCC2=O,337.0,,
CN(CCNc1ccc2c3c1cccc3c1c2nc2c(n1)cc(cc2)[N+](=O)[O-])C,CN(C)CCNc1ccc2c3c(cccc13)-c1nc3cc([N+](=O)[O-])ccc3nc1-2,324.0,,
COc1nc(c(n1C)C#N)C#N,COc1nc(C#N)c(C#N)n1C,271.0,,
COc1ccc2c(c1)cc1c(n2)nc2c(c1)c1cc(OC)c(cc1C2)OC,COc1ccc2nc3nc4c(cc3cc2c1)-c1cc(OC)c(OC)cc1C4,398.0,,acetone
N#Cc1cc2cc3ccccc3nc2nc1N,N#Cc1cc2cc3ccccc3nc2nc1N,387.0,,acetone
OC1=C(C(c2ccc(cc2)[N+](=O)[O-])Nc2ccccc2)C(=O)c2c(C1=O)cccc2,O=C1C(O)=C(C(Nc2ccccc2)c2ccc([N+](=O)[O-])cc2)C(=O)c2ccccc21,476.0,3801.893963,
CCN(c1ccc2c(c1)oc1c(c2C#N)c2nc3c(n2c(=N)c1C#N)cccc3)CC,CCN(CC)c1ccc2c(C#N)c3c(oc2c1)c(C#N)c(=N)n1c2ccccc2nc31,640.0,,Chloroform
Cc1ccc(s1)c1c2sc(cc2c(c2c1cc(s2)Br)c1ccc(s1)C)Br,Cc1ccc(-c2c3cc(Br)sc3c(-c3ccc(C)s3)c3cc(Br)sc23)s1,348.0,,chloroform
O=c1c2cccc3c2c2c(c1=O)cccc2c(=O)c3=O,O=c1c(=O)c2cccc3c2-c2c1cccc2c(=O)c3=O,290.0,,DMF
CCN(c1ccc(cc1)C=Cc1ccn2c(c1)nc(c2)c1ccccc1)CC,CCN(CC)c1ccc(C=Cc2ccn3cc(-c4ccccc4)nc3c2)cc1,425.0,38904.5145,TFA
Cn1c2ccc(cc2c2c1ccc(c2)N(c1ccc(cc1)OC)c1ccccc1)N(c1ccc(cc1)C=C(C(=O)O)C#N)c1ccc(cc1)OC,COc1ccc(N(c2ccccc2)c2ccc3c(c2)c2cc(N(c4ccc(C=C(C#N)C(=O)O)cc4)c4ccc(OC)cc4)ccc2n3C)cc1,443.0,,CH 2 Cl 2
CN1C(=O)c2c(C1=O)cc1c(c2)c2cc(OC)c(cc2c2c1cc(OC)c(c2)OC)OC,COc1cc2c3cc(OC)c(OC)cc3c3cc4c(cc3c2cc1OC)C(=O)N(C)C4=O,416.0,55000.0,
O=Cc1ccccc1,O=Cc1ccccc1,324.0,1340.0,
C1(C)c2cc(ccc2c2c1cc(cc2)C=C(c1cccs1)C#N)C=C(c1cccs1)C#N,CC1c2cc(C=C(C#N)c3cccs3)ccc2-c2ccc(C=C(C#N)c3cccs3)cc21,291.0,,DMSO
O=Cc1ccc(cc1)N(c1c2ccccc2cc2c1cccc2)c1ccccc1,O=Cc1ccc(N(c2ccccc2)c2c3ccccc3cc3ccccc23)cc1,349.0,,
c1ccc2c(c1)c(ccc2)n1cccc1,c1ccc2c(-n3cccc3)cccc2c1,356.0,,CHCl3
CCc1nccnc1C(=O)C=Cc1ccc(cc1)F,CCc1nccnc1C(=O)C=Cc1ccc(F)cc1,310.0,,ethanol
C=Cc1ccccn1,C=Cc1ccccn1,444.0,43200.0,
CCOC(=O)c1[nH]c(c(c1C)C(=O)CBr)C,CCOC(=O)c1[nH]c(C)c(C(=O)CBr)c1C,523.0,,TFA
c1ccc(cc1)c1ccc2c(c1)c(c1c(c2c2ccc3c(c2)cccc3)cccc1)c1cccc2c1ccc1c2cc2c(c1)cccc2,c1ccc(-c2ccc3c(-c4ccc5ccccc5c4)c4ccccc4c(-c4cccc5c4ccc4cc6ccccc6cc45)c3c2)cc1,406.0,14000.0,
O=C(c1cccnc1)NC1=CC(=O)C(=O)c2c1cccc2,O=C1C=C(NC(=O)c2cccnc2)c2ccccc2C1=O,268.0,,ethanol
Fc1ccc(cc1)C=CC(=O)c1nnn(c1C)c1ccnc2c1ccc(c2)Cl,Cc1c(C(=O)C=Cc2ccc(F)cc2)nnn1-c1ccnc2cc(Cl)ccc12,237.0,,methanol
Clc1ccccc1N=NC(=NNc1nc2c(s1)cccc2)c1ccccn1,Clc1ccccc1N=NC(=NNc1nc2ccccc2s1)c1ccccn1,505.0,,
COc1ccc(cc1)c1sc(c(c1)C)C1=C(c2sc(cc2C)c2ccc(cc2)OC)C(C(C1(F)F)(F)F)(F)F,COc1ccc(-c2cc(C)c(C3=C(c4sc(-c5ccc(OC)cc5)cc4C)C(F)(F)C(F)(F)C3(F)F)s2)cc1,440.0,,
CC(C1=CC(=CC=Cc2cccnn2)C=C(O1)C(C)(C)C)(C)C,CC(C)(C)C1=CC(=CC=Cc2cccnn2)C=C(C(C)(C)C)O1,410.0,,dichloromethane
O=C1OC(=O)c2c3c1ccc1c3c(cc2)c2c3c1ccc1c3c(cc2)C(=O)OC1=O,O=C1OC(=O)c2ccc3c4ccc5c6c(ccc(c7ccc1c2c73)c64)C(=O)OC5=O,500.0,,
CCOC(=O)c1ccc(cn1)C(=O)OCC,CCOC(=O)c1ccc(C(=O)OCC)nc1,513.0,,acetonitrile
CCn1c2ccccc2c2c1ccc(c2)C=CC(=O)c1c(=O)oc2c(c1O)cccc2,CCn1c2ccccc2c2cc(C=CC(=O)c3c(O)c4ccccc4oc3=O)ccc21,467.0,,MeOH
CC(C(=O)Nc1ccc(cc1)S(=O)(=O)N)N1CCC(CC1)C,CC1CCN(C(C)C(=O)Nc2ccc(S(N)(=O)=O)cc2)CC1,270.0,,
OCCC#Cc1cc(C#Cc2ccccc2)c2c(c1)c(C#Cc1ccc(cc1)Cl)nc(n2)c1ccccc1,OCCC#Cc1cc(C#Cc2ccccc2)c2nc(-c3ccccc3)nc(C#Cc3ccc(Cl)cc3)c2c1,401.0,70870.0,
Clc1ccc(cc1)c1cc(n(n1)Cc1ccc(nc1)Cl)c1nnc(o1)COc1ccc(cc1)[N+](=O)[O-],O=[N+]([O-])c1ccc(OCc2nnc(-c3cc(-c4ccc(Cl)cc4)nn3Cc3ccc(Cl)nc3)o2)cc1,263.0,43050.0,DCM
CN(c1ccc(cc1)C=c1oc(=Cc2ccccc2)c2c1cccc2)C,CN(C)c1ccc(C=c2oc(=Cc3ccccc3)c3ccccc23)cc1,404.0,38000.0,
C1(C)c2cc(ccc2c2c1cc(cc2)c1ccc(s1)n1c2ccccc2c2c1cccc2)c1ccc(s1)n1c2ccccc2c2c1cccc2,CC1c2cc(-c3ccc(-n4c5ccccc5c5ccccc54)s3)ccc2-c2ccc(-c3ccc(-n4c5ccccc5c5ccccc54)s3)cc21,371.0,,
CN1c2c(cccc2Sc2c1cccc2)C=Nc1ccc2c(c1)Sc1c(N2C)cccc1,CN1c2ccccc2Sc2cc(N=Cc3cccc4c3N(C)c3ccccc3S4)ccc21,403.0,6993.0,DCM
Cn1c2ccc(cc2c2c1cccc2)C(c1ccccc1N(c1ccccc1)c1ccccc1)c1ccc2c(c1)c1ccccc1n2C,Cn1c2ccccc2c2cc(C(c3ccc4c(c3)c3ccccc3n4C)c3ccccc3N(c3ccccc3)c3ccccc3)ccc21,273.0,,
[O-][N+](=O)c1cc(cc(c1)[N+](=O)[O-])[N+](=O)[O-],O=[N+]([O-])c1cc([N+](=O)[O-])cc([N+](=O)[O-])c1,323.0,,
COC(=O)c1n2nc(ccc2c(c1C(=O)OC)C(=O)OC)c1ccc(cc1)Br,COC(=O)c1c(C(=O)OC)c2ccc(-c3ccc(Br)cc3)nn2c1C(=O)OC,350.0,,acetonitrile
O=C(c1ccc(cc1)OCc1ccccc1)CC(=O)c1ccc(cc1)C(C)(C)C,CC(C)(C)c1ccc(C(=O)CC(=O)c2ccc(OCc3ccccc3)cc2)cc1,364.0,,
COc1ccc(cc1)C#Cc1c2ccccc2c(c2c1cc1c3ccccc3C(c1c2)(C)C)C#Cc1ccc(cc1)OC,COc1ccc(C#Cc2c3ccccc3c(C#Cc3ccc(OC)cc3)c3cc4c(cc23)-c2ccccc2C4(C)C)cc1,486.0,,dichloromethane
CCN(c1ccc2c(c1)oc(=NC(=O)Nc1ccc(cc1)C)c(c2)C#N)CC,CCN(CC)c1ccc2cc(C#N)c(=NC(=O)Nc3ccc(C)cc3)oc2c1,442.0,,
O=C1OC(C(=C1Br)NCc1ccccc1Cl)OCc1ccccc1,O=C1OC(OCc2ccccc2)C(NCc2ccccc2Cl)=C1Br,274.0,,
CC(Cn1cnc2c1cc([N+](=O)[O-])c1c2c(on1)c1ccc(cc1)[N+](=O)[O-])C,CC(C)Cn1cnc2c3c(-c4ccc([N+](=O)[O-])cc4)onc3c([N+](=O)[O-])cc21,425.0,,
O=c1c2cccc3c2c(c2n1c1ccccc1n2)ccc3,O=c1c2cccc3cccc(c32)c2nc3ccccc3n12,605.0,,Ethanol
C=Cc1c2ccccc2cc2c1cccc2,C=Cc1c2ccccc2cc2ccccc12,371.0,,Acetonitrile
Oc1cc2O[C@H](c3ccc(c(c3)O)O)[C@H](Cc2c(c1)O)O,Oc1cc(O)c2c(c1)O[C@H](c1ccc(O)c(O)c1)[C@@H](O)C2,293.0,,
c1ccc(cc1)Cn1c2ccc(cc2c2c1ccc(c2)C#Cc1ccncc1)C#Cc1ccncc1,C(#Cc1ccc2c(c1)c1cc(C#Cc3ccncc3)ccc1n2Cc1ccccc1)c1ccncc1,351.0,42200.0,
COc1cc2nc(C=Cc3ccc(cc3)c3cc(nc(c3)c3ccccn3)c3ccccn3)c(nc2cc1OC)C=Cc1ccc(cc1)N(C)C,COc1cc2nc(C=Cc3ccc(-c4cc(-c5ccccn5)nc(-c5ccccn5)c4)cc3)c(C=Cc3ccc(N(C)C)cc3)nc2cc1OC,603.0,,
Cn1c2cc(ccc2c2c1cc(cc2)N(c1ccc2c(c1)C(C)(C)c1c2cccc1)c1ccccc1)c1ccc(s1)C=O,Cn1c2cc(-c3ccc(C=O)s3)ccc2c2ccc(N(c3ccccc3)c3ccc4c(c3)C(C)(C)c3ccccc3-4)cc21,422.0,32900.0,
COC1OC(=O)C(=C1Nc1cccc2c1cccc2)Br,COC1OC(=O)C(Br)=C1Nc1cccc2ccccc12,296.0,,
Cc1cc(cc(c1O)Br)C1(OS(=O)(=O)c2c1cccc2)c1cc(C)c(c(c1)Br)O,Cc1cc(C2(c3cc(C)c(O)c(Br)c3)OS(=O)(=O)c3ccccc32)cc(Br)c1O,589.0,,
[O-][N+](=O)c1ccc(cc1)C=CC=CC=Cc1ccc2c(c1)c(=C1SC=CS1)c1c(c2=C2SC=CS2)cccc1,O=[N+]([O-])c1ccc(C=CC=CC=Cc2ccc3c(=C4SC=CS4)c4ccccc4c(=C4SC=CS4)c3c2)cc1,490.0,,
[O-][N+](=O)c1cc([N+](=O)[O-])c(c(c1)[N+](=O)[O-])C,Cc1c([N+](=O)[O-])cc([N+](=O)[O-])cc1[N+](=O)[O-],619.0,,
[O-][N+](=O)c1ccc2c(c1)nc1c(n2)c2c3c1cccc3ccc2,O=[N+]([O-])c1ccc2nc3c(nc2c1)-c1cccc2cccc-3c12,348.0,,
CCN(c1ccc(cc1)C(=C)c1ccc(cc1)c1ccc(cc1)C(=C)c1ccc(cc1)N(CC)CC)CC,C=C(c1ccc(-c2ccc(C(=C)c3ccc(N(CC)CC)cc3)cc2)cc1)c1ccc(N(CC)CC)cc1,487.0,,
Clc1cc(C=CC(=O)c2nnn(c2C)c2ccnc3c2ccc(c3)Cl)cc(c1)Cl,Cc1c(C(=O)C=Cc2cc(Cl)cc(Cl)c2)nnn1-c1ccnc2cc(Cl)ccc12,236.0,,methanol
COc1ccc(cc1)C(=CC=C(C(=O)C(F)(F)F)C(=O)C(F)(F)F)c1ccc(cc1)OC,COc1ccc(C(=CC=C(C(=O)C(F)(F)F)C(=O)C(F)(F)F)c2ccc(OC)cc2)cc1,447.0,,
OCCOc1ccc2c3c1cccc3c(=O)n(c2=O)CC(C)C,CC(C)CN1C(=O)c2cccc3c(OCCO)ccc(c23)C1=O,363.0,,Acetone
COc1ccc2c(c1)sc(n2)N=Nc1c(N)nn2c1nc(N)c(c2N)N=Nc1sc2c(n1)ccc(c2)C,COc1ccc2nc(N=Nc3c(N)nn4c(N)c(N=Nc5nc6ccc(C)cc6s5)c(N)nc34)sc2c1,540.0,,
CCC1=C(C)C2=C(c3cccc(c3)O)c3[nH]c(c(c3C)CC)C=C3N=C(C=c4[nH]c(=CC1=N2)c(C)c4CC)C(=C3C)CC,CCC1=C(C)c2cc3[nH]c(c(C)c3CC)c(-c3cccc(O)c3)c3nc(cc4[nH]c(cc1n2)c(CC)c4C)C(CC)=C3C,822.0,124700.0,PhCN
Cc1ccc(cc1)N(c1ccccc1)c1ccc(cc1)C=CC(=O)c1cc(sc1C)C,Cc1ccc(N(c2ccccc2)c2ccc(C=CC(=O)c3cc(C)sc3C)cc2)cc1,415.0,,
O=NN1C(c2ccccc2)C2CCC[C@@](C1c1ccccc1)(C2)C,C[C@@]12CCCC(C1)C(c1ccccc1)N(N=O)C2c1ccccc1,425.0,,MeOH
[O-][N+](=O)c1ccccc1O,O=[N+]([O-])c1ccccc1O,346.0,1752.0,
CCOC(=O)C1=C(NC(=O)C1=NNc1ccc(cc1O)[N+](=O)[O-])c1ccccc1,CCOC(=O)C1=C(c2ccccc2)NC(=O)C1=NNc1ccc([N+](=O)[O-])cc1O,624.0,,THF
[O-][N+](=O)c1ccc(cc1)N=NC(=NNc1ccccc1)c1ccccc1,O=[N+]([O-])c1ccc(N=NC(=NNc2ccccc2)c2ccccc2)cc1,413.0,,
Oc1cccc(c1c1nc2c(s1)cccc2)O,Oc1cccc(O)c1-c1nc2ccccc2s1,335.0,,Water
[O-][N+](=O)c1cc2C(=CC=CC=CC=C3C=C(OC(=C3)c3ccccc3)c3ccccc3)c3c(c2c(c1)[N+](=O)[O-])c(cc(c3)[N+](=O)[O-])[N+](=O)[O-],O=[N+]([O-])c1cc2c(c([N+](=O)[O-])c1)-c1c(cc([N+](=O)[O-])cc1[N+](=O)[O-])C2=CC=CC=CC=C1C=C(c2ccccc2)OC(c2ccccc2)=C1,748.0,,Toluene
Cc1ccc(cc1)Cn1c(nc(c1c1ccco1)c1ccco1)c1ccco1,Cc1ccc(Cn2c(-c3ccco3)nc(-c3ccco3)c2-c2ccco2)cc1,312.0,,
CN(c1ccc2c(c1)oc1c2C(=O)C(c2c1cccc2)(C)C)C,CN(C)c1ccc2c3c(oc2c1)-c1ccccc1C(C)(C)C3=O,538.0,,Acetonitrile
COc1ccc(cc1)c1ccnc2c1ccc(n2)NC(=O)C,COc1ccc(-c2ccnc3nc(NC(C)=O)ccc23)cc1,327.0,,water
O=C1OC(=O)c2c3c1ccc1c3c(cc2)c2c3c1cccc3ccc2,O=C1OC(=O)c2ccc3c4cccc5cccc(c6ccc1c2c63)c54,495.0,,
c1ccc2c(c1)Oc1c(N2)cccc1,c1ccc2c(c1)Nc1ccccc1O2,556.0,,
Brc1ccc(cc1)C=CCNCCNS(=O)(=O)c1cccc2c1ccnc2,O=S(=O)(NCCNCC=Cc1ccc(Br)cc1)c1cccc2cnccc12,463.08,,
O=Cc1c(O)c2ccccc2n(c1=O)C,Cn1c(=O)c(C=O)c(O)c2ccccc21,398.0,,MeOH
Brc1cc(Nc2ccccc2)c2c(c1N)C(=O)c1c(C2=O)cccc1,Nc1c(Br)cc(Nc2ccccc2)c2c1C(=O)c1ccccc1C2=O,612.0,,
N#CC(=Cc1sc(c(c1)CO[Si](C(C)(C)C)(c1ccccc1)c1ccccc1)C=C1C=C(OC(=C1)c1ccccc1)c1ccccc1)C(=O)O,CC(C)(C)[Si](OCc1cc(C=C(C#N)C(=O)O)sc1C=C1C=C(c2ccccc2)OC(c2ccccc2)=C1)(c1ccccc1)c1ccccc1,559.0,,
Cn1c2ccc(cc2c2c1cccc2)C=Cc1ccc(cc1)SC,CSc1ccc(C=Cc2ccc3c(c2)c2ccccc2n3C)cc1,337.0,,Cyclohexane
Clc1cccc(c1)N=Nc1c([nH]c2n1nc(c2N=Nc1ccccc1)C)c1ccccc1,Cc1nn2c(N=Nc3cccc(Cl)c3)c(-c3ccccc3)[nH]c2c1N=Nc1ccccc1,533.0,,dioxane
N#CC(=C(c1ccc(cc1)n1ccc2c1cccc2)C#N)c1ccc(cc1)n1ccc2c1cccc2,N#CC(=C(C#N)c1ccc(-n2ccc3ccccc32)cc1)c1ccc(-n2ccc3ccccc32)cc1,572.0,,THF
CCN(c1ccc2c(c1)oc(=O)c1c2OC(=C(C1c1ccc(cc1)[N+](=O)[O-])C#N)N)CC,CCN(CC)c1ccc2c3c(c(=O)oc2c1)C(c1ccc([N+](=O)[O-])cc1)C(C#N)=C(N)O3,367.0,,
O=C(C(c1ccc(cc1)O)NC1=CC(=O)C(=CC1=O)C)NC1C(=O)N2[C@@H]1SC([C@@H]2C(=O)O)(C)C,CC1=CC(=O)C(NC(C(=O)NC2C(=O)N3[C@@H]2SC(C)(C)[C@@H]3C(=O)O)c2ccc(O)cc2)=CC1=O,277.0,,
CCN(c1ccc2c(c1)oc(=O)c(c2)c1ccccn1)CC,CCN(CC)c1ccc2cc(-c3ccccn3)c(=O)oc2c1,414.0,,
Cc1nc(c2n1ccc(c2)c1nnc(o1)COc1ccccc1C)Cl,Cc1ccccc1OCc1nnc(-c2ccn3c(C)nc(Cl)c3c2)o1,377.0,,CH3CN
CC1(C)c2cc(ccc2N(c2c1cccc2)c1ccccc1)c1ccc(cc1)c1nc(c(n1c1ccccc1)c1ccccc1)c1ccccc1,CC1(C)c2ccccc2N(c2ccccc2)c2ccc(-c3ccc(-c4nc(-c5ccccc5)c(-c5ccccc5)n4-c4ccccc4)cc3)cc21,349.0,,THF
Oc1ccc2c(c1)c(O)cc(=O)o2,O=c1cc(O)c2cc(O)ccc2o1,287.0,,
N#Cc1c(C#N)nc(n1C)c1ccc(cc1)c1ccccc1,Cn1c(-c2ccc(-c3ccccc3)cc2)nc(C#N)c1C#N,286.0,,
CCOC(=O)c1cc(=O)c2c(o1)cccc2OC,CCOC(=O)c1cc(=O)c2c(OC)cccc2o1,327.0,,
Clc1ccc2c(c1)c1cc(ccc1[nH]2)[N+](=O)[O-],O=[N+]([O-])c1ccc2[nH]c3ccc(Cl)cc3c2c1,339.0,,
c1ccc(cc1)C#Cc1ccc(cc1)N=Nc1ccc(cc1)C#Cc1ccccc1,C(#Cc1ccc(N=Nc2ccc(C#Cc3ccccc3)cc2)cc1)c1ccccc1,385.0,,
CCOC(=O)c1cc2ccc(c(c2oc1=O)CN(CC(=O)O)CC(=O)O)OCCN(CC(=O)O)CC(=O)O,CCOC(=O)c1cc2ccc(OCCN(CC(=O)O)CC(=O)O)c(CN(CC(=O)O)CC(=O)O)c2oc1=O,365.0,,
CCC(Nc1cc(ccc1N1C(=O)CCC1(CO)CO)C(=O)O)CC,CCC(CC)Nc1cc(C(=O)O)ccc1N1C(=O)CCC1(CO)CO,528.0,37300.0,
Cc1ccc2c(n1)cccc2,Cc1ccc2ccccc2n1,528.0,,
Cc1ccc(cc1)NN=C(C(=O)c1ccccc1)c1nc(C)cc(=O)[nH]1,Cc1ccc(NN=C(C(=O)c2ccccc2)c2nc(C)cc(=O)[nH]2)cc1,396.0,18620.87137,
CCN(c1cccc(c1)[N+](=O)[O-])CC,CCN(CC)c1cccc([N+](=O)[O-])c1,413.6,,
Clc1ccccc1N=Nc1nc2c(s1)cccc2,Clc1ccccc1N=Nc1nc2ccccc2s1,348.0,,Methanol
CCOC(=O)C1=C(NC(=O)C1=NNc1ccc(cc1)C#N)c1ccccc1,CCOC(=O)C1=C(c2ccccc2)NC(=O)C1=NNc1ccc(C#N)cc1,443.0,,
CCOc1ccc(cc1)C=Cc1nc2cc(OCCC(C)C)c(cc2nc1C=Cc1ccc(cc1)OCC)OCCC(C)C,CCOc1ccc(C=Cc2nc3cc(OCCC(C)C)c(OCCC(C)C)cc3nc2C=Cc2ccc(OCC)cc2)cc1,514.0,,
Cc1nc(c2n1ccc(c2)c1nnc(o1)c1ccccc1)Cl,Cc1nc(Cl)c2cc(-c3nnc(-c4ccccc4)o3)ccn12,285.0,25500.0,dichloromethane
[O-][n+]1cccc2c1c1[n+]([O-])cccc1C2=O,O=C1c2ccc[n+]([O-])c2-c2c1ccc[n+]2[O-],324.0,,
CN(c1ccccc1)N=C1C(=O)C(=O)C1=NN(c1ccccc1)C,CN(N=C1C(=O)C(=O)C1=NN(C)c1ccccc1)c1ccccc1,514.0,,
O1CCN(CC1)c1ccc(cc1)C=c1oc(=Cc2ccccc2)c2c1cccc2,C(c1ccccc1)=c1oc(=Cc2ccc(N3CCOCC3)cc2)c2ccccc12,390.0,35000.0,
CC1=NC(=Cc2ccc(cc2)N(C)C)C(=O)N1CCN1C(=NC(=Cc2ccc(cc2)N(C)C)C1=O)C,CC1=NC(=Cc2ccc(N(C)C)cc2)C(=O)N1CCN1C(=O)C(=Cc2ccc(N(C)C)cc2)N=C1C,436.0,36300.0,methanol
CCN1BN(c2c1cccc2)CCc1cccs1,CCN1BN(CCc2cccs2)c2ccccc21,296.0,,
C(Cn1c2ccc(cc2c2c1cccc2)c1ccc(c2c1nsn2)c1ccc(s1)C=C(C(=O)O)C#N)CC,CCCCn1c2ccccc2c2cc(-c3ccc(-c4ccc(C=C(C#N)C(=O)O)s4)c4nsnc34)ccc21,484.0,26206.0,
Cc1ccc(cc1)C(C1=C(O)C(=O)c2c(C1=O)cccc2)Nc1ccccc1,Cc1ccc(C(Nc2ccccc2)C2=C(O)C(=O)c3ccccc3C2=O)cc1,514.0,2511.886432,
O=c1cc[nH]c(=O)[nH]1,O=c1cc[nH]c(=O)[nH]1,340.0,,
CCN(c1ccc2c(c1)oc(=NC(=O)NCNC(=O)N=c1oc3cc(ccc3cc1C#N)N(CC)CC)c(c2)C#N)CC,CCN(CC)c1ccc2cc(C#N)c(=NC(=O)NCNC(=O)N=c3oc4cc(N(CC)CC)ccc4cc3C#N)oc2c1,439.0,,
CCn1c2ccc(cc2c2c1ccc(c2)N(c1ccc(cc1)C)c1ccc(cc1)C)N(c1ccc(cc1)C)c1ccc(cc1)C,CCn1c2ccc(N(c3ccc(C)cc3)c3ccc(C)cc3)cc2c2cc(N(c3ccc(C)cc3)c3ccc(C)cc3)ccc21,405.0,46500.0,
c1ccc(cc1)n1c2ccc(cc2c2c1cccc2)c1sc(c2c1cccc2)c1cccs1,c1ccc(-n2c3ccccc3c3cc(-c4sc(-c5cccs5)c5ccccc45)ccc32)cc1,445.0,,CH 2 Cl
COc1ccc(cc1)c1c([nH]c2c1cccc2)c1ccc(cc1)S(=O)(=O)C,COc1ccc(-c2c(-c3ccc(S(C)(=O)=O)cc3)[nH]c3ccccc23)cc1,237.0,,
CCN(c1ccc(cc1)C=CC(=O)O)CC,CCN(CC)c1ccc(C=CC(=O)O)cc1,367.0,35550.0,DMF
CN(c1c[nH]c(=O)[nH]c1=O)C,CN(C)c1c[nH]c(=O)[nH]c1=O,465.0,,
Oc1cc2c(=O)oc3c4c2c(c1O)oc(=O)c4cc(c3O)O,O=c1oc2c(O)c(O)cc3c(=O)oc4c(O)c(O)cc1c4c23,364.0,,
COc1cc(C=CC(=O)c2cc3ccccc3oc2=O)cc(c1OC)OC,COc1cc(C=CC(=O)c2cc3ccccc3oc2=O)cc(OC)c1OC,368.0,,
CSc1ccc(cc1)c1cc(c2ccc(cc2)SC)c2c3c1ccc1c3c(cc2)c(cc1c1ccc(cc1)SC)c1ccc(cc1)SC,CSc1ccc(-c2cc(-c3ccc(SC)cc3)c3ccc4c(-c5ccc(SC)cc5)cc(-c5ccc(SC)cc5)c5ccc2c3c54)cc1,403.0,,Cyclohexane
NC(=O)C[C@@H](C(=O)O)Nc1nc2c(s1)cc(cc2)F,NC(=O)C[C@H](Nc1nc2ccc(F)cc2s1)C(=O)O,278.0,,
Oc1ccc(cc1)c1coc2c(c1=O)c(O)cc(c2)O,O=c1c(-c2ccc(O)cc2)coc2cc(O)cc(O)c12,325.0,,
c1cnc2c(n1)c1nccnc1cc2,c1cnc2c(ccc3nccnc32)n1,403.0,,Cl
O=Cc1ccc(cc1)[N+](=O)[O-],O=Cc1ccc([N+](=O)[O-])cc1,332.0,,ethanol
O=c1cc2cc(O)c3c4c2c(o1)ccc4ccc3,O=c1cc2cc(O)c3cccc4ccc(o1)c2c43,470.0,,
CC(c1ccc(c2c(c1)c(C)cc2N=Nc1sc2c(n1)ccc(c2)[N+](=O)[O-])C)C,Cc1cc(N=Nc2nc3ccc([N+](=O)[O-])cc3s2)c2c(C)ccc(C(C)C)cc1-2,551.0,,
Cc1ccc2c(c1)C(=O)CC=N2,Cc1ccc2c(c1)C(=O)CC=N2,336.0,,
CNc1ccc(cc1)[N+](=O)[O-],CNc1ccc([N+](=O)[O-])cc1,384.8,,
N=C1N=C(C(=C1c1cccn1c1cccs1)c1csc(c1)c1ccccc1)c1ccccc1,N=C1N=C(c2ccccc2)C(c2csc(-c3ccccc3)c2)=C1c1cccn1-c1cccs1,625.0,,
N#CC(=Cc1ccc(s1)c1ccc2c3c1ccc1c3c(cc2)ccc1)C(=O)O,N#CC(=Cc1ccc(-c2ccc3ccc4cccc5ccc2c3c45)s1)C(=O)O,483.4,24900.0,THF
CCn1c2c(cc(cc2c2c1ccc(c2)C(C)(C)C)C(C)(C)C)N(c1ccccc1)c1ccccc1,CCn1c2ccc(C(C)(C)C)cc2c2cc(C(C)(C)C)cc(N(c3ccccc3)c3ccccc3)c21,362.0,,
Cc1cc(=O)oc2c1ccc(c2)C#C,C#Cc1ccc2c(C)cc(=O)oc2c1,328.0,22000.0,
COc1cc(OC)cc2c1c(CC(=O)NCc1nnn(c1)C([C@H]1O[C@H]([C@@H]([C@@H]1O)O)n1ccc(=O)[nH]c1=O)O)cc(=O)o2,COc1cc(OC)c2c(CC(=O)NCc3cn(C(O)[C@H]4O[C@@H](n5ccc(=O)[nH]c5=O)[C@H](O)[C@@H]4O)nn3)cc(=O)oc2c1,323.0,,
O=C1CCC=C2N1c1ccc3c(c1C2(C)C)cccc3,CC1(C)C2=CCCC(=O)N2c2ccc3ccccc3c21,251.0,32410.0,
c1ccc2c(c1)C(c1ccc(cc1)n1c3ccccc3c3c1cccc3)(c1ccc(cc1)n1c3ccccc3c3c1cccc3)c1c2cccc1,c1ccc2c(c1)-c1ccccc1C2(c1ccc(-n2c3ccccc3c3ccccc32)cc1)c1ccc(-n2c3ccccc3c3ccccc32)cc1,431.0,,dichloromethane
Cc1cc(C=Nc2c(cccc2C(C)C)C(C)C)c(c(c1)C(c1ccccc1)c1ccccc1)O,Cc1cc(C=Nc2c(C(C)C)cccc2C(C)C)c(O)c(C(c2ccccc2)c2ccccc2)c1,346.0,,Toluene
COc1cc(ccc1OC)C1C(C(C1c1ccnc2c1cccc2)c1ccc(c(c1)OC)OC)c1ccnc2c1cccc2,COc1ccc(C2C(c3ccnc4ccccc34)C(c3ccc(OC)c(OC)c3)C2c2ccnc3ccccc23)cc1OC,282.0,,
COc1ccc2c(c1)sc(n2)N=Nc1c([nH]c2c1cccc2)c1ccccc1,COc1ccc2nc(N=Nc3c(-c4ccccc4)[nH]c4ccccc34)sc2c1,543.0,,Chloroform
Nc1ccc2c3c1cccc3c1c2nc2c(n1)cccc2,Nc1ccc2c3c(cccc13)-c1nc3ccccc3nc1-2,412.0,,
CCN(C1(N=Nc2nc3c([nH]2)cccc3)SC=C(N1)c1ccccc1)CC,CCN(CC)C1(N=Nc2nc3ccccc3[nH]2)NC(c2ccccc2)=CS1,510.0,24500.0,
CSC1=C(SC)SC(=Cc2ccc(s2)C=Cc2ccc(cc2)[N+](=O)[O-])S1,CSC1=C(SC)SC(=Cc2ccc(C=Cc3ccc([N+](=O)[O-])cc3)s2)S1,490.0,,
CCOC(=O)C=Cc1cc2ccc(cc2oc1=O)c1nnn(c1)Cc1ccccc1,CCOC(=O)C=Cc1cc2ccc(-c3cn(Cc4ccccc4)nn3)cc2oc1=O,370.0,7700.0,
N#CC(=Cc1ncc2c(n1)ccc(c2)N(c1ccccc1)c1ccccc1)C(=O)O,N#CC(=Cc1ncc2cc(N(c3ccccc3)c3ccccc3)ccc2n1)C(=O)O,434.0,,
Fc1ccc(cc1)C(=C)c1[nH]c2c(c1CCNS(=O)(=O)c1ccccc1[N+](=O)[O-])cccc2,C=C(c1ccc(F)cc1)c1[nH]c2ccccc2c1CCNS(=O)(=O)c1ccccc1[N+](=O)[O-],301.0,,
FC(c1ccc(nc1)c1cccc2c1cccc2)(F)F,FC(F)(F)c1ccc(-c2cccc3ccccc23)nc1,298.0,,CH 2 Cl
C=CC1=C(C)C(=Cc2[nH]c(c(c2C)CCC(=O)O)Cc2[nH]c(c(c2CCC(=O)O)C)C=C2NC(=O)C(=C2C=C)C)NC1=O,C=CC1=C(C)C(=Cc2[nH]c(Cc3[nH]c(C=C4NC(=O)C(C)=C4C=C)c(C)c3CCC(=O)O)c(CCC(=O)O)c2C)NC1=O,667.0,,
Oc1ccc(c(c1)O)N=Nc1ccccn1,Oc1ccc(N=Nc2ccccn2)c(O)c1,410.0,,
c1ccc2c(c1)c1ccc(cc1c1c2cccc1)c1cc(cc(c1)n1c2ccccc2c2c1cccc2)n1c2ccccc2c2c1cccc2,c1ccc2c(c1)c1ccccc1c1cc(-c3cc(-n4c5ccccc5c5ccccc54)cc(-n4c5ccccc5c5ccccc54)c3)ccc21,293.0,,
CCN(c1ccc(cc1)c1ccc(cc1)C(=C(C#N)C#N)c1ccc(cc1)c1ccc(cc1)N(CC)CC)CC,CCN(CC)c1ccc(-c2ccc(C(=C(C#N)C#N)c3ccc(-c4ccc(N(CC)CC)cc4)cc3)cc2)cc1,460.0,,
N#CC(=Cc1ccc(s1)C(=Cc1ccc2c3c1ccc1c3c(cc2)ccc1)C#N)C(=O)O,N#CC(=Cc1ccc(C(C#N)=Cc2ccc3ccc4cccc5ccc2c3c45)s1)C(=O)O,277.5,9830.0,
c1csc(c1)C=Cc1ccc(s1)c1cnc2c(c1)ccc1c2ncc(c1)c1ccc(s1)C=Cc1cccs1,C(=Cc1ccc(-c2cnc3c(ccc4cc(-c5ccc(C=Cc6cccs6)s5)cnc43)c2)s1)c1cccs1,505.0,70800.0,CH 2 Cl 2
c1ccc2c(c1)cc(cc2)C#Cc1ccc(cc1)N=Nc1ccc(cc1)C#Cc1ccc2c(c1)cccc2,C(#Cc1ccc2ccccc2c1)c1ccc(N=Nc2ccc(C#Cc3ccc4ccccc4c3)cc2)cc1,333.0,,
Nc1nc(c(s1)N=Nc1ccccc1)c1ccc(cc1)NC(=O)c1ccccc1,Nc1nc(-c2ccc(NC(=O)c3ccccc3)cc2)c(N=Nc2ccccc2)s1,478.0,,DMSO
N#CC(=Cc1cn(nc1c1ccccc1)c1ccccc1)c1nc2c(s1)cccc2,N#CC(=Cc1cn(-c2ccccc2)nc1-c1ccccc1)c1nc2ccccc2s1,383.0,,Toluene
C=CCOc1nc(Nc2ccc3c(c2)nn(n3)c2ccccc2O)nc(n1)N1C(C)(C)CC(CC1(C)C)OCC=C,C=CCOc1nc(Nc2ccc3nn(-c4ccccc4O)nc3c2)nc(N2C(C)(C)CC(OCC=C)CC2(C)C)n1,340.0,,
Oc1ccc(c2c1nccc2)N=Nn1scc[nH]1,Oc1ccc(N=NN2NC=CS2)c2cccnc12,547.0,,DMSO
C1(C)c2cc3nc([nH]c3cc2c2c1cc1nc([nH]c1c2)c1ccc(cc1)F)c1ccc(cc1)F,CC1c2cc3nc(-c4ccc(F)cc4)[nH]c3cc2-c2cc3[nH]c(-c4ccc(F)cc4)nc3cc21,370.0,,
CC1(C)c2ccccc2N(c2c1cccc2)c1ccc(c2c1nc(c1ccccc1)c(n2)c1ccccc1)N1c2ccccc2C(c2c1cccc2)(C)C,CC1(C)c2ccccc2N(c2ccc(N3c4ccccc4C(C)(C)c4ccccc43)c3nc(-c4ccccc4)c(-c4ccccc4)nc23)c2ccccc21,482.0,,
C(CC1(CC(C)CC)c2cc(ccc2c2c1cccc2)c1ccc2c(c1)C(CC(C)CC)(CC(C)CC)c1c2cccc1)CC,CCCCC1(CC(C)CC)c2ccccc2-c2ccc(-c3ccc4c(c3)C(CC(C)CC)(CC(C)CC)c3ccccc3-4)cc21,320.0,,
O=Cc1ccc(cc1)C=C(c1ccc(cc1)N(C)C)c1ccc(cc1)N(C)C,CN(C)c1ccc(C(=Cc2ccc(C=O)cc2)c2ccc(N(C)C)cc2)cc1,271.0,,
C1(C)c2cc(ccc2c2c1cccc2)C1=C(c2ccc3c(c2)C(C)(C)c2c3cccc2)C(C(C1(F)F)(F)F)(F)F,CC1c2ccccc2-c2ccc(C3=C(c4ccc5c(c4)C(C)(C)c4ccccc4-5)C(F)(F)C(F)(F)C3(F)F)cc21,335.0,,
C#Cc1ccnc(c1)c1cc(cc(c1)c1nccc(c1)C#C)c1nccc(c1)C#C,C#Cc1ccnc(-c2cc(-c3cc(C#C)ccn3)cc(-c3cc(C#C)ccn3)c2)c1,284.0,59600.0,propylene carbonate
COc1ccc(cc1)n1nc(c(n1)N1CCOCC1)C#N,COc1ccc(-n2nc(C#N)c(N3CCOCC3)n2)cc1,325.0,,
Cc1cc(C(c2ccccc2)c2ccccc2)c(c(c1)c1nc2c([nH]1)cccc2)O,Cc1cc(-c2nc3ccccc3[nH]2)c(O)c(C(c2ccccc2)c2ccccc2)c1,224.0,,
Nc1ccc(cc1)c1ccc(n1c1ccc(cc1)C(c1ccccc1)(c1ccccc1)c1ccccc1)c1ccc(cc1)N,Nc1ccc(-c2ccc(-c3ccc(N)cc3)n2-c2ccc(C(c3ccccc3)(c3ccccc3)c3ccccc3)cc2)cc1,307.0,,
COC1OC(=O)C(=C1NCc1ccc(cc1)C)Br,COC1OC(=O)C(Br)=C1NCc1ccc(C)cc1,275.0,,
COc1cc(C=CC(=O)c2nnn(c2C)c2ccnc3c2ccc(c3)Cl)cc(c1OC)OC,COc1cc(C=CC(=O)c2nnn(-c3ccnc4cc(Cl)ccc34)c2C)cc(OC)c1OC,235.0,,methanol
CC(n1cc(n(c1=S)C)P(=O)(c1ccccc1)c1ccccc1)C,CC(C)n1cc(P(=O)(c2ccccc2)c2ccccc2)n(C)c1=S,273.0,,
Cc1ccc(cc1)OCCN1CCCn2c1nc1c2c(=O)n(c(=O)n1C)C,Cc1ccc(OCCN2CCCn3c2nc2c3c(=O)n(C)c(=O)n2C)cc1,297.5,,
COc1ccc2c(c1)n(C)c1c2c(OC)c2c(c1OC)cccc2,COc1ccc2c3c(OC)c4ccccc4c(OC)c3n(C)c2c1,342.0,,CH 2 Cl
CCCSc1ccc2c(c1)[nH]c(n2)NC(=O)OC,CCCSc1ccc2nc(NC(=O)OC)[nH]c2c1,295.0,,
c1ccc(cc1)c1nc2c(nc1c1ccccc1)c(ccc2c1ccc2c3c1ccc1c3c(cc2)ccc1)c1ccc2c3c1ccc1c3c(cc2)ccc1,c1ccc(-c2nc3c(-c4ccc5ccc6cccc7ccc4c5c67)ccc(-c4ccc5ccc6cccc7ccc4c5c67)c3nc2-c2ccccc2)cc1,281.0,74131.02413,DMSO
O[C@H]1C[C@@H](O[C@@H]1COP(=O)(O)O)n1cnc2c1ncnc2N,Nc1ncnc2c1ncn2[C@H]1C[C@H](O)[C@@H](COP(=O)(O)O)O1,556.0,,
O=C(c1ccccc1)On1c(=O)c2cccc3c2c(c1=S)ccc3,O=C(ON1C(=O)c2cccc3cccc(c23)C1=S)c1ccccc1,491.0,,
Cc1sc(c(c1C#N)C#N)c1ccc(s1)c1sc(c(c1C#N)C#N)C,Cc1sc(-c2ccc(-c3sc(C)c(C#N)c3C#N)s2)c(C#N)c1C#N,392.0,,
[O-][N+](=O)c1ccc(cc1)[N+](=O)[O-],O=[N+]([O-])c1ccc([N+](=O)[O-])cc1,490.0,,
Fc1ccc(cc1)c1c([nH]c2c1cccc2)c1ccc(cc1)S(=O)(=O)N,NS(=O)(=O)c1ccc(-c2[nH]c3ccccc3c2-c2ccc(F)cc2)cc1,253.0,,
CC1(C)C2CN2c2c1c1ccccc1cc2,CC1(C)c2c(ccc3ccccc23)N2CC21,308.0,,
C#Cc1cc(C#C)c2c3c1ccc1c3c(cc2)c(cc1C#C)C(=O)c1ccccc1,C#Cc1cc(C#C)c2ccc3c(C(=O)c4ccccc4)cc(C#C)c4ccc1c2c43,252.0,,
COc1ccc(cc1)c1cc(n(n1)Cc1ccc(cc1)C(C)(C)C)c1nnc(o1)c1ccc(cc1)C,COc1ccc(-c2cc(-c3nnc(-c4ccc(C)cc4)o3)n(Cc3ccc(C(C)(C)C)cc3)n2)cc1,281.0,,dichloromethane
O=C(NC12CC3CC(C1)CC(C2)(C3)NC(=O)Nc1cccc2c1cccc2)Nc1cccc2c1cccc2,O=C(Nc1cccc2ccccc12)NC12CC3CC(C1)CC(NC(=O)Nc1cccc4ccccc14)(C3)C2,327.0,,DMSO
c1ccc(cc1)c1nc(n2c1cccc2)c1c2ccccc2cc2c1cccc2,c1ccc(-c2nc(-c3c4ccccc4cc4ccccc34)n3ccccc23)cc1,577.0,17090.0,HCl
COc1ccc(cc1)CNc1ncnc2c1nc(n2Cc1ccccc1)C=Cc1ccc(cc1)C#N,COc1ccc(CNc2ncnc3c2nc(C=Cc2ccc(C#N)cc2)n3Cc2ccccc2)cc1,369.0,,
Cc1sc(c(c1)c1c(c2cc(sc2C)C)c2cc(ccc2c2c1cc(cc2)C(=O)O)C(=O)O)C,Cc1cc(-c2c(-c3cc(C)sc3C)c3cc(C(=O)O)ccc3c3ccc(C(=O)O)cc23)c(C)s1,405.4,,
CCOC(=O)C1=C(c2ccccc2)N(C(=O)C1=Cc1ccc(cc1)C=Cc1ccccc1)C,CCOC(=O)C1=C(c2ccccc2)N(C)C(=O)C1=Cc1ccc(C=Cc2ccccc2)cc1,429.0,25300.0,
Cc1ccc(cc1)C1=C2C=CC(=N2)C(=c2ccc(=C(C3=NC(=C(c4[nH]c1cc4)c1ccc(cc1)[N+](=O)[O-])C=C3)c1ccc(cc1)C)[nH]2)c1ccc(cc1)C,Cc1ccc(-c2c3nc(c(-c4ccc(C)cc4)c4ccc([nH]4)c(-c4ccc([N+](=O)[O-])cc4)c4nc(c(-c5ccc(C)cc5)c5ccc2[nH]5)C=C4)C=C3)cc1,416.0,169824.3652,CH 2 Cl 2
c1ccc(cc1)[Si](c1ccccc1)(c1ccccc1)c1ccc(cc1)c1ccc(cc1)[Si](c1ccccc1)(c1ccccc1)c1ccccc1,c1ccc([Si](c2ccccc2)(c2ccccc2)c2ccc(-c3ccc([Si](c4ccccc4)(c4ccccc4)c4ccccc4)cc3)cc2)cc1,272.0,,
COc1ccc(cc1)N1c2ccc(cc2Oc2c1cccc2)c1ccc(o1)C=C(C(=O)O)C#N,COc1ccc(N2c3ccccc3Oc3cc(-c4ccc(C=C(C#N)C(=O)O)o4)ccc32)cc1,508.0,,
N#Cc1nc2c(nc1C#N)c(c(n2CC)C)C(=O)C,CCn1c(C)c(C(C)=O)c2nc(C#N)c(C#N)nc21,326.0,,
CCN(c1ccc2c(c1)oc(=O)c1c2O[B-](F)(F)[N+](=N1)c1ccc(cc1)OC)CC,CCN(CC)c1ccc2c3c(c(=O)oc2c1)N=[N+](c1ccc(OC)cc1)[B-](F)(F)O3,546.0,,DMF
Nc1ccc(cc1)c1nnc(o1)c1ccc(cc1)N,Nc1ccc(-c2nnc(-c3ccc(N)cc3)o2)cc1,288.0,,
Oc1ccccc1c1[nH]c2c(n1)c1c(=O)[nH][nH]c(=O)c1cc2,O=c1[nH][nH]c(=O)c2c1ccc1[nH]c(-c3ccccc3O)nc12,469.0,,
COC(=O)c1ccc(nc1)c1ccc(cn1)c1ccc(cc1)C,COC(=O)c1ccc(-c2ccc(-c3ccc(C)cc3)cn2)nc1,339.0,,
n1csc(n1)N=Nc1ccc(s1)c1cccs1,c1csc(-c2ccc(N=Nc3nncs3)s2)c1,494.0,,DMSO
O=P(c1ccc(s1)c1ccc(cc1)n1c2ccccc2c2c1cccc2)(c1ccccc1)c1ccccc1,O=P(c1ccccc1)(c1ccccc1)c1ccc(-c2ccc(-n3c4ccccc4c4ccccc43)cc2)s1,319.0,,
OCc1cc(C)cc(c1O)C=NNc1cccc2c1cccc2,Cc1cc(C=NNc2cccc3ccccc23)c(O)c(CO)c1,398.0,,
Cc1nc2n(c1N=Nc1ccc(cc1)C(=O)C)nc(c1c2c(c2ccccc2)n(n1)c1ccccc1)C,CC(=O)c1ccc(N=Nc2c(C)nc3c4c(-c5ccccc5)n(-c5ccccc5)nc4c(C)nn23)cc1,425.0,,
Cc1cccc(n1)c1nc2c([nH]1)c1ccccc1c1c2cccc1,Cc1cccc(-c2nc3c4ccccc4c4ccccc4c3[nH]2)n1,367.0,,
Cc1ccc2c(c1)[nH]c(n2)c1ccc(cc1)c1ccc(cc1)c1ccc(cc1)c1nc2c([nH]1)cc(cc2)C,Cc1ccc2nc(-c3ccc(-c4ccc(-c5ccc(-c6nc7ccc(C)cc7[nH]6)cc5)cc4)cc3)[nH]c2c1,351.0,,
Oc1cc2[nH]c3c(c2cc1Cl)cccc3,Oc1cc2[nH]c3ccccc3c2cc1Cl,352.0,,
Brc1cccc(c1)N=Nc1ccc(c(c1)C=Nc1ccccc1O)O,Oc1ccc(N=Nc2cccc(Br)c2)cc1C=Nc1ccccc1O,487.0,,
ClCCN(c1ccc2c(c1)oc(=O)c(c2)C(=O)OCC)CCCl,CCOC(=O)c1cc2ccc(N(CCCl)CCCl)cc2oc1=O,402.0,,
CCOc1ccc(cc1)N(c1ccc(cc1)OCC)c1ccc(cc1)C(n1cccn1)n1cccn1,CCOc1ccc(N(c2ccc(OCC)cc2)c2ccc(C(n3cccn3)n3cccn3)cc2)cc1,300.0,28700.0,Dimethylformamide
O=C1c2cccnc2c2c1cccn2,O=C1c2cccnc2-c2ncccc21,303.0,,
[O-][N+](=O)c1ccc(c(c1)[N+](=O)[O-])C,Cc1ccc([N+](=O)[O-])cc1[N+](=O)[O-],446.0,,
O=Nc1c(O)ccc2c1cccc2,O=Nc1c(O)ccc2ccccc12,500.0,,
CCOC(=O)c1ccc(cc1)C=Cc1ccc(cc1)N(c1ccccc1)c1ccccc1,CCOC(=O)c1ccc(C=Cc2ccc(N(c3ccccc3)c3ccccc3)cc2)cc1,296.0,,
OC1Cc2ccccc2OC1c1ccccc1,OC1Cc2ccccc2OC1c1ccccc1,224.0,,
COC(=O)Cc1cc(=O)oc2c1ccc(c2F)O,COC(=O)Cc1cc(=O)oc2c(F)c(O)ccc12,368.0,,
Cc1ccc(cc1)OCc1nnc(o1)c1cc(nn1Cc1ccc(nc1)Cl)c1ccc(cc1)Cl,Cc1ccc(OCc2nnc(-c3cc(-c4ccc(Cl)cc4)nn3Cc3ccc(Cl)nc3)o2)cc1,260.0,36950.0,DCM
CCCN1c2ccc(cc2Sc2c1cccc2)C=Cc1cc(=O)oc2c1cc(Cl)c(c2)C,CCCN1c2ccccc2Sc2cc(C=Cc3cc(=O)oc4cc(C)c(Cl)cc34)ccc21,432.0,,chloroform
CO[Si](CCCSC(=O)c1ccccc1C)(OC)OC,CO[Si](CCCSC(=O)c1ccccc1C)(OC)OC,280.0,105500.0,chloroform
Brc1ccc(cc1)CNc1ccc2c(c1)C(=O)c1c(C2=O)cccc1,O=C1c2ccccc2C(=O)c2cc(NCc3ccc(Br)cc3)ccc21,307.0,,
c1cc2=CC3=NC(=Nc4[nH]c(C=C5N=C(C=c1[nH]2)C=C5)nn4)N=C3,C1=Cc2cc3nnc(nc4nc(cc5ccc(cc1n2)[nH]5)C=N4)[nH]3,622.0,,
C1(C)c2cc3c(C#C[Si](C)(C)C)c4ccccc4c(c3cc2c2c1cc(Br)cc2)C#C[Si](C)(C)C,CC1c2cc(Br)ccc2-c2cc3c(C#C[Si](C)(C)C)c4ccccc4c(C#C[Si](C)(C)C)c3cc21,457.0,,dichloromethane
CCCn1c(N=Nc2ccc3c(c2)scn3)ccc1c1cccs1,CCCn1c(N=Nc2ccc3ncsc3c2)ccc1-c1cccs1,464.0,,DMSO
c1ccc(cc1)c1c(sc2c1cc(cc2)c1ccc(cc1)n1c2ccccc2c2c1cccc2)c1ccccc1,c1ccc(-c2sc3ccc(-c4ccc(-n5c6ccccc6c6ccccc65)cc4)cc3c2-c2ccccc2)cc1,330.0,,
COc1ccc(cc1)C=[N+](c1ccccc1)[O-],COc1ccc(C=[N+]([O-])c2ccccc2)cc1,660.0,,Ethanol
Fc1ccc(cc1)C(=CC=C(C(=O)C(F)(F)F)C(=O)C(F)(F)F)c1ccc(cc1)F,O=C(C(=CC=C(c1ccc(F)cc1)c1ccc(F)cc1)C(=O)C(F)(F)F)C(F)(F)F,389.0,,
Fc1cc(ccc1c1ccc(cc1)c1[nH]c2c(n1)cccc2)c1ccc(cc1)c1[nH]c2c(n1)cccc2,Fc1cc(-c2ccc(-c3nc4ccccc4[nH]3)cc2)ccc1-c1ccc(-c2nc3ccccc3[nH]2)cc1,343.0,,
Cn1c(c2ccccc2)c(c2c1cccc2)N=Nc1sc2c(n1)ccc(c2)[N+](=O)[O-],Cn1c(-c2ccccc2)c(N=Nc2nc3ccc([N+](=O)[O-])cc3s2)c2ccccc21,566.0,,Chloroform
CCN1C(=O)C(=CC=CC=CC=c2sc3c(n2CC)cccc3)C(=O)N(C1=S)CC,CCN1C(=O)C(=CC=CC=CC=C2Sc3ccccc3N2CC)C(=O)N(CC)C1=S,708.0,,DCM
Clc1cccc2c1c(C#Cc1ccccc1)c1c(c2C#Cc2ccccc2)cccc1,Clc1cccc2c(C#Cc3ccccc3)c3ccccc3c(C#Cc3ccccc3)c12,525.0,,
Brc1ccc2c(c1)C(C)(C)c1c2cc2c(c1)c(C#Cc1ccccc1)c1c(c2C#Cc2ccccc2)cccc1,CC1(C)c2cc(Br)ccc2-c2cc3c(C#Cc4ccccc4)c4ccccc4c(C#Cc4ccccc4)c3cc21,479.0,,dichloromethane
Oc1ccc2c(c1c1nc(c3n1cccc3)c1ccccc1)cccc2,Oc1ccc2ccccc2c1-c1nc(-c2ccccc2)c2ccccn12,467.0,11578.0,acetonitrile
c1ccc2c(c1)n(c1ccc(cc1)C=Cc1ccc(cc1)c1ccc(cc1)C=Cc1ccc(cc1)n1c3ccccc3c3c1cccc3)c1c2cccc1,C(=Cc1ccc(-n2c3ccccc3c3ccccc32)cc1)c1ccc(-c2ccc(C=Cc3ccc(-n4c5ccccc5c5ccccc54)cc3)cc2)cc1,375.0,,
CC(=O)C(=NNc1snc2c1cc(cc2)[N+](=O)[O-])C(=O)C,CC(=O)C(=NNc1snc2ccc([N+](=O)[O-])cc12)C(C)=O,455.0,,
ON=C1c2ccccc2c2c1cccc2,ON=C1c2ccccc2-c2ccccc21,318.0,23400.0,DMF
CN(c1ccc(cc1)c1[nH]c(nc1c1ccc(cc1)N(C)C)c1ccc(cc1)[N+](=O)[O-])C,CN(C)c1ccc(-c2nc(-c3ccc([N+](=O)[O-])cc3)[nH]c2-c2ccc(N(C)C)cc2)cc1,457.0,,CH 2 Cl 2
c1ccc(cc1)N(c1ccccc1)c1ccc(cc1)C=Cc1ccc(c2c1nsn2)C=Cc1ccc(cc1)N(c1ccccc1)c1ccccc1,C(=Cc1ccc(C=Cc2ccc(N(c3ccccc3)c3ccccc3)cc2)c2nsnc12)c1ccc(N(c2ccccc2)c2ccccc2)cc1,391.0,41000.0,DMF
N#CC(=Cc1ccc(cc1)[N+](=O)[O-])C#N,N#CC(C#N)=Cc1ccc([N+](=O)[O-])cc1,310.0,,Methanol
Cc1cc(C)cc(c1)C(=O)On1c(=O)c2cccc3c2c(c1=S)ccc3,Cc1cc(C)cc(C(=O)ON2C(=O)c3cccc4cccc(c34)C2=S)c1,435.4,,
CCN(c1ccc(cc1)C=C1CCC(=Cc2ccc(cc2)N(CC)CC)C1=O)CC,CCN(CC)c1ccc(C=C2CCC(=Cc3ccc(N(CC)CC)cc3)C2=O)cc1,549.0,,
[O-][N+](=O)c1cc2C(=CC=CC=CC=C3N(C)c4c(C3(C)C)cccc4)c3c(c2c(c1)[N+](=O)[O-])c(cc(c3)[N+](=O)[O-])[N+](=O)[O-],CN1C(=CC=CC=CC=C2c3cc([N+](=O)[O-])cc([N+](=O)[O-])c3-c3c2cc([N+](=O)[O-])cc3[N+](=O)[O-])C(C)(C)c2ccccc21,773.0,,Toluene
CCOC(=O)c1cc2cc3ccccc3nc2[nH]c1=O,CCOC(=O)c1cc2cc3ccccc3nc2[nH]c1=O,377.0,,acetone
OCC1OC(C(C1O)O)n1cnc2c1ncnc2N,Nc1ncnc2c1ncn2C1OC(CO)C(O)C1O,357.9,,Cyclohexane
Clc1ccc(cc1)C1(C=Cc2c(O1)ccc1c2ccc(c1)Br)c1ccc(cc1)Cl,Clc1ccc(C2(c3ccc(Cl)cc3)C=Cc3c(ccc4cc(Br)ccc34)O2)cc1,427.0,,
Nc1ccc2c(c1)nn(n2)c1ccccc1,Nc1ccc2nn(-c3ccccc3)nc2c1,628.0,,
COc1ccc(cc1)C1=C2C=CC(=N2)C(=c2ccc(=C(C3=NC(=C(c4[nH]c1cc4)c1ccc(cc1)O)C=C3)c1ccc(cc1)O)[nH]2)c1ccc(cc1)O,COc1ccc(-c2c3nc(c(-c4ccc(O)cc4)c4ccc([nH]4)c(-c4ccc(O)cc4)c4nc(c(-c5ccc(O)cc5)c5ccc2[nH]5)C=C4)C=C3)cc1,720.0,,chloroform
CN(c1ccc(cc1)C(=O)c1ccccc1)C,CN(C)c1ccc(C(=O)c2ccccc2)cc1,251.0,,
OCC1OC(CC1O)n1c(C=Cc2ccc(cc2)C(F)(F)F)nc2c1ncnc2N,Nc1ncnc2c1nc(C=Cc1ccc(C(F)(F)F)cc1)n2C1CC(O)C(CO)O1,338.0,,
COC(=O)c1n2nc(C=Cc3c4ccccc4cc4c3cccc4)ccc2c(c1C(=O)OC)C(=O)OC,COC(=O)c1c(C(=O)OC)c2ccc(C=Cc3c4ccccc4cc4ccccc34)nn2c1C(=O)OC,510.0,,Hexane
Cc1ccc2c(n1)c1nc(C)ccc1cc2,Cc1ccc2ccc3ccc(C)nc3c2n1,373.0,73040.0,
Cc1csc(c1)c1ccc(s1)c1c(F)c(F)c(c2c1nsn2)c1ccc(s1)c1scc(c1)C,Cc1csc(-c2ccc(-c3c(F)c(F)c(-c4ccc(-c5cc(C)cs5)s4)c4nsnc34)s2)c1,361.0,,
Cc1cc(C)c(c2c1C(=O)c1ccccc1C2=O)N,Cc1cc(C)c2c(c1N)C(=O)c1ccccc1C2=O,577.4,,
Brc1ccc(cc1)c1cc(nc(c1)c1ccncc1)c1ccncc1,Brc1ccc(-c2cc(-c3ccncc3)nc(-c3ccncc3)c2)cc1,263.0,,
CCOC(=O)c1ccn2c(c1)cc(n2)c1ccc(c(c1)OC)OC,CCOC(=O)c1ccn2nc(-c3ccc(OC)c(OC)c3)cc2c1,297.0,,Cyclohexane
c1ccc(cc1)C#Cc1ccc(s1)C#Cc1ccccc1,C(#Cc1ccc(C#Cc2ccccc2)s1)c1ccccc1,252.0,,
COc1ccc(cc1)C1C2C(C2=O)(C(N1N=O)c1ccc(cc1)OC)C,COc1ccc(C2C3C(=O)C3(C)C(c3ccc(OC)cc3)N2N=O)cc1,435.0,,KBr
O=C1OC(C(=C1Br)Nc1ccc(c(c1)C)C)OCc1ccccc1,Cc1ccc(NC2=C(Br)C(=O)OC2OCc2ccccc2)cc1C,290.0,,
CCN(c1ccc2c(c1)oc(=O)c(c2)C(=O)O)CC,CCN(CC)c1ccc2cc(C(=O)O)c(=O)oc2c1,435.0,,
[O-][N+](=O)N1C(c2ccccc2)C2CCC[C@@](C1c1ccccc1)(C2)C,C[C@@]12CCCC(C1)C(c1ccccc1)N([N+](=O)[O-])C2c1ccccc1,294.0,,MeOH
CN(c1ccc(cc1)C(=c1ccc(=C(C#N)C#N)cc1)C(=C(C#N)C#N)c1ccc(s1)C=O)C,CN(C)c1ccc(C(C(=C(C#N)C#N)c2ccc(C=O)s2)=c2ccc(=C(C#N)C#N)cc2)cc1,696.0,,CH 2 Cl
Brc1ccc(cc1)c1nc2CCc3c(c2c2c1c1ccc(cc1CC2)Br)ccc(c3)Br,Brc1ccc(-c2nc3c(c4c2-c2ccc(Br)cc2CC4)-c2ccc(Br)cc2CC3)cc1,323.0,48000.0,chloroform
Cc1ccc(cc1)C(=O)CC(=O)c1ccc(cc1)F,Cc1ccc(C(=O)CC(=O)c2ccc(F)cc2)cc1,358.0,,
Oc1c(C=Nc2ccccc2)cc(cc1C(C)(C)C)C(C)(C)C,CC(C)(C)c1cc(C=Nc2ccccc2)c(O)c(C(C)(C)C)c1,603.0,,
CC(COC(=O)c1ccccc1C(=O)OC(C)C)C,CC(C)COC(=O)c1ccccc1C(=O)OC(C)C,235.0,,
Cc1cccc(c1O)C,Cc1cccc(C)c1O,421.0,,
[O-][N+](=O)c1c2ccccc2n(c1N)S(=O)(=O)c1ccccc1,Nc1c([N+](=O)[O-])c2ccccc2n1S(=O)(=O)c1ccccc1,202.0,,
Oc1ccc(cc1O)c1cc(=O)c2c(o1)cccc2,O=c1cc(-c2ccc(O)c(O)c2)oc2ccccc12,342.0,,
Cn1ccc(=CC=C2C=C(Cl)c3c(C2=O)nccc3)cc1,CN1C=CC(=CC=C2C=C(Cl)c3cccnc3C2=O)C=C1,623.0,,THF
C(N=Cc1ccccn1)CN=Cc1ccccn1,C(=NCCN=Cc1ccccn1)c1ccccn1,606.0,,
Clc1cccc(c1)C(=O)Oc1c(cc(cc1[N+](=O)[O-])[N+](=O)[O-])[N+](=O)[O-],O=C(Oc1c([N+](=O)[O-])cc([N+](=O)[O-])cc1[N+](=O)[O-])c1cccc(Cl)c1,230.0,20464.44637,
Clc1cccc(c1)N=Nc1nc2c(s1)cc(cc2)[N+](=O)[O-],O=[N+]([O-])c1ccc2nc(N=Nc3cccc(Cl)c3)sc2c1,343.0,,Methanol
OCCN(c1ccc(cc1)N=Nc1ccc(cc1)N=Nc1ccc(cc1)S(=O)(=O)Nc1cc(OC)nc(n1)OC)CC,CCN(CCO)c1ccc(N=Nc2ccc(N=Nc3ccc(S(=O)(=O)Nc4cc(OC)nc(OC)n4)cc3)cc2)cc1,454.0,,
Cn1c2ccc(cc2c2c1cccc2)c1cc(nc(c1)c1ccccn1)c1ccccn1,Cn1c2ccccc2c2cc(-c3cc(-c4ccccn4)nc(-c4ccccn4)c3)ccc21,309.0,,DMF
S=C(Nc1cccc(n1)C)NCc1ccccc1,Cc1cccc(NC(=S)NCc2ccccc2)n1,315.0,,
c1ccc(cc1)C=Cc1ccn2c(c1)nc(c2)c1ccccc1,C(=Cc1ccn2cc(-c3ccccc3)nc2c1)c1ccccc1,410.0,28840.31503,TFA
COc1ccc(cc1)C=CC(=O)c1nnn(c1C)c1ccnc2c1ccc(c2)Cl,COc1ccc(C=CC(=O)c2nnn(-c3ccnc4cc(Cl)ccc34)c2C)cc1,233.0,,methanol
O=C1C(=Cc2cc3CCCN4c3c(c2O)CCC4)Oc2c1cccc2,O=C1C(=Cc2cc3c4c(c2O)CCCN4CCC3)Oc2ccccc21,518.0,,Methanol
C=CCOc1nc(Nc2ccc3c(c2)nn(n3)c2cc(Cl)ccc2O)nc(n1)N1C(C)(C)CC(CC1(C)C)OCC=C,C=CCOc1nc(Nc2ccc3nn(-c4cc(Cl)ccc4O)nc3c2)nc(N2C(C)(C)CC(OCC=C)CC2(C)C)n1,346.0,,
CCOC(=O)c1ccc(cc1)c1ccc(s1)c1ccc(s1)c1ccc(cc1)OC,CCOC(=O)c1ccc(-c2ccc(-c3ccc(-c4ccc(OC)cc4)s3)s2)cc1,655.0,,
CCN(c1ccc(cc1)C=Cc1ccc(cc1)C=Cc1ccc(cc1)Br)CC,CCN(CC)c1ccc(C=Cc2ccc(C=Cc3ccc(Br)cc3)cc2)cc1,401.0,51000.0,Toluene
c1ccc(cc1)P(CP(c1ccccc1)c1ccccc1)CP(c1ccccc1)c1ccccc1,c1ccc(P(CP(c2ccccc2)c2ccccc2)CP(c2ccccc2)c2ccccc2)cc1,335.0,,
Cn1cc(c2c1cccc2)c1sc(c2c1cccc2)c1ccc(s1)C=O,Cn1cc(-c2sc(-c3ccc(C=O)s3)c3ccccc23)c2ccccc21,525.0,,CH 2 Cl
CCOC(=O)c1c(O)c(N=Nc2ccc(cc2)C#N)c2c(c1O)cccc2,CCOC(=O)c1c(O)c(N=Nc2ccc(C#N)cc2)c2ccccc2c1O,462.0,,DMSO
CCOC(=O)C=c1sc2=NC3=C(C(n2c1=O)c1ccc(c(c1)OC)OC)C3=Cc1ccc(c(c1)OC)OC,CCOC(=O)C=c1sc2n(c1=O)C(c1ccc(OC)c(OC)c1)C1=C(N=2)C1=Cc1ccc(OC)c(OC)c1,323.52,,
c1ccc2c(c1)[nH]cn2,c1ccc2[nH]cnc2c1,602.0,,dichloromethane
[O-][N+](=O)c1cccc(c1)C=NNC(=Cc1ccc2c(n1)cccc2)C(C)(C)C,CC(C)(C)C(=Cc1ccc2ccccc2n1)NN=Cc1cccc([N+](=O)[O-])c1,430.0,,ethanol
COc1cccc(c1)N(c1cc(=O)[nH]c(n1)c1ccccc1)C,COc1cccc(N(C)c2cc(=O)[nH]c(-c3ccccc3)n2)c1,272.0,33113.11215,
Cc1cc(sc1c1nc2c(s1)nc(s2)c1sccc1C)c1ccc(cc1C(F)(F)F)C(F)(F)F,Cc1ccsc1-c1nc2sc(-c3sc(-c4ccc(C(F)(F)F)cc4C(F)(F)F)cc3C)nc2s1,473.0,,
OCc1c(nc2n1cccc2)c1ccc(cc1)F,OCc1c(-c2ccc(F)cc2)nc2ccccn12,320.0,,
C(COc1c(c2ccc(cc2)C#N)c(C#N)c(c(c1C#N)c1ccc(cc1)C#N)OC)CC,CCCCOc1c(C#N)c(-c2ccc(C#N)cc2)c(OC)c(C#N)c1-c1ccc(C#N)cc1,430.0,,
CCCN1c2ccc(cc2Sc2c1cccc2)C=Cc1cc(=O)oc2c1cccc2,CCCN1c2ccccc2Sc2cc(C=Cc3cc(=O)oc4ccccc34)ccc21,424.0,,chloroform
Cn1c(c2ccccc2)c(nc1c1c2ccccc2c(c2c1cccc2)Br)c1ccccc1,Cn1c(-c2c3ccccc3c(Br)c3ccccc23)nc(-c2ccccc2)c1-c1ccccc1,458.9,,quartz
Oc1ccc(cc1)c1oc2cc(O)cc(c2c(=O)c1O)O,O=c1c(O)c(-c2ccc(O)cc2)oc2cc(O)cc(O)c12,349.0,,
COc1ccc(cc1F)C1(COC2C(=C1)c1ccccc1C=C2)c1ccc(c(c1)F)OC,COc1ccc(C2(c3ccc(OC)c(F)c3)C=C3c4ccccc4C=CC3OC2)cc1F,465.0,,
O=C(C(=C)COc1ccc(cc1)C(=O)c1ccccc1)OC(C)(C)C,C=C(COc1ccc(C(=O)c2ccccc2)cc1)C(=O)OC(C)(C)C,289.0,,
C#Cc1ccc(cc1)Sc1ccc(cc1)C#C,C#Cc1ccc(Sc2ccc(C#C)cc2)cc1,249.75,,
Brc1ccc(cc1)C1=C(C(=O)CC1)c1cc(sc1C)C,Cc1cc(C2=C(c3ccc(Br)cc3)CCC2=O)c(C)s1,280.0,,
CSc1c[nH]n(s1)N=Nc1ccc(c2c1cccn2)O,CSC1=CNN(N=Nc2ccc(O)c3ncccc23)S1,560.0,,DMSO
O=C(c1ccccc1)NC1=CC(=O)C(=O)c2c1cccc2,O=C1C=C(NC(=O)c2ccccc2)c2ccccc2C1=O,278.0,,ethanol
CCN(c1ccccc1C)c1cc(=O)[nH]c(n1)c1ccccc1,CCN(c1cc(=O)[nH]c(-c2ccccc2)n1)c1ccccc1C,274.0,53703.17964,
COc1ccc(cc1)Cc1nnc2n1nc(s2)c1ccc2c(c1)cccc2,COc1ccc(Cc2nnc3sc(-c4ccc5ccccc5c4)nn23)cc1,306.0,220000.0,Methanol
Cc1cc2nn(cc2c2n1c1ccc(cc1n2)Cl)c1ccccc1,Cc1cc2nn(-c3ccccc3)cc2c2nc3cc(Cl)ccc3n12,337.0,,
Brc1ccc(cc1)c1nn(c2c1c1c(cn2)c(=O)[nH]n1c1ccccc1)c1ccccc1,O=c1[nH]n(-c2ccccc2)c2c1cnc1c2c(-c2ccc(Br)cc2)nn1-c1ccccc1,370.0,,DMSO
CCN(c1nc(c(s1)N=Nc1ccccc1)c1ccccc1)CC,CCN(CC)c1nc(-c2ccccc2)c(N=Nc2ccccc2)s1,471.0,28000.0,
Oc1ccc(cc1)N=Nc1snc2c1cc(cc2)[N+](=O)[O-],O=[N+]([O-])c1ccc2nsc(N=Nc3ccc(O)cc3)c2c1,464.0,,
CCOC(=O)c1ccn2c(c1)cc(n2)c1ccc2c(c1)cccc2,CCOC(=O)c1ccn2nc(-c3ccc4ccccc4c3)cc2c1,298.0,,Cyclohexane
Cn1c2ccc(cc2c2c1ccc(c2)C(=Cc1ccc(cc1)c1nnc(o1)C)C#N)C(=Cc1ccc(cc1)c1nnc(o1)C)C#N,Cc1nnc(-c2ccc(C=C(C#N)c3ccc4c(c3)c3cc(C(C#N)=Cc5ccc(-c6nnc(C)o6)cc5)ccc3n4C)cc2)o1,417.0,,dichloromethane
Clc1ccc(cc1)N=Nc1c(N)nc2n(c1N)nc(c2N=Nc1nccs1)N,Nc1nc2c(N=Nc3nccs3)c(N)nn2c(N)c1N=Nc1ccc(Cl)cc1,478.0,,
CCOCn1c(=O)[nH]c(=O)c(c1Cc1cc(C)cc(c1)C)C(C)C,CCOCn1c(Cc2cc(C)cc(C)c2)c(C(C)C)c(=O)[nH]c1=O,324.0,,
O=NN1C(C2C(C1c1ccccc1C)C2=O)c1ccccc1C,Cc1ccccc1C1C2C(=O)C2C(c2ccccc2C)N1N=O,448.0,,KBr
Cc1ccc(cc1)NC(C1=C(O)C(=O)c2c(C1=O)cccc2)c1ccc(cc1O)[N+](=O)[O-],Cc1ccc(NC(C2=C(O)C(=O)c3ccccc3C2=O)c2ccc([N+](=O)[O-])cc2O)cc1,444.0,3801.893963,
Oc1ccc2c(c1)[nH]c1c2cccc1,Oc1ccc2c(c1)[nH]c1ccccc12,346.0,,
C=C(c1c2ccccc2cc2c1cccc2)O,C=C(O)c1c2ccccc2cc2ccccc12,369.0,,Acetonitrile
COc1ccc(cc1)c1cn2c(n1)cc(cc2)C=Cc1cccs1,COc1ccc(-c2cn3ccc(C=Cc4cccs4)cc3n2)cc1,392.0,34673.68505,Toluene
N#CC(=C1OC(C(=C1C#N)C=CC1=C(Cl)C(=CC=C2N(C)c3c(C2(C)C)cccc3)CC(C1)(c1ccccc1)c1ccccc1)(C)C)C#N,CN1C(=CC=C2CC(c3ccccc3)(c3ccccc3)CC(C=CC3=C(C#N)C(=C(C#N)C#N)OC3(C)C)=C2Cl)C(C)(C)c2ccccc21,839.0,,DMF
Clc1cc(ccc1O)C1(OS(=O)(=O)c2c1cccc2)c1ccc(c(c1)Cl)O,O=S1(=O)OC(c2ccc(O)c(Cl)c2)(c2ccc(O)c(Cl)c2)c2ccccc21,575.0,,
Cc1ccc(cc1)c1n[nH]c(n1)c1ccccn1,Cc1ccc(-c2n[nH]c(-c3ccccn3)n2)cc1,540.0,,
Cc1ncccc1NCCCNc1cccnc1C,Cc1ncccc1NCCCNc1cccnc1C,598.0,,
COC(=O)c1c(ccc2c1nc([nH]2)c1ccc(cc1O)O)C(=O)OC,COC(=O)c1ccc2[nH]c(-c3ccc(O)cc3O)nc2c1C(=O)OC,445.0,,
COc1ccc(cc1)N=Nc1ccc(cc1)OCC(=O)O,COc1ccc(N=Nc2ccc(OCC(=O)O)cc2)cc1,444.0,,
c1ccc(cc1)c1c(ccn2c1nc1c2cccc1)c1nnc(o1)c1ccc2c(c1)cccc2,c1ccc(-c2c(-c3nnc(-c4ccc5ccccc5c4)o3)ccn3c2nc2ccccc23)cc1,346.0,,
Cc1ccsc1c1sc(c2c1cccc2)c1oc2c(c1C)cccc2,Cc1ccsc1-c1sc(-c2oc3ccccc3c2C)c2ccccc12,459.0,,CH 2 Cl
O=C(c1cccs1)CC(=O)c1cscc1,O=C(CC(=O)c1cccs1)c1ccsc1,370.0,239883.2919,CH 2 Cl
Nc1ccc2c(c1)ccc(=O)o2,Nc1ccc2oc(=O)ccc2c1,358.0,,
Nc1ccc(c(c1)c1nc2c([nH]1)cccc2)O,Nc1ccc(O)c(-c2nc3ccccc3[nH]2)c1,320.0,,
COc1c(c2ccccc2)c(C#N)c(c(c1C#N)c1ccccc1)OC,COc1c(C#N)c(-c2ccccc2)c(OC)c(C#N)c1-c1ccccc1,419.0,,
Cc1cc(C(c2ccccc2)c2ccccc2)c(c(c1)c1nc2c(n1C(C)C)cccc2)O,Cc1cc(-c2nc3ccccc3n2C(C)C)c(O)c(C(c2ccccc2)c2ccccc2)c1,221.0,,
OCc1c(nc2n1cccn2)c1ccc(cc1)Cl,OCc1c(-c2ccc(Cl)cc2)nc2ncccn12,228.0,,
COC(=O)CCC(=NNc1ccccc1)C1=Nc2c(C1(C)C)c1ccccc1cc2,COC(=O)CCC(=NNc1ccccc1)C1=Nc2ccc3ccccc3c2C1(C)C,294.0,31680.0,
O=Cc1ccc(s1)c1c2cc(ccc2c(c2c1ccc(c2)C(C)(C)C)N(c1cccc2c1cccc2)c1ccccc1)C(C)(C)C,CC(C)(C)c1ccc2c(N(c3ccccc3)c3cccc4ccccc34)c3cc(C(C)(C)C)ccc3c(-c3ccc(C=O)s3)c2c1,489.0,,
N#CC(c1ccco1)C#N,N#CC(C#N)c1ccco1,347.0,88990.0,
Cc1cc(c(s1)C)C1=C(CC(=Cc2ccc(cc2)N2CCOCC2)C1=O)c1cc(sc1C)C,Cc1cc(C2=C(c3cc(C)sc3C)C(=O)C(=Cc3ccc(N4CCOCC4)cc3)C2)c(C)s1,386.0,,
CC(NC(=O)C(=C)C)CNc1ccc2c(c1)nc(c(n2)N1CCOCC1)N1CCOCC1,C=C(C)C(=O)NC(C)CNc1ccc2nc(N3CCOCC3)c(N3CCOCC3)nc2c1,508.0,,
O=C1c2ccccc2C(=O)c2c1c(F)c(c(c2F)F)F,O=C1c2ccccc2C(=O)c2c(F)c(F)c(F)c(F)c21,329.0,,
Oc1cc2ncc(cc2cc1c1nc2c(s1)cccc2)c1ccc(cc1)[N+](=O)[O-],O=[N+]([O-])c1ccc(-c2cnc3cc(O)c(-c4nc5ccccc5s4)cc3c2)cc1,331.0,,Acetone
COc1ccccc1C(=NNc1ccccc1)N=Nc1ccc(cc1)Cl,COc1ccccc1C(N=Nc1ccc(Cl)cc1)=NNc1ccccc1,355.0,,
Cn1c2ccc(cc2c2c1ccc(c2)c1ccc(s1)c1cccnc1C=C)c1ccc(s1)c1cccnc1C=C,C=Cc1ncccc1-c1ccc(-c2ccc3c(c2)c2cc(-c4ccc(-c5cccnc5C=C)s4)ccc2n3C)s1,754.0,,Benzyl alcohol
Cn1c(=CN=Nc2ccc(cc2)C=C(C#N)C#N)sc2c1cccc2,CN1C(=CN=Nc2ccc(C=C(C#N)C#N)cc2)Sc2ccccc21,484.0,,DMF
[O-][N+](=O)c1ccc(cc1)c1nnc(s1)N=Nc1ccc(s1)c1cccs1,O=[N+]([O-])c1ccc(-c2nnc(N=Nc3ccc(-c4cccs4)s3)s2)cc1,565.0,,DMSO
C1CCc2c(C1)nc1c(c2)cc2c(n1)cccc2,c1ccc2nc3nc4c(cc3cc2c1)CCCC4,362.0,,DMF
Fc1ccc(cc1)C1(C=Cc2c(O1)ccc1c2ccc(c1)Br)c1ccc(cc1)F,Fc1ccc(C2(c3ccc(F)cc3)C=Cc3c(ccc4cc(Br)ccc34)O2)cc1,455.0,,
OC(=O)c1nc2c(nc1C(=O)O)c1c3c2cccc3c(cc1)N(c1ccccc1)c1ccccc1,O=C(O)c1nc2c(nc1C(=O)O)-c1ccc(N(c3ccccc3)c3ccccc3)c3cccc-2c13,461.0,,
CC(=O)N1N=C(CC1c1c2ccccc2cc2c1cccc2)c1ccccc1,CC(=O)N1N=C(c2ccccc2)CC1c1c2ccccc2cc2ccccc12,458.0,,
ClCCCn1c(Br)nc2c1c(=O)n(C)c(=O)n2C,Cn1c(=O)c2c(nc(Br)n2CCCCl)n(C)c1=O,317.5,22908.67653,
CO[Si](CCCSC(=O)c1ccccc1Cl)(OC)OC,CO[Si](CCCSC(=O)c1ccccc1Cl)(OC)OC,274.0,116700.0,chloroform
CSc1ccc(cc1)N=Nc1nc2c(s1)cccc2,CSc1ccc(N=Nc2nc3ccccc3s2)cc1,403.0,,Methanol
COc1ccc2c(c1)oc(=O)cc2CSc1ccccc1,COc1ccc2c(CSc3ccccc3)cc(=O)oc2c1,323.0,,
CCOC(=O)C1C(=O)C=C(CC1c1ccc(cc1)Cl)c1ccco1,CCOC(=O)C1C(=O)C=C(c2ccco2)CC1c1ccc(Cl)cc1,331.0,,
O=c1[nH]c(c2c1c([nH]c2=O)c1ccccc1)c1ccccc1,O=C1NC(c2ccccc2)=C2C(=O)NC(c3ccccc3)=C12,507.0,,dimethylsufoxide
Brc1sc(c2c1SC(=C1Sc3c(S1)c(sc3Br)Br)S2)Br,Brc1sc(Br)c2c1SC(=C1Sc3c(Br)sc(Br)c3S1)S2,300.0,,
Clc1ccc2c(c1)nccc2NCCNCCCOc1ccc2c(c1)c1c(cc2)OC2=C(C1c1ccc(cc1)C(F)(F)F)C(=O)CC(C2)(C)C,CC1(C)CC(=O)C2=C(C1)Oc1ccc3ccc(OCCCNCCNc4ccnc5cc(Cl)ccc45)cc3c1C2c1ccc(C(F)(F)F)cc1,329.0,10000.0,methanol
c1ccc2=NC3=CC=CC4=NC=NC34N=c2c1,C1=CC2=NC=NC23N=c2ccccc2=NC3=C1,262.0,,
COc1cc2ccccc2cc1C=Cc1cc2ccccc2c2c1OC(C=C2)(c1ccccc1)c1ccccc1,COc1cc2ccccc2cc1C=Cc1cc2ccccc2c2c1OC(c1ccccc1)(c1ccccc1)C=C2,450.0,,
Cc1cc(c(s1)C)C1=C(CC(C1=O)N1CCOCC1)c1cc(sc1C)C,Cc1cc(C2=C(c3cc(C)sc3C)C(=O)C(N3CCOCC3)C2)c(C)s1,318.0,,
Cc1nn(c(c1I)C)Cn1nc(c(c1C)I)C,Cc1nn(Cn2nc(C)c(I)c2C)c(C)c1I,204.0,6559.0,
Oc1ccccc1N=Cc1cc(cc(c1O)C(C)(C)C)C(C)(C)C,CC(C)(C)c1cc(C=Nc2ccccc2O)c(O)c(C(C)(C)C)c1,344.0,,
c1cc2OCCc2c(c1)c1ccc(c2c1cc[nH]2)c1cccc2c1CCO2,c1cc2c(c(-c3ccc(-c4cccc5c4CCO5)c4[nH]ccc34)c1)CCO2,321.0,,
C1(C)c2cc3nc([nH]c3cc2c2c1cc1nc([nH]c1c2)c1ccccc1F)c1ccccc1F,CC1c2cc3nc(-c4ccccc4F)[nH]c3cc2-c2cc3[nH]c(-c4ccccc4F)nc3cc21,385.0,,
c1ccc(nc1)c1nc2c(o1)c1cccnc1c1c2cccn1,c1ccc(-c2nc3c4cccnc4c4ncccc4c3o2)nc1,290.0,52160.0,
O=C(Cc1cc(=O)oc2c1c1ccccc1cc2)NCc1nnn(c1)C([C@H]1O[C@H]([C@@H]([C@@H]1O)O)n1ccc(=O)[nH]c1=O)O,O=C(Cc1cc(=O)oc2ccc3ccccc3c12)NCc1cn(C(O)[C@H]2O[C@@H](n3ccc(=O)[nH]c3=O)[C@H](O)[C@@H]2O)nn1,350.0,,
c1ccc(cc1)c1c(ccn2c1nc1c2cccc1)c1nnc(o1)c1ccccc1,c1ccc(-c2nnc(-c3ccn4c(nc5ccccc54)c3-c3ccccc3)o2)cc1,342.0,,
Cc1sc(c(c1)C1=C(C(=O)CC1)c1ccccc1)C,Cc1cc(C2=C(c3ccccc3)C(=O)CC2)c(C)s1,308.0,,
N#CC(=Cc1ccc(s1)c1c2cc(ccc2c(c2c1ccc(c2)C(C)(C)C)N(c1cccc2c1cccc2)c1ccccc1)C(C)(C)C)C(=O)O,CC(C)(C)c1ccc2c(N(c3ccccc3)c3cccc4ccccc34)c3cc(C(C)(C)C)ccc3c(-c3ccc(C=C(C#N)C(=O)O)s3)c2c1,634.0,,THF
c1ccc(cc1)n1c2ccccc2c2c1ccc(c2)c1ccc(cc1)c1nc2c(s1)cccc2,c1ccc(-n2c3ccccc3c3cc(-c4ccc(-c5nc6ccccc6s5)cc4)ccc32)cc1,448.0,,
c1ccc(cc1)N(c1ccccc1)c1ccc(cc1)c1ccc(cc1)c1nc2c(n1c1ccccc1)cccc2,c1ccc(N(c2ccccc2)c2ccc(-c3ccc(-c4nc5ccccc5n4-c4ccccc4)cc3)cc2)cc1,355.0,,Tetrahydrofuran
COc1ccc(cc1)N=Nc1c([nH]c2n1nc(c2N=Nc1ccccc1)C)c1ccccc1,COc1ccc(N=Nc2c(-c3ccccc3)[nH]c3c(N=Nc4ccccc4)c(C)nn23)cc1,526.0,,dioxane
Nc1ccc2c(c1)C(=O)c1c(C2=O)cccc1,Nc1ccc2c(c1)C(=O)c1ccccc1C2=O,468.9,,methanol
O=S(=O)(C=Cc1ccc(cc1)N(c1ccccc1)c1ccccc1)C=Cc1ccc(cc1)N(c1ccccc1)c1ccccc1,O=S(=O)(C=Cc1ccc(N(c2ccccc2)c2ccccc2)cc1)C=Cc1ccc(N(c2ccccc2)c2ccccc2)cc1,402.0,,
Fc1c(C#Cc2ccccc2)c(C#Cc2ccccc2)c(c(c1F)C#Cc1ccccc1)C#Cc1ccccc1,Fc1c(F)c(C#Cc2ccccc2)c(C#Cc2ccccc2)c(C#Cc2ccccc2)c1C#Cc1ccccc1,390.0,,
CCn1cc(C(=O)O)c(=O)c2c1cc1OCOc1c2,CCn1cc(C(=O)O)c(=O)c2cc3c(cc21)OCO3,490.0,,
N#CC(=Cc1ccc(cc1)N(c1ccccc1)c1ccccc1)c1ccc(cc1)c1ccc2c(c1)cccc2,N#CC(=Cc1ccc(N(c2ccccc2)c2ccccc2)cc1)c1ccc(-c2ccc3ccccc3c2)cc1,412.0,,Cyclohexane
c1csc(c1)c1ccc2c3c1ccc1c3c(cc2)ccc1,c1csc(-c2ccc3ccc4cccc5ccc2c3c45)c1,347.0,,chloroform
CCOC(=O)c1n2nc(ccc2c(c1C(=O)OC)C(=O)OC)c1ccc(cc1)Cl,CCOC(=O)c1c(C(=O)OC)c(C(=O)OC)c2ccc(-c3ccc(Cl)cc3)nn12,350.0,,acetonitrile
c1ccc(nc1)c1nc2c([nH]1)c1cccnc1c1c2cccn1,c1ccc(-c2nc3c4cccnc4c4ncccc4c3[nH]2)nc1,303.0,54810.0,
[O-][N+](=O)c1ccc2c(c1)oc(n2)c1cccc(n1)c1nc2c(o1)cc(cc2)[N+](=O)[O-],O=[N+]([O-])c1ccc2nc(-c3cccc(-c4nc5ccc([N+](=O)[O-])cc5o4)n3)oc2c1,355.0,,
CCOC(=O)c1cc2c(n1Cc1ccc(cc1)OC)c1[nH]c(=O)c(cc1CC2)S(=O)(=O)c1ccccc1,CCOC(=O)c1cc2c(n1Cc1ccc(OC)cc1)-c1[nH]c(=O)c(S(=O)(=O)c3ccccc3)cc1CC2,382.0,35577.0,
COc1c(O)ccc2c1C(=O)OC2,COc1c(O)ccc2c1C(=O)OC2,482.0,27800.0,DMF
Clc1ccc(cc1)c1cc(n(n1)Cc1ccc(cc1)C(C)(C)C)c1nnc(o1)c1ccccc1,CC(C)(C)c1ccc(Cn2nc(-c3ccc(Cl)cc3)cc2-c2nnc(-c3ccccc3)o2)cc1,274.0,,dichloromethane
Clc1ccc(cc1)c1nnc(o1)c1ccn2c(c1c1ccccc1)nc1c2cccc1,Clc1ccc(-c2nnc(-c3ccn4c(nc5ccccc54)c3-c3ccccc3)o2)cc1,341.0,,
N#Cc1c(N)sc2c1c1ccccc1C2=O,N#Cc1c(N)sc2c1-c1ccccc1C2=O,531.0,,acetone
COc1ccccc1C=c1oc(=Cc2ccc(cc2)N(C)C)c2c1cccc2,COc1ccccc1C=c1oc(=Cc2ccc(N(C)C)cc2)c2ccccc12,406.0,33600.0,
COC(=O)[C@@H](NS(=O)(=O)c1ccccc1[N+](=O)[O-])Cc1c([nH]c2c1cccc2)C(=C)c1ccccc1,C=C(c1ccccc1)c1[nH]c2ccccc2c1C[C@H](NS(=O)(=O)c1ccccc1[N+](=O)[O-])C(=O)OC,301.0,,
COc1ccc(cc1)C=Cc1ccc(cc1)N(c1ccc(cc1)C=Cc1ccc(cc1)OC)c1ccc(cc1)C=Cc1ccc(cc1)OC,COc1ccc(C=Cc2ccc(N(c3ccc(C=Cc4ccc(OC)cc4)cc3)c3ccc(C=Cc4ccc(OC)cc4)cc3)cc2)cc1,396.0,,
CC(=O)O[C@@H]1[C@H](OC(=O)C)[C@H](O[C@H]1n1ccc(=S)[nH]c1=O)COC(=O)C,CC(=O)OC[C@H]1O[C@@H](n2ccc(=S)[nH]c2=O)[C@H](OC(C)=O)[C@@H]1OC(C)=O,550.0,20600.0,
CC(C(=O)Nc1ccc(cc1)S(=O)(=O)N)Br,CC(Br)C(=O)Nc1ccc(S(N)(=O)=O)cc1,266.0,,
COc1ccc(cc1)c1ccc(nc1)c1ccccn1,COc1ccc(-c2ccc(-c3ccccn3)nc2)cc1,339.0,,
c1ccc(cc1)N(c1ccc2c(c1)cccc2)c1ccc2c(c1)ccc(n2)Nc1ccc2c(n1)ccc(c2)N(c1ccc2c(c1)cccc2)c1ccccc1,c1ccc(N(c2ccc3ccccc3c2)c2ccc3nc(Nc4ccc5cc(N(c6ccccc6)c6ccc7ccccc7c6)ccc5n4)ccc3c2)cc1,505.0,,
c1ccc(cc1)c1ccc(nc1)c1ccccn1,c1ccc(-c2ccc(-c3ccccn3)nc2)cc1,322.0,,
COc1ccc(cc1)C(=O)CC(=O)c1cccc(n1)C(=O)CC(=O)c1ccc(cc1)OC,COc1ccc(C(=O)CC(=O)c2cccc(C(=O)CC(=O)c3ccc(OC)cc3)n2)cc1,356.0,40738.02778,
O=Cc1ccc(s1)c1ccc(cc1)C#N,N#Cc1ccc(-c2ccc(C=O)s2)cc1,386.0,,
CCn1c2ccccc2c2c1nc1cc3c(=O)[nH][nH]c(=O)c3cc1n2,CCn1c2ccccc2c2nc3cc4c(=O)[nH][nH]c(=O)c4cc3nc21,408.0,,DMF
N#CC(=Cc1ccc(s1)c1ccc2c3c1cccc3c1c2c(c2ccccc2)c2c(c1c1ccccc1)cccc2)C(=O)O,N#CC(=Cc1ccc(-c2ccc3c4c(cccc24)-c2c-3c(-c3ccccc3)c3ccccc3c2-c2ccccc2)s1)C(=O)O,445.0,,
C#Cc1ccc(cc1)N(c1ccc(cc1)C#C)c1ccc(cc1)C=C1Cc2c(C1=O)cccc2,C#Cc1ccc(N(c2ccc(C#C)cc2)c2ccc(C=C3Cc4ccccc4C3=O)cc2)cc1,434.0,,
Cc1nn(c2c1c1nc3c(n1c(c2)c1ccccc1)cccc3)c1ccccc1,Cc1nn(-c2ccccc2)c2cc(-c3ccccc3)n3c4ccccc4nc3c12,283.0,,
N#Cc1cnn2c1nc(C)c1c2OCC1,Cc1nc2c(C#N)cnn2c2c1CCO2,318.0,,
CC1CCC(=CSC=Cc2ccc(cc2)C=CSC=C2CCC(CC2)C)CC1,CC1CCC(=CSC=Cc2ccc(C=CSC=C3CCC(C)CC3)cc2)CC1,350.0,,CH 2 Cl 2
O=C1C(=CC=C2OC(=CC(=C2)c2ccccc2)c2ccccc2)C(=O)c2c1csc2,O=C1C(=CC=C2C=C(c3ccccc3)C=C(c3ccccc3)O2)C(=O)c2cscc21,619.0,,dichloromethane
c1ccc2c(c1)C=C(C2)c1ccc(cc1)c1nnc(o1)c1cccs1,C1=C(c2ccc(-c3nnc(-c4cccs4)o3)cc2)Cc2ccccc21,351.0,,
COc1ccc(cc1)C#Cc1cc2c(C)cc(c3c2c2c1cc(cc2c(c3)C#Cc1ccc(cc1)OC)C(C)(C)C)C,COc1ccc(C#Cc2cc3c(C)cc(C)c4cc(C#Cc5ccc(OC)cc5)c5cc(C(C)(C)C)cc2c5c34)cc1,385.0,31622.7766,
OC[C@H]1O[C@H]([C@@H]([C@@H]1O)O)n1ccc(=O)[nH]c1=O,O=c1ccn([C@@H]2O[C@H](CO)[C@@H](O)[C@H]2O)c(=O)[nH]1,262.0,,
Clc1ccc2c(c1)c(C#Cc1ccccc1)c1c(c2C#Cc2ccccc2)cccc1,Clc1ccc2c(C#Cc3ccccc3)c3ccccc3c(C#Cc3ccccc3)c2c1,514.0,,
CCOc1ccccc1c1c(C#N)c(N)nc(c1C#N)N,CCOc1ccccc1-c1c(C#N)c(N)nc(N)c1C#N,338.0,,THF
c1ccc2c(c1)cc(cc2)c1ccc(cc1)c1ccc(cc1)c1ccc2c(c1)cccc2,c1ccc2cc(-c3ccc(-c4ccc(-c5ccc6ccccc6c5)cc4)cc3)ccc2c1,398.0,,
C=CCOc1ccc2c(c1)oc1c(c2c2ccccc2C(=O)NC2CC(C)(C)NC(C2)(C)C)ccc(=O)c1,C=CCOc1ccc2c(-c3ccccc3C(=O)NC3CC(C)(C)NC(C)(C)C3)c3ccc(=O)cc-3oc2c1,486.0,,
N#CC(=Cc1ccc(cc1F)C=Cc1ccc(cc1)N(c1cccc2c1cccc2)c1ccccc1)C(=O)O,N#CC(=Cc1ccc(C=Cc2ccc(N(c3ccccc3)c3cccc4ccccc34)cc2)cc1F)C(=O)O,427.0,,
Cc1sc(c(c1)C(=O)C=Cc1ccc(cc1)N(c1ccccc1)c1ccccc1)C,Cc1cc(C(=O)C=Cc2ccc(N(c3ccccc3)c3ccccc3)cc2)c(C)s1,413.0,,
O=c1[nH]c2ccccc2n(c1=O)C(=O)C,CC(=O)n1c(=O)c(=O)[nH]c2ccccc21,250.0,,
COc1ccc(cc1)c1c([nH]c2c1cccc2)c1ccc(cc1)S(=O)(=O)N,COc1ccc(-c2c(-c3ccc(S(N)(=O)=O)cc3)[nH]c3ccccc23)cc1,237.0,,
CCOC(=O)c1c[nH]c2c(c1=O)cc(c(c2)c1nc2c(s1)cccc2)O,CCOC(=O)c1c[nH]c2cc(-c3nc4ccccc4s3)c(O)cc2c1=O,638.0,,Dioxane
c1ccc(nc1)c1ccc2c(c1)Cc1c2ccc(c1)c1nc2c(s1)cccc2,c1ccc(-c2ccc3c(c2)Cc2cc(-c4nc5ccccc5s4)ccc2-3)nc1,272.0,53900.0,
O=c1[nH]c2c(cc1S(=O)(=O)c1ccccc1)CCc1c2n(cc1)Cc1ccccc1,O=c1[nH]c2c(cc1S(=O)(=O)c1ccccc1)CCc1ccn(Cc3ccccc3)c1-2,375.0,33182.0,
CCOc1ccc(cc1)c1c2ccccc2c(c2c1cc(cc2)c1ccccc1)c1ccc2c(c1)cccc2,CCOc1ccc(-c2c3ccccc3c(-c3ccc4ccccc4c3)c3ccc(-c4ccccc4)cc23)cc1,396.0,10445.0,
Cc1cccc(c1)C,Cc1cccc(C)c1,288.0,2953.0,n-hexane
COc1ccc(cc1)c1ccc(s1)c1ccc(s1)c1ccc(cc1)C#N,COc1ccc(-c2ccc(-c3ccc(-c4ccc(C#N)cc4)s3)s2)cc1,400.0,42657.95188,
Cc1cc(C=Nc2c(C)cccc2C)c(c(c1)C(c1ccccc1)c1ccccc1)O,Cc1cc(C=Nc2c(C)cccc2C)c(O)c(C(c2ccccc2)c2ccccc2)c1,346.0,,Toluene
CCOC(=O)C(=Cc1cn(c2c1cccc2)CC)C#N,CCOC(=O)C(C#N)=Cc1cn(CC)c2ccccc12,393.0,,Toluene
CCNc1nnc(s1)c1ccc(cc1)NC(=S)Nc1ccccc1,CCNc1nnc(-c2ccc(NC(=S)Nc3ccccc3)cc2)s1,465.0,,
Clc1cccc(c1)NN=C(C(=O)c1ccccc1)c1nc(C)cc(=O)[nH]1,Cc1cc(=O)[nH]c(C(=NNc2cccc(Cl)c2)C(=O)c2ccccc2)n1,383.0,23988.32919,
Oc1ccc(c(c1)O)c1nc2c([nH]1)cccc2,Oc1ccc(-c2nc3ccccc3[nH]2)c(O)c1,326.0,,Water
CN(c1ccc(cc1)C=c1c(O)c2ccccc2c2c1nc1ccccc1[nH]2)C,CN(C)c1ccc(C=c2c(O)c3ccccc3c3c2=Nc2ccccc2N3)cc1,571.0,,THF
COc1ccc(cc1Cl)NC(=O)N(C)C,COc1ccc(NC(=O)N(C)C)cc1Cl,445.0,,
O=C(NC12CC3CC(C1)CC(C2)(C3)NC(=O)Nc1ccc2c(c1)cc1c(c2)cccc1)Nc1ccc2c(c1)cc1c(c2)cccc1,O=C(Nc1ccc2cc3ccccc3cc2c1)NC12CC3CC(C1)CC(NC(=O)Nc1ccc4cc5ccccc5cc4c1)(C3)C2,407.0,,DMSO
CN1c2cccc(c2Sc2c1cccc2)C=Nc1ccc2c(c1)Cc1c2cccc1,CN1c2ccccc2Sc2c(C=Nc3ccc4c(c3)Cc3ccccc3-4)cccc21,351.0,17073.0,DCM
CCN(c1ccc2c(c1)oc(=NC(=O)NC(C)C)c(c2)C#N)CC,CCN(CC)c1ccc2cc(C#N)c(=NC(=O)NC(C)C)oc2c1,439.0,,
Cn1cc(c2c1cccc2)C=Cc1cc(=O)oc2c1ccc(c2)C,Cc1ccc2c(C=Cc3cn(C)c4ccccc34)cc(=O)oc2c1,398.0,,chloroform
COC(=O)c1c(C)nn(c1c1ccccc1O)c1nc2c(s1)cccc2,COC(=O)c1c(C)nn(-c2nc3ccccc3s2)c1-c1ccccc1O,292.0,,DMSO
CCc1ccc(cc1)n1c(nc(c1c1ccccc1)c1ccccc1)c1ccccc1,CCc1ccc(-n2c(-c3ccccc3)nc(-c3ccccc3)c2-c2ccccc2)cc1,356.0,,
COc1ccc(cc1)C1(c2ccc(cc2)OC)c2cccnc2c2c1cccn2,COc1ccc(C2(c3ccc(OC)cc3)c3cccnc3-c3ncccc32)cc1,310.0,,
c1ccc(cc1)c1cccc(n1)c1nccc(c1)c1ccc(cc1)C=Cc1ccc(cc1)N(c1ccccc1)c1ccccc1,C(=Cc1ccc(N(c2ccccc2)c2ccccc2)cc1)c1ccc(-c2ccnc(-c3cccc(-c4ccccc4)n3)c2)cc1,557.0,,DMF
C(Cn1c(=O)c2c(c1c1ccc(o1)c1cc3c(s1)cccc3)c(=O)n(c2c1ccc(o1)c1cc2c(s1)cccc2)CC(C)CC)CC,CCCCN1C(=O)C2=C(c3ccc(-c4cc5ccccc5s4)o3)N(CC(C)CC)C(=O)C2=C1c1ccc(-c2cc3ccccc3s2)o1,620.0,,CH 2 Cl
Brc1ccc(cc1)[N+](=Cc1ccc2c(c1)Sc1c(N2C)cccc1)[O-],CN1c2ccccc2Sc2cc(C=[N+]([O-])c3ccc(Br)cc3)ccc21,316.0,,dichloromethane
O=C(c1cn(C)c2c(c1=O)cccc2)c1ccccc1Cc1ccccc1,Cn1cc(C(=O)c2ccccc2Cc2ccccc2)c(=O)c2ccccc21,503.0,,
Oc1ccc2c(c1)oc1c(n2)ccc(=O)c1,O=c1ccc2nc3ccc(O)cc3oc-2c1,800.0,,
c1ccc(nc1)c1cccc(c1)c1ccc2c(c1)Cc1c2ccc(c1)c1nc2c(s1)cccc2,c1ccc(-c2cccc(-c3ccc4c(c3)Cc3cc(-c5nc6ccccc6s5)ccc3-4)c2)nc1,273.0,88200.0,
Cc1cc(C)c(c(c1)C)c1nc2c([nH]1)c1cccnc1c1c2cccn1,Cc1cc(C)c(-c2nc3c4cccnc4c4ncccc4c3[nH]2)c(C)c1,298.0,28760.0,
O=C1C(=CC=CC=C2C=C(OC(=C2)c2ccccc2)c2ccccc2)C(=O)c2c1cccc2,O=C1C(=CC=CC=C2C=C(c3ccccc3)OC(c3ccccc3)=C2)C(=O)c2ccccc21,599.0,,dichloromethane
CCOC(=O)c1cc2cc(CN(CC(=O)O)CC(=O)O)c(c(c2oc1=O)CN(CC(=O)O)CC(=O)O)OCCN(CC(=O)O)CC(=O)O,CCOC(=O)c1cc2cc(CN(CC(=O)O)CC(=O)O)c(OCCN(CC(=O)O)CC(=O)O)c(CN(CC(=O)O)CC(=O)O)c2oc1=O,402.0,,
OCCCNc1cc2nc3ccccc3nc2c2c1nccc2,OCCCNc1cc2nc3ccccc3nc2c2cccnc12,468.0,7400.0,
CNCc1nc2c([nH]1)ccc(c2)Cl,CNCc1nc2cc(Cl)ccc2[nH]1,281.0,,
c1ncc(cn1)c1ccc(s1)c1cccs1,c1csc(-c2ccc(-c3cncnc3)s2)c1,346.0,,
c1ccc2c(c1)c1ccccc1c1c2scc1,c1ccc2c(c1)c1ccccc1c1sccc21,495.0,,
CCOC(=O)c1nc[nH]c1F,CCOC(=O)c1nc[nH]c1F,235.0,,
O=C1CCC(=O)c2c1c1nc3c(nc1c1c2cccc1)ccc1c3cnnc1,O=C1CCC(=O)c2c1c1ccccc1c1nc3ccc4cnncc4c3nc21,404.0,,DMF
Clc1c2c(Cl)c(Cl)c3c4c2c2c(c1Cl)c(Cl)c(c1c2c2c4c(c(c3Cl)Cl)c(Cl)c(c2c(c1Cl)Cl)Cl)Cl,Clc1c(Cl)c2c(Cl)c(Cl)c3c(Cl)c(Cl)c4c(Cl)c(Cl)c5c(Cl)c(Cl)c6c(Cl)c(Cl)c1c1c2c3c4c5c61,860.0,,
Cn1ccc(=CN=Nc2ccc(cc2)CC2SC(=S)N(C2=O)c2ccc(cc2)O)c2c1cccc2,CN1C=CC(=CN=Nc2ccc(CC3SC(=S)N(c4ccc(O)cc4)C3=O)cc2)c2ccccc21,564.0,,THF
Nc1ncnc2c1[nH]cn2,Nc1ncnc2nc[nH]c12,260.0,,
OC1=C(C(c2ccccc2)Nc2ccccc2)C(=O)c2c(C1=O)cccc2,O=C1C(O)=C(C(Nc2ccccc2)c2ccccc2)C(=O)c2ccccc21,462.0,2754.228703,
COC(=O)c1cc2nc3c(nc2cc1C(=O)OC)c1ccccc1c1c3cccc1,COC(=O)c1cc2nc3c4ccccc4c4ccccc4c3nc2cc1C(=O)OC,402.0,,DMF
c1ccc(cc1)n1c2ccc(cc2c2c1cccc2)c1ccc2c(c1)c1ccccc1n2c1ccccc1,c1ccc(-n2c3ccccc3c3cc(-c4ccc5c(c4)c4ccccc4n5-c4ccccc4)ccc32)cc1,303.0,,
c1ccc2c(c1)n(c1ccc(s1)n1c3ccccc3c3c1cccc3)c1c2cccc1,c1ccc2c(c1)c1ccccc1n2-c1ccc(-n2c3ccccc3c3ccccc32)s1,292.0,,
CCOC(=O)C1N(C)c2c(C1(C)C)c1ccccc1cc2,CCOC(=O)C1N(C)c2ccc3ccccc3c2C1(C)C,307.0,,
CONc1c(cc(cc1[N+](=O)[O-])C(=O)OC(C)C)[N+](=O)[O-],CONc1c([N+](=O)[O-])cc(C(=O)OC(C)C)cc1[N+](=O)[O-],391.0,6309.573445,methanol
Clc1ccc(cc1)c1cc(n(n1)Cc1ccc(cc1)C(C)(C)C)c1nnc(o1)COc1ccc(cc1)Cl,CC(C)(C)c1ccc(Cn2nc(-c3ccc(Cl)cc3)cc2-c2nnc(COc3ccc(Cl)cc3)o2)cc1,263.0,39600.0,DCM
CC(=O)Nc1nc(c(s1)c1ccccc1)c1ccccc1,CC(=O)Nc1nc(-c2ccccc2)c(-c2ccccc2)s1,358.1,,
CCOc1c(C(=O)OC)c(c2n1nccc2)C(=O)OC,CCOc1c(C(=O)OC)c(C(=O)OC)c2cccnn12,431.0,,Cyclohexane
COc1cccc(c1O)C=NNc1nc(NN=Cc2cccc(c2O)OC)nc(n1)N,COc1cccc(C=NNc2nc(N)nc(NN=Cc3cccc(OC)c3O)n2)c1O,315.0,39600.0,
COc1c(ccc2c1ccc(c2OC)C(=Cc1ccc(cc1)C#N)C#N)C(=Cc1ccc(cc1)C#N)C#N,COc1c(C(C#N)=Cc2ccc(C#N)cc2)ccc2c(OC)c(C(C#N)=Cc3ccc(C#N)cc3)ccc12,412.0,,dichloromethane
O=C1c2ccccc2C(=O)c2c1cccc2[N+](=O)[O-],O=C1c2ccccc2C(=O)c2c1cccc2[N+](=O)[O-],325.0,,
OC[C@H]1O[C@H](C[C@@]1(O)n1nnc(c1)COc1ccc2c(c1)oc(=O)cc2C)n1cc(C)c(=O)[nH]c1=O,Cc1cn([C@H]2C[C@@](O)(n3cc(COc4ccc5c(C)cc(=O)oc5c4)nn3)[C@@H](CO)O2)c(=O)[nH]c1=O,319.0,,
CCN(c1ccc(c(c1)O)c1nc2c([nH]1)ccc(c2C(=O)OC)C(=O)OC)CC,CCN(CC)c1ccc(-c2nc3c(C(=O)OC)c(C(=O)OC)ccc3[nH]2)c(O)c1,515.0,,
O=c1oc2ccccc2cc1N=NC1(Cc2cc(ccc2OC1=O)c1ccccc1)C(=O)C,CC(=O)C1(N=Nc2cc3ccccc3oc2=O)Cc2cc(-c3ccccc3)ccc2OC1=O,312.0,,
Cn1c2ccc(cc2c2c1cccc2)C=C(c1ccc(s1)C=C1C(=O)NC(=O)NC1=O)C#N,Cn1c2ccccc2c2cc(C=C(C#N)c3ccc(C=C4C(=O)NC(=O)NC4=O)s3)ccc21,524.0,41500.0,chloroform
Cc1nn(c2c1c1nc3c(n1c(c2)c1ccccc1)cc(cc3)C#Cc1ccccc1)c1ccccc1,Cc1nn(-c2ccccc2)c2cc(-c3ccccc3)n3c4cc(C#Cc5ccccc5)ccc4nc3c12,302.0,,
Cc1c(=O)n2c(c1c1ccccc1)cc1n(c2=O)c(C)cc1C,CC1=C(c2ccccc2)c2cc3c(C)cc(C)n3c(=O)n2C1=O,437.0,,Cyclohexane
N#CCc1cccc(c1)C12OOC2(C(C)(C)C)C(CO1)(C)C,CC(C)(C)C12OOC1(c1cccc(CC#N)c1)OCC2(C)C,702.0,,
Nc1ccc(cc1)Nc1nc(nc(n1)Nc1cccc2c1cccc2)Nc1cccc2c1cccc2,Nc1ccc(Nc2nc(Nc3cccc4ccccc34)nc(Nc3cccc4ccccc34)n2)cc1,295.0,46773.51413,CH 2 Cl 2
COc1ccc2c(c1)C(C)(C)C1(N2C)C=Cc2c(O1)c(cc1c2cccc1)c1nc(c(o1)c1ccccc1)c1ccccc1,COc1ccc2c(c1)C(C)(C)C1(C=Cc3c(c(-c4nc(-c5ccccc5)c(-c5ccccc5)o4)cc4ccccc34)O1)N2C,309.0,,Toluene
COc1ccc(cc1)c1oc2ccccc2c(=O)c1O,COc1ccc(-c2oc3ccccc3c(=O)c2O)cc1,203.0,16400.0,
O=NN1C(c2ccc(cc2)OC)C2C(C1c1ccc(cc1)OC)C2=O,COc1ccc(C2C3C(=O)C3C(c3ccc(OC)cc3)N2N=O)cc1,440.0,,KBr
N#CC(=Cc1ccc(cc1)N(c1ccccc1)c1ccccc1)c1ccc(cc1)c1cc(C)cc(c1)C,Cc1cc(C)cc(-c2ccc(C(C#N)=Cc3ccc(N(c4ccccc4)c4ccccc4)cc3)cc2)c1,413.0,,Cyclohexane
CCN(c1ccc2c(c1)oc(=O)cc2C(F)(F)F)CC,CCN(CC)c1ccc2c(C(F)(F)F)cc(=O)oc2c1,401.0,,dichloromethane
Clc1ccc2c(c1)sc(n2)N=Nc1ccc2c1ccccc2,Clc1ccc2nc(N=Nc3ccc4cccccc3-4)sc2c1,494.0,,
CCOC(=O)c1c(N)sc(c1c1ccccc1)N=Nc1ccc(cc1)C,CCOC(=O)c1c(N)sc(N=Nc2ccc(C)cc2)c1-c1ccccc1,469.0,,DMSO
c1ccc2c(c1)cc1c(c2)cc2c(c1)cccc2,c1ccc2cc3cc4ccccc4cc3cc2c1,765.0,8000.0,
Cc1ccccc1C#Cc1c(C#Cc2ccccc2C)c(C#Cc2ccccc2C)c(c(c1C#Cc1ccccc1C)F)F,Cc1ccccc1C#Cc1c(F)c(F)c(C#Cc2ccccc2C)c(C#Cc2ccccc2C)c1C#Cc1ccccc1C,420.0,,
N#CC(=Cc1ccc(cc1)N(c1ccc(cc1)C#C)c1ccc(cc1)C#C)C#N,C#Cc1ccc(N(c2ccc(C#C)cc2)c2ccc(C=C(C#N)C#N)cc2)cc1,459.0,,
COCCNc1ncnc2c1nc(n2Cc1ccccc1)C=Cc1ccc(cc1)C(F)(F)F,COCCNc1ncnc2c1nc(C=Cc1ccc(C(F)(F)F)cc1)n2Cc1ccccc1,354.0,,
COC(=O)c1cc(c2n1nc(cc2)c1ccc(cc1)Br)C(=O)OC,COC(=O)c1cc(C(=O)OC)n2nc(-c3ccc(Br)cc3)ccc12,355.0,,acetonitrile
CN(c1ccc(cc1)C(=c1c(F)c(F)c(=C(C#N)C#N)c(c1F)F)C(=C(C#N)C#N)c1ccc(s1)C=O)C,CN(C)c1ccc(C(C(=C(C#N)C#N)c2ccc(C=O)s2)=c2c(F)c(F)c(=C(C#N)C#N)c(F)c2F)cc1,848.0,,CH 2 Cl
Fc1c(c2nnc(o2)c2ccc(cc2)C2=Cc3c(C2)cccc3)c(F)c(c(c1F)F)F,Fc1c(F)c(F)c(-c2nnc(-c3ccc(C4=Cc5ccccc5C4)cc3)o2)c(F)c1F,349.0,,
S=c1sc2c([nH]1)cccc2,S=c1[nH]c2ccccc2s1,328.0,6200.0,
O=c1cc(C)c2c(o1)cc(cc2)C=Cc1ccc(cc1)[N+](=O)[O-],Cc1cc(=O)oc2cc(C=Cc3ccc([N+](=O)[O-])cc3)ccc12,352.0,,
Clc1ccc2c(c1)nccc2n1nnc(c1C)C(=O)C=Cc1ccc(cc1)OCCCN1CCOCC1,Cc1c(C(=O)C=Cc2ccc(OCCCN3CCOCC3)cc2)nnn1-c1ccnc2cc(Cl)ccc12,237.0,,methanol
O=c1cn[nH]c(=O)[nH]1,O=c1cn[nH]c(=O)[nH]1,320.0,,
O=Nc1ccccc1c1c(C(=O)OC(C(=O)C)C)c(C)nc(c1C(=O)O)C,CC(=O)C(C)OC(=O)c1c(C)nc(C)c(C(=O)O)c1-c1ccccc1N=O,458.0,,
CCn1c2ccc(cc2c2c1ccc(c2)C=Cc1ccc2c(c1)c1cc(ccc1n2CC)c1nc2c(s1)cccc2)c1nc2c(s1)cccc2,CCn1c2ccc(C=Cc3ccc4c(c3)c3cc(-c5nc6ccccc6s5)ccc3n4CC)cc2c2cc(-c3nc4ccccc4s3)ccc21,362.0,,Ethyl acetate
NNc1ccccc1,NNc1ccccc1,213.0,46080.0,THF
C(=Cc1ccc(cc1)c1ccc(cc1)C=CSC=C(c1ccccc1)c1ccccc1)SC=C(c1ccccc1)c1ccccc1,C(=Cc1ccc(-c2ccc(C=CSC=C(c3ccccc3)c3ccccc3)cc2)cc1)SC=C(c1ccccc1)c1ccccc1,365.0,,CH 2 Cl 2
Cn1c2cc(ccc2c2c1cc(cc2)N(c1ccccc1)c1ccccc1)N(c1ccccc1)c1ccccc1,Cn1c2cc(N(c3ccccc3)c3ccccc3)ccc2c2ccc(N(c3ccccc3)c3ccccc3)cc21,376.0,,
NN=Cc1ccccc1O,NN=Cc1ccccc1O,290.0,158489.3192,EtOH
CCn1cnc2c1cc([N+](=O)[O-])c1c2c(on1)c1ccc(cc1)[N+](=O)[O-],CCn1cnc2c3c(-c4ccc([N+](=O)[O-])cc4)onc3c([N+](=O)[O-])cc21,425.0,,
COc1ccc(cc1)C=C1N=C(N(C1=O)Cc1ccccc1)c1ccccc1,COc1ccc(C=C2N=C(c3ccccc3)N(Cc3ccccc3)C2=O)cc1,391.0,,
O=C(c1cc(C(=O)CC(=O)c2ccccc2)c(nc1C)C)CC(=O)c1ccccc1,Cc1nc(C)c(C(=O)CC(=O)c2ccccc2)cc1C(=O)CC(=O)c1ccccc1,340.0,67608.29754,
c1csc(c1)c1c(sc2c1scc2)c1cccs1,c1csc(-c2sc3ccsc3c2-c2cccs2)c1,700.0,,
CN(c1ccc2c(c1)Oc1c(C32OC(=O)c2c3cccc2)ccc2c1ccc(c2)OCc1ccc(cc1)[N+](=O)[O-])C,CN(C)c1ccc2c(c1)Oc1c(ccc3cc(OCc4ccc([N+](=O)[O-])cc4)ccc13)C21OC(=O)c2ccccc21,545.0,2070.0,
Cc1ccsc1c1sc(c2c1cccc2)c1ccc(cc1)N,Cc1ccsc1-c1sc(-c2ccc(N)cc2)c2ccccc12,445.0,,CH 2 Cl
OCc1ccc(cc1)N(c1ccccc1)c1ccc(cc1)C=Cc1ccc(cc1)[N+](=O)[O-],O=[N+]([O-])c1ccc(C=Cc2ccc(N(c3ccccc3)c3ccc(CO)cc3)cc2)cc1,434.0,,
COC(=O)c1ccccc1O,COC(=O)c1ccccc1O,290.0,,
COc1ccc(cc1)n1c(=O)c(c2c1c(c1cccs1)c(=O)n2c1ccc(cc1)OC)c1cccs1,COc1ccc(N2C(=O)C(c3cccs3)=C3C2=C(c2cccs2)C(=O)N3c2ccc(OC)cc2)cc1,412.0,,
Cc1cccc(c1)N=Nc1c(=O)[nH]c2n(c1N)c1ccccc1n2,Cc1cccc(N=Nc2c(N)n3c(nc4ccccc43)[nH]c2=O)c1,418.0,,Chloroform
CSc1ccc(cc1)c1ccc(cc1)c1[nH]c(=O)c2c1c(=O)[nH]c2c1ccc(cc1)c1ccc(cc1)SC,CSc1ccc(-c2ccc(C3=C4C(=O)NC(c5ccc(-c6ccc(SC)cc6)cc5)=C4C(=O)N3)cc2)cc1,544.0,,dichloromethane
COC(=O)[C@H](Cc1c([nH]c2c1cccc2)c1ccc(cc1)C)NC(=O)C,COC(=O)[C@H](Cc1c(-c2ccc(C)cc2)[nH]c2ccccc12)NC(C)=O,310.0,,
O=C(C(F)(F)F)C(=CC=C(c1ccc(cc1)C)c1ccc(cc1)C)C(=O)C(F)(F)F,Cc1ccc(C(=CC=C(C(=O)C(F)(F)F)C(=O)C(F)(F)F)c2ccc(C)cc2)cc1,405.0,,
OC[C@H]1O[C@@H](Oc2cc(O)c3c(c2)oc(cc3=O)c2ccc(cc2)O)[C@@H]([C@H]([C@@H]1O)O)O,O=c1cc(-c2ccc(O)cc2)oc2cc(O[C@@H]3O[C@H](CO)[C@@H](O)[C@H](O)[C@H]3O)cc(O)c12,325.0,,
COc1ccc(cc1)c1ccc(cc1)c1[nH]c(=O)c2c1c(=O)[nH]c2c1ccc(cc1)c1ccc(cc1)OC,COc1ccc(-c2ccc(C3=C4C(=O)NC(c5ccc(-c6ccc(OC)cc6)cc5)=C4C(=O)N3)cc2)cc1,541.0,,dichloromethane
Cc1ccc(cc1)c1nc2c(o1)cc(cc2)c1ccc2c(c1)oc(n2)c1ccc(cc1)C,Cc1ccc(-c2nc3ccc(-c4ccc5nc(-c6ccc(C)cc6)oc5c4)cc3o2)cc1,331.0,58300.0,heptane
O=Cc1ccc(s1)c1ccc(s1)C1=CCC(CC1)C,CC1CC=C(c2ccc(-c3ccc(C=O)s3)s2)CC1,395.0,,Hexane
Cc1ccc2c(c1)cc1c(n2C)nc(nc1=O)c1ccccc1,Cc1ccc2c(c1)cc1c(=O)nc(-c3ccccc3)nc-1n2C,456.0,44668.35922,
O=C(N(C)C)Nc1ccc(c(c1)Cl)Cl,CN(C)C(=O)Nc1ccc(Cl)c(Cl)c1,450.0,2050.0,
[O-][N+](=O)c1ccc(cc1)C=NN=Cc1ccco1,O=[N+]([O-])c1ccc(C=NN=Cc2ccco2)cc1,341.0,,dioxane
COC(=O)c1n2nc(C=Cc3ccc(cc3)c3ccccc3)ccc2c(c1C(=O)OC)C(=O)OC,COC(=O)c1c(C(=O)OC)c2ccc(C=Cc3ccc(-c4ccccc4)cc3)nn2c1C(=O)OC,455.0,,MeOH
c1ccc2c(c1)c1ccccc1n2c1cc(cc(c1)c1ccc2c(c1)c1ccccc1c1c2cccc1)c1ccc2c(c1)c1ccccc1c1c2cccc1,c1ccc2c(c1)c1ccccc1c1cc(-c3cc(-c4ccc5c6ccccc6c6ccccc6c5c4)cc(-n4c5ccccc5c5ccccc54)c3)ccc21,273.0,,
Cc1csc2c1c1c(C)csc1S2(=O)=O,Cc1csc2c1-c1c(C)csc1S2(=O)=O,349.0,,
CCCN1c2ccc(cc2Sc2c1cccc2)C=Cc1cc(=O)oc2c1ccc(c2)O,CCCN1c2ccccc2Sc2cc(C=Cc3cc(=O)oc4cc(O)ccc34)ccc21,422.0,,chloroform
OC(=C1C(=O)CC(CC1=O)(C)C)C=Cc1ccc(cc1)N(c1ccccc1)c1ccccc1,CC1(C)CC(=O)C(=C(O)C=Cc2ccc(N(c3ccccc3)c3ccccc3)cc2)C(=O)C1,466.0,,MeOH
N#Cc1cc(NCc2ccccc2)c2c(c1N)C(=O)c1c(C2=O)cccc1,N#Cc1cc(NCc2ccccc2)c2c(c1N)C(=O)c1ccccc1C2=O,642.0,,
c1ccc(cc1)n1c2ccccc2c2c1c1c(c3c2n(c2ccccc2)c2c3cccc2)n(c2c1cccc2)c1ccccc1,c1ccc(-n2c3ccccc3c3c2c2c4ccccc4n(-c4ccccc4)c2c2c4ccccc4n(-c4ccccc4)c32)cc1,314.0,,
COc1ccc(cc1)c1ccc2c(c1)sc(c2C1=C(c2c(C)sc3c2ccc(c3)c2ccc(cc2)OC)C(C(C1(F)F)(F)F)(F)F)C,COc1ccc(-c2ccc3c(C4=C(c5c(C)sc6cc(-c7ccc(OC)cc7)ccc56)C(F)(F)C(F)(F)C4(F)F)c(C)sc3c2)cc1,292.0,,
Cc1ccc(s1)c1sc(c(c1C#N)C#N)c1ccc(s1)C,Cc1ccc(-c2sc(-c3ccc(C)s3)c(C#N)c2C#N)s1,394.0,,
OCCN(c1ccc(c(c1)Cl)N=Nc1scc(n1)c1ccc(cc1Cl)Cl)CCO,OCCN(CCO)c1ccc(N=Nc2nc(-c3ccc(Cl)cc3Cl)cs2)c(Cl)c1,600.0,,DMF
CCN1C(=O)C(=CC=c2n(c3ccccc3)c3c(n2c2ccccc2)cccc3)C(=O)N(C1=S)CC,CCN1C(=O)C(=CC=C2N(c3ccccc3)c3ccccc3N2c2ccccc2)C(=O)N(CC)C1=S,481.0,,EtOH
OCCC1CCN(CC1)C1(C(=O)NC(=O)NC1=O)c1ccccc1,O=C1NC(=O)C(c2ccccc2)(N2CCC(CCO)CC2)C(=O)N1,850.0,,
NCCC(=O)N1Cc2ccccc2c2c(c3c1cccc3)n(nn2)c1cc2ccccc2oc1=O,NCCC(=O)N1Cc2ccccc2-c2nnn(-c3cc4ccccc4oc3=O)c2-c2ccccc21,384.0,,
N#CC(=CNc1cccc(c1)F)C#N,N#CC(C#N)=CNc1cccc(F)c1,319.0,,DMSO
Clc1ccc2c(c1)nc([nH]2)C1CCCN1,Clc1ccc2[nH]c(C3CCCN3)nc2c1,282.0,,
c1ccc(cc1)[C@@H]1N=C(c2ccccn2)C(=N[C@H]1c1ccccc1)c1ccccn1,c1ccc([C@@H]2N=C(c3ccccn3)C(c3ccccn3)=N[C@H]2c2ccccc2)cc1,443.0,,
C=C(c1[nH]c2c(c1CCNS(=O)(=O)c1ccccc1[N+](=O)[O-])cccc2)c1ccc(cc1)N(C)C,C=C(c1ccc(N(C)C)cc1)c1[nH]c2ccccc2c1CCNS(=O)(=O)c1ccccc1[N+](=O)[O-],300.0,,
CCOC(=O)c1[nH]c(c(c1C)C(=NN)c1ccc(cc1[N+](=O)[O-])[N+](=O)[O-])C,CCOC(=O)c1[nH]c(C)c(C(=NN)c2ccc([N+](=O)[O-])cc2[N+](=O)[O-])c1C,251.0,,
CC(=O)c1cc2ccccc2oc1=O,CC(=O)c1cc2ccccc2oc1=O,300.0,,
Brc1ccc(cc1)c1nn(c2c1c1[nH][nH]c(=O)c1cn2)c1ccccc1,O=c1[nH][nH]c2c1cnc1c2c(-c2ccc(Br)cc2)nn1-c1ccccc1,384.5,,DMSO
Ic1cncc(c1)C(=O)ON1C(=O)CCC1=O,O=C(ON1C(=O)CCC1=O)c1cncc(I)c1,676.0,259900.0,
Clc1ccc(cc1)C1CC(=NN1c1ccccc1)c1ccc2c(c1)C1(c3c2cccc3)c2ccccc2c2c1cccc2,Clc1ccc(C2CC(c3ccc4c(c3)C3(c5ccccc5-c5ccccc53)c3ccccc3-4)=NN2c2ccccc2)cc1,388.0,,
COc1cc(OC)cc(c1)N=Nc1ccc(c(c1)C=Nc1ccccc1O)O,COc1cc(N=Nc2ccc(O)c(C=Nc3ccccc3O)c2)cc(OC)c1,483.0,,
c1ccc2c(c1)C=C(C2)c1ccc(cc1)c1nnc(o1)c1c2ccccc2cc2c1cccc2,C1=C(c2ccc(-c3nnc(-c4c5ccccc5cc5ccccc45)o3)cc2)Cc2ccccc21,345.0,,
C(n1c(=O)c2c(c1c1cccs1)c(=O)n(c2c1ccc(s1)Br)C(C)C)C,CCN1C(=O)C2=C(c3ccc(Br)s3)N(C(C)C)C(=O)C2=C1c1cccs1,559.0,,
Cc1ccc(cc1)C(=O)CC(=O)c1ccncc1,Cc1ccc(C(=O)CC(=O)c2ccncc2)cc1,348.0,22387.21139,
COc1ccc(cc1)c1c(F)c(F)c(c(c1F)F)c1ccc(cc1)OC,COc1ccc(-c2c(F)c(F)c(-c3ccc(OC)cc3)c(F)c2F)cc1,282.0,,dichloromethane
Cc1ccc(cc1)C1(c2ccc(cc2)C)c2cc(ccc2c2c1cccc2)c1sc(c2c1cccc2)c1cccs1,Cc1ccc(C2(c3ccc(C)cc3)c3ccccc3-c3ccc(-c4sc(-c5cccs5)c5ccccc45)cc32)cc1,430.0,,CH 2 Cl
OCCN(c1ccc(cc1)N=Nc1ccc(cc1Cl)[N+](=O)[O-])CC,CCN(CCO)c1ccc(N=Nc2ccc([N+](=O)[O-])cc2Cl)cc1,525.0,34062.0,
C1=CCc2c(C1)cc1c(c2C=Nc2ccc3c(c2)cccc3)cccc1,C1=CCc2c(cc3ccccc3c2C=Nc2ccc3ccccc3c2)C1,405.0,17770.0,
N#CC(=Cc1ccc(cc1)c1nc2c([nH]1)c(ccc2c1cccc(c1)N(C)C)c1cccc(c1)N(C)C)C(=O)O,CN(C)c1cccc(-c2ccc(-c3cccc(N(C)C)c3)c3[nH]c(-c4ccc(C=C(C#N)C(=O)O)cc4)nc23)c1,274.0,,Chloroform
CCn1c2ccccc2c2c1cc(cc2)c1ccc(cc1)C=Cc1ccc(cc1)C(=C(c1ccccc1)c1ccccc1)c1ccccc1,CCn1c2ccccc2c2ccc(-c3ccc(C=Cc4ccc(C(=C(c5ccccc5)c5ccccc5)c5ccccc5)cc4)cc3)cc21,408.0,,
CCn1c2ccc(cc2c2c1cccc2)c1c2ccccc2c(c2c1cccc2)c1ccc2c(c1)c1ccccc1n2CC,CCn1c2ccccc2c2cc(-c3c4ccccc4c(-c4ccc5c(c4)c4ccccc4n5CC)c4ccccc34)ccc21,456.0,,
CN1c2ccc(cc2Oc2c1cccc2)c1ccc(s1)C=C(C(=O)O)C#N,CN1c2ccccc2Oc2cc(-c3ccc(C=C(C#N)C(=O)O)s3)ccc21,455.0,,
O=c1cc(C)c2c(o1)ccc1c2cc(cc1)c1nnn(c1)Cc1ccccc1,Cc1cc(=O)oc2ccc3ccc(-c4cn(Cc5ccccc5)nn4)cc3c12,352.0,6300.0,
N#CC(=C1C=C(C=Cc2cc(c3ccccc3)c(cc2c2ccccc2)C=Cc2ccc(cc2)N(C)C)CC(C1)(C)C)C#N,CN(C)c1ccc(C=Cc2cc(-c3ccccc3)c(C=CC3=CC(=C(C#N)C#N)CC(C)(C)C3)cc2-c2ccccc2)cc1,460.0,,DMF
OC(=O)c1ccc(s1)c1ccc(s1)C(=O)O,O=C(O)c1ccc(-c2ccc(C(=O)O)s2)s1,397.0,,
COc1ccc(cc1)CNC1=C(Br)C(=O)OC1OCc1ccccc1,COc1ccc(CNC2=C(Br)C(=O)OC2OCc2ccccc2)cc1,276.0,,
Fc1nc(Cl)c2c(n1)nc[nH]2,Fc1nc(Cl)c2[nH]cnc2n1,440.0,,
Oc1ccc(c2c1cccc2)N=Nc1ccc2c(c1S(=O)(=O)O)cccc2,O=S(=O)(O)c1c(N=Nc2ccc(O)c3ccccc23)ccc2ccccc12,495.0,,
CCn1c2ccc(cc2c2c1cccc2)C=Cc1ccc2c(c1)c1ccccc1n2CC,CCn1c2ccccc2c2cc(C=Cc3ccc4c(c3)c3ccccc3n4CC)ccc21,342.0,,
COc1ccc(cc1)C=Cc1cc(C=Cc2ccc(cc2)OC)nc(n1)I,COc1ccc(C=Cc2cc(C=Cc3ccc(OC)cc3)nc(I)n2)cc1,374.0,21387.0,dichloromethane
O=C(c1cc(C(=O)CC(=O)c2ccc(cc2)C(C)(C)C)c(nc1C)C)CC(=O)c1ccc(cc1)C(C)(C)C,Cc1nc(C)c(C(=O)CC(=O)c2ccc(C(C)(C)C)cc2)cc1C(=O)CC(=O)c1ccc(C(C)(C)C)cc1,344.0,39810.71706,
N#Cc1c(sc(c1C#N)c1ccc(cc1)N(C)C)c1ccc(cc1)N(C)C,CN(C)c1ccc(-c2sc(-c3ccc(N(C)C)cc3)c(C#N)c2C#N)cc1,412.0,38904.5145,
O=C=Nc1c(N=C=O)ccc2c1cccc2,O=C=Nc1ccc2ccccc2c1N=C=O,397.0,,
Cn1c2ccccc2c(c1C)N=Nc1nc2c(s1)cccc2,Cc1c(N=Nc2nc3ccccc3s2)c2ccccc2n1C,507.0,,Chloroform
Fc1c(F)c(F)c2c(c1F)cc1c(n2)onc1c1ccccc1,Fc1c(F)c(F)c2nc3onc(-c4ccccc4)c3cc2c1F,342.0,,Ethanol
CCOC(=O)c1cc2c([nH]1)c1[nH]c(=O)c(cc1CC2)S(=O)(=O)c1ccccc1,CCOC(=O)c1cc2c([nH]1)-c1[nH]c(=O)c(S(=O)(=O)c3ccccc3)cc1CC2,439.0,44091.0,
Cc1nn(c2c1c1nc3c(n1c(c2)c1ccccc1)nccc3)c1ccccc1,Cc1nn(-c2ccccc2)c2cc(-c3ccccc3)n3c4ncccc4nc3c12,287.0,,
O=C1OC(=C2C1=C(NC2=O)c1ccccc1)c1ccccc1,O=C1NC(c2ccccc2)=C2C(=O)OC(c3ccccc3)=C12,487.0,,dimethyl sulfoxide
O=C(c1cccc(n1)C(=O)CC(=O)c1ccc(cc1)Cl)CC(=O)c1ccc(cc1)Cl,O=C(CC(=O)c1cccc(C(=O)CC(=O)c2ccc(Cl)cc2)n1)c1ccc(Cl)cc1,342.0,38904.5145,
Cc1cc(C(c2ccccc2)c2ccccc2)c(c(c1)c1nc2c(n1C)cccc2)O,Cc1cc(-c2nc3ccccc3n2C)c(O)c(C(c2ccccc2)c2ccccc2)c1,223.0,,
CC(C(c1ccc(cc1)O)C)O,CC(O)C(C)c1ccc(O)cc1,222.0,,
CN1C(=O)C(=C(C1=O)c1c[nH]c2c1cccc2)c1ccc2c3c1ccc1c3c(cc2)ccc1,CN1C(=O)C(c2c[nH]c3ccccc23)=C(c2ccc3ccc4cccc5ccc2c3c45)C1=O,439.0,,
N#CC(=Cc1cccc(c1)c1ccc(s1)c1ccc2c3c1ccc1c3c(cc2)ccc1)C(=O)O,N#CC(=Cc1cccc(-c2ccc(-c3ccc4ccc5cccc6ccc3c4c56)s2)c1)C(=O)O,394.6,37600.0,THF
N#CC(=Cc1cn(nc1c1ccc(cc1)[N+](=O)[O-])c1ccccc1)C#N,N#CC(C#N)=Cc1cn(-c2ccccc2)nc1-c1ccc([N+](=O)[O-])cc1,356.0,,DMSO
Oc1cccc2c1C(=O)c1c(C2=O)cccc1O,O=C1c2cccc(O)c2C(=O)c2c(O)cccc21,702.7,,
C1(C)c2cc3nc([nH]c3cc2c2c1cccc2)c1ccc(cc1)C(F)(F)F,CC1c2ccccc2-c2cc3[nH]c(-c4ccc(C(F)(F)F)cc4)nc3cc21,359.0,,DMSO
CN(c1ccc(cc1)c1[nH]c(=O)c2c1c(=O)[nH]c2c1ccccc1)C,CN(C)c1ccc(C2=C3C(=O)NC(c4ccccc4)=C3C(=O)N2)cc1,544.0,,dimethylsufoxide
Cc1ccc(cc1)C#Cc1cc(C#Cc2ccc(cc2)C)c2c3c1ccc1c3c(cc2)c(cc1C#Cc1ccc(cc1)C)C(=O)c1ccccc1,Cc1ccc(C#Cc2cc(C#Cc3ccc(C)cc3)c3ccc4c(C(=O)c5ccccc5)cc(C#Cc5ccc(C)cc5)c5ccc2c3c54)cc1,245.0,,
Nc1ccc2c(c1)nc1c(c2)ccc(c1)N,Nc1ccc2cc3ccc(N)cc3nc2c1,395.0,,
CSc1ccccc1N=Nc1nc2c(s1)cccc2,CSc1ccccc1N=Nc1nc2ccccc2s1,428.0,,Methanol
Clc1ccc(cc1)C=NNC(=O)c1ccc(cc1)Cn1c2ccccc2c2c1cccc2,O=C(NN=Cc1ccc(Cl)cc1)c1ccc(Cn2c3ccccc3c3ccccc32)cc1,297.0,,
Oc1cccc2c1nc(cc2)c1nc2c(n1C)cccc2,Cn1c(-c2ccc3cccc(O)c3n2)nc2ccccc21,321.0,,
c1ccc(cc1)c1[nH]c(nc1c1ccccc1)c1ccc(cc1)c1cncc2c1cccc2,c1ccc(-c2nc(-c3ccc(-c4cncc5ccccc45)cc3)[nH]c2-c2ccccc2)cc1,442.0,35500.0,
N#CC(=CC=C1N(C)c2c(C1(C)C)cccc2)C(=O)c1ccccc1,CN1C(=CC=C(C#N)C(=O)c2ccccc2)C(C)(C)c2ccccc21,488.0,59429.21586,
COc1ccc2c(c1)sc(n2)N=Nc1c(C)[nH]c2c1cccc2,COc1ccc2nc(N=Nc3c(C)[nH]c4ccccc34)sc2c1,504.0,,Chloroform
Brc1ccc(cc1)CN(c1ccc2c(c1)C(=O)c1c(C2=O)cccc1)Cc1ccc(cc1)Br,O=C1c2ccccc2C(=O)c2cc(N(Cc3ccc(Br)cc3)Cc3ccc(Br)cc3)ccc21,308.0,,
c1ccc(cc1)N(c1ccccc1)c1ccc(cc1)C=Cc1ccc(cc1)c1cc(nc(c1)c1ccccn1)c1ccccn1,C(=Cc1ccc(N(c2ccccc2)c2ccccc2)cc1)c1ccc(-c2cc(-c3ccccn3)nc(-c3ccccn3)c2)cc1,296.0,,THF
c1csc(c1)n1ccc2c1nccc2,c1csc(-n2ccc3cccnc32)c1,422.0,,
Clc1ccc(cc1)C=Cc1ccc(cc1)c1nc(c(n1c1ccc(cc1)Cl)c1ccccc1)c1ccccc1,Clc1ccc(C=Cc2ccc(-c3nc(-c4ccccc4)c(-c4ccccc4)n3-c3ccc(Cl)cc3)cc2)cc1,331.0,,
CC(=O)Oc1ccc(cc1)[N+](=O)[O-],CC(=O)Oc1ccc([N+](=O)[O-])cc1,400.0,,
N#Cc1ccc(cc1)Cn1c(C=Cc2ccccc2)nc(c1c1ccco1)c1ccco1,N#Cc1ccc(Cn2c(C=Cc3ccccc3)nc(-c3ccco3)c2-c2ccco2)cc1,351.0,,
FC(c1cc(C#Cc2c3cccc4c3c(c3=C(c5c(c23)cccc5)c2ccccc2)ccc4)cc(c1)C(F)(F)F)(F)F,FC(F)(F)c1cc(C#Cc2c3c(c4cccc5cccc2c54)=C(c2ccccc2)c2ccccc2-3)cc(C(F)(F)F)c1,260.0,,
CCOc1ccc(cc1)C1CC(=NN1c1ccc(c(c1)C)C)c1ccc(cc1)F,CCOc1ccc(C2CC(c3ccc(F)cc3)=NN2c2ccc(C)c(C)c2)cc1,349.0,,
c1ccc(cc1)C#Cc1ccc2c(c1)sc1c2sc2c1ccc(c2)C#Cc1ccccc1,C(#Cc1ccc2c(c1)sc1c3ccc(C#Cc4ccccc4)cc3sc21)c1ccccc1,349.0,,
c1ccc(cc1)CCNc1nnc(s1)c1cnccn1,c1ccc(CCNc2nnc(-c3cnccn3)s2)cc1,257.0,,
Oc1ccc(cc1C=Nc1ccccc1O)N=Nc1ccc(cc1)OC(F)(F)F,Oc1ccc(N=Nc2ccc(OC(F)(F)F)cc2)cc1C=Nc1ccccc1O,485.0,,
CN1c2c3ccccc3ccc2C(C21C=Cc1c(O2)ccc2c1c(c1ccccc1)c(o2)c1ccccc1)(C)C,CN1c2c(ccc3ccccc23)C(C)(C)C12C=Cc1c(ccc3oc(-c4ccccc4)c(-c4ccccc4)c13)O2,249.0,55400.0,
COC(=O)[C@H](Cc1c([nH]c2c1cccc2)c1ccccc1)NC(=O)C(F)(F)F,COC(=O)[C@H](Cc1c(-c2ccccc2)[nH]c2ccccc12)NC(=O)C(F)(F)F,288.0,,
N#CC(=Cc1ccc(cc1)C=C(c1ccccc1)c1ccccc1)c1ccccc1,N#CC(=Cc1ccc(C=C(c2ccccc2)c2ccccc2)cc1)c1ccccc1,366.0,,
CCOC(=O)c1c(N)sc2c1c1ccccc1C2,CCOC(=O)c1c(N)sc2c1-c1ccccc1C2,330.0,,acetone
CN(c1ccc(cc1)C1=CC(=O)NC1=O)C,CN(C)c1ccc(C2=CC(=O)NC2=O)cc1,534.0,,ethanol
O=C1OC(C)(C)OC(=O)C1=CC=CC=C1C=C(OC(=C1)c1ccccc1)c1ccccc1,CC1(C)OC(=O)C(=CC=CC=C2C=C(c3ccccc3)OC(c3ccccc3)=C2)C(=O)O1,576.0,,dichloromethane
C(=O)c1ccc(s1)c1sc(c(c1C#N)C#N)c1sc(c(c1C#N)C#N)c1ccc(s1)C(=O)C,CC(=O)c1ccc(-c2sc(-c3sc(-c4ccc(C=O)s4)c(C#N)c3C#N)c(C#N)c2C#N)s1,421.0,,
COC1OC(=O)C(=C1Nc1ccc(cc1)Br)Br,COC1OC(=O)C(Br)=C1Nc1ccc(Br)cc1,294.0,,
c1ccc(cc1)c1nc2c(nc1c1ccccc1)c(ccc2c1c2ccccc2cc2c1cccc2)c1c2ccccc2cc2c1cccc2,c1ccc(-c2nc3c(-c4c5ccccc5cc5ccccc45)ccc(-c4c5ccccc5cc5ccccc45)c3nc2-c2ccccc2)cc1,350.0,18620.87137,DMSO
COCCN(S(=O)(=O)c1ccc(cc1)n1cccc1)CCOC,COCCN(CCOC)S(=O)(=O)c1ccc(-n2cccc2)cc1,278.0,,Hex
COc1ccc2c(c1)cc(c1c2C=CC2(O1)N(C)c1c(C2(C)C)cc(cc1)Cl)c1nc(c(o1)c1ccccc1)c1ccccc1,COc1ccc2c3c(c(-c4nc(-c5ccccc5)c(-c5ccccc5)o4)cc2c1)OC1(C=C3)N(C)c2ccc(Cl)cc2C1(C)C,305.0,,Toluene
CCOC(=O)c1nc2ccc3c4c2c(c1)c1ccccc1c4cc(n3)C(=O)OCC,CCOC(=O)c1cc2c3ccccc3c3cc(C(=O)OCC)nc4ccc(n1)c2c43,285.0,,
c1ccc(cc1)n1c2ccc(cc2c2c1cccc2)c1nc(nc2c1cccc2)c1cccc(c1)c1ccc2c(c1)c1ccccc1c1c2cccc1,c1ccc(-n2c3ccccc3c3cc(-c4nc(-c5cccc(-c6ccc7c8ccccc8c8ccccc8c7c6)c5)nc5ccccc45)ccc32)cc1,376.0,,dichloromethane
OCC1OC(CC1O)n1c(C#Cc2ccc(cc2)OC)nc2c1ncnc2N,COc1ccc(C#Cc2nc3c(N)ncnc3n2C2CC(O)C(CO)O2)cc1,323.0,,
N#CC(=Cc1ccc(cc1)c1csc(c1)C=C(c1ccccc1)C#N)c1ccccc1,N#CC(=Cc1ccc(-c2csc(C=C(C#N)c3ccccc3)c2)cc1)c1ccccc1,357.0,,
c1ccc2c(c1)nc1c(c2)cccc1,c1ccc2nc3ccccc3cc2c1,355.0,,
C1CCC(=CC1)c1ccc(s1)c1cccs1,C1=C(c2ccc(-c3cccs3)s2)CCCC1,345.0,,Ethanol
Cn1c(nc2c1c(sc2c1cccs1)c1cccs1)c1ccc(cc1)c1ccc(s1)C=C(C(=O)O)C#N,Cn1c(-c2ccc(-c3ccc(C=C(C#N)C(=O)O)s3)cc2)nc2c(-c3cccs3)sc(-c3cccs3)c21,388.0,36400.0,THF
CN1c2ccc(cc2CCc2c1ccc(c2)c1ccc(s1)C=C(C(=O)O)C#N)c1ccc(cc1)N(c1ccccc1)c1ccccc1,CN1c2ccc(-c3ccc(N(c4ccccc4)c4ccccc4)cc3)cc2CCc2cc(-c3ccc(C=C(C#N)C(=O)O)s3)ccc21,459.0,,
OCc1c(nc2n1cccc2)c1ccc(cc1)Cl,OCc1c(-c2ccc(Cl)cc2)nc2ccccn12,323.0,,
Cc1ccc(cc1)c1nc(c(s1)c1ccccc1O)O,Cc1ccc(-c2nc(O)c(-c3ccccc3O)s2)cc1,359.0,,Dioxane
Cn1c2ccc(cc2c2c1ccc(c2)C=Cc1ccncc1)C=Cc1ccncc1,Cn1c2ccc(C=Cc3ccncc3)cc2c2cc(C=Cc3ccncc3)ccc21,366.0,47200.0,
Cc1cc(sc1C=C(C(=O)O)C#N)c1ccc(s1)c1ccc2c(c1)Sc1c(N2CC(C)CC)cccc1,CCC(C)CN1c2ccccc2Sc2cc(-c3ccc(-c4cc(C)c(C=C(C#N)C(=O)O)s4)s3)ccc21,494.0,26200.0,
COc1ccc2c(c1)ccc1c2C=CC(O1)(c1ccccc1)c1ccccc1,COc1ccc2c3c(ccc2c1)OC(c1ccccc1)(c1ccccc1)C=C3,468.0,,
CC(c1ccc(c(c1)O)C)C,Cc1ccc(C(C)C)cc1O,275.0,,
OC(=O)c1ccccc1C(=O)c1c2cc(ccn2c2c1C(=O)c1ccccc1C2=O)c1ccncc1,O=C(O)c1ccccc1C(=O)c1c2c(n3ccc(-c4ccncc4)cc13)C(=O)c1ccccc1C2=O,479.0,,EtOH
c1ccc(cc1)c1ccnc2c1ccc1c2nccc1c1ccccc1,c1ccc(-c2ccnc3c2ccc2c(-c4ccccc4)ccnc23)cc1,279.0,64200.0,CH 2 Cl 2
Cc1ccc(cc1)n1c2nc(C#N)c(nc2c(c1C)C(=O)C)C#N,CC(=O)c1c(C)n(-c2ccc(C)cc2)c2nc(C#N)c(C#N)nc12,326.0,,
CSc1ccc(cc1)C=Cc1ccc2c(c1)c1ccccc1n2CC,CCn1c2ccccc2c2cc(C=Cc3ccc(SC)cc3)ccc21,337.0,,DMF
CCOC(=O)c1cc2cc(cn2cc1c1ccc(cc1)Cl)C(=O)C,CCOC(=O)c1cc2cc(C(C)=O)cn2cc1-c1ccc(Cl)cc1,272.0,68400.0,dichloromethane
N#CC(=C(c1ccc(cc1)N)C=Cc1cn(c2c1cccc2)C)C#N,Cn1cc(C=CC(=C(C#N)C#N)c2ccc(N)cc2)c2ccccc21,441.0,,MeOH
C1(C)c2cc3nc([nH]c3cc2c2c1cccc2)c1ccc(cc1)[N+](=O)[O-],CC1c2ccccc2-c2cc3[nH]c(-c4ccc([N+](=O)[O-])cc4)nc3cc21,400.0,,DMSO
N#CC(=C1C(=Cc2oc3c([n+]2C)cccc3)C(=C1C=c1sc2c(n1C)cccc2)[O-])C#N,CN1C(=CC2=C([O-])C(=Cc3oc4ccccc4[n+]3C)C2=C(C#N)C#N)Sc2ccccc21,682.0,,
CC(=O)Sc1ccc(cc1)C#Cc1ccc(cc1)n1c2ccccc2c2c1cccc2,CC(=O)Sc1ccc(C#Cc2ccc(-n3c4ccccc4c4ccccc43)cc2)cc1,373.0,29300.0,
FC1(F)c2cccnc2c2c1cccn2,FC1(F)c2cccnc2-c2ncccc21,309.0,,
OC[C@H]1O[C@H](C[C@@H]1O)n1cc(c2ncco2)c(=O)[nH]c1=O,O=c1[nH]c(=O)n([C@H]2C[C@H](O)[C@@H](CO)O2)cc1-c1ncco1,296.0,,
COc1ccc(cc1)c1ncnc2c1cc(OC)c(c2c1ccc(cc1)C(F)(F)F)OC,COc1ccc(-c2ncnc3c(-c4ccc(C(F)(F)F)cc4)c(OC)c(OC)cc23)cc1,360.0,,
Clc1cccc(c1)c1nc(c(s1)c1ccccc1O)O,Oc1ccccc1-c1sc(-c2cccc(Cl)c2)nc1O,368.0,,Dioxane
O=c1oc2ccccc2cc1c1csc(n1)N=Nc1c(N)n(C)c(=O)n(c1=O)C,Cn1c(N)c(N=Nc2nc(-c3cc4ccccc4oc3=O)cs2)c(=O)n(C)c1=O,444.0,41686.93835,DMSO
O=c1nc(nc2c1cc1ccccc1[nH]2)c1ccccc1,O=c1nc(-c2ccccc2)nc2[nH]c3ccccc3cc1-2,382.0,29512.09227,
COc1ccc(cc1)N1c2ccsc2Sc2c1ccs2,COc1ccc(N2c3ccsc3Sc3sccc32)cc1,242.0,,
O=C1c2ccccc2C(=O)c2c1c(O)c(c(c2)O)C(=O)O,O=C1c2ccccc2C(=O)c2c1cc(O)c(C(=O)O)c2O,417.0,,
[O-][N+](=O)c1cc2C(=CC=C3N(C)c4c(C3(C)C)cccc4)c3c(c2c(c1)[N+](=O)[O-])c(cc(c3)[N+](=O)[O-])[N+](=O)[O-],CN1C(=CC=C2c3cc([N+](=O)[O-])cc([N+](=O)[O-])c3-c3c2cc([N+](=O)[O-])cc3[N+](=O)[O-])C(C)(C)c2ccccc21,640.0,,Toluene
c1csc(c1)c1cc2cccc3c2c(n1)c1cccc2c1c3nc(c2)c1cccs1,c1csc(-c2cc3cccc4c5nc(-c6cccs6)cc6cccc(c(n2)c34)c65)c1,315.0,,toluene
COc1ccc(cc1)N=Cc1ccc[nH]1,COc1ccc(N=Cc2ccc[nH]2)cc1,336.0,,
Cc1ccc(cc1)Nc1nc(C#N)c(nc1CC(C1=Nc2c(N(C1C)c1ccc(cc1)C)cc(n2C#N)C#N)O)C#N,Cc1ccc(Nc2nc(C#N)c(C#N)nc2CC(O)C2=Nc3c(cc(C#N)n3C#N)N(c3ccc(C)cc3)C2C)cc1,533.0,,
CCN(c1ccc(cc1)C=C1SC(=S)N(C1=O)CC(=O)O)CC,CCN(CC)c1ccc(C=C2SC(=S)N(CC(=O)O)C2=O)cc1,458.0,35750.0,DMF
Fc1ccc(cc1)c1nc2c(n1c1ccccc1)c1ccccc1c1c2cccc1,Fc1ccc(-c2nc3c4ccccc4c4ccccc4c3n2-c2ccccc2)cc1,345.0,,
COc1cc(c(cc1C(=Cc1ccc(cc1)OC)C#N)OC)C(=Cc1ccc(cc1)OC)C#N,COc1ccc(C=C(C#N)c2cc(OC)c(C(C#N)=Cc3ccc(OC)cc3)cc2OC)cc1,432.0,,dichloromethane
c1ccc(nc1)c1ccccn1,c1ccc(-c2ccccn2)nc1,523.0,,
OC(=O)CN(CC(=O)O)CCN(c1ccc2c(c1)oc(=O)c(c2)C(=O)O)CCN(CC(=O)O)CC(=O)O,O=C(O)CN(CCN(CCN(CC(=O)O)CC(=O)O)c1ccc2cc(C(=O)O)c(=O)oc2c1)CC(=O)O,375.0,,
C1CC[C@H]([C@@H](C1)NCc1cccs1)NCc1cccs1,c1csc(CN[C@@H]2CCCC[C@H]2NCc2cccs2)c1,350.0,,methanol
Oc1ccc2c(c1N=Nc1ccc3c(c1S(=O)(=O)O)cccc3)cccc2,O=S(=O)(O)c1c(N=Nc2c(O)ccc3ccccc23)ccc2ccccc12,493.0,,
COc1cc(C=C(C(=O)O)C#N)c(cc1n1nnc(c1)c1ccc(s1)c1ccc(cc1)N(c1ccccc1)c1ccccc1)OC,COc1cc(-n2cc(-c3ccc(-c4ccc(N(c5ccccc5)c5ccccc5)cc4)s3)nn2)c(OC)cc1C=C(C#N)C(=O)O,428.0,,
O=C(NC1(CC=CC=C1)C(F)(F)F)Nc1ccccc1c1scc(n1)c1ccccc1,O=C(Nc1ccccc1-c1nc(-c2ccccc2)cs1)NC1(C(F)(F)F)C=CC=CC1,388.0,,
COC(=O)Cn1c(=O)c2cccc3c2c(c1=O)ccc3NCc1ccccc1,COC(=O)CN1C(=O)c2cccc3c(NCc4ccccc4)ccc(c23)C1=O,439.0,,DMSO
COc1ccc2c(c1)sc(n2)N=Nc1c(N)nc2n(c1N)nc(c2N=Nc1sc2c(n1)ccc(c2)OC)N,COc1ccc2nc(N=Nc3c(N)nc4c(N=Nc5nc6ccc(OC)cc6s5)c(N)nn4c3N)sc2c1,542.0,,
CCN(c1ccc(cc1)C1(C=Cc2c(O1)ccc1c2cccc1)c1ccc(cc1)N(CC)CC)CC,CCN(CC)c1ccc(C2(c3ccc(N(CC)CC)cc3)C=Cc3c(ccc4ccccc34)O2)cc1,580.0,,
COc1cc(cc(c1O)OC)C(=O)O,COc1cc(C(=O)O)cc(OC)c1O,278.0,,
Cc1ccc2c(c1)C(C)(C)C1(N2C)C=Cc2c(O1)c(cc1c2cccc1)c1nc(c(o1)c1ccccc1)c1ccccc1,Cc1ccc2c(c1)C(C)(C)C1(C=Cc3c(c(-c4nc(-c5ccccc5)c(-c5ccccc5)o4)cc4ccccc34)O1)N2C,309.0,,Toluene
COC(=O)[C@@H](NC(=CC(=C1c2ccccc2N(C1=O)C)c1ccccc1)c1ccccc1)CC(C)C,COC(=O)[C@H](CC(C)C)NC(=CC(=C1C(=O)N(C)c2ccccc21)c1ccccc1)c1ccccc1,443.0,35400.0,CH2Cl2
O=C(c1cccnc1)NCCC[Si]12OCCN(CCO1)CCO2,O=C(NCCC[Si]12OCCN(CCO1)CCO2)c1cccnc1,246.0,,
C=CCN1c2ccccc2C(C21C=Cc1c(O2)ccc2c1cccn2)(C)C,C=CCN1c2ccccc2C(C)(C)C12C=Cc1c(ccc3ncccc13)O2,290.0,,
c1ccc(cc1)N(c1ccccc1)c1ccc(cc1)c1nnc(o1)c1ccn2c(c1c1ccccc1)nc1c2cccc1,c1ccc(-c2c(-c3nnc(-c4ccc(N(c5ccccc5)c5ccccc5)cc4)o3)ccn3c2nc2ccccc23)cc1,395.0,,
N#CC(=Cc1ccc(o1)c1ccc2c(c1)c1cc(ccc1n2C(C)C)c1ccc(cc1)N(c1ccccc1)c1ccccc1)C(=O)O,CC(C)n1c2ccc(-c3ccc(N(c4ccccc4)c4ccccc4)cc3)cc2c2cc(-c3ccc(C=C(C#N)C(=O)O)o3)ccc21,468.0,,
[O-][N+](=O)c1ccc(c2c1nsn2)C#Cc1ccc(cc1)n1c2ccccc2c2c1cccc2,O=[N+]([O-])c1ccc(C#Cc2ccc(-n3c4ccccc4c4ccccc43)cc2)c2nsnc12,438.0,,
C1(C)c2cc3nc(c4ccccc4)c(nc3cc2c2c1cccc2)c1ccccc1,CC1c2ccccc2-c2cc3nc(-c4ccccc4)c(-c4ccccc4)nc3cc21,385.0,,DMSO
NCC(=O)N[C@H](C(=O)O)Cc1c[nH]cn1,NCC(=O)N[C@@H](Cc1c[nH]cn1)C(=O)O,600.0,,
OCc1ccc(cc1)Oc1ccc(c(c1)C#N)C#N,N#Cc1ccc(Oc2ccc(CO)cc2)cc1C#N,709.0,,
[O-][n+]1ccc(cc1)C(=O)c1ccccc1,O=C(c1ccccc1)c1cc[n+]([O-])cc1,292.0,,
Nc1nc2c(N=Nc3ccccc3)c(nn2c(c1N=Nc1nccs1)N)N,Nc1nc2c(N=Nc3ccccc3)c(N)nn2c(N)c1N=Nc1nccs1,480.0,,
COc1c(OC)c(c2ccc(o2)C=C(C(=O)O)C#N)c2c(c1c1ccc(o1)c1ccc(cc1)N(c1ccccc1)c1ccccc1)nc(c(n2)C)C,COc1c(OC)c(-c2ccc(-c3ccc(N(c4ccccc4)c4ccccc4)cc3)o2)c2nc(C)c(C)nc2c1-c1ccc(C=C(C#N)C(=O)O)o1,484.0,38200.0,
COc1cc(cc(c1OC)OC)c1cc(nc(c1)c1ccccn1)c1cc(OC)c(c(c1)OC)OC,COc1cc(-c2cc(-c3cc(OC)c(OC)c(OC)c3)nc(-c3ccccn3)c2)cc(OC)c1OC,283.0,,
Oc1cc2O[C@H](c3ccc(c(c3)O)O)[C@H](C(=O)c2c(c1)O)O,O=C1c2c(O)cc(O)cc2O[C@H](c2ccc(O)c(O)c2)[C@H]1O,330.0,,
O=C1c2ccccc2c2c3c1cccc3c(cc2)N1CCOCC1,O=C1c2ccccc2-c2ccc(N3CCOCC3)c3cccc1c23,434.0,,C6H6
Nc1nc2c(N=Nc3ccc(cc3)[N+](=O)[O-])c(nn2c(c1N=Nc1ccccc1)N)N,Nc1nc2c(N=Nc3ccc([N+](=O)[O-])cc3)c(N)nn2c(N)c1N=Nc1ccccc1,491.0,,
Cc1ccc(cc1)C(=C(C#N)C#N)C(=c1c(F)c(F)c(=C(C#N)C#N)c(c1F)F)c1ccc(cc1)N(C)C,Cc1ccc(C(=C(C#N)C#N)C(c2ccc(N(C)C)cc2)=c2c(F)c(F)c(=C(C#N)C#N)c(F)c2F)cc1,863.0,,
OC(=O)c1ccc(cc1)N=Cc1cc(ccc1O)N=Nc1ccccc1,O=C(O)c1ccc(N=Cc2cc(N=Nc3ccccc3)ccc2O)cc1,333.0,,
Cc1sc(nc1C1=C(c2sccc2C)C(C(C1(F)F)(F)F)(F)F)c1ccccc1,Cc1ccsc1C1=C(c2nc(-c3ccccc3)sc2C)C(F)(F)C(F)(F)C1(F)F,494.0,22300.0,
O=C(C(C(=O)C)N=Nc1ccccc1)Nc1ccc(cc1)NC(=O)C(C(=O)C)N=Nc1ccccc1,CC(=O)C(N=Nc1ccccc1)C(=O)Nc1ccc(NC(=O)C(N=Nc2ccccc2)C(C)=O)cc1,395.0,,
c1ccc2c(c1)c1ccc3c(c1C2)oc1c3cccc1,c1ccc2c(c1)Cc1c-2ccc2c1oc1ccccc12,338.0,,
COc1ccc2c(c1)C(C)(C)C1(N2C)C=Cc2c(O1)ccc1c2cccn1,COc1ccc2c(c1)C(C)(C)C1(C=Cc3c(ccc4ncccc34)O1)N2C,302.0,,
COc1ccc(cc1)C1(C)c2cc(Br)ccc2c2c1cc(Br)cc2,COc1ccc(C2(C)c3cc(Br)ccc3-c3ccc(Br)cc32)cc1,334.0,,
c1ccc2c(c1)c1ccccc1n2c1cccc(c1)c1cncc(n1)n1c2ccccc2c2c1cccc2,c1cc(-c2cncc(-n3c4ccccc4c4ccccc43)n2)cc(-n2c3ccccc3c3ccccc32)c1,288.0,,
N#Cc1ccc(cc1)N=Nc1ccc(cc1N)N,N#Cc1ccc(N=Nc2ccc(N)cc2N)cc1,262.0,,NMP
OCC1OC(C(C1O)O)n1ccc(nc1=O)N,Nc1ccn(C2OC(CO)C(O)C2O)c(=O)n1,273.0,9199.0,
CN(c1ccc2c(c1)Oc1c(C32OC(=O)c2c3cccc2)ccc2c1ccc(c2)OCc1ccccc1)C,CN(C)c1ccc2c(c1)Oc1c(ccc3cc(OCc4ccccc4)ccc13)C21OC(=O)c2ccccc21,545.0,2160.0,
Cc1ccc(cc1)C1C2=C(Oc3c1c1cc(OCCCNCCNc4ccnc5c4ccc(c5)Cl)ccc1cc3)CC(CC2=O)(C)C,Cc1ccc(C2C3=C(CC(C)(C)CC3=O)Oc3ccc4ccc(OCCCNCCNc5ccnc6cc(Cl)ccc56)cc4c32)cc1,330.0,11000.0,methanol
N#Cc1cnn2c1nc(C)c1c2N(CC1)c1ccc(cc1)C,Cc1ccc(N2CCc3c(C)nc4c(C#N)cnn4c32)cc1,364.0,,
CC(C[C@@H](C(=O)N[C@H]1Cc2cn(c3c2cccc3)CNC1=O)CS(=N)(=N)C)C,CC(C)C[C@H](CS(C)(=N)=N)C(=O)N[C@H]1Cc2cn(c3ccccc23)CNC1=O,430.0,,
c1ccc(cc1)C1N=C(c2ccco2)C(=NC1c1ccccc1)c1ccco1,c1ccc(C2N=C(c3ccco3)C(c3ccco3)=NC2c2ccccc2)cc1,342.0,,
C1(C)c2cc(ccc2c2c1cc(cc2)c1ccc2c(c1)C(C)(C)c1c2cccc1)c1ccc2c(c1)C(C)(C)c1c2ccc(c1)c1ccc(cc1)C=C,C=Cc1ccc(-c2ccc3c(c2)C(C)(C)c2cc(-c4ccc5c(c4)C(C)c4cc(-c6ccc7c(c6)C(C)(C)c6ccccc6-7)ccc4-5)ccc2-3)cc1,366.0,,
COc1ccc(cc1)CNc1ncnc2c1nc([nH]2)C=Cc1ccc(cc1)C(F)(F)F,COc1ccc(CNc2ncnc3[nH]c(C=Cc4ccc(C(F)(F)F)cc4)nc23)cc1,360.0,,DMSO
Clc1ccc2c(c1)c1cc(Br)ccc1[nH]2,Clc1ccc2[nH]c3ccc(Br)cc3c2c1,373.0,,
COc1ccc(cc1)c1cn2nc(cc2c(=O)[nH]1)c1ccc(cc1)OC,COc1ccc(-c2cc3c(=O)[nH]c(-c4ccc(OC)cc4)cn3n2)cc1,330.0,,THF
O=C(c1ccc(cc1)Cn1c2ccccc2c2c1cccc2)NN=Cc1ccc(cc1)[N+](=O)[O-],O=C(NN=Cc1ccc([N+](=O)[O-])cc1)c1ccc(Cn2c3ccccc3c3ccccc32)cc1,295.0,,
N#CC(=Cc1ccc(s1)c1ccc(cc1)N(c1ccccc1)c1ccccc1)C#N,N#CC(C#N)=Cc1ccc(-c2ccc(N(c3ccccc3)c3ccccc3)cc2)s1,511.0,,
c1ccc(cc1)c1c2ccccc2cc2c1cccc2,c1ccc(-c2c3ccccc3cc3ccccc23)cc1,386.0,,
Clc1cccc(c1)c1ccn(c1)C,Cn1ccc(-c2cccc(Cl)c2)c1,276.0,13700.0,
N#CCC(=O)c1ccc(s1)c1ccc(s1)c1ccc(cc1)N(c1ccccc1)c1ccccc1,N#CCC(=O)c1ccc(-c2ccc(-c3ccc(N(c4ccccc4)c4ccccc4)cc3)s2)s1,412.0,,
N#Cc1[nH]cnc1C#N,N#Cc1nc[nH]c1C#N,320.0,,MeCN
C(COc1cc(c(cc1c1ccccc1C#N)OC)c1ccccc1C#N)CC,CCCCOc1cc(-c2ccccc2C#N)c(OC)cc1-c1ccccc1C#N,408.0,,
Cn1cc(n(c1=S)C)P(=S)(c1ccccc1)c1ccccc1,Cn1cc(P(=S)(c2ccccc2)c2ccccc2)n(C)c1=S,209.0,,
Brc1ccc(cc1)c1nc2c(nc1c1ccc(cc1)Br)ccc1c2C(=O)c2ccccc2C1=O,O=C1c2ccccc2C(=O)c2c1ccc1nc(-c3ccc(Br)cc3)c(-c3ccc(Br)cc3)nc21,266.0,35481.33892,Hexane
Cc1cc(C)cc(c1)n1c(=O)c2cc(N=Cc3ccc(s3)c3cccs3)cc3c2c(c1=O)ccc3,Cc1cc(C)cc(N2C(=O)c3cccc4cc(N=Cc5ccc(-c6cccs6)s5)cc(c34)C2=O)c1,375.0,,Chloroform
Oc1ccc(cc1N=Nc1nccs1)OCc1ccccc1,Oc1ccc(OCc2ccccc2)cc1N=Nc1nccs1,621.0,,DMF
C#CCn1c(ccc1c1cccs1)c1cccs1,C#CCn1c(-c2cccs2)ccc1-c1cccs1,318.0,,
CC(c1cccc2c1n(c1ccc(cc1)c1ccc3c(c1)c(c1ccccc1)c1c(c3c3ccccc3)cccc1)c1c2cccc1)(C)C,CC(C)(C)c1cccc2c3ccccc3n(-c3ccc(-c4ccc5c(-c6ccccc6)c6ccccc6c(-c6ccccc6)c5c4)cc3)c12,331.0,,dichloromethane
Oc1cc(ccc1N=Nc1c(O)c2c(cc1S(=O)(=O)O)cc(c(c2O)N=Nc1ccc(cc1O)S(=O)(=O)O)S(=O)(=O)O)S(=O)(=O)O,O=S(=O)(O)c1ccc(N=Nc2c(S(=O)(=O)O)cc3cc(S(=O)(=O)O)c(N=Nc4ccc(S(=O)(=O)O)cc4O)c(O)c3c2O)c(O)c1,230.0,,
Oc1ccccc1C=Nc1nc2c(s1)cccc2,Oc1ccccc1C=Nc1nc2ccccc2s1,261.0,,
Cn1c(nc2c1c(sc2c1cccs1)c1cccs1)c1ccc(s1)c1ccc(s1)C=C(C(=O)O)C#N,Cn1c(-c2ccc(-c3ccc(C=C(C#N)C(=O)O)s3)s2)nc2c(-c3cccs3)sc(-c3cccs3)c21,414.0,32700.0,THF
Clc1ccc(cc1)c1nn(c2c1c1c(cn2)c(=O)[nH]n1c1ccccc1)c1ccccc1,O=c1[nH]n(-c2ccccc2)c2c1cnc1c2c(-c2ccc(Cl)cc2)nn1-c1ccccc1,369.0,,DMSO
Cc1ccccc1Nc1nnc(s1)c1cnccn1,Cc1ccccc1Nc1nnc(-c2cnccn2)s1,267.0,,
N#Cc1cc2ccc(cc2c2c1ccc(c2)C)Br,Cc1ccc2c(C#N)cc3ccc(Br)cc3c2c1,268.0,,
c1ccc2c(c1)[nH]c(n2)N=Nc1nc2c([nH]1)cccc2,c1ccc2[nH]c(N=Nc3nc4ccccc4[nH]3)nc2c1,457.0,14500.0,
O=C(C(F)(F)F)C(=CC=C(c1ccccc1)c1ccccc1)c1ccccc1,O=C(C(=CC=C(c1ccccc1)c1ccccc1)c1ccccc1)C(F)(F)F,371.0,,
[O-][n+]1cccc2c1c1[n+]([O-])cccc1C2(F)F,[O-][n+]1cccc2c1-c1c(ccc[n+]1[O-])C2(F)F,340.0,,
CC(=NNC(=S)N)c1ccc(cc1)Cl,CC(=NNC(N)=S)c1ccc(Cl)cc1,601.0,,
COC(=O)c1ccc(cc1)O,COC(=O)c1ccc(O)cc1,300.0,,
CC(=CC(=O)C)Nc1ccc2c(c1)ccc(=O)o2,CC(=O)C=C(C)Nc1ccc2oc(=O)ccc2c1,308.0,,
Brc1ccc(cc1)c1nc2CCc3c(c2c2c1c1ccccc1CC2)cccc3,Brc1ccc(-c2nc3c(c4c2-c2ccccc2CC4)-c2ccccc2CC3)cc1,325.0,37800.0,chloroform
CCCOc1ccc(cc1)C1CC(=NN1c1ccc(c(c1)C)C)c1ccc(cc1)F,CCCOc1ccc(C2CC(c3ccc(F)cc3)=NN2c2ccc(C)c(C)c2)cc1,358.0,,
CC(=O)NC1=CC(=O)C(=O)c2c1cccc2,CC(=O)NC1=CC(=O)C(=O)c2ccccc21,265.0,,ethanol
c1ccc(cc1)N1N=C(CC1c1ccccc1)c1ccc2c(c1)C1(c3c2cccc3)c2ccccc2c2c1cccc2,c1ccc(C2CC(c3ccc4c(c3)C3(c5ccccc5-c5ccccc53)c3ccccc3-4)=NN2c2ccccc2)cc1,386.0,,
NC(=O)c1cccnc1,NC(=O)c1cccnc1,260.0,,
C1(C)c2cc3nc([nH]c3cc2c2c1cc1nc([nH]c1c2)c1cccc(c1)F)c1cccc(c1)F,CC1c2cc3nc(-c4cccc(F)c4)[nH]c3cc2-c2cc3[nH]c(-c4cccc(F)c4)nc3cc21,380.0,,
N#CC(=Cc1sc(c2c1OCCO2)c1ccc(cc1)OC)C#N,COc1ccc(-c2sc(C=C(C#N)C#N)c3c2OCCO3)cc1,379.0,,DCM
CCN(c1ccc(cc1)[N+](=O)[O-])CC,CCN(CC)c1ccc([N+](=O)[O-])cc1,408.1,,
C1(C)c2cc(C#Cc3ccccc3)ccc2c2c1cc1nc3c(nc1c2)c1cccc2c1c1c3cccc1cc2,CC1c2cc(C#Cc3ccccc3)ccc2-c2cc3nc4c5cccc6ccc7cccc(c4nc3cc21)c7c65,430.0,,DMSO
O[C@@H]1[C@H](O)[C@H](O[C@H]1n1ccc(=O)[nH]c1=O)COP(=O)(O)O,O=c1ccn([C@@H]2O[C@H](COP(=O)(O)O)[C@@H](O)[C@H]2O)c(=O)[nH]1,262.0,,
COc1ccc2c(c1)oc(=O)cc2COc1c(C)cc(cc1C)C,COc1ccc2c(COc3c(C)cc(C)cc3C)cc(=O)oc2c1,324.0,,
Clc1ccc2c(c1)nc1n2c(cc2c1c(C)nn2c1ccccc1)c1ccccc1,Cc1nn(-c2ccccc2)c2cc(-c3ccccc3)n3c4ccc(Cl)cc4nc3c12,286.0,,
C#Cc1ccc(cc1)N(c1ccc(cc1)C#C)c1ccc(cc1)C=C1CCc2c(C1=O)cccc2,C#Cc1ccc(N(c2ccc(C#C)cc2)c2ccc(C=C3CCc4ccccc4C3=O)cc2)cc1,415.0,,
Cc1ccc(s1)c1ccc(s1)c1sc(c(c1C#N)C#N)c1ccc(s1)c1ccc(s1)C,Cc1ccc(-c2ccc(-c3sc(-c4ccc(-c5ccc(C)s5)s4)c(C#N)c3C#N)s2)s1,459.0,,
Cc1c(O)cc(c(c1O)[N+](=O)[O-])C,Cc1cc(O)c(C)c(O)c1[N+](=O)[O-],344.0,,
CCOC(=O)c1ccc(cc1)C#Cc1ccc(s1)c1ccc(cc1)OC,CCOC(=O)c1ccc(C#Cc2ccc(-c3ccc(OC)cc3)s2)cc1,875.0,,
O=C1c2ccccc2c2c(C1=O)n1ccccc1n2,O=C1C(=O)c2c(nc3ccccn23)-c2ccccc21,399.0,2300.0,
OC[C@H]1O[C@H]([C@@H]([C@@H]1O)O)n1c(nc2c1ncnc2N)c1ccco1,Nc1ncnc2c1nc(-c1ccco1)n2[C@@H]1O[C@H](CO)[C@@H](O)[C@H]1O,304.0,,EtOAc
CCCn1c(nc(c1c1ccccc1)c1ccccc1)c1cccc(c1)[N+](=O)[O-],CCCn1c(-c2cccc([N+](=O)[O-])c2)nc(-c2ccccc2)c1-c1ccccc1,360.0,,
COC(=O)CN1C(=NC(=Cc2ccc(cc2)N(C)C)C1=O)C,COC(=O)CN1C(=O)C(=Cc2ccc(N(C)C)cc2)N=C1C,436.0,37120.0,methanol
COc1ccc(cc1)c1nc2c(nc1c1ccc(cc1)OC)ccc1c2C(=O)c2ccccc2C1=O,COc1ccc(-c2nc3ccc4c(c3nc2-c2ccc(OC)cc2)C(=O)c2ccccc2C4=O)cc1,274.0,134896.2883,Hexane
c1ccc(cc1)CCCOc1cc(nc(c1)c1ccccn1)c1ccccn1,c1ccc(CCCOc2cc(-c3ccccn3)nc(-c3ccccn3)c2)cc1,277.0,23700.0,MeCN
COc1ccc(cc1)C#Cc1cc2c(C)cc(c3c2c2c1cc(cc2cc3)C(C)(C)C)C,COc1ccc(C#Cc2cc3c(C)cc(C)c4ccc5cc(C(C)(C)C)cc2c5c43)cc1,380.0,36307.80548,
Oc1cccc2c1nc(cc2)c1ccc(cn1)c1ccccc1,Oc1cccc2ccc(-c3ccc(-c4ccccc4)cn3)nc12,358.0,,
COC(=C1C(=O)c2c(C1=O)cccc2)C=Cc1cc2CCCN3c2c(c1)CCC3,COC(C=Cc1cc2c3c(c1)CCCN3CCC2)=C1C(=O)c2ccccc2C1=O,562.0,54367.0,Cyclohexane
COc1ccc(cc1)N(c1ccccc1)c1ccc(cc1)C=CC(=O)c1cc(sc1C)C,COc1ccc(N(c2ccccc2)c2ccc(C=CC(=O)c3cc(C)sc3C)cc2)cc1,417.0,,
Clc1cc2c(c(c1O)Cl)[nH]c1c2cccc1,Oc1c(Cl)cc2c([nH]c3ccccc32)c1Cl,355.0,,
COc1c(ccc2c1ccc(c2OC)C(=Cc1ccc(cc1)c1nnc(o1)C)C#N)C(=Cc1ccc(cc1)c1nnc(o1)C)C#N,COc1c(C(C#N)=Cc2ccc(-c3nnc(C)o3)cc2)ccc2c(OC)c(C(C#N)=Cc3ccc(-c4nnc(C)o4)cc3)ccc12,416.0,,dichloromethane
OC(=O)CN1C(=S)SC(=Cc2ccc(s2)c2ccc3c(c2)c2ccccc2n3c2ccc3c(c2)C(C)(C)c2c3cccc2)C1=O,CC1(C)c2ccccc2-c2ccc(-n3c4ccccc4c4cc(-c5ccc(C=C6SC(=S)N(CC(=O)O)C6=O)s5)ccc43)cc21,486.0,,
CCN(c1ccc(cc1)c1nc2CCc3c(c2c2c1c1ccccc1CC2)cccc3)CC,CCN(CC)c1ccc(-c2nc3c(c4c2-c2ccccc2CC4)-c2ccccc2CC3)cc1,361.0,,acetonitrile
CO[Si](CCCSC(=O)c1ccco1)(OC)OC,CO[Si](CCCSC(=O)c1ccco1)(OC)OC,283.0,92700.0,chloroform
COC(=O)C1=c2cccnn2C(C1)C(=O)OC,COC(=O)C1=C2C=CC=NN2C(C(=O)OC)C1,496.0,,Cyclohexane
OCc1cc(Nc2cccc(c2)Cl)c2c(c1N)C(=O)c1c(C2=O)cccc1,Nc1c(CO)cc(Nc2cccc(Cl)c2)c2c1C(=O)c1ccccc1C2=O,606.0,,
CCOC(=O)c1c2cc(ccn2c(c1C(=O)OCC)C(=O)c1ccc(cc1)Br)c1ccncc1,CCOC(=O)c1c(C(=O)OCC)c2cc(-c3ccncc3)ccn2c1C(=O)c1ccc(Br)cc1,254.4,,MeOH
N#CC(=Cc1ccc2c3c1ccc1c3c(cc2)ccc1)c1ccc(s1)C=C1SC(=S)N(C1=O)CC(=O)O,N#CC(=Cc1ccc2ccc3cccc4ccc1c2c34)c1ccc(C=C2SC(=S)N(CC(=O)O)C2=O)s1,279.0,6250.0,
c1ccc2c(c1)n(c1cc(cc(c1)n1c3ccccc3c3c1cccc3)c1cc(cc(c1)n1cncn1)n1cncn1)c1c2cccc1,c1ccc2c(c1)c1ccccc1n2-c1cc(-c2cc(-n3cncn3)cc(-n3cncn3)c2)cc(-n2c3ccccc3c3ccccc32)c1,240.0,,
Oc1ccc(c2c1nccc2)N=Nc1ccc(cc1)Oc1ccccc1,Oc1ccc(N=Nc2ccc(Oc3ccccc3)cc2)c2cccnc12,407.0,,DMSO
CCOC(C#Cc1ccc(cc1)c1nnc(o1)c1ccc(cc1)C(C)(C)C)OCC,CCOC(C#Cc1ccc(-c2nnc(-c3ccc(C(C)(C)C)cc3)o2)cc1)OCC,305.0,,
c1ccc(cc1)c1nc(nc(n1)c1ccccc1)c1ccc(cc1)c1ccc2c(c1)ccn2c1ccc(cc1)n1c2ccccc2c2c1cccc2,c1ccc(-c2nc(-c3ccccc3)nc(-c3ccc(-c4ccc5c(ccn5-c5ccc(-n6c7ccccc7c7ccccc76)cc5)c4)cc3)n2)cc1,341.0,,
Clc1cccc(c1)Nc1nc2c(n1Cc1ccccn1)cc1c(c2)c(C)c(c(=O)o1)C(=O)N,Cc1c(C(N)=O)c(=O)oc2cc3c(cc12)nc(Nc1cccc(Cl)c1)n3Cc1ccccn1,360.0,,ethanol
C[Si]1(C)C(=C(C(=C1c1ccc2c(c1)cccc2)c1ccccc1)c1ccccc1)c1ccc2c(c1)cccc2,C[Si]1(C)C(c2ccc3ccccc3c2)=C(c2ccccc2)C(c2ccccc2)=C1c1ccc2ccccc2c1,377.0,15300.0,
OCCN(c1ccc(cc1)C=CC=CC=C(C(=O)NC(CO)CO)C#N)CCO,N#CC(=CC=CC=Cc1ccc(N(CCO)CCO)cc1)C(=O)NC(CO)CO,477.0,,
c1ccc2c(c1)oc(c2)C=Cc1cc(C=Cc2cc3c(o2)cccc3)cc(c1)C=Cc1cc2c(o1)cccc2,C(=Cc1cc2ccccc2o1)c1cc(C=Cc2cc3ccccc3o2)cc(C=Cc2cc3ccccc3o2)c1,346.0,,
Clc1ccc(cc1)C1C2=C(Oc3c1c1cc(OCCCNCCCNc4ccnc5c4ccc(c5)Cl)ccc1cc3)CC(CC2=O)(C)C,CC1(C)CC(=O)C2=C(C1)Oc1ccc3ccc(OCCCNCCCNc4ccnc5cc(Cl)ccc45)cc3c1C2c1ccc(Cl)cc1,334.0,10000.0,methanol
O=c1cc(C)c2c(o1)c1c3c(c2)C(C)(C)CCN3CCC1(C)C,Cc1cc(=O)oc2c3c4c(cc12)C(C)(C)CCN4CCC3(C)C,382.0,,dichloromethane
O[C@@H]1[C@@H]2OP(=O)(O)OC[C@H]2O[C@H]1n1cnc2c1ncnc2N,Nc1ncnc2c1ncn2[C@@H]1O[C@@H]2COP(=O)(O)O[C@H]2[C@H]1O,350.0,,
c1ccc(cc1)c1[nH]c2c(c1N=Nc1nc3c(s1)cccc3)cccc2,c1ccc(-c2[nH]c3ccccc3c2N=Nc2nc3ccccc3s2)cc1,533.0,,Chloroform
CC(c1ccc(cc1)c1nc2c(o1)cccc2)(C)C,CC(C)(C)c1ccc(-c2nc3ccccc3o2)cc1,302.0,30600.0,heptane
CCOC(=O)c1cc2cc(cn2cc1c1cccs1)C(=O)C,CCOC(=O)c1cc2cc(C(C)=O)cn2cc1-c1cccs1,267.0,73200.0,dichloromethane
OCc1c(nc2n1cccc2)c1ccc(cc1)C,Cc1ccc(-c2nc3ccccn3c2CO)cc1,323.0,,
c1ccc(cc1)c1c2cc(ccc2c(c2c1cccc2)c1ccc2c(c1)cccc2)c1ccccc1,c1ccc(-c2ccc3c(-c4ccc5ccccc5c4)c4ccccc4c(-c4ccccc4)c3c2)cc1,396.0,10060.0,
Clc1ccc(cc1)c1cn2c(n1)cc(cc2)C=Cc1ccccc1,Clc1ccc(-c2cn3ccc(C=Cc4ccccc4)cc3n2)cc1,413.0,,Toluene
COc1cc(C=CC(=O)CC(=O)C=Cc2ccc(c(c2)OC)O)ccc1O,COc1cc(C=CC(=O)CC(=O)C=Cc2ccc(O)c(OC)c2)ccc1O,427.0,,Water
Clc1ccc(cc1)c1nn2c(c1)c(=O)[nH]c(c2)c1ccccc1,O=c1[nH]c(-c2ccccc2)cn2nc(-c3ccc(Cl)cc3)cc12,330.0,,THF
c1cc2ccc3c4c2c(c1)ccc4ccc3c1ccc2c(c1)c1cc(ccc1[nH]2)c1ccc2c3c1ccc1c3c(cc2)ccc1,c1cc2ccc3ccc(-c4ccc5[nH]c6ccc(-c7ccc8ccc9cccc%10ccc7c8c9%10)cc6c5c4)c4ccc(c1)c2c34,281.0,,
OCC1OC(C(C1O)O)n1c(C=Cc2ccc(cc2)C(F)(F)F)nc2c1ncnc2N,Nc1ncnc2c1nc(C=Cc1ccc(C(F)(F)F)cc1)n2C1OC(CO)C(O)C1O,340.0,,
NN=Cc1c(O)ccc2c1cccc2,NN=Cc1c(O)ccc2ccccc12,304.0,251188.6432,EtOH
O=C(c1cc(C(=O)CC(=O)c2ccc(cc2)Cl)c(nc1C)C)CC(=O)c1ccc(cc1)Cl,Cc1nc(C)c(C(=O)CC(=O)c2ccc(Cl)cc2)cc1C(=O)CC(=O)c1ccc(Cl)cc1,344.0,44668.35922,
O=P(c1ccc(nn1)P(=O)(c1ccccc1)c1ccccc1)(c1ccccc1)c1ccccc1,O=P(c1ccccc1)(c1ccccc1)c1ccc(P(=O)(c2ccccc2)c2ccccc2)nn1,265.0,,
C(Cn1c2cc(c3ccc(s3)c3cccs3)c3c4c2c2c1cc(c1ccc(s1)c1cccs1)c1c2c(c4ccc3)ccc1)C,CCCn1c2cc(-c3ccc(-c4cccs4)s3)c3cccc4c5cccc6c(-c7ccc(-c8cccs8)s7)cc1c(c65)c2c34,493.0,,
O=C1c2ccccc2C(=O)c2c1ccc(c2N)Br,Nc1c(Br)ccc2c1C(=O)c1ccccc1C2=O,473.0,,
Clc1cc(ccc1NC(C1=C(O)C(=O)c2c(C1=O)cccc2)c1ccc(cc1)[N+](=O)[O-])[N+](=O)[O-],O=C1C(O)=C(C(Nc2ccc([N+](=O)[O-])cc2Cl)c2ccc([N+](=O)[O-])cc2)C(=O)c2ccccc21,478.0,2884.031503,
Cc1ccc2c(c1)[n+]([O-])c1c(n2C)nc(nc1=O)c1ccccc1,Cc1ccc2c(c1)[n+]([O-])c1c(=O)nc(-c3ccccc3)nc-1n2C,507.0,29512.09227,
c1ccc(cc1)N(c1csc(c1)c1cc(nc(c1)c1cccnc1)c1cccnc1)c1ccccc1,c1ccc(N(c2ccccc2)c2csc(-c3cc(-c4cccnc4)nc(-c4cccnc4)c3)c2)cc1,400.0,,
O=C1c2ccccc2N(C1=O)Br,O=C1C(=O)N(Br)c2ccccc21,263.0,,
CN(c1ccc(cc1)C(=C(C#N)C#N)C(=C(C#N)C#N)c1ccc(cc1)N(C)C)C,CN(C)c1ccc(C(=C(C#N)C#N)C(=C(C#N)C#N)c2ccc(N(C)C)cc2)cc1,480.0,,
C#Cc1ccc2c(c1)Cc1c2cccc1,C#Cc1ccc2c(c1)Cc1ccccc1-2,287.0,,
Cc1cc(=O)[nH]c(n1)C(=NNc1cccc(c1)[N+](=O)[O-])C(=O)c1ccccc1,Cc1cc(=O)[nH]c(C(=NNc2cccc([N+](=O)[O-])c2)C(=O)c2ccccc2)n1,384.0,19952.62315,
Clc1cccc(c1c1nc2ccccc2c(=O)[nH]1)Cl,O=c1[nH]c(-c2c(Cl)cccc2Cl)nc2ccccc12,587.0,,
c1ccc(cc1)c1cccc(n1)c1nccc(c1)c1ccc(cc1)C=Cc1ccc(cc1)n1ncnc1,C(=Cc1ccc(-n2cncn2)cc1)c1ccc(-c2ccnc(-c3cccc(-c4ccccc4)n3)c2)cc1,416.0,,Ethanol
Cc1cccc(c1)c1cccc(n1)c1ccccn1,Cc1cccc(-c2cccc(-c3ccccn3)n2)c1,236.0,,
O=C1N(C)C(=O)C(=C1c1ccc2c(c1)cccc2)c1c[nH]c2c1cccc2,CN1C(=O)C(c2ccc3ccccc3c2)=C(c2c[nH]c3ccccc23)C1=O,440.0,,
O=Cc1cc2ccccc2c(c1O)CN1CCOCCOCCOCCOCC1,O=Cc1cc2ccccc2c(CN2CCOCCOCCOCCOCC2)c1O,730.0,,
Clc1ccc(cc1)C=Cc1ccc(cc1)c1nnc(o1)c1c2ccccc2cc2c1cccc2,Clc1ccc(C=Cc2ccc(-c3nnc(-c4c5ccccc5cc5ccccc45)o3)cc2)cc1,337.0,,
COc1ccc(c2c1cccc2)c1nc2c(n1c1cc(C)cc(c1)C)c1ccccc1c1c2cccc1,COc1ccc(-c2nc3c4ccccc4c4ccccc4c3n2-c2cc(C)cc(C)c2)c2ccccc12,232.0,,
Clc1nc(Cl)nc(n1)Nc1c(N=Nc2ccccc2C(=O)O)c(nn1c1ccccc1)c1ccccc1,O=C(O)c1ccccc1N=Nc1c(-c2ccccc2)nn(-c2ccccc2)c1Nc1nc(Cl)nc(Cl)n1,382.0,,
Nc1nc2c(N=Nc3ccccc3Cl)c(nn2c(c1N=Nc1nccs1)N)N,Nc1nc2c(N=Nc3ccccc3Cl)c(N)nn2c(N)c1N=Nc1nccs1,489.0,,
N#Cc1cc2c(=O)c(=O)c3c4c2c(c1)c(=O)c(=O)c4cc(c3)C#N,N#Cc1cc2c3c(c1)c(=O)c(=O)c1cc(C#N)cc(c1-3)c(=O)c2=O,290.0,,DMF
COc1ccc(cc1)CCn1c(Nc2cc(Cl)cc(c2)Cl)nc2c1cc1oc(=O)c(c(c1c2)C)C(=O)N,COc1ccc(CCn2c(Nc3cc(Cl)cc(Cl)c3)nc3cc4c(C)c(C(N)=O)c(=O)oc4cc32)cc1,363.0,,ethanol
CN(c1ccc(cc1)c1[nH]c(nc1c1ccc(cc1)N(C)C)c1ccc(cc1)C#Cc1ccc(cc1)[N+](=O)[O-])C,CN(C)c1ccc(-c2nc(-c3ccc(C#Cc4ccc([N+](=O)[O-])cc4)cc3)[nH]c2-c2ccc(N(C)C)cc2)cc1,420.0,,CH 2 Cl 2
Oc1c(cc(cc1c1sc2c(n1)cccc2)c1sc2c(n1)cccc2)c1sc2c(n1)cccc2,Oc1c(-c2nc3ccccc3s2)cc(-c2nc3ccccc3s2)cc1-c1nc2ccccc2s1,480.0,8510.0,Hexane
Fc1c2oc3ccccc3[nH]c2c2c(c1F)c(=O)c1c(c2=O)c(O)ccc1O,O=c1c2c(O)ccc(O)c2c(=O)c2c1c(F)c(F)c1oc3ccccc3[nH]c12,900.0,,
O=c1cc(C)c2c(o1)cc(c(c2)N)N,Cc1cc(=O)oc2cc(N)c(N)cc12,389.0,,Acetonitrile
Fc1ccc(cc1)NC1=C(Br)C(=O)OC1OCc1ccccc1,O=C1OC(OCc2ccccc2)C(Nc2ccc(F)cc2)=C1Br,283.0,,
CN(c1ccc(cc1)C#Cc1ccc(cc1)C(=O)O)C,CN(C)c1ccc(C#Cc2ccc(C(=O)O)cc2)cc1,382.0,,dichloromethane
Cc1ccc(c(c1)O)C(C)C,Cc1ccc(C(C)C)c(O)c1,279.0,,
N#Cc1[nH]c2c(nc1C#N)nc(c2C(=O)C)C,CC(=O)c1c(C)nc2nc(C#N)c(C#N)[nH]c1-2,323.0,,
COc1ccc(cc1)n1ccc2c1nc(nc2c1ccccc1)c1ccc(cc1)c1ccccc1,COc1ccc(-n2ccc3c(-c4ccccc4)nc(-c4ccc(-c5ccccc5)cc4)nc32)cc1,344.0,,
c1ccc(cc1)c1c2ccccc2c(c2c1cccc2)c1cccc(n1)c1c2ccccc2c(c2c1cccc2)c1ccccc1,c1ccc(-c2c3ccccc3c(-c3cccc(-c4c5ccccc5c(-c5ccccc5)c5ccccc45)n3)c3ccccc23)cc1,433.0,,dichloromethane
OCc1ccccn1,OCc1ccccn1,274.2,,
Cc1ccc(cc1)Cn1c(C=Cc2ccccc2)nc(c1c1ccco1)c1ccco1,Cc1ccc(Cn2c(C=Cc3ccccc3)nc(-c3ccco3)c2-c2ccco2)cc1,350.0,,
N#Cc1cccc2c1[nH]nc2Br,N#Cc1cccc2c(Br)n[nH]c12,398.0,,
O=c1[nH]c(cn2c1cc(n2)c1ccccc1)c1ccccc1,O=c1[nH]c(-c2ccccc2)cn2nc(-c3ccccc3)cc12,325.0,,THF
C=CCN1c2ccc(cc2C(C21CCc1c(O2)ccc(c1)[N+](=O)[O-])(C)C)C(F)(F)F,C=CCN1c2ccc(C(F)(F)F)cc2C(C)(C)C12CCc1cc([N+](=O)[O-])ccc1O2,206.0,,CH 3 CN
N#CC(=C1C(=CC=C2N(C)c3c(C2(C)C)cccc3)c2c(C1=Cc1ccc(s1)c1cc3c(s1)cccc3)cccc2)C#N,CN1C(=CC=C2C(=C(C#N)C#N)C(=Cc3ccc(-c4cc5ccccc5s4)s3)c3ccccc32)C(C)(C)c2ccccc21,485.0,,
N#Cc1c(N)nc(c(c1c1c2ccccc2cc2c1cccc2)C#N)N,N#Cc1c(N)nc(N)c(C#N)c1-c1c2ccccc2cc2ccccc12,391.0,,THF
COc1nc(OC)nc(n1)Nc1ccc2c3c1cccc3c1c3c2cccc3ccc1,COc1nc(Nc2ccc3c4cccc5cccc(c6cccc2c63)c54)nc(OC)n1,444.0,,Acetonitrile
COc1ccc(cc1)C(=O)Oc1ccc(cc1)c1ccc(cc1)O,COc1ccc(C(=O)Oc2ccc(-c3ccc(O)cc3)cc2)cc1,269.0,,
CCN(c1ccc2c(c1)oc(=O)cc2COC(=O)[C@@H](NC(=O)OCC1c2ccccc2c2c1cccc2)CC(=O)O)CC,CCN(CC)c1ccc2c(COC(=O)[C@H](CC(=O)O)NC(=O)OCC3c4ccccc4-c4ccccc43)cc(=O)oc2c1,379.0,,
CCn1c2ccc(cc2c2c1ccc(c2)c1cccs1)c1cccs1,CCn1c2ccc(-c3cccs3)cc2c2cc(-c3cccs3)ccc21,350.0,,
O=C1c2cccc(c2C(=O)c2c1c(ccc2)[N+](=O)[O-])[N+](=O)[O-],O=C1c2cccc([N+](=O)[O-])c2C(=O)c2cccc([N+](=O)[O-])c21,325.0,,
COc1cc(ccc1OC)c1sc(c2c1cc1ccccc1c2)c1cccs1,COc1ccc(-c2sc(-c3cccs3)c3cc4ccccc4cc23)cc1OC,582.0,,CH 2 Cl
Cc1c(sc2c1c(C)c(s2)c1nnc(o1)c1ccco1)c1nnc(o1)c1ccco1,Cc1c(-c2nnc(-c3ccco3)o2)sc2sc(-c3nnc(-c4ccco4)o3)c(C)c12,359.0,,Ethanol
OB(c1ccccc1)O,OB(O)c1ccccc1,377.0,,
Cn1c2cc(ccc2c2c1cc(cc2)n1c2ccccc2c2c1cccc2)n1c2ccccc2c2c1cccc2,Cn1c2cc(-n3c4ccccc4c4ccccc43)ccc2c2ccc(-n3c4ccccc4c4ccccc43)cc21,343.0,,
C1(C)c2cc3nc([nH]c3cc2c2c1cc1nc([nH]c1c2)c1ccc(o1)C)c1ccc(o1)C,Cc1ccc(-c2nc3cc4c(cc3[nH]2)-c2cc3[nH]c(-c5ccc(C)o5)nc3cc2C4C)o1,398.0,,
COc1ccccc1C=Cc1ccc(cc1)c1nnc(o1)c1c2ccccc2cc2c1cccc2,COc1ccccc1C=Cc1ccc(-c2nnc(-c3c4ccccc4cc4ccccc34)o2)cc1,349.0,,
[O-][N+](=O)c1ccc(cc1)S(=O)(=O)c1cnc(s1)N=Nc1ccc(c2c1cccn2)O,O=[N+]([O-])c1ccc(S(=O)(=O)c2cnc(N=Nc3ccc(O)c4ncccc34)s2)cc1,593.0,,DMSO
CC(c1ccc(cc1)C=Cc1ccc2c(c1)ccc1c2C(=C=C(c2ccccc2)c2ccccc2)C(O1)(c1ccccc1)c1ccccc1)C,CC(C)c1ccc(C=Cc2ccc3c4c(ccc3c2)OC(c2ccccc2)(c2ccccc2)C4=C=C(c2ccccc2)c2ccccc2)cc1,467.0,,THF
COC(=O)c1n2nc(C=Cc3cccc4c3cccc4)ccc2c(c1C(=O)OC)C(=O)OC,COC(=O)c1c(C(=O)OC)c2ccc(C=Cc3cccc4ccccc34)nn2c1C(=O)OC,453.0,,MeOH
C1(C)c2cc3nc([nH]c3cc2c2c1cc1nc([nH]c1c2)c1ccc(cc1)Cl)c1ccc(cc1)Cl,CC1c2cc3nc(-c4ccc(Cl)cc4)[nH]c3cc2-c2cc3[nH]c(-c4ccc(Cl)cc4)nc3cc21,374.0,,
CCOC(=O)c1c(O)c(N=Nc2ccc(cc2)Cl)c2c(c1O)cccc2,CCOC(=O)c1c(O)c(N=Nc2ccc(Cl)cc2)c2ccccc2c1O,468.0,,DMSO
Brc1ccc2c(c1)c1cc(Br)ccc1[nH]2,Brc1ccc2[nH]c3ccc(Br)cc3c2c1,412.0,,Cyclohexane
CCN(c1ccc2c(c1)oc(=NC(=O)Nc1cccc(c1)OC)c(c2)C#N)CC,CCN(CC)c1ccc2cc(C#N)c(=NC(=O)Nc3cccc(OC)c3)oc2c1,443.0,,
Cc1ccc(cc1)N=Nc1c(C)nn2c1[nH]c(c2N=Nc1ccccc1)c1ccccc1,Cc1ccc(N=Nc2c(C)nn3c(N=Nc4ccccc4)c(-c4ccccc4)[nH]c23)cc1,527.0,,
C#Cn1cccc1c1cccs1,C#Cn1cccc1-c1cccs1,284.0,,
N#Cc1c(cc(nc1c1ccccc1)c1ccc(cc1)c1ccc2c(c1)c1ccccc1n2c1ccccc1)c1ccc(cc1)C,Cc1ccc(-c2cc(-c3ccc(-c4ccc5c(c4)c4ccccc4n5-c4ccccc4)cc3)nc(-c3ccccc3)c2C#N)cc1,348.0,,
[N-]=[N+]=C1C=CC=c2c1c1C=c3c(=c1cc2)cccc3,[N-]=[N+]=C1C=CC=c2ccc3c(c21)C=c1ccccc1=3,423.0,,
Cc1ccccc1C,Cc1ccccc1C,234.0,,
O=C1c2ccccc2NC1=C1Nc2c(C1=O)cccc2,O=C1C(=C2Nc3ccccc3C2=O)Nc2ccccc21,536.2,,
OC(=O)COc1ccc(cc1)N=Nc1ccccc1,O=C(O)COc1ccc(N=Nc2ccccc2)cc1,320.5,,
c1ccc2c(c1)c(ccc2c1nc2c(o1)cccc2)c1nc2c(o1)cccc2,c1ccc2oc(-c3ccc(-c4nc5ccccc5o4)c4ccccc34)nc2c1,355.0,,
Oc1ccc(cc1)n1cccc1,Oc1ccc(-n2cccc2)cc1,325.0,,CHCl3
COc1ccc(cc1)c1c2ccccc2c(c2c1cc(Cl)cc2)c1ccc(cc1)OC,COc1ccc(-c2c3ccccc3c(-c3ccc(OC)cc3)c3cc(Cl)ccc23)cc1,445.1,,
c1ccc2c(c1)nc1c(n2)Sc2c(S1)nc1c(n2)cccc1,c1ccc2nc3c(nc2c1)Sc1nc2ccccc2nc1S3,389.0,,
N#CC(=C(c1ccccc1)C=Cc1cn(c2c1cccc2)CC)C#N,CCn1cc(C=CC(=C(C#N)C#N)c2ccccc2)c2ccccc21,469.0,,Toluene
COc1ccc2c(c1)c(NCCN1CCNCC1)c1c(n2)cc(cc1)Cl,COc1ccc2nc3cc(Cl)ccc3c(NCCN3CCNCC3)c2c1,421.0,,
Cc1c(sc2c1c(C)c(s2)c1nnc(o1)c1ccc2c(c1)cccc2)c1nnc(o1)c1ccc2c(c1)cccc2,Cc1c(-c2nnc(-c3ccc4ccccc4c3)o2)sc2sc(-c3nnc(-c4ccc5ccccc5c4)o3)c(C)c12,362.0,,Ethanol
Cc1ccc(cc1)NC(C1=C(O)C(=O)c2c(C1=O)cccc2)c1cccc(c1)[N+](=O)[O-],Cc1ccc(NC(C2=C(O)C(=O)c3ccccc3C2=O)c2cccc([N+](=O)[O-])c2)cc1,476.0,2630.267992,
NCCN1C2(c3ccc(cc3Oc3c2ccc(c3)N2CCOCC2)N2CCOCC2)c2c(S1(=O)=O)cccc2,NCCN1C2(c3ccc(N4CCOCC4)cc3Oc3cc(N4CCOCC4)ccc32)c2ccccc2S1(=O)=O,552.0,,
c1ccc(cc1)Nc1ccccc1,c1ccc(Nc2ccccc2)cc1,328.0,,silica
Oc1ccc(cc1)C=C1N=C(N(C1=O)Cc1ccccc1)C,CC1=NC(=Cc2ccc(O)cc2)C(=O)N1Cc1ccccc1,372.0,,
c1ccc(cc1)c1nc2c(sc(c2nc1c1ccccc1)c1ccccc1)c1ccccc1,c1ccc(-c2nc3c(-c4ccccc4)sc(-c4ccccc4)c3nc2-c2ccccc2)cc1,488.0,,Toluene
O=C1OC(=NC1=Cc1ccco1)c1ccccc1,O=C1OC(c2ccccc2)=NC1=Cc1ccco1,389.0,,THF
c1ccc2c(c1)C1c3c(C2c2c1cccc2)cccc3,c1ccc2c(c1)C1c3ccccc3C2c2ccccc21,354.0,,MTHF
Oc1ccccc1C=Nc1ccccc1,Oc1ccccc1C=Nc1ccccc1,603.0,,
Cc1nn2c(c1N=Nc1cccc(c1)[N+](=O)[O-])[nH]c(c2N=Nc1ccccc1)c1ccccc1,Cc1nn2c(N=Nc3ccccc3)c(-c3ccccc3)[nH]c2c1N=Nc1cccc([N+](=O)[O-])c1,540.0,,
Nc1nc2n(c(c1N=Nc1ccccc1)N)nc(c2N=Nc1nccs1)N,Nc1nc2c(N=Nc3nccs3)c(N)nn2c(N)c1N=Nc1ccccc1,476.0,,
COc1cc2c(cc1C=C(c1ccccc1)c1ccccc1)c1c(n2C)ccc(c1)C=C(c1ccccc1)c1ccccc1,COc1cc2c(cc1C=C(c1ccccc1)c1ccccc1)c1cc(C=C(c3ccccc3)c3ccccc3)ccc1n2C,474.0,,THF
COc1ccc(cc1)NC1=C(Br)C(=O)OC1OC,COc1ccc(NC2=C(Br)C(=O)OC2OC)cc1,286.0,,
Clc1ccc(c(c1)[N+](=O)[O-])c1ccc(o1)C=Nc1ccc2c(c1)ccc(=O)o2,O=c1ccc2cc(N=Cc3ccc(-c4ccc(Cl)cc4[N+](=O)[O-])o3)ccc2o1,352.0,23200.0,
CC(c1ccc(cc1)c1nnc(o1)c1ccc(cc1)C1=Cc2c(C1)cccc2)(C)C,CC(C)(C)c1ccc(-c2nnc(-c3ccc(C4=Cc5ccccc5C4)cc3)o2)cc1,349.0,,
N#Cc1c(N)nc(c(c1c1ccccc1F)C#N)N,N#Cc1c(N)nc(N)c(C#N)c1-c1ccccc1F,338.0,,THF
Cn1c2ccc(cc2c2c1ccc(c2)c1ccc(s1)c1nccc(c1)C=C)c1ccc(s1)c1nccc(c1)C=C,C=Cc1ccnc(-c2ccc(-c3ccc4c(c3)c3cc(-c5ccc(-c6cc(C=C)ccn6)s5)ccc3n4C)s2)c1,785.63,,Toluene
N#Cc1ccc(cc1)C=Cc1ccc(cc1)c1nc(c([nH]1)c1ccc(cc1)N(C)C)c1ccc(cc1)N(C)C,CN(C)c1ccc(-c2nc(-c3ccc(C=Cc4ccc(C#N)cc4)cc3)[nH]c2-c2ccc(N(C)C)cc2)cc1,407.0,,CH 2 Cl 2
O=Cc1ccc(s1)c1sc(c2c1cccc2)c1csc2c1cccc2,O=Cc1ccc(-c2sc(-c3csc4ccccc34)c3ccccc23)s1,505.0,,CH 2 Cl
Cn1c2ccccc2cc2c1c1ccccc1n2,Cn1c2c3ccccc3nc-2cc2ccccc21,499.0,,
COc1cc(ccc1O)C=C1N=C(N(C1=O)C)C,COc1cc(C=C2N=C(C)N(C)C2=O)ccc1O,377.0,,
N#Cc1c(C#N)nc(n1C)C=Cc1ccc(cc1)N(C)C,CN(C)c1ccc(C=Cc2nc(C#N)c(C#N)n2C)cc1,381.0,,
N#Cc1c(N)nc(c(c1c1c(F)cccc1Cl)C#N)N,N#Cc1c(N)nc(N)c(C#N)c1-c1c(F)cccc1Cl,343.0,,THF
COc1ccc(cc1)c1ccc(nc1)c1ccc(cn1)C(=O)OC,COC(=O)c1ccc(-c2ccc(-c3ccc(OC)cc3)cn2)nc1,355.0,,
Clc1ccc(cc1)C1C2=C(Oc3c1c1cc(OCCCNCCNc4ccnc5c4ccc(c5)Cl)ccc1cc3)CC(CC2=O)(C)C,CC1(C)CC(=O)C2=C(C1)Oc1ccc3ccc(OCCCNCCNc4ccnc5cc(Cl)ccc45)cc3c1C2c1ccc(Cl)cc1,329.0,10000.0,methanol
OC[C@H]1O[C@H](C[C@@H]1O)n1ccc2n(c1=O)ccn2,O=c1n([C@H]2C[C@H](O)[C@@H](CO)O2)ccc2nccn12,342.0,,
N#CC(=Cc1ccc(cc1)c1ccc(cc1)c1[nH]c2c(n1)c(sc2c1ccc(cc1)C(C)(C)C)c1ccc(cc1)C(C)(C)C)C(=O)O,CC(C)(C)c1ccc(-c2sc(-c3ccc(C(C)(C)C)cc3)c3[nH]c(-c4ccc(-c5ccc(C=C(C#N)C(=O)O)cc5)cc4)nc23)cc1,362.0,36700.0,THF
CCN(c1ccc(cc1)C=Cc1ccc(cc1)C=Cc1ccc(cc1)B(c1c(C)cc(cc1C)C)c1c(C)cc(cc1C)C)CC,CCN(CC)c1ccc(C=Cc2ccc(C=Cc3ccc(B(c4c(C)cc(C)cc4C)c4c(C)cc(C)cc4C)cc3)cc2)cc1,424.0,62200.0,Acetonitrile
C(OC(=O)C(=Cc1ccccc1)OC)CC,CCCOC(=O)C(=Cc1ccccc1)OC,311.0,23300.0,
Oc1ccc(c2c1nccc2)N=Nc1nc2c([nH]1)cccc2,Oc1ccc(N=Nc2nc3ccccc3[nH]2)c2cccnc12,558.0,,DMSO
c1ccc(cc1)N(c1ccccc1)c1ccc(cc1)c1nc2c(s1)cccc2,c1ccc(N(c2ccccc2)c2ccc(-c3nc4ccccc4s3)cc2)cc1,310.0,,methanol
CCCn1c(Nc2c(C)cccc2C)nc2c1cc1oc(=O)c(c(c1c2)C)C(=O)N,CCCn1c(Nc2c(C)cccc2C)nc2cc3c(C)c(C(N)=O)c(=O)oc3cc21,341.0,,ethanol
Oc1ccccc1N=Cc1[nH]ccc1,Oc1ccccc1N=Cc1ccc[nH]1,356.0,,
Cn1c(=O)c2c(c1c1ccccc1)c(=O)n(c2c1ccc(s1)Br)C,CN1C(=O)C2=C(c3ccc(Br)s3)N(C)C(=O)C2=C1c1ccccc1,504.0,,
COC(=O)Cn1c(=O)c2cccc3c2c(c1=O)ccc3Nc1cnccn1,COC(=O)CN1C(=O)c2cccc3c(Nc4cnccn4)ccc(c23)C1=O,425.0,,DMSO
CCOC(=O)C1=C(NC(=O)C1=CC1=CCC(=C=O)C=C1)c1ccccc1,CCOC(=O)C1=C(c2ccccc2)NC(=O)C1=CC1=CCC(=C=O)C=C1,433.0,,DMSO
N#Cc1cnn2c1nc(C)c1c2N(CC1)c1ccc(cc1)Br,Cc1nc2c(C#N)cnn2c2c1CCN2c1ccc(Br)cc1,371.0,,
COc1ccc(cc1)n1c(N=Nc2nc3c(s2)cccc3)ccc1c1cccs1,COc1ccc(-n2c(N=Nc3nc4ccccc4s3)ccc2-c2cccs2)cc1,530.0,,DMSO
CCN(c1ccc(c(c1)O)c1[nH]c2c(n1)c1c(=O)[nH][nH]c(=O)c1cc2)CC,CCN(CC)c1ccc(-c2nc3c(ccc4c(=O)[nH][nH]c(=O)c43)[nH]2)c(O)c1,520.0,,
COC(=O)[C@H](Cc1ccc2c(c1)nc(o2)c1ccc2c3c1ccc1c3c(cc2)ccc1)NC(=O)OC(C)(C)C,COC(=O)[C@H](Cc1ccc2oc(-c3ccc4ccc5cccc6ccc3c4c56)nc2c1)NC(=O)OC(C)(C)C,428.0,42657.95188,methanol
[O-][N+](=O)c1ccc2c(c1)CCC1(O2)N(C)c2c(C1(C)C)cc(cc2)C(F)(F)F,CN1c2ccc(C(F)(F)F)cc2C(C)(C)C12CCc1cc([N+](=O)[O-])ccc1O2,205.0,,CH 3 CN
c1ccc(cc1)P(c1ccccc1)C=CP(c1ccccc1)c1ccccc1,C(=CP(c1ccccc1)c1ccccc1)P(c1ccccc1)c1ccccc1,445.0,,dichloromethane
CCN(c1ccc2c(c1)oc1c(n2)c2cc(ccc2c(=O)c1)C1=CC(NC1(C)C)(C)C)CC,CCN(CC)c1ccc2nc3c4cc(C5=CC(C)(C)NC5(C)C)ccc4c(=O)cc-3oc2c1,564.0,,Dioxane
Brc1ccc2c(c1)CCc1c2c(nc2c1c1ccc(cc1CC2)Br)c1ccccc1,Brc1ccc2c(c1)CCc1nc(-c3ccccc3)c3c(c1-2)CCc1cc(Br)ccc1-3,343.0,99700.0,chloroform
CCOC(=O)c1c(N)sc(c1c1ccccc1)N=Nc1ccccc1,CCOC(=O)c1c(N)sc(N=Nc2ccccc2)c1-c1ccccc1,468.0,,DMSO
COCCc1ccc(cc1)OCC(CNC(C)C)O,COCCc1ccc(OCC(O)CNC(C)C)cc1,222.0,,
C(=Cc1ccc(cc1)C=CSC=C(c1ccccc1)c1ccccc1)SC=C(c1ccccc1)c1ccccc1,C(=Cc1ccc(C=CSC=C(c2ccccc2)c2ccccc2)cc1)SC=C(c1ccccc1)c1ccccc1,366.0,,CH 2 Cl 2
N[C@H](C(=O)OCc1ccccc1)CC(=O)N,NC(=O)C[C@H](N)C(=O)OCc1ccccc1,330.0,,EtOH
c1ccc2c(c1)c(sc2c1csc2c1cccc2)c1ccc(s1)c1ccc(s1)c1sc(c2c1cccc2)c1csc2c1cccc2,c1ccc2c(-c3sc(-c4ccc(-c5ccc(-c6sc(-c7csc8ccccc78)c7ccccc67)s5)s4)c4ccccc34)csc2c1,615.0,,CH 2 Cl
O=C(Nc1cnc2c(c1)cccc2)Nc1ccccc1,O=C(Nc1ccccc1)Nc1cnc2ccccc2c1,393.0,,
O=c1ccc2c(o1)ccc(c2)N=Cc1ccccc1O,O=c1ccc2cc(N=Cc3ccccc3O)ccc2o1,344.0,16100.0,
Cc1cc2n(nc(c2c2n1c1ncccc1n2)C)c1ccccc1,Cc1nn(-c2ccccc2)c2cc(C)n3c4ncccc4nc3c12,311.0,,
Brc1ccc(cc1)n1cccc1,Brc1ccc(-n2cccc2)cc1,315.0,,CHCl3
Brc1ccc2c(c1)nc1c(n2)[nH]c2c([nH]1)nccc2,Brc1ccc2nc3c(nc2c1)Nc1ncccc1N3,409.0,,
Nc1ccc(cc1)c1nnc(n1c1ccc(cc1)C(c1ccccc1)(c1ccccc1)c1ccccc1)c1ccc(cc1)N,Nc1ccc(-c2nnc(-c3ccc(N)cc3)n2-c2ccc(C(c3ccccc3)(c3ccccc3)c3ccccc3)cc2)cc1,303.0,,
C1(C)c2cc(ccc2c2c1cc(cc2)[N+](=O)[O-])c1ccc(s1)c1ccc(s1)c1cccs1,CC1c2cc(-c3ccc(-c4ccc(-c5cccs5)s4)s3)ccc2-c2ccc([N+](=O)[O-])cc21,259.0,,
Cc1ccc(cc1)Cn1c(C=Cc2ccco2)nc(c1c1ccco1)c1ccco1,Cc1ccc(Cn2c(C=Cc3ccco3)nc(-c3ccco3)c2-c2ccco2)cc1,342.0,,
CC(=O)Nc1ccc(cc1)N=Nc1ccc(c2c1cccn2)O,CC(=O)Nc1ccc(N=Nc2ccc(O)c3ncccc23)cc1,417.0,,DMSO
CCOC(=O)C1C(=O)C=C(CC1c1ccccc1)c1ccco1,CCOC(=O)C1C(=O)C=C(c2ccco2)CC1c1ccccc1,332.0,,
O=C1CSC(=Nc2ccccc2)N1Cc1c2ccccc2nc2c1cccc2,O=C1CSC(=Nc2ccccc2)N1Cc1c2ccccc2nc2ccccc12,370.0,,
COc1ccc2c(c1)oc(=O)cc2COc1ccccc1,COc1ccc2c(COc3ccccc3)cc(=O)oc2c1,323.0,,
CCN1C(=O)C(=CC=CC=c2c3cccc4c3c(n2Cc2ccccc2)ccc4)C(=O)N(C1=S)CC,CCN1C(=O)C(=CC=CC=c2c3cccc4cccc(c43)n2Cc2ccccc2)C(=O)N(CC)C1=S,707.0,,Toluene
N#CC(=Cc1ccc2c(n1)ccc(c2)N(c1ccccc1)c1ccccc1)C(=O)O,N#CC(=Cc1ccc2cc(N(c3ccccc3)c3ccccc3)ccc2n1)C(=O)O,441.0,,
Oc1ccc(cc1)C=C1N=C(N(C1=O)Cc1ccccc1)c1ccccc1,O=C1C(=Cc2ccc(O)cc2)N=C(c2ccccc2)N1Cc1ccccc1,393.0,,
OCCOc1cc(C)c(cc1C)C=Cc1ccc(cc1[N+](=O)[O-])[N+](=O)[O-],Cc1cc(OCCO)c(C)cc1C=Cc1ccc([N+](=O)[O-])cc1[N+](=O)[O-],417.0,,MeOH
COc1ccc2c(c1)c1sccc1[nH]2,COc1ccc2[nH]c3ccsc3c2c1,250.0,,DMSO
N#Cc1cc2cc3ccccc3nc2[nH]c1=O,N#Cc1cc2cc3ccccc3nc2[nH]c1=O,392.0,,acetone
Cc1ccc(cc1)N(c1ccc(cc1)C=C1C(=O)c2c(C1=O)cccc2)c1ccc(cc1)C=C1C(=O)c2c(C1=O)cccc2,Cc1ccc(N(c2ccc(C=C3C(=O)c4ccccc4C3=O)cc2)c2ccc(C=C3C(=O)c4ccccc4C3=O)cc2)cc1,543.0,,
Cc1ccc(nc1)c1ccc(cn1)C,Cc1ccc(-c2ccc(C)cn2)nc1,244.0,40400.0,
O=c1[nH][nH]c(=O)c2c1cccc2,O=c1[nH][nH]c(=O)c2ccccc12,300.0,12250.0,
CCn1c2ccccc2c2c1cc(cc2)c1ccc(cc1)C=Cc1ccc(cc1)C=C(c1ccccc1)c1ccccc1,CCn1c2ccccc2c2ccc(-c3ccc(C=Cc4ccc(C=C(c5ccccc5)c5ccccc5)cc4)cc3)cc21,418.0,,
O=Cc1ccc(cc1)C=CC(=O)c1c(=O)oc2c(c1O)cccc2,O=Cc1ccc(C=CC(=O)c2c(O)c3ccccc3oc2=O)cc1,370.0,,
Cc1ccc2c(c1)nc1n2c(cc2c1c(C)nn2c1ccccc1)c1ccccc1,Cc1ccc2c(c1)nc1c3c(C)nn(-c4ccccc4)c3cc(-c3ccccc3)n21,285.0,,
Cc1cc(C(c2ccccc2)c2ccccc2)c(c(c1)c1nc2c([nH]1)cc(cc2)Cl)O,Cc1cc(-c2nc3ccc(Cl)cc3[nH]2)c(O)c(C(c2ccccc2)c2ccccc2)c1,225.0,,
[N-]=[N+]=NCCOCCOCCNC(=O)c1cc2ccc(cc2oc1=O)N(CCN(CC(=O)O)CC(=O)O)CCN(CC(=O)O)CC(=O)O,[N-]=[N+]=NCCOCCOCCNC(=O)c1cc2ccc(N(CCN(CC(=O)O)CC(=O)O)CCN(CC(=O)O)CC(=O)O)cc2oc1=O,403.0,,
O=C(c1ccccc1)c1ccc(cc1)COc1ccccc1,O=C(c1ccccc1)c1ccc(COc2ccccc2)cc1,263.0,,THF
COc1cc2ccccc2cc1C=Cc1ccc2c(c1)ccc1c2C=CC(O1)(c1ccccc1)c1ccccc1,COc1cc2ccccc2cc1C=Cc1ccc2c3c(ccc2c1)OC(c1ccccc1)(c1ccccc1)C=C3,484.0,,
CCN1C(=S)N(CC)C(=O)C(=CC=CC=CC=c2n(c3ccccc3)c3c(n2c2ccccc2)cccc3)C1=O,CCN1C(=O)C(=CC=CC=CC=C2N(c3ccccc3)c3ccccc3N2c2ccccc2)C(=O)N(CC)C1=S,700.0,,EtOH
O[C@@H]1CCN2[C@@H](C1)C(C)(C)c1c2ccc2c1cccc2,CC1(C)c2c(ccc3ccccc23)N2CC[C@@H](O)C[C@H]21,307.0,53870.0,
Oc1c(Br)cc(cc1Br)C1(OS(=O)(=O)c2c1cccc2)c1cc(Br)c(c(c1)Br)O,O=S1(=O)OC(c2cc(Br)c(O)c(Br)c2)(c2cc(Br)c(O)c(Br)c2)c2ccccc21,591.0,,
c1ccc(cc1)C=Cc1ncc(nc1)C=Cc1ccccc1,C(=Cc1cnc(C=Cc2ccccc2)cn1)c1ccccc1,434.0,39000.0,
COc1cccc(c1O)OC,COc1cccc(OC)c1O,468.0,,
Nc1ccc2c(c1)nc1c(n2)c2c3c1cccc3c(cc2)[N+](=O)[O-],Nc1ccc2nc3c(nc2c1)-c1cccc2c([N+](=O)[O-])ccc-3c12,557.0,,
C1(C)c2cc3nc([nH]c3cc2c2c1cc1nc([nH]c1c2)c1ccc(cc1)C)c1ccc(cc1)C,Cc1ccc(-c2nc3cc4c(cc3[nH]2)-c2cc3[nH]c(-c5ccc(C)cc5)nc3cc2C4C)cc1,376.0,,
CCN1CCN(c2c1cc1cc(C(=O)N)c(=O)oc1c2)CC,CCN1CCN(CC)c2cc3oc(=O)c(C(N)=O)cc3cc21,462.0,,Methanol
OCC(Cn1c(=CC=C2C=C(OC)C(=O)C(=C2)OC)sc2c1cccc2)O,COC1=CC(=CC=C2Sc3ccccc3N2CC(O)CO)C=C(OC)C1=O,566.0,,
N#Cc1c(N)nc(c(c1c1ccccc1O)C#N)N,N#Cc1c(N)nc(N)c(C#N)c1-c1ccccc1O,374.0,,THF
C1(C)c2cc(ccc2c2c1cc1nc3c(nc1c2)c1ccccc1c1c3cccc1)c1ccc2c3c1ccc1c3c(cc2)ccc1,CC1c2cc(-c3ccc4ccc5cccc6ccc3c4c56)ccc2-c2cc3nc4c5ccccc5c5ccccc5c4nc3cc21,411.0,,DMSO
COC(=O)C1CCc2c(O1)ccc(c2)Cl,COC(=O)C1CCc2cc(Cl)ccc2O1,230.0,,
c1ccc(cc1)n1c(nc2c1c1ccccc1c1c2cccc1)c1ccc2c3c1ccc1c3C(=CC2)CC=C1,C1=Cc2ccc3c(-c4nc5c6ccccc6c6ccccc6c5n4-c4ccccc4)ccc4c3c2C(=CC4)C1,448.0,,
CCOC(=O)C=c1sc2=NC3=C(C(n2c1=O)c1cccc(c1)[N+](=O)[O-])C3=Cc1cccc(c1)[N+](=O)[O-],CCOC(=O)C=c1sc2n(c1=O)C(c1cccc([N+](=O)[O-])c1)C1=C(N=2)C1=Cc1cccc([N+](=O)[O-])c1,275.61,,
N#Cc1ccc(cc1)C=CC(=O)c1nnn(c1C)c1ccnc2c1ccc(c2)Cl,Cc1c(C(=O)C=Cc2ccc(C#N)cc2)nnn1-c1ccnc2cc(Cl)ccc12,235.0,,methanol
COc1cc(ccc1O)C=C1N=C(N(C1=O)Cc1ccccc1)C,COc1cc(C=C2N=C(C)N(Cc3ccccc3)C2=O)ccc1O,379.0,,
O=C1CN2C(N1)(C)C(c1c2cccc1)(C)C,CC1(C)c2ccccc2N2CC(=O)NC21C,240.0,4500.0,THF
c1ccc2c(c1)oc(c2)C=Cc1cc(C=Cc2cc3c(o2)cccc3)c(cc1C=Cc1cc2c(o1)cccc2)C=Cc1cc2c(o1)cccc2,C(=Cc1cc(C=Cc2cc3ccccc3o2)c(C=Cc2cc3ccccc3o2)cc1C=Cc1cc2ccccc2o1)c1cc2ccccc2o1,377.0,,
Nc1nc(N)nc(n1)N,Nc1nc(N)nc(N)n1,258.0,,
CC(=O)Nc1ccc2c(c1S(=O)(=O)O)cccc2S(=O)(=O)O,CC(=O)Nc1ccc2c(S(=O)(=O)O)cccc2c1S(=O)(=O)O,548.0,10100.0,
COc1ccc2c(c1)c(c1ccc(cc1)F)c([nH]2)c1ccc(cc1)S(=O)(=O)C,COc1ccc2[nH]c(-c3ccc(S(C)(=O)=O)cc3)c(-c3ccc(F)cc3)c2c1,237.0,,
ClCCc1cn2nc(c(c2nc1C)C#N)Cl,Cc1nc2c(C#N)c(Cl)nn2cc1CCCl,322.0,,
O=C1C(=Cc2ccc(c3c2cccc3N(C)C)N(C)C)CCC1=Cc1ccc(c2c1cccc2N(C)C)N(C)C,CN(C)c1cccc2c(C=C3CCC(=Cc4ccc(N(C)C)c5c(N(C)C)cccc45)C3=O)ccc(N(C)C)c12,502.0,,
Nc1nc(Br)c2c(c1c1ccccc1)cccc2,Nc1nc(Br)c2ccccc2c1-c1ccccc1,447.0,,
Cn1c(ncc1c1ccc(cc1)N(C)C)c1ccc(cc1)c1nc2c(s1)cccc2,CN(C)c1ccc(-c2cnc(-c3ccc(-c4nc5ccccc5s4)cc3)n2C)cc1,351.0,32700.0,
C=CCOc1nc(Nc2ccc3c(c2)nn(n3)c2cc(ccc2O)[N+](=O)[O-])nc(n1)N1C(C)(C)CC(CC1(C)C)OCC=C,C=CCOc1nc(Nc2ccc3nn(-c4cc([N+](=O)[O-])ccc4O)nc3c2)nc(N2C(C)(C)CC(OCC=C)CC2(C)C)n1,352.0,,
O=C1C(=CC=C2C=C(OC(=C2)c2ccccc2)c2ccccc2)C(=O)c2c1cccc2,O=C1C(=CC=C2C=C(c3ccccc3)OC(c3ccccc3)=C2)C(=O)c2ccccc21,528.0,,dichloromethane
Cc1ccn(n1)c1ccccn1,Cc1ccn(-c2ccccn2)n1,381.0,,acetonitrile
COC(=O)c1cc2[nH]c(nc2cc1C(=O)OC)c1ccccc1O,COC(=O)c1cc2nc(-c3ccccc3O)[nH]c2cc1C(=O)OC,462.0,,
CN(C(=Cc1ccccc1)c1ccnc(c1)c1nccc(c1)C(=Cc1ccccc1)N(C)C)C,CN(C)C(=Cc1ccccc1)c1ccnc(-c2cc(C(=Cc3ccccc3)N(C)C)ccn2)c1,760.0,,
Cc1ccc2c(c1)oc(n2)c1ccc(nc1)c1nc2c(o1)cc(cc2)C,Cc1ccc2nc(-c3ccc(-c4nc5ccc(C)cc5o4)nc3)oc2c1,363.0,,
C=Cc1ccc(cc1)Cn1c2ccccc2c2c1cccc2,C=Cc1ccc(Cn2c3ccccc3c3ccccc32)cc1,363.0,,
O1CCN(CC1)c1ccc2c3c1cccc3c1c2nc2c(n1)c1cccnc1c1c2cccn1,c1cc2c3c(ccc(N4CCOCC4)c3c1)-c1nc3c4cccnc4c4ncccc4c3nc1-2,364.0,,TFA
O=CC=Cc1ccccc1,O=CC=Cc1ccccc1,340.4,,
COc1ccc(cc1)C=Cc1ccc2c(n1)c(O)c(c(c2)F)F,COc1ccc(C=Cc2ccc3cc(F)c(F)c(O)c3n2)cc1,352.0,,acetonitrile
C=C[C@H]1CN2CCC1C[C@@H]2[C@H](c1ccnc2c1cc(OC)cc2)Oc1nnc(c2c1cccc2)Cl,C=C[C@H]1CN2CCC1C[C@@H]2[C@@H](Oc1nnc(Cl)c2ccccc12)c1ccnc2ccc(OC)cc12,281.0,,
c1ccc(cc1)C1=C2C=CC(=N2)C(=c2ccc(=C(C3=NC(=C(c4sc1cc4)c1ccccc1)C=C3)c1ccccc1)[nH]2)c1ccccc1,C1=Cc2nc1c(-c1ccccc1)c1ccc([nH]1)c(-c1ccccc1)c1nc(c(-c3ccccc3)c3ccc(s3)c2-c2ccccc2)C=C1,675.0,186208.7137,
Fc1ccc(cc1)NC(C1=C(O)C(=O)c2c(C1=O)cccc2)c1ccccc1,O=C1C(O)=C(C(Nc2ccc(F)cc2)c2ccccc2)C(=O)c2ccccc21,473.0,28183.82931,
Clc1ccc(cc1)N=Nc1c(N)nn2c1nc(N)c(c2N)N=Nc1nc2c(s1)cccc2,Nc1nc2c(N=Nc3ccc(Cl)cc3)c(N)nn2c(N)c1N=Nc1nc2ccccc2s1,494.0,,
COc1c(cc(cc1C(C)(C)C)C=C1C(=O)C=CC1=O)C(C)(C)C,COc1c(C(C)(C)C)cc(C=C2C(=O)C=CC2=O)cc1C(C)(C)C,339.0,9592.0,
Nc1ccnc(c1)c1ccccn1,Nc1ccnc(-c2ccccn2)c1,336.0,,
Cn1c2ccc(cc2c2c1ccc(c2)c1sccc1c1cccs1)c1sccc1c1cccs1,Cn1c2ccc(-c3sccc3-c3cccs3)cc2c2cc(-c3sccc3-c3cccs3)ccc21,675.72,,Benzyl alcohol
Cc1nn(c2c1c1nc3c(n1c(c2)c1ccccc1)cc(cc3)c1ccccc1)c1ccccc1,Cc1nn(-c2ccccc2)c2cc(-c3ccccc3)n3c4cc(-c5ccccc5)ccc4nc3c12,295.0,,
[O-][N+](=O)c1ccc(cc1)c1ccc(nc1)c1ccccn1,O=[N+]([O-])c1ccc(-c2ccc(-c3ccccn3)nc2)cc1,322.0,,
OC[C@H]1O[C@@H](Oc2c(oc3c(c2=O)c(O)cc(c3)O)c2ccc(c(c2)O)O)[C@@H]([C@H]([C@H]1O)O)O,O=c1c(O[C@@H]2O[C@H](CO)[C@H](O)[C@H](O)[C@H]2O)c(-c2ccc(O)c(O)c2)oc2cc(O)cc(O)c12,356.0,,
COc1ccc(cc1)C=C1N=C(N(C1=O)Cc1ccccc1)C,COc1ccc(C=C2N=C(C)N(Cc3ccccc3)C2=O)cc1,370.0,,
c1ccc2c(c1)nc(o2)c1ccc(nc1)c1oc2c(n1)cccc2,c1ccc2oc(-c3ccc(-c4nc5ccccc5o4)nc3)nc2c1,355.0,,
O=C1c2cc(ccc2c2c1cc(cc2)C#Cc1ccc(cc1)C#C[Si](C)(C)C)C#Cc1ccc(cc1)C#C[Si](C)(C)C,C[Si](C)(C)C#Cc1ccc(C#Cc2ccc3c(c2)C(=O)c2cc(C#Cc4ccc(C#C[Si](C)(C)C)cc4)ccc2-3)cc1,531.0,,
Clc1ccc(cc1)Cn1c(C=Cc2ccco2)nc(c1c1ccco1)c1ccco1,Clc1ccc(Cn2c(C=Cc3ccco3)nc(-c3ccco3)c2-c2ccco2)cc1,351.0,,
Oc1ccc2c(c1)Oc1c(C32OC(=O)c2c3cccc2)ccc(c1)O,O=C1OC2(c3ccc(O)cc3Oc3cc(O)ccc32)c2ccccc21,512.0,,PBS
Cc1cccc(n1)c1nc2c(o1)c1cccnc1c1c2cccn1,Cc1cccc(-c2nc3c4cccnc4c4ncccc4c3o2)n1,289.0,50980.0,
C#Cc1sc(c(c1C1=C(c2cc(sc2C)c2ccccc2)C(C(C1(F)F)(F)F)(F)F)C)C#C,C#Cc1sc(C#C)c(C2=C(c3cc(-c4ccccc4)sc3C)C(F)(F)C(F)(F)C2(F)F)c1C,579.0,,
c1ccc(cc1)n1cccc1,c1ccc(-n2cccc2)cc1,310.0,,CHCl3
Nn1c(=O)c2cccc3c2c(c1=O)ccc3,NN1C(=O)c2cccc3cccc(c23)C1=O,340.0,,DMSO
Clc1ccc(c(c1)F)C(=O)On1c(=O)c2cccc3c2c(c1=S)ccc3,O=C(ON1C(=O)c2cccc3cccc(c23)C1=S)c1ccc(Cl)cc1F,435.6,,
Fc1ccccc1c1c([nH]c2c1cccc2)c1ccc(cc1)S(=O)(=O)C,CS(=O)(=O)c1ccc(-c2[nH]c3ccccc3c2-c2ccccc2F)cc1,236.0,,
Cc1sc(c(c1)C1=C(CCC1=O)c1cccc2c1cccc2)C,Cc1cc(C2=C(c3cccc4ccccc34)CCC2=O)c(C)s1,305.0,,
CO[Si](CCCSC(=O)c1cccnc1)(OC)OC,CO[Si](CCCSC(=O)c1cccnc1)(OC)OC,265.0,123000.0,chloroform
N#Cc1ccc2c(c1)c1ccccc1n2c1ccc2c(c1)n(CC)c1c2cccc1,CCn1c2ccccc2c2ccc(-n3c4ccccc4c4cc(C#N)ccc43)cc21,494.0,,
COC(=O)C(=[N+](c1ccccc1)[O-])c1ccccc1,COC(=O)C(c1ccccc1)=[N+]([O-])c1ccccc1,618.0,,Methylene chloride
CCNc1cccc2c1C(=O)c1ccccc1C2=O,CCNc1cccc2c1C(=O)c1ccccc1C2=O,510.0,,dichloromethane
O=C1OC(=O)c2c3c1ccc1c3c(cc2)c2c3c1ccc(c3ccc2)N(c1ccc(cc1)C(C)(C)C)c1ccc(cc1)C(C)(C)C,CC(C)(C)c1ccc(N(c2ccc(C(C)(C)C)cc2)c2ccc3c4ccc5c6c(ccc(c7cccc2c73)c64)C(=O)OC5=O)cc1,593.0,,
Clc1sc(c(c1Cl)Cl)Cl,Clc1sc(Cl)c(Cl)c1Cl,579.0,,Acetone
n1ccc(cc1)C=Cc1ccncc1,C(=Cc1ccncc1)c1ccncc1,203.0,13000.0,
[O-][N+](=O)c1ccc2c(n1)cccc2,O=[N+]([O-])c1ccc2ccccc2n1,335.0,,
CCCOC(=O)C=Cc1c2ccccc2nc2c1cccc2,CCCOC(=O)C=Cc1c2ccccc2nc2ccccc12,360.0,,
COc1ccc(cc1)C=Cc1c(F)c(F)c(c(c1F)F)C=Cc1ccc(cc1)OC,COc1ccc(C=Cc2c(F)c(F)c(C=Cc3ccc(OC)cc3)c(F)c2F)cc1,329.0,,dichloromethane
Cc1nc(c2n1ccc(c2)c1nnc(o1)c1cc(nn1Cc1ccc(cc1)F)c1ccc(cc1)C)Cl,Cc1ccc(-c2cc(-c3nnc(-c4ccn5c(C)nc(Cl)c5c4)o3)n(Cc3ccc(F)cc3)n2)cc1,400.0,,
c1ccc2c(c1)Sc1c(N2)nc2c(n1)cccc2,c1ccc2c(c1)Nc1nc3ccccc3nc1S2,425.0,7400.0,
OS(=O)(=O)c1cccc2c1c(ccc2)Nc1ccccc1,O=S(=O)(O)c1cccc2cccc(Nc3ccccc3)c12,520.0,,
OC(=O)c1cc([N+](=O)[O-])c(c(c1)[N+](=O)[O-])NOC(c1ccccc1)(c1ccccc1)c1ccccc1,O=C(O)c1cc([N+](=O)[O-])c(NOC(c2ccccc2)(c2ccccc2)c2ccccc2)c([N+](=O)[O-])c1,405.0,3890.45145,methanol
CCN1C(=O)C(=CC=CC=c2n(c3ccccc3)c3c(n2c2ccccc2)cccc3)C(=O)N(C1=S)CC,CCN1C(=O)C(=CC=CC=C2N(c3ccccc3)c3ccccc3N2c2ccccc2)C(=O)N(CC)C1=S,587.0,,EtOH
CC(=O)Nc1ccc(cc1N)C(=O)O,CC(=O)Nc1ccc(C(=O)O)cc1N,520.0,,
Clc1cc(C=NN=Cc2ccc3c4c2ccc2c4c(cc3)ccc2)c(c(c1)Cl)O,Oc1c(Cl)cc(Cl)cc1C=NN=Cc1ccc2ccc3cccc4ccc1c2c34,387.0,34700.0,CH 3 CN
COc1cc(c(cc1C(=Cc1ccc(cc1)C#N)C#N)OC)C(=Cc1ccc(cc1)C#N)C#N,COc1cc(C(C#N)=Cc2ccc(C#N)cc2)c(OC)cc1C(C#N)=Cc1ccc(C#N)cc1,442.0,,dichloromethane
Cc1cc(C)c(c(c1)C)B(c1c(C)cc(cc1C)C)c1ccc(cc1)C#Cc1ccc(cc1)C(=C(c1ccccc1)c1ccccc1)c1ccccc1,Cc1cc(C)c(B(c2ccc(C#Cc3ccc(C(=C(c4ccccc4)c4ccccc4)c4ccccc4)cc3)cc2)c2c(C)cc(C)cc2C)c(C)c1,332.0,,
COc1cc(OC)ccc1C=c1oc(=Cc2ccccc2)c2c1cccc2,COc1ccc(C=c2oc(=Cc3ccccc3)c3ccccc23)c(OC)c1,386.0,32300.0,
Cc1ccsc1c1sc(c2c1cccc2)c1ccc2c(c1)c1ccccc1n2C,Cc1ccsc1-c1sc(-c2ccc3c(c2)c2ccccc2n3C)c2ccccc12,450.0,,CH 2 Cl
CO[Si](CCCSC(=O)c1ccccc1[N+](=O)[O-])(OC)OC,CO[Si](CCCSC(=O)c1ccccc1[N+](=O)[O-])(OC)OC,265.0,111700.0,chloroform
Cc1nc(c2n1ccc(c2)c1nnc(o1)c1ccc(cc1)Cl)Cl,Cc1nc(Cl)c2cc(-c3nnc(-c4ccc(Cl)cc4)o3)ccn12,273.0,30116.0,dichloromethane
COC(=O)[C@H](Cc1ccc2c(c1)nc(o2)c1c2ccccc2cc2c1cccc2)NC(=O)OC(C)(C)C,COC(=O)[C@H](Cc1ccc2oc(-c3c4ccccc4cc4ccccc34)nc2c1)NC(=O)OC(C)(C)C,508.0,8912.509381,methanol
c1ccc(cc1)N(c1ccccc1)c1ccc(cc1)c1ccc(s1)c1ccncn1,c1ccc(N(c2ccccc2)c2ccc(-c3ccc(-c4ccncn4)s3)cc2)cc1,403.0,,MeCN
[O-][N+](=O)c1cc2C(=CC=C3C=C(OC(=C3)c3ccccc3)c3ccccc3)c3c(c2c(c1)[N+](=O)[O-])c(cc(c3)[N+](=O)[O-])[N+](=O)[O-],O=[N+]([O-])c1cc2c(c([N+](=O)[O-])c1)-c1c(cc([N+](=O)[O-])cc1[N+](=O)[O-])C2=CC=C1C=C(c2ccccc2)OC(c2ccccc2)=C1,684.0,,Toluene
Cc1cc(sc1C1=C(c2sc(cc2C)c2ccccc2)C(C(C1(F)F)(F)F)(F)F)c1ccccc1,Cc1cc(-c2ccccc2)sc1C1=C(c2sc(-c3ccccc3)cc2C)C(F)(F)C(F)(F)C1(F)F,438.0,,
c1csc(c1)C=Cc1cccs1,C(=Cc1cccs1)c1cccs1,534.0,,
N#CC(=Cc1ccc(s1)c1ccc(s1)c1ccc(s1)N(c1ccc(cc1)C)c1ccc(cc1)C)c1ccc(cc1)C(=O)O,Cc1ccc(N(c2ccc(C)cc2)c2ccc(-c3ccc(-c4ccc(C=C(C#N)c5ccc(C(=O)O)cc5)s4)s3)s2)cc1,650.0,,
c1ccc2c(c1)[nH]c1c2cccc1,c1ccc2c(c1)[nH]c1ccccc12,344.0,,
OC(=O)C=Cc1ccccc1O,O=C(O)C=Cc1ccccc1O,216.0,,
Cc1ccc(s1)c1sc(c2c1cccc2)c1ccc2c(c1)C(CC)(CC)c1c2cccc1,CCC1(CC)c2ccccc2-c2ccc(-c3sc(-c4ccc(C)s4)c4ccccc34)cc21,435.0,,CH 2 Cl
Cc1nc(c2n1ccc(c2)c1nnc(o1)c1cc(nn1Cc1ccc(cc1)Cl)c1ccccc1)Cl,Cc1nc(Cl)c2cc(-c3nnc(-c4cc(-c5ccccc5)nn4Cc4ccc(Cl)cc4)o3)ccn12,402.0,,
Clc1ccc2c(c1)nn(n2)c1c(C)[nH]n(c1=O)c1ccccc1,Cc1[nH]n(-c2ccccc2)c(=O)c1-n1nc2ccc(Cl)cc2n1,326.0,,ethanol
O=C1C=CC(=CC=c2ccc3c(n2C)cccc3)c2c1nccc2,CN1C(=CC=C2C=CC(=O)c3ncccc32)C=Cc2ccccc21,611.0,,THF
c1ccc(nc1)N(c1cc(cc(c1)n1c2ccccc2c2c1cccc2)N(c1ccccn1)c1ccccn1)c1ccccn1,c1ccc(N(c2cc(N(c3ccccn3)c3ccccn3)cc(-n3c4ccccc4c4ccccc43)c2)c2ccccn2)nc1,294.0,,
[O-][N+](=O)c1ccc(cc1)Nc1nnc(s1)c1nccnc1,O=[N+]([O-])c1ccc(Nc2nnc(-c3cnccn3)s2)cc1,259.0,,
C1(C)c2cc(ccc2c2c1cc(cc2)C=C(c1scc2c1OCCO2)C#N)C=C(c1scc2c1OCCO2)C#N,CC1c2cc(C=C(C#N)c3scc4c3OCCO4)ccc2-c2ccc(C=C(C#N)c3scc4c3OCCO4)cc21,340.0,,DMSO
COc1ccc2c3c1ccc1c3c(cc2)c(cc1)OC,COc1ccc2ccc3c(OC)ccc4ccc1c2c43,423.0,,
Cc1ccc2c(n1)c(ccc2N=Nc1ccc(cc1)N(C)C)OC(=O)c1ccccc1,Cc1ccc2c(N=Nc3ccc(N(C)C)cc3)ccc(OC(=O)c3ccccc3)c2n1,518.0,,
Nc1nc(N)c2c(n1)nn[nH]2,Nc1nc(N)c2[nH]nnc2n1,410.0,,
[O-][N+](=O)c1ccc(cc1)N=Nc1c([nH]c2c1cccc2)c1ccccc1,O=[N+]([O-])c1ccc(N=Nc2c(-c3ccccc3)[nH]c3ccccc23)cc1,445.0,60255.95861,Methanol
OC[C@@](C(=O)Nc1ccc(cc1)C(=O)Nc1ccn(c(=O)n1)[C@H]1CC[C@@H]([C@H](O1)C)O[C@H]1O[C@H](C)[C@H]([C@@H]([C@H]1O)O)N(C)C)(N)C,C[C@H]1O[C@H](O[C@H]2CC[C@H](n3ccc(NC(=O)c4ccc(NC(=O)[C@@](C)(N)CO)cc4)nc3=O)O[C@@H]2C)[C@H](O)[C@@H](O)[C@@H]1N(C)C,445.0,,
C(=O)N([C@H](C(=O)O)C(C)C)Cc1ccc(cc1)c1ccccc1c1n[nH]nn1,CC(C)[C@@H](C(=O)O)N(C=O)Cc1ccc(-c2ccccc2-c2nn[nH]n2)cc1,250.0,14500.0,
Oc1cc(O)c2c(c1)oc(c(c2=O)O)c1ccc(c(c1)O)O,O=c1c(O)c(-c2ccc(O)c(O)c2)oc2cc(O)cc(O)c12,378.0,,
Cc1cc(C)c2c(c(c1)C)c(cc2)N=Nc1nc2c(s1)cccc2,Cc1cc(C)c2ccc(N=Nc3nc4ccccc4s3)c-2c(C)c1,496.0,,
O=C1OC(=NC1=Cc1ccccc1)c1ccccc1,O=C1OC(c2ccccc2)=NC1=Cc1ccccc1,363.0,,THF
Cc1ccsc1c1sc(c2c1cccc2)c1ccc(s1)C1(C=CC2=C(C1)C(C)(C)c1c2cccc1)c1cccs1,Cc1ccsc1-c1sc(-c2ccc(C3(c4cccs4)C=CC4=C(C3)C(C)(C)c3ccccc34)s2)c2ccccc12,455.0,,CH 2 Cl
OS(=O)(=O)c1cccc2c1ccc1c2nn(n1)c1ccc(cc1)c1nc(c([nH]1)c1ccccc1)c1ccccc1,O=S(=O)(O)c1cccc2c1ccc1nn(-c3ccc(-c4nc(-c5ccccc5)c(-c5ccccc5)[nH]4)cc3)nc12,359.0,,DMSO
c1csc(c1)c1cc2ccc3c4c2c(n1)c1ccccc1c4nc(c3)c1cccs1,c1csc(-c2cc3ccc4cc(-c5cccs5)nc5c6ccccc6c(n2)c3c45)c1,346.0,,toluene
Clc1ccc(cc1)n1ncc(c1)c1nc2c([nH]1)cccc2,Clc1ccc(-n2cc(-c3nc4ccccc4[nH]3)cn2)cc1,307.0,,
OC1(CCC1)c1ccc(s1)c1cccs1,OC1(c2ccc(-c3cccs3)s2)CCC1,316.0,,Hexane
N#Cc1cc2ccc3c(c2c2c1ccc1c2c2ccccc2cc1)c1ccccc1cc3,N#Cc1cc2ccc3ccc4ccccc4c3c2c2c1ccc1ccc3ccccc3c12,267.0,,dichloromethane
Cc1cc(C)cc(c1B(c1c(C)cc(cc1C)C)c1ccc(s1)B1Oc2c(O1)cccc2)C,Cc1cc(C)c(B(c2ccc(B3Oc4ccccc4O3)s2)c2c(C)cc(C)cc2C)c(C)c1,335.0,17000.0,C6H12
CCn1c2ccc(cc2c2c1ccc(c2)CO)CO,CCn1c2ccc(CO)cc2c2cc(CO)ccc21,405.0,,
O=C(c1cc2ccc3c4c2c(c1C(=O)NC(C)(C)C)ccc4ccc3)NC(C)(C)C,CC(C)(C)NC(=O)c1cc2ccc3cccc4ccc(c1C(=O)NC(C)(C)C)c2c34,385.0,,
N#Cc1c(N)nc(c(c1c1ccc(cc1)O)C#N)N,N#Cc1c(N)nc(N)c(C#N)c1-c1ccc(O)cc1,338.0,,THF
CC(=O)Nc1ccc(cc1)C(C(=O)C)Cl,CC(=O)Nc1ccc(C(Cl)C(C)=O)cc1,337.0,,
O[C@@H]1[C@H](O)[C@H](O[C@H]1n1cnc2c1ncnc2N)COP(=O)(O)O,Nc1ncnc2c1ncn2[C@@H]1O[C@H](COP(=O)(O)O)[C@@H](O)[C@H]1O,257.0,,
c1ccc2c(c1)[nH]cc2,c1ccc2[nH]ccc2c1,350.0,,
OC[C@H]1OC([C@@H]([C@H]([C@@H]1O)O)O)n1c2c3[nH]c4c(c3c3c(c2c2c1cc(O)cc2)c(=O)[nH]c3=O)ccc(c4)O,O=C1NC(=O)c2c1c1c3ccc(O)cc3[nH]c1c1c2c2ccc(O)cc2n1C1O[C@H](CO)[C@@H](O)[C@H](O)[C@H]1O,837.7,,
O=Cc1ccc2c3c1ccc1c3c(cc2)ccc1,O=Cc1ccc2ccc3cccc4ccc1c2c34,393.0,,hexane
O=C(c1cccs1)NCCC[Si]12OCCN(CCO1)CCO2,O=C(NCCC[Si]12OCCN(CCO1)CCO2)c1cccs1,248.0,,
CC[C@H](N(C(=O)c1cc2ccccc2cc1c1cc2ccccc2cc1C(=O)OC)C)C,CC[C@@H](C)N(C)C(=O)c1cc2ccccc2cc1-c1cc2ccccc2cc1C(=O)OC,257.2,18700.0,
Clc1cc(Cl)cc(c1)C(=O)On1c(=O)c2cccc3c2c(c1=S)ccc3,O=C(ON1C(=O)c2cccc3cccc(c23)C1=S)c1cc(Cl)cc(Cl)c1,435.6,,
Fc1ccccc1Cc1n[nH]c(=S)n1N,Nn1c(Cc2ccccc2F)n[nH]c1=S,357.0,,MeCN
Cc1nc(c2n1ccc(c2)c1nnc(o1)c1cc(nn1Cc1ccc(cc1)[N+](=O)[O-])c1ccccc1)Cl,Cc1nc(Cl)c2cc(-c3nnc(-c4cc(-c5ccccc5)nn4Cc4ccc([N+](=O)[O-])cc4)o3)ccn12,403.0,,
Oc1c(oc2c(c1=O)cccc2)c1cccs1,O=c1c(O)c(-c2cccs2)oc2ccccc12,357.0,,
Clc1ccc(cc1)N=Nc1sc(nc1c1ccc(cc1)NC(=O)c1ccccc1)N,Nc1nc(-c2ccc(NC(=O)c3ccccc3)cc2)c(N=Nc2ccc(Cl)cc2)s1,487.0,,DMSO
COc1ccc(cc1)n1c(nc(c1c1ccccc1)c1ccccc1)c1ccc(cc1)c1cncc2c1cccc2,COc1ccc(-n2c(-c3ccc(-c4cncc5ccccc45)cc3)nc(-c3ccccc3)c2-c2ccccc2)cc1,432.0,28500.0,
O=C1CN2C(N1)(C)C(c1c2ccc(c1)c1ccc2c3c1ccc1c3c(cc2)ccc1)(C)C,CC1(C)c2cc(-c3ccc4ccc5cccc6ccc3c4c56)ccc2N2CC(=O)NC21C,349.0,7600.0,THF
CCN1C(=S)SC(=CC=c2ccn(c3c2cccc3)C)C1=O,CCN1C(=O)C(=CC=C2C=CN(C)c3ccccc32)SC1=S,620.5,169800.0,EtOH
COC1OC(=O)C(=C1Nc1cccc(c1)Cl)Br,COC1OC(=O)C(Br)=C1Nc1cccc(Cl)c1,291.0,,
CCOC(=O)C(=Cc1ccc([nH]1)C=O)C#N,CCOC(=O)C(C#N)=Cc1ccc(C=O)[nH]1,415.04,,
CC(=O)C(=NNc1cccc2c1c(=O)[nH][nH]c2=O)C(=O)C,CC(=O)C(=NNc1cccc2c(=O)[nH][nH]c(=O)c12)C(C)=O,377.0,10780.0,
CC[C@@H](N(C(=O)c1cc2ccccc2cc1c1cc2ccccc2cc1C(=O)OC)C)C,CC[C@H](C)N(C)C(=O)c1cc2ccccc2cc1-c1cc2ccccc2cc1C(=O)OC,257.2,18600.0,
C=CCNc1ccc2c3c1cccc3c(=O)n(c2=O)c1ccc2c(c1)nn(n2)c1ccccc1O,C=CCNc1ccc2c3c(cccc13)C(=O)N(c1ccc3nn(-c4ccccc4O)nc3c1)C2=O,424.0,,chloroform
CCN(c1ccc2c(c1)oc(=O)cc2C(C(F)(F)F)(F)F)CC,CCN(CC)c1ccc2c(C(F)(F)C(F)(F)F)cc(=O)oc2c1,409.0,,dichloromethane
CN(c1ccc(cc1)C=CC1=C(C#N)C(=C(C#N)C#N)N(C1=O)CC=C)C,C=CCN1C(=O)C(C=Cc2ccc(N(C)C)cc2)=C(C#N)C1=C(C#N)C#N,741.0,,
N#CC(=Cc1ccc(cc1)N(c1ccccc1)c1ccccc1)c1ccc(cc1)c1ccc(cc1)C,Cc1ccc(-c2ccc(C(C#N)=Cc3ccc(N(c4ccccc4)c4ccccc4)cc3)cc2)cc1,417.0,,Cyclohexane
[O-][N+](=O)c1cc2C(=CC=CC=CC=c3c4cccc5c4c(n3Cc3ccccc3)ccc5)c3c(c2c(c1)[N+](=O)[O-])c(cc(c3)[N+](=O)[O-])[N+](=O)[O-],O=[N+]([O-])c1cc2c(c([N+](=O)[O-])c1)-c1c(cc([N+](=O)[O-])cc1[N+](=O)[O-])C2=CC=CC=CC=c1c2cccc3cccc(c32)n1Cc1ccccc1,773.0,,Toluene
O=C(Nc1ccc2c3c1ccc1c3c(cc2)ccc1)NCC12CC3CC(C1)CC(C2)(C3)CNC(=O)Nc1ccc2c3c1ccc1c3c(cc2)ccc1,O=C(NCC12CC3CC(C1)CC(CNC(=O)Nc1ccc4ccc5cccc6ccc1c4c56)(C3)C2)Nc1ccc2ccc3cccc4ccc1c2c34,391.0,,DMSO
COC(=O)c1cc2ccccc2cc1c1cc2ccccc2cc1C(=O)N([C@H]1C[C@H]2C[C@@H]([C@@H]1C)C2(C)C)C,COC(=O)c1cc2ccccc2cc1-c1cc2ccccc2cc1C(=O)N(C)[C@H]1C[C@H]2C[C@@H]([C@@H]1C)C2(C)C,256.8,18300.0,
C1(C)c2cc(ccc2c2c1cccc2)c1nnn(c1)c1ccc(cc1)[N+](=O)[O-],CC1c2ccccc2-c2ccc(-c3cn(-c4ccc([N+](=O)[O-])cc4)nn3)cc21,295.0,,
COC1CCN(CC1)C1CC(OC(C1O)C)OC1c2c(CCC1(O)C(=O)C)c(O)c1c(c2O)C(=O)c2c(C1=O)cccc2OC,COc1cccc2c1C(=O)c1c(O)c3c(c(O)c1C2=O)CCC(O)(C(C)=O)C3OC1CC(N2CCC(OC)CC2)C(O)C(C)O1,423.0,,dioxane
CCOC(=O)c1c2cccnn2c(c1C(=O)OCC)C(=O)N,CCOC(=O)c1c(C(=O)OCC)c2cccnn2c1C(N)=O,434.0,,Cyclohexane
CC(=NN(c1ccccc1[N+](=O)[O-])c1ccccc1)C,CC(C)=NN(c1ccccc1)c1ccccc1[N+](=O)[O-],410.0,3680.0,
N=C(NC(=O)C)NCCc1ccc(c(c1)O)O,CC(=O)NC(=N)NCCc1ccc(O)c(O)c1,400.0,,
Oc1ccc(cc1C=Nc1ccccc1S)N=Nc1ccc(cc1)OC(F)(F)F,Oc1ccc(N=Nc2ccc(OC(F)(F)F)cc2)cc1C=Nc1ccccc1S,492.0,,
Clc1cccc(c1C1CC(=NN1c1ccccc1)c1ccc2c(c1)C1(c3c2cccc3)c2ccccc2c2c1cccc2)Cl,Clc1cccc(Cl)c1C1CC(c2ccc3c(c2)C2(c4ccccc4-c4ccccc42)c2ccccc2-3)=NN1c1ccccc1,391.0,,
C#CCOC(=O)[C@H](c1ccccc1)NC1=C(Br)C(=O)O[C@@H]1OC1CC(C)CCC1C(C)C,C#CCOC(=O)[C@@H](NC1=C(Br)C(=O)O[C@@H]1OC1CC(C)CCC1C(C)C)c1ccccc1,270.0,,
O=c1ccc2c(o1)cc(cc2)OCc1nnn(c1)C([C@H]1O[C@H]([C@@H]([C@@H]1O)O)n1ccc(=O)[nH]c1=O)O,O=c1ccn([C@@H]2O[C@H](C(O)n3cc(COc4ccc5ccc(=O)oc5c4)nn3)[C@@H](O)[C@H]2O)c(=O)[nH]1,320.0,,
C1CC[C@H]([C@@H](C1)N=Cc1ccccn1)N=Cc1ccccn1,C(=N[C@@H]1CCCC[C@H]1N=Cc1ccccn1)c1ccccn1,606.0,,
CN1c2cc(C=Nc3ccc4c(c3)Sc3c(N4C)cccc3)ccc2Sc2c1cccc2,CN1c2ccccc2Sc2cc(N=Cc3ccc4c(c3)N(C)c3ccccc3S4)ccc21,403.0,5000.0,DCM
CCOC(=O)C1=C(NC(=O)C1=NNc1ccc(cc1)OC)c1ccc2c(c1)cccc2,CCOC(=O)C1=C(c2ccc3ccccc3c2)NC(=O)C1=NNc1ccc(OC)cc1,463.0,,
COc1ccc(cc1)N=Nc1c([nH]c2n1nc(c2N=Nc1ccc(cc1)OC)C)c1ccccc1,COc1ccc(N=Nc2c(C)nn3c(N=Nc4ccc(OC)cc4)c(-c4ccccc4)[nH]c23)cc1,520.0,,
COc1ccc(cc1)c1nc(C)cc(n1)c1ccc(cc1)n1c2ccccc2c2c1cccc2,COc1ccc(-c2nc(C)cc(-c3ccc(-n4c5ccccc5c5ccccc54)cc3)n2)cc1,292.0,,toluene
COc1ccc(c(c1)OC)N(c1ccc(cc1OC)OC)c1ccc(cc1)c1ccc(o1)C=C(C(=O)O)C#N,COc1ccc(N(c2ccc(-c3ccc(C=C(C#N)C(=O)O)o3)cc2)c2ccc(OC)cc2OC)c(OC)c1,504.0,39200.0,
CCOC(=O)c1c(N)sc2c1c1ccccc1C2=Cc1ccc(cc1)[N+](=O)[O-],CCOC(=O)c1c(N)sc2c1-c1ccccc1C2=Cc1ccc([N+](=O)[O-])cc1,492.0,,acetone
C1(C)c2cc3nc4c5ccccc5c5c(c4nc3cc2c2c1cc(cc2)c1c2ccccc2cc2c1cccc2)cccc5,CC1c2cc(-c3c4ccccc4cc4ccccc34)ccc2-c2cc3nc4c5ccccc5c5ccccc5c4nc3cc21,398.0,,DMSO
Clc1ccccc1c1cccc(c1O)O,Oc1cccc(-c2ccccc2Cl)c1O,468.0,,
CC(c1ccc(cc1)c1ccc(cc1)c1[nH]c(=O)c2c1c(=O)[nH]c2c1ccc(cc1)c1ccc(cc1)C(C)(C)C)(C)C,CC(C)(C)c1ccc(-c2ccc(C3=C4C(=O)NC(c5ccc(-c6ccc(C(C)(C)C)cc6)cc5)=C4C(=O)N3)cc2)cc1,536.0,47600.0,dichloromethane
CC(=O)Nc1ccccc1N=Nc1nc2c(s1)cccc2,CC(=O)Nc1ccccc1N=Nc1nc2ccccc2s1,335.0,,Methanol
CN1c2ccc(cc2C(C1=CC=C1C=CC(=O)c2c1cccn2)(C)C)[N+](=O)[O-],CN1C(=CC=C2C=CC(=O)c3ncccc32)C(C)(C)c2cc([N+](=O)[O-])ccc21,526.0,,acetonitrile
Cc1cnc2c(n1)C(=O)NC(N2)(N)C(=O)C(C)(C)C,Cc1cnc2c(n1)C(=O)NC(N)(C(=O)C(C)(C)C)N2,331.0,11748.97555,THF
Cc1ccc2c3c1CCc3c1c(c2)c2ccccc2cc1,Cc1ccc2cc3c(ccc4ccccc43)c3c2c1CC3,663.5,,
Cc1c(c2ccc3c(c2)c2ccccc2n3c2ccccc2)c(C)c(c(c1C)c1ccc2c(c1)c1ccccc1n2c1ccccc1)C,Cc1c(C)c(-c2ccc3c(c2)c2ccccc2n3-c2ccccc2)c(C)c(C)c1-c1ccc2c(c1)c1ccccc1n2-c1ccccc1,297.0,,
COC(=O)c1ccc(cn1)C(=O)OC,COC(=O)c1ccc(C(=O)OC)nc1,512.0,,acetonitrile
CCc1nccnc1C(=O)C=Cc1ccc(cc1)[N+](=O)[O-],CCc1nccnc1C(=O)C=Cc1ccc([N+](=O)[O-])cc1,295.0,,ethanol
Oc1ccc(cc1)N1C(=S)SC(=Cc2ccc(cc2)N=NC=C2N(C)c3c(C2(C)C)cccc3)C1=O,CN1C(=CN=Nc2ccc(C=C3SC(=S)N(c4ccc(O)cc4)C3=O)cc2)C(C)(C)c2ccccc21,525.0,,THF
Oc1ccccc1C=NN(c1ccccc1[N+](=O)[O-])c1ccccc1,O=[N+]([O-])c1ccccc1N(N=Cc1ccccc1O)c1ccccc1,338.0,20500.0,
O=C1OC(=C2C1=C(NC2=O)c1ccccc1)c1cccnc1,O=C1NC(c2ccccc2)=C2C(=O)OC(c3cccnc3)=C12,487.0,,DMSO
O[C@H]1C[C@@H](O[C@@H]1COP(=O)(O)O)n1ccc(nc1=O)N,Nc1ccn([C@H]2C[C@H](O)[C@@H](COP(=O)(O)O)O2)c(=O)n1,439.0,,
C1(C)c2cc(ccc2c2c1cc1nc(c3ccccc3)c(nc1c2)c1ccccc1)c1cccc2c1cccc2,CC1c2cc(-c3cccc4ccccc34)ccc2-c2cc3nc(-c4ccccc4)c(-c4ccccc4)nc3cc21,391.0,,DMSO
COC(=O)c1c(ccc2c1nc([nH]2)c1ccccc1O)C(=O)OC,COC(=O)c1ccc2[nH]c(-c3ccccc3O)nc2c1C(=O)OC,487.0,,
OC(=O)c1ccc(cc1)N,Nc1ccc(C(=O)O)cc1,271.0,,
O=C(NC1=CC(=O)C(=O)c2c1cccc2)CNC(=O)C,CC(=O)NCC(=O)NC1=CC(=O)C(=O)c2ccccc21,278.0,,ethanol
c1ccc(cc1)Cn1c(C=Cc2ccco2)nc(c1c1ccco1)c1ccco1,C(=Cc1nc(-c2ccco2)c(-c2ccco2)n1Cc1ccccc1)c1ccco1,346.0,,
CO[Si](CCCSC(=O)c1ccccc1O)(OC)OC,CO[Si](CCCSC(=O)c1ccccc1O)(OC)OC,309.0,119500.0,chloroform
N#Cc1ccc2c(c1)CCc1c2c(nc2c1c1ccc(cc1CC2)C#N)c1ccc(cc1)N(CC)CC,CCN(CC)c1ccc(-c2nc3c(c4c2-c2ccc(C#N)cc2CC4)-c2ccc(C#N)cc2CC3)cc1,375.0,,Dimethylsulfoxide
CN(c1c2ccccc2c(c2c1cccc2)N(C)C)C,CN(C)c1c2ccccc2c(N(C)C)c2ccccc12,397.0,,
N#Cc1c(C#N)nc(n1C)c1ccc(cc1)C=Cc1ccccc1,Cn1c(-c2ccc(C=Cc3ccccc3)cc2)nc(C#N)c1C#N,325.0,,
Cc1cc(=O)[nH]c(n1)C(=NNc1ccc(cc1)[N+](=O)[O-])C(=O)c1ccccc1,Cc1cc(=O)[nH]c(C(=NNc2ccc([N+](=O)[O-])cc2)C(=O)c2ccccc2)n1,400.0,43651.58322,
COC(=O)CCN(CCC(=O)OC)CCNc1ccc2c3c1cccc3c(=O)n(c2=O)CCN(CCC(=O)OC)CCC(=O)OC,COC(=O)CCN(CCNc1ccc2c3c(cccc13)C(=O)N(CCN(CCC(=O)OC)CCC(=O)OC)C2=O)CCC(=O)OC,450.0,,Chloroform
O=C1c2cc(ccc2C(=O)c2c1cccc2)N(Cc1ccccc1)Cc1ccccc1,O=C1c2ccccc2C(=O)c2cc(N(Cc3ccccc3)Cc3ccccc3)ccc21,312.0,,
CN1CCN(CC1)c1ccc2c(c1)[nH]c(n2)c1ccc2c(c1)[nH]c(=C1C=CC(=O)C=C1)[nH]2,CN1CCN(c2ccc3nc(-c4ccc5c(c4)NC(=C4C=CC(=O)C=C4)N5)[nH]c3c2)CC1,469.0,,
N#Cc1cnn2c1nc(C)c1c2N(CC1)c1cccc(c1)F,Cc1nc2c(C#N)cnn2c2c1CCN2c1cccc(F)c1,374.0,,
O=c1ccc2c(o1)ccc(c2)N=Cc1ccco1,O=c1ccc2cc(N=Cc3ccco3)ccc2o1,332.0,18000.0,
N#CC(=Cc1ccc(cc1)c1ccc(cc1)c1nc(c([nH]1)c1ccccc1)c1ccccc1)C(=O)O,N#CC(=Cc1ccc(-c2ccc(-c3nc(-c4ccccc4)c(-c4ccccc4)[nH]3)cc2)cc1)C(=O)O,361.1,,quartz
COC(=O)Cc1c(C)c([nH]c1C(c1[nH]c(c(c1CC(=O)OC)C)C=C1NC(=O)C(=C1CC)C)(C)C)C=C1NC(=O)C(=C1CC)C,CCC1=C(C)C(=O)NC1=Cc1[nH]c(C(C)(C)c2[nH]c(C=C3NC(=O)C(C)=C3CC)c(C)c2CC(=O)OC)c(CC(=O)OC)c1C,420.0,,Benzene
COC(=O)[C@H](Cc1c([nH]c2c1cccc2)c1ccc(cc1)C(F)(F)F)NC(=O)C,COC(=O)[C@H](Cc1c(-c2ccc(C(F)(F)F)cc2)[nH]c2ccccc12)NC(C)=O,318.0,,
N#Cc1c(oc(c1C)c1cccs1)c1cccs1,Cc1c(-c2cccs2)oc(-c2cccs2)c1C#N,744.0,,
CCn1c2ccc(cc2c2c1cccc2)N(c1ccc2c(c1)c1ccccc1n2CC)c1ccc2c(c1)c1ccccc1n2CC,CCn1c2ccccc2c2cc(N(c3ccc4c(c3)c3ccccc3n4CC)c3ccc4c(c3)c3ccccc3n4CC)ccc21,341.0,,
CCN(c1ccc2c(c1)oc(=O)cc2O)CC,CCN(CC)c1ccc2c(O)cc(=O)oc2c1,352.0,,
Clc1ccc(cc1)N=Nc1c(N)nc2n(c1N)nc(c2N=Nc1ccc(cc1)Cl)N,Nc1nc2c(N=Nc3ccc(Cl)cc3)c(N)nn2c(N)c1N=Nc1ccc(Cl)cc1,483.0,,
CCN(c1ccc2c(c1)oc(=O)c(c2O)C(=O)C=CC=C1N(C)c2c(C1(C)C)cccc2)CC,CCN(CC)c1ccc2c(O)c(C(=O)C=CC=C3N(C)c4ccccc4C3(C)C)c(=O)oc2c1,566.0,,MeCN
O=C1OC(=NC1=Cc1ccc(cc1)C1COCCOCCOCCNCCO1)c1cc(cc(c1)[N+](=O)[O-])[N+](=O)[O-],O=C1OC(c2cc([N+](=O)[O-])cc([N+](=O)[O-])c2)=NC1=Cc1ccc(C2COCCOCCOCCNCCO2)cc1,488.0,,
CN(c1ccc(cc1)C(=c1ccc(=C(C#N)C#N)cc1)C(=C(C#N)C#N)c1ccc(cc1)N(C)C)C,CN(C)c1ccc(C(=C(C#N)C#N)C(c2ccc(N(C)C)cc2)=c2ccc(=C(C#N)C#N)cc2)cc1,723.0,,
O=C1C(=CC=C2C=C(OC(=C2)c2ccccc2)c2ccccc2)C(=O)c2c1csc2,O=C1C(=CC=C2C=C(c3ccccc3)OC(c3ccccc3)=C2)C(=O)c2cscc21,538.0,,dichloromethane
COc1nc(nc(n1)Cl)Nc1ccc2c(c1)cc1c(c2)cccc1,COc1nc(Cl)nc(Nc2ccc3cc4ccccc4cc3c2)n1,398.0,,"1,4-dioxane"
OCC(Cn1c(=CC=C2C(=O)ON=C2c2ccccc2)sc2c1cccc2)O,O=C1ON=C(c2ccccc2)C1=CC=C1Sc2ccccc2N1CC(O)CO,472.0,,
Cc1ccccc1c1cccc(n1)c1ccccc1C,Cc1ccccc1-c1cccc(-c2ccccc2C)n1,526.0,,
Cc1ccc2c(n1)c(O)ccc2C=Nc1c(C)cccc1C,Cc1ccc2c(C=Nc3c(C)cccc3C)ccc(O)c2n1,284.0,,Toluene
N#Cc1nc(N)c(nc1N=Cc1ccc(cc1)N(C)C)C#N,CN(C)c1ccc(C=Nc2nc(C#N)c(N)nc2C#N)cc1,413.0,44900.0,
COc1ccccc1C=c1oc(=Cc2ccccc2)c2c1cccc2,COc1ccccc1C=c1oc(=Cc2ccccc2)c2ccccc12,376.0,26100.0,
Nc1nc(=O)n(cc1F)[C@@H]1CS[C@@H](O1)CO,Nc1nc(=O)n([C@@H]2CS[C@H](CO)O2)cc1F,675.0,,
Cn1cc(c2c1ccc(c2)[N+](=O)[O-])C=C(c1ccc(s1)C=C(C(=O)O)C#N)C#N,Cn1cc(C=C(C#N)c2ccc(C=C(C#N)C(=O)O)s2)c2cc([N+](=O)[O-])ccc21,460.0,36500.0,
CC1CCC(=CSC=Cc2ccc(cc2)c2ccc(cc2)C=CSC=C2CCC(CC2)C)CC1,CC1CCC(=CSC=Cc2ccc(-c3ccc(C=CSC=C4CCC(C)CC4)cc3)cc2)CC1,353.0,,CH 2 Cl 2
N#CC(=C(c1ccc2c(c1)ccc(c2)N(CCOC(=O)CCC(=O)O)C)C)C#N,CC(=C(C#N)C#N)c1ccc2cc(N(C)CCOC(=O)CCC(=O)O)ccc2c1,432.0,,
Cc1cccc(c1)C(=O)Oc1c(cc(cc1[N+](=O)[O-])[N+](=O)[O-])[N+](=O)[O-],Cc1cccc(C(=O)Oc2c([N+](=O)[O-])cc([N+](=O)[O-])cc2[N+](=O)[O-])c1,235.0,23933.15756,
COc1ccc(cc1)c1c(OC)c(OC)cc2c1ncnc2c1ccc(cc1)C(F)(F)F,COc1ccc(-c2c(OC)c(OC)cc3c(-c4ccc(C(F)(F)F)cc4)ncnc23)cc1,350.0,,
CN(c1ccc(cc1)c1sc(c(c1)C#N)c1sc(cc1C#N)c1ccc(cc1)N(C)C)C,CN(C)c1ccc(-c2cc(C#N)c(-c3sc(-c4ccc(N(C)C)cc4)cc3C#N)s2)cc1,460.0,27542.28703,
CCN(c1ccc2c(c1)oc(=O)c1c2O[B-](F)(F)[O+]=C1C=Cc1ccc2c(c1)c1ccccc1n2CC)CC,CCN(CC)c1ccc2c3c(c(=O)oc2c1)C(C=Cc1ccc2c(c1)c1ccccc1n2CC)=[O+][B-](F)(F)O3,545.0,,MeOH
c1ccc(cc1)[Si](c1ccccc1)(c1ccccc1)c1cccc(c1)c1cccc(c1)[Si](c1ccccc1)(c1ccccc1)c1ccccc1,c1ccc([Si](c2ccccc2)(c2ccccc2)c2cccc(-c3cccc([Si](c4ccccc4)(c4ccccc4)c4ccccc4)c3)c2)cc1,256.0,,
N#CC(=Cc1cc2CCCN3c2c(c1)CCC3)C#N,N#CC(C#N)=Cc1cc2c3c(c1)CCCN3CCC2,469.0,,
OC(=O)c1cc2ccccc2c(c1O)N=Nc1ccc2c(c1)cccc2,O=C(O)c1cc2ccccc2c(N=Nc2ccc3ccccc3c2)c1O,430.0,,
Cc1cnc(s1)N=Nc1ccc(c2c1cccn2)O,Cc1cnc(N=Nc2ccc(O)c3ncccc23)s1,448.0,,DMSO
Brc1ccc(cc1)c1csc(n1)N=Nc1ccc(c2c1cccn2)O,Oc1ccc(N=Nc2nc(-c3ccc(Br)cc3)cs2)c2cccnc12,570.0,,DMSO
O=c1oc2ccccc2c(c1N=Nc1nnc[nH]1)O,O=c1oc2ccccc2c(O)c1N=Nc1nnc[nH]1,296.0,,Ethanol
c1ccc(cc1)C1(C=Cc2c(O1)c(C=Cc1cc3ccccc3c3c1OC(C=C3)(c1ccccc1)c1ccccc1)cc1c2cccc1)c1ccccc1,C(=Cc1cc2ccccc2c2c1OC(c1ccccc1)(c1ccccc1)C=C2)c1cc2ccccc2c2c1OC(c1ccccc1)(c1ccccc1)C=C2,490.0,,
COc1ccc(cc1)N(c1ccc(cc1)OC)c1ccc(cc1)C=C1C(=O)c2c(C1=O)cccc2,COc1ccc(N(c2ccc(C=C3C(=O)c4ccccc4C3=O)cc2)c2ccc(OC)cc2)cc1,511.0,,
O=Cc1ccc(cc1)c1scc2c1OCCO2,O=Cc1ccc(-c2scc3c2OCCO3)cc1,445.0,,DCM
OC(=O)[C@H](Cc1ccc(cc1)O)N,N[C@@H](Cc1ccc(O)cc1)C(=O)O,420.0,,
Cn1c2nc(nc(=O)c2[n+](c2c1cccc2)[O-])c1ccccc1,Cn1c2nc(-c3ccccc3)nc(=O)c-2[n+]([O-])c2ccccc21,500.0,23442.28815,
O=Cc1ccccc1OC,COc1ccccc1C=O,378.0,24180.0,DCM
COC(=O)c1cc(c2n1nccc2)C(=O)OC,COC(=O)c1cc(C(=O)OC)n2ncccc12,430.0,,Cyclohexane
N#CC(=Cc1ccc(cc1)c1csc(c1)C=C(c1ccccc1)C#N)c1ccc(cc1)c1ccc(cc1)OC,COc1ccc(-c2ccc(C(C#N)=Cc3ccc(-c4csc(C=C(C#N)c5ccccc5)c4)cc3)cc2)cc1,369.0,,THF
Clc1ccc2c(c1)nccc2n1nnc(c1C)C(=O)C=Cc1ccc(cc1)OCCCN1CCN(CC1)C(=O)C,CC(=O)N1CCN(CCCOc2ccc(C=CC(=O)c3nnn(-c4ccnc5cc(Cl)ccc45)c3C)cc2)CC1,238.0,,methanol
CCOC(=O)c1n2nc(ccc2c(c1C(=O)OC)C(=O)OC)c1ccc(cc1)Br,CCOC(=O)c1c(C(=O)OC)c(C(=O)OC)c2ccc(-c3ccc(Br)cc3)nn12,350.0,,acetonitrile
COc1ccc(cc1)N(c1ccc(cc1)OC)c1ccc(cc1)c1ccc(o1)C=C(C(=O)O)C#N,COc1ccc(N(c2ccc(OC)cc2)c2ccc(-c3ccc(C=C(C#N)C(=O)O)o3)cc2)cc1,504.0,32680.0,
CSc1nnc(o1)c1sc2c(c1n1cccc1)c(C)nc(n2)c1ccccc1,CSc1nnc(-c2sc3nc(-c4ccccc4)nc(C)c3c2-n2cccc2)o1,340.0,,
Cc1cc(c(s1)C)C1=C(CC2C1=C(C(=O)C2)c1cccc2c1cccc2)c1cc(sc1C)C,Cc1cc(C2=C(c3cc(C)sc3C)C3=C(c4cccc5ccccc45)C(=O)CC3C2)c(C)s1,347.0,,
Cn1c(=O)c2cc(N=Cc3ccc(s3)C=Nc3cc4cccc5c4c(c3)c(=O)n(c5=O)C)cc3c2c(c1=O)ccc3,CN1C(=O)c2cccc3cc(N=Cc4ccc(C=Nc5cc6c7c(cccc7c5)C(=O)N(C)C6=O)s4)cc(c23)C1=O,389.0,48000.0,Chloroform
CCN(c1ccc(cc1)C=C1CC(=Cc2ccc(cc2)N(CC)CC)C1=O)CC,CCN(CC)c1ccc(C=C2CC(=Cc3ccc(N(CC)CC)cc3)C2=O)cc1,849.0,69600.0,
CCn1c(nc2c1ccc(c2)Cl)c1ccc2c(n1)c(O)ccc2,CCn1c(-c2ccc3cccc(O)c3n2)nc2cc(Cl)ccc21,326.0,,
O=CC(c1ccccc1)C,CC(C=O)c1ccccc1,362.0,,
c1ccc(cc1)N(c1ccc2c3c1ccc1c3c(cc2)ccc1)c1ccccc1,c1ccc(N(c2ccccc2)c2ccc3ccc4cccc5ccc2c3c45)cc1,379.0,61659.50019,dichloromethane
[O-][N+](=O)c1ccc2c(c1)c(cc(n2)c1ccccc1)c1ccccc1,O=[N+]([O-])c1ccc2nc(-c3ccccc3)cc(-c3ccccc3)c2c1,335.0,,ethanol
O=C1C2=Cc3c(C2=NC=C1n1c2ccccc2c2c1cccc2)nccc3,O=C1C2=Cc3cccnc3C2=NC=C1n1c2ccccc2c2ccccc21,359.0,,
CCOC(=O)C1=C(NC(=O)C1=Cc1ccccc1)c1ccccc1,CCOC(=O)C1=C(c2ccccc2)NC(=O)C1=Cc1ccccc1,412.0,,DMSO
OC(=O)C[C@@H](C(=O)N)NC(=O)[C@@H](N[C@H](C(=O)O)CCc1ccccc1)Cc1ccccc1,NC(=O)[C@H](CC(=O)O)NC(=O)[C@H](Cc1ccccc1)N[C@@H](CCc1ccccc1)C(=O)O,318.0,,
c1ccc(cc1)C1(c2ccccc2)c2ccc(cc2c2c1ccc(c2)n1c2ccccc2c2c1cccc2)n1c2ccccc2c2c1cccc2,c1ccc(C2(c3ccccc3)c3ccc(-n4c5ccccc5c5ccccc54)cc3-c3cc(-n4c5ccccc5c5ccccc54)ccc32)cc1,358.0,,
Fc1ccccc1,Fc1ccccc1,348.0,,DMF
Brc1ccc(s1)C(=O)C=Cc1ccc(cc1)N(c1ccccc1)c1ccccc1,O=C(C=Cc1ccc(N(c2ccccc2)c2ccccc2)cc1)c1ccc(Br)s1,445.0,,
Fc1cc2c(c3c1cccc3)c1c3c2ccc2c3c(cc1)c1c3c2cccc3ccc1,Fc1cc2c(c3ccccc13)-c1ccc3c4cccc5cccc(c6ccc-2c1c63)c54,503.0,,dichloromethane
Cn1c2cc(c3ccc(cc3)c3ccccc3)c3c4c2c2c1cc(c1ccc(cc1)c1ccccc1)c1c2c(oc4c2c(c3)cccc2)c2c(c1)cccc2,Cn1c2cc(-c3ccc(-c4ccccc4)cc3)c3cc4ccccc4c4oc5c6ccccc6cc6c(-c7ccc(-c8ccccc8)cc7)cc1c(c65)c2c34,456.0,,
Fc1ccc2c(c1F)nns2,Fc1ccc2snnc2c1F,464.0,,
N#Cc1ccc(cc1)n1ccc2c1nc(nc2c1ccc(cc1)n1c2ccccc2c2c1cccc2)c1ccc(cc1)n1c2ccccc2c2c1cccc2,N#Cc1ccc(-n2ccc3c(-c4ccc(-n5c6ccccc6c6ccccc65)cc4)nc(-c4ccc(-n5c6ccccc6c6ccccc65)cc4)nc32)cc1,342.0,,
CN(c1ccccc1)c1ccc(cc1)C=C(c1ccc(s1)C=C(C(=O)O)C#N)C#N,CN(c1ccccc1)c1ccc(C=C(C#N)c2ccc(C=C(C#N)C(=O)O)s2)cc1,463.0,,
COc1ccc(c2c1cccc2)c1nc2c(n1c1ccccc1)c1ccccc1c1c2cccc1,COc1ccc(-c2nc3c4ccccc4c4ccccc4c3n2-c2ccccc2)c2ccccc12,229.0,,
Cn1c2cc(ccc2c2c1cc(cc2)C=C(C(=O)O)C#N)c1ccc(cc1)n1c2ccc(cc2c2c1ccc(c2)C(C)(C)C)C(C)(C)C,Cn1c2cc(C=C(C#N)C(=O)O)ccc2c2ccc(-c3ccc(-n4c5ccc(C(C)(C)C)cc5c5cc(C(C)(C)C)ccc54)cc3)cc21,298.0,29300.0,
Clc1ccc(cc1)c1cc(n(n1)Cc1ccc(cc1)C(C)(C)C)c1nnc(o1)COc1ccc(cc1)[N+](=O)[O-],CC(C)(C)c1ccc(Cn2nc(-c3ccc(Cl)cc3)cc2-c2nnc(COc3ccc([N+](=O)[O-])cc3)o2)cc1,263.0,43450.0,DCM
COC(=O)c1ccccc1,COC(=O)c1ccccc1,280.2,,EtOH
c1scc(c1)c1cnc2c(c1)ccc1c2ncc(c1)c1cscc1,c1cc(-c2cnc3c(ccc4cc(-c5ccsc5)cnc43)c2)cs1,433.0,75000.0,CH 2 Cl 2
Clc1cccc(c1)NC1=C(Br)C(=O)OC1OCc1ccccc1,O=C1OC(OCc2ccccc2)C(Nc2cccc(Cl)c2)=C1Br,289.0,,
c1ccc2c(n1)nccn2,c1cnc2nccnc2c1,421.22,,
N#CC(=Cc1sc(c2c1OCCO2)C=Cc1ccc(cc1)OC)c1cccs1,COc1ccc(C=Cc2sc(C=C(C#N)c3cccs3)c3c2OCCO3)cc1,460.0,,DCM
O=c1[nH]c(c2c1c([nH]c2=O)c1ccc(cc1)C=Cc1ccccc1)c1ccc(cc1)C=Cc1ccccc1,O=C1NC(c2ccc(C=Cc3ccccc3)cc2)=C2C(=O)NC(c3ccc(C=Cc4ccccc4)cc3)=C12,564.0,35800.0,dichloromethane
O=c1cc(C)c2c(o1)cc1c(c2)ccc(c1)c1nnn(c1)Cc1ccccc1,Cc1cc(=O)oc2cc3cc(-c4cn(Cc5ccccc5)nn4)ccc3cc12,344.0,11600.0,
COC(=O)c1ccc(nc1)c1ccc(cn1)c1ccncc1,COC(=O)c1ccc(-c2ccc(-c3ccncc3)cn2)nc1,324.0,,
Fc1c(F)c(F)c2c(c1F)cc1c(n2)onc1C,Cc1noc2nc3c(F)c(F)c(F)c(F)c3cc12,335.0,,Ethanol
N#CC(=Cc1ccc(cc1)N(c1ccccc1)c1ccccc1)c1ccc(cc1)c1ccc(cc1)OC,COc1ccc(-c2ccc(C(C#N)=Cc3ccc(N(c4ccccc4)c4ccccc4)cc3)cc2)cc1,414.0,,Cyclohexane
COc1ccc(cc1)N=C1SCC(=O)N1Cc1c2ccccc2nc2c1cccc2,COc1ccc(N=C2SCC(=O)N2Cc2c3ccccc3nc3ccccc23)cc1,371.0,,
CCN(c1ccc(cc1)C(=C)c1cccc(c1)C(=C)c1ccc(cc1)N(CC)CC)CC,C=C(c1ccc(N(CC)CC)cc1)c1cccc(C(=C)c2ccc(N(CC)CC)cc2)c1,438.0,,
N#CC(=C1C(=C(C1=Cc1sc2c([n+]1C)cccc2)[O-])C=c1sc2c(n1C)cccc2)C#N,CN1C(=CC2=C([O-])C(=Cc3sc4ccccc4[n+]3C)C2=C(C#N)C#N)Sc2ccccc21,723.0,,
C=CC(=O)Nc1ccc2c(c1)nc(c(n2)N1CCOCC1)N1CCOCC1,C=CC(=O)Nc1ccc2nc(N3CCOCC3)c(N3CCOCC3)nc2c1,445.0,,
Nc1ccc(c(c1)c1nc2c(s1)cccc2)O,Nc1ccc(O)c(-c2nc3ccccc3s2)c1,400.0,,Benzene
c1ccc(cc1)c1nc2c(nc1c1ccccc1)c(ccc2n1c2ccccc2c2c1cccc2)n1c2ccccc2c2c1cccc2,c1ccc(-c2nc3c(-n4c5ccccc5c5ccccc54)ccc(-n4c5ccccc5c5ccccc54)c3nc2-c2ccccc2)cc1,443.0,,
Cc1ccccc1S(=O)(=O)O,Cc1ccccc1S(=O)(=O)O,274.0,,
c1ccc(cc1)c1cc2c(cc1c1ccccc1)c(c1c(c2c2cccc3c2cccc3)cccc1)c1cccc2c1cccc2,c1ccc(-c2cc3c(-c4cccc5ccccc45)c4ccccc4c(-c4cccc5ccccc45)c3cc2-c2ccccc2)cc1,416.0,,
C1=CC2=NC1=Cc1ccc([nH]1)C=C1C=CC(=N1)C=c1[nH]c(=C2)cc1,C1=Cc2cc3ccc(cc4nc(cc5ccc(cc1n2)[nH]5)C=C4)[nH]3,647.0,,
CCN(C(=O)c1cscc1)CC,CCN(CC)C(=O)c1ccsc1,500.0,27100.0,
C(Cn1c2ccc(cc2c2c1ccc(c2)C#Cc1cccs1)C#Cc1cccs1)CC,CCCCn1c2ccc(C#Cc3cccs3)cc2c2cc(C#Cc3cccs3)ccc21,356.0,,
Nc1nn(c(c1c1ccccc1)N)N=Nn1cccn1,Nc1nn(N=Nn2cccn2)c(N)c1-c1ccccc1,465.0,,
Clc1cc(nc(n1)N1CC1)N1CC1,Clc1cc(N2CC2)nc(N2CC2)n1,425.0,12589.25412,
O=C(c1cccc(n1)C(=O)CC(=O)c1ccccc1)CC(=O)c1ccccc1,O=C(CC(=O)c1cccc(C(=O)CC(=O)c2ccccc2)n1)c1ccccc1,336.0,34673.68505,
Cc1ccc2c(c1)[nH]c(n2)C1(C=CC(=C(C1)F)c1ccc(cc1)c1[nH]c2c(n1)ccc(c2)C)c1ccccc1,Cc1ccc2nc(-c3ccc(C4=C(F)CC(c5ccccc5)(c5nc6ccc(C)cc6[nH]5)C=C4)cc3)[nH]c2c1,344.0,,
N#CC(=Cc1ccc(s1)c1ccc(s1)c1ccc(cc1)N(c1ccc(cc1)C=Cc1ccccc1)c1ccc(cc1)C=Cc1ccccc1)C(=O)O,N#CC(=Cc1ccc(-c2ccc(-c3ccc(N(c4ccc(C=Cc5ccccc5)cc4)c4ccc(C=Cc5ccccc5)cc4)cc3)s2)s1)C(=O)O,477.0,45300.0,
CCOC(=O)c1c(O)c(N=Nc2ccc(cc2)[N+](=O)[O-])c2c(c1O)cccc2,CCOC(=O)c1c(O)c(N=Nc2ccc([N+](=O)[O-])cc2)c2ccccc2c1O,473.0,,DMSO
Fc1ccc(cc1)n1c(N=Nc2nc3c(s2)cccc3)ccc1c1cccs1,Fc1ccc(-n2c(N=Nc3nc4ccccc4s3)ccc2-c2cccs2)cc1,526.0,,DMSO
N#CC(=C1C=C(C=Cc2ccc(cc2)N(C)C)OC(=C1)C=Cc1ccc(cc1)N(C)C)C#N,CN(C)c1ccc(C=CC2=CC(=C(C#N)C#N)C=C(C=Cc3ccc(N(C)C)cc3)O2)cc1,483.5,,chloroform
ClC(c1ccc(cc1)Cl)C(=O)C,CC(=O)C(Cl)c1ccc(Cl)cc1,279.0,,
COc1ccc(cc1)N(c1ccc(cc1)OC)c1ccc(cc1)c1ccc(s1)c1ccc(c2c1nsn2)c1cccs1,COc1ccc(N(c2ccc(OC)cc2)c2ccc(-c3ccc(-c4ccc(-c5cccs5)c5nsnc45)s3)cc2)cc1,510.0,,
Cc1ccc(s1)C=Cc1cc(sc1c1ccc(cc1)N(c1ccc(cc1)C)c1ccc(cc1)C)C=C(C(=O)O)C#N,Cc1ccc(N(c2ccc(C)cc2)c2ccc(-c3sc(C=C(C#N)C(=O)O)cc3C=Cc3ccc(C)s3)cc2)cc1,312.0,32000.0,
Oc1ccc(c(c1)C)C1(OS(=O)(=O)c2c1cccc2)c1ccc(cc1C)O,Cc1cc(O)ccc1C1(c2ccc(O)cc2C)OS(=O)(=O)c2ccccc21,578.0,,
Oc1ccccc1N=Nc1c(O)c2c(cc1S(=O)(=O)O)cc(c(c2O)N=Nc1ccccc1O)S(=O)(=O)O,O=S(=O)(O)c1cc2cc(S(=O)(=O)O)c(N=Nc3ccccc3O)c(O)c2c(O)c1N=Nc1ccccc1O,235.0,,
N#CC(=C1C=C(C=Cc2ccc(c(c2)OC)O)CC(C1)(C)C)C#N,COc1cc(C=CC2=CC(=C(C#N)C#N)CC(C)(C)C2)ccc1O,429.0,28000.0,
N#CC(=C1c2cc(cnc2c2c1cccn2)n1c2ccccc2c2c1cccc2)C#N,N#CC(C#N)=C1c2cccnc2-c2ncc(-n3c4ccccc4c4ccccc43)cc21,372.0,,
COc1ccc(cc1)N=Nc1sc(nc1c1ccc(cc1)NC(=O)c1ccccc1)N,COc1ccc(N=Nc2sc(N)nc2-c2ccc(NC(=O)c3ccccc3)cc2)cc1,487.0,,DMSO
COc1ccc(cc1)N1CCc2c1n1ncc(c1nc2C)C#N,COc1ccc(N2CCc3c(C)nc4c(C#N)cnn4c32)cc1,371.0,,
Nc1ccc2c(c1)c(cc(n2)c1ccc(s1)c1cccs1)c1ccccc1,Nc1ccc2nc(-c3ccc(-c4cccs4)s3)cc(-c3ccccc3)c2c1,420.0,3800.0,NMP
COc1ccc(cc1)c1ccc(nc1)c1ccc2c(n1)c(OC)ccc2,COc1ccc(-c2ccc(-c3ccc4cccc(OC)c4n3)nc2)cc1,375.0,,
N#Cc1cnn2c1nc(C)c1c2N(CC1)c1ccc(cc1)Cl,Cc1nc2c(C#N)cnn2c2c1CCN2c1ccc(Cl)cc1,372.0,,
Cc1cccc(c1)N=Nc1ccc(c(c1)C=Nc1ccc(cc1)C(=O)O)O,Cc1cccc(N=Nc2ccc(O)c(C=Nc3ccc(C(=O)O)cc3)c2)c1,338.0,,
CN(c1ccccc1)c1ccc(cc1)C=CS(=O)(=O)C=Cc1ccc(cc1)N(c1ccccc1)C,CN(c1ccccc1)c1ccc(C=CS(=O)(=O)C=Cc2ccc(N(C)c3ccccc3)cc2)cc1,391.0,,
c1cc2c(s1)cc1c(c2)scc1,c1cc2cc3sccc3cc2s1,447.0,,
N#Cc1nc(N)c(nc1N=Cc1ccc(cc1)OC)C#N,COc1ccc(C=Nc2nc(C#N)c(N)nc2C#N)cc1,414.0,11600.0,
Clc1ccc(c(c1)O)O,Oc1ccc(Cl)cc1O,284.0,,
COC(=O)CCN(CCC(=O)OC)CCNc1ccc2c3c1cccc3c(=O)n1c2=NCC1,COC(=O)CCN(CCNc1ccc2c3n(c(=O)c4cccc1c42)CCN=3)CCC(=O)OC,432.0,,Chloroform
Cc1ccsc1c1ccc(s1)c1ccc(s1)c1sc(cc1C)C,Cc1cc(C)c(-c2ccc(-c3ccc(-c4sccc4C)s3)s2)s1,457.0,,
Cln1nc(Nc2ccccc2)cc([nH]1)Nc1ccc2c(c1)c(O)c(c(c2)S(=O)(=O)O)N=Nc1ccc(cc1)S(=O)(=O)O,O=S(=O)(O)c1ccc(N=Nc2c(S(=O)(=O)O)cc3ccc(NC4=CC(Nc5ccccc5)=NN(Cl)N4)cc3c2O)cc1,515.0,,
c1ccc2c(c1)cc1c(c2)ccc(c1)c1nc2c([nH]1)c1cccnc1c1c2cccn1,c1ccc2cc3cc(-c4nc5c6cccnc6c6ncccc6c5[nH]4)ccc3cc2c1,257.0,,
O=c1cc(C)c2c(o1)cc(cc2)OCc1nnn(c1)C([C@H]1O[C@H](C[C@@H]1O)n1cc(C)c(=O)[nH]c1=O)O,Cc1cn([C@H]2C[C@H](O)[C@@H](C(O)n3cc(COc4ccc5c(C)cc(=O)oc5c4)nn3)O2)c(=O)[nH]c1=O,321.0,,
c1ccc2c(c1)cc(cc2)C#Cc1ccc(cc1)n1c2ccccc2c2c1cccc2,C(#Cc1ccc2ccccc2c1)c1ccc(-n2c3ccccc3c3ccccc32)cc1,372.0,33800.0,CH 2 Cl 2
CCc1c[nH]n(s1)N=Nc1ccc(c2c1cccn2)O,CCC1=CNN(N=Nc2ccc(O)c3ncccc23)S1,549.0,,DMSO
CC(c1ccc(cc1)C=Cc1ccc(cc1)c1nc(c(n1c1ccccc1)c1ccccc1)c1ccccc1)C,CC(C)c1ccc(C=Cc2ccc(-c3nc(-c4ccccc4)c(-c4ccccc4)n3-c3ccccc3)cc2)cc1,332.0,,
Cn1c(nc2c1c(sc2c1cccs1)c1cccs1)c1ccc(cc1)c1ccc(cc1)C=C(C(=O)O)C#N,Cn1c(-c2ccc(-c3ccc(C=C(C#N)C(=O)O)cc3)cc2)nc2c(-c3cccs3)sc(-c3cccs3)c21,342.0,41000.0,THF
Cc1ccc(cc1)N(c1ccc(cc1)C)c1ccc(cc1)C=CC(=O)c1cc(sc1C)C,Cc1ccc(N(c2ccc(C)cc2)c2ccc(C=CC(=O)c3cc(C)sc3C)cc2)cc1,421.0,,
c1ccc2c(n1)c1ncccc1c1c2[nH]cn1,c1cnc2c(c1)c1nc[nH]c1c1cccnc12,229.0,21400.0,
c1ccc(cc1)Cn1c2ccccc2c2c1c1c(c3c2n(Cc2ccccc2)c2c3cccc2)n(c2c1cccc2)Cc1ccccc1,c1ccc(Cn2c3ccccc3c3c2c2c4ccccc4n(Cc4ccccc4)c2c2c4ccccc4n(Cc4ccccc4)c32)cc1,317.0,,
Cc1cc(c(s1)C)C1=C(CC(C1=O)Oc1ccc2c3c1cccc3C(=O)C=C2C)c1cc(sc1C)C,CC1=CC(=O)c2cccc3c(OC4CC(c5cc(C)sc5C)=C(c5cc(C)sc5C)C4=O)ccc1c23,418.0,,
COc1ccc2c(c1)c(C1=C(C(=O)N(C1=O)C(C)C)c1cc(sc1C)c1ccc(cc1)Br)c(n2C)C,COc1ccc2c(c1)c(C1=C(c3cc(-c4ccc(Br)cc4)sc3C)C(=O)N(C(C)C)C1=O)c(C)n2C,458.0,,
N#CC(=Cc1ccc2c(c1)cccc2)c1ccc(cc1)N(c1cccc2c1cccc2)c1ccccc1,N#CC(=Cc1ccc2ccccc2c1)c1ccc(N(c2ccccc2)c2cccc3ccccc23)cc1,404.0,,THF
COc1ccc(s1)c1sc(c(c1[N+](=O)[O-])[N+](=O)[O-])c1ccc(s1)OC,COc1ccc(-c2sc(-c3ccc(OC)s3)c([N+](=O)[O-])c2[N+](=O)[O-])s1,432.0,11800.0,CH2Cl2 ( c 2 × 10–5 mol / l )
OCCOc1cc(C)c(cc1C)C=Cc1ccc(cc1)[N+](=O)[O-],Cc1cc(OCCO)c(C)cc1C=Cc1ccc([N+](=O)[O-])cc1,398.0,,MeOH
COc1ccc2c(c1)sc(n2)N=Nc1c(N)nc2n(c1N)nc(c2N=Nc1nc2c(s1)cccc2)N,COc1ccc2nc(N=Nc3c(N)nc4c(N=Nc5nc6ccccc6s5)c(N)nn4c3N)sc2c1,530.0,,
O[C@H]1[C@@H](O[C@@H]([C@H]([C@@H]1O)O)CO[C@@H]1OC[C@H]([C@@H]([C@H]1O)O)O)Oc1ccc2c(c1O)C(=O)c1c(C2=O)cccc1,O=C1c2ccccc2C(=O)c2c1ccc(O[C@@H]1O[C@H](CO[C@@H]3OC[C@@H](O)[C@H](O)[C@H]3O)[C@@H](O)[C@H](O)[C@H]1O)c2O,416.0,,
N#CC(=Cc1ccc2c(c1)C(C)(C)c1c2ccc(c1)N(c1ccccc1)c1ccccc1)C#N,CC1(C)c2cc(C=C(C#N)C#N)ccc2-c2ccc(N(c3ccccc3)c3ccccc3)cc21,488.0,44000.0,
C1(C)c2cc3nc4c5ccccc5c5c(c4nc3cc2c2c1cc(cc2)c1cccc2c1cccc2)cccc5,CC1c2cc(-c3cccc4ccccc34)ccc2-c2cc3nc4c5ccccc5c5ccccc5c4nc3cc21,401.0,,DMSO
COc1cc(cc(c1OC)OC)C(=O)NC(=O)O,COc1cc(C(=O)NC(=O)O)cc(OC)c1OC,327.0,,
n1ccc(cc1)C=Cc1nc2c([nH]1)cccc2,C(=Cc1nc2ccccc2[nH]1)c1ccncc1,341.0,30700.0,ethanol
N#CC(=Cc1ccc(cc1)N(c1ccccc1)c1ccccc1)c1nc2c([nH]1)cc(cc2)C(=O)O,N#CC(=Cc1ccc(N(c2ccccc2)c2ccccc2)cc1)c1nc2ccc(C(=O)O)cc2[nH]1,413.0,20739.0,
Clc1ccc(cc1)C=Cc1ccc2c(c1)oc(=O)cc2C,Cc1cc(=O)oc2cc(C=Cc3ccc(Cl)cc3)ccc12,352.0,,
N#CC(=C1OC(C(=C1C#N)C=CC1=C(Br)C(=CC=C2N(C)c3c(C2(C)C)cccc3)CC(C1)(c1ccccc1)c1ccccc1)(C)C)C#N,CN1C(=CC=C2CC(c3ccccc3)(c3ccccc3)CC(C=CC3=C(C#N)C(=C(C#N)C#N)OC3(C)C)=C2Br)C(C)(C)c2ccccc21,839.0,,DMF
OC(=O)C(NC1=C(C)C(=O)C(=C(C1=O)C)C)Cc1ccccc1,CC1=C(C)C(=O)C(NC(Cc2ccccc2)C(=O)O)=C(C)C1=O,203.0,,
COc1ccc(cc1)C=Cc1ccn2c(c1)nc(c2)c1ccc(cc1)OC,COc1ccc(C=Cc2ccn3cc(-c4ccc(OC)cc4)nc3c2)cc1,387.0,38018.93963,Toluene
C(Oc1ccccc1n1cnnn1)COc1ccccc1n1cnnn1,c1ccc(-n2cnnn2)c(OCCOc2ccccc2-n2cnnn2)c1,209.0,62000.0,
Cc1cc(sc1c1ccc(s1)c1sc(cc1C)C=C(C(=O)O)C#N)c1cc2cc(n3c2c(c1)sc1c3cccc1)c1ccc(cc1)OC,COc1ccc(-c2cc3cc(-c4cc(C)c(-c5ccc(-c6sc(C=C(C#N)C(=O)O)cc6C)s5)s4)cc4c3n2-c2ccccc2S4)cc1,461.0,,
N#Cc1ccccc1C=Cc1ccc2c(c1)oc(=O)cc2C,Cc1cc(=O)oc2cc(C=Cc3ccccc3C#N)ccc12,352.0,,
CCOC(=O)c1c(N)c(c2c1ccccc2)C(=O)OCC,CCOC(=O)c1c2cccccc-2c(C(=O)OCC)c1N,453.0,2570.395783,
C#Cc1ccc(cc1)C1=C2C=CC(=N2)C(=c2ccc(=C(C3=NC(=C(c4[nH]c1cc4)c1ccccc1)C=C3)c1ccccc1)[nH]2)c1ccccc1,C#Cc1ccc(-c2c3nc(c(-c4ccccc4)c4ccc([nH]4)c(-c4ccccc4)c4nc(c(-c5ccccc5)c5ccc2[nH]5)C=C4)C=C3)cc1,417.0,,
COc1ccc(cc1)n1ccc2c1nc(nc2c1ccccc1)c1ccccc1,COc1ccc(-n2ccc3c(-c4ccccc4)nc(-c4ccccc4)nc32)cc1,341.0,,
COc1ccc(cc1)N(c1ccc2c(c1)ccc(n2)C=C(C(=O)O)C#N)c1ccc(cc1)OC,COc1ccc(N(c2ccc(OC)cc2)c2ccc3nc(C=C(C#N)C(=O)O)ccc3c2)cc1,466.0,,
COc1cc(OC)cc(c1)c1sc(c2c1cc1ccccc1c2)c1cccs1,COc1cc(OC)cc(-c2sc(-c3cccs3)c3cc4ccccc4cc23)c1,584.0,,CH 2 Cl
CCN(c1ccc(cc1)c1nc2CCc3c(c2c2c1c1ccc(cc1CC2)Br)ccc(c3)Br)CC,CCN(CC)c1ccc(-c2nc3c(c4c2-c2ccc(Br)cc2CC4)-c2ccc(Br)cc2CC3)cc1,444.0,100000.0,chloroform
COc1ccc(cc1)c1ccccc1O,COc1ccc(-c2ccccc2O)cc1,334.0,,
Cc1cc(O)c(cc1C1(OS(=O)(=O)c2c1cccc2)c1cc(C)c(cc1C)O)C,Cc1cc(C2(c3cc(C)c(O)cc3C)OS(=O)(=O)c3ccccc32)c(C)cc1O,594.0,,
N#Cc1ccc(c(c1N)N)C#N,N#Cc1ccc(C#N)c(N)c1N,550.0,,
SCn1cc(c2c1cccc2)C1N=C(C2N1C2c1ccc(cc1)[N+](=O)[O-])c1ccccc1,O=[N+]([O-])c1ccc(C2C3C(c4ccccc4)=NC(c4cn(CS)c5ccccc45)N32)cc1,423.0,,
CCC(c1ccc(cc1)O)C,CCC(C)c1ccc(O)cc1,221.0,,
CN1C(=O)C(=C(C1=O)c1c[nH]c2c1cccc2)C=Cc1ccccc1,CN1C(=O)C(C=Cc2ccccc2)=C(c2c[nH]c3ccccc23)C1=O,467.0,,
C1(C)c2ccccc2c2c(C1=O)c1ccc(cc1o2)N(C)C,CC1C(=O)c2c(oc3cc(N(C)C)ccc23)-c2ccccc21,537.0,,Acetonitrile
CC(=O)NN(c1ccccc1[N+](=O)[O-])c1ccccc1,CC(=O)NN(c1ccccc1)c1ccccc1[N+](=O)[O-],418.0,1540.0,
CO[Si](CCCSC(=O)c1nccnc1)(OC)OC,CO[Si](CCCSC(=O)c1cnccn1)(OC)OC,263.0,108800.0,chloroform
c1ccc(cc1)c1nc2c([nH]1)c1cccnc1c1c2cccn1,c1ccc(-c2nc3c4cccnc4c4ncccc4c3[nH]2)cc1,282.0,,
COc1ccc(cc1)N(c1nc([nH]c(=O)c1)c1ccccc1)C,COc1ccc(N(C)c2cc(=O)[nH]c(-c3ccccc3)n2)cc1,274.0,46773.51413,
c1ccc(cc1)c1ccccn1,c1ccc(-c2ccccn2)cc1,540.0,30400.0,
OCc1c[nH]c2c1cccc2,OCc1c[nH]c2ccccc12,220.0,,
c1ccc(cc1)N=Nc1c([nH]c2c1cccc2)c1ccccc1,c1ccc(N=Nc2c(-c3ccccc3)[nH]c3ccccc23)cc1,400.0,,DMSO
c1ccc(nc1)c1ccc(cn1)c1ccc2c(c1)cccc2,c1ccc(-c2ccc(-c3ccc4ccccc4c3)cn2)nc1,326.0,,
COC(=O)[C@H](Cc1ccc2c(c1)nc(o2)c1ccc2c(c1)cccn2)NC(=O)OC(C)(C)C,COC(=O)[C@H](Cc1ccc2oc(-c3ccc4ncccc4c3)nc2c1)NC(=O)OC(C)(C)C,342.0,,
CCOc1ccc(cc1)c1[nH]c2c(c1c1ccc(cc1)S(=O)(=O)C)cccc2,CCOc1ccc(-c2[nH]c3ccccc3c2-c2ccc(S(C)(=O)=O)cc2)cc1,238.0,,
C1C[C@@H]2CC[C@@H]3N2C(=N[C@@H]([C@@H]3C(=O)OC(C[C@@H]2C[C@@H]3CC[C@@H]4N3C(=N2)N[C@@H](C4)C)C)C)N1,CC(C[C@@H]1C[C@@H]2CC[C@H]3C[C@@H](C)NC(=N1)N23)OC(=O)[C@H]1[C@@H](C)N=C2NCC[C@@H]3CC[C@@H]1N23,514.0,,
COc1ccc(c(c1)OC)C=c1c(O)c2ccccc2c2c1nc1ccccc1[nH]2,COc1ccc(C=c2c(O)c3ccccc3c3c2=Nc2ccccc2N3)c(OC)c1,552.0,,THF
O=C1C=CC(=CC=C2C=C(OC(=C2)C(C)(C)C)C(C)(C)C)c2c1nccc2,CC(C)(C)C1=CC(=CC=C2C=CC(=O)c3ncccc32)C=C(C(C)(C)C)O1,540.0,,acetonitrile
O=Cc1ccccc1O,O=Cc1ccccc1O,251.0,,ethanol
n1ccc(cc1)c1ccc(nc1)c1ccccn1,c1ccc(-c2ccc(-c3ccncc3)cn2)nc1,316.0,,
c1ccc2c(c1)C=C(C2)c1ccc(cc1)c1nnc(o1)c1ccc2c(c1)cccc2,C1=C(c2ccc(-c3nnc(-c4ccc5ccccc5c4)o3)cc2)Cc2ccccc21,355.0,,
CCN1CCN(c2c1cc1cc(C(=O)C)c(=O)oc1c2)CC,CCN1CCN(CC)c2cc3oc(=O)c(C(C)=O)cc3cc21,477.0,,Methanol
N#Cc1nc(N=Cc2ccc3c(c2)c2ccccc2n3CC)c(nc1N=Cc1ccc2c(c1)c1ccccc1n2CC)C#N,CCn1c2ccccc2c2cc(C=Nc3nc(C#N)c(N=Cc4ccc5c(c4)c4ccccc4n5CC)nc3C#N)ccc21,530.0,,
Cc1ccccc1O,Cc1ccccc1O,700.0,,
CCn1c(N)nc2c1cccc2,CCn1c(N)nc2ccccc21,310.0,,DMSO
C1(C)c2cc3nc(n(c3cc2c2c1cc1nc(n(c1c2)Cc1ccccc1)c1ccccc1)Cc1ccccc1)c1ccccc1,CC1c2cc3nc(-c4ccccc4)n(Cc4ccccc4)c3cc2-c2cc3c(cc21)nc(-c1ccccc1)n3Cc1ccccc1,368.0,,
Cc1cccc(c1)NN=C(C(=O)c1ccccc1)c1nc(C)cc(=O)[nH]1,Cc1cccc(NN=C(C(=O)c2ccccc2)c2nc(C)cc(=O)[nH]2)c1,392.0,21877.61624,
CCOC(=O)c1cc(c2n1nc(cc2)c1ccc(cc1)Cl)C(=O)OC,CCOC(=O)c1cc(C(=O)OC)c2ccc(-c3ccc(Cl)cc3)nn12,357.0,,acetonitrile
CC(c1ccc2c(c1)c(=O)c1c(s2)cccc1)C,CC(C)c1ccc2sc3ccccc3c(=O)c2c1,382.3,7079.457844,Isopropanol
Oc1cc(O)cc(c1)C1CC(=O)c2c(O1)cc(cc2O)O,O=C1CC(c2cc(O)cc(O)c2)Oc2cc(O)cc(O)c21,240.0,,methanol
Cc1ccsc1c1sc(c2c1cccc2)c1ccc2c(c1)C(C)(C)c1c2cccc1,Cc1ccsc1-c1sc(-c2ccc3c(c2)C(C)(C)c2ccccc2-3)c2ccccc12,425.0,,CH 2 Cl
Oc1ccc(cc1)C(P(=O)(O)O)(P(=O)(O)O)N,NC(c1ccc(O)cc1)(P(=O)(O)O)P(=O)(O)O,647.0,,
NN=C(C(c1ccc2c(n1)c(O)ccc2)CCC[C@@H]1SC[C@H]2[C@@H]1NC(=O)N2)O,NN=C(O)C(CCC[C@@H]1SC[C@@H]2NC(=O)N[C@@H]21)c1ccc2cccc(O)c2n1,283.0,,methanol
N#Cc1ccc(cc1)c1nc(c2n1cccc2)c1ccccc1,N#Cc1ccc(-c2nc(-c3ccccc3)c3ccccn23)cc1,500.0,22208.0,acetonitrile
OC(=O)C(Cc1ccccc1)NC1=CC(=O)C=CC1=O,O=C1C=CC(=O)C(NC(Cc2ccccc2)C(=O)O)=C1,211.0,,
CCOC(=O)C1=C(NC(=O)C1=Cc1ccc(cc1)N(C)C)c1ccccc1,CCOC(=O)C1=C(c2ccccc2)NC(=O)C1=Cc1ccc(N(C)C)cc1,471.0,,DMSO
Cc1cc(N)c(c(c1)n1nc2c(n1)cccc2)O,Cc1cc(N)c(O)c(-n2nc3ccccc3n2)c1,444.0,,
Cc1cccc(c1)c1ccn(c1)C,Cc1cccc(-c2ccn(C)c2)c1,270.0,13660.0,
Fc1ccc(cc1)c1nnc(o1)c1ccn2c(c1c1ccccc1)nc1c2cccc1,Fc1ccc(-c2nnc(-c3ccn4c(nc5ccccc54)c3-c3ccccc3)o2)cc1,341.0,,
C=Cc1nc(oc1c1ccccc1)c1cccc2c1cccc2,C=Cc1nc(-c2cccc3ccccc23)oc1-c1ccccc1,338.0,11445.0,
CN(c1ccc(cc1)c1ccc(cc1)c1[nH]c(=O)c2c1c(=O)[nH]c2c1ccc(cc1)c1ccc(cc1)N(C)C)C,CN(C)c1ccc(-c2ccc(C3=C4C(=O)NC(c5ccc(-c6ccc(N(C)C)cc6)cc5)=C4C(=O)N3)cc2)cc1,566.0,31200.0,dichloromethane
COc1ccc(cc1)N=Nc1c([nH]c2n1nc(c2N=Nc1ccc(cc1)[N+](=O)[O-])C)c1ccccc1,COc1ccc(N=Nc2c(-c3ccccc3)[nH]c3c(N=Nc4ccc([N+](=O)[O-])cc4)c(C)nn23)cc1,515.0,,
Cc1nn2c(c1N=Nc1ccccc1)[nH]c(c2N=Nc1ccc(cc1)[N+](=O)[O-])c1ccccc1,Cc1nn2c(N=Nc3ccc([N+](=O)[O-])cc3)c(-c3ccccc3)[nH]c2c1N=Nc1ccccc1,585.0,,dioxane
N#CC(=C1c2ccccc2c2c1sc(c2C#N)N)C#N,N#CC(C#N)=C1c2ccccc2-c2c1sc(N)c2C#N,629.0,,acetone
CCOc1ccc(s1)c1ccc(s1)N=Nc1ncc(s1)C,CCOc1ccc(-c2ccc(N=Nc3ncc(C)s3)s2)s1,535.0,29600.0,Dioxane
O=c1cc2c3ccccc3C(=O)c3c2c(o1)c1ccccc1c3Oc1ccc(cc1)[N+](=O)[O-],O=C1c2ccccc2-c2cc(=O)oc3c2c1c(Oc1ccc([N+](=O)[O-])cc1)c1ccccc13,526.0,,
C=CCN(n1nc(cc([nH]1)Cl)NC(=O)c1ccc2c3c1c1ccccc1C(=O)c3ccc2)CC=C,C=CCN(CC=C)N1N=C(NC(=O)c2ccc3cccc4c3c2-c2ccccc2C4=O)C=C(Cl)N1,428.0,,
COC(=O)Cc1cc(=O)oc2c1cc(Cl)c(c2)O,COC(=O)Cc1cc(=O)oc2cc(O)c(Cl)cc12,373.0,,
Nc1ccc2c(c1)nc1c(n2)c2c3c1cccc3c(cc2)N,Nc1ccc2nc3c(nc2c1)-c1cccc2c(N)ccc-3c12,526.0,,
CCCSC(=O)c1ccc(cc1)C(=O)SCCC,CCCSC(=O)c1ccc(C(=O)SCCC)cc1,625.0,,acetonitrile
O=Cc1cc(N=Nc2ccc(cc2)Br)ccc1O,O=Cc1cc(N=Nc2ccc(Br)cc2)ccc1O,240.0,,DCM
IC=C(C=C([C@H](O[Si](C(C)(C)C)(C)C)C[C@H]([C@@H](C(=O)N1C(=S)OC[C@H]1Cc1ccccc1)C)O)C)C,CC(=CI)C=C(C)[C@@H](C[C@@H](O)[C@H](C)C(=O)N1C(=S)OC[C@H]1Cc1ccccc1)O[Si](C)(C)C(C)(C)C,257.0,,
CC(c1ccc2c(c1)ccc(c2N=Nc1c(cc(cc1[N+](=O)[O-])C(=O)O)[N+](=O)[O-])O)C(=O)O,CC(C(=O)O)c1ccc2c(N=Nc3c([N+](=O)[O-])cc(C(=O)O)cc3[N+](=O)[O-])c(O)ccc2c1,470.0,,EtOAc
C1Cc2cn[nH]c2[C@@H]2[C@@H]1c1[nH]ncc1CC2,c1n[nH]c2c1CC[C@H]1c3[nH]ncc3CC[C@H]21,517.0,,
CN(C1=CCC2=C(c3ccc(cc3C(=O)O)N3C(=O)C=CC3=O)c3c(OC2=C1)cc(cc3)N(C)C)C,CN(C)C1=CCC2=C(c3ccc(N4C(=O)C=CC4=O)cc3C(=O)O)c3ccc(N(C)C)cc3OC2=C1,552.0,83176.37711,
CC1(C)c2cc(ccc2N(c2c1cccc2)c1ccccc1)c1cccc(c1)c1nc(c(n1c1ccccc1)c1ccccc1)c1ccccc1,CC1(C)c2ccccc2N(c2ccccc2)c2ccc(-c3cccc(-c4nc(-c5ccccc5)c(-c5ccccc5)n4-c4ccccc4)c3)cc21,311.0,,THF
Clc1ccc(cc1Cl)c1ccc(nc1)c1ccccn1,Clc1ccc(-c2ccc(-c3ccccn3)nc2)cc1Cl,320.0,,
Cc1ccc2c(c1)ccc(=O)o2,Cc1ccc2oc(=O)ccc2c1,290.0,,
CC(=C)C1CCC(=CC1)C=Nc1ccccc1O,C=C(C)C1CC=C(C=Nc2ccccc2O)CC1,416.0,,
NC(=O)OCc1ccccc1,NC(=O)OCc1ccccc1,620.0,,
Clc1cc(C=Nc2sc3c(n2)ccc(c3)[N+](=O)[O-])c(c(c1)Cl)O,O=[N+]([O-])c1ccc2nc(N=Cc3cc(Cl)cc(Cl)c3O)sc2c1,249.0,51700.0,methanol
COc1ccc(c2c1cccc2)c1nc2c(n1c1ccc(cc1)C)c1ccccc1c1c2cccc1,COc1ccc(-c2nc3c4ccccc4c4ccccc4c3n2-c2ccc(C)cc2)c2ccccc12,226.0,,
CCOC(=O)C1=C(NC(=O)C1=NNc1ccc(cc1)C#N)c1ccc2c(c1)cccc2,CCOC(=O)C1=C(c2ccc3ccccc3c2)NC(=O)C1=NNc1ccc(C#N)cc1,449.0,,
[O-][N+](=O)c1cc(cc(c1N=Nc1c(O)ccc2c1cccc2)[N+](=O)[O-])C(=O)O,O=C(O)c1cc([N+](=O)[O-])c(N=Nc2c(O)ccc3ccccc23)c([N+](=O)[O-])c1,470.0,,EtOAc
N#Cc1ccc(cc1)C=Cc1sccc1c1ccsc1C=Cc1ccc(cc1)C#N,N#Cc1ccc(C=Cc2sccc2-c2ccsc2C=Cc2ccc(C#N)cc2)cc1,287.0,,
COc1c2cc(sc2c(c2c1sc(c2)C=C(C(=O)O)C#N)OC)C=Cc1ccc(cc1)N(c1ccc(cc1)C)c1ccc(cc1)C,COc1c2cc(C=C(C#N)C(=O)O)sc2c(OC)c2cc(C=Cc3ccc(N(c4ccc(C)cc4)c4ccc(C)cc4)cc3)sc12,520.0,39500.0,
Brc1ccc(cc1)C=Cc1ccc2c(c1)ccc1c2C(=C=C(c2ccccc2)c2ccccc2)C(O1)(c1ccccc1)c1ccccc1,Brc1ccc(C=Cc2ccc3c4c(ccc3c2)OC(c2ccccc2)(c2ccccc2)C4=C=C(c2ccccc2)c2ccccc2)cc1,463.0,,THF
N#Cc1cc(NCCc2cccc(c2)F)c2c(c1N)C(=O)c1c(C2=O)cccc1,N#Cc1cc(NCCc2cccc(F)c2)c2c(c1N)C(=O)c1ccccc1C2=O,640.0,,
COC(=O)c1n2nc(C#Cc3ccccc3)ccc2c(c1C(=O)OC)C(=O)OC,COC(=O)c1c(C(=O)OC)c2ccc(C#Cc3ccccc3)nn2c1C(=O)OC,467.0,,DMSO
N#Cc1cc2cc(OC)ccc2c2c1cccc2,COc1ccc2c(c1)cc(C#N)c1ccccc12,264.0,,
COc1ccc(cc1)C(=O)CC(=O)CC(=O)c1ccc(cc1)OC,COc1ccc(C(=O)CC(=O)CC(=O)c2ccc(OC)cc2)cc1,403.0,29000.0,
c1ccc2c(c1)c1ccccc1n2c1ccc(cc1)c1noc(n1)c1ccc(cc1)n1c2ccccc2c2c1cccc2,c1ccc2c(c1)c1ccccc1n2-c1ccc(-c2noc(-c3ccc(-n4c5ccccc5c5ccccc54)cc3)n2)cc1,341.0,,
OC(=O)c1cc2ccccc2c(c1O)N=Nc1ccc2c(c1)ccc(c2)S(=O)(=O)O,O=C(O)c1cc2ccccc2c(N=Nc2ccc3cc(S(=O)(=O)O)ccc3c2)c1O,533.0,,
Cc1c(C)cnc2c1ccc1c2ncc(c1C)C,Cc1cnc2c(ccc3c(C)c(C)cnc32)c1C,273.0,57400.0,CH 2 Cl 2
Oc1c(N=Nc2cccc(n2)N=Nc2ccc3c(c2O)cccc3)ccc2c1cccc2,Oc1c(N=Nc2cccc(N=Nc3ccc4ccccc4c3O)n2)ccc2ccccc12,550.0,,
N#CC(=C1C=C(c2c1cccc2)Nc1ccccc1)C#N,N#CC(C#N)=C1C=C(Nc2ccccc2)c2ccccc21,510.0,,acetone
COc1ccc(cc1)N(c1ccc(cc1)OC)c1ccc(cc1)c1cnc(c2c1nsn2)c1ccc(s1)C=C(C(=O)O)C#N,COc1ccc(N(c2ccc(OC)cc2)c2ccc(-c3cnc(-c4ccc(C=C(C#N)C(=O)O)s4)c4nsnc34)cc2)cc1,585.0,,CH 2 Cl 2
COC(=O)COc1nc(sc1C)c1cccc(n1)c1ccccn1,COC(=O)COc1nc(-c2cccc(-c3ccccn3)n2)sc1C,237.0,16218.10097,CH 3 CN
CCN(c1ccc2c(c1)oc(=O)c1c2O[B-](F)(F)[N+](=N1)c1ccccc1)CC,CCN(CC)c1ccc2c3c(c(=O)oc2c1)N=[N+](c1ccccc1)[B-](F)(F)O3,536.0,,DMF
Cc1[nH]c(=O)c2c(c1C)c(=N)[nH]c2=O,Cc1[nH]c(=O)c2c(c1C)C(=N)NC2=O,224.0,,
CN1C(=O)C(=C(C1=O)c1ccc2c3c1ccc1c3c(cc2)ccc1)c1cn(c2c1cccc2)C(=O)OC(C)(C)C,CN1C(=O)C(c2ccc3ccc4cccc5ccc2c3c45)=C(c2cn(C(=O)OC(C)(C)C)c3ccccc23)C1=O,404.0,,
Clc1ccc(cc1)c1nc2c(n1c1ccccc1)cccc2,Clc1ccc(-c2nc3ccccc3n2-c2ccccc2)cc1,297.0,,
COc1nc(Cl)nc(n1)Nc1ccc2c3c1cccc3c1c3c2cccc3ccc1,COc1nc(Cl)nc(Nc2ccc3c4cccc5cccc(c6cccc2c63)c54)n1,444.0,,Acetonitrile
C1CCN(CC1)c1sc(cc1N=Nc1nccs1)c1cccs1,c1csc(-c2cc(N=Nc3nccs3)c(N3CCCCC3)s2)c1,531.0,23120.0,Dioxane
Fc1ccc(cc1)N=Nc1nc2c(s1)cc(cc2)[N+](=O)[O-],O=[N+]([O-])c1ccc2nc(N=Nc3ccc(F)cc3)sc2c1,352.0,,Methanol
[O-][N+](=O)c1ccc(cc1)C=Cc1ccc(s1)C=C1SC=CS1,O=[N+]([O-])c1ccc(C=Cc2ccc(C=C3SC=CS3)s2)cc1,490.0,,
N#Cc1c(C#N)c(c2ccc(s2)Br)c2c(c1c1ccc(s1)Br)nsn2,N#Cc1c(C#N)c(-c2ccc(Br)s2)c2nsnc2c1-c1ccc(Br)s1,473.0,,
c1ccc(cc1)C1(C=Cc2c(O1)ccc1c2cccc1)c1ccc(cc1)Oc1ccccc1,C1=CC(c2ccccc2)(c2ccc(Oc3ccccc3)cc2)Oc2ccc3ccccc3c21,436.0,,
CN(CCNC(=O)c1cc2nc(sc2c2c1cccc2)c1ccc(cc1)C)C,Cc1ccc(-c2nc3cc(C(=O)NCCN(C)C)c4ccccc4c3s2)cc1,395.0,,
Clc1ccccc1Nc1cc(C)c(c2c1C(=O)c1ccccc1C2=O)N,Cc1cc(Nc2ccccc2Cl)c2c(c1N)C(=O)c1ccccc1C2=O,606.0,,
CCOc1nc2nc(c3nc4nc(OCC)c(c(c4c4c3C4)c3ccccc3)C#N)c3c(c2c(c1C#N)c1ccccc1)C3,CCOc1nc2nc(-c3nc4nc(OCC)c(C#N)c(-c5ccccc5)c4c4c3C4)c3c(c2c(-c2ccccc2)c1C#N)C3,415.0,,
OC(=O)c1cc2ccccc2c(c1O)N=Nc1ccc2c(c1S(=O)(=O)O)cccc2,O=C(O)c1cc2ccccc2c(N=Nc2ccc3ccccc3c2S(=O)(=O)O)c1O,523.0,,
O=C(c1ccc(cc1)c1ccccc1)CC(=O)c1ccncc1,O=C(CC(=O)c1ccc(-c2ccccc2)cc1)c1ccncc1,358.0,30199.5172,
Cc1sc(c(c1)C1=C(CCC1=O)c1cc(sc1C)Br)C,Cc1cc(C2=C(c3cc(Br)sc3C)CCC2=O)c(C)s1,307.0,,
Fc1ccccc1c1nc2CCc3c(c2c2c1c1ccccc1CC2)cccc3,Fc1ccccc1-c1nc2c(c3c1-c1ccccc1CC3)-c1ccccc1CC2,323.0,43300.0,chloroform
c1ccc(cc1)c1c2ccccc2c(c2c1cccc2)C1c2ccccc2c2c1cccc2,c1ccc(-c2c3ccccc3c(C3c4ccccc4-c4ccccc43)c3ccccc23)cc1,468.0,,
C#Cc1ccc(cc1)C(=O)c1cc(C#C)c2c3c1ccc1c3c(cc2)c(cc1C#C)C#C,C#Cc1ccc(C(=O)c2cc(C#C)c3ccc4c(C#C)cc(C#C)c5ccc2c3c45)cc1,428.0,,hexane
COc1ccc(cc1)N(c1ccc(cc1)C=C1C(=O)c2c(C1=O)cccc2)c1ccc(cc1)C=C1C(=O)c2c(C1=O)cccc2,COc1ccc(N(c2ccc(C=C3C(=O)c4ccccc4C3=O)cc2)c2ccc(C=C3C(=O)c4ccccc4C3=O)cc2)cc1,549.0,,
COc1c(ccc2c1ccc(c2OC)C(=Cc1ccc(cc1)OC)C#N)C(=Cc1ccc(cc1)OC)C#N,COc1ccc(C=C(C#N)c2ccc3c(OC)c(C(C#N)=Cc4ccc(OC)cc4)ccc3c2OC)cc1,404.0,,dichloromethane
COc1cc(C=C(C(=O)O)C#N)c(cc1n1nnc(c1)c1ccc(s1)c1ccc(s1)c1ccc(cc1)N(c1ccccc1)c1ccccc1)OC,COc1cc(-n2cc(-c3ccc(-c4ccc(-c5ccc(N(c6ccccc6)c6ccccc6)cc5)s4)s3)nn2)c(OC)cc1C=C(C#N)C(=O)O,441.0,,
Cc1ccc2c(c1N)c(C)ccn2,Cc1ccc2nccc(C)c2c1N,355.0,,DMSO
Cc1nn2c(c1N=Nc1ccccc1)[nH]c(c2N=Nc1ccccc1)c1ccccc1,Cc1nn2c(N=Nc3ccccc3)c(-c3ccccc3)[nH]c2c1N=Nc1ccccc1,531.0,,
O=c1[nH]c2c(cc1S(=O)(=O)c1ccccc1)CCc1c2n(cc1)c1ccccc1,O=c1[nH]c2c(cc1S(=O)(=O)c1ccccc1)CCc1ccn(-c3ccccc3)c1-2,430.0,26707.0,
c1ccc(nc1)N(c1ccccn1)Cc1ccc(cc1)CN(c1ccccn1)c1ccccn1,c1ccc(N(Cc2ccc(CN(c3ccccn3)c3ccccn3)cc2)c2ccccn2)nc1,310.0,,
CCN(c1ccc(c(c1)C)C=C1CCC(=Cc2ccc(cc2)N(C)C)C1=O)CC,CCN(CC)c1ccc(C=C2CCC(=Cc3ccc(N(C)C)cc3)C2=O)c(C)c1,544.8,,
O=C(CN1CCN(CC(=O)NCCc2ccccc2)CC(=O)NCCCNC(=O)C1)NCCc1ccccc1,O=C1CN(CC(=O)NCCc2ccccc2)CCN(CC(=O)NCCc2ccccc2)CC(=O)NCCCN1,295.0,,
O=c1cc(C)c2c(o1)cc(cc2)OCc1nnn(c1)C([C@H]1O[C@H]([C@@H]([C@@H]1O)O)n1ccc(=O)[nH]c1=O)O,Cc1cc(=O)oc2cc(OCc3cn(C(O)[C@H]4O[C@@H](n5ccc(=O)[nH]c5=O)[C@H](O)[C@@H]4O)nn3)ccc12,319.0,,
CN1c2ccc(cc2Sc2c1ccc(c2)C=C(C(=O)O)C#N)c1ccc2c(c1)c1ccccc1n2C,CN1c2ccc(C=C(C#N)C(=O)O)cc2Sc2cc(-c3ccc4c(c3)c3ccccc3n4C)ccc21,470.0,23200.0,
N#Cc1ccc(cc1)NC(=NCC(=O)O)NC(c1ccccc1)c1ccccc1,N#Cc1ccc(NC(=NCC(=O)O)NC(c2ccccc2)c2ccccc2)cc1,306.3,,Acetonitrile
CC(Cn1c(=O)c2ccc(c3c2c(c1=O)ccc3)SCc1ccccc1)C,CC(C)CN1C(=O)c2cccc3c(SCc4ccccc4)ccc(c23)C1=O,389.0,73400.0,Acetonitrile
Cc1ccc(cc1)N=Nc1c(C)nc2n1nc(C)c1c2c(c2ccccc2)n(n1)c1ccccc1,Cc1ccc(N=Nc2c(C)nc3c4c(-c5ccccc5)n(-c5ccccc5)nc4c(C)nn23)cc1,436.0,,
Clc1ccc(cc1)N=Nc1c(N)nn2c1nc(N)c(c2N)N=Nc1nccs1,Nc1nc2c(N=Nc3ccc(Cl)cc3)c(N)nn2c(N)c1N=Nc1nccs1,485.0,,
O=C(C(C)C)NC1=CC(=O)C(=O)c2c1cccc2,CC(C)C(=O)NC1=CC(=O)C(=O)c2ccccc21,270.0,,ethanol
CN1c2ccc(cc2Sc2c1cccc2)C=Nc1ccc2c(c1)Cc1c2cccc1,CN1c2ccccc2Sc2cc(C=Nc3ccc4c(c3)Cc3ccccc3-4)ccc21,405.0,26213.0,DCM
C=Cc1ccnc(c1)c1cc(cc(c1)c1nccc(c1)C=C)c1nccc(c1)C=C,C=Cc1ccnc(-c2cc(-c3cc(C=C)ccn3)cc(-c3cc(C=C)ccn3)c2)c1,312.0,79100.0,propylene carbonate
CCn1c2nc(nc(=O)c2cc2c1ccc(c2)C)c1ccccc1,CCn1c2nc(-c3ccccc3)nc(=O)c-2cc2cc(C)ccc21,455.0,54954.08739,
CCN(c1c(F)c(F)c2c(c1F)nc1c(n2)c(F)c(c(c1F)F)N(CC)CC)CC,CCN(CC)c1c(F)c(F)c2nc3c(F)c(N(CC)CC)c(F)c(F)c3nc2c1F,476.0,,
c1csc(c1)c1sc(c2c1cc1ccccc1c2)c1csc2c1cccc2,c1csc(-c2sc(-c3csc4ccccc34)c3cc4ccccc4cc23)c1,580.0,,CH 2 Cl
Cn1nc2c(n1)c(ccc2c1scc(c1)OC)c1scc(c1)OC,COc1csc(-c2ccc(-c3cc(OC)cs3)c3nn(C)nc23)c1,395.0,,
Brc1ccc(cc1)C1(C=Cc2c(O1)ccc1c2cccc1)c1ccccc1,Brc1ccc(C2(c3ccccc3)C=Cc3c(ccc4ccccc34)O2)cc1,432.0,,
c1ccc(cc1)C(=Cc1ccc2c(n1)cccc2)NN=Cc1ccccc1,C(=NNC(=Cc1ccc2ccccc2n1)c1ccccc1)c1ccccc1,431.0,,ethanol
CC1CCC(C(C1)OC(=O)OCc1ccc2c3c1cccc3c1c3c2cccc3ccc1)C(C)C,CC1CCC(C(C)C)C(OC(=O)OCc2ccc3c4cccc5cccc(c6cccc2c63)c54)C1,445.0,,
CCN(c1ccc2c(c1)oc(=O)c(c2)C=C(c1nc2c(s1)cccc2)C#N)CC,CCN(CC)c1ccc2cc(C=C(C#N)c3nc4ccccc4s3)c(=O)oc2c1,528.0,,Toluene
c1ccc(cc1)c1nc(nc(n1)c1ccccc1)c1ccc2c(c1)c1ccccc1n2c1ccccc1,c1ccc(-c2nc(-c3ccccc3)nc(-c3ccc4c(c3)c3ccccc3n4-c3ccccc3)n2)cc1,353.0,,
c1csc(c1)c1ccc(c2c1nsn2)c1cccs1,c1csc(-c2ccc(-c3cccs3)c3nsnc23)c1,445.0,,
OCC1OC(C(C1O)O)n1c(C=Cc2ccc(cc2)F)nc2c1ncnc2N,Nc1ncnc2c1nc(C=Cc1ccc(F)cc1)n2C1OC(CO)C(O)C1O,333.0,,
Cc1[nH]c(=O)c2c(c1C)c(=O)[nH]c2=O,Cc1[nH]c(=O)c2c(c1C)C(=O)NC2=O,221.0,,
c1ccc2c(c1)n(cn2)c1ccc2c(c1)ccc(n2)Nc1ccc2c(n1)ccc(c2)n1cnc2c1cccc2,c1ccc2c(c1)ncn2-c1ccc2nc(Nc3ccc4cc(-n5cnc6ccccc65)ccc4n3)ccc2c1,443.0,,
Oc1cccc2c1nc(cc2)c1nc2c(n1C(C)C)cccc2,CC(C)n1c(-c2ccc3cccc(O)c3n2)nc2ccccc21,318.0,,
C1(C)c2cc(C#Cc3ccccc3)ccc2c2c1cc1nc3c(nc1c2)c1ccccc1c1c3cccc1,CC1c2cc(C#Cc3ccccc3)ccc2-c2cc3nc4c5ccccc5c5ccccc5c4nc3cc21,407.0,,DMSO
COc1ccccc1C(=O)[C@@H]1O[C@H]1c1ccccc1,COc1ccccc1C(=O)[C@@H]1O[C@H]1c1ccccc1,360.0,4460.0,
OCC1OC(C(C1O)O)n1c(nc2c1ncnc2N)c1ccc(s1)C,Cc1ccc(-c2nc3c(N)ncnc3n2C2OC(CO)C(O)C2O)s1,309.0,,
N#CC(=Cc1cn(c2c1cccc2)CC)c1nc2c(s1)cccc2,CCn1cc(C=C(C#N)c2nc3ccccc3s2)c2ccccc21,427.0,,Toluene
CN(c1ccc(cc1)c1[nH]c(nc1c1ccc(cc1)N(C)C)c1ccc(cc1)C=Cc1ccc(cc1)[N+](=O)[O-])C,CN(C)c1ccc(-c2nc(-c3ccc(C=Cc4ccc([N+](=O)[O-])cc4)cc3)[nH]c2-c2ccc(N(C)C)cc2)cc1,434.0,,CH 2 Cl 2
O=C1CCN2C(N1)(C)C(C)(C)c1c2ccc(c1)c1ccccc1,CC1(C)c2cc(-c3ccccc3)ccc2N2CCC(=O)NC21C,290.0,22100.0,THF
[O-][N+](=O)c1c(cccc1N(C)C)C=Cc1ccccc1,CN(C)c1cccc(C=Cc2ccccc2)c1[N+](=O)[O-],427.0,,chloroform
C(c1ccccc1O)C(=O)O,O=C(O)Cc1ccccc1O,215.0,,
N#CC(=Cc1ccc(o1)c1ccc(cc1)N(c1ccccc1)c1ccccc1)C#N,N#CC(C#N)=Cc1ccc(-c2ccc(N(c3ccccc3)c3ccccc3)cc2)o1,516.0,,
ClCCN(c1ccc(c2c1non2)[N+](=O)[O-])CCCl,O=[N+]([O-])c1ccc(N(CCCl)CCCl)c2nonc12,475.0,,Ethanol
CCOC(=O)c1ccc(cc1)N(C)C,CCOC(=O)c1ccc(N(C)C)cc1,309.7,,
CC(=O)N[C@H](C(=O)O)Cc1c[nH]c2c1cccc2,CC(=O)N[C@@H](Cc1c[nH]c2ccccc12)C(=O)O,326.0,,
CNc1nc2c(n1Cc1ccc3c(c1)OCO3)cc1c(c2)c(C)c(c(=O)o1)C(=O)N,CNc1nc2cc3c(C)c(C(N)=O)c(=O)oc3cc2n1Cc1ccc2c(c1)OCO2,355.0,,ethanol
CNC(Cc1ccc(cc1)Cl)C,CNC(C)Cc1ccc(Cl)cc1,488.0,38700.0,
S=c1n(cc(n1c1ccccc1)P(=O)(c1ccccc1)c1ccccc1)c1ccccc1,O=P(c1ccccc1)(c1ccccc1)c1cn(-c2ccccc2)c(=S)n1-c1ccccc1,272.0,,
OC(=O)C=CC(=C)Oc1c(I)cc(cc1I)CC(C(=O)O)N,C=C(C=CC(=O)O)Oc1c(I)cc(CC(N)C(=O)O)cc1I,265.0,,
OC(=O)c1cc(N=Nc2ccc3c(c2S(=O)(=O)O)cccc3)c2c(c1O)cccc2,O=C(O)c1cc(N=Nc2ccc3ccccc3c2S(=O)(=O)O)c2ccccc2c1O,427.0,,
COC(=O)[C@H](Cc1c([nH]c2c1cccc2)c1c(C)cc(cc1C)C)NC(=O)C,COC(=O)[C@H](Cc1c(-c2c(C)cc(C)cc2C)[nH]c2ccccc12)NC(C)=O,288.0,,
Oc1ccc(cc1C=Nc1ccc(cc1)C(=O)O)N=Nc1ccccc1C,Cc1ccccc1N=Nc1ccc(O)c(C=Nc2ccc(C(=O)O)cc2)c1,338.0,,
CN1c2ccc(cc2Sc2c1ccc(c2)C=Cc1ccncc1)C=Cc1ccncc1,CN1c2ccc(C=Cc3ccncc3)cc2Sc2cc(C=Cc3ccncc3)ccc21,409.0,,
Cc1ccc(cc1)N=Nc1c(N)nn2c1nccc2c1ccccc1,Cc1ccc(N=Nc2c(N)nn3c(-c4ccccc4)ccnc23)cc1,420.0,,Cyclohexane
c1ncc(cn1)c1ccc(s1)c1ccc(s1)c1cccs1,c1csc(-c2ccc(-c3ccc(-c4cncnc4)s3)s2)c1,386.0,,
c1cc(C=Cc2ccc(cc2)c2nnc(o2)c2c3ccccc3cc3c2cccc3)c2c(c1)cccc2,C(=Cc1cccc2ccccc12)c1ccc(-c2nnc(-c3c4ccccc4cc4ccccc34)o2)cc1,351.0,,
O=C1N=CNC1=Cc1cc(F)c(c(c1)F)O,O=C1N=CNC1=Cc1cc(F)c(O)c(F)c1,423.0,,
CCn1c2ccc(cc2c2c1cccc2)c1ccc(cc1)C=Cc1ccc(cc1)C=C(c1ccccc1)c1ccccc1,CCn1c2ccccc2c2cc(-c3ccc(C=Cc4ccc(C=C(c5ccccc5)c5ccccc5)cc4)cc3)ccc21,420.0,,
CCOC(=O)c1cc(=O)c2c(o1)cc(cc2)OC,CCOC(=O)c1cc(=O)c2ccc(OC)cc2o1,310.0,,
NCCC(=O)N1Cc2ccccc2c2c(c3c1cccc3)n(nn2)c1cc2cc(Cl)cc(c2oc1=O)Cl,NCCC(=O)N1Cc2ccccc2-c2nnn(-c3cc4cc(Cl)cc(Cl)c4oc3=O)c2-c2ccccc21,382.0,,
N#Cc1c2cc([nH]n2c(=N)c2c1c1CSc3c(c1oc2=O)cccc3)c1cc(OC)c(c(c1)OC)OC,COc1cc(-c2cc3c(C#N)c4c5c(oc(=O)c4c(=N)n3[nH]2)-c2ccccc2SC5)cc(OC)c1OC,444.0,8927.0,DMF
CC(=O)c1c(=O)oc2c(c1O)cccc2,CC(=O)c1c(O)c2ccccc2oc1=O,300.0,,
CC([Si](Oc1ccc(cc1)C12OOC2(OCC1(C)C)C(C)(C)C)(C)C)(C)C,CC(C)(C)C12OCC(C)(C)C1(c1ccc(O[Si](C)(C)C(C)(C)C)cc1)OO2,642.0,,
CCOC(=O)C1CC(=c2n1nccc2)C#N,CCOC(=O)C1CC(C#N)=C2C=CC=NN21,508.0,,Cyclohexane
Cc1cc(c(s1)C)C(=C1C(=O)OC(=O)C1=C(c1ccccc1)c1ccccc1)C,CC(=C1C(=O)OC(=O)C1=C(c1ccccc1)c1ccccc1)c1cc(C)sc1C,388.0,,
O=c1nc2c3ccccc3ncn2c2c1cccc2,O=c1nc2c3ccccc3ncn2c2ccccc12,377.0,,Cl
O=C1NC(=O)C(N1)(c1ccc(cc1)O)c1ccccc1,O=C1NC(=O)C(c2ccccc2)(c2ccc(O)cc2)N1,200.0,,
OCc1ccc(c(c1)O)C(C)C,CC(C)c1ccc(CO)cc1O,220.0,,
N#CC(=Cc1ccc(cc1)c1csc(c1)C=C(c1ccccc1)C#N)c1ccc(cc1)c1cccc2c1cccc2,N#CC(=Cc1cc(-c2ccc(C=C(C#N)c3ccc(-c4cccc5ccccc45)cc3)cc2)cs1)c1ccccc1,364.0,,THF
CC(=O)CC(=O)c1ccc(o1)c1nc2c(s1)cccc2,CC(=O)CC(=O)c1ccc(-c2nc3ccccc3s2)o1,394.0,37700.0,Toluene
O=C1OC2(c3c1cccc3)c1cc(Cl)c(cc1Oc1c2cc(Cl)c(c1)O)O,O=C1OC2(c3cc(Cl)c(O)cc3Oc3cc(O)c(Cl)cc32)c2ccccc21,539.0,108000.0,
CCOP(=O)(c1ccc2c(c1)ccc1c2C=CC(O1)(c1ccc(cc1)F)c1ccc(cc1)F)OCC,CCOP(=O)(OCC)c1ccc2c3c(ccc2c1)OC(c1ccc(F)cc1)(c1ccc(F)cc1)C=C3,422.0,,
Cc1nc2c(Br)cc(cc2cc1O)C#Cc1ccc(cc1)N(c1ccccc1)c1ccccc1,Cc1nc2c(Br)cc(C#Cc3ccc(N(c4ccccc4)c4ccccc4)cc3)cc2cc1O,375.0,34000.0,
C(CP(c1ccccc1)c1ccccc1)CCP(c1ccccc1)c1ccccc1,c1ccc(P(CCCCP(c2ccccc2)c2ccccc2)c2ccccc2)cc1,456.0,,THF
CN(c1ccc(cc1)C=CC=Cc1ccc(cc1)N(C)C)C,CN(C)c1ccc(C=CC=Cc2ccc(N(C)C)cc2)cc1,405.0,,
C(C(=O)c1ccccc1)(C(=O)c1ccccc1)OC,COC(C(=O)c1ccccc1)C(=O)c1ccccc1,358.0,34140.0,
O=c1c(c2cccs2)c2c(n1c1ccccc1)c(c(=O)n2c1ccccc1)c1cccs1,O=C1C(c2cccs2)=C2C(=C(c3cccs3)C(=O)N2c2ccccc2)N1c1ccccc1,412.0,,
CN(c1ccc(cc1)C=C1C(=O)N(CC)C(=O)C(=C1C)C#N)C,CCN1C(=O)C(=Cc2ccc(N(C)C)cc2)C(C)=C(C#N)C1=O,532.0,,
COc1nc(cc(c1C#N)c1ccc(cc1)OC)c1ccc(cc1)Cl,COc1ccc(-c2cc(-c3ccc(Cl)cc3)nc(OC)c2C#N)cc1,332.0,,
Brc1ccc(cc1)c1cn2c(n1)cc(cc2)C=Cc1ccccc1,Brc1ccc(-c2cn3ccc(C=Cc4ccccc4)cc3n2)cc1,416.0,,Toluene
NCCc1ccc(c(c1)O)O,NCCc1ccc(O)c(O)c1,635.0,,
CN1C(=O)C(=C(C1=O)c1c[nH]c2c1cccc2)c1ccc(cc1)C=Cc1ccccc1,CN1C(=O)C(c2ccc(C=Cc3ccccc3)cc2)=C(c2c[nH]c3ccccc23)C1=O,450.0,,
CNC(=O)c1c2ccccc2cc2c1cccc2,CNC(=O)c1c2ccccc2cc2ccccc12,365.0,,Acetonitrile
CCOC(=O)c1c(O)c(N=Nc2ccccc2)c2c(c1O)cccc2,CCOC(=O)c1c(O)c(N=Nc2ccccc2)c2ccccc2c1O,460.0,,DMSO
c1ccc(cc1)C#Cc1ccc(cc1)n1c2ccccc2c2c1cccc2,C(#Cc1ccc(-n2c3ccccc3c3ccccc32)cc1)c1ccccc1,358.0,22600.0,
c1ccc(cn1)c1ccc(c2c1[nH]cc2)c1cccnc1,c1cncc(-c2ccc(-c3cccnc3)c3[nH]ccc23)c1,322.0,,
COc1cccc(c1)C=CC(=O)O,COc1cccc(C=CC(=O)O)c1,350.0,,
Nc1cccc2c1C(=O)c1ccccc1C2=O,Nc1cccc2c1C(=O)c1ccccc1C2=O,466.0,6230.0,acetonitrile
Oc1ccc(cc1)C(c1ccc(c(c1)O)O)(C)C,CC(C)(c1ccc(O)cc1)c1ccc(O)c(O)c1,222.0,,
Brc1ccc(cc1)c1ccc2c(n1)nc1c(c2)cccc1,Brc1ccc(-c2ccc3cc4ccccc4nc3n2)cc1,398.0,,acetone
Cc1cc(nn1Cn1nc(cc1C)C)C,Cc1cc(C)n(Cn2nc(C)cc2C)n1,206.0,5904.0,
CC(=O)c1ccc2c(c1)N=CCC2=O,CC(=O)c1ccc2c(c1)N=CCC2=O,389.0,,
Oc1cc2O[C@H](c3cc(O)c(c(c3)O)O)[C@@H](Cc2c(c1)O)O,Oc1cc(O)c2c(c1)O[C@H](c1cc(O)c(O)c(O)c1)[C@H](O)C2,298.0,,
Clc1ccc(c2c1C(=O)c1c(C2=O)c(F)c(c(c1F)F)F)Cl,O=C1c2c(Cl)ccc(Cl)c2C(=O)c2c(F)c(F)c(F)c(F)c21,355.0,,
O=C(C(C(=O)C)N=Nc1ccc(cc1)F)Nc1ccc(cc1)NC(=O)C(C(=O)C)N=Nc1ccc(cc1)F,CC(=O)C(N=Nc1ccc(F)cc1)C(=O)Nc1ccc(NC(=O)C(N=Nc2ccc(F)cc2)C(C)=O)cc1,400.0,,
Oc1cccc2c1c(=O)cc(o2)c1ccccc1,O=c1cc(-c2ccccc2)oc2cccc(O)c12,270.0,,
Cc1nc(c2n1ccc(c2)c1nnc(o1)COc1ccc(cc1)[N+](=O)[O-])Cl,Cc1nc(Cl)c2cc(-c3nnc(COc4ccc([N+](=O)[O-])cc4)o3)ccn12,368.0,,CH3CN
BrCCOc1ccc(cc1)N=Nc1ccc(cc1)C(F)(F)F,FC(F)(F)c1ccc(N=Nc2ccc(OCCBr)cc2)cc1,351.3,,
Oc1ccccc1c1ccccc1C,Cc1ccccc1-c1ccccc1O,316.0,,
C(COCNc1ccc2c3c1cccc3C(=O)c1c2cccc1)CC,CCCCOCNc1ccc2c3c(cccc13)C(=O)c1ccccc1-2,498.0,,C6H6
C#Cc1nc(C=Cc2ccc(cc2)OC)cc(n1)C=Cc1ccc(cc1)OC,C#Cc1nc(C=Cc2ccc(OC)cc2)cc(C=Cc2ccc(OC)cc2)n1,364.0,35244.0,dichloromethane
OCc1cccc(c1)N=Nc1nc2c(s1)cc(cc2)[N+](=O)[O-],O=[N+]([O-])c1ccc2nc(N=Nc3cccc(CO)c3)sc2c1,352.0,,Methanol
Clc1nccc(n1)NN=Cc1ccccc1,Clc1nccc(NN=Cc2ccccc2)n1,326.0,,EtOH
N#CC(=CCCc1ccc(c(c1)O)O)C(=O)NCc1ccccc1,N#CC(=CCCc1ccc(O)c(O)c1)C(=O)NCc1ccccc1,263.0,9851.0,MeCN
COc1ccccc1C=CC(=O)O,COc1ccccc1C=CC(=O)O,390.0,,
Cc1ccc2c(c1)c(c1ccc3c(c1)cccc3)c1c(c2c2ccc3c(c2)cccc3)cccc1,Cc1ccc2c(-c3ccc4ccccc4c3)c3ccccc3c(-c3ccc4ccccc4c3)c2c1,400.0,,
O=Cc1ccc(s1)c1ccc(cc1)[N+](=O)[O-],O=Cc1ccc(-c2ccc([N+](=O)[O-])cc2)s1,408.0,,
N#Cc1ccc(cc1)N=Nc1ccc(cc1)N(c1ccc2c(c1)C(C)(C)c1c2cccc1)c1ccc2c(c1)C(C)(C)c1c2cccc1,CC1(C)c2ccccc2-c2ccc(N(c3ccc(N=Nc4ccc(C#N)cc4)cc3)c3ccc4c(c3)C(C)(C)c3ccccc3-4)cc21,508.0,,Toluene
COc1ccc(cc1)C=C1N=C(N(C1=O)C)C,COc1ccc(C=C2N=C(C)N(C)C2=O)cc1,370.0,,
c1ccc2c(cc1)ccc2,c1ccc2cccc-2cc1,576.0,,
C1(C)c2cc3nc([nH]c3cc2c2c1cc1nc([nH]c1c2)c1ccccc1)c1ccccc1,CC1c2cc3nc(-c4ccccc4)[nH]c3cc2-c2cc3[nH]c(-c4ccccc4)nc3cc21,375.0,,
N#Cc1ccc(cc1)c1ccc(s1)c1ccc(s1)c1ccc(cc1)C(C)(C)C,CC(C)(C)c1ccc(-c2ccc(-c3ccc(-c4ccc(C#N)cc4)s3)s2)cc1,396.0,42657.95188,
S=C=Nc1ccc2c(c1)oc(c(c2=O)O)c1ccc(cc1)N(CC)CC,CCN(CC)c1ccc(-c2oc3cc(N=C=S)ccc3c(=O)c2O)cc1,607.0,,Ethanol
N#CC(=Cc1cccc(c1)N(c1ccccc1)c1ccccc1)C(=O)O,N#CC(=Cc1cccc(N(c2ccccc2)c2ccccc2)c1)C(=O)O,400.0,,
Brc1ccc2c(c1)n1c(cc3c(c1n2)c(C)nn3c1ccccc1)c1ccccc1,Cc1nn(-c2ccccc2)c2cc(-c3ccccc3)n3c4cc(Br)ccc4nc3c12,286.0,,
CC(C1CCC(=CSC=Cc2ccc(cc2)c2ccc(cc2)C=CSC=C2CCC(CC2)C(C)(C)C)CC1)(C)C,CC(C)(C)C1CCC(=CSC=Cc2ccc(-c3ccc(C=CSC=C4CCC(C(C)(C)C)CC4)cc3)cc2)CC1,350.0,,CH 2 Cl 2
O=C1OC(=NC1=Cc1ccc(cc1)C1COCCOCCOCCNCCO1)c1ccc(cc1)[N+](=O)[O-],O=C1OC(c2ccc([N+](=O)[O-])cc2)=NC1=Cc1ccc(C2COCCOCCOCCNCCO2)cc1,509.0,,
c1ccc(nc1)CN1CCN(CC1)Cc1ccccn1,c1ccc(CN2CCN(Cc3ccccn3)CC2)nc1,650.0,,
Brc1ccc(cc1)N=Nc1sc(nc1c1ccc(cc1)NC(=O)c1ccccc1)N,Nc1nc(-c2ccc(NC(=O)c3ccccc3)cc2)c(N=Nc2ccc(Br)cc2)s1,487.0,,DMSO
CN1c2ccc(cc2Oc2c1cccc2)C=C(C(=O)O)C#N,CN1c2ccccc2Oc2cc(C=C(C#N)C(=O)O)ccc21,464.0,,
O=C(c1ccco1)CC(=O)c1ccco1,O=C(CC(=O)c1ccco1)c1ccco1,360.0,,
O=CCc1ccc(cc1)c1ccccc1,O=CCc1ccc(-c2ccccc2)cc1,462.0,,
CN1C(=O)C(=CC=C2OC(=CC(=C2)c2ccccc2)c2ccccc2)C(=O)N(C1=O)C,CN1C(=O)C(=CC=C2C=C(c3ccccc3)C=C(c3ccccc3)O2)C(=O)N(C)C1=O,561.0,,dichloromethane
O=C(c1cccc(n1)C(=O)CC(=O)c1ccc(cc1)F)CC(=O)c1ccc(cc1)F,O=C(CC(=O)c1cccc(C(=O)CC(=O)c2ccc(F)cc2)n1)c1ccc(F)cc1,336.0,28840.31503,
O=c1ccc2c(s1)c1cc(n(c1cc2)c1ccccc1)C,Cc1cc2c3sc(=O)ccc3ccc2n1-c1ccccc1,354.0,9693.0,
Cn1cccc1c1cccs1,Cn1cccc1-c1cccs1,296.0,,
N#Cc1c(N)sc(c1c1ccc(cc1)Cl)N=NC1NC=C(S1)[N+](=O)[O-],N#Cc1c(N)sc(N=NC2NC=C([N+](=O)[O-])S2)c1-c1ccc(Cl)cc1,582.0,22387.21139,Acetone
Nc1ccc(cc1)Nc1ccc(cc1)Nc1ccc(cc1)Nc1ccccc1,Nc1ccc(Nc2ccc(Nc3ccc(Nc4ccccc4)cc3)cc2)cc1,323.0,,
Cn1cnc(c1Sc1ncnc2c1[nH]cn2)[N+](=O)[O-],Cn1cnc([N+](=O)[O-])c1Sc1ncnc2nc[nH]c12,274.0,,
c1ccc2c(n1)oc1c2cc(cn1)c1cccc(c1)n1c2ccccc2c2c1cccc2,c1cc(-c2cnc3oc4ncccc4c3c2)cc(-n2c3ccccc3c3ccccc32)c1,294.0,,
N#CC(=Cc1ccc(cc1)c1csc(c1)C=C(c1ccccc1)C#N)c1ccc(cc1)c1ccc(cc1)Cl,N#CC(=Cc1cc(-c2ccc(C=C(C#N)c3ccc(-c4ccc(Cl)cc4)cc3)cc2)cs1)c1ccccc1,366.0,,THF
N#Cc1ccc(cc1)c1cnc(s1)c1ccc(cc1)c1nc2c(s1)cccc2,N#Cc1ccc(-c2cnc(-c3ccc(-c4nc5ccccc5s4)cc3)s2)cc1,372.0,47500.0,
c1ccc(cc1)c1nnc(o1)c1ccn2c(c1)cc(n2)c1ccccc1,c1ccc(-c2cc3cc(-c4nnc(-c5ccccc5)o4)ccn3n2)cc1,342.0,,Cyclohexane
COc1cc(OC)cc2c1c(=O)c(cn2C)C(=O)c1ccccc1Cc1ccccc1,COc1cc(OC)c2c(=O)c(C(=O)c3ccccc3Cc3ccccc3)cn(C)c2c1,459.0,,
Cc1cc2c(s1)cc1c(c2)c2cc3cc(sc3cc2s1)C,Cc1cc2cc3c(cc2s1)sc1cc2sc(C)cc2cc13,268.0,,Tetrahydrofuran
COc1ccc(cc1)c1cc(C)nc(n1)c1ccc(cc1)n1c2ccccc2c2c1cccc2,COc1ccc(-c2cc(C)nc(-c3ccc(-n4c5ccccc5c5ccccc54)cc3)n2)cc1,292.0,,toluene
C1(C)c2cc(ccc2c2c1cc1nc(c3ccccc3)c(nc1c2)c1ccccc1)c1ccc2c3c1ccc1c3c(cc2)ccc1,CC1c2cc(-c3ccc4ccc5cccc6ccc3c4c56)ccc2-c2cc3nc(-c4ccccc4)c(-c4ccccc4)nc3cc21,396.0,,DMSO
CCOC(=O)C1=C(c2ccccc2)N(C(=O)C1=Cc1ccc(s1)c1cccs1)C,CCOC(=O)C1=C(c2ccccc2)N(C)C(=O)C1=Cc1ccc(-c2cccs2)s1,651.0,33900.0,MTHF
Nc1cn(c(c1)C(=O)N)C,Cn1cc(N)cc1C(N)=O,556.0,,
C=CCOc1nnc(c2c1cccc2)O[C@@H](c1ccnc2c1cc(OC)cc2)[C@H]1CC2CCN1C[C@@H]2CC,C=CCOc1nnc(O[C@@H](c2ccnc3ccc(OC)cc23)[C@H]2CC3CCN2C[C@@H]3CC)c2ccccc12,282.0,,
Cc1ccc(cc1)N=Cc1ccc[nH]1,Cc1ccc(N=Cc2ccc[nH]2)cc1,332.0,,
Oc1ccc2c(c1)oc(=O)cc2C,Cc1cc(=O)oc2cc(O)ccc12,322.0,9200.0,
COc1ccc(cc1)C=C1C2=C1N=c1sc(=CC(=O)OC)c(=O)n1C2c1ccc(cc1)OC,COC(=O)C=c1sc2n(c1=O)C(c1ccc(OC)cc1)C1=C(N=2)C1=Cc1ccc(OC)cc1,362.19,,
OC(=O)CN1C(=S)SC(=Cc2ccc(cc2)N(c2ccc(cc2)C=NN(c2ccccc2)c2ccccc2)c2ccccc2)C1=O,O=C(O)CN1C(=O)C(=Cc2ccc(N(c3ccccc3)c3ccc(C=NN(c4ccccc4)c4ccccc4)cc3)cc2)SC1=S,487.0,,
CC(C(=NN=C(C(C)(C)C)Cc1ccc2c(n1)cccc2)Cc1ccc2c(n1)cccc2)(C)C,CC(C)(C)C(Cc1ccc2ccccc2n1)=NN=C(Cc1ccc2ccccc2n1)C(C)(C)C,317.0,,ethanol
[O-][N+](=O)c1cc2C(=CC=CC=c3n(c4ccccc4)c4c(n3c3ccccc3)cccc4)c3c(c2c(c1)[N+](=O)[O-])c(cc(c3)[N+](=O)[O-])[N+](=O)[O-],O=[N+]([O-])c1cc2c(c([N+](=O)[O-])c1)-c1c(cc([N+](=O)[O-])cc1[N+](=O)[O-])C2=CC=CC=C1N(c2ccccc2)c2ccccc2N1c1ccccc1,790.0,,Toluene
Oc1ccc(cc1)c1c2ccccc2c(c2c1cc(Cl)cc2)c1ccc(cc1)O,Oc1ccc(-c2c3ccccc3c(-c3ccc(O)cc3)c3cc(Cl)ccc23)cc1,400.0,,
O=C1C(=Cc2ccc(cc2)[N+](=O)[O-])N=C(N1Cc1ccccc1)C,CC1=NC(=Cc2ccc([N+](=O)[O-])cc2)C(=O)N1Cc1ccccc1,384.0,,
COC1OC(=O)C(=C1Nc1ccc(c(c1)C)C)Br,COC1OC(=O)C(Br)=C1Nc1ccc(C)c(C)c1,289.0,,
Brc1ccc2c(c1)[nH]c(n2)c1ccc(cc1)c1ccc(c(c1)F)c1ccc(cc1)c1nc2c([nH]1)cc(cc2)Br,Fc1cc(-c2ccc(-c3nc4ccc(Br)cc4[nH]3)cc2)ccc1-c1ccc(-c2nc3ccc(Br)cc3[nH]2)cc1,342.0,,
c1ccc2c(c1)c1ccc(cc1C2)C(=C(c1ccc2c(c1)Cc1c2cccc1)c1ccc2c(c1)Cc1c2cccc1)c1ccc2c(c1)Cc1c2cccc1,c1ccc2c(c1)Cc1cc(C(=C(c3ccc4c(c3)Cc3ccccc3-4)c3ccc4c(c3)Cc3ccccc3-4)c3ccc4c(c3)Cc3ccccc3-4)ccc1-2,364.0,,
OC(=O)CN1C(=S)SC(=Cc2ccc(s2)c2ccc3c4c2cccc4c2c3c(c3ccccc3)c3c(c2c2ccccc2)cccc3)C1=O,O=C(O)CN1C(=O)C(=Cc2ccc(-c3ccc4c5c(cccc35)-c3c-4c(-c4ccccc4)c4ccccc4c3-c3ccccc3)s2)SC1=S,479.0,,
Cc1cccc(n1)c1cc(cc(n1)c1ccccn1)c1ccc(cc1)c1ccc(cc1)c1cc(nc(c1)c1cccc(n1)C)c1ccccn1,Cc1cccc(-c2cc(-c3ccc(-c4ccc(-c5cc(-c6ccccn6)nc(-c6cccc(C)n6)c5)cc4)cc3)cc(-c3ccccn3)n2)n1,303.0,64600.0,
Nc1sc(c(n1)c1ccc(cc1)NC(=O)c1ccccc1)N=Nc1cccc(c1)[N+](=O)[O-],Nc1nc(-c2ccc(NC(=O)c3ccccc3)cc2)c(N=Nc2cccc([N+](=O)[O-])c2)s1,493.0,,DMSO
CCN(c1ccc2c(c1)oc(=O)cc2C)CC,CCN(CC)c1ccc2c(C)cc(=O)oc2c1,372.0,,dichloromethane
Fc1c(F)c(Nc2ccccc2)c(c2c1nc1c(n2)c(F)c(c(c1F)F)F)F,Fc1c(F)c(F)c2nc3c(F)c(Nc4ccccc4)c(F)c(F)c3nc2c1F,460.0,,
Brc1ccc(c(c1)c1nc2CCc3c(c2c2c1c1ccccc1CC2)cccc3)O,Oc1ccc(Br)cc1-c1nc2c(c3c1-c1ccccc1CC3)-c1ccccc1CC2,345.0,19000.0,dichloromethane
N#Cc1ccc(cc1)c1ccc(s1)c1ccc(s1)c1cccc2c1cccc2,N#Cc1ccc(-c2ccc(-c3ccc(-c4cccc5ccccc45)s3)s2)cc1,384.0,38904.5145,
N#Cc1ccc(cc1)C#Cc1cc2c(n1C)cccc2,Cn1c(C#Cc2ccc(C#N)cc2)cc2ccccc21,357.0,28600.0,C6H12
COc1ccc2c(c1)n(C)c1c2cccc1,COc1ccc2c3ccccc3n(C)c2c1,358.0,,
O=c1cc(C)c2c(o1)cc(cc2)c1nnn(c1)Cc1ccccc1,Cc1cc(=O)oc2cc(-c3cn(Cc4ccccc4)nn3)ccc12,333.0,3000.0,
Cn1c(=O)c2c(c1c1ccccc1Br)c(=O)n(c2c1ccccc1Br)C,CN1C(=O)C2=C(c3ccccc3Br)N(C)C(=O)C2=C1c1ccccc1Br,481.0,,
COc1cc(OC)ccc1C=CC(=O)c1cc2ccccc2oc1=O,COc1ccc(C=CC(=O)c2cc3ccccc3oc2=O)c(OC)c1,385.0,9200.0,
Cc1ccc(s1)C(=O)c1sc(=O)sc1C(=O)c1cccs1,Cc1ccc(C(=O)c2sc(=O)sc2C(=O)c2cccs2)s1,300.0,,
N#CC(=Cc1ccc(s1)c1sc(c2c1OCCO2)c1ccc(s1)c1ccc(cc1)N(c1ccccc1)c1ccccc1)C(=O)O,N#CC(=Cc1ccc(-c2sc(-c3ccc(-c4ccc(N(c5ccccc5)c5ccccc5)cc4)s3)c3c2OCCO3)s1)C(=O)O,502.0,,
COc1cc(ccc1OC)c1c2ccccc2c(c2c1cccc2)c1ccc(c(c1)OC)OC,COc1ccc(-c2c3ccccc3c(-c3ccc(OC)c(OC)c3)c3ccccc23)cc1OC,398.0,,
COc1c2ccccc2c(c2c1c1c(C)ccc(c1n2C)OC)OC,COc1c2ccccc2c(OC)c2c1c1c(C)ccc(OC)c1n2C,417.0,77200.0,CH 2 Cl
COC(=O)c1cc2ccccc2cc1c1cc2ccccc2cc1C(=O)N([C@@H](C(C)(C)C)C)C,COC(=O)c1cc2ccccc2cc1-c1cc2ccccc2cc1C(=O)N(C)[C@H](C)C(C)(C)C,257.4,17200.0,
[O-][N+](=O)c1ccc(c2c1non2)N,Nc1ccc([N+](=O)[O-])c2nonc12,468.0,,
O=C(c1c(O)[nH]c(=S)[nH]c1=O)Nc1ccccc1,O=C(Nc1ccccc1)c1c(O)[nH]c(=S)[nH]c1=O,526.0,,
N#Cc1cc(Oc2ccc(cc2)CO)c(cc1C#N)Sc1ccccc1,N#Cc1cc(Oc2ccc(CO)cc2)c(Sc2ccccc2)cc1C#N,709.0,,
O=C(OC(C)(C)C)N[C@H](C(=O)OCc1ccc2c3c1cccc3c1c3c2cccc3ccc1)Cc1ccccc1,CC(C)(C)OC(=O)N[C@@H](Cc1ccccc1)C(=O)OCc1ccc2c3cccc4cccc(c5cccc1c52)c43,447.0,,
COc1ccc(cc1)N=Nc1nc2c(s1)cccc2,COc1ccc(N=Nc2nc3ccccc3s2)cc1,370.0,,Methanol
FC(c1ccc(cc1)c1ccc2c(c1)ccc(n2)Nc1ccc2c(n1)ccc(c2)c1ccc(cc1)C(F)(F)F)(F)F,FC(F)(F)c1ccc(-c2ccc3nc(Nc4ccc5cc(-c6ccc(C(F)(F)F)cc6)ccc5n4)ccc3c2)cc1,457.0,,
C=CCOc1nnc(c2c1cccc2)Cl,C=CCOc1nnc(Cl)c2ccccc12,274.0,,
CN1c2ccc(cc2Sc2c1cccc2)C=Cc1cc(=O)oc2c1ccc(c2)C,Cc1ccc2c(C=Cc3ccc4c(c3)Sc3ccccc3N4C)cc(=O)oc2c1,424.0,,chloroform
BrCn1c(Br)nc2c1c(=O)n(C)c(=O)n2C,Cn1c(=O)c2c(nc(Br)n2CBr)n(C)c1=O,317.5,19952.62315,
N#Cc1ccc(cc1)C=Cc1cc(C#N)c(cc1C#N)C,Cc1cc(C#N)c(C=Cc2ccc(C#N)cc2)cc1C#N,660.0,,
Cc1ccc(cc1)C(=O)[C@@H]1O[C@H]1c1ccccc1,Cc1ccc(C(=O)[C@@H]2O[C@H]2c2ccccc2)cc1,325.0,,
Cc1ccsc1c1sc(c2c1cccc2)c1ccc2c(c1)oc1c2cccc1,Cc1ccsc1-c1sc(-c2ccc3c(c2)oc2ccccc23)c2ccccc12,445.0,,CH 2 Cl
Cc1ccc(cc1)N=Nc1c([nH]c2n1nc(c2N=Nc1ccccc1)C)c1ccccc1,Cc1ccc(N=Nc2c(-c3ccccc3)[nH]c3c(N=Nc4ccccc4)c(C)nn23)cc1,524.0,,dioxane
[C-]#[N+]c1ccc(cc1)c1ccc(cc1)N,[C-]#[N+]c1ccc(-c2ccc(N)cc2)cc1,457.0,,hexane
OC(=C1C(=O)c2c(C1=O)cccc2)C=Cc1cc2CCCN3c2c(c1)CCC3,O=C1C(=C(O)C=Cc2cc3c4c(c2)CCCN4CCC3)C(=O)c2ccccc21,540.0,,THF
c1ccc(cc1)[C@@H]1N=C(c2ccc[nH]2)C(=N[C@H]1c1ccccc1)c1ccc[nH]1,c1ccc([C@@H]2N=C(c3ccc[nH]3)C(c3ccc[nH]3)=N[C@H]2c2ccccc2)cc1,383.0,,
FC(c1ccc2c(c1)CC1N2Cc2c(O1)cccc2)(F)F,FC(F)(F)c1ccc2c(c1)CC1Oc3ccccc3CN21,205.0,,CH 3 CN
Brc1cc(c(cc1c1ccccc1N(c1ccccc1)c1ccccc1)Br)c1ccccc1N(c1ccccc1)c1ccccc1,Brc1cc(-c2ccccc2N(c2ccccc2)c2ccccc2)c(Br)cc1-c1ccccc1N(c1ccccc1)c1ccccc1,425.0,,DCM
CC(c1ccc(cc1)OCc1c2ccccc2cc2c1cccc2)(c1ccc(cc1)OCc1c2ccccc2cc2c1cccc2)C,CC(C)(c1ccc(OCc2c3ccccc3cc3ccccc23)cc1)c1ccc(OCc2c3ccccc3cc3ccccc23)cc1,355.0,,chloroform
ON=C1CC(=C(C1=O)c1cc(sc1C)C)c1cc(sc1C)C,Cc1cc(C2=C(c3cc(C)sc3C)C(=O)C(=NO)C2)c(C)s1,350.0,,
Cc1ccc(cc1)N(c1cc(=O)[nH]c(n1)c1ccccc1)C,Cc1ccc(N(C)c2cc(=O)[nH]c(-c3ccccc3)n2)cc1,274.0,47863.00923,
Cc1cc(ccc1NN=C1C(=O)C=Cc2c1cccc2)N=Nc1ccccc1C,Cc1ccccc1N=Nc1ccc(NN=C2C(=O)C=Cc3ccccc32)c(C)c1,533.0,,
Brc1nnc(s1)N=Nc1ccc(s1)c1cccs1,Brc1nnc(N=Nc2ccc(-c3cccs3)s2)s1,510.0,,DMSO
O=c1ccc2c(o1)cc(cc2)OCc1nnn(c1)C([C@H]1O[C@H](C[C@@H]1O)n1cc(C)c(=O)[nH]c1=O)O,Cc1cn([C@H]2C[C@H](O)[C@@H](C(O)n3cc(COc4ccc5ccc(=O)oc5c4)nn3)O2)c(=O)[nH]c1=O,319.0,,
CCCOC(=O)c1ccc(cc1)C(=O)OCCC,CCCOC(=O)c1ccc(C(=O)OCCC)cc1,530.0,,acetonitrile
C1(C)c2cc3nc([nH]c3cc2c2c1cccc2)c1ccc(cc1)Cl,CC1c2ccccc2-c2cc3[nH]c(-c4ccc(Cl)cc4)nc3cc21,360.0,,DMSO
CCN(c1ccc2c(c1)oc(=NC(=O)Nc1ccc(cc1)C(C)C)c(c2)C#N)CC,CCN(CC)c1ccc2cc(C#N)c(=NC(=O)Nc3ccc(C(C)C)cc3)oc2c1,443.0,,
Clc1ccc(cc1)C(=O)Oc1c(cc(cc1[N+](=O)[O-])[N+](=O)[O-])[N+](=O)[O-],O=C(Oc1c([N+](=O)[O-])cc([N+](=O)[O-])cc1[N+](=O)[O-])c1ccc(Cl)cc1,240.0,22438.81924,
Clc1ccc(cc1)N=Nc1c(N)nn2c1nccc2c1ccccc1,Nc1nn2c(-c3ccccc3)ccnc2c1N=Nc1ccc(Cl)cc1,410.0,,Cyclohexane
CC(Cn1cnc2c1cc1[n+]([O-])onc1c2C(=O)c1ccc(cc1)[N+](=O)[O-])C,CC(C)Cn1cnc2c(C(=O)c3ccc([N+](=O)[O-])cc3)c3no[n+]([O-])c3cc21,390.0,,
COc1ccc(cc1)C=Cc1nc(c(n1C)C#N)C#N,COc1ccc(C=Cc2nc(C#N)c(C#N)n2C)cc1,331.0,,
FC(c1ccc(cc1)c1nnc(o1)c1ccn2c(c1c1ccccc1)nc1c2cccc1)(F)F,FC(F)(F)c1ccc(-c2nnc(-c3ccn4c(nc5ccccc54)c3-c3ccccc3)o2)cc1,342.0,,
Oc1ccc2c(c1)cc1c(c2)c(C)cc(=O)o1,Cc1cc(=O)oc2cc3cc(O)ccc3cc12,365.0,7400.0,
COc1c2ccccc2c(c2c1c1cc(Cl)ccc1n2C)OC,COc1c2ccccc2c(OC)c2c1c1cc(Cl)ccc1n2C,337.0,,CH 2 Cl
COc1ccc(cc1)c1nc2n(c1)ccc(c2)C=Cc1ccc(cc1)N(C)C,COc1ccc(-c2cn3ccc(C=Cc4ccc(N(C)C)cc4)cc3n2)cc1,465.0,30199.5172,TFA
N#CC(=Cc1ccc(s1)c1ccc2c(c1)c1ccccc1n2c1ccc(cc1)C=C(c1ccccc1)c1ccccc1)C(=O)O,N#CC(=Cc1ccc(-c2ccc3c(c2)c2ccccc2n3-c2ccc(C=C(c3ccccc3)c3ccccc3)cc2)s1)C(=O)O,420.0,,
COc1ccccc1O,COc1ccccc1O,470.0,,
CCn1c2cc(ccc2c2c1cc(cc2)N(c1ccc(cc1)C)c1ccc(cc1)C)N(c1ccc(cc1)C)c1ccc(cc1)C,CCn1c2cc(N(c3ccc(C)cc3)c3ccc(C)cc3)ccc2c2ccc(N(c3ccc(C)cc3)c3ccc(C)cc3)cc21,384.0,38500.0,
C#CC1(SCCS1)c1cccc(c1)COC,C#CC1(c2cccc(COC)c2)SCCS1,334.0,,
ClCC(=O)Nc1ccc2c3c1ccc1c3c(cc2)ccc1,O=C(CCl)Nc1ccc2ccc3cccc4ccc1c2c34,398.0,,
CN(c1ccc(cc1)C#Cc1c(F)c(F)c(c(c1F)F)C#Cc1ccc(cc1)N(C)C)C,CN(C)c1ccc(C#Cc2c(F)c(F)c(C#Cc3ccc(N(C)C)cc3)c(F)c2F)cc1,409.0,,dichloromethane
[O-][N+](=O)c1ccc(cc1)c1sc(c2c1OCCO2)c1ccc(cc1)[N+](=O)[O-],O=[N+]([O-])c1ccc(-c2sc(-c3ccc([N+](=O)[O-])cc3)c3c2OCCO3)cc1,374.0,,DCM
COc1ccc2c(c1)sc(n2)N=Nc1c2ccccc2n(c1c1ccccc1)C,COc1ccc2nc(N=Nc3c(-c4ccccc4)n(C)c4ccccc34)sc2c1,536.0,,Chloroform
COc1ccc2c(c1)sc(n2)N=Nc1c(C)n(c2c1cccc2)C,COc1ccc2nc(N=Nc3c(C)n(C)c4ccccc34)sc2c1,519.0,,Chloroform
N#Cc1ccc(cc1)C=Cc1nc(c([nH]1)c1ccc(cc1)N(C)C)c1ccc(cc1)N(C)C,CN(C)c1ccc(-c2nc(C=Cc3ccc(C#N)cc3)[nH]c2-c2ccc(N(C)C)cc2)cc1,434.0,,CH 2 Cl 2
CC(=O)n1c2ccccc2c2c1cccc2,CC(=O)n1c2ccccc2c2ccccc21,329.0,,
CN1C(=O)C(=C(C1=O)c1c[nH]c2c1cccc2)c1ccc(cc1)C=Cc1ccc(cc1)c1ccccc1,CN1C(=O)C(c2ccc(C=Cc3ccc(-c4ccccc4)cc3)cc2)=C(c2c[nH]c3ccccc23)C1=O,453.0,,
Nc1nc2n(c(c1N=Nc1ccc(cc1)[N+](=O)[O-])N)nc(c2N=Nc1nccs1)N,Nc1nc2c(N=Nc3nccs3)c(N)nn2c(N)c1N=Nc1ccc([N+](=O)[O-])cc1,496.0,,
N#CC(=Cc1sc(c2c1OCCO2)c1ccc(cc1)OC)c1cccs1,COc1ccc(-c2sc(C=C(C#N)c3cccs3)c3c2OCCO3)cc1,435.0,,DCM
N#Cc1nc2c(nc1C#N)c(c(n2Cc1ccccc1)C)C(=O)C,CC(=O)c1c(C)n(Cc2ccccc2)c2nc(C#N)c(C#N)nc12,328.0,,
Cc1ccsc1c1sc(c2c1cccc2)c1ccc2c(c1)C(CC)(CC)c1c2cccc1,CCC1(CC)c2ccccc2-c2ccc(-c3sc(-c4sccc4C)c4ccccc34)cc21,430.0,,CH 2 Cl
COC(=C1C(=O)c2c(C1=O)cccc2)C=Cc1ccc(cc1)C,COC(C=Cc1ccc(C)cc1)=C1C(=O)c2ccccc2C1=O,401.0,41841.0,Cyclohexane
Cn1ccc(c1)c1cccc(c1)C(F)(F)F,Cn1ccc(-c2cccc(C(F)(F)F)c2)c1,277.0,13640.0,
OC(=O)C=Cc1ccc(cc1)[N+](=O)[O-],O=C(O)C=Cc1ccc([N+](=O)[O-])cc1,370.0,,
CN(c1ccc(cc1)C=C1CCC(=Cc2ccc(cc2)N(C)C)C1=C(C#N)C#N)C,CN(C)c1ccc(C=C2CCC(=Cc3ccc(N(C)C)cc3)C2=C(C#N)C#N)cc1,557.0,,chloroform
[O-][N+](=O)c1ccc2c(c1)nc1n2c(cc2c1c(C)nn2c1ccccc1)c1ccccc1,Cc1nn(-c2ccccc2)c2cc(-c3ccccc3)n3c4ccc([N+](=O)[O-])cc4nc3c12,337.0,,
N#CC(=C(c1ccc(cc1)n1c(cc2c1cccc2)c1ccccc1)C#N)c1ccc(cc1)n1c(cc2c1cccc2)c1ccccc1,N#CC(=C(C#N)c1ccc(-n2c(-c3ccccc3)cc3ccccc32)cc1)c1ccc(-n2c(-c3ccccc3)cc3ccccc32)cc1,644.0,,THF
n1ccc(cc1)C=Cc1ccc2c(c1)Sc1c(N2)ccc(c1)C=Cc1ccncc1,C(=Cc1ccc2c(c1)Sc1cc(C=Cc3ccncc3)ccc1N2)c1ccncc1,440.0,,
O=c1cc(nc([nH]1)c1ccccc1)N(c1ccccc1C)C,Cc1ccccc1N(C)c1cc(=O)[nH]c(-c2ccccc2)n1,273.0,53703.17964,
c1ccc2c(c1)[nH]c1c2ccnc1,c1ccc2c(c1)[nH]c1cnccc12,310.0,,Methanol
CC(C(=O)Nc1ccc(cc1)S(=O)(=O)N)N1CCN(CC1)C,CC(C(=O)Nc1ccc(S(N)(=O)=O)cc1)N1CCN(C)CC1,272.0,,
N#CC(=Cc1cn(c2c1cccc2)CC)C#N,CCn1cc(C=C(C#N)C#N)c2ccccc21,400.0,,MeOH
c1ccc(cc1)c1ccc2c(c1)c(c1ccc(cc1)n1c3ccccc3c3c1cccc3)c1c(c2c2ccc3c(c2)cccc3)cccc1,c1ccc(-c2ccc3c(-c4ccc5ccccc5c4)c4ccccc4c(-c4ccc(-n5c6ccccc6c6ccccc65)cc4)c3c2)cc1,406.0,13250.0,
O=CN(C(C(SC(=O)c1ccccc1)CCOP(=O)(O)O)C)Cc1cnc(nc1N)C,Cc1ncc(CN(C=O)C(C)C(CCOP(=O)(O)O)SC(=O)c2ccccc2)c(N)n1,628.0,,CH 2 Cl
c1ccc(cc1)c1c(nc(n1c1ccccc1)c1ccc(cc1)c1ccc(cc1)n1c2ccccc2c2c1cccc2)c1ccccc1,c1ccc(-c2nc(-c3ccc(-c4ccc(-n5c6ccccc6c6ccccc65)cc4)cc3)n(-c3ccccc3)c2-c2ccccc2)cc1,420.0,,
CCC(n1c(Nc2ccc(cc2)F)nc2c1cc1oc(=O)c(c(c1c2)C)C(=O)N)C,CCC(C)n1c(Nc2ccc(F)cc2)nc2cc3c(C)c(C(N)=O)c(=O)oc3cc21,358.0,,ethanol
COc1ccc(cc1)c1scc2c1OCCO2,COc1ccc(-c2scc3c2OCCO3)cc1,301.0,,DCM
CC(=O)c1ccc(cc1)N,CC(=O)c1ccc(N)cc1,435.0,,PhCl
N#CC(=Cc1ccc(cc1)N(c1ccccc1)c1ccccc1)c1ccc(cc1)c1ccc(s1)C=C(C(=O)O)C#N,N#CC(=Cc1ccc(-c2ccc(C(C#N)=Cc3ccc(N(c4ccccc4)c4ccccc4)cc3)cc2)s1)C(=O)O,471.0,,
c1ccc(cc1)N(c1ccccc1)c1ccc(cc1)c1ccc(cc1)c1cc(nc(c1)c1ccccn1)c1ccccn1,c1ccc(N(c2ccccc2)c2ccc(-c3ccc(-c4cc(-c5ccccn5)nc(-c5ccccn5)c4)cc3)cc2)cc1,284.0,,CH 2 Cl
OC(=O)c1ccccc1,O=C(O)c1ccccc1,325.0,,
O=c1oc2c(c(c1)C(C(F)(F)F)(F)F)cc1c3c2C(C)(C)CCN3CCC1(C)C,CC1(C)CCN2CCC(C)(C)c3c2c1cc1c(C(F)(F)C(F)(F)F)cc(=O)oc31,426.0,,dichloromethane
CCn1c2ccc(cc2c2c1cccc2)N(c1ccc(cc1)C)c1ccc(cc1)C,CCn1c2ccccc2c2cc(N(c3ccc(C)cc3)c3ccc(C)cc3)ccc21,375.0,32600.0,
N#CC(=Cc1ccc(cc1)N(c1ccccc1)c1ccccc1)c1ccc(cc1)c1ccc(cc1)C=C(C(=O)O)C#N,N#CC(=Cc1ccc(-c2ccc(C(C#N)=Cc3ccc(N(c4ccccc4)c4ccccc4)cc3)cc2)cc1)C(=O)O,438.0,,
CC(C#Cc1ccc(s1)c1ccc(s1)C#CC(C)(C)C)(C)C,CC(C)(C)C#Cc1ccc(-c2ccc(C#CC(C)(C)C)s2)s1,357.0,,
CCn1c2ccc(cc2c2c1cccc2)c1cccs1,CCn1c2ccccc2c2cc(-c3cccs3)ccc21,335.0,,
Cn1nc2c(n1)c(ccc2c1scc(c1)C)c1scc(c1)C,Cc1csc(-c2ccc(-c3cc(C)cs3)c3nn(C)nc23)c1,390.0,,
C=CCOC(=O)C1Cc2c(O1)ccc(c2)Cl,C=CCOC(=O)C1Cc2cc(Cl)ccc2O1,280.0,,
COc1ccc2c(c1)cc1c(n2)nc(cc1)C,COc1ccc2nc3nc(C)ccc3cc2c1,371.0,,acetone
CCc1c(nccc1c1ccccc1)c1nccc(c1)c1ccccc1,CCc1c(-c2ccccc2)ccnc1-c1cc(-c2ccccc2)ccn1,241.0,,
N#Cc1ccc2c(c1)c1ccccc1n2c1ccc2c(c1)c1ccccc1n2CC,CCn1c2ccccc2c2cc(-n3c4ccccc4c4cc(C#N)ccc43)ccc21,392.0,,
CCOC(=O)c1c(NC(=O)C)sc2c1c1ccccc1C2,CCOC(=O)c1c(NC(C)=O)sc2c1-c1ccccc1C2,332.0,,acetone
C1Oc2c(O1)cc1c(c2)[nH]c2c1scc2,c1cc2[nH]c3cc4c(cc3c2s1)OCO4,260.0,,DMSO
Clc1ccc(cc1)C=CC(=O)c1ccccc1O,O=C(C=Cc1ccc(Cl)cc1)c1ccccc1O,263.0,,
Cc1ccc2c(c1)oc(n2)c1cccc(n1)c1nc2c(o1)cc(cc2)C,Cc1ccc2nc(-c3cccc(-c4nc5ccc(C)cc5o4)n3)oc2c1,365.0,,
O=C(c1c2ncn(c2cc2c1no[n+]2[O-])C)c1ccc(cc1)[N+](=O)[O-],Cn1cnc2c(C(=O)c3ccc([N+](=O)[O-])cc3)c3no[n+]([O-])c3cc21,390.0,,
Cc1ccc(cc1)N=Cc1ccccn1,Cc1ccc(N=Cc2ccccn2)cc1,329.0,,
CCN(c1ccc2c(c1)oc(=O)cc2C(OC(=O)[C@@H](NC(=O)OCC1c2ccccc2c2c1cccc2)CC(=O)O)C)CC,CCN(CC)c1ccc2c(C(C)OC(=O)[C@H](CC(=O)O)NC(=O)OCC3c4ccccc4-c4ccccc43)cc(=O)oc2c1,380.5,,
CCOC(=O)C1=C(NC(=O)C1=NNc1cc(ccc1O)[N+](=O)[O-])c1ccccc1,CCOC(=O)C1=C(c2ccccc2)NC(=O)C1=NNc1cc([N+](=O)[O-])ccc1O,546.0,,THF
COc1ccc2c(c1)N=CCC2=O,COc1ccc2c(c1)N=CCC2=O,340.0,,
N#Cc1cc(ccc1N=Nc1ccc(c(c1O)C)O)[N+](=O)[O-],Cc1c(O)ccc(N=Nc2ccc([N+](=O)[O-])cc2C#N)c1O,441.0,29300.0,Acetone
CCN(c1ccc2c(c1)oc(=O)c(c2)C=CC(=O)c1c(=O)oc2c(c1O)cccc2)CC,CCN(CC)c1ccc2cc(C=CC(=O)c3c(O)c4ccccc4oc3=O)c(=O)oc2c1,503.0,,DCM
Clc1ccc2c(c1)c(N)cc(n2)Cl,Nc1cc(Cl)nc2ccc(Cl)cc12,315.0,,
Cc1ccc2c(n1)c(Br)cc(c2)C#Cc1ccc(cc1)N(c1ccccc1)c1ccccc1,Cc1ccc2cc(C#Cc3ccc(N(c4ccccc4)c4ccccc4)cc3)cc(Br)c2n1,375.0,33000.0,
C#Cc1ccc2c(c1)Cc1c2ccc(c1)C#C,C#Cc1ccc2c(c1)Cc1cc(C#C)ccc1-2,397.0,43408.0,
O=c1[nH]c(=O)c2c([nH]1)nc[nH]2,O=c1[nH]c(=O)c2[nH]cnc2[nH]1,550.0,,
Cc1sc(c(c1C#N)C#N)c1ccc(s1)c1ccc(s1)c1ccc(s1)c1ccc(s1)c1sc(c(c1C#N)C#N)C,Cc1sc(-c2ccc(-c3ccc(-c4ccc(-c5ccc(-c6sc(C)c(C#N)c6C#N)s5)s4)s3)s2)c(C#N)c1C#N,457.0,,
O[C@@H]1[C@H](O)[C@H](O[C@H]1n1cnc2c1ncnc2O)COP(=O)(O)O,O=P(O)(O)OC[C@H]1O[C@@H](n2cnc3c(O)ncnc32)[C@H](O)[C@@H]1O,249.0,,
Cc1ccc(cc1)c1cnc(n1C)c1ccc(cc1)c1nc2c(n1C)cccc2,Cc1ccc(-c2cnc(-c3ccc(-c4nc5ccccc5n4C)cc3)n2C)cc1,316.0,31000.0,
N#Cc1c(C#N)nc(n1C)c1ccccc1,Cn1c(-c2ccccc2)nc(C#N)c1C#N,264.0,,
CN(c1ccc(cc1)C=C1N=C(N(C1=O)Cc1ccccc1)C)C,CC1=NC(=Cc2ccc(N(C)C)cc2)C(=O)N1Cc1ccccc1,417.0,,
c1ccc2c(c1)nc1c(n2)c2cccnc2c2c1nccc2,c1ccc2nc3c4ncccc4c4ncccc4c3nc2c1,726.0,,
CCN(c1ccc2c(c1)oc(=O)c(c2O)N=Nc1ccc(cc1)OC)CC,CCN(CC)c1ccc2c(O)c(N=Nc3ccc(OC)cc3)c(=O)oc2c1,480.0,,MeOH
Brc1cc(Br)c(c2c1C(=O)c1ccccc1C2=O)N,Nc1c(Br)cc(Br)c2c1C(=O)c1ccccc1C2=O,479.0,,
OC(=O)Cc1ccc(cc1)O,O=C(O)Cc1ccc(O)cc1,226.0,,
OC(=O)c1ccc(cc1)[N+](=O)[O-],O=C(O)c1ccc([N+](=O)[O-])cc1,325.0,,
N#CC(=Cc1ccc(cc1)N(c1ccccc1)c1ccccc1)c1ccc(cc1)c1ccc(o1)C=C(C(=O)O)C#N,N#CC(=Cc1ccc(-c2ccc(C(C#N)=Cc3ccc(N(c4ccccc4)c4ccccc4)cc3)cc2)o1)C(=O)O,465.0,,
CSC1=C(SC)SC(=C2SC(=C(S2)C#Cc2ccccn2)C#Cc2ccccn2)S1,CSC1=C(SC)SC(=C2SC(C#Cc3ccccn3)=C(C#Cc3ccccn3)S2)S1,566.0,,
COC(=O)c1ccc(nc1)c1ccc(cn1)c1cccc2c1cccc2,COC(=O)c1ccc(-c2ccc(-c3cccc4ccccc34)cn2)nc1,344.0,,
O=C1c2ccccc2C(=O)c2c1c(N)c(c(c2)C)C,Cc1cc2c(c(N)c1C)C(=O)c1ccccc1C2=O,590.5,,
c1ccc2c(c1)c1ccc(cc1C2)C#Cc1ccc(cc1)n1c2ccccc2c2c1cccc2,C(#Cc1ccc2c(c1)Cc1ccccc1-2)c1ccc(-n2c3ccccc3c3ccccc32)cc1,404.0,44200.0,CH 2 Cl 2
Fc1ccc(cc1)NC(C1=C(O)C(=O)c2c(C1=O)cccc2)c1ccc(cc1)[N+](=O)[O-],O=C1C(O)=C(C(Nc2ccc(F)cc2)c2ccc([N+](=O)[O-])cc2)C(=O)c2ccccc21,469.0,3548.133892,
COC(=O)[C@H](Cc1c([nH]c2c1cccc2)c1c(C)cc(cc1C)C)NC(=O)[C@H](NC(=O)C(F)(F)F)CC(C)C,COC(=O)[C@H](Cc1c(-c2c(C)cc(C)cc2C)[nH]c2ccccc12)NC(=O)[C@@H](CC(C)C)NC(=O)C(F)(F)F,290.0,,
COc1ccc(cc1)c1nc2n(c1CO)cccc2,COc1ccc(-c2nc3ccccn3c2CO)cc1,323.0,,
NC(=O)c1ccncc1,NC(=O)c1ccncc1,329.0,,
COc1ccc(cc1)C=Cc1ccc2c(c1)ccc1c2C(=C=C(c2ccccc2)c2ccccc2)C(O1)(c1ccccc1)c1ccccc1,COc1ccc(C=Cc2ccc3c4c(ccc3c2)OC(c2ccccc2)(c2ccccc2)C4=C=C(c2ccccc2)c2ccccc2)cc1,470.0,,THF
CCOC(=O)C1=C(NC(=O)C1=NNc1ccc(cc1)OC)c1ccccc1,CCOC(=O)C1=C(c2ccccc2)NC(=O)C1=NNc1ccc(OC)cc1,457.0,,
COC(=O)c1n2nc(C=Cc3ccc(cc3)C)ccc2c(c1C(=O)OC)C(=O)OC,COC(=O)c1c(C(=O)OC)c2ccc(C=Cc3ccc(C)cc3)nn2c1C(=O)OC,452.0,,Hexane
COc1ccc(cc1)n1c(nc2c1c1ccccc1c1c2cccc1)c1ccc(cc1)c1cncc2c1cccc2,COc1ccc(-n2c(-c3ccc(-c4cncc5ccccc45)cc3)nc3c4ccccc4c4ccccc4c32)cc1,429.0,32300.0,
COCCOCCOCCn1c(=O)c2c(c1c1ccncc1)c(=O)n(c2c1ccncc1)CCOCCOCCOC,COCCOCCOCCN1C(=O)C2=C(c3ccncc3)N(CCOCCOCCOC)C(=O)C2=C1c1ccncc1,473.0,11800.0,
OC(=O)C(=Cc1ccc(cc1)N(c1ccc(cc1)C=C(c1ccc(cc1)[N+](=O)[O-])C(=O)O)c1ccccc1)c1ccc(cc1)[N+](=O)[O-],O=C(O)C(=Cc1ccc(N(c2ccccc2)c2ccc(C=C(C(=O)O)c3ccc([N+](=O)[O-])cc3)cc2)cc1)c1ccc([N+](=O)[O-])cc1,399.0,43100.0,
Nc1ccccn1,Nc1ccccn1,310.0,,DMSO
BrCCOc1ccc(cc1)N=Nc1ccc(cc1)Cl,Clc1ccc(N=Nc2ccc(OCCBr)cc2)cc1,351.1,,
COc1ccc(cc1)c1cc(c2ccc(cc2)OC)c2c3c1ccc1c3c(cc2)c(cc1c1ccc(cc1)OC)c1ccc(cc1)OC,COc1ccc(-c2cc(-c3ccc(OC)cc3)c3ccc4c(-c5ccc(OC)cc5)cc(-c5ccc(OC)cc5)c5ccc2c3c54)cc1,393.0,,dichloromethane
c1ccc(cc1)c1ccc2c(c1)c(c1ccc(cc1)c1ccccc1)c1c(c2c2ccc3c(c2)cccc3)cccc1,c1ccc(-c2ccc(-c3c4ccccc4c(-c4ccc5ccccc5c4)c4ccc(-c5ccccc5)cc34)cc2)cc1,397.0,12240.0,
O=c1c(Cc2ccccc2)cn2c3c1cccc3sc1c2cccc1,O=c1c(Cc2ccccc2)cn2c3c(cccc13)Sc1ccccc1-2,398.0,,
CO[Si](CCCSC(=O)CSc1ccccc1)(OC)OC,CO[Si](CCCSC(=O)CSc1ccccc1)(OC)OC,249.0,101500.0,chloroform
O=Cc1ccc(cc1)C=CC(=O)c1cc2ccccc2oc1=O,O=Cc1ccc(C=CC(=O)c2cc3ccccc3oc2=O)cc1,333.0,,
OC(=O)C1=C2Nc3nc[nH]c3C(=O)NC2(C=CC1=O)O,O=C(O)C1=C2Nc3nc[nH]c3C(=O)NC2(O)C=CC1=O,204.0,,
OC(=O)COc1ccc(cc1)N=Nc1ccc(cc1)[N+](=O)[O-],O=C(O)COc1ccc(N=Nc2ccc([N+](=O)[O-])cc2)cc1,367.5,,
CC(c1ccc(cc1)c1nc2CCc3c(c2c2c1c1ccccc1CC2)cccc3)C,CC(C)c1ccc(-c2nc3c(c4c2-c2ccccc2CC4)-c2ccccc2CC3)cc1,359.0,99900.0,chloroform
OC(=O)C=Cc1cccc(c1)[N+](=O)[O-],O=C(O)C=Cc1cccc([N+](=O)[O-])c1,310.0,,
Nc1ccccc1c1nc2n(c1)cccc2,Nc1ccccc1-c1cn2ccccc2n1,350.0,11500.0,
Clc1ccc(cc1)N=Nc1c(N)nn2c1nc(N)c(c2N)N=Nc1ccccc1,Nc1nc2c(N=Nc3ccc(Cl)cc3)c(N)nn2c(N)c1N=Nc1ccccc1,467.0,,
CCn1c2ccccc2c2c1ccc(c2)c1ccc(s1)c1ccc(s1)c1ccncn1,CCn1c2ccccc2c2cc(-c3ccc(-c4ccc(-c5ccncn5)s4)s3)ccc21,415.0,,MeCN
COC1OC(=O)C(=C1Nc1ccc(cc1)Cl)Br,COC1OC(=O)C(Br)=C1Nc1ccc(Cl)cc1,293.0,,
O=Cc1ccc(cc1)C=C(c1ccccc1)c1ccccc1,O=Cc1ccc(C=C(c2ccccc2)c2ccccc2)cc1,333.0,,
Nc1sc(c(n1)c1ccc(cc1)NC(=O)c1ccccc1)N=Nc1ccccc1Cl,Nc1nc(-c2ccc(NC(=O)c3ccccc3)cc2)c(N=Nc2ccccc2Cl)s1,492.0,,DMSO
[O-][N+](=O)c1ccc(cc1)N=NC(=NNc1ccccc1)c1ccc(cc1)[N+](=O)[O-],O=[N+]([O-])c1ccc(N=NC(=NNc2ccccc2)c2ccc([N+](=O)[O-])cc2)cc1,384.0,,
C=CCNc1ccc2c(c1)c1nc3ccc(=O)cc3oc1cc2,C=CCNc1ccc2ccc3oc4cc(=O)ccc-4nc3c2c1,539.0,22900.0,Cl
c1ccc2c(c1)c1cccc3c1c1c2cccc1cc3,c1ccc2c(c1)c1cccc3ccc4cccc2c4c31,340.0,,
CNC(=O)c1cc(=O)c2c(o1)cccc2OC,CNC(=O)c1cc(=O)c2c(OC)cccc2o1,323.0,,
CCN(c1sc(c(n1)c1ccccc1)N=Nc1nc2c(s1)cccc2)CC,CCN(CC)c1nc(-c2ccccc2)c(N=Nc2nc3ccccc3s2)s1,532.0,43900.0,
Cc1c(sc2c1c(C)c(s2)c1nnc(o1)c1cccc2c1cccc2)c1nnc(o1)c1cccc2c1cccc2,Cc1c(-c2nnc(-c3cccc4ccccc34)o2)sc2sc(-c3nnc(-c4cccc5ccccc45)o3)c(C)c12,361.0,,Ethanol
CCC1(CC)c2cc(ccc2c2c1cccc2)c1cc(F)c(cc1c1ccc2c(c1)C(CC)(CC)c1c2cccc1)F,CCC1(CC)c2ccccc2-c2ccc(-c3cc(F)c(F)cc3-c3ccc4c(c3)C(CC)(CC)c3ccccc3-4)cc21,314.0,,
O=C1OC2(c3c1cccc3)c1ccc(c(c1Oc1c2ccc(c1Br)O)Br)O,O=C1OC2(c3ccccc31)c1ccc(O)c(Br)c1Oc1c2ccc(O)c1Br,506.0,,water
Cc1ccc(s1)c1c2sccc2c(c2c1ccs2)c1ccc(s1)C,Cc1ccc(-c2c3ccsc3c(-c3ccc(C)s3)c3ccsc23)s1,354.0,,chloroform
N#Cc1c(N)nc(c(c1c1cccc2c1cccc2)C#N)N,N#Cc1c(N)nc(N)c(C#N)c1-c1cccc2ccccc12,337.0,,THF
Nc1ccc2c(c1)nc1c(c2Nc2ccc(cc2)N(C)C)ccc(c1)N,CN(C)c1ccc(Nc2c3ccc(N)cc3nc3cc(N)ccc23)cc1,400.0,,
Nc1ccc(cn1)N,Nc1ccc(N)nc1,370.0,,
CN(CCNC(=S)Nc1ccc2c(c1)nc1c(c2Nc2ccc(cc2)N(C)C)ccc(c1)NC(=S)NCCN(C)C)C,CN(C)CCNC(=S)Nc1ccc2c(Nc3ccc(N(C)C)cc3)c3ccc(NC(=S)NCCN(C)C)cc3nc2c1,373.0,,
O=c1[nH]c2c(cc1S(=O)(=O)c1ccccc1)CCc1c2n(cc1)S(=O)(=O)c1ccccc1,O=c1[nH]c2c(cc1S(=O)(=O)c1ccccc1)CCc1ccn(S(=O)(=O)c3ccccc3)c1-2,375.0,42432.0,
OC[C@H](C=Cc1cnc2c(n1)cccc2)O,OC[C@@H](O)C=Cc1cnc2ccccc2n1,256.0,,
[O-][N+](=O)c1ccc(cc1)N=Nc1ccc(cc1)N(c1ccc2c(c1)C(C)(C)c1c2cccc1)c1ccc2c(c1)C(C)(C)c1c2cccc1,CC1(C)c2ccccc2-c2ccc(N(c3ccc(N=Nc4ccc([N+](=O)[O-])cc4)cc3)c3ccc4c(c3)C(C)(C)c3ccccc3-4)cc21,522.0,,Toluene
CN1CC=C(C=C1)C=Cc1c(C)[nH]c2c1c1ccccc1cc2,Cc1[nH]c2ccc3ccccc3c2c1C=CC1=CCN(C)C=C1,463.6,,
O=c1ccc2c(c1)n(nc(n2)c1ccccc1)c1ccccc1,O=c1ccc2nc(-c3ccccc3)nn(-c3ccccc3)c-2c1,544.0,,
N#CC(=Cc1ccc2c(c1)cccc2)c1ccc(cc1)N(c1cccc(c1)C)c1ccccc1,Cc1cccc(N(c2ccccc2)c2ccc(C(C#N)=Cc3ccc4ccccc4c3)cc2)c1,413.0,,THF
O=P(c1cc2c(s1)ccc(c2)n1c2ccccc2c2c1cccc2)(c1ccccc1)c1ccccc1,O=P(c1ccccc1)(c1ccccc1)c1cc2cc(-n3c4ccccc4c4ccccc43)ccc2s1,292.0,,
OCC(C(C(Cn1c2cc(C)c(cc2nc2c1nc(=O)[nH]c2=O)C)O)O)O,Cc1cc2nc3c(=O)[nH]c(=O)nc-3n(CC(O)C(O)C(O)CO)c2cc1C,444.0,,
Brc1ccc(cc1)C=CC(=O)c1nnn(c1C)c1ccnc2c1ccc(c2)Cl,Cc1c(C(=O)C=Cc2ccc(Br)cc2)nnn1-c1ccnc2cc(Cl)ccc12,235.0,,methanol
c1ncc(cn1)c1cccc(c1)c1nc(nnc1c1cccc(c1)c1cncnc1)c1cccc(c1)c1cncnc1,c1cc(-c2cncnc2)cc(-c2nnc(-c3cccc(-c4cncnc4)c3)c(-c3cccc(-c4cncnc4)c3)n2)c1,296.0,,
Fc1ccccc1Nc1nc2c(n1CC1CCCO1)cc1c(c2)c(C)c(c(=O)o1)C(=O)N,Cc1c(C(N)=O)c(=O)oc2cc3c(cc12)nc(Nc1ccccc1F)n3CC1CCCO1,362.0,,ethanol
Nc1ccc2c(c1)nccn2,Nc1ccc2nccnc2c1,514.0,,
Cn1cc(c2c1cccc2)C=C(c1ccc(s1)C=C1SC(=S)N(C1=O)CC(=O)O)C#N,Cn1cc(C=C(C#N)c2ccc(C=C3SC(=S)N(CC(=O)O)C3=O)s2)c2ccccc21,511.0,56000.0,chloroform
O=C(c1ccccc1)CC(=O)c1ccncc1,O=C(CC(=O)c1ccncc1)c1ccccc1,347.0,19054.60718,
CCCOC(=O)c1ccncc1,CCCOC(=O)c1ccncc1,345.0,,acetonitrile
N#Cc1c(C#N)nc(n1C)c1ccc(cc1)c1ccc(cc1)N(C)C,CN(C)c1ccc(-c2ccc(-c3nc(C#N)c(C#N)n3C)cc2)cc1,346.0,,
CCN(Cc1ccc2c(c1O)nccc2)CC,CCN(CC)Cc1ccc2cccnc2c1O,506.0,,MeOH
c1ccc2c(c1)c1[nH]c2N=c2[nH]c(=Nc3[nH]c(N=c4[nH]c(=N1)c1ccccc41)c1c3cccc1)c1c2cccc1,c1ccc2c3[nH]c(c2c1)N=c1[nH]c(c2ccccc12)=Nc1[nH]c(c2ccccc12)N=c1[nH]c(c2ccccc12)=N3,684.0,10232.92992,Water
Brc1ccc2c(c1)CCc1c2c(nc2c1c1ccc(cc1CC2)Br)c1ccc(cc1)O,Oc1ccc(-c2nc3c(c4c2-c2ccc(Br)cc2CC4)-c2ccc(Br)cc2CC3)cc1,367.0,100000.0,chloroform
CC(CCC1(CCC(C)C)c2cc(ccc2c2c1cccc2)c1ccc2c3c1ccc1c3c(cc2)ccc1)C,CC(C)CCC1(CCC(C)C)c2ccccc2-c2ccc(-c3ccc4ccc5cccc6ccc3c4c56)cc21,400.0,44550.0,dichloromethane
C=CC(c1ccc(cc1)C#N)(N(C)C)C=C=Cc1ccccc1,C=CC(C=C=Cc1ccccc1)(c1ccc(C#N)cc1)N(C)C,422.0,,ACN
CCOC(=O)c1cc2cc(cn2cc1c1ccc2c(c1)cccc2)C(=O)C,CCOC(=O)c1cc2cc(C(C)=O)cn2cc1-c1ccc2ccccc2c1,261.0,71800.0,dichloromethane
O=C(c1cccc(n1)C(=O)NCCC[Si]12OCCN(CCO1)CCO2)NCCC[Si]12OCCN(CCO1)CCO2,O=C(NCCC[Si]12OCCN(CCO1)CCO2)c1cccc(C(=O)NCCC[Si]23OCCN(CCO2)CCO3)n1,269.0,,
N#CC(=Cc1ccc(s1)c1sc(c2c1cccc2)c1oc2c(c1C)cccc2)C#N,Cc1c(-c2sc(-c3ccc(C=C(C#N)C#N)s3)c3ccccc23)oc2ccccc12,610.0,,CH 2 Cl
Nc1ccccc1c1nc2c(s1)cccc2,Nc1ccccc1-c1nc2ccccc2s1,365.0,13516.0,MeOH
O=C(c1cc(C#C[Si](C)(C)C)c2c3c1ccc1c3c(cc2)c(cc1C#C[Si](C)(C)C)C#C[Si](C)(C)C)c1ccc(cc1)C#C[Si](C)(C)C,C[Si](C)(C)C#Cc1ccc(C(=O)c2cc(C#C[Si](C)(C)C)c3ccc4c(C#C[Si](C)(C)C)cc(C#C[Si](C)(C)C)c5ccc2c3c45)cc1,415.0,,hexane
C1(C)c2cc3nc([nH]c3cc2c2c1cccc2)c1c(F)cccc1F,CC1c2ccccc2-c2cc3[nH]c(-c4c(F)cccc4F)nc3cc21,341.0,,DMSO
CCOC(=O)c1cc2c(O)cc(cc2oc1=O)O,CCOC(=O)c1cc2c(O)cc(O)cc2oc1=O,362.0,,
CCN(c1ccc2c(c1)oc(=O)c(c2C#N)C=C(c1nc2c(s1)cccc2)C#N)CC,CCN(CC)c1ccc2c(C#N)c(C=C(C#N)c3nc4ccccc4s3)c(=O)oc2c1,611.0,,Toluene
CCOC1CC(=c2n1nccc2)C(=O)OC,CCOC1CC(C(=O)OC)=C2C=CC=NN21,496.0,,Cyclohexane
Fc1ccc2c(c1)c(=Cc1ccc(cc1)F)oc2=Cc1ccc(cc1)N(C)C,CN(C)c1ccc(C=c2oc(=Cc3ccc(F)cc3)c3cc(F)ccc23)cc1,396.0,27100.0,
Cc1c(sc2c1c(C)c(s2)c1nnc(o1)c1c2ccccc2cc2c1cccc2)c1nnc(o1)c1c2ccccc2cc2c1cccc2,Cc1c(-c2nnc(-c3c4ccccc4cc4ccccc34)o2)sc2sc(-c3nnc(-c4c5ccccc5cc5ccccc45)o3)c(C)c12,400.0,,Ethanol
CCc1ccccc1,CCc1ccccc1,414.0,,
c1ccc2c(c1)c1ccccc1cc2,c1ccc2c(c1)ccc1ccccc12,365.0,,
Oc1ccc2c(c1)Oc1c(C32OS(=O)(=O)c2c3cccc2)ccc(c1)O,O=S1(=O)OC2(c3ccc(O)cc3Oc3cc(O)ccc32)c2ccccc21,515.0,89000.0,
N#Cc1cnn2c1nc(C)c1c2N(CC1)c1ccc(cc1)[N+](=O)[O-],Cc1nc2c(C#N)cnn2c2c1CCN2c1ccc([N+](=O)[O-])cc1,319.0,,
CCOC(=O)C(=C)COC(=O)c1ccc(cc1)C(=O)c1ccccc1,C=C(COC(=O)c1ccc(C(=O)c2ccccc2)cc1)C(=O)OCC,255.0,,DMF
n1ccc(cc1)CCc1ccncc1,c1cc(CCc2ccncc2)ccn1,375.0,,
COc1ccc(cc1)C=O,COc1ccc(C=O)cc1,390.0,,
O=C1C=CC(=CC=C2N(C)c3c(C2(C)C)cccc3)c2c1nccc2,CN1C(=CC=C2C=CC(=O)c3ncccc32)C(C)(C)c2ccccc21,605.0,,THF
N#CC(=Cc1ccc(s1)c1ccc2c(c1)C(CC)(CC)c1c2ccc(c1)N(c1cccc2c1cccc2)c1ccccc1)C#N,CCC1(CC)c2cc(-c3ccc(C=C(C#N)C#N)s3)ccc2-c2ccc(N(c3ccccc3)c3cccc4ccccc34)cc21,492.0,,ACN
C=CC=Cc1cc(sc1c1ccc(cc1)N(c1ccc(cc1)C)c1ccc(cc1)C)C=C(C(=O)O)C#N,C=CC=Cc1cc(C=C(C#N)C(=O)O)sc1-c1ccc(N(c2ccc(C)cc2)c2ccc(C)cc2)cc1,303.0,60000.0,
CC1=NC(=Cc2c[nH]c3c2cccc3)C(=O)N1Cc1ccccc1,CC1=NC(=Cc2c[nH]c3ccccc23)C(=O)N1Cc1ccccc1,394.0,,
N#CC(=Cc1ccc(s1)c1sc(c2c1cccc2)c1csc2c1cccc2)c1cccs1,N#CC(=Cc1ccc(-c2sc(-c3csc4ccccc34)c3ccccc23)s1)c1cccs1,598.0,,CH 2 Cl
O=C(c1cn(Cc2ccccc2)c2c(c1=O)cccc2)c1ccccc1Cc1ccccc1,O=C(c1ccccc1Cc1ccccc1)c1cn(Cc2ccccc2)c2ccccc2c1=O,489.0,,
N#CC(=Cc1ccc(cc1)N(c1ccccc1)c1ccccc1)C(=O)O,N#CC(=Cc1ccc(N(c2ccccc2)c2ccccc2)cc1)C(=O)O,439.0,,
Cn1c2ccc(cc2c2c1cccc2)C(c1ccc2c(c1)c1ccccc1n2CC)c1ccc2c(c1)c1ccccc1n2CC,CCn1c2ccccc2c2cc(C(c3ccc4c(c3)c3ccccc3n4C)c3ccc4c(c3)c3ccccc3n4CC)ccc21,270.0,,
N#Cc1cc(ccc1C#N)Oc1ccc(cc1)N=Nc1ccc(c(c1)C=Nc1ccccc1)O,N#Cc1ccc(Oc2ccc(N=Nc3ccc(O)c(C=Nc4ccccc4)c3)cc2)cc1C#N,354.0,,
Fc1c(F)c(NCNc2c(F)c(F)c3c(c2F)nc2c(n3)c(F)c(c(c2F)F)F)c(c2c1nc1c(n2)c(F)c(c(c1F)F)F)F,Fc1c(F)c(F)c2nc3c(F)c(NCNc4c(F)c(F)c5nc6c(F)c(F)c(F)c(F)c6nc5c4F)c(F)c(F)c3nc2c1F,473.0,,
C[Si](C([Si](C)(C)C)C1CCN(CO1)Cc1ccccc1)(C)C,C[Si](C)(C)C(C1CCN(Cc2ccccc2)CO1)[Si](C)(C)C,335.2127,,
Clc1ccc(cc1)N=Nc1c([nH]c2c1cccc2)c1ccccc1,Clc1ccc(N=Nc2c(-c3ccccc3)[nH]c3ccccc23)cc1,412.0,56234.13252,DMSO
CCCOC(=O)c1ccccc1C(=O)OCCC,CCCOC(=O)c1ccccc1C(=O)OCCC,330.0,,acetonitrile
c1cccccscc1,c1ccccsccc1,598.0,12000.0,
CCOC(=O)C1=C(NC(=O)C1=CC1=CCC(=C=O)C=C1)c1ccc(cc1)c1ccccc1,CCOC(=O)C1=C(c2ccc(-c3ccccc3)cc2)NC(=O)C1=CC1=CCC(=C=O)C=C1,441.0,,DMSO
CCN(c1ccc(cc1)N(C(=O)c1cccc(n1)C(=O)N)c1ccc(cc1)N(CC)CC)CC,CCN(CC)c1ccc(N(C(=O)c2cccc(C(N)=O)n2)c2ccc(N(CC)CC)cc2)cc1,341.0,,
c1ccc(cc1)c1ccc(cc1)c1c2ccccc2cc2c1ccc(c2)c1ccccc1,c1ccc(-c2ccc(-c3c4ccccc4cc4cc(-c5ccccc5)ccc34)cc2)cc1,388.0,9700.0,
C(Cn1cc(c2c1cccc2)C=C1C(=O)ON=C1c1ccccc1)CC,CCCCn1cc(C=C2C(=O)ON=C2c2ccccc2)c2ccccc21,437.0,,
S(C=Cc1ccc(cc1)N(c1ccccc1)c1ccccc1)C=Cc1ccc(cc1)N(c1ccccc1)c1ccccc1,C(=Cc1ccc(N(c2ccccc2)c2ccccc2)cc1)SC=Cc1ccc(N(c2ccccc2)c2ccccc2)cc1,373.0,,
N#CC(=Cc1ccccc1)c1ccc(cc1)N(c1ccc2c(c1)cccc2)c1ccccc1,N#CC(=Cc1ccccc1)c1ccc(N(c2ccccc2)c2ccc3ccccc3c2)cc1,402.0,,THF
OC[C@H]1O[C@H]([C@@H]([C@@H]1O)O)n1ccc(=S)[nH]c1=O,O=c1[nH]c(=S)ccn1[C@@H]1O[C@H](CO)[C@@H](O)[C@H]1O,540.0,20600.0,
O=C(C(=C)C)OCCOc1ccc(cc1)c1nnc(s1)c1ccccc1,C=C(C)C(=O)OCCOc1ccc(-c2nnc(-c3ccccc3)s2)cc1,367.0,,DMF
c1ccc(cc1)NN=Cc1ccccc1,C(=NNc1ccccc1)c1ccccc1,571.0,,
COc1ccc(cc1OC)C=CC(=O)c1nnn(c1C)c1ccnc2c1ccc(c2)Cl,COc1ccc(C=CC(=O)c2nnn(-c3ccnc4cc(Cl)ccc34)c2C)cc1OC,236.0,,methanol
Cc1ccc(cc1)CN(c1ccc2c(c1)C(=O)c1c(C2=O)cccc1)Cc1ccc(cc1)C,Cc1ccc(CN(Cc2ccc(C)cc2)c2ccc3c(c2)C(=O)c2ccccc2C3=O)cc1,312.0,,
[O-][N+](=O)c1ccc(c(c1)C(F)(F)F)N=Nc1ccc(c(c1O)C)O,Cc1c(O)ccc(N=Nc2ccc([N+](=O)[O-])cc2C(F)(F)F)c1O,423.0,28000.0,Acetone
OC(=O)c1cc2ccccc2c(c1O)N=Nc1ccc2c(c1)c(ccc2)S(=O)(=O)O,O=C(O)c1cc2ccccc2c(N=Nc2ccc3cccc(S(=O)(=O)O)c3c2)c1O,533.0,,
COCCOc1cccc2c1C(=O)c1c(C2=O)cccc1OCCOC,COCCOc1cccc2c1C(=O)c1c(OCCOC)cccc1C2=O,378.0,2000.0,
OC[C@H]1O[C@H]([C@@H]([C@H]([C@@H]1O)O)O)n1oc(cc1=O)C,Cc1cc(=O)n([C@@H]2O[C@H](CO)[C@@H](O)[C@H](O)[C@H]2O)o1,629.0,,
CCCSC1=C(SCCC)SC(=c2sc3c(s2)c([nH]c3)C=C(C(=O)OCC)C#N)S1,CCCSC1=C(SCCC)SC(=C2Sc3c[nH]c(C=C(C#N)C(=O)OCC)c3S2)S1,392.0,,
N#CC(=Cc1ccc(s1)c1ccc(c2c1nsn2)c1ccc2c(c1)c1ccccc1n2c1ccccc1)C(=O)O,N#CC(=Cc1ccc(-c2ccc(-c3ccc4c(c3)c3ccccc3n4-c3ccccc3)c3nsnc23)s1)C(=O)O,474.0,25712.0,
C=Cc1ccccc1C=C,C=Cc1ccccc1C=C,247.0,,
O=C1NC(=O)C(=Cc2ccc3c4c2ccc2c4c(cc3)ccc2)C(=O)N1,O=C1NC(=O)C(=Cc2ccc3ccc4cccc5ccc2c3c45)C(=O)N1,436.0,6475.0,
NSc1ccccc1c1cc2nc(nn(c2cc1=O)c1ccccc1)c1ccccc1,NSc1ccccc1-c1cc2nc(-c3ccccc3)nn(-c3ccccc3)c-2cc1=O,520.0,,
Brc1ccc2c(c1)CCc1c2c(nc2c1c1ccc(cc1CC2)Br)c1ccc(cc1)C(F)(F)F,FC(F)(F)c1ccc(-c2nc3c(c4c2-c2ccc(Br)cc2CC4)-c2ccc(Br)cc2CC3)cc1,346.0,61500.0,chloroform
Cc1sc(c(c1C#N)C#N)c1ccc(s1)c1ccc(s1)c1sc(c(c1C#N)C#N)C,Cc1sc(-c2ccc(-c3ccc(-c4sc(C)c(C#N)c4C#N)s3)s2)c(C#N)c1C#N,421.0,,
Cn1c(Nc2ccccc2)nc2c1cc1oc(=O)c(c(c1c2)C)C(=O)N,Cc1c(C(N)=O)c(=O)oc2cc3c(cc12)nc(Nc1ccccc1)n3C,353.0,,ethanol
OC[C@H]1O[C@H](C[C@@H]1O)n1cc(c2c1ncnc2N=CCN(C)C)C#CC,CC#Cc1cn([C@H]2C[C@H](O)[C@@H](CO)O2)c2ncnc(N=CCN(C)C)c12,227.0,,
Cn1nc(cc1c1cccs1)c1cccc(n1)c1nn(c(c1)c1cccs1)C,Cn1nc(-c2cccc(-c3cc(-c4cccs4)n(C)n3)n2)cc1-c1cccs1,249.0,,
Cc1ccc(cc1)CNc1ccc2c(c1)C(=O)c1c(C2=O)cccc1,Cc1ccc(CNc2ccc3c(c2)C(=O)c2ccccc2C3=O)cc1,312.0,,
Oc1ccccc1c1scc(n1)c1ccccc1,Oc1ccccc1-c1nc(-c2ccccc2)cs1,333.0,,CH 3 CN
Cc1nc(c2n1ccc(c2)c1nnc(o1)CC)Cl,CCc1nnc(-c2ccn3c(C)nc(Cl)c3c2)o1,248.0,22178.0,dichloromethane
O=C1OC(C(=C1Br)NCc1ccccc1)OCc1ccccc1,O=C1OC(OCc2ccccc2)C(NCc2ccccc2)=C1Br,275.0,,
CCN(c1ccc(cc1)c1sc(c(c1)C)C1=C(c2sc(cc2C)c2ccc(cc2)N(CC)CC)C(C(C1(F)F)(F)F)(F)F)CC,CCN(CC)c1ccc(-c2cc(C)c(C3=C(c4sc(-c5ccc(N(CC)CC)cc5)cc4C)C(F)(F)C(F)(F)C3(F)F)s2)cc1,450.0,,
CSC1=C(SC)SC(=C2SC=C(S2)C#Cc2cccc(n2)C#CC2=CSC(=C3SC(=C(S3)SC)SC)S2)S1,CSC1=C(SC)SC(=C2SC=C(C#Cc3cccc(C#CC4=CSC(=C5SC(SC)=C(SC)S5)S4)n3)S2)S1,580.0,,
CC(=O)Nc1ccc(cc1)C=C1Oc2c(C1=O)cccc2,CC(=O)Nc1ccc(C=C2Oc3ccccc3C2=O)cc1,395.0,,Methanol
Cn1c(nc2c1cccc2)c1cnc(cn1)c1nc2c(n1C)cccc2,Cn1c(-c2cnc(-c3nc4ccccc4n3C)cn2)nc2ccccc21,397.0,,DMSO
O=C1c2ccccc2C(=O)c2c1ccc(c2N)C,Cc1ccc2c(c1N)C(=O)c1ccccc1C2=O,579.4,,
Cn1c2cc(ccc2c2c1cc(cc2)c1ccc2c(c1)c1cc(ccc1n2c1ccc(cc1)C(C)(C)C)C(C)(C)C)C=C(C(=O)O)C#N,Cn1c2cc(C=C(C#N)C(=O)O)ccc2c2ccc(-c3ccc4c(c3)c3cc(C(C)(C)C)ccc3n4-c3ccc(C(C)(C)C)cc3)cc21,301.0,44100.0,
O=C(N[C@H]([C@H](C[C@@H](NC(=O)[C@@H](N1CCC(=O)NC1=O)C(C)C)Cc1ccccc1)O)Cc1ccccc1)COc1c(C)cccc1C,Cc1cccc(C)c1OCC(=O)N[C@@H](Cc1ccccc1)[C@@H](O)C[C@H](Cc1ccccc1)NC(=O)[C@H](C(C)C)N1CCC(=O)NC1=O,395.0,,
Cc1ccsc1c1sc(c2c1cccc2)c1ccc2c(c1)C(c1ccc(cc1)C)(c1ccc(cc1)C)c1c2cccc1,Cc1ccc(C2(c3ccc(C)cc3)c3ccccc3-c3ccc(-c4sc(-c5sccc5C)c5ccccc45)cc32)cc1,415.0,,CH 2 Cl
CCN(c1ccc2c(c1)oc(=O)c(c2C#N)C=C(c1nc2c(o1)cccc2)C#N)CC,CCN(CC)c1ccc2c(C#N)c(C=C(C#N)c3nc4ccccc4o3)c(=O)oc2c1,611.0,,Toluene
COC(=O)C1Cc2c(O1)ccc(c2)Cl,COC(=O)C1Cc2cc(Cl)ccc2O1,230.0,,
CCOc1ccc(cc1)c1nc(c2ccccc2)c2c(n1)n(cc2)c1ccc(cc1)C#N,CCOc1ccc(-c2nc(-c3ccccc3)c3ccn(-c4ccc(C#N)cc4)c3n2)cc1,324.0,,
N#CC(=Cc1ccc(s1)c1ncc(c2c1nsn2)c1ccc(cc1)N(c1ccccc1)c1ccccc1)C(=O)O,N#CC(=Cc1ccc(-c2ncc(-c3ccc(N(c4ccccc4)c4ccccc4)cc3)c3nsnc23)s1)C(=O)O,546.0,,CH 2 Cl 2
CCN(c1ccc2c(c1)oc(=O)c(c2)C=CC1=[O+][B-](F)(F)Oc2c1c(=O)n(c1c2cccc1)C)CC,CCN(CC)c1ccc2cc(C=CC3=[O+][B-](F)(F)Oc4c3c(=O)n(C)c3ccccc43)c(=O)oc2c1,612.0,,MeOH
COc1ccc(cc1)C(=O)SCCC[Si](OC)(OC)OC,COc1ccc(C(=O)SCCC[Si](OC)(OC)OC)cc1,282.0,107800.0,chloroform
COc1ccc(cc1)c1sc(c(n1)C1=C(C(=C(C)C)C)C(C(C1(F)F)(F)F)(F)F)OC,COc1ccc(-c2nc(C3=C(C(C)=C(C)C)C(F)(F)C(F)(F)C3(F)F)c(OC)s2)cc1,416.0,22500.0,
COc1ccc(cc1)c1cnc(n1C)c1ccc(cc1)c1nc2c(s1)cccc2,COc1ccc(-c2cnc(-c3ccc(-c4nc5ccccc5s4)cc3)n2C)cc1,345.0,32000.0,
O=C1NC(=O)C(=C1c1ccc2c(c1)cccc2)c1c[nH]c2c1cccc2,O=C1NC(=O)C(c2c[nH]c3ccccc23)=C1c1ccc2ccccc2c1,423.0,9830.0,
c1ccc2c(c1)n(c1ccc3c(c1)c1cc(ccc1s3)n1c3ccccc3c3c1cccc3)c1c2cccc1,c1ccc2c(c1)c1ccccc1n2-c1ccc2sc3ccc(-n4c5ccccc5c5ccccc54)cc3c2c1,293.0,,
Brc1ccc(c2c1nsn2)N1CCOCC1,Brc1ccc(N2CCOCC2)c2nsnc12,427.0,7700.0,
c1ccc2c(c1)c(C#Cc1ccccc1)c1c(c2C#Cc2ccccc2)cccc1,C(#Cc1c2ccccc2c(C#Cc2ccccc2)c2ccccc12)c1ccccc1,464.0,,dichloromethane
NC(=N)CCNC(=O)c1cc(cn1C)NC(=O)c1cc(cn1C)NC(=O)CN=C(N)N,Cn1cc(NC(=O)c2cc(NC(=O)CN=C(N)N)cn2C)cc1C(=O)NCCC(=N)N,730.0,,
On1c(=S)sc2c1Cc1c2cccc1,On1c2c(sc1=S)-c1ccccc1C2,322.0,,
N#Cc1ccc(cc1)C=C1N=C(N(C1=O)Cc1ccccc1)C,CC1=NC(=Cc2ccc(C#N)cc2)C(=O)N1Cc1ccccc1,370.0,,
Nc1ccc(cc1)Nc1ccccc1,Nc1ccc(Nc2ccccc2)cc1,291.0,,
[O-][N+](=O)c1ccc(cc1)c1scc2c1OCCO2,O=[N+]([O-])c1ccc(-c2scc3c2OCCO3)cc1,376.0,,DCM
O=C(c1c(C=Cc2ccccc2)oc(c1C(=O)OC(C)(C)C)NC(C)(C)C)OC(C)(C)C,CC(C)(C)Nc1oc(C=Cc2ccccc2)c(C(=O)OC(C)(C)C)c1C(=O)OC(C)(C)C,460.0,,
COc1ccc(cc1)c1nc2n(c1)ccc(c2)C=Cc1ccc(cc1)SC,COc1ccc(-c2cn3ccc(C=Cc4ccc(SC)cc4)cc3n2)cc1,484.0,51286.1384,Toluene
N#CC(=Cc1c(F)cc(cc1F)C=Cc1ccc(cc1)N(c1cccc2c1cccc2)c1ccccc1)C(=O)O,N#CC(=Cc1c(F)cc(C=Cc2ccc(N(c3ccccc3)c3cccc4ccccc34)cc2)cc1F)C(=O)O,421.0,,
Brc1cccc(c1)C=NCCN=Cc1cccc(c1)Br,Brc1cccc(C=NCCN=Cc2cccc(Br)c2)c1,244.0,21137.0,dichloromethane
N#CC(=Cc1ccc(s1)c1ccc(s1)c1[nH]c2c(n1)c(sc2c1ccc(cc1)C(C)(C)C)c1ccc(cc1)C(C)(C)C)C(=O)O,CC(C)(C)c1ccc(-c2sc(-c3ccc(C(C)(C)C)cc3)c3[nH]c(-c4ccc(-c5ccc(C=C(C#N)C(=O)O)s5)s4)nc23)cc1,428.0,30200.0,THF
[O-][N+](=O)c1cc(ccc1N=Nc1ccc(c(c1O)C)O)C(F)(F)F,Cc1c(O)ccc(N=Nc2ccc(C(F)(F)F)cc2[N+](=O)[O-])c1O,408.0,34900.0,Acetone
O=C1C(=Cc2ccccc2)C2(C(C1(C)CC2)(C)C)C,CC12CCC(C)(C(=Cc3ccccc3)C1=O)C2(C)C,304.0,,
c1ccc(cc1)N(c1ccccc1)c1ccc(cc1)c1nc2c(n1c1ccccc1)c1ccccc1c1c2cccc1,c1ccc(N(c2ccccc2)c2ccc(-c3nc4c5ccccc5c5ccccc5c4n3-c3ccccc3)cc2)cc1,258.0,,
OCC1OC(CC1O)n1c(nc2c1ncnc2N)c1cc(OC)c(c(c1)OC)OC,COc1cc(-c2nc3c(N)ncnc3n2C2CC(O)C(CO)O2)cc(OC)c1OC,292.0,,
COc1c(c2ccc(cc2)C#N)c(C#N)c(c(c1C#N)c1ccc(cc1)C#N)OC,COc1c(C#N)c(-c2ccc(C#N)cc2)c(OC)c(C#N)c1-c1ccc(C#N)cc1,431.0,,
CO[Si](CCCSC(=O)c1ccccc1N)(OC)OC,CO[Si](CCCSC(=O)c1ccccc1N)(OC)OC,348.0,139800.0,chloroform
BrC1(CBr)c2cc(Br)ccc2c2c1cc(Br)cc2,BrCC1(Br)c2cc(Br)ccc2-c2ccc(Br)cc21,329.0,,
CC(=CCN1Cc2c(Cl)ccc3c2n(C[C@@H]1C)c(=S)[nH]3)C,CC(C)=CCN1Cc2c(Cl)ccc3[nH]c(=S)n(c23)C[C@@H]1C,625.0,,
c1ccc(cc1)n1c(nc2c1c1ccccc1c1c2cccc1)c1c2ccccc2cc2c1cccc2,c1ccc(-n2c(-c3c4ccccc4cc4ccccc34)nc3c4ccccc4c4ccccc4c32)cc1,460.0,,
CCc1c(C)[nH]c(=O)c2c1c(=O)[nH]c2=O,CCc1c(C)[nH]c(=O)c2c1C(=O)NC2=O,224.0,,
C(=O)Oc1ccc(cc1)[N+](=O)[O-],O=COc1ccc([N+](=O)[O-])cc1,405.0,,
C1(C)c2cc(ccc2c2c1cccc2)C#Cc1ccc2c3c1ccc1c3c(cc2)ccc1,CC1c2ccccc2-c2ccc(C#Cc3ccc4ccc5cccc6ccc3c4c56)cc21,405.0,58200.0,
CCOC(=O)C1=C(NC(=O)C1=NNc1ccc(cc1)[N+](=O)[O-])c1ccccc1,CCOC(=O)C1=C(c2ccccc2)NC(=O)C1=NNc1ccc([N+](=O)[O-])cc1,460.0,,
CCN(c1ccc(c(c1)O)N=Nc1sc2c(n1)ccc(c2)[N+](=O)[O-])CC,CCN(CC)c1ccc(N=Nc2nc3ccc([N+](=O)[O-])cc3s2)c(O)c1,538.0,34600.0,methanol
COC(=O)C=c1sc2=NC3=C(C(n2c1=O)c1ccc(c(c1)OC)OC)C3=Cc1ccc(c(c1)OC)OC,COC(=O)C=c1sc2n(c1=O)C(c1ccc(OC)c(OC)c1)C1=C(N=2)C1=Cc1ccc(OC)c(OC)c1,326.41,,
[O-][N+](=O)c1ccc(cc1)c1cnc2c(c1)cc(c(c2)O)c1nc2c([nH]1)cccc2,O=[N+]([O-])c1ccc(-c2cnc3cc(O)c(-c4nc5ccccc5[nH]4)cc3c2)cc1,340.0,,EtOH
Nc1nc2c(N=Nc3ccc(cc3)[N+](=O)[O-])c(nn2c(c1N=Nc1nccs1)N)N,Nc1nc2c(N=Nc3ccc([N+](=O)[O-])cc3)c(N)nn2c(N)c1N=Nc1nccs1,504.0,,
CCN(c1ccc(cc1)N=Nc1scc(n1)c1cc2ccccc2oc1=O)CC,CCN(CC)c1ccc(N=Nc2nc(-c3cc4ccccc4oc3=O)cs2)cc1,508.0,22387.21139,DMSO
Cc1cc(C)cc(c1)n1c(=O)c2cc(N=Cc3cccs3)cc3c2c(c1=O)ccc3,Cc1cc(C)cc(N2C(=O)c3cccc4cc(N=Cc5cccs5)cc(c34)C2=O)c1,408.0,6000.0,Chloroform
Clc1ncccc1C(=O)On1c(=O)c2cccc3c2c(c1=S)ccc3,O=C(ON1C(=O)c2cccc3cccc(c23)C1=S)c1cccnc1Cl,466.0,,
CCNc1c(F)c(F)c2c(c1F)nc1c(n2)c(F)c(c(c1F)F)NCC,CCNc1c(F)c(F)c2nc3c(F)c(NCC)c(F)c(F)c3nc2c1F,439.0,,
Clc1cc(N)c2c(n1)cccc2,Nc1cc(Cl)nc2ccccc12,299.0,,
Brc1ccc(cc1)C=C1N=C(N(C1=O)Cc1ccccc1)c1ccccc1,O=C1C(=Cc2ccc(Br)cc2)N=C(c2ccccc2)N1Cc1ccccc1,382.0,,
c1ccc(cn1)c1ccc(cc1)n1c(nc2c1c1ccccc1c1c2cccc1)c1ccc(cc1)c1ccccn1,c1ccc(-c2ccc(-c3nc4c5ccccc5c5ccccc5c4n3-c3ccc(-c4cccnc4)cc3)cc2)nc1,362.0,,
c1ccc2c(c1)N(c1ccc3c(c1)ccc(n3)Nc1ccc3c(n1)ccc(c3)N1c3ccccc3Sc3c1cccc3)c1c(S2)cccc1,c1ccc2c(c1)Sc1ccccc1N2c1ccc2nc(Nc3ccc4cc(N5c6ccccc6Sc6ccccc65)ccc4n3)ccc2c1,440.0,,
N#Cc1cc(N)c(cc1C#N)N,N#Cc1cc(N)c(N)cc1C#N,530.0,,
CC1(C)c2cc(ccc2N(c2c1cccc2)c1ccccc1)c1ccc(cc1)c1nc2c(n1c1ccccc1)c1ccccc1c1c2cccc1,CC1(C)c2ccccc2N(c2ccccc2)c2ccc(-c3ccc(-c4nc5c6ccccc6c6ccccc6c5n4-c4ccccc4)cc3)cc21,367.0,,THF
OC(=O)c1cnc2c(n1)cccc2,O=C(O)c1cnc2ccccc2n1,508.0,,
O=c1nc(nc2c1cc1ccccc1n2C)c1ccccc1,Cn1c2nc(-c3ccccc3)nc(=O)c-2cc2ccccc21,453.0,35481.33892,
Nc1ccc2c(c1)C(=O)N(C2=O)Cc1ccccn1,Nc1ccc2c(c1)C(=O)N(Cc1ccccn1)C2=O,472.0,,
Oc1ccc2c(c1)OC[C@@H]1[C@H]2Oc2c1cc1c(c2)OCO1,Oc1ccc2c(c1)OC[C@H]1c3cc4c(cc3O[C@@H]21)OCO4,222.0,,
COc1cc(ccc1OC)c1ccc(cc1)c1[nH]c(=O)c2c1c(=O)[nH]c2c1ccc(cc1)c1ccc(c(c1)OC)OC,COc1ccc(-c2ccc(C3=C4C(=O)NC(c5ccc(-c6ccc(OC)c(OC)c6)cc5)=C4C(=O)N3)cc2)cc1OC,543.0,15300.0,dichloromethane
COc1c(C)ccc2c1nccc2,COc1c(C)ccc2cccnc12,410.0,,MeOH
C(CN1C(=O)C(=Cc2sc3c(c2)sc(c3)c2ccc(cc2)N(c2ccccc2)c2ccccc2)C(=C(C1=O)C#N)C)CC,CCCCN1C(=O)C(=Cc2cc3sc(-c4ccc(N(c5ccccc5)c5ccccc5)cc4)cc3s2)C(C)=C(C#N)C1=O,571.0,,chloroform
CCCc1ccc(cc1)C#Cc1c(C#Cc2ccc(cc2)CCC)c(F)c(c(c1F)C#Cc1ccc(cc1)CCC)C#Cc1ccc(cc1)CCC,CCCc1ccc(C#Cc2c(F)c(C#Cc3ccc(CCC)cc3)c(C#Cc3ccc(CCC)cc3)c(F)c2C#Cc2ccc(CCC)cc2)cc1,421.0,,
COC(=O)c1n2nc(ccc2c(c1C(=O)OC)C(=O)OC)c1ccc2c(c1)cccc2,COC(=O)c1c(C(=O)OC)c2ccc(-c3ccc4ccccc4c3)nn2c1C(=O)OC,450.0,,MeOH
n1cc(nc(c1)n1c2ccccc2c2c1cccc2)c1cncc(n1)n1c2ccccc2c2c1cccc2,c1ccc2c(c1)c1ccccc1n2-c1cncc(-c2cncc(-n3c4ccccc4c4ccccc43)n2)n1,284.0,,
Cc1sc2c(c1C1=C(C(=O)CC1)c1ccc(cc1)N1CCOCC1)cccc2,Cc1sc2ccccc2c1C1=C(c2ccc(N3CCOCC3)cc2)C(=O)CC1,261.0,,
FC(c1ccc(cc1)c1nc2CCc3c(c2c2c1c1ccccc1CC2)cccc3)(F)F,FC(F)(F)c1ccc(-c2nc3c(c4c2-c2ccccc2CC4)-c2ccccc2CC3)cc1,327.0,87500.0,chloroform
O=C(c1c(Cc2ccccc2)oc2c(c1=O)cccc2)c1ccccc1,O=C(c1ccccc1)c1c(Cc2ccccc2)oc2ccccc2c1=O,460.0,,Acetonitrile
COc1ccc2c(c1)ccc(c2)c1sc(c2c1OCCO2)C=C(c1ccc(c(c1)OC)OC)C#N,COc1ccc2cc(-c3sc(C=C(C#N)c4ccc(OC)c(OC)c4)c4c3OCCO4)ccc2c1,365.0,,DCM
Cc1cc(O)c(c(c1C(=O)c1ccccc1)O)C,Cc1cc(O)c(C)c(O)c1C(=O)c1ccccc1,203.0,,
CCCOC(=O)c1ccnc(c1)C(=O)OCCC,CCCOC(=O)c1ccnc(C(=O)OCCC)c1,433.0,,acetonitrile
Clc1nc(nc(n1)Nc1ccccc1)Nc1ccc2c(c1)cc1c(c2)cccc1,Clc1nc(Nc2ccccc2)nc(Nc2ccc3cc4ccccc4cc3c2)n1,398.0,,"1,4-dioxane"
Fc1c(F)c(F)c2c(c1F)cc1c(n2)n(nc1c1ccccc1)C,Cn1nc(-c2ccccc2)c2cc3c(F)c(F)c(F)c(F)c3nc21,401.0,,Toluene
O=C1C(=CC=C2OC(=CC(=C2)c2ccccc2)c2ccccc2)C(=O)c2c1cccc2,O=C1C(=CC=C2C=C(c3ccccc3)C=C(c3ccccc3)O2)C(=O)c2ccccc21,574.0,,dichloromethane
Cn1c2ccc(cc2c2c1cccc2)c1cc(nc(c1)c1ccccc1)c1ccccc1,Cn1c2ccccc2c2cc(-c3cc(-c4ccccc4)nc(-c4ccccc4)c3)ccc21,501.0,,DMF
O=c1[nH]c(=O)c2c3c1ccc(c3ccc2)N=NC=C1N(C)c2c(C1(C)C)cccc2,CN1C(=CN=Nc2ccc3c4c(cccc24)C(=O)NC3=O)C(C)(C)c2ccccc21,531.0,,THF
CCOC(=O)[C@@H](NC(=CC(=C1c2ccccc2N(C1=O)C)c1ccccc1)c1ccccc1)C,CCOC(=O)[C@H](C)NC(=CC(=C1C(=O)N(C)c2ccccc21)c1ccccc1)c1ccccc1,442.0,34900.0,CH2Cl2
n1ccc(nc1)c1ccc(s1)c1ccc(cc1)c1ccc(cc1)n1c2ccccc2c2c1cccc2,c1ccc2c(c1)c1ccccc1n2-c1ccc(-c2ccc(-c3ccc(-c4ccncn4)s3)cc2)cc1,368.0,233000.0,DMSO
COC(=O)C1CC(=c2n1nccc2)C#N,COC(=O)C1CC(C#N)=C2C=CC=NN21,508.0,,Cyclohexane
Cn1c2ccc(cc2c2c1ccc(c2)c1ccc2c(c1)cccc2)c1ccc2c(c1)cccc2,Cn1c2ccc(-c3ccc4ccccc4c3)cc2c2cc(-c3ccc4ccccc4c3)ccc21,420.0,,
CC[C@H](NC(=O)c1cc2ccccc2cc1c1cc2ccccc2cc1C(=O)OC)C,CC[C@@H](C)NC(=O)c1cc2ccccc2cc1-c1cc2ccccc2cc1C(=O)OC,226.8,22200.0,
O=C1N(C)C(=O)C(=C1c1ccc(s1)c1cccs1)c1c[nH]c2c1cccc2,CN1C(=O)C(c2ccc(-c3cccs3)s2)=C(c2c[nH]c3ccccc23)C1=O,491.0,,
Cc1ccnc(c1)c1nccc(c1)C,Cc1ccnc(-c2cc(C)ccn2)c1,242.0,42800.0,
Brc1ccc(cc1)c1cc(nc(c1)c1ccccc1)c1ccccc1,Brc1ccc(-c2cc(-c3ccccc3)nc(-c3ccccc3)c2)cc1,315.0,,EtOH
CC(c1cc(O)c(cc1O)C(C)(C)C)(C)C,CC(C)(C)c1cc(O)c(C(C)(C)C)cc1O,429.0,40321.0,
OC[C@H]1O[C@@H]([C@@H]([C@H]([C@@H]1O)O)O)c1c(O)c2c(c(c1O)O)C(=O)c1c(C2=O)c(C)c(c(c1)O)C(=O)O,Cc1c(C(=O)O)c(O)cc2c1C(=O)c1c(O)c([C@H]3O[C@H](CO)[C@@H](O)[C@H](O)[C@H]3O)c(O)c(O)c1C2=O,495.0,,
CCOc1ccc(cc1)N=Nc1ccc(c(c1)C)OCOC(=O)C(=C)C,C=C(C)C(=O)OCOc1ccc(N=Nc2ccc(OCC)cc2)cc1C,362.0,29400.0,CHCl
O=C1NN=C(C1Cn1c(=O)c(=O)[nH]c2c1cccc2)C,CC1=NNC(=O)C1Cn1c(=O)c(=O)[nH]c2ccccc21,249.0,,
CC(=O)CC(=O)c1ccc(o1)c1nc2c(o1)cccc2,CC(=O)CC(=O)c1ccc(-c2nc3ccccc3o2)o1,403.0,31400.0,Toluene
Clc1ccc(c(c1)Cl)[N+](=O)[O-],O=[N+]([O-])c1ccc(Cl)cc1Cl,330.0,,
O[C@H]1CN(Cc2cccs2)S(=O)(=O)c2c1cc(s2)S(=O)(=O)N,NS(=O)(=O)c1cc2c(s1)S(=O)(=O)N(Cc1cccs1)C[C@@H]2O,524.0,,
Cc1ccc(cc1)C=Cc1ccc(cc1)c1nc(c(n1c1ccccc1)c1ccccc1)c1ccccc1,Cc1ccc(C=Cc2ccc(-c3nc(-c4ccccc4)c(-c4ccccc4)n3-c3ccccc3)cc2)cc1,336.0,,
Brc1cncnc1c1ccc(s1)c1ccccc1,Brc1cncnc1-c1ccc(-c2ccccc2)s1,358.0,,
COc1ccc(cc1)C=Cc1sccc1c1ccsc1C=Cc1ccc(cc1)OC,COc1ccc(C=Cc2sccc2-c2ccsc2C=Cc2ccc(OC)cc2)cc1,289.0,,
CN(c1ccc2c3c1ccc1c3c(cc2)c(cc1)N(C)C)C,CN(C)c1ccc2ccc3c(N(C)C)ccc4ccc1c2c43,450.0,,
FC(c1ccc(cc1)C#Cc1ccc2c(c1)sc1c2sc2c1ccc(c2)C#Cc1ccc(cc1)C(F)(F)F)(F)F,FC(F)(F)c1ccc(C#Cc2ccc3c(c2)sc2c4ccc(C#Cc5ccc(C(F)(F)F)cc5)cc4sc32)cc1,351.0,,
O=C1OC(=O)c2c3c1ccc1c3c(cc2)c2c3c1cccc3c(cc2)Br,O=C1OC(=O)c2ccc3c4ccc(Br)c5cccc(c6ccc1c2c63)c54,503.0,,
Nc1ncc2c(n1)nc[nH]2,Nc1ncc2[nH]cnc2n1,310.0,,Ethanol
CCOC(=O)C=C(Nc1ccc2c(c1)ccc(=O)o2)C,CCOC(=O)C=C(C)Nc1ccc2oc(=O)ccc2c1,298.0,,
C(COc1cc(c(cc1c1cccc(c1)C#N)OC)c1cccc(c1)C#N)CC,CCCCOc1cc(-c2cccc(C#N)c2)c(OC)cc1-c1cccc(C#N)c1,415.0,,
CCn1c2ccc(cc2c2c1c1c(c3c2c2cc(Br)ccc2n3CC)c2c(n1CC)ccc(c2)Br)Br,CCn1c2ccc(Br)cc2c2c3c4cc(Br)ccc4n(CC)c3c3c(c4cc(Br)ccc4n3CC)c21,315.0,,
Clc1ccc(cc1)Cn1c(nc(c1c1ccco1)c1ccco1)c1ccco1,Clc1ccc(Cn2c(-c3ccco3)nc(-c3ccco3)c2-c2ccco2)cc1,307.0,,
C1CC=C(C1)c1ccc(s1)c1cccs1,C1=C(c2ccc(-c3cccs3)s2)CCC1,348.0,,Ethanol
Clc1ccc(cc1)N=NC(=NNc1ccccc1)c1ccccc1,Clc1ccc(N=NC(=NNc2ccccc2)c2ccccc2)cc1,489.0,,CH 3 OH
OC(=O)c1cc(ccc1O)S(=O)(=O)O,O=C(O)c1cc(S(=O)(=O)O)ccc1O,505.0,,
O=C1C=CC(=CC=C2C=C(OC(=C2)c2ccccc2)c2ccccc2)c2c1nccc2,O=C1C=CC(=CC=C2C=C(c3ccccc3)OC(c3ccccc3)=C2)c2cccnc21,545.0,,acetonitrile
CCc1nccnc1C(=O)C=Cc1ccc(cc1)Br,CCc1nccnc1C(=O)C=Cc1ccc(Br)cc1,305.0,,ethanol
Brc1ccc2c(c1)c1ccccc1[nH]2,Brc1ccc2[nH]c3ccccc3c2c1,360.0,,
OC[C@H]([C@@H](c1ccc(cc1)[N+](=O)[O-])O)NC(=O)C,CC(=O)N[C@H](CO)[C@H](O)c1ccc([N+](=O)[O-])cc1,407.0,,
CCCOC(=O)c1ccc(cn1)C(=O)OCCC,CCCOC(=O)c1ccc(C(=O)OCCC)nc1,510.0,,acetonitrile
COc1c2ccccc2c(c2c1c1ccccc1n2C)OC,COc1c2ccccc2c(OC)c2c1c1ccccc1n2C,321.0,,CH 2 Cl
C(COc1ccc(cc1)n1c2ccccc2c2c1cc(cc2)c1ccc(c2c1nsn2)c1ccc(s1)C=C(C(=O)O)C#N)CC,CCCCOc1ccc(-n2c3ccccc3c3ccc(-c4ccc(-c5ccc(C=C(C#N)C(=O)O)s5)c5nsnc45)cc32)cc1,461.0,11021.0,
COc1ccc(cc1)Nc1nc2c(n1Cc1ccccc1)cc1c(c2)c(C)c(c(=O)o1)C(=O)N,COc1ccc(Nc2nc3cc4c(C)c(C(N)=O)c(=O)oc4cc3n2Cc2ccccc2)cc1,351.0,,ethanol
Clc1nc(Cl)nc(n1)Nc1ccc2c3c1cccc3c1c3c2cccc3ccc1,Clc1nc(Cl)nc(Nc2ccc3c4cccc5cccc(c6cccc2c63)c54)n1,446.0,,Acetonitrile
Cc1ccc(o1)CN[C@@H]1C[C@H]1NCc1ccc(o1)C,Cc1ccc(CN[C@@H]2C[C@H]2NCc2ccc(C)o2)o1,317.0,,ethanol
O=c1cc(c2cc(nc(c2)c2cc3c(oc2=O)ccc2c3cccc2)c2cc3c(oc2=O)ccc2c3cccc2)c2c(o1)c1ccccc1cc2,O=c1cc(-c2cc(-c3cc4c(ccc5ccccc54)oc3=O)nc(-c3cc4c(ccc5ccccc54)oc3=O)c2)c2ccc3ccccc3c2o1,380.0,,chlorobenzene
c1ccc(cc1)C=Cc1c(C=Cc2ccccc2)ccc(c1N(c1ccccc1)c1ccccc1)N(c1ccccc1)c1ccccc1,C(=Cc1ccc(N(c2ccccc2)c2ccccc2)c(N(c2ccccc2)c2ccccc2)c1C=Cc1ccccc1)c1ccccc1,411.0,90000.0,
N#Cc1ccc(cc1)C=CC=Cc1nc(c([nH]1)c1ccc(cc1)N(C)C)c1ccc(cc1)N(C)C,CN(C)c1ccc(-c2nc(C=CC=Cc3ccc(C#N)cc3)[nH]c2-c2ccc(N(C)C)cc2)cc1,442.0,,CH 2 Cl 2
[O-][N+](=O)c1ccccc1C=NNC(=Cc1ccc2c(n1)cccc2)C(C)(C)C,CC(C)(C)C(=Cc1ccc2ccccc2n1)NN=Cc1ccccc1[N+](=O)[O-],450.0,,ethanol
Clc1ccc2c(c1)c1ccccc1n2C(=O)C,CC(=O)n1c2ccccc2c2cc(Cl)ccc21,379.0,,
Oc1ccc(cc1)C1(OS(=O)(=O)c2c1cccc2)c1ccc(cc1)O,O=S1(=O)OC(c2ccc(O)cc2)(c2ccc(O)cc2)c2ccccc21,559.0,,
N#CC(=Cc1ccc(o1)c1ccc(cc1)N(c1ccc2c(c1)OCCO2)c1ccc2c(c1)OCCO2)C(=O)O,N#CC(=Cc1ccc(-c2ccc(N(c3ccc4c(c3)OCCO4)c3ccc4c(c3)OCCO4)cc2)o1)C(=O)O,502.0,37660.0,
C#Cc1cccc2c1cccc2N(C)C,C#Cc1cccc2c(N(C)C)cccc12,463.0,2200.0,
N#CC(=Cc1cccc2c1cccc2)c1ccc(cc1)N(c1cccc(c1)C)c1ccccc1,Cc1cccc(N(c2ccccc2)c2ccc(C(C#N)=Cc3cccc4ccccc34)cc2)c1,403.0,,THF
S=C=Nc1cc2c(c1)ccccc2,S=C=Nc1cc2cccccc-2c1,557.0,,
Cc1ccsc1c1sc(c2c1cccc2)c1ccc2c(c1)sc1c2cccc1,Cc1ccsc1-c1sc(-c2ccc3c(c2)sc2ccccc23)c2ccccc12,458.0,,CH 2 Cl
O=C(c1cc(C#C[Si](C)(C)C)c2c3c1ccc1c3c(cc2)c(cc1C#C[Si](C)(C)C)C#C[Si](C)(C)C)c1ccccc1,C[Si](C)(C)C#Cc1cc(C#C[Si](C)(C)C)c2ccc3c(C(=O)c4ccccc4)cc(C#C[Si](C)(C)C)c4ccc1c2c43,232.0,,
Ic1cccc(c1)c1nc([nH]c1c1ccncc1)c1ccc(cc1)[S@](=O)C,C[S@@](=O)c1ccc(-c2nc(-c3cccc(I)c3)c(-c3ccncc3)[nH]2)cc1,419.0,,
CO[Si](CCCSC(=O)c1cccc(n1)C(=O)SCCC[Si](OC)(OC)OC)(OC)OC,CO[Si](CCCSC(=O)c1cccc(C(=O)SCCC[Si](OC)(OC)OC)n1)(OC)OC,296.0,134000.0,chloroform
C[Si]1(C)c2cc(ccc2c2c1cc(cc2)c1ccc(cc1)N(c1ccccc1)c1ccccc1)c1ccc(cc1)N(c1ccccc1)c1ccccc1,C[Si]1(C)c2cc(-c3ccc(N(c4ccccc4)c4ccccc4)cc3)ccc2-c2ccc(-c3ccc(N(c4ccccc4)c4ccccc4)cc3)cc21,371.0,,
CN(c1ccc(cc1)C=C(C1=C(C#N)C(=C(C#N)C#N)N(C1=O)CC=C)c1cccs1)C,C=CCN1C(=O)C(C(=Cc2ccc(N(C)C)cc2)c2cccs2)=C(C#N)C1=C(C#N)C#N,735.0,,
Clc1cc(Cl)c2c(c1O)nccc2,Oc1c(Cl)cc(Cl)c2cccnc12,269.0,,
Fc1c2oc3ccccc3oc2c2c(c1F)c(=O)c1c(c2=O)cccc1,O=c1c2ccccc2c(=O)c2c1c(F)c(F)c1oc3ccccc3oc12,353.0,,
Clc1ccc(cc1)c1[nH]c(=O)c2n(c1)nc(c2)c1ccc(cc1)Cl,O=c1[nH]c(-c2ccc(Cl)cc2)cn2nc(-c3ccc(Cl)cc3)cc12,330.0,,THF
O=C1c2ccccc2C(=O)c2c1c1NCCNc1c(c2F)F,O=C1c2ccccc2C(=O)c2c3c(c(F)c(F)c21)NCCN3,516.0,,
OCCCN1C2(c3ccc(cc3Oc3c2ccc(c3)N2CCOCC2)N2CCOCC2)c2c(S1(=O)=O)cccc2,O=S1(=O)c2ccccc2C2(c3ccc(N4CCOCC4)cc3Oc3cc(N4CCOCC4)ccc32)N1CCCO,552.0,,
N#CC(=Cc1ccc(s1)c1ccc(s1)c1ccc2c(c1)cc(n2c1ccc2c(c1)C(C)(C)c1c2cccc1)c1ccccc1)C(=O)O,CC1(C)c2ccccc2-c2ccc(-n3c(-c4ccccc4)cc4cc(-c5ccc(-c6ccc(C=C(C#N)C(=O)O)s6)s5)ccc43)cc21,429.0,,
OCc1ccc2c3c1cccc3c1c3c2cccc3ccc1,OCc1ccc2c3cccc4cccc(c5cccc1c52)c43,446.0,,
OCC1OC(Oc2cc(O)c3c(c2)occ(c3=O)c2ccc(cc2)O)C(C(C1O)O)O,O=c1c(-c2ccc(O)cc2)coc2cc(OC3OC(CO)C(O)C(O)C3O)cc(O)c12,325.0,,
C[Si]1(C)c2ccccc2[Si](c2c1cccc2)(C)C,C[Si]1(C)c2ccccc2[Si](C)(C)c2ccccc21,266.0,,hexane
c1cnc2c(c1)c1nc3ccccc3nc1c1c2nccc1,c1ccc2nc3c4cccnc4c4ncccc4c3nc2c1,411.0,,CH 3 CN
COc1c2ccccc2c(c2c1c1ccc(cc1n2C)C)OC,COc1c2ccccc2c(OC)c2c1c1ccc(C)cc1n2C,324.0,,CH 2 Cl
ClCc1cc(=O)oc2c1cc1nc(oc1c2)c1ccc(c(c1)N)Cl,Nc1cc(-c2nc3cc4c(CCl)cc(=O)oc4cc3o2)ccc1Cl,341.0,7079.457844,
OC(=O)C(Cc1ccc(cc1)O)N,NC(Cc1ccc(O)cc1)C(=O)O,247.0,,Water
c1ccc(cc1)C#Cc1ccc(s1)C1(CC=CS1)C#Cc1ccccc1,C(#Cc1ccc(C2(C#Cc3ccccc3)CC=CS2)s1)c1ccccc1,253.0,,
O=C1c2cc(NCc3ccccc3)ccc2C(=O)c2c1cccc2,O=C1c2ccccc2C(=O)c2cc(NCc3ccccc3)ccc21,311.0,,
CCN(c1ccc(cc1)C=C(c1ccc(s1)C=C1SC(=S)N(C1=O)CC(=O)O)C#N)CC,CCN(CC)c1ccc(C=C(C#N)c2ccc(C=C3SC(=S)N(CC(=O)O)C3=O)s2)cc1,531.0,47163.0,DMF
Brc1cccc(c1)N=Nc1ccc(c(c1)C=Nc1ccccc1S)O,Oc1ccc(N=Nc2cccc(Br)c2)cc1C=Nc1ccccc1S,494.0,,
Cn1c2ccc(cc2c2c1cccc2)C=CC1=C(C#N)C(=C(C#N)C#N)OC1(C)C,Cn1c2ccccc2c2cc(C=CC3=C(C#N)C(=C(C#N)C#N)OC3(C)C)ccc21,509.0,,
Fc1c2oc3ccccc3[nH]c2c2c(c1F)c(=O)c1c(c2=O)cccc1,O=c1c2ccccc2c(=O)c2c1c(F)c(F)c1oc3ccccc3[nH]c12,550.0,,
COc1ccc2c(c1)c(C1=C(C(=O)OC1=O)c1cc(sc1C)c1ccc(cc1)Br)c(n2C)C,COc1ccc2c(c1)c(C1=C(c3cc(-c4ccc(Br)cc4)sc3C)C(=O)OC1=O)c(C)n2C,463.0,,
Clc1ccc2c(c1)c(=Cc1ccccc1)oc2=Cc1ccc(cc1)N(C)C,CN(C)c1ccc(C=c2oc(=Cc3ccccc3)c3cc(Cl)ccc23)cc1,406.0,19800.0,
OCCOc1ccc(cc1OC)C=Cc1ccc(cc1[N+](=O)[O-])[N+](=O)[O-],COc1cc(C=Cc2ccc([N+](=O)[O-])cc2[N+](=O)[O-])ccc1OCCO,414.0,,MeOH
Clc1ccc(c(c1)Cl)OS(=O)(=O)c1ccccc1,O=S(=O)(Oc1ccc(Cl)cc1Cl)c1ccccc1,654.0,,
C1(C)c2cc(ccc2c2c1cc(cc2)c1ccc2c(c1)cccc2)c1ccc2c(c1)cccc2,CC1c2cc(-c3ccc4ccccc4c3)ccc2-c2ccc(-c3ccc4ccccc4c3)cc21,402.0,,
Cn1cc(c2c1cccc2)C=C(c1ccc(s1)C=Nc1ccc(cc1)C(=O)O)C#N,Cn1cc(C=C(C#N)c2ccc(C=Nc3ccc(C(=O)O)cc3)s2)c2ccccc21,452.0,67000.0,chloroform
Cn1c2ccc(cc2c2c1ccc(c2)C(=Cc1ccc(cc1)OC)C#N)C(=Cc1ccc(cc1)OC)C#N,COc1ccc(C=C(C#N)c2ccc3c(c2)c2cc(C(C#N)=Cc4ccc(OC)cc4)ccc2n3C)cc1,399.0,,dichloromethane
COc1cc(OC)c(c(c1)OC)C=CC(=C(C#N)C#N)c1cc2c(OC)cc3c(c2oc1=O)cccc3,COc1cc(OC)c(C=CC(=C(C#N)C#N)c2cc3c(OC)cc4ccccc4c3oc2=O)c(OC)c1,477.0,,MeOH
O=C(c1ccncc1)NCCC[Si]12OCCN(CCO1)CCO2,O=C(NCCC[Si]12OCCN(CCO1)CCO2)c1ccncc1,246.0,,
c1ccc(cc1)c1ccc2c(c1)c(c1c(c2c2ccc(cc2)c2ccccc2)cccc1)c1cccc2c1ccc1c2cc2c(c1)cccc2,c1ccc(-c2ccc(-c3c4ccccc4c(-c4cccc5c4ccc4cc6ccccc6cc45)c4cc(-c5ccccc5)ccc34)cc2)cc1,398.0,14934.0,
Cc1cc(c(s1)C)C1=C(CC(C1=O)Br)c1cc(sc1C)C,Cc1cc(C2=C(c3cc(C)sc3C)C(=O)C(Br)C2)c(C)s1,329.0,,
Cc1nn2c(N=Nc3ccccc3)c(nc2c2c1nn(c2c1ccccc1)c1ccccc1)C,Cc1nc2c3c(-c4ccccc4)n(-c4ccccc4)nc3c(C)nn2c1N=Nc1ccccc1,440.0,,
NNC(=O)Cc1ccccc1F,NNC(=O)Cc1ccccc1F,357.0,,EtOH
N#Cc1ccc(cc1)c1nc2c(o1)cc(c1c2cccc1)Nc1ccc(cc1C)N(CC)CC,CCN(CC)c1ccc(Nc2cc3oc(-c4ccc(C#N)cc4)nc3c3ccccc23)c(C)c1,415.0,,Dioxane
N#CC(=Cc1ccc(cc1)N(c1ccccc1)c1ccccc1)c1ccc(cc1)C,Cc1ccc(C(C#N)=Cc2ccc(N(c3ccccc3)c3ccccc3)cc2)cc1,402.0,,Cyclohexane
COc1ccc2c(c1)ccc(c2)C(=O)CC(=O)c1ccccc1,COc1ccc2cc(C(=O)CC(=O)c3ccccc3)ccc2c1,368.0,,
OCCN(c1ccc(cc1)C=C1C(=O)c2c(C1=C(C#N)C#N)cccc2)C,CN(CCO)c1ccc(C=C2C(=O)c3ccccc3C2=C(C#N)C#N)cc1,565.0,,
Clc1ccc(cc1)N=Nc1c(N)nc2n(c1N)nc(c2N=Nc1ccc(cc1)[N+](=O)[O-])N,Nc1nc2c(N=Nc3ccc([N+](=O)[O-])cc3)c(N)nn2c(N)c1N=Nc1ccc(Cl)cc1,495.0,,
Oc1c(cc(cc1C(C)(C)C)C(C)(C)C)c1nc2c([nH]1)c1ccccc1c1c2cccc1,CC(C)(C)c1cc(-c2nc3c4ccccc4c4ccccc4c3[nH]2)c(O)c(C(C)(C)C)c1,366.0,,
C[Si]1(C)c2cc(ccc2c2c1cc(cc2)c1ccc(cc1)n1c2ccccc2c2c1cccc2)c1ccc(cc1)n1c2ccccc2c2c1cccc2,C[Si]1(C)c2cc(-c3ccc(-n4c5ccccc5c5ccccc54)cc3)ccc2-c2ccc(-c3ccc(-n4c5ccccc5c5ccccc54)cc3)cc21,344.0,,
C(=O)c1sc(c(c1C#N)C#N)c1ccc(s1)c1sc(c(c1C#N)C#N)C(=O)C,CC(=O)c1sc(-c2ccc(-c3sc(C=O)c(C#N)c3C#N)s2)c(C#N)c1C#N,413.0,,
CO[Si](CCCSC(=O)c1ccccc1S)(OC)OC,CO[Si](CCCSC(=O)c1ccccc1S)(OC)OC,315.0,123500.0,chloroform
Cn1c2cc(Br)ccc2c2c1cc(cc2)N(c1ccc2c(c1)C(C)(C)c1c2cccc1)c1ccccc1,Cn1c2cc(Br)ccc2c2ccc(N(c3ccccc3)c3ccc4c(c3)C(C)(C)c3ccccc3-4)cc21,342.0,29100.0,
c1ccc2c(cc1)cc(c2)c1cc2c(c1)ccccc2,c1ccc2cc(-c3cc4cccccc-4c3)cc-2cc1,434.0,,
CC(=O)Nc1ccccc1N=Nc1nc2c(s1)cc(cc2)[N+](=O)[O-],CC(=O)Nc1ccccc1N=Nc1nc2ccc([N+](=O)[O-])cc2s1,353.0,,Methanol
CCN(c1ccc(c(c1)Cl)C=C1CCC(=Cc2ccc(cc2)N(C)C)C1=O)CC,CCN(CC)c1ccc(C=C2CCC(=Cc3ccc(N(C)C)cc3)C2=O)c(Cl)c1,533.4,,
c1cc(cc(c1)c1c2ccccc2cc2c1cccc2)c1c2ccccc2cc2c1cccc2,c1cc(-c2c3ccccc3cc3ccccc23)cc(-c2c3ccccc3cc3ccccc23)c1,387.0,,
Oc1ccc(c2c1nccc2)N=Nc1nc2c(s1)cccc2,Oc1ccc(N=Nc2nc3ccccc3s2)c2cccnc12,489.0,,DMSO
C(=O)OCC(OC(=O)COC(Cc1ccc(cc1)C1(N=N1)C(F)(F)F)[3H])COP(=O)(OCC[N+](C)(C)C)[O-],[3H]C(Cc1ccc(C2(C(F)(F)F)N=N2)cc1)OCC(=O)OC(COC=O)COP(=O)([O-])OCC[N+](C)(C)C,654.0,,
c1csc(c1)c1cc(c2cccs2)c2c3c1ccc1c3c(cc2)c(cc1c1cccs1)c1cccs1,c1csc(-c2cc(-c3cccs3)c3ccc4c(-c5cccs5)cc(-c5cccs5)c5ccc2c3c54)c1,416.0,,Cyclohexane
c1ccc(cc1)C(CNSc1ccccc1n1cnnn1)CCSc1ccccc1n1cnnn1,c1ccc(C(CCSc2ccccc2-n2cnnn2)CNSc2ccccc2-n2cnnn2)cc1,206.0,58200.0,
CC(CC(=O)NC1=CC(=O)C(=O)c2c1cccc2)C,CC(C)CC(=O)NC1=CC(=O)C(=O)c2ccccc21,271.0,,ethanol
COc1ccc(cc1)C1=C(C(=O)CC1)c1cc(sc1C)C,COc1ccc(C2=C(c3cc(C)sc3C)C(=O)CC2)cc1,310.0,,
CCOC(=O)C1(O)c2cc3ccc4c5c3c(c2C(=O)N1C(C)(C)C)ccc5ccc4,CCOC(=O)C1(O)c2cc3ccc4cccc5ccc(c2C(=O)N1C(C)(C)C)c3c45,523.0,,
N#CC(=C(C=C1N(C)c2c(C1(C)C)cccc2)C)C(=O)c1ccccc1,CC(C=C1N(C)c2ccccc2C1(C)C)=C(C#N)C(=O)c1ccccc1,531.0,78162.78046,
Cc1ccc(c(c1)C)N=Cc1ccccn1,Cc1ccc(N=Cc2ccccn2)c(C)c1,341.0,,
COC(=O)c1nn(c(c1)O)c1cc(C)c2c(n1)[nH]nc2O,COC(=O)c1cc(O)n(-c2cc(C)c3c(O)n[nH]c3n2)n1,296.0,,tetrahydrofuran
OCc1c(nc2n1cccn2)c1ccc(cc1)F,OCc1c(-c2ccc(F)cc2)nc2ncccn12,240.0,,
O=c1ccc2c(o1)ccc(c2)N=Cc1ccc(o1)c1cccc(c1)[N+](=O)[O-],O=c1ccc2cc(N=Cc3ccc(-c4cccc([N+](=O)[O-])c4)o3)ccc2o1,356.0,32000.0,
CC(n1cc(n(c1=S)C)P(c1ccccc1)c1ccccc1)C,CC(C)n1cc(P(c2ccccc2)c2ccccc2)n(C)c1=S,208.0,,
c1ccc(cc1)c1cc(nc2c1cccc2)c1ccc(cc1)n1c2ccccc2c2c1cccc2,c1ccc(-c2cc(-c3ccc(-n4c5ccccc5c5ccccc54)cc3)nc3ccccc23)cc1,343.0,,
[O-][N+](=O)c1ncc[nH]1,O=[N+]([O-])c1ncc[nH]1,675.0,,
CCOC(=O)C1=C(NC(=O)C1=NNc1cc(ccc1O)[N+](=O)[O-])c1ccc2c(c1)cccc2,CCOC(=O)C1=C(c2ccc3ccccc3c2)NC(=O)C1=NNc1cc([N+](=O)[O-])ccc1O,555.0,,THF
N#CC(=Cc1ccc[nH]1)C(=O)NN,N#CC(=Cc1ccc[nH]1)C(=O)NN,271.8,,
c1ccc(nc1)N(c1ccccn1)Cc1cc(cc(c1)CN(c1ccccn1)c1ccccn1)CN(c1ccccn1)c1ccccn1,c1ccc(N(Cc2cc(CN(c3ccccn3)c3ccccn3)cc(CN(c3ccccn3)c3ccccn3)c2)c2ccccn2)nc1,310.0,,
N#CC(=Cc1ccc(cc1)c1csc(c1)C=C(c1ccccc1)C#N)c1ccc(cc1)c1ccc(cc1)C=C,C=Cc1ccc(-c2ccc(C(C#N)=Cc3ccc(-c4csc(C=C(C#N)c5ccccc5)c4)cc3)cc2)cc1,366.0,,THF
Cn1ccnc1CN(Cc1ccccn1)Cc1ccccn1,Cn1ccnc1CN(Cc1ccccn1)Cc1ccccn1,362.0,3240.0,
CCn1c2ccccc2c2=NN([B-]([O+]=c12)(F)F)c1ccccc1,CCn1c2c(c3ccccc31)=NN(c1ccccc1)[B-](F)(F)[O+]=2,437.0,27560.0,THF
N#CC(=Cc1ccc(cc1)N(c1ccc(cc1)C#Cc1ccccn1)c1ccc(cc1)C#Cc1ccccn1)C(=O)O,N#CC(=Cc1ccc(N(c2ccc(C#Cc3ccccn3)cc2)c2ccc(C#Cc3ccccn3)cc2)cc1)C(=O)O,435.0,94000.0,
N#CC(=Cc1ccc(s1)C=Cc1ccc(cc1)N1c2ccccc2C=Cc2c1cccc2)C(=O)O,N#CC(=Cc1ccc(C=Cc2ccc(N3c4ccccc4C=Cc4ccccc43)cc2)s1)C(=O)O,498.0,,
CN1c2cc(SCC)c(cc2Sc2c1cccc2)C=C(C(=O)O)C#N,CCSc1cc2c(cc1C=C(C#N)C(=O)O)Sc1ccccc1N2C,600.0,,
N#Cc1ccc(cc1)C=Cc1ccc(cc1)C=C(c1ccccc1)c1ccccc1,N#Cc1ccc(C=Cc2ccc(C=C(c3ccccc3)c3ccccc3)cc2)cc1,366.0,,
CCN(c1ccc2c(c1)oc(=O)c(c2O)N=Nc1ccccc1)CC,CCN(CC)c1ccc2c(O)c(N=Nc3ccccc3)c(=O)oc2c1,463.0,,MeOH
COC(=O)C(=Cc1ccccc1)OC,COC(=O)C(=Cc1ccccc1)OC,290.0,,
Cc1ccc(cc1)Nc1nc(C#N)c(nc1CC(=O)C1=Nc2c(N(C1C)CC)cc(n2C#N)C#N)C#N,CCN1c2cc(C#N)n(C#N)c2N=C(C(=O)Cc2nc(C#N)c(C#N)nc2Nc2ccc(C)cc2)C1C,336.0,,
c1ccc(cc1)n1ncc(c1)c1nc2c([nH]1)cccc2,c1ccc(-n2cc(-c3nc4ccccc4[nH]3)cn2)cc1,305.0,,
C[Si](C1=C(c2ccccc2)C(=C([Si]1(c1ccccc1)c1ccccc1)[Si](c1ccccc1)(C)C)c1ccccc1)(c1ccccc1)C,C[Si](C)(C1=C(c2ccccc2)C(c2ccccc2)=C([Si](C)(C)c2ccccc2)[Si]1(c1ccccc1)c1ccccc1)c1ccccc1,318.0,,
Brc1ccc2c(c1)C(C)(C)c1c2cc2c(c1)c(C#C[Si](C)(C)C)c1c(c2C#C[Si](C)(C)C)cccc1,CC1(C)c2cc(Br)ccc2-c2cc3c(C#C[Si](C)(C)C)c4ccccc4c(C#C[Si](C)(C)C)c3cc21,456.0,,dichloromethane
Cc1cc(cc(c1c1ccc2c(c1)c1ccccc1n2c1ccccc1)C)c1ccc2c(c1)c1ccccc1n2c1ccccc1,Cc1cc(-c2ccc3c(c2)c2ccccc2n3-c2ccccc2)cc(C)c1-c1ccc2c(c1)c1ccccc1n2-c1ccccc1,298.0,,
COc1ccc2c(c1)ccc(c2)c1scc2c1OCCO2,COc1ccc2cc(-c3scc4c3OCCO4)ccc2c1,318.0,,DCM
N#Cc1nc(N)c(nc1N=Cc1ccc2c(c1)c1ccccc1n2CC)C#N,CCn1c2ccccc2c2cc(C=Nc3nc(C#N)c(N)nc3C#N)ccc21,393.0,38500.0,
Cn1c2ccc(cc2c2c1ccc(c2)c1ccc(s1)C=C(C(=O)O)C#N)c1ccc(cc1)N(c1ccccc1)c1ccccc1,Cn1c2ccc(-c3ccc(N(c4ccccc4)c4ccccc4)cc3)cc2c2cc(-c3ccc(C=C(C#N)C(=O)O)s3)ccc21,442.0,,
O=C(c1cc(n2c1cc(cc2)c1ccncc1)C(=O)c1ccccc1)NCc1nnn(c1)Cc1c2ccccc2cc2c1cccc2,O=C(NCc1cn(Cc2c3ccccc3cc3ccccc23)nn1)c1cc(C(=O)c2ccccc2)n2ccc(-c3ccncc3)cc12,395.0,,
CSc1ccc(cc1)N=Nc1nc2c(s1)cc(cc2)[N+](=O)[O-],CSc1ccc(N=Nc2nc3ccc([N+](=O)[O-])cc3s2)cc1,437.0,,Methanol
Cn1c(=CN=Nc2ccc(cc2)C=CC2=C(C#N)C(=C(C#N)C#N)OC2(C)C)sc2c1cccc2,CN1C(=CN=Nc2ccc(C=CC3=C(C#N)C(=C(C#N)C#N)OC3(C)C)cc2)Sc2ccccc21,637.0,,THF
COc1ccc(cc1)C#Cc1c(C#Cc2ccc(cc2)OC)c(F)c(c(c1F)C#Cc1ccc(cc1)OC)C#Cc1ccc(cc1)OC,COc1ccc(C#Cc2c(F)c(C#Cc3ccc(OC)cc3)c(C#Cc3ccc(OC)cc3)c(F)c2C#Cc2ccc(OC)cc2)cc1,428.0,,
COc1ccc(cc1)C=CC=Cc1ccc(cc1)C#N,COc1ccc(C=CC=Cc2ccc(C#N)cc2)cc1,359.0,,
C(COc1cc(c2ccccc2)c(cc1c1ccccc1)OC)CC,CCCCOc1cc(-c2ccccc2)c(OC)cc1-c1ccccc1,397.0,,
COCCSc1cccc2c1C(=O)c1c(C2=O)cccc1SCCOC,COCCSc1cccc2c1C(=O)c1c(SCCOC)cccc1C2=O,448.0,7100.0,
CC(=O)c1ccccc1,CC(=O)c1ccccc1,244.0,12963.0,
CCN1C(=S)SC(=Cc2ccc3c(c2)C(C)(C)c2c3ccc(c2)N(c2ccccc2)c2ccccc2)C1=O,CCN1C(=O)C(=Cc2ccc3c(c2)C(C)(C)c2cc(N(c4ccccc4)c4ccccc4)ccc2-3)SC1=S,478.0,39300.0,
COc1ccccc1C=NCCN=Cc1ccccc1OC,COc1ccccc1C=NCCN=Cc1ccccc1OC,246.0,20425.0,dichloromethane
Cc1c(sc2c1scc2)c1nc2c(s1)cccc2,Cc1c(-c2nc3ccccc3s2)sc2ccsc12,353.0,42000.0,
COc1ccc(cc1)N=Nc1c(C)nc2n1nc(C)c1c2c(c2ccccc2)n(n1)c1ccccc1,COc1ccc(N=Nc2c(C)nc3c4c(-c5ccccc5)n(-c5ccccc5)nc4c(C)nn23)cc1,405.0,,
N#CC(=Cc1ccc(s1)c1ccc(c2c1nsn2)c1ccc2c(c1)n(c1ccccc1)c1c2cccc1)C(=O)O,N#CC(=Cc1ccc(-c2ccc(-c3ccc4c5ccccc5n(-c5ccccc5)c4c3)c3nsnc23)s1)C(=O)O,459.0,10239.0,
Cc1cc(O)c(cc1N=Nc1ccc(cc1)[N+](=O)[O-])C,Cc1cc(N=Nc2ccc([N+](=O)[O-])cc2)c(C)cc1O,407.0,,
COc1ccc(cc1)C#Cc1cc(C#Cc2ccc(cc2)OC)nc(n1)C#Cc1ccc(cc1)OC,COc1ccc(C#Cc2cc(C#Cc3ccc(OC)cc3)nc(C#Cc3ccc(OC)cc3)n2)cc1,335.0,,chloroform
c1ccc2c(c1)scn2,c1ccc2scnc2c1,392.0,,DMF
COc1cc(ccc1O)c1oc2cc(O)cc(c2c(=O)c1O)O,COc1cc(-c2oc3cc(O)cc(O)c3c(=O)c2O)ccc1O,355.0,,
O=C1C2(N1)N(C)c1c(C2(C)C)c2ccccc2cc1,CN1c2ccc3ccccc3c2C(C)(C)C12NC2=O,294.0,,
Oc1ccc(c2c1nccc2)N=Nc1ccccc1,Oc1ccc(N=Nc2ccccc2)c2cccnc12,396.0,,DMSO
c1ccc2c(c1)n(c1ccc(s1)n1c3ncccc3c3c1cccc3)c1c2cccn1,c1ccc2c(c1)c1cccnc1n2-c1ccc(-n2c3ccccc3c3cccnc32)s1,298.0,,
C#Cc1ccc2c(c1)C(=O)c1c2cccc1,C#Cc1ccc2c(c1)C(=O)c1ccccc1-2,263.0,,
COC(=O)C=c1sc2=NC3=C(C(n2c1=O)c1ccc(cc1)C)C3=Cc1ccc(cc1)C,COC(=O)C=c1sc2n(c1=O)C(c1ccc(C)cc1)C1=C(N=2)C1=Cc1ccc(C)cc1,317.17,,
CC[C@@H](NC(=O)c1cc2ccccc2cc1c1cc2ccccc2cc1C(=O)OC)C,CC[C@H](C)NC(=O)c1cc2ccccc2cc1-c1cc2ccccc2cc1C(=O)OC,226.6,22200.0,
[O-][N+](=O)c1ccc(c(c1)O)[N+](=O)[O-],O=[N+]([O-])c1ccc([N+](=O)[O-])c(O)c1,353.0,,
Oc1cc(O)c2c(c1)oc(c(c2=O)O)c1cc(O)c(c(c1)O)O,O=c1c(O)c(-c2cc(O)c(O)c(O)c2)oc2cc(O)cc(O)c12,362.0,,
O=C1C=CC(=O)C=C1Nc1ccc(cc1)O,O=C1C=CC(=O)C(Nc2ccc(O)cc2)=C1,225.0,,
C=Cc1ccc(cc1)c1nnc(s1)c1ccccc1,C=Cc1ccc(-c2nnc(-c3ccccc3)s2)cc1,392.0,,DMF
COC(=O)c1c(C(=O)c2ccc(cc2)Cl)n2c(c1C(=O)OC)cccn2,COC(=O)c1c(C(=O)OC)c2cccnn2c1C(=O)c1ccc(Cl)cc1,448.0,,Cyclohexane
C1(C)c2cc(ccc2c2c1cccc2)c1ccc(s1)c1sc(c2c1cccc2)c1cccs1,CC1c2ccccc2-c2ccc(-c3ccc(-c4sc(-c5cccs5)c5ccccc45)s3)cc21,460.0,,CH 2 Cl
CCN(c1nc(c(s1)N=Nc1nc2c(s1)cccc2)c1sc(nc1N)N(CC)CC)CC,CCN(CC)c1nc(-c2sc(N(CC)CC)nc2N)c(N=Nc2nc3ccccc3s2)s1,453.0,24100.0,
c1ccc2c(c1)c1cccc(c1[nH]2)c1ccc2c(c1)ccc(n2)Nc1ccc2c(n1)ccc(c2)c1cccc2c1[nH]c1c2cccc1,c1ccc2c(c1)[nH]c1c(-c3ccc4nc(Nc5ccc6cc(-c7cccc8c7[nH]c7ccccc78)ccc6n5)ccc4c3)cccc12,458.0,,CH2Cl2
n1[nH]c2c(c1)C1Nc3cccc4c3c(N1C=C2)ccc4,C1=CN2c3cccc4cccc(c34)NC2c2cn[nH]c21,380.0,,
[O-][N+](=O)c1ccc2c(c1)sc(n2)N=Nc1ccccc1,O=[N+]([O-])c1ccc2nc(N=Nc3ccccc3)sc2c1,349.0,,Methanol
O=Cc1ccc(c(c1O)O)O,O=Cc1ccc(O)c(O)c1O,292.0,,
[O-][N+](=O)c1c2ccccc2n(c1NC(C)(C)C)S(=O)(=O)c1ccccc1,CC(C)(C)Nc1c([N+](=O)[O-])c2ccccc2n1S(=O)(=O)c1ccccc1,201.0,,
c1ccc2c(c1)c(ccc2)c1ccc(cc1)c1ccc(cc1)c1cccc2c1cccc2,c1ccc2c(-c3ccc(-c4ccc(-c5cccc6ccccc56)cc4)cc3)cccc2c1,401.0,,
O=C1OC(C)(C)OC(=O)C1=CC=C1C=C(OC(=C1)c1ccccc1)c1ccccc1,CC1(C)OC(=O)C(=CC=C2C=C(c3ccccc3)OC(c3ccccc3)=C2)C(=O)O1,498.0,,dichloromethane
NCCNc1cccc2c1C(=O)c1c(C2=O)cccc1,NCCNc1cccc2c1C(=O)c1ccccc1C2=O,510.0,,dichloromethane
Cc1ccc(cc1)C#Cc1c(C#Cc2ccc(cc2)C)c(C#Cc2ccc(cc2)C)c(c(c1F)C#Cc1ccc(cc1)C)F,Cc1ccc(C#Cc2c(F)c(C#Cc3ccc(C)cc3)c(C#Cc3ccc(C)cc3)c(C#Cc3ccc(C)cc3)c2F)cc1,410.0,,
O=S(=O)(C=Cc1ccc(cc1)n1c2ccccc2c2c1cccc2)C=Cc1ccc(cc1)n1c2ccccc2c2c1cccc2,O=S(=O)(C=Cc1ccc(-n2c3ccccc3c3ccccc32)cc1)C=Cc1ccc(-n2c3ccccc3c3ccccc32)cc1,358.0,,
CCNc1c(F)c2nc3c(F)c(F)c(c(c3nc2c(c1F)F)F)F,CCNc1c(F)c(F)c2nc3c(F)c(F)c(F)c(F)c3nc2c1F,456.0,,
O=C1C(=C(C(=O)N1C)c1cn(c2c1cccc2)C(=O)OC(C)(C)C)c1ccc2c(c1)n(C(=O)OC(C)(C)C)c1c2cccc1,CN1C(=O)C(c2ccc3c4ccccc4n(C(=O)OC(C)(C)C)c3c2)=C(c2cn(C(=O)OC(C)(C)C)c3ccccc23)C1=O,404.0,,
c1ncc2c(c1)ccc1n2c2ccccc2n1,c1ccc2c(c1)nc1ccc3ccncc3n12,344.0,21200.0,ethanol
COc1ccc(cn1)c1ccc2c(c1)c1ccccc1n2Cn1c2ccc(cc2c2c1cccc2)c1ccc(nc1)OC,COc1ccc(-c2ccc3c(c2)c2ccccc2n3Cn2c3ccccc3c3cc(-c4ccc(OC)nc4)ccc32)cn1,283.0,,tetrahydrofuran
COc1cc(OC)c(c(c1)OC)C=NN=Cc1ccc(cc1)[N+](=O)[O-],COc1cc(OC)c(C=NN=Cc2ccc([N+](=O)[O-])cc2)c(OC)c1,360.0,,dioxane
Oc1ccccc1C=NN=Cc1ccc2c3c1ccc1c3c(cc2)ccc1,Oc1ccccc1C=NN=Cc1ccc2ccc3cccc4ccc1c2c34,388.0,38100.0,CH 3 CN
O[C@H]1C=C[C@@H]2[C@@]34[C@H]1Oc1c4c(C[C@H]2N(CC3)C)ccc1O,CN1CC[C@]23c4c5ccc(O)c4O[C@H]2[C@@H](O)C=C[C@H]3[C@H]1C5,282.0,,
C(Cn1c2cc(sc2c2c1cc(cc2)c1ccc(c2c1nsn2)C)C)C,CCCn1c2cc(-c3ccc(C)c4nsnc34)ccc2c2sc(C)cc21,387.0,420000.0,
N#CC(=Cc1ccc(s1)c1ccc(s1)c1c(c2ccccc2)n(c2c1cccc2)c1ccc2c(c1)C(C)(C)c1c2cccc1)C(=O)O,CC1(C)c2ccccc2-c2ccc(-n3c(-c4ccccc4)c(-c4ccc(-c5ccc(C=C(C#N)C(=O)O)s5)s4)c4ccccc43)cc21,433.0,,
Cc1ccc(cc1)c1cnc(s1)c1ccc(cc1)c1nc2c(s1)cccc2,Cc1ccc(-c2cnc(-c3ccc(-c4nc5ccccc5s4)cc3)s2)cc1,367.0,43000.0,
CCN1c2ccc(cc2C(C21CCc1c(O2)ccc(c1)[N+](=O)[O-])(C)C)C(F)(F)F,CCN1c2ccc(C(F)(F)F)cc2C(C)(C)C12CCc1cc([N+](=O)[O-])ccc1O2,205.0,,CH 3 CN
OC(=O)[C@H](Cc1ccc(c(c1)O)O)N,N[C@@H](Cc1ccc(O)c(O)c1)C(=O)O,292.0,,DMSO
n1coc(n1)c1ocnn1,c1nnc(-c2nnco2)o1,322.0,,
COC(=O)C=c1sc2=NC3=C(C(n2c1=O)c1cccc(c1)[N+](=O)[O-])C3=Cc1cccc(c1)[N+](=O)[O-],COC(=O)C=c1sc2n(c1=O)C(c1cccc([N+](=O)[O-])c1)C1=C(N=2)C1=Cc1cccc([N+](=O)[O-])c1,272.15,,
Cc1ccc(cc1)C(=O)CC(=O)c1ccc(cc1)Cl,Cc1ccc(C(=O)CC(=O)c2ccc(Cl)cc2)cc1,360.0,,
O=c1oc2cc(C=Cc3ccccc3)ccc2cc1c1ccccc1,O=c1oc2cc(C=Cc3ccccc3)ccc2cc1-c1ccccc1,372.0,,
CN(c1ccccc1)c1ccc(cc1)c1cc2ccc3c4c2c(n1)c1ccccc1c4nc(c3)c1ccc(cc1)N(c1ccccc1)C,CN(c1ccccc1)c1ccc(-c2cc3ccc4cc(-c5ccc(N(C)c6ccccc6)cc5)nc5c6ccccc6c(n2)c3c45)cc1,384.0,,toluene
CN(c1ccc(cc1)C(=C(C#N)C#N)C#N)CCc1ccccc1,CN(CCc1ccccc1)c1ccc(C(C#N)=C(C#N)C#N)cc1,517.0,47800.0,
CCN(c1ccc(cc1)Nc1c(F)c(F)c2c(c1F)nc1c(n2)c(F)c(c(c1F)F)F)CC,CCN(CC)c1ccc(Nc2c(F)c(F)c3nc4c(F)c(F)c(F)c(F)c4nc3c2F)cc1,509.0,,
OCCNC(=O)C(=CC=CC=Cc1ccc(cc1)N(C)C)C#N,CN(C)c1ccc(C=CC=CC=C(C#N)C(=O)NCCO)cc1,478.0,,
COc1ccc(cc1)c1cn2nc(cc2c(=O)[nH]1)c1ccccc1,COc1ccc(-c2cn3nc(-c4ccccc4)cc3c(=O)[nH]2)cc1,327.0,,THF
CN(c1ccc(cc1)c1[nH]c(nc1c1ccc(cc1)N(C)C)C=Cc1ccc(cc1)[N+](=O)[O-])C,CN(C)c1ccc(-c2nc(C=Cc3ccc([N+](=O)[O-])cc3)[nH]c2-c2ccc(N(C)C)cc2)cc1,470.0,,CH 2 Cl 2
COc1ccc(cc1)C=Cc1ccccc1,COc1ccc(C=Cc2ccccc2)cc1,375.0,,
Clc1nc(Nc2ccccc2)nc(n1)Nc1ccc2c3c1cccc3c1c3c2cccc3ccc1,Clc1nc(Nc2ccccc2)nc(Nc2ccc3c4cccc5cccc(c6cccc2c63)c54)n1,444.0,,Acetonitrile
c1ccc(cc1)C#Cc1ccc(cc1)C#Cc1ccccc1,C(#Cc1ccc(C#Cc2ccccc2)cc1)c1ccccc1,346.0,,silica
[O-][n+]1cccc2c1C(=O)c1c2ccc[n+]1[O-],O=C1c2c(ccc[n+]2[O-])-c2ccc[n+]([O-])c21,430.0,,
CN=C1SCC(=O)N1Cc1c2ccccc2nc2c1cccc2,CN=C1SCC(=O)N1Cc1c2ccccc2nc2ccccc12,360.0,,
c1ccc2c(c1)c1ccc(cc1C2)c1nc2c([nH]1)c1cccnc1c1c2cccn1,c1ccc2c(c1)Cc1cc(-c3nc4c5cccnc5c5ncccc5c4[nH]3)ccc1-2,231.0,27300.0,
Cc1ccc(c(c1O)O)C,Cc1ccc(C)c(O)c1O,680.0,,
[O-][N+](=O)c1cc2C(=CC=CC=C3C=C(OC(=C3)c3ccccc3)c3ccccc3)c3c(c2c(c1)[N+](=O)[O-])c(cc(c3)[N+](=O)[O-])[N+](=O)[O-],O=[N+]([O-])c1cc2c(c([N+](=O)[O-])c1)-c1c(cc([N+](=O)[O-])cc1[N+](=O)[O-])C2=CC=CC=C1C=C(c2ccccc2)OC(c2ccccc2)=C1,761.0,,Toluene
COc1ccc(cc1)C(=O)N(c1ccccc1)C,COc1ccc(C(=O)N(C)c2ccccc2)cc1,270.0,,
NCc1ccc(cc1)c1ncc(o1)c1ccccc1,NCc1ccc(-c2ncc(-c3ccccc3)o2)cc1,307.0,,
Cc1ccc(cc1)N=Nc1sc(nc1c1ccc(cc1)NC(=O)c1ccccc1)N,Cc1ccc(N=Nc2sc(N)nc2-c2ccc(NC(=O)c3ccccc3)cc2)cc1,479.0,,DMSO
N#CC(=Cc1ccc(cc1)C=Cc1ccc(cc1)N(c1cccc2c1cccc2)c1ccccc1)C(=O)O,N#CC(=Cc1ccc(C=Cc2ccc(N(c3ccccc3)c3cccc4ccccc34)cc2)cc1)C(=O)O,434.0,,
CC(=O)Nc1cc(ccc1N=Nc1ccc(cc1Cl)[N+](=O)[O-])N(CCOC(=O)C)CCOC(=O)C,CC(=O)Nc1cc(N(CCOC(C)=O)CCOC(C)=O)ccc1N=Nc1ccc([N+](=O)[O-])cc1Cl,507.0,40400.0,methanol
ClC1=CC(=Nc2ccc(cc2)O)C=C(C1=O)Cl,O=C1C(Cl)=CC(=Nc2ccc(O)cc2)C=C1Cl,602.0,,
COc1ccc2c(c1)ccc(c2)C(=O)CC(=O)c1ccc(cc1)C(C)(C)C,COc1ccc2cc(C(=O)CC(=O)c3ccc(C(C)(C)C)cc3)ccc2c1,370.0,,
Cc1ccc(cc1)N1c2ccc(cc2Sc2c1ccc(c2)c1ccc(s1)C=C(C(=O)O)C#N)c1ccc(s1)C=C(C(=O)O)C#N,Cc1ccc(N2c3ccc(-c4ccc(C=C(C#N)C(=O)O)s4)cc3Sc3cc(-c4ccc(C=C(C#N)C(=O)O)s4)ccc32)cc1,450.0,26204.0,
CCOC(=O)C=Cc1cc2ccc(cc2oc1=O)C#C,C#Cc1ccc2cc(C=CC(=O)OCC)c(=O)oc2c1,360.0,6500.0,
Cc1ccc(cc1)n1cccc1,Cc1ccc(-n2cccc2)cc1,315.0,,CHCl3
Clc1ccc2c(c1)c1ccccc1n2c1ccccc1,Clc1ccc2c(c1)c1ccccc1n2-c1ccccc1,369.0,,
Cc1ccc(cc1)C(=NNc1ccccc1)N=Nc1ccc(cc1)Cl,Cc1ccc(C(N=Nc2ccc(Cl)cc2)=NNc2ccccc2)cc1,348.0,,
COc1cc(C=Cc2nc3c(o2)cccc3)c(cc1C=Cc1nc(C=Cc2cc(OC)c(cc2OC)C=Cc2nc3c(o2)cccc3)nc(n1)C)OC,COc1cc(C=Cc2nc3ccccc3o2)c(OC)cc1C=Cc1nc(C)nc(C=Cc2cc(OC)c(C=Cc3nc4ccccc4o3)cc2OC)n1,502.0,,THF
CC(c1cc(cc(c1)n1c2ccc(cc2c2c1ccc(c2)c1cccs1)c1cccs1)C(C)(C)C)(C)C,CC(C)(C)c1cc(-n2c3ccc(-c4cccs4)cc3c3cc(-c4cccs4)ccc32)cc(C(C)(C)C)c1,346.0,,
Fc1ccc(cc1)C(=O)CC(=O)c1ccncc1,O=C(CC(=O)c1ccc(F)cc1)c1ccncc1,345.0,19498.446,
COC1OC(=O)C(=C1Nc1ccccc1)Br,COC1OC(=O)C(Br)=C1Nc1ccccc1,288.0,,
OC(=O)c1ccc(c(c1)O)C(C)C,CC(C)c1ccc(C(=O)O)cc1O,217.0,,
COc1cc(cc(c1OC)OC)N(c1cc(=O)[nH]c(n1)c1ccccc1)C,COc1cc(N(C)c2cc(=O)[nH]c(-c3ccccc3)n2)cc(OC)c1OC,274.0,44668.35922,
CCOc1cccc(c1O)c1nc2CCc3c(c2c2c1c1ccccc1CC2)cccc3,CCOc1cccc(-c2nc3c(c4c2-c2ccccc2CC4)-c2ccccc2CC3)c1O,335.0,13000.0,dichloromethane
CCN1c2ccc3c(c2C(C1=CC1=C([O-])C(=CC2=[N+](CC)c4c(C2(C)C)cccc4)C1=O)(C)C)cccc3,CCN1C(=CC2=C([O-])C(=CC3=[N+](CC)c4ccccc4C3(C)C)C2=O)C(C)(C)c2c1ccc1ccccc21,650.0,,chloroform
Cn1c(=O)c2cc3nnsc3c3c2c(c1=O)ccc3,CN1C(=O)c2cccc3c2c(cc2nnsc23)C1=O,470.4,,
S(C=Cc1ccc(cc1)n1c2ccccc2c2c1cccc2)C=Cc1ccc(cc1)n1c2ccccc2c2c1cccc2,C(=Cc1ccc(-n2c3ccccc3c3ccccc32)cc1)SC=Cc1ccc(-n2c3ccccc3c3ccccc32)cc1,345.0,,
c1ccc(cc1)c1nc2c(n1c1ccccc1)c1cccc3c1c1c2cccc1cc3,c1ccc(-c2nc3c4cccc5ccc6cccc(c6c54)c3n2-c2ccccc2)cc1,382.0,,
CC(=CC(=O)Nc1ccc2c(c1)ccc(=O)o2)Nc1ccc2c(c1)ccc(=O)o2,CC(=CC(=O)Nc1ccc2oc(=O)ccc2c1)Nc1ccc2oc(=O)ccc2c1,322.0,,
COc1ccc(cc1)c1ccc2c(n1)nc1c(c2)cc(cc1)OC,COc1ccc(-c2ccc3cc4cc(OC)ccc4nc3n2)cc1,444.0,,acetone
C1(C)c2cc(ccc2c2c1cc1nc3c(nc1c2)c1cccc2c1c1c3cccc1cc2)c1ccc(cc1)N(c1ccccc1)c1ccccc1,CC1c2cc(-c3ccc(N(c4ccccc4)c4ccccc4)cc3)ccc2-c2cc3nc4c5cccc6ccc7cccc(c4nc3cc21)c7c65,464.0,,DMSO
Cn1c(nc2c1c1cccnc1c1c2cccn1)c1c2ccccc2cc2c1cccc2,Cn1c(-c2c3ccccc3cc3ccccc23)nc2c3cccnc3c3ncccc3c21,351.0,,
CCOc1cc(c2n1nccc2)C(=O)OC,CCOc1cc(C(=O)OC)c2cccnn12,429.0,,Cyclohexane
Oc1cccc(c1)Cc1nn(c2c1c(N)ncn2)C(C)(C)C,CC(C)(C)n1nc(Cc2cccc(O)c2)c2c(N)ncnc21,532.5,39750.0,
CN(c1cccc2c1cccc2C#Cc1cc(C#Cc2cccc3c2cccc3N(C)C)cc(c1)C#Cc1cccc2c1cccc2N(C)C)C,CN(C)c1cccc2c(C#Cc3cc(C#Cc4cccc5c(N(C)C)cccc45)cc(C#Cc4cccc5c(N(C)C)cccc45)c3)cccc12,504.0,81400.0,
CC(c1cccc2c1n(c1ccc3c(c1)c(c1ccccc1)c1c(c3c3ccccc3)cccc1)c1c2cccc1)(C)C,CC(C)(C)c1cccc2c3ccccc3n(-c3ccc4c(-c5ccccc5)c5ccccc5c(-c5ccccc5)c4c3)c12,340.0,,dichloromethane
NCCNc1ccc2c3c1cccc3c(=O)n(c2=O)CC(C)C,CC(C)CN1C(=O)c2cccc3c(NCCN)ccc(c23)C1=O,431.0,,Acetone
[O-][N+](=O)c1cc([N+](=O)[O-])c(c(c1)[N+](=O)[O-])O,O=[N+]([O-])c1cc([N+](=O)[O-])c(O)c([N+](=O)[O-])c1,436.0,31746.0,
Cc1ccc(c(c1)O)N=Cc1ccc[nH]1,Cc1ccc(N=Cc2ccc[nH]2)c(O)c1,359.0,,
Nc1noc(c1)C,Cc1cc(N)no1,310.0,,DMSO
c1ccc(cc1)c1ccc(s1)c1ccncn1,c1ccc(-c2ccc(-c3ccncn3)s2)cc1,348.0,,
[O-][N+](=O)c1ccc(cc1)N=Nc1ccc(c2c1cccn2)O,O=[N+]([O-])c1ccc(N=Nc2ccc(O)c3ncccc23)cc1,445.0,,DMSO
O=c1oc2ccccc2cc1c1csc(n1)N=Nc1c(C)n(c2c1cccc2)C,Cc1c(N=Nc2nc(-c3cc4ccccc4oc3=O)cs2)c2ccccc2n1C,462.0,36307.80548,DMSO
CSC1=C(C=Cc2ccc(cc2)N(CCO)C)CC(CC1=CC=CC1=C(C#N)C(=C(C#N)C#N)OC1(C)C)(C)C,CSC1=C(C=Cc2ccc(N(C)CCO)cc2)CC(C)(C)CC1=CC=CC1=C(C#N)C(=C(C#N)C#N)OC1(C)C,667.0,,
Brc1ccc(cc1)C=C1N=C(N(C1=O)C)C,CC1=NC(=Cc2ccc(Br)cc2)C(=O)N1C,360.0,,
Oc1c(=Cc2ccc(cc2)[N+](=O)[O-])c2nc3ccccc3[nH]c2c2c1cccc2,O=[N+]([O-])c1ccc(C=c2c(O)c3ccccc3c3c2=Nc2ccccc2N3)cc1,558.0,,THF
O=C1C=C(Nc2ccc(cc2)N2CCOCC2)C(=O)C=C1Nc1ccc(cc1)N1CCOCC1,O=C1C=C(Nc2ccc(N3CCOCC3)cc2)C(=O)C=C1Nc1ccc(N2CCOCC2)cc1,263.0,,
Cc1nc(c2n1ccc(c2)c1nnc(o1)c1cc(nn1Cc1ccccc1)c1ccccc1)Cl,Cc1nc(Cl)c2cc(-c3nnc(-c4cc(-c5ccccc5)nn4Cc4ccccc4)o3)ccn12,400.0,,
COc1ccc(cc1OC)c1nc2n(c1CO)cccc2,COc1ccc(-c2nc3ccccn3c2CO)cc1OC,323.0,,
CN(c1sc(c(n1)c1ccccc1)C1=C(O)C(=O)C1=O)C,CN(C)c1nc(-c2ccccc2)c(-c2c(O)c(=O)c2=O)s1,610.0,33000.0,barium sulfate
CCN(CCN(c1ccc(c2c1non2)[N+](=O)[O-])CCN(CC)N)N,CCN(N)CCN(CCN(N)CC)c1ccc([N+](=O)[O-])c2nonc12,345.0,,Acetone
c1ccc(cc1)C1=CC(=Cc2ccc(cc2)C=Cc2cc(nc(n2)c2ccccn2)c2ccccn2)C=C(O1)c1ccccc1,C(=Cc1cc(-c2ccccn2)nc(-c2ccccn2)n1)c1ccc(C=C2C=C(c3ccccc3)OC(c3ccccc3)=C2)cc1,460.0,,dichloromethane
c1ccc(cc1)N(c1ccccc1)c1ccc(cc1)c1ccc(s1)c1ccc(c2c1nsn2)c1cccs1,c1ccc(N(c2ccccc2)c2ccc(-c3ccc(-c4ccc(-c5cccs5)c5nsnc45)s3)cc2)cc1,495.0,,
Nc1nn2c(c1N=Nc1nc3c(s1)cccc3)nc(c(c2N)N=Nc1nccs1)N,Nc1nc2c(N=Nc3nc4ccccc4s3)c(N)nn2c(N)c1N=Nc1nccs1,509.0,,
N#CC(=C1C=C(C=Cc2ccc(cc2)N(c2ccccc2)c2ccccc2)CC(C1)(C)C)C#N,CC1(C)CC(C=Cc2ccc(N(c3ccccc3)c3ccccc3)cc2)=CC(=C(C#N)C#N)C1,494.0,,
C1COc2c(O1)c(sc2c1cc2c(s1)cccc2)c1cc2c(s1)cccc2,c1ccc2sc(-c3sc(-c4cc5ccccc5s4)c4c3OCCO4)cc2c1,395.0,,DCM
Brc1cccc(c1)Nc1nc2c(n1CCOc1ccccc1)cc1c(c2)c(C)c(c(=O)o1)C(=O)N,Cc1c(C(N)=O)c(=O)oc2cc3c(cc12)nc(Nc1cccc(Br)c1)n3CCOc1ccccc1,363.0,,ethanol
CCN(c1ccc(cc1)C=C(c1nc2c([nH]1)cc(cc2)C(=O)O)C#N)CC,CCN(CC)c1ccc(C=C(C#N)c2nc3ccc(C(=O)O)cc3[nH]2)cc1,421.0,17333.0,
c1ccc(cc1)c1cccc(n1)c1nccc(c1)c1ccc(cc1)C=Cc1ccc(cc1)C1C=CC=C2C1=Nc1c2cccc1,C1=CC(c2ccc(C=Cc3ccc(-c4ccnc(-c5cccc(-c6ccccc6)n5)c4)cc3)cc2)C2=Nc3ccccc3C2=C1,469.0,,DCM
Cc1cc(C)c(c(c1)C)N=C1C(=Nc2c(C)cc(cc2C)C)N=c2n1cccc2,Cc1cc(C)c(N=C2N=C3C=CC=CN3C2=Nc2c(C)cc(C)cc2C)c(C)c1,556.0,,THF
O=C1C(=Cc2cc(c(c(c2)C(C)(C)C)O)C(C)(C)C)C(=O)c2c1cccc2,CC(C)(C)c1cc(C=C2C(=O)c3ccccc3C2=O)cc(C(C)(C)C)c1O,508.0,15157.0,
CN(c1ccc(cc1)C=c1oc(=Cc2ccc3c(c2)cccc3)c2c1cccc2)C,CN(C)c1ccc(C=c2oc(=Cc3ccc4ccccc4c3)c3ccccc23)cc1,417.0,27500.0,
CCN(Cc1ccc2c(c1OC)nccc2)CC,CCN(CC)Cc1ccc2cccnc2c1OC,390.0,,MeOH
[O-][N+](=O)c1ccc(cc1)c1onc2c1c1cnn(c1cc2)C,Cn1ncc2c3c(-c4ccc([N+](=O)[O-])cc4)onc3ccc21,405.0,,
c1ccc(cc1)N(c1ccccc1)c1ccc(cc1)c1sc(c2c1cccc2)c1cccs1,c1ccc(N(c2ccccc2)c2ccc(-c3sc(-c4cccs4)c4ccccc34)cc2)cc1,457.0,,CH 2 Cl
N#Cc1c(N)nc(c(c1c1ccccc1)C#N)N,N#Cc1c(N)nc(N)c(C#N)c1-c1ccccc1,341.0,,THF
COc1cc(OC)cc(c1C=C1C(=O)Nc2c1cccc2)OC,COc1cc(OC)c(C=C2C(=O)Nc3ccccc32)c(OC)c1,654.0,,
Brc1ccc(cc1)C(=NNC(=Cc1ccc2c(n1)cccc2)C(C)(C)C)C,CC(=NNC(=Cc1ccc2ccccc2n1)C(C)(C)C)c1ccc(Br)cc1,442.0,,ethanol
O=C(c1ccccc1)Nc1ccccc1,O=C(Nc1ccccc1)c1ccccc1,266.0,,
CCOC(=O)C1=C(c2ccccc2)N(C(=O)C1=Cc1cccs1)C,CCOC(=O)C1=C(c2ccccc2)N(C)C(=O)C1=Cc1cccs1,537.0,20100.0,MTHF
c1csc(c1)C=Cc1ccc(s1)c1cnc2c(c1)ccc1c2nccc1,C(=Cc1ccc(-c2cnc3c(ccc4cccnc43)c2)s1)c1cccs1,498.0,19300.0,CH 2 Cl 2
COc1ccc(cc1)C#Cc1c(C#Cc2ccc(cc2)OC)c(C#Cc2ccc(cc2)OC)c(c(c1F)C#Cc1ccc(cc1)OC)F,COc1ccc(C#Cc2c(F)c(C#Cc3ccc(OC)cc3)c(C#Cc3ccc(OC)cc3)c(C#Cc3ccc(OC)cc3)c2F)cc1,425.0,,
c1ccc(nc1)N(c1ccccn1)Cc1ccccc1CN(c1ccccn1)c1ccccn1,c1ccc(N(Cc2ccccc2CN(c2ccccn2)c2ccccn2)c2ccccn2)nc1,308.0,,
Cc1nc(c2n1ccc(c2)c1nnc(o1)c1ccc(cc1Cl)Cl)Cl,Cc1nc(Cl)c2cc(-c3nnc(-c4ccc(Cl)cc4Cl)o3)ccn12,280.0,30930.0,dichloromethane
OC(=O)c1cccc(c1O)O,O=C(O)c1cccc(O)c1O,400.0,37100.0,
N#CC(=Cc1ccc(cc1)c1csc(c1)C=C(c1ccccc1)C#N)c1ccc(cc1)c1ccccc1,N#CC(=Cc1cc(-c2ccc(C=C(C#N)c3ccc(-c4ccccc4)cc3)cc2)cs1)c1ccccc1,366.0,,THF
FC(c1ccc(cc1)C1(C=Cc2c(O1)ccc1c2cccc1)c1ccccc1)(F)F,FC(F)(F)c1ccc(C2(c3ccccc3)C=Cc3c(ccc4ccccc34)O2)cc1,421.0,,
Cc1nc(c2n1ccc(c2)c1nnc(o1)COc1cccc(c1)C)Cl,Cc1cccc(OCc2nnc(-c3ccn4c(C)nc(Cl)c4c3)o2)c1,378.0,,CH3CN
c1ccc(cc1)N=Nc1nc2c(s1)cccc2,c1ccc(N=Nc2nc3ccccc3s2)cc1,332.0,,Methanol
[O-][N+](=O)c1cc2C(=CC=c3c4cccc5c4c(n3Cc3ccccc3)ccc5)c3c(c2c(c1)[N+](=O)[O-])c(cc(c3)[N+](=O)[O-])[N+](=O)[O-],O=[N+]([O-])c1cc2c(c([N+](=O)[O-])c1)-c1c(cc([N+](=O)[O-])cc1[N+](=O)[O-])C2=CC=c1c2cccc3cccc(c32)n1Cc1ccccc1,696.0,,Toluene
O=C1CN2C(N1)(C)C(c1c2c(cc(c1)c1ccc2c(c1)cccc2)c1ccc2c(c1)cccc2)(C)C,CC1(C)c2cc(-c3ccc4ccccc4c3)cc(-c3ccc4ccccc4c3)c2N2CC(=O)NC21C,299.0,38400.0,THF
CCOC(=O)C=Cc1cc2ccc(cc2oc1=O)O,CCOC(=O)C=Cc1cc2ccc(O)cc2oc1=O,367.0,5900.0,
COc1cc(c(cc1c1cccc(c1)C#N)OC)c1cccc(c1)C#N,COc1cc(-c2cccc(C#N)c2)c(OC)cc1-c1cccc(C#N)c1,411.0,,
COc1cccc(c1)c1ccc(c2c1[nH]c(n2)c1ccc(cc1)C=C(C(=O)O)C#N)c1cccc(c1)OC,COc1cccc(-c2ccc(-c3cccc(OC)c3)c3[nH]c(-c4ccc(C=C(C#N)C(=O)O)cc4)nc23)c1,360.0,,Chloroform
N#CC(=Cc1ccc(s1)c1ccc2c(c1)c1ccccc1n1c2cc2c1cc(cc2)C)C(=O)O,Cc1ccc2cc3c4ccc(-c5ccc(C=C(C#N)C(=O)O)s5)cc4c4ccccc4n3c2c1,453.0,,
O=Cc1c(O)c2ccccc2n(c1=O)c1ccccc1,O=Cc1c(O)c2ccccc2n(-c2ccccc2)c1=O,399.5,,MeOH
N#Cc1c2cc([nH]n2c(=N)c2c1c1CSc3c(c1oc2=O)cccc3)c1ccccc1,N#Cc1c2c3c(oc(=O)c2c(=N)n2[nH]c(-c4ccccc4)cc12)-c1ccccc1SC3,442.0,9792.0,DMF
OC(=C1C(=O)CC(CC1=O)(C)C)C=Cc1ccc(cc1)N(c1ccc(cc1)c1ccccc1)c1ccc(cc1)c1ccccc1,CC1(C)CC(=O)C(=C(O)C=Cc2ccc(N(c3ccc(-c4ccccc4)cc3)c3ccc(-c4ccccc4)cc3)cc2)C(=O)C1,483.0,,MeOH
Cc1cn2c3C(=O)c4ccccc4C(=O)c3c(c2cc1C)C(=O)c1ccccc1C(=O)O,Cc1cc2c(C(=O)c3ccccc3C(=O)O)c3c(n2cc1C)C(=O)c1ccccc1C3=O,509.0,8599.0,DMF
Cc1cc(C(c2ccccc2)c2ccccc2)c(c(c1)c1nc2c(n1Cc1ccccc1)cccc2)O,Cc1cc(-c2nc3ccccc3n2Cc2ccccc2)c(O)c(C(c2ccccc2)c2ccccc2)c1,220.0,,
Fc1ccccc1Nc1nnc(s1)c1cnccn1,Fc1ccccc1Nc1nnc(-c2cnccn2)s1,262.5,,
c1ccc(nc1)N(c1cc(cc(c1)n1c2ccccc2c2c1cccc2)n1c2ccccc2c2c1cccc2)c1ccccn1,c1ccc(N(c2cc(-n3c4ccccc4c4ccccc43)cc(-n3c4ccccc4c4ccccc43)c2)c2ccccn2)nc1,340.0,,
COc1ccc2c(c1)n(C)c1c(c2)c(=O)nc(n1)c1ccccc1,COc1ccc2cc3c(=O)nc(-c4ccccc4)nc-3n(C)c2c1,433.0,39810.71706,
c1ccc2c(c1)sc1c2ccs1,c1ccc2c(c1)sc1sccc12,276.0,,
CCN(c1ccc(cc1)C=Nc1nc(C#N)c(nc1C#N)N=Cc1ccc(cc1)N(CC)CC)CC,CCN(CC)c1ccc(C=Nc2nc(C#N)c(N=Cc3ccc(N(CC)CC)cc3)nc2C#N)cc1,529.0,80500.0,
CCN(c1ccc(cc1)N=Nc1nc2c(s1)cccc2)CC,CCN(CC)c1ccc(N=Nc2nc3ccccc3s2)cc1,511.0,54100.0,
CC(=O)SCc1ccc(cc1)I,CC(=O)SCc1ccc(I)cc1,348.0,,
N#Cc1c(C#N)nc(n1C)c1ccc(cc1)C#Cc1ccccc1,Cn1c(-c2ccc(C#Cc3ccccc3)cc2)nc(C#N)c1C#N,308.0,,
C(Cn1c2ccc(cc2c2c1ccc(c2)c1cccs1)c1cccs1)CC,CCCCn1c2ccc(-c3cccs3)cc2c2cc(-c3cccs3)ccc21,350.0,,
O=CC=Cc1ccc(s1)c1ccc(cc1)N(C)C,CN(C)c1ccc(-c2ccc(C=CC=O)s2)cc1,432.0,,
CC1(C)c2cc(ccc2N(c2c1cccc2)c1ccccc1)c1cccc(c1)c1nc2c(n1c1ccccc1)c1ccccc1c1c2cccc1,CC1(C)c2ccccc2N(c2ccccc2)c2ccc(-c3cccc(-c4nc5c6ccccc6c6ccccc6c5n4-c4ccccc4)c3)cc21,324.0,,THF
COc1ccc(cc1)C#Cc1c(F)c(F)c(c(c1F)F)C#Cc1ccc(cc1)OC,COc1ccc(C#Cc2c(F)c(F)c(C#Cc3ccc(OC)cc3)c(F)c2F)cc1,362.0,,dichloromethane
CC1=NC(=Cc2ccccc2)C(=O)N1C,CC1=NC(=Cc2ccccc2)C(=O)N1C,357.0,,
COc1cc(C=Cc2ccnc3c2cccc3)ccc1OC,COc1ccc(C=Cc2ccnc3ccccc23)cc1OC,353.0,,
c1ccc(cc1)C1=CC(=Cc2ccc(cc2)C=Cc2cnc3c(n2)cccc3)C=C(O1)c1ccccc1,C(=Cc1cnc2ccccc2n1)c1ccc(C=C2C=C(c3ccccc3)OC(c3ccccc3)=C2)cc1,450.0,,dichloromethane
Clc1ccccc1,Clc1ccccc1,266.0,,
COc1ccc(cc1)c1cc2c3n1c1ccccc1sc3cc(c2)c1ccc(s1)C=C(C(=O)O)C#N,COc1ccc(-c2cc3cc(-c4ccc(C=C(C#N)C(=O)O)s4)cc4c3n2-c2ccccc2S4)cc1,400.0,,
COc1ccc(s1)C#Cc1cccc(n1)c1cccc(n1)C#Cc1ccc(s1)OC,COc1ccc(C#Cc2cccc(-c3cccc(C#Cc4ccc(OC)s4)n3)n2)s1,349.0,,ACN
Fc1ccc(cc1)Nc1nnc(s1)c1cnccn1,Fc1ccc(Nc2nnc(-c3cnccn3)s2)cc1,264.0,,
BrCCOc1ccc(cc1)N=Nc1ccc(cc1)[N+](=O)[O-],O=[N+]([O-])c1ccc(N=Nc2ccc(OCCBr)cc2)cc1,360.7,,
CN(c1ccc2c(c1)cc1c(c2)C(=O)N(C1=O)c1ccccc1)C,CN(C)c1ccc2cc3c(cc2c1)C(=O)N(c1ccccc1)C3=O,390.0,,
O=c1oc2ccccc2cc1c1csc(n1)N=Nc1c2ccccc2n(c1c1ccccc1)C,Cn1c(-c2ccccc2)c(N=Nc2nc(-c3cc4ccccc4oc3=O)cs2)c2ccccc21,471.0,28840.31503,DMSO
OC[C@H]1O[C@H]([C@@H]([C@@H]1O)O)n1cnc2c1ncnc2O,OC[C@H]1O[C@@H](n2cnc3c(O)ncnc32)[C@H](O)[C@@H]1O,249.0,,
COc1ccc2c(c1)cc1c(n2)nc(cc1)c1ccc(cc1)Cl,COc1ccc2nc3nc(-c4ccc(Cl)cc4)ccc3cc2c1,403.0,,acetone
[O-][N+](=O)c1ccc2c(c1)oc(n2)c1ccc(c2c1cccc2)c1nc2c(o1)cc(cc2)[N+](=O)[O-],O=[N+]([O-])c1ccc2nc(-c3ccc(-c4nc5ccc([N+](=O)[O-])cc5o4)c4ccccc34)oc2c1,353.0,,
[O-][N+](=Cc1ccc2c(c1)Sc1c(N2C)cccc1)c1ccc(cc1)C(=O)C,CC(=O)c1ccc([N+]([O-])=Cc2ccc3c(c2)Sc2ccccc2N3C)cc1,312.0,,dichloromethane
CCN(c1c(F)c2nc3c(F)c(F)c(c(c3nc2c(c1F)F)F)F)CC,CCN(CC)c1c(F)c(F)c2nc3c(F)c(F)c(F)c(F)c3nc2c1F,470.0,,
Fc1c2sc3ccccc3[nH]c2c2c(c1F)c(=O)c1c(c2=O)cccc1,O=c1c2ccccc2c(=O)c2c1c(F)c(F)c1sc3ccccc3[nH]c12,579.0,,
O=C(c1ccc(cc1)Cn1c2ccccc2c2c1cccc2)NN=Cc1cccc(c1)[N+](=O)[O-],O=C(NN=Cc1cccc([N+](=O)[O-])c1)c1ccc(Cn2c3ccccc3c3ccccc32)cc1,296.0,,
CCOC(=O)C=c1sc2=NC3=C(C(n2c1=O)c1ccc(cc1)OC)C3=Cc1ccc(cc1)OC,CCOC(=O)C=c1sc2n(c1=O)C(c1ccc(OC)cc1)C1=C(N=2)C1=Cc1ccc(OC)cc1,317.17,,
Clc1ccc2c(c1)nccc2n1nnc(c1C)C(=O)C=Cc1ccc(cc1)N(C)C,Cc1c(C(=O)C=Cc2ccc(N(C)C)cc2)nnn1-c1ccnc2cc(Cl)ccc12,237.0,,methanol
Nc1cnc2c(c1)cccc2,Nc1cnc2ccccc2c1,355.0,,DMSO
COC(=O)c1ccc(nc1)c1ccc(cn1)c1ccc(cc1)Cl,COC(=O)c1ccc(-c2ccc(-c3ccc(Cl)cc3)cn2)nc1,333.0,,
CNC(Cc1ccc(cc1)I)C,CNC(C)Cc1ccc(I)cc1,485.6,,Water
c1ccc2c(c1)occ2,c1ccc2occc2c1,318.0,,
Clc1ccc(cc1)c1cc(n(n1)Cc1ccc(cc1)C(C)(C)C)c1nnc(o1)COc1ccc(cc1)C,Cc1ccc(OCc2nnc(-c3cc(-c4ccc(Cl)cc4)nn3Cc3ccc(C(C)(C)C)cc3)o2)cc1,260.0,35950.0,DCM
COc1ccc(cc1)c1c(N=Nc2ccc(cc2)[N+](=O)[O-])sc(c1C#N)N,COc1ccc(-c2c(N=Nc3ccc([N+](=O)[O-])cc3)sc(N)c2C#N)cc1,572.0,26302.67992,Acetone
N#CC(=Cc1ccc(cc1)c1csc(c1)C=C(c1ccccc1)C#N)c1ccc(cc1)c1cc(C)cc(c1)C,Cc1cc(C)cc(-c2ccc(C(C#N)=Cc3ccc(-c4csc(C=C(C#N)c5ccccc5)c4)cc3)cc2)c1,370.0,,THF
Cc1nc(c2n1ccc(c2)c1nnc(o1)COc1ccccc1)Cl,Cc1nc(Cl)c2cc(-c3nnc(COc4ccccc4)o3)ccn12,377.0,,CH3CN
Clc1ccc(cc1)C=C1N=C(N(C1=O)C)C,CC1=NC(=Cc2ccc(Cl)cc2)C(=O)N1C,358.0,,
CN(c1ccc(cc1)C=Cc1ccc2c(c1)C(=O)c1c(C2=O)ccc(c1)C=Cc1ccc(cc1)N(C)C)C,CN(C)c1ccc(C=Cc2ccc3c(c2)C(=O)c2cc(C=Cc4ccc(N(C)C)cc4)ccc2C3=O)cc1,495.0,,
Cc1ccc(cc1)NC(C1=C(O)C(=O)c2c(C1=O)cccc2)c1ccccc1,Cc1ccc(NC(C2=C(O)C(=O)c3ccccc3C2=O)c2ccccc2)cc1,477.0,2818.382931,
c1ccc(cc1)N=Cc1ccccc1,C(=Nc1ccccc1)c1ccccc1,604.0,,
N#CC(=CN1C(=O)CCc2c1cccc2)C(=O)O,N#CC(=CN1C(=O)CCc2ccccc21)C(=O)O,469.0,,
O=c1oc2ccccc2c(c1N=Nc1ccccn1)O,O=c1oc2ccccc2c(O)c1N=Nc1ccccn1,293.0,,Methanol
N#CC(=C1C=C(C=Cc2ccc(cc2)N(c2ccccc2)c2ccccc2)OC(=C1)C=Cc1ccc(cc1)N(c1ccccc1)c1ccccc1)C#N,N#CC(C#N)=C1C=C(C=Cc2ccc(N(c3ccccc3)c3ccccc3)cc2)OC(C=Cc2ccc(N(c3ccccc3)c3ccccc3)cc2)=C1,489.0,,chloroform
C(=O)c1cccnc1,O=Cc1cccnc1,640.0,,
CCOc1ccc(cc1)C1CC(=NN1c1ccc(c(c1)C)C)c1ccc(cc1)Cl,CCOc1ccc(C2CC(c3ccc(Cl)cc3)=NN2c2ccc(C)c(C)c2)cc1,414.0,,
c1ccc(cn1)c1cc(cc(c1)c1cccnc1)c1ccccc1c1cccc(c1)n1c2ccccc2c2c1cccc2,c1cncc(-c2cc(-c3cccnc3)cc(-c3ccccc3-c3cccc(-n4c5ccccc5c5ccccc54)c3)c2)c1,239.0,,
[O-][N+](=O)c1ccc(cc1)C=Cc1sccc1c1ccsc1C=Cc1ccc(cc1)[N+](=O)[O-],O=[N+]([O-])c1ccc(C=Cc2sccc2-c2ccsc2C=Cc2ccc([N+](=O)[O-])cc2)cc1,282.0,,
C1(C)c2cc3nc([nH]c3cc2c2c1cc1nc([nH]c1c2)c1ccc(cc1)[N+](=O)[O-])c1ccc(cc1)[N+](=O)[O-],CC1c2cc3nc(-c4ccc([N+](=O)[O-])cc4)[nH]c3cc2-c2cc3[nH]c(-c4ccc([N+](=O)[O-])cc4)nc3cc21,443.0,,
Clc1ccccc1C=c1oc(=Cc2ccc(cc2)N(C)C)c2c1cccc2,CN(C)c1ccc(C=c2oc(=Cc3ccccc3Cl)c3ccccc23)cc1,402.0,32800.0,
O=C(n1nnc2c1c1ccccc1n2S(=O)(=O)c1ccccc1)OC(C)(C)C,CC(C)(C)OC(=O)n1nnc2c1c1ccccc1n2S(=O)(=O)c1ccccc1,201.0,,
COC(=O)c1cc2nc3n(CC)c4c(c3nc2cc1C(=O)OC)cccc4,CCn1c2ccccc2c2nc3cc(C(=O)OC)c(C(=O)OC)cc3nc21,410.0,,DMF
Fc1ccc(cc1)c1nnc(s1)N=Nc1ccc(s1)c1cccs1,Fc1ccc(-c2nnc(N=Nc3ccc(-c4cccs4)s3)s2)cc1,515.0,,DMSO
CCNC[C@H]1O[C@H]([C@@H]([C@@H]1O)O)N1[C@H](NC)N=C2C1=NC=N[C@H]2N,CCNC[C@H]1O[C@@H](N2C3=NC=N[C@@H](N)C3=N[C@H]2NC)[C@H](O)[C@@H]1O,637.0,,
CN(c1ccccc1)c1ccccc1,CN(c1ccccc1)c1ccccc1,440.0,,
O=C1OC(OC(=O)C1)Nc1ccccc1,O=C1CC(=O)OC(Nc2ccccc2)O1,569.0,,Dioxane
N#CC(=Cc1ccc(s1)C=C1c2cc(ccc2c2c1cc(cc2)N(c1ccccc1)c1ccccc1)N(c1ccccc1)c1ccccc1)C(=O)O,N#CC(=Cc1ccc(C=C2c3cc(N(c4ccccc4)c4ccccc4)ccc3-c3ccc(N(c4ccccc4)c4ccccc4)cc32)s1)C(=O)O,435.0,22120.0,
Cn1c2cc(ccc2n(c1=S)C)N(c1ccc2c(c1)n(C)c(=S)n2C)c1ccc(cc1)c1ccc(cc1)c1ccc(s1)C=C(C(=O)O)C#N,Cn1c(=S)n(C)c2cc(N(c3ccc(-c4ccc(-c5ccc(C=C(C#N)C(=O)O)s5)cc4)cc3)c3ccc4c(c3)n(C)c(=S)n4C)ccc21,460.0,31200.0,
OC[C@H]1O[C@H](C[C@@H]1O)n1cc(C)c(=O)[nH]c1=O,Cc1cn([C@H]2C[C@H](O)[C@@H](CO)O2)c(=O)[nH]c1=O,260.0,,
CCCn1c(nc(c1c1ccccc1)c1ccccc1)c1ccc(cc1)[N+](=O)[O-],CCCn1c(-c2ccc([N+](=O)[O-])cc2)nc(-c2ccccc2)c1-c1ccccc1,396.0,,
N#CC(=Cc1ccc(cc1)N(c1ccccc1)c1ccccc1)c1ccc(cc1)Cl,N#CC(=Cc1ccc(N(c2ccccc2)c2ccccc2)cc1)c1ccc(Cl)cc1,409.0,,Cyclohexane
NC(C(=O)O)Cc1ccccc1,NC(Cc1ccccc1)C(=O)O,241.0,,Water
CSc1ccccc1N=Nc1nc2c(s1)cc(cc2)[N+](=O)[O-],CSc1ccccc1N=Nc1nc2ccc([N+](=O)[O-])cc2s1,466.0,,Methanol
Cc1cc(c(s1)C)C1=C(C(=O)CC1)c1cccc2c1cccc2,Cc1cc(C2=C(c3cccc4ccccc34)C(=O)CC2)c(C)s1,295.0,,
Cc1ccc(cc1)c1ccc2c(n1)nc1c(c2)cccc1,Cc1ccc(-c2ccc3cc4ccccc4nc3n2)cc1,388.0,,acetone
Nc1ccn(c(=O)n1)C1OC[C@]([C@H]1O)(O)CO,Nc1ccn(C2OC[C@](O)(CO)[C@H]2O)c(=O)n1,274.0,,
c1ccc(cc1)c1ccc(cc1)C#Cc1ccc(cc1)N=Nc1ccc(cc1)C#Cc1ccc(cc1)c1ccccc1,C(#Cc1ccc(-c2ccccc2)cc1)c1ccc(N=Nc2ccc(C#Cc3ccc(-c4ccccc4)cc3)cc2)cc1,334.0,,
Cn1c(C=Cc2ccccc2)nc(c1c1ccccc1)c1ccccc1,Cn1c(C=Cc2ccccc2)nc(-c2ccccc2)c1-c1ccccc1,391.0,,
[O-][N+](=O)c1ccc2c3c1cccc3c1c2nc2c(n1)cccc2,O=[N+]([O-])c1ccc2c3c(cccc13)-c1nc3ccccc3nc1-2,328.0,,
S=C(Nc1nccc(c1)C)NCc1ccccc1,Cc1ccnc(NC(=S)NCc2ccccc2)c1,315.0,,
COc1c(C=Cc2ccccc2)sc2c1cc1sc(c(c1c2)OC)C=Cc1ccccc1,COc1c(C=Cc2ccccc2)sc2cc3c(OC)c(C=Cc4ccccc4)sc3cc12,452.0,,
Brc1ccc(cc1)N=Nc1ccc(c(c1)C=Nc1ccccc1)O,Oc1ccc(N=Nc2ccc(Br)cc2)cc1C=Nc1ccccc1,390.0,,
C=COC(=O)c1c2ccccc2cc2c1cccc2,C=COC(=O)c1c2ccccc2cc2ccccc12,365.0,,Acetonitrile
N#CC(=Cc1ccc(s1)c1ccc(c2c1nsn2)c1ccc(cc1)n1c2ccccc2c2c1cccc2)C(=O)O,N#CC(=Cc1ccc(-c2ccc(-c3ccc(-n4c5ccccc5c5ccccc54)cc3)c3nsnc23)s1)C(=O)O,445.0,23993.0,
COc1cc(ccc1O)C(=O)C,COc1cc(C(C)=O)ccc1O,304.0,,
c1ccc(cc1)Cc1[nH]c2c(n1)c1ccc3c(c1cc2)cccc3,c1ccc(Cc2nc3c(ccc4c5ccccc5ccc43)[nH]2)cc1,365.0,,MeCN
n1ccc(nc1)c1ccc(s1)c1ccc(cc1)n1c2ccccc2c2c1cccc2,c1ccc2c(c1)c1ccccc1n2-c1ccc(-c2ccc(-c3ccncn3)s2)cc1,367.0,236000.0,DMSO
COc1c(sc2c1cc1sc(c(c1c2)OC)c1ccccc1)c1ccccc1,COc1c(-c2ccccc2)sc2cc3c(OC)c(-c4ccccc4)sc3cc12,410.0,,
FC(c1cccc(c1)C1(C=Cc2c(O1)ccc1c2cccc1)c1ccccc1)(F)F,FC(F)(F)c1cccc(C2(c3ccccc3)C=Cc3c(ccc4ccccc34)O2)c1,420.0,,
Cc1ccccc1C(=O)[C@@H]1O[C@H]1c1ccccc1,Cc1ccccc1C(=O)[C@@H]1O[C@H]1c1ccccc1,335.0,25200.0,
CCN(c1ccccc1)C(=O)O,CCN(C(=O)O)c1ccccc1,558.0,11042.0,
COc1ccc(cc1)c1cc(n(n1)Cc1ccc(cc1)C(C)(C)C)c1nnc(o1)c1cccc(c1)Br,COc1ccc(-c2cc(-c3nnc(-c4cccc(Br)c4)o3)n(Cc3ccc(C(C)(C)C)cc3)n2)cc1,275.0,,dichloromethane
N#CC1CC(N2C1c1ccccc1C=N2)C(=O)N,N#CC1CC(C(N)=O)N2N=Cc3ccccc3C12,439.0,,ethanol
COC(=O)[C@@H](NC(=O)OC(C)(C)C)Cc1ccc2c(c1)nc(o2)c1cc2c(o1)cccc2,COC(=O)[C@H](Cc1ccc2oc(-c3cc4ccccc4o3)nc2c1)NC(=O)OC(C)(C)C,341.0,,
Nc1nc2nc[nH]c2c(n1)c1nccs1,Nc1nc(-c2nccs2)c2[nH]cnc2n1,359.0,,
COc1ccc(cc1)C(=Cc1ccc(cc1)C=O)c1ccc(cc1)OC,COc1ccc(C(=Cc2ccc(C=O)cc2)c2ccc(OC)cc2)cc1,292.0,,
COC(=O)c1ccc(c(c1)OC)O,COC(=O)c1ccc(O)c(OC)c1,322.0,,
C1CC[C@H]([C@@H](C1)NCc1cscc1)NCc1cscc1,c1cc(CN[C@@H]2CCCC[C@H]2NCc2ccsc2)cs1,300.0,,ethanol
Oc1ccc(cc1)N=Nc1ccc(cc1)N=Nc1ccc(cc1)S(=O)(=O)NC(=O)c1ccccc1,O=C(NS(=O)(=O)c1ccc(N=Nc2ccc(N=Nc3ccc(O)cc3)cc2)cc1)c1ccccc1,361.0,,
CN(c1ccc(cc1)C=C1CCn2c1nc1sc(c(c1c2=O)C)C)C,Cc1sc2nc3n(c(=O)c2c1C)CCC3=Cc1ccc(N(C)C)cc1,449.0,,
N#Cc1ccc(cc1)NC(=O)c1sc2c(c1Cl)ccs2,N#Cc1ccc(NC(=O)c2sc3sccc3c2Cl)cc1,295.0,9900.0,
CCOC(=O)c1c[nH]c2c(c1=O)cc(c(c2)c1nc2c(o1)cccc2)O,CCOC(=O)c1c[nH]c2cc(-c3nc4ccccc4o3)c(O)cc2c1=O,597.0,,Chloroform
CN1C(=O)C(=C(C1=O)c1c[nH]c2c1cccc2)c1ccccc1,CN1C(=O)C(c2ccccc2)=C(c2c[nH]c3ccccc23)C1=O,436.0,,
Cc1ccc(cc1)N=Nc1c([nH]c2c1cccc2)c1ccccc1,Cc1ccc(N=Nc2c(-c3ccccc3)[nH]c3ccccc23)cc1,401.0,53703.17964,DMSO
N#Cc1ccc(cc1)C=Cc1ccc2c(c1)oc(=O)cc2C,Cc1cc(=O)oc2cc(C=Cc3ccc(C#N)cc3)ccc12,356.0,,
C(OCCOc1ccccc1n1cnnn1)COCCOc1ccccc1n1cnnn1,c1ccc(-n2cnnn2)c(OCCOCCOCCOc2ccccc2-n2cnnn2)c1,210.0,58433.0,
COc1c(OC)cc(cc1OC)c1nc2CCc3c(c2c2c1c1ccccc1CC2)cccc3,COc1cc(-c2nc3c(c4c2-c2ccccc2CC4)-c2ccccc2CC3)cc(OC)c1OC,321.0,59200.0,chloroform
COc1ccc2c(c1)c1cc(C)ccc1c(c2)C#N,COc1ccc2cc(C#N)c3ccc(C)cc3c2c1,279.0,,
c1ccc(cc1)[C@@H]1N=C(c2cccs2)C(=N[C@H]1c1ccccc1)c1cccs1,c1ccc([C@@H]2N=C(c3cccs3)C(c3cccs3)=N[C@H]2c2ccccc2)cc1,389.0,,
CC[Si](c1cc2ccc3c4c2c(c1C(=O)NC(C)(C)C)ccc4ccc3)(CC)CC,CC[Si](CC)(CC)c1cc2ccc3cccc4ccc(c1C(=O)NC(C)(C)C)c2c34,410.0,,
[O-]C(=O)c1ccccc1c1c2cc3CCCN4c3c(c2[o+]c2c1cc1CCCN3c1c2CCC3)CCC4,O=C([O-])c1ccccc1-c1c2cc3c4c(c2[o+]c2c5c6c(cc12)CCCN6CCC5)CCCN4CCC3,586.0,48056.0,DMSO
COc1ccc(cc1)n1c(ccc1c1cccs1)N=Nc1ncc(s1)C=O,COc1ccc(-n2c(N=Nc3ncc(C=O)s3)ccc2-c2cccs2)cc1,565.0,39720.0,Dioxane
COc1ccc(cc1)n1c(nc2c1c1ccccc1c1c2cccc1)c1ccc(cc1)F,COc1ccc(-n2c(-c3ccc(F)cc3)nc3c4ccccc4c4ccccc4c32)cc1,345.0,,
COc1ccc(cc1)c1sc(c(c1)C#N)c1sc(cc1C#N)c1ccc(cc1)OC,COc1ccc(-c2cc(C#N)c(-c3sc(-c4ccc(OC)cc4)cc3C#N)s2)cc1,407.0,24547.08916,
C=Cc1ccc(cc1)CN(c1ccc2c(c1)C(=O)c1c(C2=O)cccc1)Cc1ccc(cc1)C=C,C=Cc1ccc(CN(Cc2ccc(C=C)cc2)c2ccc3c(c2)C(=O)c2ccccc2C3=O)cc1,314.0,,
OC[C@H]1O[C@H]([C@@H]([C@@H]1O)O)n1ccc(nc1=O)N,Nc1ccn([C@@H]2O[C@H](CO)[C@@H](O)[C@H]2O)c(=O)n1,261.0,,
c1ccc(cc1)Cn1nc(cc1c1nnc(o1)c1ccccc1)c1ccccc1,c1ccc(Cn2nc(-c3ccccc3)cc2-c2nnc(-c3ccccc3)o2)cc1,271.0,,dichloromethane
N#Cc1ccc(s1)c1ccc(s1)C1=CCC(CC1)c1ccccc1,N#Cc1ccc(-c2ccc(C3=CCC(c4ccccc4)CC3)s2)s1,373.0,,EtOH
CCC(=O)c1ccc2c(c1)ccc(c2)N(C)C,CCC(=O)c1ccc2cc(N(C)C)ccc2c1,361.0,,
c1ccc(cc1)C=Cc1nc(c(n1Cc1ccccc1)c1ccco1)c1ccco1,C(=Cc1nc(-c2ccco2)c(-c2ccco2)n1Cc1ccccc1)c1ccccc1,345.0,,
Cc1ccsc1c1sc(c2c1cccc2)c1ccc(s1)c1ccc2c(c1)C(C)(C)c1c2cccc1,Cc1ccsc1-c1sc(-c2ccc(-c3ccc4c(c3)C(C)(C)c3ccccc3-4)s2)c2ccccc12,450.0,,CH 2 Cl
Fc1ccc(cc1)C(C1=C(O)C(=O)c2c(C1=O)cccc2)Nc1ccc(cc1)C,Cc1ccc(NC(C2=C(O)C(=O)c3ccccc3C2=O)c2ccc(F)cc2)cc1,469.0,3548.133892,
N#Cc1cnn2c1nc(C)c1c2N(CC1)c1cccc(c1)Br,Cc1nc2c(C#N)cnn2c2c1CCN2c1cccc(Br)c1,370.0,,
CCOC(=O)C(=[N+](c1ccccc1)[O-])c1ccccc1,CCOC(=O)C(c1ccccc1)=[N+]([O-])c1ccccc1,620.0,,Methylene chloride
c1ccc2c(c1)nsn2,c1ccc2nsnc2c1,449.0,,
S=c1n(c2ccccc2)c(c(n1c1ccccc1)P(=S)(c1ccccc1)c1ccccc1)P(=S)(c1ccccc1)c1ccccc1,S=c1n(-c2ccccc2)c(P(=S)(c2ccccc2)c2ccccc2)c(P(=S)(c2ccccc2)c2ccccc2)n1-c1ccccc1,270.0,,
O=NN1CCCc2c1c1N(N=O)CCCc1cc2,O=NN1CCCc2ccc3c(c21)N(N=O)CCC3,328.0,,
OCc1ccc(cc1)N(c1ccccc1)c1ccc(cc1)C=C(c1ccc(cc1)[N+](=O)[O-])C#N,N#CC(=Cc1ccc(N(c2ccccc2)c2ccc(CO)cc2)cc1)c1ccc([N+](=O)[O-])cc1,455.0,,
N#Cc1ccc(cc1)C=Cc1ccc(cc1)N(C)C,CN(C)c1ccc(C=Cc2ccc(C#N)cc2)cc1,386.0,,ACN
Clc1ccc2c(c1)nccc2n1nnc(c1C)C(=O)C=Cc1cccc(c1)[N+](=O)[O-],Cc1c(C(=O)C=Cc2cccc([N+](=O)[O-])c2)nnn1-c1ccnc2cc(Cl)ccc12,233.0,,methanol
Cc1ccc(cc1)C(=O)[C@@H]1O[C@H]1c1ccc(cc1)C,Cc1ccc(C(=O)[C@@H]2O[C@H]2c2ccc(C)cc2)cc1,330.0,,
c1ccc(cc1)CC1(SC(=CC(=C1)c1ccccc1)c1ccccc1)c1ccccc1,C1=C(c2ccccc2)C=C(c2ccccc2)SC1(Cc1ccccc1)c1ccccc1,349.0,,EtOH
Cc1cc(C)c(c(c1)C)B(c1c(C)cc(cc1C)C)c1ccc(s1)c1cc2c(n1C)cccc2,Cc1cc(C)c(B(c2ccc(-c3cc4ccccc4n3C)s2)c2c(C)cc(C)cc2C)c(C)c1,395.0,20200.0,C6H12
COc1ccc(cc1)c1c2cccc(c2nnc1[Si](C)(C)C)c1ccc(cc1)C(F)(F)F,COc1ccc(-c2c([Si](C)(C)C)nnc3c(-c4ccc(C(F)(F)F)cc4)cccc23)cc1,355.0,,
c1ccc(cc1)C=Cc1sccc1c1ccsc1C=Cc1ccccc1,C(=Cc1sccc1-c1ccsc1C=Cc1ccccc1)c1ccccc1,288.0,,
OC(=O)c1ccccc1O,O=C(O)c1ccccc1O,525.0,,
ClC(=O)Cc1ccccc1F,O=C(Cl)Cc1ccccc1F,357.0,,MeOH
N#Cc1ccc(cc1)C#N,N#Cc1ccc(C#N)cc1,442.0,15488.16619,
COc1ccc(cc1)C(=O)Oc1c(cc(cc1[N+](=O)[O-])[N+](=O)[O-])[N+](=O)[O-],COc1ccc(C(=O)Oc2c([N+](=O)[O-])cc([N+](=O)[O-])cc2[N+](=O)[O-])cc1,260.0,23659.19697,
c1ccc(cc1)c1ccc2c3c1ccc1c3c(cc2)c(cc1)c1ccccc1,c1ccc(-c2ccc3ccc4c(-c5ccccc5)ccc5ccc2c3c54)cc1,356.0,40000.0,
C#Cc1ccc(cc1)N(c1ccc(cc1)C#C)c1ccc(cc1)C=C1C(=O)c2c(C1=O)cccc2,C#Cc1ccc(N(c2ccc(C#C)cc2)c2ccc(C=C3C(=O)c4ccccc4C3=O)cc2)cc1,502.0,,
OCCNC(=O)C(=CC=CC=Cc1ccc(cc1)N(CCO)CCO)C#N,N#CC(=CC=CC=Cc1ccc(N(CCO)CCO)cc1)C(=O)NCCO,480.0,,
OC(c1ccccc1)Cc1ccnc(c1)c1nccc(c1)CC(c1ccccc1)O,OC(Cc1ccnc(-c2cc(CC(O)c3ccccc3)ccn2)c1)c1ccccc1,241.0,,
Cc1ccc2c(c1)sc(n2)N=Nc1c(N)nc2n(c1N)nc(c2N=Nc1nc2c(s1)cccc2)N,Cc1ccc2nc(N=Nc3c(N)nc4c(N=Nc5nc6ccccc6s5)c(N)nn4c3N)sc2c1,525.0,,
[O-][N+](=O)c1ccc(cc1)C=NNC(=Cc1ccc2c(n1)cccc2)C(C)(C)C,CC(C)(C)C(=Cc1ccc2ccccc2n1)NN=Cc1ccc([N+](=O)[O-])cc1,460.0,,ethanol
Clc1ccc(cc1)C(=O)[C@@H]1O[C@H]1c1ccccc1,O=C(c1ccc(Cl)cc1)[C@@H]1O[C@H]1c1ccccc1,320.0,,
N#Cc1ccc(cc1)n1ccc2c1nc(nc2c1ccccc1)c1ccccc1,N#Cc1ccc(-n2ccc3c(-c4ccccc4)nc(-c4ccccc4)nc32)cc1,326.0,,
C#Cc1sc(cc1C1=C(c2cc(sc2C#C)C)C(C(C1(F)F)(F)F)(F)F)C,C#Cc1sc(C)cc1C1=C(c2cc(C)sc2C#C)C(F)(F)C(F)(F)C1(F)F,500.0,,
Cc1ccc2c(c1)nc([nH]2)CC(c1[nH]c2c(n1)cc(cc2)C)N,Cc1ccc2[nH]c(CC(N)c3nc4cc(C)ccc4[nH]3)nc2c1,282.0,,
COc1cc(c2ccccc2)c(cc1c1ccccc1)OC,COc1cc(-c2ccccc2)c(OC)cc1-c1ccccc1,385.0,,
N#CC(=Cc1c2ccccc2cc2c1cccc2)c1ccc(cc1)N(c1cccc2c1cccc2)c1ccccc1,N#CC(=Cc1c2ccccc2cc2ccccc12)c1ccc(N(c2ccccc2)c2cccc3ccccc23)cc1,401.0,,THF
BrCCOc1ccc(cc1)N=Nc1ccc(c(c1)Cl)F,Fc1ccc(N=Nc2ccc(OCCBr)cc2)cc1Cl,350.7,,
CCOc1ccc(cc1)c1nc(c2ccc(cc2)OC)c2c(n1)n(cc2)c1ccccc1,CCOc1ccc(-c2nc(-c3ccc(OC)cc3)c3ccn(-c4ccccc4)c3n2)cc1,330.0,,
O=C(n1c(=O)c2c(c1c1ccc(cc1)C=Cc1ccccc1)c(=O)n(c2c1ccc(cc1)C=Cc1ccccc1)C(=O)OC(C)(C)C)OC(C)(C)C,CC(C)(C)OC(=O)N1C(=O)C2=C(c3ccc(C=Cc4ccccc4)cc3)N(C(=O)OC(C)(C)C)C(=O)C2=C1c1ccc(C=Cc2ccccc2)cc1,479.0,17400.0,dichloromethane
O=C(Nc1ccc2c(c1)cc1c(c2)cccc1)NCC12CC3CC(C1)CC(C2)(C3)CNC(=O)Nc1ccc2c(c1)cc1c(c2)cccc1,O=C(NCC12CC3CC(C1)CC(CNC(=O)Nc1ccc4cc5ccccc5cc4c1)(C3)C2)Nc1ccc2cc3ccccc3cc2c1,407.0,,DMSO
Oc1ccc(cc1)C1=C(O)C(=O)C1=O,O=c1c(O)c(-c2ccc(O)cc2)c1=O,335.0,,methanol
Oc1ccccc1c1nc2n(c1)cccc2,Oc1ccccc1-c1cn2ccccc2n1,337.0,,Cyclohexane
OC1c2cc3ccc4c5c3c(c2C(=O)N1C(C)(C)C)ccc5ccc4,CC(C)(C)N1C(=O)c2c(cc3ccc4cccc5ccc2c3c45)C1O,469.0,,
COc1cccc(c1)n1cccc1,COc1cccc(-n2cccc2)c1,320.0,,CHCl3
Nc1nc2c(N=Nc3ccccc3)c(nn2c(c1N=Nc1nc2c(s1)cccc2)N)N,Nc1nc2c(N=Nc3ccccc3)c(N)nn2c(N)c1N=Nc1nc2ccccc2s1,489.0,,
c1ccc(cc1)N(c1cccc2c1cccc2)c1ccc(cc1)c1nc2c(s1)cccc2,c1ccc(N(c2ccc(-c3nc4ccccc4s3)cc2)c2cccc3ccccc23)cc1,374.0,,
Cc1cc(ccc1O)C1(OS(=O)(=O)c2c1cccc2)c1ccc(c(c1)C)O,Cc1cc(C2(c3ccc(O)c(C)c3)OS(=O)(=O)c3ccccc32)ccc1O,573.0,,
Cc1nn(c(c1c1nc2c([nH]1)cccc2)C)c1ccccc1,Cc1nn(-c2ccccc2)c(C)c1-c1nc2ccccc2[nH]1,294.0,,
OCCN(c1ccc(cc1)C=CC=CC=C(C(=O)NC(CO)(CO)CO)C#N)CCO,N#CC(=CC=CC=Cc1ccc(N(CCO)CCO)cc1)C(=O)NC(CO)(CO)CO,481.0,,
Cc1ccc(cc1)N(c1ccc2c(c1)Cc1c2ccc(c1)c1ccc(cc1)C=C(C(=O)O)C#N)c1ccc(cc1)C,Cc1ccc(N(c2ccc(C)cc2)c2ccc3c(c2)Cc2cc(-c4ccc(C=C(C#N)C(=O)O)cc4)ccc2-3)cc1,405.0,,
Cc1nn(c2c1cc1c(n2)c(F)c(c(c1F)F)F)c1ccccc1,Cc1nn(-c2ccccc2)c2nc3c(F)c(F)c(F)c(F)c3cc12,395.0,,Ethanol
CCOC(=O)c1cc(c2c1ccc(cc2)N=S=O)C(=O)OCC,CCOC(=O)c1cc(C(=O)OCC)c2ccc(N=S=O)ccc1-2,553.0,,
[O-][N+](=O)c1cc2C(=CC=CC=C3N(C)c4c(C3(C)C)cccc4)c3c(c2c(c1)[N+](=O)[O-])c(cc(c3)[N+](=O)[O-])[N+](=O)[O-],CN1C(=CC=CC=C2c3cc([N+](=O)[O-])cc([N+](=O)[O-])c3-c3c2cc([N+](=O)[O-])cc3[N+](=O)[O-])C(C)(C)c2ccccc21,696.0,,Toluene
Cc1c2oc(c(c2c(c2c1c(c1ccccc1)c(o2)c1ccccc1)C)c1ccccc1)c1ccccc1,Cc1c2oc(-c3ccccc3)c(-c3ccccc3)c2c(C)c2oc(-c3ccccc3)c(-c3ccccc3)c12,229.0,,Dichloromethane
Cc1c(oc2c1cccc2)c1sc(c2c1cccc2)c1cccs1,Cc1c(-c2sc(-c3cccs3)c3ccccc23)oc2ccccc12,449.0,,CH 2 Cl
Nc1ccc(cc1)O,Nc1ccc(O)cc1,394.0,,water
N#CC(=C(c1ccc(cc1)N)C=Cc1c[nH]c2c1cccc2)C#N,N#CC(C#N)=C(C=Cc1c[nH]c2ccccc12)c1ccc(N)cc1,447.0,,MeOH
O=C(C(F)(F)F)C(=CC=C1c2ccccc2C=Cc2c1cccc2)C(=O)C(F)(F)F,O=C(C(=CC=C1c2ccccc2C=Cc2ccccc21)C(=O)C(F)(F)F)C(F)(F)F,420.0,,
Cn1c(=CN=Nc2ccc(cc2)C=C2SC(=S)N(C2=O)c2ccc(cc2)O)sc2c1cccc2,CN1C(=CN=Nc2ccc(C=C3SC(=S)N(c4ccc(O)cc4)C3=O)cc2)Sc2ccccc21,569.0,,DMF
COc1ccccc1N=Nc1nc2c(s1)cccc2,COc1ccccc1N=Nc1nc2ccccc2s1,382.0,,Methanol
NC(Cc1cnc[nH]1)COP(=O)(O)O,NC(COP(=O)(O)O)Cc1cnc[nH]1,440.0,,
C(Cn1c(=O)c2ccc3c4c2c(c1=O)ccc4c1c2c3ccc3c2c(cc1c1cccc(c1)C(C)C)c(=O)n(c3=O)CC(C)CC)CC,CCCCN1C(=O)c2ccc3c4ccc5c6c(cc(-c7cccc(C(C)C)c7)c(c7ccc(c2c37)C1=O)c64)C(=O)N(CC(C)CC)C5=O,535.0,33700.0,
c1ccc(cc1)N=Nc1ccccc1,c1ccc(N=Nc2ccccc2)cc1,356.0,,
ONC(=O)c1ccc(c(c1)O)O,O=C(NO)c1ccc(O)c(O)c1,371.0,,
Brc1ccc(cc1)n1c2ccc(cc2c2c1cccc2)c1ccc2c(c1)c1ccccc1n2c1ccc(cc1)Br,Brc1ccc(-n2c3ccccc3c3cc(-c4ccc5c(c4)c4ccccc4n5-c4ccc(Br)cc4)ccc32)cc1,351.0,,
O=C(C1(N)NC(=O)c2c(N1)nccn2)C(C)(C)C,CC(C)(C)C(=O)C1(N)NC(=O)c2nccnc2N1,326.0,10232.92992,THF
Cc1cc2sc(nc2cc1C)N=Nc1ccc(c2c1cccn2)O,Cc1cc2nc(N=Nc3ccc(O)c4ncccc34)sc2cc1C,570.0,,DMSO
OC(=O)c1ccccc1C(=O)c1c2ccccn2c2c1C(=O)c1ccccc1C2=O,O=C(O)c1ccccc1C(=O)c1c2c(n3ccccc13)C(=O)c1ccccc1C2=O,493.0,5400.0,EtOH
COc1ccc(cc1)CNC1=C(Br)C(=O)OC1OC,COc1ccc(CNC2=C(Br)C(=O)OC2OC)cc1,277.0,,
Oc1ccc(cc1)O,Oc1ccc(O)cc1,289.0,,
CCOC(=O)C1=C(NC(=O)C1=NNc1ccc(cc1)O)c1ccccc1,CCOC(=O)C1=C(c2ccccc2)NC(=O)C1=NNc1ccc(O)cc1,463.0,,
c1ccc(cc1)C1=C(CC(=C1)c1cccs1)c1ccccc1,C1=C(c2cccs2)CC(c2ccccc2)=C1c1ccccc1,368.0,,
O=C(c1ccccc1)N=S(=O)=O,O=C(N=S(=O)=O)c1ccccc1,457.0,,
C(CC1(CC(C)CC)c2cc(ccc2c2c1cc(cc2)c1ccc(cc1)F)c1ccc(cc1)F)CC,CCCCC1(CC(C)CC)c2cc(-c3ccc(F)cc3)ccc2-c2ccc(-c3ccc(F)cc3)cc21,327.0,,
OCCNc1cc2nc3ccccc3nc2c2c1nccc2,OCCNc1cc2nc3ccccc3nc2c2cccnc12,462.0,12600.0,
COC(=O)[C@H](Cc1c([nH]c2c1cccc2)c1c(C)cc(cc1C)C)NC(=O)CNC(=O)C(F)(F)F,COC(=O)[C@H](Cc1c(-c2c(C)cc(C)cc2C)[nH]c2ccccc12)NC(=O)CNC(=O)C(F)(F)F,288.0,,
ClC1=C(NCc2ccccc2)C(=O)C(=C(C1=O)NCc1ccccc1)Cl,O=C1C(Cl)=C(NCc2ccccc2)C(=O)C(Cl)=C1NCc1ccccc1,539.0,,Chloroform
O=c1cc(C)c2c(o1)cc(cc2)C=Cc1ccccc1,Cc1cc(=O)oc2cc(C=Cc3ccccc3)ccc12,350.0,,
COc1ccc(s1)c1ccc(cc1)c1sc(c(c1[N+](=O)[O-])[N+](=O)[O-])c1ccc(cc1)c1ccc(s1)OC,COc1ccc(-c2ccc(-c3sc(-c4ccc(-c5ccc(OC)s5)cc4)c([N+](=O)[O-])c3[N+](=O)[O-])cc2)s1,488.0,31500.0,CH2Cl2 ( c 2 × 10–5 mol / l )
OC(=O)c1cc(nc2c1cccc2)c1ccccc1,O=C(O)c1cc(-c2ccccc2)nc2ccccc12,365.0,,EtOH
N=C1NC(CC1(c1ccccc1)c1ccccc1)(c1cccs1)c1cccn1c1cccs1,N=C1NC(c2cccs2)(c2cccn2-c2cccs2)CC1(c1ccccc1)c1ccccc1,633.0,,
OC[C@H]1O[C@H](C[C@@H]1O)n1cc(c2cccs2)c(=O)[nH]c1=O,O=c1[nH]c(=O)n([C@H]2C[C@H](O)[C@@H](CO)O2)cc1-c1cccs1,320.0,,
O=C(c1nccnc1C)C=Cc1ccc(cc1)[N+](=O)[O-],Cc1nccnc1C(=O)C=Cc1ccc([N+](=O)[O-])cc1,315.0,,ethanol
C1(C)c2cc3nc([nH]c3cc2c2c1cc1nc([nH]c1c2)c1cccs1)c1cccs1,CC1c2cc3nc(-c4cccs4)[nH]c3cc2-c2cc3[nH]c(-c4cccs4)nc3cc21,403.0,,
c1ccc(cc1)c1nc2n(c1)cccc2,c1ccc(-c2cn3ccccc3n2)cc1,336.0,,Cyclohexane
COc1ccc(cc1)N(c1ccc(cc1)OC)c1ccc(cc1)C=CC(=O)c1cc(sc1C)C,COc1ccc(N(c2ccc(C=CC(=O)c3cc(C)sc3C)cc2)c2ccc(OC)cc2)cc1,421.0,,
Oc1nc(nc(c1)O)c1nc(O)cc(n1)O,Oc1cc(O)nc(-c2nc(O)cc(O)n2)n1,600.0,,
O1CCN(CC1)c1ccc2c(c1)c1ccccc1c1c2nc2c3cccnc3c3c(c2n1)cccn3,c1ccc2c(c1)c1cc(N3CCOCC3)ccc1c1nc3c4cccnc4c4ncccc4c3nc21,446.0,,TFA
c1ccc(cc1)n1c(nc2c1c1ccccc1c1c2cccc1)c1cccc2c1cccc2,c1ccc(-n2c(-c3cccc4ccccc34)nc3c4ccccc4c4ccccc4c32)cc1,412.0,,
OCC1OC(CC1O)n1c(C=Cc2ccc(cc2)OC)nc2c1ncnc2N,COc1ccc(C=Cc2nc3c(N)ncnc3n2C2CC(O)C(CO)O2)cc1,340.0,,
O=C1C=CC(=CC=c2sc3c(n2C)cccc3)c2c1nccc2,CN1C(=CC=C2C=CC(=O)c3ncccc32)Sc2ccccc21,605.0,,THF
c1ccc2c(c1)c(cnc2)c1ccc(cc1)c1nc2c([nH]1)c1ccccc1c1c2cccc1,c1ccc2c(-c3ccc(-c4nc5c6ccccc6c6ccccc6c5[nH]4)cc3)cncc2c1,435.0,12800.0,
Fc1ccc(c(c1)F)c1ccccn1,Fc1ccc(-c2ccccn2)c(F)c1,273.0,79432.82347,
[O-][N+](=O)c1ccc2c(c1)c1ccccc1[nH]2,O=[N+]([O-])c1ccc2[nH]c3ccccc3c2c1,336.0,,
c1ccc(cc1)C=Nc1ccc2c(c1)cccc2,C(=Nc1ccc2ccccc2c1)c1ccccc1,404.0,30310.0,
O=C(c1ccc2c(c1)cccc2)C=Cc1cn(c2c1cccc2)Cc1ccccc1,O=C(C=Cc1cn(Cc2ccccc2)c2ccccc12)c1ccc2ccccc2c1,405.0,,dichloromethane
CN(c1ccc(cc1)C=CC=CC(=C1C(=O)c2c(C1=O)cccc2)O)C,CN(C)c1ccc(C=CC=CC(O)=C2C(=O)c3ccccc3C2=O)cc1,520.0,,MeCN
OCc1c(nc2n1cccn2)c1ccccc1,OCc1c(-c2ccccc2)nc2ncccn12,247.0,,
Cc1nc(c2n1ccc(c2)c1nnc(o1)c1ccc(cc1)OC)Cl,COc1ccc(-c2nnc(-c3ccn4c(C)nc(Cl)c4c3)o2)cc1,305.0,28352.0,dichloromethane
Clc1ccc(c(c1)Cl)O,Oc1ccc(Cl)cc1Cl,700.0,,
C1CCN(CC1)Nc1ccc(cc1)C=Cc1ccn2c(c1)nc(c2)c1ccccc1,C(=Cc1ccn2cc(-c3ccccc3)nc2c1)c1ccc(NN2CCCCC2)cc1,581.0,35481.33892,Toluene
CN1c2c(cccc2Sc2c1cccc2)C=Nc1ccc2c(c1)Cc1c2cccc1,CN1c2ccccc2Sc2cccc(C=Nc3ccc4c(c3)Cc3ccccc3-4)c21,302.0,18536.0,DCM
CCN(c1ccc(c(c1)C(C)C)C=C1CCC(=Cc2ccc(cc2)N(C)C)C1=O)CC,CCN(CC)c1ccc(C=C2CCC(=Cc3ccc(N(C)C)cc3)C2=O)c(C(C)C)c1,544.6,,
N#Cc1ccc2c(c1)CCc1c2c(nc2c1c1ccc(cc1CC2)C#N)c1ccc(cc1)[N+](=O)[O-],N#Cc1ccc2c(c1)CCc1nc(-c3ccc([N+](=O)[O-])cc3)c3c(c1-2)CCc1cc(C#N)ccc1-3,360.0,,Dimethylsulfoxide
Clc1cccc(c1)N=Nc1c(C)nn2c1[nH]c(c2N=Nc1ccccc1)c1ccccc1,Cc1nn2c(N=Nc3ccccc3)c(-c3ccccc3)[nH]c2c1N=Nc1cccc(Cl)c1,530.0,,
Brc1ccc(cc1)C(=O)C=Cc1ccc(cc1)N(c1ccccc1)c1ccccc1,O=C(C=Cc1ccc(N(c2ccccc2)c2ccccc2)cc1)c1ccc(Br)cc1,436.0,,
c1ccc2c(c1)cccc2c1cc2c(cc1c1cccc3c1cccc3)c(c1cccc3c1cccc3)c1c(c2c2cccc3c2cccc3)cccc1,c1ccc2c(-c3cc4c(-c5cccc6ccccc56)c5ccccc5c(-c5cccc6ccccc56)c4cc3-c3cccc4ccccc34)cccc2c1,415.0,,
Fc1ccc(cc1)c1cc(C#Cc2ccccc2)c2c(c1)c(nc(n2)c1ccccc1)c1ccc(cc1)F,Fc1ccc(-c2cc(C#Cc3ccccc3)c3nc(-c4ccccc4)nc(-c4ccc(F)cc4)c3c2)cc1,382.0,83480.0,
N#CC1=C(C#N)N(C(N1)(c1ccc(cc1)N(C)C)c1ccccc1)C,CN(C)c1ccc(C2(c3ccccc3)NC(C#N)=C(C#N)N2C)cc1,316.0,,
CC(=O)Nc1ccc(cc1O)C(c1ccc(cc1)O)(C)C,CC(=O)Nc1ccc(C(C)(C)c2ccc(O)cc2)cc1O,246.0,,
N#Cc1c(sc(c1C#N)c1ccc(cc1)OC)c1ccc(cc1)OC,COc1ccc(-c2sc(-c3ccc(OC)cc3)c(C#N)c2C#N)cc1,348.0,23988.32919,
Cc1cc(c(s1)C)C1=C(CC(=Cc2ccccc2O)C1=O)c1cc(sc1C)C,Cc1cc(C2=C(c3cc(C)sc3C)C(=O)C(=Cc3ccccc3O)C2)c(C)s1,348.0,,
[O-][N+](=O)c1ccccc1,O=[N+]([O-])c1ccccc1,433.0,,
S=c1n(C)c(c(n1C)P(=S)(c1ccccc1)c1ccccc1)P(c1ccccc1)c1ccccc1,Cn1c(P(c2ccccc2)c2ccccc2)c(P(=S)(c2ccccc2)c2ccccc2)n(C)c1=S,271.0,,
c1ccc(cc1)c1ccc(nc1)c1ccc2c(n1)cccc2,c1ccc(-c2ccc(-c3ccc4ccccc4n3)nc2)cc1,359.0,,
CCc1nccnc1C(=O)C=Cc1ccc(cc1)OCc1ccccc1,CCc1nccnc1C(=O)C=Cc1ccc(OCc2ccccc2)cc1,250.0,,ethanol
CN=C(Nc1ccc2c(c1)nc1c(c2Nc2ccc(cc2)N(C)C)ccc(c1)NC(=NC)NCCN(C)C)NCCN(C)C,CN=C(NCCN(C)C)Nc1ccc2c(Nc3ccc(N(C)C)cc3)c3ccc(NC(=NC)NCCN(C)C)cc3nc2c1,372.0,,
CCC1=C(C)C(=O)NC1=Cc1[nH]c(c(c1C)CC(=O)O)C(c1[nH]c(c(c1CC(=O)O)C)C=C1NC(=O)C(=C1CC)C)(C)C,CCC1=C(C)C(=O)NC1=Cc1[nH]c(C(C)(C)c2[nH]c(C=C3NC(=O)C(C)=C3CC)c(C)c2CC(=O)O)c(CC(=O)O)c1C,438.0,,Benzene
C[Si](c1cc(c2ccccc2)c2c3c1ccc1c3c(cc2)c(cc1c1ccccc1)[Si](O)(C)C)(O)C,C[Si](C)(O)c1cc(-c2ccccc2)c2ccc3c([Si](C)(C)O)cc(-c4ccccc4)c4ccc1c2c43,392.0,34000.0,
CC(c1ccc(cc1)c1nc2c(o1)cc(cc2)c1ccc2c(c1)oc(n2)c1ccc(cc1)C(C)(C)C)(C)C,CC(C)(C)c1ccc(-c2nc3ccc(-c4ccc5nc(-c6ccc(C(C)(C)C)cc6)oc5c4)cc3o2)cc1,332.0,63400.0,heptane
OC(=O)c1ccc2c(c1)[nH]c(n2)c1ccc(cc1)N(c1ccccc1)c1ccccc1,O=C(O)c1ccc2nc(-c3ccc(N(c4ccccc4)c4ccccc4)cc3)[nH]c2c1,362.0,34505.0,
O=C1c2ccccc2C(=O)c2c1cccc2,O=C1c2ccccc2C(=O)c2ccccc21,523.0,,
OCCNc1ncnc2c1nc1n2cccc1,OCCNc1ncnc2c1nc1ccccn12,660.0,,
Brc1ccc2c(c1)CCc1c2c(nc2c1c1ccc(cc1CC2)Br)c1ccc(cc1)N(C)C,CN(C)c1ccc(-c2nc3c(c4c2-c2ccc(Br)cc2CC4)-c2ccc(Br)cc2CC3)cc1,430.0,100000.0,chloroform
Oc1cc(=O)n(c2c1cccc2)C,Cn1c(=O)cc(O)c2ccccc21,400.0,,MeOH
O=C1c2ccccc2C(=C2C=Cc3c2cccc3)C1=O,O=C1C(=O)c2ccccc2C1=C1C=Cc2ccccc21,350.0,,
COc1ccc(cc1)C1(C)c2cc(C#C)ccc2c2c1cc(C#C)cc2,C#Cc1ccc2c(c1)C(C)(c1ccc(OC)cc1)c1cc(C#C)ccc1-2,355.0,,
O=C1CC=Nc2c1cccc2,O=C1CC=Nc2ccccc21,338.0,,
Cc1ccc(cc1)Cn1c(nc(c1c1ccco1)c1ccco1)c1ccccc1,Cc1ccc(Cn2c(-c3ccccc3)nc(-c3ccco3)c2-c2ccco2)cc1,285.0,,
Oc1ccc(cc1)CCC(=O)c1c(O)cc(cc1O)O,O=C(CCc1ccc(O)cc1)c1c(O)cc(O)cc1O,225.4,,
C(Cn1c(=O)c2c(c1c1ccc(s1)c1cc3c(s1)cccc3)c(=O)n(c2c1ccc(s1)c1cc2c(s1)cccc2)CC(C)CC)CC,CCCCN1C(=O)C2=C(c3ccc(-c4cc5ccccc5s4)s3)N(CC(C)CC)C(=O)C2=C1c1ccc(-c2cc3ccccc3s2)s1,624.0,,CH 2 Cl
FC(c1ccnc(c1)c1cccc2c1cccc2)(F)F,FC(F)(F)c1ccnc(-c2cccc3ccccc23)c1,294.0,,CH 2 Cl
COc1ccc(cc1)N=Nc1c(C)nn2c1[nH]c(c2N=Nc1ccccc1)c1ccccc1,COc1ccc(N=Nc2c(C)nn3c(N=Nc4ccccc4)c(-c4ccccc4)[nH]c23)cc1,525.0,,
C(COc1ccc(cc1)n1c2ccc(cc2c2c1cccc2)c1ccc(c2c1nsn2)c1ccc(s1)C=C(C(=O)O)C#N)CC,CCCCOc1ccc(-n2c3ccccc3c3cc(-c4ccc(-c5ccc(C=C(C#N)C(=O)O)s5)c5nsnc45)ccc32)cc1,476.0,26107.0,
OC(=O)CNc1ccccc1,O=C(O)CNc1ccccc1,534.0,6879.0,
COc1c2cc(oc2c(c2c1oc(c2)c1ccc(s1)C=C(C(=O)O)C#N)OC)c1ccc(cc1)N(c1cccc2c1cccc2)c1ccccc1,COc1c2cc(-c3ccc(C=C(C#N)C(=O)O)s3)oc2c(OC)c2cc(-c3ccc(N(c4ccccc4)c4cccc5ccccc45)cc3)oc12,485.0,,
C1(C)c2cc(ccc2c2c1cc1nc3c4cccc5c4c4c(c3nc1c2)cccc4cc5)c1c2ccccc2cc2c1cccc2,CC1c2cc(-c3c4ccccc4cc4ccccc34)ccc2-c2cc3nc4c5cccc6ccc7cccc(c4nc3cc21)c7c65,425.0,,DMSO
c1ccc(cc1)c1nnc(s1)N=Nc1ccc(s1)c1cccs1,c1ccc(-c2nnc(N=Nc3ccc(-c4cccs4)s3)s2)cc1,515.0,,DMSO
COC(=O)[C@H](Cc1c([nH]c2c1cccc2)c1ccccc1)NC(=O)CNC(=O)C(F)(F)F,COC(=O)[C@H](Cc1c(-c2ccccc2)[nH]c2ccccc12)NC(=O)CNC(=O)C(F)(F)F,308.0,,
Cc1ccc(s1)c1ccc(s1)c1ccc(s1)C=C1c2ccccc2C(=CC=C2N(C)c3c(C2(C)C)cccc3)C1=C(C#N)C#N,Cc1ccc(-c2ccc(-c3ccc(C=C4C(=C(C#N)C#N)C(=CC=C5N(C)c6ccccc6C5(C)C)c5ccccc54)s3)s2)s1,497.0,,
c1csc(n1)N=Nc1ccc(s1)c1cccs1,c1csc(-c2ccc(N=Nc3nccs3)s2)c1,497.0,30240.0,Dioxane
Cc1cccc(c1)C#Cc1c(F)c(C#Cc2cccc(c2)C)c(c(c1C#Cc1cccc(c1)C)F)C#Cc1cccc(c1)C,Cc1cccc(C#Cc2c(F)c(C#Cc3cccc(C)c3)c(C#Cc3cccc(C)c3)c(F)c2C#Cc2cccc(C)c2)c1,409.0,,
O=c1[nH]c(nc(c1)N(c1ccccc1)C)c1ccccc1,CN(c1ccccc1)c1cc(=O)[nH]c(-c2ccccc2)n1,273.0,41686.93835,
c1ccc(nc1)c1cccc(n1)c1ccccn1,c1ccc(-c2cccc(-c3ccccn3)n2)nc1,285.0,35000.0,
OCC1OC(C(C1O)O)n1c(C#Cc2cc(OC)cc(c2)OC)nc2c1ncnc2N,COc1cc(C#Cc2nc3c(N)ncnc3n2C2OC(CO)C(O)C2O)cc(OC)c1,316.0,,
Cn1c(=O)n(C)c2c(c1=O)[nH]cn2,Cn1c(=O)c2[nH]cnc2n(C)c1=O,275.0,,
Cc1cc2sc(nc2cc1C)N=Nc1c2ccccc2n(c1c1ccccc1)C,Cc1cc2nc(N=Nc3c(-c4ccccc4)n(C)c4ccccc34)sc2cc1C,531.0,,Chloroform
Oc1ccc2c(c1N=Cc1ccc[nH]1)cccc2,Oc1ccc2ccccc2c1N=Cc1ccc[nH]1,373.0,,
c1ccc(cc1)c1c(nc(n1c1ccccc1)c1ccc(cc1)C=Cc1ccc2c(c1)cccc2)c1ccccc1,C(=Cc1ccc2ccccc2c1)c1ccc(-c2nc(-c3ccccc3)c(-c3ccccc3)n2-c2ccccc2)cc1,342.0,,
CN1C(=O)c2c(C1=O)c1ccc3c4c1c(c2)ccc4ccc3,Cn1c(=O)c2cc3ccc4cccc5ccc(c2c1=O)c3c45,427.0,,
O=c1cc(C)c2c(o1)cc1c(c2)nc([nH]1)c1ccccc1,Cc1cc(=O)oc2cc3[nH]c(-c4ccccc4)nc3cc12,346.0,,Isopropanol
C1(C)c2cc(ccc2c2c1cc1nc(c3ccccc3)c(nc1c2)c1ccccc1)c1c2ccccc2cc2c1cccc2,CC1c2cc(-c3c4ccccc4cc4ccccc34)ccc2-c2cc3nc(-c4ccccc4)c(-c4ccccc4)nc3cc21,392.0,,DMSO
CC([Si](C(C)C)(C(C)C)C#Cc1c2cc3ccccc3cc2c(c2c1cc1ccccc1c2)C#C[Si](C(C)C)(C(C)C)C(C)C)C,CC(C)[Si](C#Cc1c2cc3ccccc3cc2c(C#C[Si](C(C)C)(C(C)C)C(C)C)c2cc3ccccc3cc12)(C(C)C)C(C)C,347.0,10400.0,
c1ccc(cc1)N(c1cccc2c1cccc2)c1ccc(s1)c1ccc(s1)N(c1cccc2c1cccc2)c1ccccc1,c1ccc(N(c2ccc(-c3ccc(N(c4ccccc4)c4cccc5ccccc45)s3)s2)c2cccc3ccccc23)cc1,397.0,26000.0,
N#CC(=Cc1ccc(cc1)c1ccc(cc1)N(c1ccccc1)c1ccccc1)C#N,N#CC(C#N)=Cc1ccc(-c2ccc(N(c3ccccc3)c3ccccc3)cc2)cc1,476.0,,
Cc1cc(c(s1)C)C1=C(CC(=Cc2ccc(cc2)N(C)C)C1=O)c1cc(sc1C)C,Cc1cc(C2=C(c3cc(C)sc3C)C(=O)C(=Cc3ccc(N(C)C)cc3)C2)c(C)s1,411.0,,
Clc1cc(ccc1NC(C1=C(O)C(=O)c2c(C1=O)cccc2)c1ccccc1)[N+](=O)[O-],O=C1C(O)=C(C(Nc2ccc([N+](=O)[O-])cc2Cl)c2ccccc2)C(=O)c2ccccc21,476.0,2884.031503,
CN(c1ccc(cc1)C(=C(C#N)C#N)C(=C(C#N)C#N)c1ccc(cc1)C(=O)O)C,CN(C)c1ccc(C(=C(C#N)C#N)C(=C(C#N)C#N)c2ccc(C(=O)O)cc2)cc1,468.0,,dichloromethane
OC(=O)C(Cc1c[nH]c2c1cccc2)N,NC(Cc1c[nH]c2ccccc12)C(=O)O,275.0,,Water
CN(CCNC(=O)Nc1ccc2c(c1)nc1c(c2Nc2ccc(cc2)N(C)C)ccc(c1)NC(=O)NCCN(C)C)C,CN(C)CCNC(=O)Nc1ccc2c(Nc3ccc(N(C)C)cc3)c3ccc(NC(=O)NCCN(C)C)cc3nc2c1,380.0,,
Cc1ccc2c(n1)c(ccc2N=Nc1ccccc1)OC(=O)c1ccccc1,Cc1ccc2c(N=Nc3ccccc3)ccc(OC(=O)c3ccccc3)c2n1,365.0,,
Nc1nc2c(N=Nc3ccccc3[N+](=O)[O-])c(nn2c(c1N=Nc1nccs1)N)N,Nc1nc2c(N=Nc3ccccc3[N+](=O)[O-])c(N)nn2c(N)c1N=Nc1nccs1,490.0,,
Clc1ccc(cc1)c1nc(c(s1)c1ccccc1O)O,Oc1ccccc1-c1sc(-c2ccc(Cl)cc2)nc1O,365.0,,Dioxane
N#CC(=C1OC(C(=C1C#N)C=Cc1cc(c2ccccc2)c(cc1c1ccccc1)C=Cc1ccc(cc1)N(C)C)(C)C)C#N,CN(C)c1ccc(C=Cc2cc(-c3ccccc3)c(C=CC3=C(C#N)C(=C(C#N)C#N)OC3(C)C)cc2-c2ccccc2)cc1,473.5,,DMF
COC(=O)CCC(=O)C1=Nc2c(C1(C)C)c1ccccc1cc2,COC(=O)CCC(=O)C1=Nc2ccc3ccccc3c2C1(C)C,335.0,37870.0,
N#Cc1ccc(cc1)c1[nH]c(=O)c2c1c(=O)[nH]c2c1ccccc1,N#Cc1ccc(C2=C3C(=O)NC(c4ccccc4)=C3C(=O)N2)cc1,600.0,,
COc1ccc(cc1)NC1=C(Br)C(=O)OC1OCc1ccccc1,COc1ccc(NC2=C(Br)C(=O)OC2OCc2ccccc2)cc1,288.0,,
CN(c1ccc(cc1)C(=C(C#N)C#N)C(=C(C#N)C#N)c1ccc(s1)C=O)C,CN(C)c1ccc(C(=C(C#N)C#N)C(=C(C#N)C#N)c2ccc(C=O)s2)cc1,473.0,,CH 2 Cl
Cc1cc(C=Nc2c(C)cc(cc2C)C)c(c(c1)C(c1ccccc1)c1ccccc1)O,Cc1cc(C)c(N=Cc2cc(C)cc(C(c3ccccc3)c3ccccc3)c2O)c(C)c1,349.0,,Toluene
COc1ccc(c(c1)O)C(=O)c1ccccc1,COc1ccc(C(=O)c2ccccc2)c(O)c1,320.0,,
CCOC(=O)c1cc2c(n1Cc1ccccc1)c1[nH]c(=O)c(cc1CC2)S(=O)(=O)c1ccccc1,CCOC(=O)c1cc2c(n1Cc1ccccc1)-c1[nH]c(=O)c(S(=O)(=O)c3ccccc3)cc1CC2,381.0,38202.0,
Nc1ccc2c(c1)cc1c(c2)C(=O)N(C1=O)c1ccccc1,Nc1ccc2cc3c(cc2c1)C(=O)N(c1ccccc1)C3=O,375.0,,
C=Cc1ccncc1,C=Cc1ccncc1,325.0,,DMSO
c1ccc2c(c1)sc(n2)C=Cc1ccc(cc1)n1c2ccccc2c2c1cccc2,C(=Cc1nc2ccccc2s1)c1ccc(-n2c3ccccc3c3ccccc32)cc1,343.0,,Methanol
O=C1c2cccc(c2C(=O)c2c1cccc2[N+](=O)[O-])[N+](=O)[O-],O=C1c2cccc([N+](=O)[O-])c2C(=O)c2c1cccc2[N+](=O)[O-],321.0,,
CSc1ccc(cc1)C=Cc1ccn2c(c1)nc(c2)c1ccccc1,CSc1ccc(C=Cc2ccn3cc(-c4ccccc4)nc3c2)cc1,488.0,47863.00923,TFA
N#Cc1c2cc([nH]n2c(=N)c2c1c1CCc3c(c1oc2=O)cccc3)c1ccccc1,N#Cc1c2c3c(oc(=O)c2c(=N)n2[nH]c(-c4ccccc4)cc12)-c1ccccc1CC3,428.0,13000.0,DMF
CC(=NNC(=O)c1ccccc1N)c1cccc(n1)C(=NNC(=O)c1ccccc1N)C,CC(=NNC(=O)c1ccccc1N)c1cccc(C(C)=NNC(=O)c2ccccc2N)n1,390.0,,
N#CC(=Cc1cn(c2c1cccc2)CC)c1nc2c([nH]1)cccc2,CCn1cc(C=C(C#N)c2nc3ccccc3[nH]2)c2ccccc21,422.0,,Toluene
N#Cc1c(N)sc(c1c1ccc(cc1)OC)N=NC1NC=C(S1)[N+](=O)[O-],COc1ccc(-c2c(N=NC3NC=C([N+](=O)[O-])S3)sc(N)c2C#N)cc1,592.0,22908.67653,Acetone
COc1ccc(cc1)c1cc(c(s1)C)C1=C(c2cc(sc2C)c2ccc(cc2)OC)C(C(C1(F)F)(F)F)(F)F,COc1ccc(-c2cc(C3=C(c4cc(-c5ccc(OC)cc5)sc4C)C(F)(F)C(F)(F)C3(F)F)c(C)s2)cc1,298.0,,
COc1ccc(cc1)N=Nc1ccc(c2c1ccc(n2)C)OC(=O)c1ccccc1,COc1ccc(N=Nc2ccc(OC(=O)c3ccccc3)c3nc(C)ccc23)cc1,396.0,,
c1ccc(cc1)c1ccc2c(c1)ccc(n2)Nc1ccc2c(n1)ccc(c2)c1ccccc1,c1ccc(-c2ccc3nc(Nc4ccc5cc(-c6ccccc6)ccc5n4)ccc3c2)cc1,453.0,,CH2Cl2
c1ccc(cc1)C1(C=Cc2c(O1)ccc1c2cccc1)c1ccc(cc1)Oc1ccc2c(c1)cccc2,C1=CC(c2ccccc2)(c2ccc(Oc3ccc4ccccc4c3)cc2)Oc2ccc3ccccc3c21,446.0,,
OCC(Cn1c(=CC=C2C(=NN(C2=O)c2ccccc2)C)sc2c1cccc2)O,CC1=NN(c2ccccc2)C(=O)C1=CC=C1Sc2ccccc2N1CC(O)CO,482.0,,
c1csc(c1)c1sc(c2c1cc1ccccc1c2)c1cccs1,c1csc(-c2sc(-c3cccs3)c3cc4ccccc4cc23)c1,570.0,,CH 2 Cl
OC(=O)c1cc2nc3c4ccc(c5c4c(c3nc2cc1C(=O)O)ccc5)N(c1ccccc1)c1ccccc1,O=C(O)c1cc2nc3c(nc2cc1C(=O)O)-c1ccc(N(c2ccccc2)c2ccccc2)c2cccc-3c12,444.0,,
CC[C@H](C(=O)N1C[C@H]1C(=O)O[C@@H](c1cccc(c1)OCC(=O)O)CCc1ccc(c(c1)OC)OC)c1cc(OC)c(c(c1)OC)OC,CC[C@H](C(=O)N1C[C@H]1C(=O)O[C@H](CCc1ccc(OC)c(OC)c1)c1cccc(OCC(=O)O)c1)c1cc(OC)c(OC)c(OC)c1,700.5,,
OC(=O)CN(c1cc2oc(cc2cc1OCCOc1cc(C)ccc1N(CC(=O)O)CC(=O)O)c1ncc(o1)C(=O)O)CC(=O)O,Cc1ccc(N(CC(=O)O)CC(=O)O)c(OCCOc2cc3cc(-c4ncc(C(=O)O)o4)oc3cc2N(CC(=O)O)CC(=O)O)c1,364.0,,
c1ccc(cc1)N(c1ccccc1)c1ccc(cc1)C(n1cccn1)n1cccn1,c1ccc(N(c2ccccc2)c2ccc(C(n3cccn3)n3cccn3)cc2)cc1,301.0,29000.0,Dimethylformamide
CCN(c1ccc(cc1)C=Cc1ccn2c(c1)nc(c2)c1ccccc1c1ccc(cc1)Cl)CC,CCN(CC)c1ccc(C=Cc2ccn3cc(-c4ccccc4-c4ccc(Cl)cc4)nc3c2)cc1,410.0,,Toluene
c1ccc2c(c1)c(P(c1ccccc1)c1ccccc1)c1c(c2P(c2ccccc2)c2ccccc2)cccc1,c1ccc(P(c2ccccc2)c2c3ccccc3c(P(c3ccccc3)c3ccccc3)c3ccccc23)cc1,373.0,,
O=c1ccc2c(o1)c1ccoc1cc2,O=c1ccc2ccc3occc3c2o1,306.0,14602.0,
N#CC(=C1C(=C1)C=Cc1ccc(c(c1)OC)O)C#N,COc1cc(C=CC2=CC2=C(C#N)C#N)ccc1O,428.0,26000.0,
O=C1N(C)C(=O)C(=C1c1cnc2c(c1)cccc2)c1c[nH]c2c1cccc2,CN1C(=O)C(c2cnc3ccccc3c2)=C(c2c[nH]c3ccccc23)C1=O,448.0,,
CCn1c2ccccc2c2c1cccc2,CCn1c2ccccc2c2ccccc21,525.0,,Heptane
Fc1ccccc1c1nnc(o1)c1ccn2c(c1c1ccccc1)nc1c2cccc1,Fc1ccccc1-c1nnc(-c2ccn3c(nc4ccccc43)c2-c2ccccc2)o1,341.0,,
COc1cc(OC)cc(c1)c1ccccc1O,COc1cc(OC)cc(-c2ccccc2O)c1,345.0,,
C1(C)c2cc(ccc2c2c1cc1nc3c4cccc5c4c4c(c3nc1c2)cccc4cc5)c1ccccc1,CC1c2cc(-c3ccccc3)ccc2-c2cc3nc4c5cccc6ccc7cccc(c4nc3cc21)c7c65,428.0,,DMSO
c1ccc2c(c1)c1ccccc1n2c1cncc(c1)c1cncc(n1)n1c2ccccc2c2c1cccc2,c1ccc2c(c1)c1ccccc1n2-c1cncc(-c2cncc(-n3c4ccccc4c4ccccc43)n2)c1,289.0,,
COc1ccc(cc1)N=Nc1c(=O)[nH]c2n(c1N)c1ccccc1n2,COc1ccc(N=Nc2c(N)n3c(nc4ccccc43)[nH]c2=O)cc1,420.0,,Chloroform
c1ccc(cc1)n1c2ccccc2c2c1cccc2,c1ccc(-n2c3ccccc3c3ccccc32)cc1,407.0,,Cyclohexane
COc1ccc2c(c1)sc(n2)N=Nc1c(N)nc2n(c1N)nc(c2N=Nc1sc2c(n1)ccc(c2)C)N,COc1ccc2nc(N=Nc3c(N)nc4c(N=Nc5nc6ccc(C)cc6s5)c(N)nn4c3N)sc2c1,535.0,,
CCOC(=O)C1=C(NC(=O)C1=Cc1cccc2c1cccc2)c1ccccc1,CCOC(=O)C1=C(c2ccccc2)NC(=O)C1=Cc1cccc2ccccc12,419.0,,DMSO
[O-][N+](=O)c1ccc(cc1)N=Nc1c(N)nn2c1nc(N)c(c2N)N=Nc1nc2c(s1)cccc2,Nc1nc2c(N=Nc3ccc([N+](=O)[O-])cc3)c(N)nn2c(N)c1N=Nc1nc2ccccc2s1,510.0,,
CCc1cc(C)cc(c1N=Cc1cc(C)cc(c1O)C(c1ccccc1)c1ccccc1)CC,CCc1cc(C)cc(CC)c1N=Cc1cc(C)cc(C(c2ccccc2)c2ccccc2)c1O,347.0,,Toluene
Cc1c(sc2c1sc(c2)C=Cc1ccccc1)c1nc2c(s1)cccc2,Cc1c(-c2nc3ccccc3s2)sc2cc(C=Cc3ccccc3)sc12,415.0,90000.0,
Cc1ccc(cc1)S(=O)(=O)N,Cc1ccc(S(N)(=O)=O)cc1,225.0,13800.0,MeCN
CC(=O)Oc1cc2[nH]c3c(c2cc1Cl)cc(cc3)Cl,CC(=O)Oc1cc2[nH]c3ccc(Cl)cc3c2cc1Cl,362.0,,
N#Cc1cc(N)c(cc1N)C#N,N#Cc1cc(N)c(C#N)cc1N,517.0,,
[O-]c1ccc2c(c1)Oc1c([N+]2=O)ccc(c1)O,O=[n+]1c2ccc([O-])cc2oc2cc(O)ccc21,700.0,,
[O-][N+](=O)c1ccc(cc1)[C@@H]1OC1,O=[N+]([O-])c1ccc([C@H]2CO2)cc1,740.0,,ethanol
Oc1ccccc1c1sc(nc1O)c1ccccc1,Oc1ccccc1-c1sc(-c2ccccc2)nc1O,360.0,,Dioxane
CCOC(=O)C1=C(NC(=O)C1=NNc1ccc(cc1)[N+](=O)[O-])c1ccc2c(c1)cccc2,CCOC(=O)C1=C(c2ccc3ccccc3c2)NC(=O)C1=NNc1ccc([N+](=O)[O-])cc1,465.0,,
CCCOc1cc(C=C(C(=O)O)C#N)c(cc1c1ccc(s1)c1ccc(cc1)N(c1ccccc1)c1ccccc1)OCCC,CCCOc1cc(-c2ccc(-c3ccc(N(c4ccccc4)c4ccccc4)cc3)s2)c(OCCC)cc1C=C(C#N)C(=O)O,340.0,27000.0,
COc1c2ccccc2c(c2c1c1cc(C)ccc1n2C)OC,COc1c2ccccc2c(OC)c2c1c1cc(C)ccc1n2C,389.0,,CH 2 Cl
O=c1cc(c2c(o1)c1c3c(c2)C(C)(C)CCN3CCC1(C)C)C(F)(F)F,CC1(C)CCN2CCC(C)(C)c3c2c1cc1c(C(F)(F)F)cc(=O)oc31,417.0,,dichloromethane
c1ccc(cc1)n1c(nc2c1cccc2)c1ccc(cc1)n1c2cc(c3cccc4c3sc3c4cccc3)c3c(c2c2c1cccc2)cccc3,c1ccc(-n2c(-c3ccc(-n4c5ccccc5c5c6ccccc6c(-c6cccc7c6sc6ccccc67)cc54)cc3)nc3ccccc32)cc1,372.0,,
COc1ccc(cc1)C=c1oc(=Cc2ccc(cc2)N(C)C)c2c1cc(OC)c(c2)OC,COc1ccc(C=c2oc(=Cc3ccc(N(C)C)cc3)c3cc(OC)c(OC)cc23)cc1,409.0,27100.0,
CC1=NC(=Cc2ccc(cc2)N(C)C)C(=O)N1C,CC1=NC(=Cc2ccc(N(C)C)cc2)C(=O)N1C,413.0,,
CN(c1cccc2c1cccc2S(=O)(=O)N)C,CN(C)c1cccc2c(S(N)(=O)=O)cccc12,343.0,4260.0,
OC(=O)c1cccc(c1O)Cc1cccc(c1O)C(=O)O,O=C(O)c1cccc(Cc2cccc(C(=O)O)c2O)c1O,454.0,,
O=C(OC(C)(C)C)N[C@H](C(=O)OCc1ccc2c3c1cccc3c1c3c2cccc3ccc1)Cc1c[nH]c2c1cccc2,CC(C)(C)OC(=O)N[C@@H](Cc1c[nH]c2ccccc12)C(=O)OCc1ccc2c3cccc4cccc(c5cccc1c52)c43,447.0,,
O=C1C(=Cc2ccc(cc2)[N+](=O)[O-])N=C(N1Cc1ccccc1)c1ccccc1,O=C1C(=Cc2ccc([N+](=O)[O-])cc2)N=C(c2ccccc2)N1Cc1ccccc1,400.0,,
CC(=O)Nc1ccc2c3c1cccc3c1c3c2cccc3ccc1,CC(=O)Nc1ccc2c3cccc4cccc(c5cccc1c52)c43,453.0,,Acetonitrile
CC1(C)Nc2ccc(c3c2c(N1)ccc3)N=Nc1ccc(c2c1cccc2)N=Nc1ccccc1,CC1(C)Nc2cccc3c(N=Nc4ccc(N=Nc5ccccc5)c5ccccc45)ccc(c23)N1,620.0,,
Fc1ccc(cc1)C=Cc1ccc(cc1)c1nnc(o1)c1c2ccccc2cc2c1cccc2,Fc1ccc(C=Cc2ccc(-c3nnc(-c4c5ccccc5cc5ccccc45)o3)cc2)cc1,335.0,,
COc1cc2c(cc1OC)cc(c1c2cc(C)cc1)C#N,COc1cc2cc(C#N)c3ccc(C)cc3c2cc1OC,265.0,,
Cc1ccc(cc1)C(=Cc1ccc2c(n1)cccc2)NN=Cc1ccccc1,Cc1ccc(C(=Cc2ccc3ccccc3n2)NN=Cc2ccccc2)cc1,449.0,,ethanol
CCCNc1ccc(cc1)C1=c2cc3OC(=O)C(=c3cc2OC1=O)c1ccccc1,CCCNc1ccc(C2=c3cc4c(cc3OC2=O)=C(c2ccccc2)C(=O)O4)cc1,652.0,47100.0,DMF
COc1cc(ccc1NC(=O)C(n1c(=O)c2cccc3c2c(c1=O)ccc3NCCN(C)C)CC(C)C)c1ccc(c(c1)OC)N,COc1cc(-c2ccc(NC(=O)C(CC(C)C)N3C(=O)c4cccc5c(NCCN(C)C)ccc(c45)C3=O)c(OC)c2)ccc1N,525.0,20417.37945,
Cn1ccc(c1)c1ccccc1,Cn1ccc(-c2ccccc2)c1,268.0,13880.0,
N#Cc1ccc(cc1)c1nc(c([nH]1)c1ccc(cc1)N(C)C)c1ccc(cc1)N(C)C,CN(C)c1ccc(-c2nc(-c3ccc(C#N)cc3)[nH]c2-c2ccc(N(C)C)cc2)cc1,397.0,,CH 2 Cl 2
O=C(Oc1ccccc1)OCc1ccc2c3c1cccc3c1c3c2cccc3ccc1,O=C(OCc1ccc2c3cccc4cccc(c5cccc1c52)c43)Oc1ccccc1,446.0,,
O=C(c1c2[nH]c3cccnc3nc2n(c1=O)CCc1ccccc1)c1ccccc1,O=C(c1ccccc1)c1c2[nH]c3cccnc3nc-2n(CCc2ccccc2)c1=O,392.0,,
C1(C)c2cc3nc([nH]c3cc2c2c1cc1nc([nH]c1c2)c1c(F)cccc1F)c1c(F)cccc1F,CC1c2cc3nc(-c4c(F)cccc4F)[nH]c3cc2-c2cc3[nH]c(-c4c(F)cccc4F)nc3cc21,370.0,,
N#CC(=C1CC(C)(C)CC(=C1OC)C=Cc1ccc(cc1)O)C#N,COC1=C(C=Cc2ccc(O)cc2)CC(C)(C)CC1=C(C#N)C#N,430.0,27800.0,
Clc1ccc(cc1)N(C(=S)N)N=C(c1[nH]nc(n1)C(=NN(c1ccc(cc1)Cl)C(=S)N)C)C,CC(=NN(C(N)=S)c1ccc(Cl)cc1)c1n[nH]c(C(C)=NN(C(N)=S)c2ccc(Cl)cc2)n1,320.0,,
Brc1ccc(cc1)c1ccc(nc1)c1ccc2c(n1)cccc2,Brc1ccc(-c2ccc(-c3ccc4ccccc4n3)nc2)cc1,358.0,,
O=C1N(C)C(=O)C(=C2C=C(Oc3c2cccc3)c2ccccc2)C(=O)N1C,CN1C(=O)C(=C2C=C(c3ccccc3)Oc3ccccc32)C(=O)N(C)C1=O,340.0,,
COc1ccc(cc1)C=CC(=O)c1ccccc1O,COc1ccc(C=CC(=O)c2ccccc2O)cc1,262.0,,
COc1ccc(cc1)n1c(nc(c1c1cccs1)c1cccs1)c1ccc2c(c1)c1ccccc1n2CC,CCn1c2ccccc2c2cc(-c3nc(-c4cccs4)c(-c4cccs4)n3-c3ccc(OC)cc3)ccc21,306.0,50250.0,DMSO
OCc1cccnc1,OCc1cccnc1,276.6,,
Clc1ccc(c(c1)Cl)C(C1=C(O)C(=O)c2c(C1=O)cccc2)Nc1ccc(cc1)C,Cc1ccc(NC(C2=C(O)C(=O)c3ccccc3C2=O)c2ccc(Cl)cc2Cl)cc1,477.0,2951.209227,
CN1c2ccc(cc2Oc2c1cccc2)c1ccc(o1)C=C(C(=O)O)C#N,CN1c2ccccc2Oc2cc(-c3ccc(C=C(C#N)C(=O)O)o3)ccc21,452.0,,
N#CC(=Cc1ccc(s1)c1ccc(s1)C=C1c2ccccc2c2c1cccc2)C(=O)O,N#CC(=Cc1ccc(-c2ccc(C=C3c4ccccc4-c4ccccc43)s2)s1)C(=O)O,460.0,13408.0,
CN1c2c(cccc2Sc2c1cccc2)C=Nc1ccc2c(c1)cccc2,CN1c2ccccc2Sc2cccc(C=Nc3ccc4ccccc4c3)c21,370.0,7089.0,DCM
Brc1cccc2c1cccc2,Brc1cccc2ccccc12,449.0,,
CC(n1c2nc(nc(=O)c2[n+](c2c1cccc2)[O-])c1ccccc1)C,CC(C)n1c2nc(-c3ccccc3)nc(=O)c-2[n+]([O-])c2ccccc21,500.0,25703.95783,
CCN(c1cc(NC(=O)C)c(cc1OC)N=Nc1cc2c(=O)[nH][nH]c(=O)c2cc1[N+](=O)[O-])CC,CCN(CC)c1cc(NC(C)=O)c(N=Nc2cc3c(=O)[nH][nH]c(=O)c3cc2[N+](=O)[O-])cc1OC,556.0,18156.0,
CC(c1ccc(cc1)O)(c1ccc(cc1)O)C,CC(C)(c1ccc(O)cc1)c1ccc(O)cc1,545.0,,
N#CC(=Cc1ccccc1)c1ccc(cc1)N(c1ccccc1)c1ccccc1,N#CC(=Cc1ccccc1)c1ccc(N(c2ccccc2)c2ccccc2)cc1,397.0,,THF
COc1c(C=C(c2ccccc2)c2ccccc2)cc2c(c1C=C(c1ccccc1)c1ccccc1)n(C)c1c2cccc1,COc1c(C=C(c2ccccc2)c2ccccc2)cc2c3ccccc3n(C)c2c1C=C(c1ccccc1)c1ccccc1,476.0,,THF
COc1cc(C=Cc2ccc(cc2)c2nc(c(n2c2ccccc2)c2ccccc2)c2ccccc2)ccc1OC,COc1ccc(C=Cc2ccc(-c3nc(-c4ccccc4)c(-c4ccccc4)n3-c3ccccc3)cc2)cc1OC,344.0,,
CCCN1c2ccccc2C(C21C=Cc1c(O2)ccc2c1cccn2)(C)C,CCCN1c2ccccc2C(C)(C)C12C=Cc1c(ccc3ncccc13)O2,291.0,,
COc1ccc2c(c1)oc(=O)cc2COc1ccccc1C,COc1ccc2c(COc3ccccc3C)cc(=O)oc2c1,325.0,,
Cc1ccsc1c1ccc(s1)c1c(F)c(F)c(c2c1nsn2)c1ccc(s1)c1sccc1C,Cc1ccsc1-c1ccc(-c2c(F)c(F)c(-c3ccc(-c4sccc4C)s3)c3nsnc23)s1,349.0,,
COC(=O)c1cc2ccccc2cc1c1cc2ccccc2cc1C(=O)N([C@H](C(C)(C)C)C)C,COC(=O)c1cc2ccccc2cc1-c1cc2ccccc2cc1C(=O)N(C)[C@@H](C)C(C)(C)C,257.4,17400.0,
Cc1nn(c(c1c1nc2c([nH]1)cccc2)Cl)c1ccccc1,Cc1nn(-c2ccccc2)c(Cl)c1-c1nc2ccccc2[nH]1,295.0,,
CCC1=C(C)C2=C(c3ccc(cc3)O)c3[nH]c(c(c3C)CC)C=C3N=C(C=c4[nH]c(=CC1=N2)c(C)c4CC)C(=C3C)CC,CCC1=C(C)c2cc3[nH]c(c(C)c3CC)c(-c3ccc(O)cc3)c3nc(cc4[nH]c(cc1n2)c(CC)c4C)C(CC)=C3C,822.0,162000.0,PhCN
Oc1ccc2c(c1)cccc2,Oc1ccc2ccccc2c1,225.0,,
C(COc1cc(c(cc1c1cc(C#N)cc(c1)C#N)OC)c1cc(C#N)cc(c1)C#N)CC,CCCCOc1cc(-c2cc(C#N)cc(C#N)c2)c(OC)cc1-c1cc(C#N)cc(C#N)c1,448.0,,
O=C(c1ccco1)CC(=O)c1cccs1,O=C(CC(=O)c1cccs1)c1ccco1,360.0,,
Brc1ccc(cc1)c1ccc(nc1)c1ccccn1,Brc1ccc(-c2ccc(-c3ccccn3)nc2)cc1,322.0,,
OCCN(c1ccc2c(c1)ccc(c2)C(=C(C#N)C#N)C)C,CC(=C(C#N)C#N)c1ccc2cc(N(C)CCO)ccc2c1,438.0,,
Brc1ccc(cc1)C=Cc1ccc(cc1)c1nnc(o1)c1c2ccccc2cc2c1cccc2,Brc1ccc(C=Cc2ccc(-c3nnc(-c4c5ccccc5cc5ccccc45)o3)cc2)cc1,338.0,,
O=C(CN1CCN(CC(=O)NCCc2ccccc2)CC(=O)NCCNC(=O)C1)NCCc1ccccc1,O=C1CN(CC(=O)NCCc2ccccc2)CCN(CC(=O)NCCc2ccccc2)CC(=O)NCCN1,263.0,,
c1ccc(cc1)c1cc(cc(c1)c1ccccc1)c1ccccc1c1cccc(c1)n1c2ccccc2c2c1cccc2,c1ccc(-c2cc(-c3ccccc3)cc(-c3ccccc3-c3cccc(-n4c5ccccc5c5ccccc54)c3)c2)cc1,241.0,,
O=C1OC(=O)C(=C(C=CCc2csc3c2cccc3)C)C1C,CC(C=CCc1csc2ccccc12)=C1C(=O)OC(=O)C1C,341.0,,
COc1ccc(cc1)c1ccc(cc1)c1nc(c(n1C)C#N)C#N,COc1ccc(-c2ccc(-c3nc(C#N)c(C#N)n3C)cc2)cc1,301.0,,
CCOC(=O)c1sc2c(c1N=Nc1ccc(cc1)N(C)C)c(cc(n2)c1ccco1)C(F)(F)F,CCOC(=O)c1sc2nc(-c3ccco3)cc(C(F)(F)F)c2c1N=Nc1ccc(N(C)C)cc1,448.0,,DMF
N#Cc1ccc(s1)c1ccc(s1)C1=CCC(CC1)C,CC1CC=C(c2ccc(-c3ccc(C#N)s3)s2)CC1,366.0,,Pyridine
CCOC(=O)C(=CC=CC(c1ccccc1)O)OC(=O)C,CCOC(=O)C(=CC=CC(O)c1ccccc1)OC(C)=O,340.0,,
Cc1cccc(c1)C#Cc1c(C#Cc2cccc(c2)C)c(C#Cc2cccc(c2)C)c(c(c1C#Cc1cccc(c1)C)F)F,Cc1cccc(C#Cc2c(F)c(F)c(C#Cc3cccc(C)c3)c(C#Cc3cccc(C)c3)c2C#Cc2cccc(C)c2)c1,409.0,,
CN(c1ccc(cc1)C(=c1c(F)c(F)c(=C(C#N)C#N)c(c1F)F)C(=C(C#N)C#N)c1ccc(cc1)[N+](=O)[O-])C,CN(C)c1ccc(C(C(=C(C#N)C#N)c2ccc([N+](=O)[O-])cc2)=c2c(F)c(F)c(=C(C#N)C#N)c(F)c2F)cc1,890.0,,
O=Cc1ccc[nH]1,O=Cc1ccc[nH]1,325.0,,
c1ccc(cc1)c1c2ccccc2c(c2c1cccc2)c1ccc2c(c1)c1cc(ccc1o2)c1c2ccccc2c(c2c1cccc2)c1ccccc1,c1ccc(-c2c3ccccc3c(-c3ccc4oc5ccc(-c6c7ccccc7c(-c7ccccc7)c7ccccc67)cc5c4c3)c3ccccc23)cc1,375.0,,dichloromethane
CCN(c1ccc(cc1)N=Cc1ccc(s1)C=CC1=C(C#N)C(=C(C#N)C#N)OC1(C)C)CC,CCN(CC)c1ccc(N=Cc2ccc(C=CC3=C(C#N)C(=C(C#N)C#N)OC3(C)C)s2)cc1,649.0,,
[O-]c1c(Cl)cc(cc1Cl)[n+]1c(cc(cc1c1ccccc1)c1ccccc1)c1ccccc1,[O-]c1c(Cl)cc(-[n+]2c(-c3ccccc3)cc(-c3ccccc3)cc2-c2ccccc2)cc1Cl,512.0,,
CCN(c1ccc2c(c1)oc(=O)c(c2O)N=Nc1ccc(cc1)C(=O)O)CC,CCN(CC)c1ccc2c(O)c(N=Nc3ccc(C(=O)O)cc3)c(=O)oc2c1,480.0,,MeOH
Oc1ccc2c(c1c1ccc3c(n1)cccc3)cccc2,Oc1ccc2ccccc2c1-c1ccc2ccccc2n1,335.0,,
COc1ccc(cc1)c1ccc2c(c1)Sc1c(N2c2ccc(cc2)OC)ccc(c1)C=C(C(=O)O)C#N,COc1ccc(-c2ccc3c(c2)Sc2cc(C=C(C#N)C(=O)O)ccc2N3c2ccc(OC)cc2)cc1,470.0,34350.0,
Cc1c(sc2c1sc(c2)C=Cc1nc2c(s1)cc(cc2)OC)c1nc2c(s1)cccc2,COc1ccc2nc(C=Cc3cc4sc(-c5nc6ccccc6s5)c(C)c4s3)sc2c1,430.0,66000.0,
O=Cc1ccc(cc1)N(c1c2ccccc2cc2c1cccc2)c1ccc(cc1)C=O,O=Cc1ccc(N(c2ccc(C=O)cc2)c2c3ccccc3cc3ccccc23)cc1,375.0,,
CCN(c1sc(c(n1)c1ccccc1)N=Nc1nccs1)CC,CCN(CC)c1nc(-c2ccccc2)c(N=Nc2nccs2)s1,515.0,30900.0,
COc1ccc(cc1)N=Nc1c([nH]c2c1cccc2)c1ccccc1,COc1ccc(N=Nc2c(-c3ccccc3)[nH]c3ccccc23)cc1,405.0,56234.13252,DMSO
Cc1ccc2c(c1)oc(=O)cc2c1cc(nc(c1)c1cc2ccccc2oc1=O)c1cc2ccccc2oc1=O,Cc1ccc2c(-c3cc(-c4cc5ccccc5oc4=O)nc(-c4cc5ccccc5oc4=O)c3)cc(=O)oc2c1,352.0,,chlorobenzene
CC(=O)Nc1ccc(cc1)C(=O)NC1=CC(=O)C(=O)c2c1cccc2,CC(=O)Nc1ccc(C(=O)NC2=CC(=O)C(=O)c3ccccc32)cc1,293.0,,ethanol
O=C(CC(=O)C=Cc1ccccc1)C=Cc1ccccc1,O=C(C=Cc1ccccc1)CC(=O)C=Cc1ccccc1,390.0,,acetonitrile
c1ccc(cc1)n1c(nc2c1cccc2)c1ccc(cc1)c1nc2ccccc2c(n1)c1ccc(cc1)c1nc2c(n1c1ccccc1)cccc2,c1ccc(-n2c(-c3ccc(-c4nc(-c5ccc(-c6nc7ccccc7n6-c6ccccc6)cc5)c5ccccc5n4)cc3)nc3ccccc32)cc1,342.0,,dichloromethane
N#CC(=Cc1ccc2c(c1)cccc2)c1ccc(cc1)N(c1ccc2c(c1)cccc2)c1ccccc1,N#CC(=Cc1ccc2ccccc2c1)c1ccc(N(c2ccccc2)c2ccc3ccccc3c2)cc1,412.0,,THF
Cc1nc(c2n1ccc(c2)c1nnc(o1)c1cc(nn1Cc1ccccc1)c1ccc(cc1)C)Cl,Cc1ccc(-c2cc(-c3nnc(-c4ccn5c(C)nc(Cl)c5c4)o3)n(Cc3ccccc3)n2)cc1,400.0,,
N#CC(=Cc1ccc2c(c1)C(CC)(CC)c1c2ccc(c1)c1ccc(s1)c1ccc2c3c1ccc1c3c(cc2)ccc1)C(=O)O,CCC1(CC)c2cc(C=C(C#N)C(=O)O)ccc2-c2ccc(-c3ccc(-c4ccc5ccc6cccc7ccc4c5c67)s3)cc21,508.1,69400.0,THF
[O-][N+](=O)c1cccc(c1)N=NC(=NNc1ccccc1)c1ccccc1,O=[N+]([O-])c1cccc(N=NC(=NNc2ccccc2)c2ccccc2)c1,341.0,,
N#CC(=C1C=C(c2c1cccc2)Nc1ccc(cc1)[N+](=O)[O-])C#N,N#CC(C#N)=C1C=C(Nc2ccc([N+](=O)[O-])cc2)c2ccccc21,529.0,,acetone
COc1ccc2c(c1)c1oc(=O)c3c(c1CC2)c(C#N)c1n(c3=N)[nH]c(c1)c1ccccc1,COc1ccc2c(c1)-c1oc(=O)c3c(=N)n4[nH]c(-c5ccccc5)cc4c(C#N)c3c1CC2,428.0,17003.0,DMF
Oc1cccc2c1cccc2,Oc1cccc2ccccc12,680.0,,
OC(=O)c1cccnc1NC1CC1,O=C(O)c1cccnc1NC1CC1,222.0,,
CC(c1ccc(cc1)N=Cc1cc(ccc1O)N=Nc1ccccc1)C,CC(C)c1ccc(N=Cc2cc(N=Nc3ccccc3)ccc2O)cc1,240.0,,Dimethylsulfoxide
COc1ccc(cc1)Cc1nnc2n1nc(s2)c1ccc(cc1)c1ccc(cc1)c1ccccc1,COc1ccc(Cc2nnc3sc(-c4ccc(-c5ccc(-c6ccccc6)cc5)cc4)nn23)cc1,263.0,313000.0,DMSO
COc1cccc(c1)Cn1c(cc2c1cccc2)C(=O)NC1CCN(CC1)C(C)C,COc1cccc(Cn2c(C(=O)NC3CCN(C(C)C)CC3)cc3ccccc32)c1,499.0,72400.0,
Brc1ccccc1C(=C)c1[nH]c2c(c1CCNS(=O)(=O)c1ccccc1[N+](=O)[O-])cccc2,C=C(c1ccccc1Br)c1[nH]c2ccccc2c1CCNS(=O)(=O)c1ccccc1[N+](=O)[O-],304.0,,
c1ccc(cc1)C#Cc1cc(C#Cc2ccccc2)nc(n1)C#Cc1ccccc1,C(#Cc1cc(C#Cc2ccccc2)nc(C#Cc2ccccc2)n1)c1ccccc1,341.0,,chloroform
OCCN(c1ccc(cc1)N=Nc1ccc(cc1)[N+](=O)[O-])CC,CCN(CCO)c1ccc(N=Nc2ccc([N+](=O)[O-])cc2)cc1,510.0,,
O=C1c2ccccc2c2c1cccc2,O=C1c2ccccc2-c2ccccc21,258.0,,
COc1ccc(cc1)N(c1ccc(cc1)OC)c1ccc(cc1)c1ccc(s1)C=C(C(=O)O)C#N,COc1ccc(N(c2ccc(OC)cc2)c2ccc(-c3ccc(C=C(C#N)C(=O)O)s3)cc2)cc1,510.0,,
O[C@@H]1[C@H](O)[C@H](O[C@H]1n1ccc(nc1=O)N)COP(=O)(O)O,Nc1ccn([C@@H]2O[C@H](COP(=O)(O)O)[C@@H](O)[C@H]2O)c(=O)n1,280.0,,
CC(=O)Nc1c(N)cc(cc1O)C(=O)O,CC(=O)Nc1c(N)cc(C(=O)O)cc1O,490.0,,
C#CCOC(=O)[C@@H](NC1=C(Br)C(=O)O[C@@H]1OC1CC(C)CCC1C(C)C)Cc1ccccc1,C#CCOC(=O)[C@H](Cc1ccccc1)NC1=C(Br)C(=O)O[C@@H]1OC1CC(C)CCC1C(C)C,269.0,,
C1(C)c2cc(ccc2c2c1cccc2)c1sc(c2c1cccc2)c1ccc(s1)C=C(c1cccs1)C#N,CC1c2ccccc2-c2ccc(-c3sc(-c4ccc(C=C(C#N)c5cccs5)s4)c4ccccc34)cc21,530.0,,CH 2 Cl
Nc1ccc(c(c1)O)c1nc2c(s1)cccc2,Nc1ccc(-c2nc3ccccc3s2)c(O)c1,365.0,,water
O=C(c1ccccc1O)C=Cc1ccc(cc1)[N+](=O)[O-],O=C(C=Cc1ccc([N+](=O)[O-])cc1)c1ccccc1O,262.0,,
CN(c1ccc(cc1)C=Cc1ccncc1)C,CN(C)c1ccc(C=Cc2ccncc2)cc1,387.0,36084.0,
COc1ccc2c(c1)cc1c(n2)nc2c(c1)c1ccccc1C2,COc1ccc2nc3nc4c(cc3cc2c1)-c1ccccc1C4,373.0,,acetone
COc1cc(c(cc1c1ccccc1C#N)OC)c1ccccc1C#N,COc1cc(-c2ccccc2C#N)c(OC)cc1-c1ccccc1C#N,413.0,,
Oc1cccc(c1c1nc2c(o1)cccc2)O,Oc1cccc(O)c1-c1nc2ccccc2o1,334.0,,Water
Cc1ccc(cc1)NCc1c2ccccc2cc2c1cccc2,Cc1ccc(NCc2c3ccccc3cc3ccccc23)cc1,384.0,,
COc1ccc2c(c1)sc(n2)N=Nc1ccc(c2c1cccn2)O,COc1ccc2nc(N=Nc3ccc(O)c4ncccc34)sc2c1,506.0,,DMSO
COCC(CCc1ccc2c3c1ccc1c3c(cc2)c(cc1)C(=O)O)OC,COCC(CCc1ccc2ccc3c(C(=O)O)ccc4ccc1c2c43)OC,425.0,,
Fc1ccc(cc1)c1[nH]c2c(c1c1ccc(cc1)S(=O)(=O)N)cccc2,NS(=O)(=O)c1ccc(-c2c(-c3ccc(F)cc3)[nH]c3ccccc23)cc1,237.0,,
COc1ccc2c(c1)[n+]([O-])c1c(n2C)nc(nc1=O)c1ccccc1,COc1ccc2c(c1)[n+]([O-])c1c(=O)nc(-c3ccccc3)nc-1n2C,528.0,30199.5172,
Oc1ccc2c(c1O)c1ncccc1cc2,Oc1ccc2ccc3cccnc3c2c1O,381.0,,
N#Cc1c(N)nc(c(c1c1ccc(cc1Cl)Cl)C#N)N,N#Cc1c(N)nc(N)c(C#N)c1-c1ccc(Cl)cc1Cl,332.0,,THF
CC(n1cc(n(c1=S)C)P(c1ccccc1)c1ccccc1)(C)C,Cn1c(P(c2ccccc2)c2ccccc2)cn(C(C)(C)C)c1=S,209.0,,
CC(=Nc1ccccc1)c1cccc(n1)C(=Nc1ccccc1)C,CC(=Nc1ccccc1)c1cccc(C(C)=Nc2ccccc2)n1,277.0,26025.0,
[O-][N+](=O)c1ccc(cc1)C=NN=CC=Cc1ccccc1,O=[N+]([O-])c1ccc(C=NN=CC=Cc2ccccc2)cc1,346.0,,dioxane
OC[C@H]1O[C@H]([C@@H]([C@H]([C@@H]1O)O)O)C1=C(O)C(=C(C=Cc2ccc(cc2)O)O)C(=O)C(C1=O)(O)[C@@H]1O[C@H](CO)[C@H]([C@@H]([C@H]1O)O)O,O=C1C(=C(O)C=Cc2ccc(O)cc2)C(O)=C([C@@H]2O[C@H](CO)[C@@H](O)[C@H](O)[C@H]2O)C(=O)C1(O)[C@@H]1O[C@H](CO)[C@@H](O)[C@H](O)[C@H]1O,400.0,,
[O-][N+](=O)c1ccc2c(c1)sc(n2)N=Nc1c([nH]c2c1cccc2)c1ccccc1,O=[N+]([O-])c1ccc2nc(N=Nc3c(-c4ccccc4)[nH]c4ccccc34)sc2c1,506.0,,Chloroform
OCN1c2ccc(cc2CCc2c1ccc(c2)c1ccc(s1)C=C(C(=O)O)C#N)c1ccc(cc1)N(c1ccccc1)c1ccccc1,N#CC(=Cc1ccc(-c2ccc3c(c2)CCc2cc(-c4ccc(N(c5ccccc5)c5ccccc5)cc4)ccc2N3CO)s1)C(=O)O,458.0,,
CC(C[C@@H](C(=O)N1C[C@H]1C(=O)NCN=C(N)N)NC(=O)c1ccc(cc1)[N+](=O)[O-])C,CC(C)C[C@H](NC(=O)c1ccc([N+](=O)[O-])cc1)C(=O)N1C[C@H]1C(=O)NCN=C(N)N,540.5,31524.0,
CCc1ccc(cc1)n1c(nc(c1c1ccccc1)c1ccccc1)c1ccc(cc1)C,CCc1ccc(-n2c(-c3ccc(C)cc3)nc(-c3ccccc3)c2-c2ccccc2)cc1,344.0,,
N#Cc1cc(C)c(cc1C=Cc1ccc(cc1)OC)C#N,COc1ccc(C=Cc2cc(C#N)c(C)cc2C#N)cc1,620.0,,
N#Cc1ccc(cc1)C=C(c1ccc(cc1)N(C)C)c1ccc(cc1)N(C)C,CN(C)c1ccc(C(=Cc2ccc(C#N)cc2)c2ccc(N(C)C)cc2)cc1,267.0,,
Cc1ccnc2c1ccc1c2nccc1,Cc1ccnc2c1ccc1cccnc12,232.0,43700.0,
Nc1nc2c(N=Nc3nccs3)c(nn2c(c1N=Nc1nc2c(s1)cccc2)N)N,Nc1nc2c(N=Nc3nccs3)c(N)nn2c(N)c1N=Nc1nc2ccccc2s1,512.0,,
O=C(Cc1cc(=O)oc2c1ccc(c2)O)NCc1nnn(c1)C([C@H]1O[C@H](C[C@@H]1O)n1cc(C)c(=O)[nH]c1=O)O,Cc1cn([C@H]2C[C@H](O)[C@@H](C(O)n3cc(CNC(=O)Cc4cc(=O)oc5cc(O)ccc45)nn3)O2)c(=O)[nH]c1=O,326.0,,
C=Cc1ccc(cc1)Cn1c2ccccc2c2c1c(C)ncc2,C=Cc1ccc(Cn2c3ccccc3c3ccnc(C)c32)cc1,387.0,,
c1ccc2c(c1)C(c1c2cccc1)c1c2ccccc2c(c2c1cccc2)c1ccc2c(c1)cccc2,c1ccc2c(c1)-c1ccccc1C2c1c2ccccc2c(-c2ccc3ccccc3c2)c2ccccc12,462.0,,
[O-][N+](=O)c1ccc(cc1)N=Nc1c(=O)[nH]c2n(c1N)c1ccccc1n2,Nc1c(N=Nc2ccc([N+](=O)[O-])cc2)c(=O)[nH]c2nc3ccccc3n12,474.0,,Chloroform
O=Cc1ccc(s1)c1oc2ccccc2c(=O)c1O,O=Cc1ccc(-c2oc3ccccc3c(=O)c2O)s1,375.0,,
Fc1ccc(cc1)C1(C=Cc2c(O1)ccc1c2cccc1)c1ccccc1,Fc1ccc(C2(c3ccccc3)C=Cc3c(ccc4ccccc34)O2)cc1,431.0,,
C(=CC1=C(O[C@@H]([C@H]1O[Si](C(C)(C)C)(C)C)CO[Si](C(C)(C)C)(C)C)n1ccc(=O)[nH]c1=O)[2H],[2H]C=CC1=C(n2ccc(=O)[nH]c2=O)O[C@H](CO[Si](C)(C)C(C)(C)C)[C@H]1O[Si](C)(C)C(C)(C)C,251.0,,MeOH
COc1cccc(c1O)C=NNC(=O)c1cc2ccccc2cc1O,COc1cccc(C=NNC(=O)c2cc3ccccc3cc2O)c1O,225.0,59850.0,methanol
OP(=O)(Cc1ccncc1)O,O=P(O)(O)Cc1ccncc1,253.0,8900.0,
CN(c1ccc(cc1)c1cccc2c1nsn2)C,CN(C)c1ccc(-c2cccc3nsnc23)cc1,284.0,,
C1(C)c2cc(ccc2c2c1cc(cc2)N(c1ccccc1)c1ccccc1)c1ccc(cc1)c1nnc(o1)c1ccc(cc1)C(C)(C)C,CC1c2cc(-c3ccc(-c4nnc(-c5ccc(C(C)(C)C)cc5)o4)cc3)ccc2-c2ccc(N(c3ccccc3)c3ccccc3)cc21,521.0,,
CN1C(=O)C(=CC=CC=C2C=C(OC(=C2)c2ccccc2)c2ccccc2)C(=O)N(C1=S)C,CN1C(=O)C(=CC=CC=C2C=C(c3ccccc3)OC(c3ccccc3)=C2)C(=O)N(C)C1=S,620.0,,dichloromethane
CN(c1ncnc2c1cc(n2Cc1ccccc1)C=Cc1ccc(cc1)C(F)(F)F)Cc1ccccc1,CN(Cc1ccccc1)c1ncnc2c1cc(C=Cc1ccc(C(F)(F)F)cc1)n2Cc1ccccc1,369.0,,
CC(C#Cc1cc2c(s1)cc(s2)C#CC(C)(C)C)(C)C,CC(C)(C)C#Cc1cc2sc(C#CC(C)(C)C)cc2s1,320.0,,
Cc1cc(=O)n(c(n1)C(=NNc1ccccc1)C(=O)c1ccccc1)C,Cc1cc(=O)n(C)c(C(=NNc2ccccc2)C(=O)c2ccccc2)n1,360.0,181970.0859,
O=s1cncc1,O=S1C=CN=C1,314.86,,
CCn1c(c2ccccc2)c(c2c1cccc2)C(c1c2ccccc2n(c1c1ccccc1)CC)c1ccc(cc1)n1c2ccccc2c2c1cccc2,CCn1c(-c2ccccc2)c(C(c2ccc(-n3c4ccccc4c4ccccc43)cc2)c2c(-c3ccccc3)n(CC)c3ccccc23)c2ccccc21,342.0,,
c1ccc2c(c1)n(c1ccc(s1)n1c3ncccc3c3c1cccc3)c1c2cccc1,c1ccc2c(c1)c1ccccc1n2-c1ccc(-n2c3ccccc3c3cccnc32)s1,293.0,,
COC(=O)CCc1c(C)c([nH]c1C(c1[nH]c(c(c1CCC(=O)OC)C)C=C1NC(=O)C(=C1CC)C)(C)C)C=C1NC(=O)C(=C1CC)C,CCC1=C(C)C(=O)NC1=Cc1[nH]c(C(C)(C)c2[nH]c(C=C3NC(=O)C(C)=C3CC)c(C)c2CCC(=O)OC)c(CCC(=O)OC)c1C,428.0,,Benzene
OC(=O)[C@H](Cc1c[nH]c2c1cccc2)N,N[C@@H](Cc1c[nH]c2ccccc12)C(=O)O,490.0,,
CN1CCN(CC1)c1ccc2c3c1cccc3c1c2nc2c(n1)cc(cc2)[N+](=O)[O-],CN1CCN(c2ccc3c4c(cccc24)-c2nc4cc([N+](=O)[O-])ccc4nc2-3)CC1,437.0,,
COc1cc2c(cc1Cl)c1c(n2C)ccc(c1)Cl,COc1cc2c(cc1Cl)c1cc(Cl)ccc1n2C,373.0,,
Brc1cc(Br)c2c(c1O)nccc2,Oc1c(Br)cc(Br)c2cccnc12,272.0,,
c1ccc(cc1)c1cccc(n1)c1nccc(c1)c1ccc(cc1)C=Cc1ccc(cc1)n1ccnc1,C(=Cc1ccc(-n2ccnc2)cc1)c1ccc(-c2ccnc(-c3cccc(-c4ccccc4)n3)c2)cc1,426.0,,DMF
C1COc2c(O1)c(sc2)c1c2ccccc2cc2c1cccc2,c1ccc2c(-c3scc4c3OCCO4)c3ccccc3cc2c1,370.0,,DCM
OCCSC1=C(C=Cc2ccc(cc2)N(CC)CC)CC(CC1=CC=CC1=C(C#N)C(=C(C#N)C#N)OC1(C)C)(C)C,CCN(CC)c1ccc(C=CC2=C(SCCO)C(=CC=CC3=C(C#N)C(=C(C#N)C#N)OC3(C)C)CC(C)(C)C2)cc1,673.0,,
C1(C)c2cc3nc4c5ccccc5c5c(c4nc3cc2c2c1cccc2)cccc5,CC1c2ccccc2-c2cc3nc4c5ccccc5c5ccccc5c4nc3cc21,389.0,,DMSO
O=Cc1ccc(cc1)Cl,O=Cc1ccc(Cl)cc1,380.0,,
c1ccc2c(c1)c(c1ccccc1)c1c(c2c2ccccc2)cccc1,c1ccc(-c2c3ccccc3c(-c3ccccc3)c3ccccc23)cc1,357.0,,
N#CC1(N)SC(=C(C1)c1ccccc1)N=Nc1ccc(cc1)[N+](=O)[O-],N#CC1(N)CC(c2ccccc2)=C(N=Nc2ccc([N+](=O)[O-])cc2)S1,568.0,23988.32919,Acetone
Clc1ccc(c(c1Cl)C(=O)O)Cl,O=C(O)c1c(Cl)ccc(Cl)c1Cl,642.41,,
N#Cc1nc(N)c(nc1N)C#N,N#Cc1nc(N)c(C#N)nc1N,557.0,,
CC(c1ccc(cc1)C1(COC2C(=C1)c1ccccc1C=C2)c1ccc(cc1)C(C)(C)C)(C)C,CC(C)(C)c1ccc(C2(c3ccc(C(C)(C)C)cc3)C=C3c4ccccc4C=CC3OC2)cc1,469.0,,
O=c1nc(nc2c1cc1cccc(c1[nH]2)C)c1ccccc1,Cc1cccc2cc3c(=O)nc(-c4ccccc4)nc-3[nH]c12,385.0,72443.59601,
Clc1ccc2c(c1)c1cc(Cl)ccc1[nH]2,Clc1ccc2[nH]c3ccc(Cl)cc3c2c1,364.0,,
COc1ccc(cc1OC)c1nc2CCc3c(c2c2c1c1ccccc1CC2)cccc3,COc1ccc(-c2nc3c(c4c2-c2ccccc2CC4)-c2ccccc2CC3)cc1OC,324.0,60200.0,chloroform
CSC1=C(SC(=C(c2ccccn2)c2ccccn2)S1)SC(C(=O)C)C(=O)C,CSC1=C(SC(C(C)=O)C(C)=O)SC(=C(c2ccccn2)c2ccccn2)S1,255.0,15650.0,
C#CCN(CC#Cc1nn(c2c1c(=O)[nH]c(n2)NC(=O)C(C)C)[C@H]1C[C@@H]([C@H](O1)CO)O)CC#C,C#CCN(CC#C)CC#Cc1nn([C@H]2C[C@H](O)[C@@H](CO)O2)c2nc(NC(=O)C(C)C)[nH]c(=O)c12,286.0,,methanol
C(Cn1c(=O)c2ccc3c4c2c(c1=O)ccc4c1c2c3ccc3c2c(cc1c1ccccc1C(C)C)c(=O)n(c3=O)CC(C)CC)CC,CCCCN1C(=O)c2ccc3c4ccc5c6c(cc(-c7ccccc7C(C)C)c(c7ccc(c2c37)C1=O)c64)C(=O)N(CC(C)CC)C5=O,529.0,,
COc1ccc(cc1)c1nc2CCc3c(c2c2c1c1ccccc1CC2)cccc3,COc1ccc(-c2nc3c(c4c2-c2ccccc2CC4)-c2ccccc2CC3)cc1,322.0,,Dimethylsulfoxide
N#CC(=Cc1ccc(s1)c1ccc2c(c1)c1ccccc1n2c1ccc2c(c1)C(C)(C)c1c2cccc1)C(=O)O,CC1(C)c2ccccc2-c2ccc(-n3c4ccccc4c4cc(-c5ccc(C=C(C#N)C(=O)O)s5)ccc43)cc21,411.0,,
C#Cc1c2cc3cc(c(cc3cc2c(c2c1cc1cc(c(cc1c2)[Si](C)(C)C)[Si](C)(C)C)C#C)[Si](C)(C)C)[Si](C)(C)C,C#Cc1c2cc3cc([Si](C)(C)C)c([Si](C)(C)C)cc3cc2c(C#C)c2cc3cc([Si](C)(C)C)c([Si](C)(C)C)cc3cc12,672.0,,
C(COc1cc(c2ccc(cc2)C#N)c(cc1c1ccc(cc1)C#N)OC)CC,CCCCOc1cc(-c2ccc(C#N)cc2)c(OC)cc1-c1ccc(C#N)cc1,420.0,,
COc1cc(OC)cc(c1)N=Nc1ccc(c(c1)C=Nc1ccccc1S)O,COc1cc(N=Nc2ccc(O)c(C=Nc3ccccc3S)c2)cc(OC)c1,497.0,,
Clc1ccc(cc1)C=CC(=O)c1nnn(c1C)c1ccnc2c1ccc(c2)Cl,Cc1c(C(=O)C=Cc2ccc(Cl)cc2)nnn1-c1ccnc2cc(Cl)ccc12,235.0,,methanol
c1cc2nsnc2c(c1)c1ccc(cc1)n1c2ccccc2c2c1cccc2,c1cc(-c2ccc(-n3c4ccccc4c4ccccc43)cc2)c2nsnc2c1,240.0,,
Clc1ccc(cc1)c1nn2c(c1)cc(cc2)c1nnc(o1)c1ccccc1,Clc1ccc(-c2cc3cc(-c4nnc(-c5ccccc5)o4)ccn3n2)cc1,342.0,,Cyclohexane
Oc1ccc(cc1)C=Nc1ccccc1,Oc1ccc(C=Nc2ccccc2)cc1,293.0,23988.32919,EtOH
COc1ccc(cc1)n1ccc2c1nc(nc2c1ccc(cc1)n1c2ccccc2c2c1cccc2)c1ccc(cc1)n1c2ccccc2c2c1cccc2,COc1ccc(-n2ccc3c(-c4ccc(-n5c6ccccc6c6ccccc65)cc4)nc(-c4ccc(-n5c6ccccc6c6ccccc65)cc4)nc32)cc1,342.0,,
Nc1ccc(cc1N)c1c2ccccc2nc2c1cccc2,Nc1ccc(-c2c3ccccc3nc3ccccc23)cc1N,219.0,42657.95188,
CN(c1ccc(cc1)c1[nH]c(nc1c1ccc(cc1)N(C)C)c1ccc(cc1)c1ccc(cc1)[N+](=O)[O-])C,CN(C)c1ccc(-c2nc(-c3ccc(-c4ccc([N+](=O)[O-])cc4)cc3)[nH]c2-c2ccc(N(C)C)cc2)cc1,417.0,,CH 2 Cl 2
Clc1cc(N)c2c(n1)c(C)ccc2,Cc1cccc2c(N)cc(Cl)nc12,309.0,,
C=C(c1[nH]c2c(c1CCNS(=O)(=O)c1ccccc1[N+](=O)[O-])cccc2)c1ccccc1,C=C(c1ccccc1)c1[nH]c2ccccc2c1CCNS(=O)(=O)c1ccccc1[N+](=O)[O-],300.0,,
COc1cccc(c1)C1NC(=O)c2c(N1)cccc2,COc1cccc(C2NC(=O)c3ccccc3N2)c1,313.0,,
O=C(C(F)(F)F)CC(=O)c1cccs1,O=C(CC(=O)C(F)(F)F)c1cccs1,330.0,18641.0,
CNC(=O)c1cc(=O)c2c(o1)cc(cc2)OC,CNC(=O)c1cc(=O)c2ccc(OC)cc2o1,304.0,,
CCN(c1ccc(c(c1)OC)C(=C(C#N)C#N)C#N)CC,CCN(CC)c1ccc(C(C#N)=C(C#N)C#N)c(OC)c1,520.0,79000.0,
CCN(c1ccc2c(c1)oc(=O)c(c2O)C(=O)C=Cc1ccc2c(c1)c1ccccc1n2CC)CC,CCN(CC)c1ccc2c(O)c(C(=O)C=Cc3ccc4c(c3)c3ccccc3n4CC)c(=O)oc2c1,545.0,,DCM
CC(=O)Oc1c(cc(cc1C(C)(C)C)c1cscc1)C(C)(C)C,CC(=O)Oc1c(C(C)(C)C)cc(-c2ccsc2)cc1C(C)(C)C,460.0,,
c1ccc(cc1)C(=Cc1ccc(cc1)C=Cc1ccc(cc1)n1c2ccccc2c2c1cccc2)c1ccccc1,C(=Cc1ccc(-n2c3ccccc3c3ccccc32)cc1)c1ccc(C=C(c2ccccc2)c2ccccc2)cc1,417.0,,
Clc1ccc(cc1)c1ccc(nc1)c1ccccn1,Clc1ccc(-c2ccc(-c3ccccn3)nc2)cc1,326.0,,
c1ccc(cc1)C=Cc1ccc(cc1)c1nnc(o1)c1c2ccccc2cc2c1cccc2,C(=Cc1ccc(-c2nnc(-c3c4ccccc4cc4ccccc34)o2)cc1)c1ccccc1,334.0,,
CCOC(=O)c1cc2cc(cn2cc1c1ccc(cc1)OC)C(=O)C,CCOC(=O)c1cc2cc(C(C)=O)cn2cc1-c1ccc(OC)cc1,266.0,43700.0,dichloromethane
C1(C)c2cc3nc([nH]c3cc2c2c1cccc2)c1ccc(cc1)F,CC1c2ccccc2-c2cc3[nH]c(-c4ccc(F)cc4)nc3cc21,354.0,,DMSO
Clc1ccc2c(c1)sc(n2)N=Nc1ccc(c2c1cccn2)O,Oc1ccc(N=Nc2nc3ccc(Cl)cc3s2)c2cccnc12,564.0,,DMSO
Fc1c(F)c(F)c2c(c1F)cc1c(n2)snc1C,Cc1nsc2nc3c(F)c(F)c(F)c(F)c3cc12,363.0,,Ethanol
Ic1nc(C=Cc2ccc(cc2)N(C)C)cc(n1)C=Cc1ccc(cc1)N(C)C,CN(C)c1ccc(C=Cc2cc(C=Cc3ccc(N(C)C)cc3)nc(I)n2)cc1,450.0,46535.0,dichloromethane
Nc1nn2c(c1N=Nc1ccc(cc1)[N+](=O)[O-])nccc2c1ccccc1,Nc1nn2c(-c3ccccc3)ccnc2c1N=Nc1ccc([N+](=O)[O-])cc1,415.0,,Cyclohexane
COC(=O)C1C(=C(N2C1c1ccccc1C=N2)C(=O)N)C(=O)OC,COC(=O)C1=C(C(N)=O)N2N=Cc3ccccc3C2C1C(=O)OC,487.0,,ethanol
CC1(C)c2ccccc2N(C21C=Cc1c(O2)ccc2c1c(c1ccccc1)c(o2)c1ccccc1)Cc1ccccc1,CC1(C)c2ccccc2N(Cc2ccccc2)C12C=Cc1c(ccc3oc(-c4ccccc4)c(-c4ccccc4)c13)O2,244.0,22100.0,
BrC1=C(O[C@@H]([C@H]1O[Si](C(C)(C)C)(C)C)CO[Si](C(C)(C)C)(C)C)n1ccc(=O)[nH]c1=O,CC(C)(C)[Si](C)(C)OC[C@H]1OC(n2ccc(=O)[nH]c2=O)=C(Br)[C@@H]1O[Si](C)(C)C(C)(C)C,255.0,,MeOH
Brc1c[n+]([O-])c2c(c1)C(F)(F)c1c2[n+]([O-])ccc1,[O-][n+]1cccc2c1-c1c(cc(Br)c[n+]1[O-])C2(F)F,319.0,,
O=C1Nc2c(C1=Cc1ccc(cc1)c1ccccc1)cccc2,O=C1Nc2ccccc2C1=Cc1ccc(-c2ccccc2)cc1,345.0,,DMSO
N#Cc1c(C#N)nc(n1C)c1ccc(cc1)C=Cc1ccc(cc1)N(C)C,CN(C)c1ccc(C=Cc2ccc(-c3nc(C#N)c(C#N)n3C)cc2)cc1,380.0,,
c1ccc(cc1)n1c(nc2c1cccc2)c1ccc(cc1)n1c2ccc3c(c2c2c1cc(cc2)c1cccc2c1sc1c2cccc1)cccc3,c1ccc(-n2c(-c3ccc(-n4c5cc(-c6cccc7c6sc6ccccc67)ccc5c5c6ccccc6ccc54)cc3)nc3ccccc32)cc1,372.0,,
c1ccc2c(c1)sc(n2)c1ccc(cc1)n1c2ccccc2c2c1cccc2,c1ccc2sc(-c3ccc(-n4c5ccccc5c5ccccc54)cc3)nc2c1,345.0,,Methanol
CCOC(=O)c1ccc(cc1)C#Cc1ccc(s1)C#Cc1ccc(cc1)OC,CCOC(=O)c1ccc(C#Cc2ccc(C#Cc3ccc(OC)cc3)s2)cc1,565.0,,
CCOC(=O)C1=C(N)Oc2c(C1c1ccc(cc1)Cl)cc(c1c2cccc1)OC,CCOC(=O)C1=C(N)Oc2c(cc(OC)c3ccccc23)C1c1ccc(Cl)cc1,332.0,,
Fc1ccc(cc1)c1cc(c2ccc(cc2)F)c2c3c1ccc1c3c(cc2)c(cc1c1ccc(cc1)F)c1ccc(cc1)F,Fc1ccc(-c2cc(-c3ccc(F)cc3)c3ccc4c(-c5ccc(F)cc5)cc(-c5ccc(F)cc5)c5ccc2c3c54)cc1,387.0,,Cyclohexane
COC(=O)c1ccc(nc1)c1ccc(cn1)c1ccc(cc1)Br,COC(=O)c1ccc(-c2ccc(-c3ccc(Br)cc3)cn2)nc1,332.0,,
Cc1nc(c2n1ccc(c2)c1nnc(o1)COc1ccc(cc1)c1ccccc1)Cl,Cc1nc(Cl)c2cc(-c3nnc(COc4ccc(-c5ccccc5)cc4)o3)ccn12,367.0,,CH3CN
COc1ccc(s1)C=Cc1ccc(cc1)c1sc(c(c1[N+](=O)[O-])[N+](=O)[O-])c1ccc(cc1)C=Cc1ccc(s1)OC,COc1ccc(C=Cc2ccc(-c3sc(-c4ccc(C=Cc5ccc(OC)s5)cc4)c([N+](=O)[O-])c3[N+](=O)[O-])cc2)s1,375.0,51600.0,CH2Cl2 ( c 2 × 10–5 mol / l )
COc1ccc(cc1)C(=O)Oc1ccc(cc1)c1ccc(cc1)OC(=O)c1ccc(cc1)OC,COc1ccc(C(=O)Oc2ccc(-c3ccc(OC(=O)c4ccc(OC)cc4)cc3)cc2)cc1,269.0,,
CCn1c2c(cc(cc2c2c1c(cc(c2)C(C)(C)C)N(c1ccccc1)c1ccccc1)C(C)(C)C)N(c1ccccc1)c1ccccc1,CCn1c2c(N(c3ccccc3)c3ccccc3)cc(C(C)(C)C)cc2c2cc(C(C)(C)C)cc(N(c3ccccc3)c3ccccc3)c21,362.0,,
COC(=O)c1n2nc(C=Cc3ccc(cc3)F)ccc2c(c1C(=O)OC)C(=O)OC,COC(=O)c1c(C(=O)OC)c2ccc(C=Cc3ccc(F)cc3)nn2c1C(=O)OC,454.0,,MeOH
c1ccc(cc1)c1cnc(o1)c1ccc(cc1)c1ncc(o1)c1ccccc1,c1ccc(-c2cnc(-c3ccc(-c4ncc(-c5ccccc5)o4)cc3)o2)cc1,361.0,57200.0,
c1ccc(cc1)C(=C(c1ccccc1)c1ccccc1)c1ccc(cc1)C=Cc1ccc(cc1)n1c2ccccc2c2c1cccc2,C(=Cc1ccc(-n2c3ccccc3c3ccccc32)cc1)c1ccc(C(=C(c2ccccc2)c2ccccc2)c2ccccc2)cc1,411.0,,
CN(c1ccc(cc1)C(=CC=C(C(=O)C(F)(F)F)C(=O)C(F)(F)F)c1ccc(cc1)N(C)C)C,CN(C)c1ccc(C(=CC=C(C(=O)C(F)(F)F)C(=O)C(F)(F)F)c2ccc(N(C)C)cc2)cc1,577.0,,
OC(C[C@H](C(=O)N[C@@H]1[C@H](O)Cc2c1cccc2)Cc1ccccc1)C[C@H](C(=O)N[C@@H]1[C@H](O)Cc2c1cccc2)Cc1ccccc1,O=C(N[C@H]1c2ccccc2C[C@H]1O)[C@H](Cc1ccccc1)CC(O)C[C@@H](Cc1ccccc1)C(=O)N[C@H]1c2ccccc2C[C@H]1O,294.0,,
COc1ccc2c(c1)cc1c(n2)nc(cc1)c1ccc(cc1)[N+](=O)[O-],COc1ccc2nc3nc(-c4ccc([N+](=O)[O-])cc4)ccc3cc2c1,394.0,,acetone
CCOC(=O)c1cc2cc(cn2cc1c1ccc(cc1)Cl)C(=O)c1ccccc1,CCOC(=O)c1cc2cc(C(=O)c3ccccc3)cn2cc1-c1ccc(Cl)cc1,279.0,94900.0,dichloromethane
C#Cc1ccc2c(c1)C(=O)c1c2ccc(c1)C#C,C#Cc1ccc2c(c1)C(=O)c1cc(C#C)ccc1-2,523.0,,
Cc1nc(c2n1ccc(c2)c1nnc(o1)COc1ccc(cc1)Cl)Cl,Cc1nc(Cl)c2cc(-c3nnc(COc4ccc(Cl)cc4)o3)ccn12,369.0,,CH3CN
OS(=O)(=O)c1ccc2c(c1)ccc1c2nn(n1)c1ccc(cc1)c1nc(c([nH]1)c1ccccc1)c1ccccc1,O=S(=O)(O)c1ccc2c(ccc3nn(-c4ccc(-c5nc(-c6ccccc6)c(-c6ccccc6)[nH]5)cc4)nc32)c1,363.0,,DMSO
Nc1ccc(cc1)Nc1nc(nc(n1)N(c1ccccc1)c1ccccc1)N(c1ccccc1)c1ccccc1,Nc1ccc(Nc2nc(N(c3ccccc3)c3ccccc3)nc(N(c3ccccc3)c3ccccc3)n2)cc1,284.0,93325.43008,CH 2 Cl 2
S=c1n(c2ccccc2)c(cn1c1ccccc1)P(c1ccccc1)c1ccccc1,S=c1n(-c2ccccc2)cc(P(c2ccccc2)c2ccccc2)n1-c1ccccc1,209.0,,
Cc1nc(c2n1ccc(c2)c1nnc(o1)c1ccccc1F)Cl,Cc1nc(Cl)c2cc(-c3nnc(-c4ccccc4F)o3)ccn12,277.0,25298.0,dichloromethane
Oc1cc(O)c2c(c1)oc1c(c2=O)cc(c(c1)O)O,O=c1c2cc(O)c(O)cc2oc2cc(O)cc(O)c12,236.0,,
OC(=O)CN(c1ccc(cc1OCCOc1cc(C)ccc1N(CC(=O)O)CC(=O)O)c1[nH]c2c(c1)ccc(c2)C(=O)O)CC(=O)O,Cc1ccc(N(CC(=O)O)CC(=O)O)c(OCCOc2cc(-c3cc4ccc(C(=O)O)cc4[nH]3)ccc2N(CC(=O)O)CC(=O)O)c1,349.0,,
CCN1c2ccc3c(c2C(C1=CC1=C([O-])C(=CC2=[N+](CC)c4c(C2(C)C)c2ccccc2cc4)C1=O)(C)C)cccc3,CCN1C(=CC2=C([O-])C(=CC3=[N+](CC)c4ccc5ccccc5c4C3(C)C)C2=O)C(C)(C)c2c1ccc1ccccc21,665.5,,chloroform
c1ccc(cc1)N(c1ccccc1)c1ccc(cc1)n1ccc2c1nc(nc2c1ccccc1)c1ccccc1,c1ccc(-c2nc(-c3ccccc3)c3ccn(-c4ccc(N(c5ccccc5)c5ccccc5)cc4)c3n2)cc1,308.0,,
Clc1ccc(cc1)c1cn2nc(cc2c(=O)[nH]1)c1ccccc1,O=c1[nH]c(-c2ccc(Cl)cc2)cn2nc(-c3ccccc3)cc12,331.0,,THF
Cc1ccccc1c1ccc(nc1)c1ccc2c(n1)cccc2,Cc1ccccc1-c1ccc(-c2ccc3ccccc3n2)nc1,360.0,,
Fc1cccc(c1)c1ccc(c2c1[nH]cc2)c1cccc(c1)F,Fc1cccc(-c2ccc(-c3cccc(F)c3)c3[nH]ccc23)c1,320.0,,
c1csc(c1)c1sccc1c1sccc1c1cccs1,c1csc(-c2ccsc2-c2ccsc2-c2cccs2)c1,508.0,,
CN(c1ccc(cc1)C1CC(=NN1c1ccccc1)c1ccc2c(c1)C1(c3c2cccc3)c2ccccc2c2c1cccc2)C,CN(C)c1ccc(C2CC(c3ccc4c(c3)C3(c5ccccc5-c5ccccc53)c3ccccc3-4)=NN2c2ccccc2)cc1,395.0,,
COC(=O)c1c(c2nc(C#N)c(nc2c2ccccc2)C#N)n2c(c1C(=O)OC)cccc2,COC(=O)c1c(C(=O)OC)c2ccccn2c1-c1nc(C#N)c(C#N)nc1-c1ccccc1,440.0,,THF
OCC1OC(C(C1O)O)n1ccc2c1ncnc2N,Nc1ncnc2c1ccn2C1OC(CO)C(O)C1O,654.0,,
c1ccc(cc1)N(c1ccc(cc1)c1cccc2c1nccc2)c1ccc(cc1)c1cccc2c1nccc2,c1ccc(N(c2ccc(-c3cccc4cccnc34)cc2)c2ccc(-c3cccc4cccnc34)cc2)cc1,291.0,,
CCOC(=O)c1c(N=S=O)c(c2c1ccccc2)C(=O)OCC,CCOC(=O)c1c2cccccc-2c(C(=O)OCC)c1N=S=O,507.0,,
CCOC(=O)c1c(N)sc2c1c1ccccc1C2=Cc1ccc(cc1)N(C)C,CCOC(=O)c1c(N)sc2c1-c1ccccc1C2=Cc1ccc(N(C)C)cc1,421.0,,acetone
COc1ccccc1c1oc2ccccc2c(=S)c1O,COc1ccccc1-c1oc2ccccc2c(=S)c1O,359.0,11320.0,
CC1=NC(=Cc2ccccc2)C(=O)N1Cc1ccccc1,CC1=NC(=Cc2ccccc2)C(=O)N1Cc1ccccc1,355.0,,
c1csc(c1)c1sc(c2c1cc1ccccc1c2)c1cccc2c1cccc2,c1csc(-c2sc(-c3cccc4ccccc34)c3cc4ccccc4cc23)c1,580.0,,CH 2 Cl
c1cc2cccc3c2c(c1)C=C3,C1=Cc2cccc3cccc1c23,325.0,18250.0,Cyclohexane
COc1cccc(c1)N=Nc1c(=O)[nH]c2n(c1N)c1ccccc1n2,COc1cccc(N=Nc2c(N)n3c(nc4ccccc43)[nH]c2=O)c1,418.0,,Chloroform
OC[C@H]1O[C@H](C[C@@H]1O)n1cc(c2nccs2)c(=O)[nH]c1=O,O=c1[nH]c(=O)n([C@H]2C[C@H](O)[C@@H](CO)O2)cc1-c1nccs1,318.0,,
CCCOc1cc(nc(c1)c1ccccn1)c1ccccn1,CCCOc1cc(-c2ccccn2)nc(-c2ccccn2)c1,277.0,26800.0,MeCN
COc1ccccc1N=Nc1c(=O)[nH]c2n(c1N)c1ccccc1n2,COc1ccccc1N=Nc1c(N)n2c(nc3ccccc32)[nH]c1=O,422.0,,Chloroform
COc1ccc2c(c1)cc1c(n2)nc2c(c1)C(=O)CC(C2)(C)C,COc1ccc2nc3nc4c(cc3cc2c1)C(=O)CC(C)(C)C4,407.0,,DMF
C1CN2CCCc3c2c(C1)ccc3,c1cc2c3c(c1)CCCN3CCC2,490.0,,
CCOC(=O)C1=C(NC(=O)C1=Cc1ccccc1)c1ccc(cc1)c1ccccc1,CCOC(=O)C1=C(c2ccc(-c3ccccc3)cc2)NC(=O)C1=Cc1ccccc1,417.0,,DMSO
COC(=O)C=C1SC2=NC3=C(C(N2C1)c1ccc(cc1)C)CCC3=Cc1ccc(cc1)C,COC(=O)C=C1CN2C(=NC3=C(CCC3=Cc3ccc(C)cc3)C2c2ccc(C)cc2)S1,335.64,,
C#CCOC(=O)[C@@H](NC1=C(Br)C(=O)O[C@@H]1OC1CC2C(C1(C)CC2)(C)C)Cc1ccccc1,C#CCOC(=O)[C@H](Cc1ccccc1)NC1=C(Br)C(=O)O[C@@H]1OC1CC2CCC1(C)C2(C)C,271.0,,
Clc1ccc(cc1)C1=NN(C(C1)c1ccco1)c1cccc(c1)S(=O)(=O)c1cccc(c1)N1N=C(CC1c1ccco1)c1ccc(cc1)Cl,O=S(=O)(c1cccc(N2N=C(c3ccc(Cl)cc3)CC2c2ccco2)c1)c1cccc(N2N=C(c3ccc(Cl)cc3)CC2c2ccco2)c1,357.0,40800.0,dichloromethane
Oc1c(O)cccc1O,Oc1cccc(O)c1O,354.0,,water
C1OCCOCCOCCOCCOc2c(OC1)cc(cc2)C(Cc1ccnc2c1cccc2)Cc1ccnc2c1cccc2,c1ccc2c(CC(Cc3ccnc4ccccc34)c3ccc4c(c3)OCCOCCOCCOCCOCCO4)ccnc2c1,354.0,,
[O-][N+](=O)c1ccccc1N=Nc1c(N)nn2c1nc(N)c(c2N)N=Nc1nc2c(s1)cccc2,Nc1nc2c(N=Nc3ccccc3[N+](=O)[O-])c(N)nn2c(N)c1N=Nc1nc2ccccc2s1,504.0,,
CCOC(=O)C1=C(NC(=O)C1=Cc1ccc(cc1)N(C)C)c1ccc(cc1)c1ccccc1,CCOC(=O)C1=C(c2ccc(-c3ccccc3)cc2)NC(=O)C1=Cc1ccc(N(C)C)cc1,478.0,,DMSO
CC1=NC(=Cc2ccc(cc2)[N+](=O)[O-])C(=O)N1C,CC1=NC(=Cc2ccc([N+](=O)[O-])cc2)C(=O)N1C,386.0,,
Brc1ncnc2c1[nH]cn2,Brc1ncnc2nc[nH]c12,504.0,,
Oc1ccc(c2c1C(=O)c1c(C2=O)c(F)c(c(c1F)F)F)O,O=C1c2c(O)ccc(O)c2C(=O)c2c(F)c(F)c(F)c(F)c21,499.0,,
COc1ccc(cc1)C=NCCN=Cc1ccc(cc1)OC,COc1ccc(C=NCCN=Cc2ccc(OC)cc2)cc1,256.0,23737.0,dichloromethane
CN(c1ccc2c(c1)ccc(c2)C(=O)C)C,CC(=O)c1ccc2cc(N(C)C)ccc2c1,362.0,,
c1ccc2c(c1)csc2,c1ccc2cscc2c1,445.0,,CH 2 Cl
O=c1[nH]c(c2c1c([nH]c2=O)c1ccc(cc1)c1ccc(cc1)S(=O)(=O)C)c1ccc(cc1)c1ccc(cc1)S(=O)(=O)C,CS(=O)(=O)c1ccc(-c2ccc(C3=C4C(=O)NC(c5ccc(-c6ccc(S(C)(=O)=O)cc6)cc5)=C4C(=O)N3)cc2)cc1,540.0,46400.0,dichloromethane
C(Cn1c2ccc(cc2c2c1cccc2)c1sc(c2c1cc1ccccc1c2)c1cccs1)CC,CCCCn1c2ccccc2c2cc(-c3sc(-c4cccs4)c4cc5ccccc5cc34)ccc21,598.0,,CH 2 Cl
CN(c1ccncc1)C,CN(C)c1ccncc1,366.0,9462.0,
CCOC(=O)C=Cc1ccc(cc1)N(C)C,CCOC(=O)C=Cc1ccc(N(C)C)cc1,360.0,,
O=Cc1cc(C#Cc2ccc(cc2)N(c2ccccc2)c2ccccc2)cc(c1N)Br,Nc1c(Br)cc(C#Cc2ccc(N(c3ccccc3)c3ccccc3)cc2)cc1C=O,354.0,39000.0,
NCCC(=O)N1Cc2ccccc2c2c(c3c1cccc3)n(nn2)c1cc2ccc(cc2oc1=O)O,NCCC(=O)N1Cc2ccccc2-c2nnn(-c3cc4ccc(O)cc4oc3=O)c2-c2ccccc21,382.0,,
OCCNc1ccc2c3c1cccc3c(=O)n(c2=O)CC(C)C,CC(C)CN1C(=O)c2cccc3c(NCCO)ccc(c23)C1=O,430.0,,DCM
Clc1ccc(cc1)[N+](=Cc1ccc2c(c1)Sc1c(N2C)cccc1)[O-],CN1c2ccccc2Sc2cc(C=[N+]([O-])c3ccc(Cl)cc3)ccc21,316.0,,dichloromethane
OCc1nc2c(Br)cc(cc2cc1O)C#Cc1ccc(cc1)N(c1ccccc1)c1ccccc1,OCc1nc2c(Br)cc(C#Cc3ccc(N(c4ccccc4)c4ccccc4)cc3)cc2cc1O,380.0,26000.0,
O=S1(=O)c2ccc(cc2c2c1ccc(c2)n1c2ccccc2c2c1cccc2)n1c2ccccc2c2c1cccc2,O=S1(=O)c2ccc(-n3c4ccccc4c4ccccc43)cc2-c2cc(-n3c4ccccc4c4ccccc43)ccc21,289.0,,
Cn1c(N)nc2c1cc(cn2)c1ccccc1,Cn1c(N)nc2ncc(-c3ccccc3)cc21,316.0,,
c1ccc(cc1)c1cccs1,c1ccc(-c2cccs2)cc1,286.0,11500.0,
CCOC(=O)c1cc2cc(cn2cc1c1ccccc1)C(=O)C,CCOC(=O)c1cc2cc(C(C)=O)cn2cc1-c1ccccc1,269.0,58500.0,dichloromethane
OC(=O)C(NC1=CC(=O)C(=C(C1=O)C)C)Cc1ccccc1,CC1=C(C)C(=O)C(NC(Cc2ccccc2)C(=O)O)=CC1=O,204.0,,
CCn1c2ccccc2c2c1ccc(c2)C=Cc1ccc2c(n1)cccc2,CCn1c2ccccc2c2cc(C=Cc3ccc4ccccc4n3)ccc21,365.0,,
Clc1cccc(c1)C=c1oc(=Cc2ccc(cc2)N(C)C)c2c1cccc2,CN(C)c1ccc(C=c2oc(=Cc3cccc(Cl)c3)c3ccccc23)cc1,407.0,31600.0,
COc1ccc(cc1)N(c1ccc(cc1)OC)c1ccc(cc1)c1ccc(cn1)C=C(C(=O)O)C#N,COc1ccc(N(c2ccc(OC)cc2)c2ccc(-c3ccc(C=C(C#N)C(=O)O)cn3)cc2)cc1,426.0,20178.0,THF
Brc1cc(c(c2c1C(=O)c1ccccc1C2=O)N)S(=O)(=O)O,Nc1c(S(=O)(=O)O)cc(Br)c2c1C(=O)c1ccccc1C2=O,572.5,,
CCN(c1ccc2c(c1)oc(=O)c(c2)C=CC(=O)c1c(O)c2ccccc2n(c1=O)C)CC,CCN(CC)c1ccc2cc(C=CC(=O)c3c(O)c4ccccc4n(C)c3=O)c(=O)oc2c1,511.0,,MeOH
Oc1ccc2c(c1CN1CCOCCOCCOCCOCC1)cccc2,Oc1ccc2ccccc2c1CN1CCOCCOCCOCCOCC1,432.0,,
Cc1ccc2c(c1)c(c1cnc3c(c1)cccc3)c1c(c2c2cnc3c(c2)cccc3)cccc1,Cc1ccc2c(-c3cnc4ccccc4c3)c3ccccc3c(-c3cnc4ccccc4c3)c2c1,421.0,,THF
[O-][N+](=O)c1ccc2c(c1)sc(n2)N=Nc1ccccc1C(=O)O,O=C(O)c1ccccc1N=Nc1nc2ccc([N+](=O)[O-])cc2s1,347.0,,Methanol
OCCOCCNC(=O)C(=CC=CC=Cc1ccc(cc1)N(CCO)CCO)C#N,N#CC(=CC=CC=Cc1ccc(N(CCO)CCO)cc1)C(=O)NCCOCCO,479.0,,
COc1ccc(cc1)C=Cc1ccc(c(c1)C=NCCN(C)C)O,COc1ccc(C=Cc2ccc(O)c(C=NCCN(C)C)c2)cc1,318.0,,DMSO
N#CC1=C(N)Oc2c(C1c1ccc(cc1)Cl)cc(c1c2cccc1)OC,COc1cc2c(c3ccccc13)OC(N)=C(C#N)C2c1ccc(Cl)cc1,400.0,,
CCN1CCN(c2c1cc1oc(=O)c(cc1c2)c1nc2c([nH]1)cccc2)CC,CCN1CCN(CC)c2cc3oc(=O)c(-c4nc5ccccc5[nH]4)cc3cc21,487.0,,Methanol
c1ccc(cc1)N(c1ccccc1)c1ccc(cc1)c1cc(nc(c1)c1ccccn1)c1ccccn1,c1ccc(N(c2ccccc2)c2ccc(-c3cc(-c4ccccn4)nc(-c4ccccn4)c3)cc2)cc1,289.0,,DMF
COC(=O)Cc1cccc(c1)C12OCC(C2(OO1)C(C)(C)C)(C)C,COC(=O)Cc1cccc(C23OCC(C)(C)C2(C(C)(C)C)OO3)c1,666.0,,
Cc1ccc2c(c1)sc(n2)N=Nc1c(N)nc2n(c1N)nc(c2N=Nc1nccs1)N,Cc1ccc2nc(N=Nc3c(N)nc4c(N=Nc5nccs5)c(N)nn4c3N)sc2c1,516.0,,
COC(=O)c1cc(n2c1c1ccccc1cn2)C(=O)OC,COC(=O)c1cc(C(=O)OC)n2ncc3ccccc3c12,446.0,,Cyclohexane
Clc1ccc(cc1)n1cccc1,Clc1ccc(-n2cccc2)cc1,312.0,,CHCl3
c1cc2c(s1)sc1c2ccs1,c1cc2c(s1)sc1sccc12,403.0,,
COc1cc(ccc1OC)c1nc2n(c1CO)cccn2,COc1ccc(-c2nc3ncccn3c2CO)cc1OC,344.0,,
O=Cc1cccc(c1)O,O=Cc1cccc(O)c1,385.0,,
ClC(c1ccccc1)C(=O)C,CC(=O)C(Cl)c1ccccc1,335.0,,
COc1ccc(cc1)c1cc(n(n1)Cc1ccc(cc1)C(C)(C)C)c1nnc(o1)c1ccccc1,COc1ccc(-c2cc(-c3nnc(-c4ccccc4)o3)n(Cc3ccc(C(C)(C)C)cc3)n2)cc1,273.0,,dichloromethane
CCN(c1ccc(cc1)C(=O)NC(C)C)CC,CCN(CC)c1ccc(C(=O)NC(C)C)cc1,307.0,,ACN
CCn1c2nc(nc(=O)c2[n+](c2c1cccc2)[O-])c1ccccc1,CCn1c2nc(-c3ccccc3)nc(=O)c-2[n+]([O-])c2ccccc21,500.0,26302.67992,
Cc1cc2sc(nc2cc1C)N=Nc1c([nH]c2c1cccc2)c1ccccc1,Cc1cc2nc(N=Nc3c(-c4ccccc4)[nH]c4ccccc34)sc2cc1C,541.0,,Chloroform
Cc1cc2cccnc2c2c1cccn2,Cc1cc2cccnc2c2ncccc12,238.0,47100.0,
COc1ccc(cc1)c1c(C#N)c(N)nc(c1C#N)N,COc1ccc(-c2c(C#N)c(N)nc(N)c2C#N)cc1,339.0,,THF
Cc1cc(C)c(c(c1)C)C#Cc1c2cccc3c2c(c2=C(c4c(c12)cccc4)c1ccccc1)ccc3,Cc1cc(C)c(C#Cc2c3c(c4cccc5cccc2c54)=C(c2ccccc2)c2ccccc2-3)c(C)c1,529.0,,
COC(=O)c1cc(c2n1nc(cc2)c1ccc(cc1)Cl)C(=O)OC,COC(=O)c1cc(C(=O)OC)n2nc(-c3ccc(Cl)cc3)ccc12,356.0,,acetonitrile
C(Cn1c2ccc(cc2c2c1ccc(c2)C#Cc1ccccc1)C#Cc1ccccc1)CC,CCCCn1c2ccc(C#Cc3ccccc3)cc2c2cc(C#Cc3ccccc3)ccc21,346.0,,
N1CCN(CC1)c1ncccn1,c1cnc(N2CCNCC2)nc1,243.0,,
COc1ccc(cc1)n1cccc1,COc1ccc(-n2cccc2)cc1,325.0,,CHCl3
OCC(Cn1ccc(=CC=C2C(=O)c3c(C2=O)cccc3)cc1)O,O=C1C(=CC=C2C=CN(CC(O)CO)C=C2)C(=O)c2ccccc21,476.0,,
c1ccc(cc1)c1ccc(cc1)C=Nc1ccc2c(c1)cccc2,C(=Nc1ccc2ccccc2c1)c1ccc(-c2ccccc2)cc1,407.0,39860.0,
N#Cc1c(N)nc(c(c1c1ccc(cc1)Cl)C#N)N,N#Cc1c(N)nc(N)c(C#N)c1-c1ccc(Cl)cc1,339.0,,THF
C1CCN(CC1)c1ccc(c2c1nsn2)C=Cc1ccncc1,C(=Cc1ccc(N2CCCCC2)c2nsnc12)c1ccncc1,470.0,23600.0,
O=C1c2cc3ccc4c5c3c(c2C(=O)N1C(C)(C)C)ccc5ccc4,CC(C)(C)n1c(=O)c2cc3ccc4cccc5ccc(c2c1=O)c3c45,555.0,,
OC(=O)CC[C@@H](C(=O)O)NC(=O)c1ccc(cc1)NCc1cnc2c(n1)c(=O)nc([nH]2)N,Nc1nc(=O)c2nc(CNc3ccc(C(=O)N[C@@H](CCC(=O)O)C(=O)O)cc3)cnc2[nH]1,281.0,,
CN(c1ccccc1)c1ccc(cc1)C=Cc1cc(=O)oc2c1ccc(c2)C,Cc1ccc2c(C=Cc3ccc(N(C)c4ccccc4)cc3)cc(=O)oc2c1,424.0,,chloroform
CN(c1ccccc1)c1ccc(cc1)c1cc2cccc3c2c(n1)c1cccc2c1c3nc(c2)c1ccc(cc1)N(c1ccccc1)C,CN(c1ccccc1)c1ccc(-c2cc3cccc4c5nc(-c6ccc(N(C)c7ccccc7)cc6)cc6cccc(c(n2)c34)c65)cc1,351.0,,toluene
Cn1c2ccc(cc2c2c1cccc2)C=C(c1ccc(s1)C=C1SC(=S)N(C1=O)CC(=O)O)C#N,Cn1c2ccccc2c2cc(C=C(C#N)c3ccc(C=C4SC(=S)N(CC(=O)O)C4=O)s3)ccc21,504.0,41825.0,chloroform
C(Cn1c(=O)c2ccc3c4c2c(c1=O)ccc4c1c2c3ccc3c2c(cc1c1ccc(cc1)C(C)C)c(=O)n(c3=O)CC(C)CC)CC,CCCCN1C(=O)c2ccc3c4ccc5c6c(cc(-c7ccc(C(C)C)cc7)c(c7ccc(c2c37)C1=O)c64)C(=O)N(CC(C)CC)C5=O,535.0,36400.0,
COc1ccc2c(c1)sc(n2)N=Nc1nc2c(s1)cc(cc2)OC,COc1ccc2nc(N=Nc3nc4ccc(OC)cc4s3)sc2c1,510.0,43100.0,
CN(c1ccc(cc1)C#Cc1ccc(cc1)c1c(F)c(F)c(c(c1F)F)c1ccc(cc1)C#Cc1ccc(cc1)N(C)C)C,CN(C)c1ccc(C#Cc2ccc(-c3c(F)c(F)c(-c4ccc(C#Cc5ccc(N(C)C)cc5)cc4)c(F)c3F)cc2)cc1,363.0,,dichloromethane
Clc1ccc(cc1)C=C1N=C(N(C1=O)Cc1ccccc1)c1ccccc1,O=C1C(=Cc2ccc(Cl)cc2)N=C(c2ccccc2)N1Cc1ccccc1,382.0,,
c1cnc2c(c1)c1ncccc1c1c2nccn1,c1cnc2c(c1)c1ncccc1c1nccnc21,720.0,,
c1csc(c1)c1sc(c(c1c1cccs1)c1cccs1)c1cccs1,c1csc(-c2sc(-c3cccs3)c(-c3cccs3)c2-c2cccs2)c1,358.0,,
OC(=O)c1ccc2c(c1)cc1c(c2)cccc1,O=C(O)c1ccc2cc3ccccc3cc2c1,257.0,,
COc1ccc(cc1)Cn1ccc2c1c1[nH]c(=O)c(cc1CC2)S(=O)(=O)c1ccccc1,COc1ccc(Cn2ccc3c2-c2[nH]c(=O)c(S(=O)(=O)c4ccccc4)cc2CC3)cc1,376.0,48050.0,
Oc1cccc(c1)C(=O)O,O=C(O)c1cccc(O)c1,295.0,,
CCn1c2ccc(cc2c2c1ccc(c2)C#Cc1ccccc1)C#Cc1ccccc1,CCn1c2ccc(C#Cc3ccccc3)cc2c2cc(C#Cc3ccccc3)ccc21,348.0,,
CCN1C(=S)N(CC)C(=O)C(=C2C(=CC=C3N(C)c4c(C3(C)C)cccc4)c3c(C2=CC=C2N(C)c4c(C2(C)C)cccc4)cccc3)C1=O,CCN1C(=O)C(=C2C(=CC=C3N(C)c4ccccc4C3(C)C)c3ccccc3C2=CC=C2N(C)c3ccccc3C2(C)C)C(=O)N(CC)C1=S,715.0,,
CCN(c1cc(=O)[nH]c(n1)c1ccccc1)c1ccccc1,CCN(c1ccccc1)c1cc(=O)[nH]c(-c2ccccc2)n1,274.0,47863.00923,
CCOC(=O)c1cc(n2c1cccn2)C(=O)c1ccc(cc1)Cl,CCOC(=O)c1cc(C(=O)c2ccc(Cl)cc2)n2ncccc12,436.0,,ethanol
F[B-]1(F)Oc2ccc3c(c2c2[n+]1c1CCc4c(c1c1c2c2ccccc2CC1)cccc4)cccc3,F[B-]1(F)Oc2ccc3ccccc3c2-c2c3c(c4c([n+]21)CCc1ccccc1-4)CCc1ccccc1-3,346.0,26000.0,dichloromethane
COc1ccc(cc1)n1c(nc2c1c1ccccc1c1c2cccc1)c1ccc(c2c1cccc2)OC,COc1ccc(-n2c(-c3ccc(OC)c4ccccc34)nc3c4ccccc4c4ccccc4c32)cc1,230.0,,
OC(=O)Cc1cc(I)c(c(c1)I)Oc1cc(I)c(c(c1)I)O,O=C(O)Cc1cc(I)c(Oc2cc(I)c(O)c(I)c2)c(I)c1,406.0,,Tetrachloromethane
ClCCC1C(=O)c2c3c1cccc3c(cc2)[N+](=O)[O-],O=C1c2ccc([N+](=O)[O-])c3cccc(c23)C1CCCl,493.7,,
CCOC(=O)c1c(N)sc(c1c1ccccc1)N=Nc1ccc(cc1)[N+](=O)[O-],CCOC(=O)c1c(N)sc(N=Nc2ccc([N+](=O)[O-])cc2)c1-c1ccccc1,529.0,,Methanol
O=C1c2ccccc2C(=O)c2c1c(ccc2c1ccccc1)c1ccccc1,O=C1c2ccccc2C(=O)c2c(-c3ccccc3)ccc(-c3ccccc3)c21,265.0,,chloroform
OCc1c(nc2n1cccc2)c1ccc(cc1)[N+](=O)[O-],O=[N+]([O-])c1ccc(-c2nc3ccccn3c2CO)cc1,347.0,,
Fc1ccc(cc1)c1nc2c(n1c1cc(C)cc(c1)C)c1ccccc1c1c2cccc1,Cc1cc(C)cc(-n2c(-c3ccc(F)cc3)nc3c4ccccc4c4ccccc4c32)c1,343.0,,
N#CC(=Cc1ccc(cc1)c1ccc(s1)c1ccc2c3c1ccc1c3c(cc2)ccc1)C(=O)O,N#CC(=Cc1ccc(-c2ccc(-c3ccc4ccc5cccc6ccc3c4c56)s2)cc1)C(=O)O,516.2,42500.0,THF
C#CCn1cccc1c1cccs1,C#CCn1cccc1-c1cccs1,290.0,,
CC(=O)Nc1c(O)cc(cc1[N+](=O)[O-])C(=O)O,CC(=O)Nc1c(O)cc(C(=O)O)cc1[N+](=O)[O-],512.0,,
Nc1nc2n(c(c1N=Nc1ccc(cc1)[N+](=O)[O-])N)nc(c2N=Nc1ccccc1)N,Nc1nc2c(N=Nc3ccccc3)c(N)nn2c(N)c1N=Nc1ccc([N+](=O)[O-])cc1,488.0,,
c1ccc(cc1)n1c2ccc(cc2c2c1cccc2)c1nc2ccccc2c(n1)c1ccc2c(c1)c1ccccc1n2c1ccccc1,c1ccc(-n2c3ccccc3c3cc(-c4nc(-c5ccc6c(c5)c5ccccc5n6-c5ccccc5)c5ccccc5n4)ccc32)cc1,344.0,,dichloromethane
COc1cc(c(cc1C(=Cc1ccc(cc1)c1nnc(o1)C)C#N)OC)C(=Cc1ccc(cc1)c1nnc(o1)C)C#N,COc1cc(C(C#N)=Cc2ccc(-c3nnc(C)o3)cc2)c(OC)cc1C(C#N)=Cc1ccc(-c2nnc(C)o2)cc1,446.0,,dichloromethane
Nc1ccc(cc1)N1CCOCC1,Nc1ccc(N2CCOCC2)cc1,257.0,,
COc1ccc(cc1)c1ccc(s1)c1cccc(c1)C(F)(F)F,COc1ccc(-c2ccc(-c3cccc(C(F)(F)F)c3)s2)cc1,338.0,30902.95433,
CCn1c(nc2c1cccc2)c1cc(C)cc(c1O)C(c1ccccc1)c1ccccc1,CCn1c(-c2cc(C)cc(C(c3ccccc3)c3ccccc3)c2O)nc2ccccc21,222.0,,
CCN(c1ccc(cc1)c1nc2c([nH]1)cc(cc2)C(=O)O)CC,CCN(CC)c1ccc(-c2nc3ccc(C(=O)O)cc3[nH]2)cc1,352.0,29014.0,
C(=O)c1ccc(s1)c1sc(c(c1C#N)C#N)c1ccc(s1)C(=O)C,CC(=O)c1ccc(-c2sc(-c3ccc(C=O)s3)c(C#N)c2C#N)s1,395.0,,
CCc1nccnc1C(=O)C=Cc1ccc(cc1)Cl,CCc1nccnc1C(=O)C=Cc1ccc(Cl)cc1,315.0,,ethanol
[C-]#[N+]c1ccc(cc1)c1ccc(cc1)N(C)C,[C-]#[N+]c1ccc(-c2ccc(N(C)C)cc2)cc1,417.0,,hexane
N#CCCN(c1ccc(cc1)N=Nc1scc(n1)c1ccc(cc1Cl)Cl)CCOC(=O)C,CC(=O)OCCN(CCC#N)c1ccc(N=Nc2nc(-c3ccc(Cl)cc3Cl)cs2)cc1,540.0,,DMF
N#CC(=Cc1ccc(cc1)c1csc(c1)C=C(c1ccccc1)C#N)c1ccc(cc1)C,Cc1ccc(C(C#N)=Cc2ccc(-c3csc(C=C(C#N)c4ccccc4)c3)cc2)cc1,360.0,,
c1ccc(cc1)n1c(nc2c1cccc2)c1ccccc1,c1ccc(-c2nc3ccccc3n2-c2ccccc2)cc1,306.0,,
Cn1ccc2c1c1[nH]c(=O)c(cc1CC2)S(=O)(=O)c1ccccc1,Cn1ccc2c1-c1[nH]c(=O)c(S(=O)(=O)c3ccccc3)cc1CC2,375.0,37148.0,
CN(c1ccc(cc1)C=CC(=O)O)C,CN(C)c1ccc(C=CC(=O)O)cc1,357.0,,
CCn1c2ccccc2c2c1ccc(c2)c1nc(c(n1c1ccc(cc1)F)c1ccccc1)c1ccccc1,CCn1c2ccccc2c2cc(-c3nc(-c4ccccc4)c(-c4ccccc4)n3-c3ccc(F)cc3)ccc21,304.0,42850.0,DMSO
c1ccc2c(c1)ccc1c2c2ccsc2cc1,c1ccc2c(c1)ccc1ccc3sccc3c12,525.0,,
COc1ccc(cc1)N=Nc1c(C)nn2c1[nH]c(c2N=Nc1ccc(cc1)[N+](=O)[O-])c1ccccc1,COc1ccc(N=Nc2c(C)nn3c(N=Nc4ccc([N+](=O)[O-])cc4)c(-c4ccccc4)[nH]c23)cc1,533.0,,
O=c1nc2c(c1=O)ncc2,O=c1nc2ccnc-2c1=O,611.0,,
CC(=O)c1cc2cc3ccccc3nc2nc1C,CC(=O)c1cc2cc3ccccc3nc2nc1C,372.0,,acetone
OCCN(c1ccc(cc1)N=Nc1ccc(cc1)N=Nc1ccc(cc1)S(=O)(=O)NC(=O)c1ccccc1)C,CN(CCO)c1ccc(N=Nc2ccc(N=Nc3ccc(S(=O)(=O)NC(=O)c4ccccc4)cc3)cc2)cc1,448.0,,
CC(C1=CC(=CC=Cc2cnccn2)C=C(O1)C(C)(C)C)(C)C,CC(C)(C)C1=CC(=CC=Cc2cnccn2)C=C(C(C)(C)C)O1,427.0,,dichloromethane
Cc1cc(C)c(c(c1)C)B(c1c(C)cc(cc1C)C)c1cccs1,Cc1cc(C)c(B(c2cccs2)c2c(C)cc(C)cc2C)c(C)c1,323.0,20500.0,C6H12
Cn1c(nc(c1c1ccccc1)c1ccccc1)c1ccc(cc1)c1nc2c([nH]1)cccc2,Cn1c(-c2ccc(-c3nc4ccccc4[nH]3)cc2)nc(-c2ccccc2)c1-c1ccccc1,382.0,,
COC(=O)Cc1cc(=O)oc2c1cc(Cl)c(c2)N,COC(=O)Cc1cc(=O)oc2cc(N)c(Cl)cc12,355.0,,
CCn1c2ccccc2c2c1ccc(c2)C=CC1=[O+][B-](F)(F)Oc2c1c(=O)oc1c2cccc1,CCn1c2ccccc2c2cc(C=CC3=[O+][B-](F)(F)Oc4c3c(=O)oc3ccccc43)ccc21,462.0,,ACN
[O-][N+](=O)c1ccc2c(c1)sc(n2)N=Nc1ccc2c1ccccc2,O=[N+]([O-])c1ccc2nc(N=Nc3ccc4cccccc3-4)sc2c1,512.0,,
Clc1ccc(cc1)N=Nc1c(C)nn2c1[nH]c(c2N=Nc1ccccc1)c1ccccc1,Cc1nn2c(N=Nc3ccccc3)c(-c3ccccc3)[nH]c2c1N=Nc1ccc(Cl)cc1,444.0,,
c1ccc(cc1)c1cc(nc(c1)c1ccccc1)c1ccccc1,c1ccc(-c2cc(-c3ccccc3)nc(-c3ccccc3)c2)cc1,513.0,,
O(CCOc1ccccc1n1cnnn1)CCOc1ccccc1n1cnnn1,c1ccc(-n2cnnn2)c(OCCOCCOc2ccccc2-n2cnnn2)c1,209.0,59454.0,
COc1ccc(cc1Cl)C1(COC2C(=C1)c1ccccc1C=C2)c1ccc(c(c1)Cl)OC,COc1ccc(C2(c3ccc(OC)c(Cl)c3)C=C3c4ccccc4C=CC3OC2)cc1Cl,473.0,,
O=Cc1ccc(s1)c1ccc(s1)c1ccc(cc1)N(C)C,CN(C)c1ccc(-c2ccc(-c3ccc(C=O)s3)s2)cc1,435.0,,
COc1ccc(cc1)C(=Cc1ccc(cc1)C=C(c1ccc(cc1)[N+](=O)[O-])C#N)c1ccc(cc1)OC,COc1ccc(C(=Cc2ccc(C=C(C#N)c3ccc([N+](=O)[O-])cc3)cc2)c2ccc(OC)cc2)cc1,421.0,,
CCC1=C(C)C(=O)NC1=Cc1[nH]c(c(c1C)CCC(=O)O)C(c1[nH]c(c(c1CCC(=O)O)C)C=C1NC(=O)C(=C1CC)C)(C)C,CCC1=C(C)C(=O)NC1=Cc1[nH]c(C(C)(C)c2[nH]c(C=C3NC(=O)C(C)=C3CC)c(C)c2CCC(=O)O)c(CCC(=O)O)c1C,439.0,,Benzene
Brc1cncnc1c1ccc(s1)c1cccs1,Brc1cncnc1-c1ccc(-c2cccs2)s1,378.0,,
CC(N1C(=O)c2c(C1=O)c1ccc3c4c1c(c2)ccc4ccc3)C,CC(C)n1c(=O)c2cc3ccc4cccc5ccc(c2c1=O)c3c45,427.0,,
COc1ccc2c(c1)c(cn2CC)C(c1cn(c2c1cc(OC)cc2)CC)c1ccc(cc1)n1c2ccccc2c2c1cccc2,CCn1cc(C(c2ccc(-n3c4ccccc4c4ccccc43)cc2)c2cn(CC)c3ccc(OC)cc23)c2cc(OC)ccc21,342.0,,
Cc1sc(c(c1)C1=C(C(=O)N(C1=O)Cc1ccccc1)c1c(C)sc2c1cccc2)C,Cc1cc(C2=C(c3c(C)sc4ccccc34)C(=O)N(Cc3ccccc3)C2=O)c(C)s1,511.0,,
COc1ccc(cc1)NN=C(C(=O)c1ccccc1)c1nc(C)cc(=O)[nH]1,COc1ccc(NN=C(C(=O)c2ccccc2)c2nc(C)cc(=O)[nH]2)cc1,410.0,30902.95433,
Cc1ccc(cc1)Oc1c2C(=O)c3ccccc3c3c2c(c2c1cccc2)oc(=O)c3,Cc1ccc(Oc2c3c4c(cc(=O)oc4c4ccccc24)-c2ccccc2C3=O)cc1,524.0,,
COC(=O)c1n2ncccc2c(c1C(=O)OC)C(=O)OC,COC(=O)c1c(C(=O)OC)c2cccnn2c1C(=O)OC,431.0,,Cyclohexane
OCCN(c1ccc(cc1)C(=C(C#N)C#N)C#N)CC,CCN(CCO)c1ccc(C(C#N)=C(C#N)C#N)cc1,601.0,,Cyclohexane
OCC1OC(C(C1O)O)n1c(C=Cc2ccc(cc2)C(F)(F)F)nc2c1nc(N)[nH]c2=O,Nc1nc2c(nc(C=Cc3ccc(C(F)(F)F)cc3)n2C2OC(CO)C(O)C2O)c(=O)[nH]1,357.0,,
N#Cc1ccc(cc1)c1ccc(cc1)c1nc(c([nH]1)c1ccc(cc1)N(C)C)c1ccc(cc1)N(C)C,CN(C)c1ccc(-c2nc(-c3ccc(-c4ccc(C#N)cc4)cc3)[nH]c2-c2ccc(N(C)C)cc2)cc1,391.0,,CH 2 Cl 2
O=C(Nc1cccc(c1)F)Nc1ccc(cc1)Oc1ncnc2c1n(C)cc2,Cn1ccc2ncnc(Oc3ccc(NC(=O)Nc4cccc(F)c4)cc3)c21,370.0,,
COc1ccc(s1)c1ccc(s1)c1sc(c(c1[N+](=O)[O-])[N+](=O)[O-])c1ccc(s1)c1ccc(s1)OC,COc1ccc(-c2ccc(-c3sc(-c4ccc(-c5ccc(OC)s5)s4)c([N+](=O)[O-])c3[N+](=O)[O-])s2)s1,489.0,22300.0,CH2Cl2 ( c 2 × 10–5 mol / l )
[O-][N+](=O)c1ccccc1N=NC(=NNc1ccccc1)c1ccccc1,O=[N+]([O-])c1ccccc1N=NC(=NNc1ccccc1)c1ccccc1,331.91,,
Cc1nn2c(N=Nc3cccc(c3)[N+](=O)[O-])c(nc2c2c1nn(c2c1ccccc1)c1ccccc1)C,Cc1nc2c3c(-c4ccccc4)n(-c4ccccc4)nc3c(C)nn2c1N=Nc1cccc([N+](=O)[O-])c1,455.0,,
OCCN(c1ccc(cc1)N=Nc1ccc(cc1)N=Nc1ccc(cc1)S(=O)(=O)Nc1cc(OC)nc(n1)OC)CCO,COc1cc(NS(=O)(=O)c2ccc(N=Nc3ccc(N=Nc4ccc(N(CCO)CCO)cc4)cc3)cc2)nc(OC)n1,448.0,,
COc1ccccc1c1ccccc1O,COc1ccccc1-c1ccccc1O,342.0,,
N#CC(=C1C=C(C=Cc2ccc(cc2)N(C)C)OC(=C1)C)C#N,CC1=CC(=C(C#N)C#N)C=C(C=Cc2ccc(N(C)C)cc2)O1,469.0,,
c1ccc(cc1)C1C=C(C=CC1(C1=CC=CC1)c1ccccc1)c1cscc1,C1=CCC(C2(c3ccccc3)C=CC(c3ccsc3)=CC2c2ccccc2)=C1,370.0,,
Oc1ccc2c(c1c1c(O)ccc3c1cccc3)cccc2,Oc1ccc2ccccc2c1-c1c(O)ccc2ccccc12,227.0,,
Cc1ccc2c(c1)[nH]c(=S)[nH]2,Cc1ccc2[nH]c(=S)[nH]c2c1,311.0,7300.0,
C(COc1cc(C)c(cc1C)C=Cc1ccc(cc1[N+](=O)[O-])[N+](=O)[O-])CC,CCCCOc1cc(C)c(C=Cc2ccc([N+](=O)[O-])cc2[N+](=O)[O-])cc1C,423.0,,MeOH
O(Cc1ccc2c3c1ccc1c3c(cc2)ccc1)Cc1ccc2c3c1ccc1c3c(cc2)ccc1,c1cc2ccc3ccc(COCc4ccc5ccc6cccc7ccc4c5c67)c4ccc(c1)c2c34,346.0,,
[O-][N+](=O)c1cc([N+](=O)[O-])c(c2c1cccc2)O,O=[N+]([O-])c1cc([N+](=O)[O-])c2ccccc2c1O,385.0,,
CO[Si](CCCSC(=O)c1ccccc1)(OC)OC,CO[Si](CCCSC(=O)c1ccccc1)(OC)OC,272.0,114900.0,chloroform
Nc1nc(c(s1)N=Nc1cccc(c1)Cl)c1ccc(cc1)NC(=O)c1ccccc1,Nc1nc(-c2ccc(NC(=O)c3ccccc3)cc2)c(N=Nc2cccc(Cl)c2)s1,486.0,,DMSO
Brc1c2ccccc2c(c2c1cccc2)c1nc(c([nH]1)c1ccccc1)c1ccccc1,Brc1c2ccccc2c(-c2nc(-c3ccccc3)c(-c3ccccc3)[nH]2)c2ccccc12,400.0,,Methanol
N#CC(=C(c1ccc(cc1)N=Nc1ccc(c2c1cccn2)O)C)C#N,CC(=C(C#N)C#N)c1ccc(N=Nc2ccc(O)c3ncccc23)cc1,418.0,,
O=NN1CCCc2c1c1ncccc1cc2,O=NN1CCCc2ccc3cccnc3c21,329.0,,
Cc1ccc(cc1)c1ccc(cc1)C1CC(=NN1c1ccccc1)c1ccc2c(c1)C1(c3c2cccc3)c2ccccc2c2c1cccc2,Cc1ccc(-c2ccc(C3CC(c4ccc5c(c4)C4(c6ccccc6-c6ccccc64)c4ccccc4-5)=NN3c3ccccc3)cc2)cc1,389.0,,
COc1ccc(cc1C=NCCN(C)C)C=Cc1ccncc1,COc1ccc(C=Cc2ccncc2)cc1C=NCCN(C)C,321.0,,DMSO
COc1ccc(cc1)C#Cc1cc2cc(cc3c2c2c1cc(cc2cc3C#Cc1ccc(cc1)OC)C(C)(C)C)C(C)(C)C,COc1ccc(C#Cc2cc3cc(C(C)(C)C)cc4c(C#Cc5ccc(OC)cc5)cc5cc(C(C)(C)C)cc2c5c34)cc1,378.0,301995.172,
C1(C)c2cc3nc([nH]c3cc2c2c1cc1nc(n(c1c2)Cc1ccccc1)c1ccccc1)c1ccccc1,CC1c2cc3nc(-c4ccccc4)[nH]c3cc2-c2cc3c(cc21)nc(-c1ccccc1)n3Cc1ccccc1,373.0,,
COc1ccc2c(c1)c(C1=C(C(=O)N(C1=O)c1ccccc1)c1cc(sc1C)c1ccc(cc1)Br)c(n2C)C,COc1ccc2c(c1)c(C1=C(c3cc(-c4ccc(Br)cc4)sc3C)C(=O)N(c3ccccc3)C1=O)c(C)n2C,468.0,,
CCN(c1ccc2c(c1)oc(=NC(=O)Nc1c(C)cccc1C(C)C)c(c2)C#N)CC,CCN(CC)c1ccc2cc(C#N)c(=NC(=O)Nc3c(C)cccc3C(C)C)oc2c1,439.0,,
COc1ccc(cc1)C(=C)c1[nH]c2c(c1CCNS(=O)(=O)c1ccccc1[N+](=O)[O-])cccc2,C=C(c1ccc(OC)cc1)c1[nH]c2ccccc2c1CCNS(=O)(=O)c1ccccc1[N+](=O)[O-],266.0,,
CCc1c2C=C3C=CC(=N3)C=c3[nH]c(=CC4=NC(=Cc(c1CC)[nH]2)C=C4)c(c3CC)CC,CCc1c(CC)c2cc3nc(cc4[nH]c(cc5nc(cc1[nH]2)C=C5)c(CC)c4CC)C=C3,611.0,,
CN(c1ccc(cc1)C=c1oc(=Cc2ccc(cc2)C(F)(F)F)c2c1cccc2)C,CN(C)c1ccc(C=c2oc(=Cc3ccc(C(F)(F)F)cc3)c3ccccc23)cc1,408.0,24800.0,
COc1ccc(cc1OC)c1nc2CCc3c(c2c2c1c1ccc(cc1CC2)Br)ccc(c3)Br,COc1ccc(-c2nc3c(c4c2-c2ccc(Br)cc2CC4)-c2ccc(Br)cc2CC3)cc1OC,375.0,99600.0,chloroform
CC(=CC(=O)c1ccccc1)Nc1ccc2c(c1)ccc(=O)o2,CC(=CC(=O)c1ccccc1)Nc1ccc2oc(=O)ccc2c1,355.0,,
N#Cc1ccc2c(c1)n(c1ccc3c(c1)c1ccccc1n3CC)c1c2ccc(c1)C#N,CCn1c2ccccc2c2cc(-n3c4cc(C#N)ccc4c4ccc(C#N)cc43)ccc21,480.0,,
Brc1ccc(c2c1nsn2)C=Cc1ccncc1,Brc1ccc(C=Cc2ccncc2)c2nsnc12,390.0,21800.0,
C[Si](c1cc2cc3cc4cc5cc(c(cc5cc4cc3cc2cc1[Si](C)(C)C)[Si](C)(C)C)[Si](C)(C)C)(C)C,C[Si](C)(C)c1cc2cc3cc4cc5cc([Si](C)(C)C)c([Si](C)(C)C)cc5cc4cc3cc2cc1[Si](C)(C)C,600.0,,
N#CC(c1cccn1C)C#N,Cn1cccc1C(C#N)C#N,551.0,432480.0,
CNc1ccc(cc1)O,CNc1ccc(O)cc1,388.0,,water
OC[C@H]1O[C@H](C[C@@H]1O)n1ccc(nc1=O)N,Nc1ccn([C@H]2C[C@H](O)[C@@H](CO)O2)c(=O)n1,273.0,9807.0,
c1ccc2c(c1)C1(c3c2cccc3)c2ccccc2c2c1cccc2,c1ccc2c(c1)-c1ccccc1C21c2ccccc2-c2ccccc21,257.0,,
O=P(c1ccccc1)(c1ccccc1)c1ccc2c(c1)c1cc(ccc1n2c1ccccc1)c1ccc2c(c1)c1ccccc1n2c1ccccc1,O=P(c1ccccc1)(c1ccccc1)c1ccc2c(c1)c1cc(-c3ccc4c(c3)c3ccccc3n4-c3ccccc3)ccc1n2-c1ccccc1,303.0,,
N#Cc1ccc(cc1)N=Nc1ccc(c2c1cccn2)O,N#Cc1ccc(N=Nc2ccc(O)c3ncccc23)cc1,425.0,,DMSO
COC(=O)Cc1cc(=O)oc2c1ccc(c2F)N,COC(=O)Cc1cc(=O)oc2c(F)c(N)ccc12,346.0,,
CN(c1ccc(cc1)C=C(C1=C(C#N)C(=C(C#N)C#N)N(C1=O)Cc1ccccc1)c1cccs1)C,CN(C)c1ccc(C=C(C2=C(C#N)C(=C(C#N)C#N)N(Cc3ccccc3)C2=O)c2cccs2)cc1,738.0,,
N#CC(=C(C#N)C#N)c1ccc(n1C)c1ccc(s1)c1cccs1,Cn1c(C(C#N)=C(C#N)C#N)ccc1-c1ccc(-c2cccs2)s1,530.0,30840.0,
Fc1c2sc3ccccc3[nH]c2c2c(c1F)c(=O)c1c(c2=O)c(O)ccc1O,O=c1c2c(O)ccc(O)c2c(=O)c2c1c(F)c(F)c1sc3ccccc3[nH]c12,619.0,,
Cc1ccc(cc1)N(c1ccc2c3c1ccc1c3c(cc2)ccc1)c1ccc(cc1)C,Cc1ccc(N(c2ccc(C)cc2)c2ccc3ccc4cccc5ccc2c3c45)cc1,412.0,63095.73445,dichloromethane
COc1ccc(cc1)c1cc2c3n1c1ccccc1sc3cc(c2)c1ccc(o1)C=C(C(=O)O)C#N,COc1ccc(-c2cc3cc(-c4ccc(C=C(C#N)C(=O)O)o4)cc4c3n2-c2ccccc2S4)cc1,418.0,,
OC(=O)CCc1ccc(cc1)O,O=C(O)CCc1ccc(O)cc1,210.0,,
N#Cc1ccc(cc1)NC(=O)c1sc2c(c1Cl)scc2,N#Cc1ccc(NC(=O)c2sc3ccsc3c2Cl)cc1,321.0,10400.0,
COC(=O)c1cc2ccccc2cc1c1cc2ccccc2cc1C(=O)N([C@@H]1C[C@@H]2C[C@H]([C@H]1C)C2(C)C)C,COC(=O)c1cc2ccccc2cc1-c1cc2ccccc2cc1C(=O)N(C)[C@@H]1C[C@@H]2C[C@H]([C@H]1C)C2(C)C,256.8,19400.0,
CC(c1ccc(cc1)c1ccc(cc1)N(c1ccc(cc1)c1ccc(cc1)C(C)(C)C)c1ccccc1)(C)C,CC(C)(C)c1ccc(-c2ccc(N(c3ccccc3)c3ccc(-c4ccc(C(C)(C)C)cc4)cc3)cc2)cc1,335.0,,
Nc1ccccc1N=Nc1ccccc1,Nc1ccccc1N=Nc1ccccc1,417.0,,
C1(C)C2=C(c3c1cccc3)C=CC(C2)(c1cccs1)c1ccc(s1)c1sc(c2c1cccc2)c1cccs1,CC1C2=C(C=CC(c3cccs3)(c3ccc(-c4sc(-c5cccs5)c5ccccc45)s3)C2)c2ccccc21,475.0,,CH 2 Cl
c1cc2cccc3c2c(c1)CC3,c1cc2c3c(cccc3c1)CC2,292.0,17000.0,Cyclohexane
OC[C@@]1(O)COC([C@@H]1O)n1cc(c(=O)[nH]c1=O)C(F)(F)F,O=c1[nH]c(=O)n(C2OC[C@](O)(CO)[C@H]2O)cc1C(F)(F)F,261.0,,
CC(C#Cc1ccc(s1)c1ccc(s1)c1ccc(s1)C#CC(C)(C)C)(C)C,CC(C)(C)C#Cc1ccc(-c2ccc(-c3ccc(C#CC(C)(C)C)s3)s2)s1,385.0,,
CCN(c1ccc2c(c1)[o+]c1c(c2c2cnn(c2)c2cccc(c2)S(=O)(=O)[O-])ccc(c1)N(CC)CC)CC,CCN(CC)c1ccc2c(-c3cnn(-c4cccc(S(=O)(=O)[O-])c4)c3)c3ccc(N(CC)CC)cc3[o+]c2c1,580.0,,
CCOC(=O)c1cc(c2n1nc(cc2)c1ccc(cc1)Br)C(=O)OC,CCOC(=O)c1cc(C(=O)OC)c2ccc(-c3ccc(Br)cc3)nn12,356.0,,acetonitrile
Oc1cccc2c1c1ncccc1cc2,Oc1cccc2ccc3cccnc3c12,450.0,,
NCCNS(=O)(=O)c1cccc2c1cccc2N(C)C,CN(C)c1cccc2c(S(=O)(=O)NCCN)cccc12,339.0,4700.0,DMF
O=C1C=CC(=C(c2ccc(cc2)O)c2ccc(cc2)O)C=C1,O=C1C=CC(=C(c2ccc(O)cc2)c2ccc(O)cc2)C=C1,420.0,,
c1ccc(cc1)N(c1cccc2c1cccc2)c1ccc(cc1)c1ccc(cc1)N(c1cccc2c1cccc2)c1ccccc1,c1ccc(N(c2ccc(-c3ccc(N(c4ccccc4)c4cccc5ccccc45)cc3)cc2)c2cccc3ccccc23)cc1,338.0,,
O=Cc1ccc(cc1)N(c1c2ccccc2c(c2c1cccc2)C=O)c1ccccc1,O=Cc1ccc(N(c2ccccc2)c2c3ccccc3c(C=O)c3ccccc23)cc1,345.0,,
COc1c2ccccc2c(c2c1c1cc(OC)ccc1n2C)OC,COc1ccc2c(c1)c1c(OC)c3ccccc3c(OC)c1n2C,399.0,44900.0,CH 2 Cl
OC[C@H]1O[C@@](C[C@@H]1O)(N=[N+]=[N-])n1cc(C)c(=O)[nH]c1=O,Cc1cn([C@@]2(N=[N+]=[N-])C[C@H](O)[C@@H](CO)O2)c(=O)[nH]c1=O,315.0,,
Cc1cc(C)c(c(c1)C)B(c1c(C)cc(cc1C)C)c1ccc(s1)B1N(C=CN1C(C)(C)C)C(C)(C)C,Cc1cc(C)c(B(c2ccc(B3N(C(C)(C)C)C=CN3C(C)(C)C)s2)c2c(C)cc(C)cc2C)c(C)c1,331.0,6800.0,C6H12
CNc1ccc2c(c1)c(Cc1nc3ccccc3c3c1cc(NC)cc3)nc1c2cccc1,CNc1ccc2c(c1)c(Cc1nc3ccccc3c3ccc(NC)cc13)nc1ccccc12,269.0,,
Cc1nn(c(c1)C)c1ccccn1,Cc1cc(C)n(-c2ccccn2)n1,382.0,,acetonitrile
CCOC(=O)c1ccc(cc1)c1cnc(s1)C#Cc1ccc(cc1)OC,CCOC(=O)c1ccc(-c2cnc(C#Cc3ccc(OC)cc3)s2)cc1,500.0,,
CN(c1ccc2c(c1)oc1c(c2)c2nc3c(n2c(=Nc2ccc(cc2)Br)n1)cccc3)C,CN(C)c1ccc2cc3c(nc(=Nc4ccc(Br)cc4)n4c5ccccc5nc34)oc2c1,533.0,,
C#Cc1ccc(cc1)N(c1ccc(cc1)C#Cc1ccc(nn1)OC)c1ccc(cc1)C#Cc1ccc(nn1)OC,C#Cc1ccc(N(c2ccc(C#Cc3ccc(OC)nn3)cc2)c2ccc(C#Cc3ccc(OC)nn3)cc2)cc1,367.0,27992.0,dichloromethane
CCc1c2=Cc3[nH]c(c(c3C)CCC(=O)O)C=c3[nH]c(=Cc4[nH]c(C=c(c1C)[nH]2)c(C=C)c4C)c(c3CCC(=O)O)C,C=Cc1c2[nH]c(c1C)C=c1[nH]c(c(CCC(=O)O)c1C)=Cc1[nH]c(c(C)c1CCC(=O)O)C=c1[nH]c(c(C)c1CC)=C2,405.0,5701.0,
Clc1ccc2c(c1)nccc2n1nnc(c1C)C(=O)C=Cc1ccc(cc1)OCCCN1CCN(CC1)c1ncccn1,Cc1c(C(=O)C=Cc2ccc(OCCCN3CCN(c4ncccn4)CC3)cc2)nnn1-c1ccnc2cc(Cl)ccc12,237.0,,methanol
CCSc1cc2c(cc1C=C(C(=O)O)C#N)Sc1c(N2c2ccc(cc2)OC)cccc1,CCSc1cc2c(cc1C=C(C#N)C(=O)O)Sc1ccccc1N2c1ccc(OC)cc1,900.0,,
COc1c2ccccc2c(c2c1c1ccc(cc1n2C)C(F)(F)F)OC,COc1c2ccccc2c(OC)c2c1c1ccc(C(F)(F)F)cc1n2C,335.0,65600.0,CH 2 Cl
CCC1(CCC(=O)NC1=O)c1ccc(cc1)N,CCC1(c2ccc(N)cc2)CCC(=O)NC1=O,412.0,,
Cn1cc(c2c1ccc(c2)[N+](=O)[O-])C=C(c1ccc(s1)C=Nc1ccc(cc1)C(=O)O)C#N,Cn1cc(C=C(C#N)c2ccc(C=Nc3ccc(C(=O)O)cc3)s2)c2cc([N+](=O)[O-])ccc21,451.0,43300.0,
ClC1=C(NCc2ccccc2)C(=O)C(=C(C1=O)N)Cl,NC1=C(Cl)C(=O)C(NCc2ccccc2)=C(Cl)C1=O,545.0,,Chloroform
O=c1cc(oc(c1)c1ccccc1)c1ccc(cc1)c1nc2n(c1NC(C)(C)C)cccc2,CC(C)(C)Nc1c(-c2ccc(-c3cc(=O)cc(-c4ccccc4)o3)cc2)nc2ccccn12,282.0,,CH 2 Cl
N#CC(=Cc1ccc(cc1)N(c1ccccc1)c1ccccc1)c1ccc(cc1)OC,COc1ccc(C(C#N)=Cc2ccc(N(c3ccccc3)c3ccccc3)cc2)cc1,402.0,,Cyclohexane
C#CCOC(=O)[C@H](c1ccccc1)NC1=C(Br)C(=O)O[C@@H]1OC1CC2C(C1(C)CC2)(C)C,C#CCOC(=O)[C@@H](NC1=C(Br)C(=O)O[C@@H]1OC1CC2CCC1(C)C2(C)C)c1ccccc1,268.0,,
CCn1c2ccc(cc2c2c1cccc2)C#Cc1ccccc1,CCn1c2ccccc2c2cc(C#Cc3ccccc3)ccc21,340.0,,
CCN(c1ccc2c(c1)oc(=NC(=O)Nc1ccccc1)c(c2)C#N)CC,CCN(CC)c1ccc2cc(C#N)c(=NC(=O)Nc3ccccc3)oc2c1,443.0,,
C=CCN=C1SCC(=O)N1Cc1c2ccccc2nc2c1cccc2,C=CCN=C1SCC(=O)N1Cc1c2ccccc2nc2ccccc12,345.0,,
CC(c1ccc(cc1)c1ccc2c(c1)ccc(n2)Nc1ccc2c(n1)ccc(c2)c1ccc(cc1)C(C)(C)C)(C)C,CC(C)(C)c1ccc(-c2ccc3nc(Nc4ccc5cc(-c6ccc(C(C)(C)C)cc6)ccc5n4)ccc3c2)cc1,456.0,,
N#CC(=Cc1ccc(cc1)N(CC)CC)c1ccc(s1)C=CC(=O)O,CCN(CC)c1ccc(C=C(C#N)c2ccc(C=CC(=O)O)s2)cc1,470.0,45424.0,DMF
Clc1cc2cccnc2c2c1cccn2,Clc1cc2cccnc2c2ncccc12,234.0,48100.0,
FC(c1nnc(s1)N=Nc1ccc(s1)c1cccs1)(F)F,FC(F)(F)c1nnc(N=Nc2ccc(-c3cccs3)s2)s1,496.0,,
OCCOCCNC(=O)C(=CC=CC=Cc1ccc(cc1)N(C)C)C#N,CN(C)c1ccc(C=CC=CC=C(C#N)C(=O)NCCOCCO)cc1,478.0,,
O=c1[nH]c2c3c1cccc3ccc2,O=C1Nc2cccc3cccc1c23,658.0,,
BrCCOc1ccc(cc1)N=Nc1ccc(cc1)C#N,N#Cc1ccc(N=Nc2ccc(OCCBr)cc2)cc1,372.0,,
Nc1ccc2c(c1)nn(n2)c1ccccc1O,Nc1ccc2nn(-c3ccccc3O)nc2c1,442.0,,
BrC1=C(Nc2ccccc2)C(OC1=O)OCc1ccccc1,O=C1OC(OCc2ccccc2)C(Nc2ccccc2)=C1Br,290.0,,
CC(=O)c1ccc(cc1)c1scc2c1OCCO2,CC(=O)c1ccc(-c2scc3c2OCCO3)cc1,335.0,,DCM
N#Cc1c(N)sc2c1c1ccccc1C2=Nc1ccccc1,N#Cc1c(N)sc2c1-c1ccccc1C2=Nc1ccccc1,445.0,,acetone
COc1ccc(cc1)C(=Cc1ccc(cc1)C=Cc1ccc(cc1)C#N)c1ccc(cc1)OC,COc1ccc(C(=Cc2ccc(C=Cc3ccc(C#N)cc3)cc2)c2ccc(OC)cc2)cc1,298.0,,
C(NCc1ccccn1)CNCc1ccccn1,c1ccc(CNCCNCc2ccccn2)nc1,606.0,,
CCN(Cc1ccc2c(n1)c(O)ccc2)CC,CCN(CC)Cc1ccc2cccc(O)c2n1,438.0,,MeOH
O=Cc1ccc(cc1)N(c1c2ccccc2c(c2c1cccc2)C=O)c1ccc(cc1)C=O,O=Cc1ccc(N(c2ccc(C=O)cc2)c2c3ccccc3c(C=O)c3ccccc23)cc1,367.0,,
C1(C)c2cc3nc([nH]c3cc2c2c1cccc2)c1ccc(cc1)C,Cc1ccc(-c2nc3cc4c(cc3[nH]2)-c2ccccc2C4C)cc1,357.0,,DMSO
c1ccc2c(c1)sc(n2)c1ccc(cc1)C=Cc1ccc(cc1)n1c2ccccc2c2c1cccc2,C(=Cc1ccc(-n2c3ccccc3c3ccccc32)cc1)c1ccc(-c2nc3ccccc3s2)cc1,371.0,,Methanol
CCOC(=O)c1c2C=CC(Oc2c2c(c1c1ccccc1)cccc2)(c1ccccc1)c1ccccc1,CCOC(=O)c1c2c(c3ccccc3c1-c1ccccc1)OC(c1ccccc1)(c1ccccc1)C=C2,482.0,,
Clc1nc(nc(n1)Cl)Nc1c(N=Nc2ccc(cc2)S(=O)(=O)O)c(nn1c1ccccc1)c1ccccc1,O=S(=O)(O)c1ccc(N=Nc2c(-c3ccccc3)nn(-c3ccccc3)c2Nc2nc(Cl)nc(Cl)n2)cc1,378.0,,
O=C(c1cn(C)c2c(c1=O)c(O)c(c(c2)F)F)c1ccccc1Cc1ccccc1,Cn1cc(C(=O)c2ccccc2Cc2ccccc2)c(=O)c2c(O)c(F)c(F)cc21,335.0,,
N#CC(=C(c1ccc(cc1)N)C=Cc1cccnc1)C#N,N#CC(C#N)=C(C=Cc1cccnc1)c1ccc(N)cc1,443.0,,MeOH
C([2H])C1=C(O[C@@H]([C@H]1O[Si](C(C)(C)C)(C)C)CO[Si](C(C)(C)C)(C)C)n1ccc(=O)[nH]c1=O,[2H]CC1=C(n2ccc(=O)[nH]c2=O)O[C@H](CO[Si](C)(C)C(C)(C)C)[C@H]1O[Si](C)(C)C(C)(C)C,255.0,,MeOH
NS(=O)(=O)c1ccc(cc1N1CCOCCOCCOCCOCC1)n1ccc2c1cccc2,NS(=O)(=O)c1ccc(-n2ccc3ccccc32)cc1N1CCOCCOCCOCCOCC1,309.0,,
OCCOc1ccc(cc1)C(c1ccc(cc1)OCCO)(C)C,CC(C)(c1ccc(OCCO)cc1)c1ccc(OCCO)cc1,550.0,,
Cc1cc(sc1c1sc(c2c1nc(c1ccccc1)c(n2)c1ccccc1)c1sc(cc1C)Br)Br,Cc1cc(Br)sc1-c1sc(-c2sc(Br)cc2C)c2nc(-c3ccccc3)c(-c3ccccc3)nc12,731.0,,
OC(=O)CCCc1ccc2c3c1ccc1c3c(cc2)ccc1,O=C(O)CCCc1ccc2ccc3cccc4ccc1c2c34,242.0,,
Oc1ccc(cc1N=Cc1c(O)ccc2c1cccc2)[N+](=O)[O-],O=[N+]([O-])c1ccc(O)c(N=Cc2c(O)ccc3ccccc23)c1,493.0,,
Fc1ccc(cc1)C1(C=Cc2c(O1)ccc1c2cccc1)c1ccc(cc1)F,Fc1ccc(C2(c3ccc(F)cc3)C=Cc3c(ccc4ccccc34)O2)cc1,430.0,,
CONc1c(cc(cc1[N+](=O)[O-])C(=O)OCC(=O)c1ccc2c3c1ccc1c3c(cc2)ccc1)[N+](=O)[O-],CONc1c([N+](=O)[O-])cc(C(=O)OCC(=O)c2ccc3ccc4cccc5ccc2c3c45)cc1[N+](=O)[O-],394.0,5495.408739,methanol
Cc1ccc(s1)c1sc(c2c1cccc2)c1ccc(cc1)N,Cc1ccc(-c2sc(-c3ccc(N)cc3)c3ccccc23)s1,440.0,,CH 2 Cl
c1ccc(cc1)N(c1ccccc1)c1ccc(cc1)c1sc(c2c1cc1ccccc1c2)c1cccs1,c1ccc(N(c2ccccc2)c2ccc(-c3sc(-c4cccs4)c4cc5ccccc5cc34)cc2)cc1,591.0,,CH 2 Cl
C1(C)c2cc3c(C#C[Si](C)(C)C)c4ccccc4c(c3cc2c2c1cccc2)C#C[Si](C)(C)C,CC1c2ccccc2-c2cc3c(C#C[Si](C)(C)C)c4ccccc4c(C#C[Si](C)(C)C)c3cc21,456.0,,dichloromethane
N#CC(=Cc1c(F)cc(cc1F)c1ccc(s1)c1ccc(cc1)N(c1ccccc1)c1ccccc1)C(=O)O,N#CC(=Cc1c(F)cc(-c2ccc(-c3ccc(N(c4ccccc4)c4ccccc4)cc3)s2)cc1F)C(=O)O,337.0,20000.0,
O=C1C=CC(=O)C2(C1)NC(=O)c1c(N2)cccc1,O=C1C=CC(=O)C2(C1)NC(=O)c1ccccc1N2,213.0,,
C1CCc2c(C1)[nH]c1c2cccc1,c1ccc2c3c([nH]c2c1)CCCC3,350.0,,
Cc1cccc2c1n(C)c1nc(nc(=O)c1[n+]2[O-])c1ccccc1,Cc1cccc2c1n(C)c1nc(-c3ccccc3)nc(=O)c-1[n+]2[O-],508.0,23988.32919,
OCC(CCn1cnc2c1[nH]c(N)nc2=O)CO,Nc1nc(=O)c2ncn(CCC(CO)CO)c2[nH]1,334.3,,
Oc1ccc(cc1)C(C1=C(O)C(=O)c2c(C1=O)cccc2)Nn1cnnc1,O=C1C(O)=C(C(Nn2cnnc2)c2ccc(O)cc2)C(=O)c2ccccc21,449.0,2570.395783,
COc1ccc(cc1)C1(NC(=C(N1C)C#N)C#N)c1ccccc1,COc1ccc(C2(c3ccccc3)NC(C#N)=C(C#N)N2C)cc1,275.0,,
CN(c1ccc(cc1)C#Cc1ccc(cc1)C=C(C(=O)O)C#N)C,CN(C)c1ccc(C#Cc2ccc(C=C(C#N)C(=O)O)cc2)cc1,432.0,,dichloromethane
N#CC(=CN1C(Cl)CCc2c1cccc2)C(=O)O,N#CC(=CN1c2ccccc2CCC1Cl)C(=O)O,450.0,,
FC(c1ccc(cc1)C=Cc1ccc2c(c1)ccc1c2C(=C=C(c2ccccc2)c2ccccc2)C(O1)(c1ccccc1)c1ccccc1)(F)F,FC(F)(F)c1ccc(C=Cc2ccc3c4c(ccc3c2)OC(c2ccccc2)(c2ccccc2)C4=C=C(c2ccccc2)c2ccccc2)cc1,458.0,,THF
[O-][N+](=O)c1cc2C(=CC=c3n(c4ccccc4)c4c(n3c3ccccc3)cccc4)c3c(c2c(c1)[N+](=O)[O-])c(cc(c3)[N+](=O)[O-])[N+](=O)[O-],O=[N+]([O-])c1cc2c(c([N+](=O)[O-])c1)-c1c(cc([N+](=O)[O-])cc1[N+](=O)[O-])C2=CC=C1N(c2ccccc2)c2ccccc2N1c1ccccc1,724.0,,Toluene
CN1c2cc(C=Nc3ccc4c(c3)Cc3c4cccc3)ccc2Sc2c1cccc2,CN1c2ccccc2Sc2ccc(C=Nc3ccc4c(c3)Cc3ccccc3-4)cc21,285.0,40701.0,DCM
CN1c2ccc(cc2Sc2c1cccc2)C=Cc1cc(C#N)c(cc1C#N)C,Cc1cc(C#N)c(C=Cc2ccc3c(c2)Sc2ccccc2N3C)cc1C#N,780.0,,
Cc1cc(cc(c1CC1=NCCN1)C)C(C)(C)C,Cc1cc(C(C)(C)C)cc(C)c1CC1=NCCN1,305.0,,
COc1ccc2c(c1)c(C1=C(C(=O)N(C1=O)Cc1ccccc1)c1cc(sc1C)c1ccc(cc1)Br)c(n2C)C,COc1ccc2c(c1)c(C1=C(c3cc(-c4ccc(Br)cc4)sc3C)C(=O)N(Cc3ccccc3)C1=O)c(C)n2C,463.0,,
N#Cc1cc(c2ccc3c(c2)c2ccccc2n3CC)c(nc1N)c1cccs1,CCn1c2ccccc2c2cc(-c3cc(C#N)c(N)nc3-c3cccs3)ccc21,370.0,43346.0,
CCN(c1ccc2c(c1)oc(=O)c(c2)C(=O)C)CC,CCN(CC)c1ccc2cc(C(C)=O)c(=O)oc2c1,850.0,,
N#CC(=Cc1ccc(s1)c1ccc(cc1)c1ccc(cc1)N(c1ccccc1)c1ccccc1)C(=O)O,N#CC(=Cc1ccc(-c2ccc(-c3ccc(N(c4ccccc4)c4ccccc4)cc3)cc2)s1)C(=O)O,416.0,,
COC(=O)c1c(C=Cc2ccc(cc2)C=Cc2ccccc2)oc2c1cc1oc(c(c1c2)C(=O)OC)C=Cc1ccc(cc1)C=Cc1ccccc1,COC(=O)c1c(C=Cc2ccc(C=Cc3ccccc3)cc2)oc2cc3c(C(=O)OC)c(C=Cc4ccc(C=Cc5ccccc5)cc4)oc3cc12,445.0,119600.0,Dichloromethane
O=C1CCC(=C1c1c(C)sc2c1cccc2)c1ccc(cc1)N1CCOCC1,Cc1sc2ccccc2c1C1=C(c2ccc(N3CCOCC3)cc2)CCC1=O,344.0,,
[O-][N+](=O)c1ccc(c2c1nsn2)c1ccc(cc1)n1c2ccccc2c2c1cccc2,O=[N+]([O-])c1ccc(-c2ccc(-n3c4ccccc4c4ccccc43)cc2)c2nsnc12,430.0,,
Nc1ccc2c(c1)oc(=O)cc2C,Cc1cc(=O)oc2cc(N)ccc12,336.0,,dichloromethane
Cn1c2ccccc2c(c1c1ccccc1)N=Nc1nc2c(s1)cccc2,Cn1c(-c2ccccc2)c(N=Nc2nc3ccccc3s2)c2ccccc21,527.0,,Chloroform
O=C1NC(=C2C1=C(OC2=O)c1ccc(cc1)[N+](=O)[O-])c1ccccc1,O=C1NC(c2ccccc2)=C2C(=O)OC(c3ccc([N+](=O)[O-])cc3)=C12,511.0,,dimethyl sulfoxide
Clc1ccc2c(c1)nccc2n1nnc(c1C)C(=O)C=Cc1ccc(cc1)C(F)(F)F,Cc1c(C(=O)C=Cc2ccc(C(F)(F)F)cc2)nnn1-c1ccnc2cc(Cl)ccc12,236.0,,methanol
Cc1ccncc1,Cc1ccncc1,554.0,26302.67992,
c1ccc(cc1)C#Cc1ccc(cc1)C#Cc1ccc(cc1)n1c2ccccc2c2c1cccc2,C(#Cc1ccc(C#Cc2ccc(-n3c4ccccc4c4ccccc43)cc2)cc1)c1ccccc1,349.0,51500.0,CH 2 Cl 2
c1([2H])cc2[nH]c1C=C1C=CC(=N1)C=c1ccc(=CC3=NC(=C2)C=C3)[nH]1,[2H]c1cc2cc3nc(cc4ccc(cc5nc(cc1[nH]2)C=C5)[nH]4)C=C3,548.0,,
CCN(c1ccc2c(c1)oc(=O)c(c2)C=C(c1nc2c(o1)cccc2)C#N)CC,CCN(CC)c1ccc2cc(C=C(C#N)c3nc4ccccc4o3)c(=O)oc2c1,529.0,,Toluene
CCOc1ccc(cc1)N(c1ccc(cc1)OCC)c1ccc(cc1)C=Cc1ccnc(n1)n1ccnc1,CCOc1ccc(N(c2ccc(C=Cc3ccnc(-n4ccnc4)n3)cc2)c2ccc(OCC)cc2)cc1,424.0,,DMF
CCOC(=O)C(Cc1ccccc1)NC(=O)[C@@H]1CSCCN1S(=O)(=O)c1ccc(cc1)C,CCOC(=O)C(Cc1ccccc1)NC(=O)[C@@H]1CSCCN1S(=O)(=O)c1ccc(C)cc1,478.0,,ACN
CCOC(=O)C1=C(NC(=O)C1=NNc1ccccc1)c1ccccc1,CCOC(=O)C1=C(c2ccccc2)NC(=O)C1=NNc1ccccc1,441.0,,
CN(c1ccc(cc1)C=Cc1ccc(cc1)c1nc(c(n1c1ccccc1)c1ccccc1)c1ccccc1)C,CN(C)c1ccc(C=Cc2ccc(-c3nc(-c4ccccc4)c(-c4ccccc4)n3-c3ccccc3)cc2)cc1,364.0,,
CCN(c1cc(=O)[nH]c(n1)c1ccccc1)c1ccc(cc1)C,CCN(c1ccc(C)cc1)c1cc(=O)[nH]c(-c2ccccc2)n1,274.0,45708.81896,
c1ccc(cc1)c1nc2cc3Sc4ccccc4N=c3cc2n(n1)c1ccccc1,c1ccc(C2=NN(c3ccccc3)c3cc4c(cc3=N2)Sc2ccccc2N=4)cc1,674.0,,
Oc1c(C=NN=Cc2ccc3c4c2ccc2c4c(cc3)ccc2)cc(cc1C(C)(C)C)C(C)(C)C,CC(C)(C)c1cc(C=NN=Cc2ccc3ccc4cccc5ccc2c3c45)c(O)c(C(C)(C)C)c1,391.0,38600.0,CH 3 CN
Cn1c2nc3ccccc3nc2c2c1cc(cc2)c1ccc(s1)c1ccc2c(c1)n(C)c1c2nc2c(n1)cccc2,Cn1c2cc(-c3ccc(-c4ccc5c6nc7ccccc7nc6n(C)c5c4)s3)ccc2c2nc3ccccc3nc21,440.0,,chloroform
COC(=O)c1ccc(nc1)c1ccc(cn1)c1ccccc1,COC(=O)c1ccc(-c2ccc(-c3ccccc3)cn2)nc1,328.0,,
COc1ccc(cc1)c1cnc(s1)c1ccc(cc1)c1nc2c(s1)cccc2,COc1ccc(-c2cnc(-c3ccc(-c4nc5ccccc5s4)cc3)s2)cc1,372.0,38800.0,
COc1cc(c(cc1c1cc(C#N)cc(c1)C#N)OC)c1cc(C#N)cc(c1)C#N,COc1cc(-c2cc(C#N)cc(C#N)c2)c(OC)cc1-c1cc(C#N)cc(C#N)c1,452.0,,
c1ccc(cc1)C1=CC(=CC=Cc2cccnn2)C=C(O1)c1ccccc1,C(=Cc1cccnn1)C=C1C=C(c2ccccc2)OC(c2ccccc2)=C1,427.0,,dichloromethane
OCCN(c1ccc2c(c1)ccc(c2)C(=O)C)C,CC(=O)c1ccc2cc(N(C)CCO)ccc2c1,373.0,,
C(CP(c1ccccc1)c1ccccc1)CP(c1ccccc1)c1ccccc1,c1ccc(P(CCCP(c2ccccc2)c2ccccc2)c2ccccc2)cc1,475.0,,dichloromethane
C[C@@]12CCC(C2(C)C)CC1=Nc1ccccc1,CC1(C)C2CC[C@]1(C)C(=Nc1ccccc1)C2,349.5,,
Cc1nn2c(N=Nc3ccccc3)c(nc2c2c1nn(c2c1ccccc1)c1ccccc1)c1ccc2c(c1)cccc2,Cc1nn2c(N=Nc3ccccc3)c(-c3ccc4ccccc4c3)nc2c2c(-c3ccccc3)n(-c3ccccc3)nc12,412.0,,
COc1nc(OC)nc(c1)NS(=O)(=O)c1ccc(cc1)N=Nc1ccc(cc1)N=Nc1ccc(cc1)O,COc1cc(NS(=O)(=O)c2ccc(N=Nc3ccc(N=Nc4ccc(O)cc4)cc3)cc2)nc(OC)n1,362.0,,
OC[C@H]1O[C@H](C[C@@]1(O)n1nnc(c1)CNC(=O)Cc1cc(=O)oc2c1ccc(c2)O)n1cc(C)c(=O)[nH]c1=O,Cc1cn([C@H]2C[C@@](O)(n3cc(CNC(=O)Cc4cc(=O)oc5cc(O)ccc45)nn3)[C@@H](CO)O2)c(=O)[nH]c1=O,326.0,,
Cc1cc2sc(nc2cc1C)N=Nc1c(C)[nH]c2c1cccc2,Cc1cc2nc(N=Nc3c(C)[nH]c4ccccc34)sc2cc1C,513.0,,Chloroform
COc1ccc2c(c1O)C(=O)OC2,COc1ccc2c(c1O)C(=O)OC2,456.0,29400.0,DMF
Cc1nc(c2n1ccc(c2)c1nnc(o1)COc1ccc(cc1)C(=O)OC)Cl,COC(=O)c1ccc(OCc2nnc(-c3ccn4c(C)nc(Cl)c4c3)o2)cc1,386.0,,CH3CN
Cc1c(oc2c1cccc2)c1sc(c2c1cccc2)c1ccc(s1)c1ccc(s1)c1sc(c2c1cccc2)C1(C)COc2c1cccc2,Cc1c(-c2sc(-c3ccc(-c4ccc(-c5sc(C6(C)COc7ccccc76)c6ccccc56)s4)s3)c3ccccc23)oc2ccccc12,625.0,,CH 2 Cl
Cn1c2cc(ccc2c2c1cc(cc2)c1ccc(s1)c1ccc(s1)C=O)N(c1ccc2c(c1)C(C)(C)c1c2cccc1)c1ccccc1,Cn1c2cc(-c3ccc(-c4ccc(C=O)s4)s3)ccc2c2ccc(N(c3ccccc3)c3ccc4c(c3)C(C)(C)c3ccccc3-4)cc21,431.0,30400.0,
OC1Nc2c(C1(C)C)c1ccccc1cc2,CC1(C)c2c(ccc3ccccc23)NC1O,304.0,54420.0,
OC(=O)C(NC1=CC(=O)C=C(C1=O)C)Cc1ccccc1,CC1=CC(=O)C=C(NC(Cc2ccccc2)C(=O)O)C1=O,208.0,,
n1ccc(cc1)C=Cc1ccc2c(c1)Sc1c(N2)cccc1,C(=Cc1ccc2c(c1)Sc1ccccc1N2)c1ccncc1,407.0,,
C1(C)c2cc(ccc2c2c1cc1nc3c(nc1c2)c1ccccc1c1c3cccc1)c1ccc(cc1)N(c1ccccc1)c1ccccc1,CC1c2cc(-c3ccc(N(c4ccccc4)c4ccccc4)cc3)ccc2-c2cc3nc4c5ccccc5c5ccccc5c4nc3cc21,438.0,,DMSO
Cc1oc2c(O)c(OC)cc(c2c(=O)c1C)OC,COc1cc(OC)c2c(=O)c(C)c(C)oc2c1O,539.0,,
Cc1ccsc1c1sc(c2c1cccc2)c1ccc2c(c1)c1ccccc1n2CC(C)CC,CCC(C)Cn1c2ccccc2c2cc(-c3sc(-c4sccc4C)c4ccccc34)ccc21,458.0,,CH 2 Cl
COc1ccc(cc1)CNc1ncnc2c1nc(n2Cc1ccccc1)C=Cc1ccc(cc1)C(F)(F)F,COc1ccc(CNc2ncnc3c2nc(C=Cc2ccc(C(F)(F)F)cc2)n3Cc2ccccc2)cc1,354.0,,
COc1cc2c(c(c1OC)OC)[n+]([O-])c1c(n2C)nc(nc1=O)c1ccccc1,COc1cc2c(c(OC)c1OC)[n+]([O-])c1c(=O)nc(-c3ccccc3)nc-1n2C,500.0,26915.34804,
Cc1ccc(cc1)O,Cc1ccc(O)cc1,700.0,,
N#CC(=C(C#N)C#N)c1ccc(n1C)c1cccs1,Cn1c(C(C#N)=C(C#N)C#N)ccc1-c1cccs1,494.0,25740.0,
Oc1nc(sc1c1ccccc1O)c1cccs1,Oc1ccccc1-c1sc(-c2cccs2)nc1O,378.0,,Dioxane
OCC(NC(=O)C(=CC=CC=Cc1ccc(cc1)N(C)C)C#N)CO,CN(C)c1ccc(C=CC=CC=C(C#N)C(=O)NC(CO)CO)cc1,481.0,,
N[C@H](C(=O)O)Cc1ccccc1,N[C@@H](Cc1ccccc1)C(=O)O,288.0,,
CC(C(=O)Nc1ccc(cc1)S(=O)(=O)N)N1CCNCC1,CC(C(=O)Nc1ccc(S(N)(=O)=O)cc1)N1CCNCC1,271.0,,
N#CC(=Cc1ccc(cc1)N(c1ccccc1)c1ccc(cc1)c1ccc(cc1)C=C(c1ccc(cc1)N(C)C)c1ccc(cc1)N(C)C)C(=O)O,CN(C)c1ccc(C(=Cc2ccc(-c3ccc(N(c4ccccc4)c4ccc(C=C(C#N)C(=O)O)cc4)cc3)cc2)c2ccc(N(C)C)cc2)cc1,432.0,,
CCOc1nc2nc(ccc2c(c1C#N)c1ccccc1)c1ccc2c(n1)nc(c(c2c1ccccc1)C#N)OCC,CCOc1nc2nc(-c3ccc4c(-c5ccccc5)c(C#N)c(OCC)nc4n3)ccc2c(-c2ccccc2)c1C#N,388.0,,
CCOC(=O)C(=NNc1ccccc1[N+](=O)[O-])C(=O)C,CCOC(=O)C(=NNc1ccccc1[N+](=O)[O-])C(C)=O,394.0,4520.0,
Cc1ccc(cc1)C=Cc1ccc2c(c1)oc(=O)cc2C,Cc1ccc(C=Cc2ccc3c(C)cc(=O)oc3c2)cc1,354.0,,
CCOC(=O)C1=C(NC(=O)C1=Cc1cccc2c1cccc2)c1ccc(cc1)c1ccccc1,CCOC(=O)C1=C(c2ccc(-c3ccccc3)cc2)NC(=O)C1=Cc1cccc2ccccc12,427.0,,DMSO
O=Cc1ccc(n1C)c1cccs1,Cn1c(C=O)ccc1-c1cccs1,324.0,29720.0,
CCCN1c2ccc(cc2C(C21C=Cc1c(O2)ccc2c1cccn2)(C)C)Br,CCCN1c2ccc(Br)cc2C(C)(C)C12C=Cc1c(ccc3ncccc13)O2,289.0,,
COC(=O)[C@@H](NC(=CC(=C1c2ccccc2N(C1=O)S(=O)(=O)c1ccc(cc1)C)c1ccccc1)c1ccc(cc1)C(C)(C)C)CC(C)C,COC(=O)[C@H](CC(C)C)NC(=CC(=C1C(=O)N(S(=O)(=O)c2ccc(C)cc2)c2ccccc21)c1ccccc1)c1ccc(C(C)(C)C)cc1,446.0,38500.0,CH2Cl2
N#Cc1cc2ccc(cc2c2c1cccc2)Br,N#Cc1cc2ccc(Br)cc2c2ccccc12,274.0,,
c1ccc(cc1)c1ccc(cc1)c1ccc(o1)c1ccc(s1)c1ccc(cc1)c1ccccc1,c1ccc(-c2ccc(-c3ccc(-c4ccc(-c5ccc(-c6ccccc6)cc5)s4)o3)cc2)cc1,393.0,,
Cc1ccc(s1)c1sc(c(c1C#N)C#N)c1sc(c(c1C#N)C#N)c1ccc(s1)C,Cc1ccc(-c2sc(-c3sc(-c4ccc(C)s4)c(C#N)c3C#N)c(C#N)c2C#N)s1,432.0,,
Cc1nc(c2n1ccc(c2)c1nnc(o1)COc1ccc(cc1)C)Cl,Cc1ccc(OCc2nnc(-c3ccn4c(C)nc(Cl)c4c3)o2)cc1,361.0,,CH3CN
O=C1OC(=NC1=Cc1ccc(cc1)[N+](=O)[O-])c1ccccc1,O=C1OC(c2ccccc2)=NC1=Cc1ccc([N+](=O)[O-])cc1,379.0,,tetrahydrofuran
CCOC(=O)c1[nH]c(c(c1C)C(=NN)C(=O)c1ccccc1)C,CCOC(=O)c1[nH]c(C)c(C(=NN)C(=O)c2ccccc2)c1C,241.06,,
CN1CCN(CC1)CCCOc1ccc(cc1)C=CC(=O)c1nnn(c1C)c1ccnc2c1ccc(c2)Cl,Cc1c(C(=O)C=Cc2ccc(OCCCN3CCN(C)CC3)cc2)nnn1-c1ccnc2cc(Cl)ccc12,236.0,,methanol
CC1=NC(=Cc2c[nH]c3c2cccc3)C(=O)N1C,CC1=NC(=Cc2c[nH]c3ccccc23)C(=O)N1C,391.0,,
Cn1ccc(=CN=Nc2ccc(cc2)C=C(C#N)C#N)c2c1cccc2,CN1C=CC(=CN=Nc2ccc(C=C(C#N)C#N)cc2)c2ccccc21,550.0,,DMF
COC(=O)[C@@H]1CCCN1C(=CC(=C1c2ccccc2N(C1=O)S(=O)(=O)c1ccc(cc1)C)c1ccccc1)c1ccc(cc1)C(C)(C)C,COC(=O)[C@@H]1CCCN1C(=CC(=C1C(=O)N(S(=O)(=O)c2ccc(C)cc2)c2ccccc21)c1ccccc1)c1ccc(C(C)(C)C)cc1,482.0,40100.0,CH2Cl2
COc1ccc(cc1)c1cc2n(n1)cc([nH]c2=O)c1ccccc1,COc1ccc(-c2cc3c(=O)[nH]c(-c4ccccc4)cn3n2)cc1,327.0,,THF
CCN(c1ccc2c(c1)oc(=O)c(c2)C=CC1=[O+][B-](F)(F)Oc2c1c(=O)oc1c2cccc1)CC,CCN(CC)c1ccc2cc(C=CC3=[O+][B-](F)(F)Oc4c3c(=O)oc3ccccc43)c(=O)oc2c1,623.0,,MeOH
Oc1ccc(c(c1)C)Cl,Cc1cc(O)ccc1Cl,720.0,,
c1ccc(nc1)CN(c1ccc(cc1)C=Cc1cc(nc(n1)c1ccccn1)c1ccccn1)Cc1ccccn1,C(=Cc1cc(-c2ccccn2)nc(-c2ccccn2)n1)c1ccc(N(Cc2ccccn2)Cc2ccccn2)cc1,273.0,,
C(Cn1c(=O)c2c(c1c1ccc(o1)c1cc3c(o1)cccc3)c(=O)n(c2c1ccc(o1)c1cc2c(o1)cccc2)CC(C)CC)CC,CCCCN1C(=O)C2=C(c3ccc(-c4cc5ccccc5o4)o3)N(CC(C)CC)C(=O)C2=C1c1ccc(-c2cc3ccccc3o2)o1,616.0,,CH 2 Cl
Clc1ccc(cc1)N=Nc1nc2c(s1)cc(cc2)[N+](=O)[O-],O=[N+]([O-])c1ccc2nc(N=Nc3ccc(Cl)cc3)sc2c1,355.0,,Methanol
C(Cn1cc(c2c1cccc2)C=C(C#N)C#N)CC,CCCCn1cc(C=C(C#N)C#N)c2ccccc21,398.0,,
O=Cc1cccc(c1)[N+](=O)[O-],O=Cc1cccc([N+](=O)[O-])c1,405.0,19520.0,
c1ccc2c(c1)c1sc3c(c1cc2)cccc3,c1ccc2c(c1)ccc1c3ccccc3sc21,514.0,,
CN(c1ccc(cc1)C=C1N=C(OC1=O)c1ccccc1)C,CN(C)c1ccc(C=C2N=C(c3ccccc3)OC2=O)cc1,465.0,,THF
CCN1CCN(c2c1cc1cc(C(=O)C=Cc3ccccc3)c(=O)oc1c2)CC,CCN1CCN(CC)c2cc3oc(=O)c(C(=O)C=Cc4ccccc4)cc3cc21,514.0,,Hexane
COc1ccc2c(c1)sc(n2)N=Nc1ccc2c1ccccc2,COc1ccc2nc(N=Nc3ccc4cccccc3-4)sc2c1,500.0,,
N#CC(=Cc1ccc(cc1)C=C(c1ccccc1)c1ccccc1)c1ccc(cc1)[N+](=O)[O-],N#CC(=Cc1ccc(C=C(c2ccccc2)c2ccccc2)cc1)c1ccc([N+](=O)[O-])cc1,313.0,,
CN[C@@H]1CCc2c1cccc2,CN[C@@H]1CCc2ccccc21,370.6,,
CN(c1cccc2c1cccc2C#Cc1cccc2c1cccc2N(C)C)C,CN(C)c1cccc2c(C#Cc3cccc4c(N(C)C)cccc34)cccc12,504.0,17900.0,
CCOC(=O)c1cc2c(O)c(CN(CC(=O)O)CC(=O)O)c(c(c2oc1=O)CN(CC(=O)O)CC(=O)O)O,CCOC(=O)c1cc2c(O)c(CN(CC(=O)O)CC(=O)O)c(O)c(CN(CC(=O)O)CC(=O)O)c2oc1=O,408.0,,
COc1ccc(cc1)C#Cc1ccc(cc1)c1nc(c(n1C)C#N)C#N,COc1ccc(C#Cc2ccc(-c3nc(C#N)c(C#N)n3C)cc2)cc1,323.0,,
Clc1ccccc1n1cccc1,Clc1ccccc1-n1cccc1,310.0,,CHCl3
[O-][N+](=O)c1cccc2c1[nH]nc2,O=[N+]([O-])c1cccc2cn[nH]c12,398.0,,
O=C1c2cc(ccc2c2c1cc(cc2)C#C[Si](C)(C)C)C#C[Si](C)(C)C,C[Si](C)(C)C#Cc1ccc2c(c1)C(=O)c1cc(C#C[Si](C)(C)C)ccc1-2,527.0,,
N#Cc1cc(sc1c1sc(cc1C#N)c1ccc(cc1)C(C)(C)C)c1ccc(cc1)C(C)(C)C,CC(C)(C)c1ccc(-c2cc(C#N)c(-c3sc(-c4ccc(C(C)(C)C)cc4)cc3C#N)s2)cc1,394.0,22387.21139,
[O-][N+](=O)c1ccc2c(c1)nc1c(n2)c2c3c1cccc3c(cc2)[N+](=O)[O-],O=[N+]([O-])c1ccc2nc3c(nc2c1)-c1cccc2c([N+](=O)[O-])ccc-3c12,324.0,,
COc1ccc2c(c1)sc(n2)N=Nc1c(N)nn2c1nc(N)c(c2N)N=Nc1nc2c(s1)cccc2,COc1ccc2nc(N=Nc3c(N)nn4c(N)c(N=Nc5nc6ccccc6s5)c(N)nc34)sc2c1,532.0,,
O=C1C(=Cc2ccc(cc2)N(C)C)N=C(N1Cc1ccccc1)c1ccccc1,CN(C)c1ccc(C=C2N=C(c3ccccc3)N(Cc3ccccc3)C2=O)cc1,448.0,,
c1ccc(cc1)N1c2nc3ccccc3nc2Sc2c1cccc2,c1ccc(N2c3ccccc3Sc3nc4ccccc4nc32)cc1,416.0,9400.0,
COc1ccc(cc1)c1[nH]c2c(c1c1ccc(cc1)S(=O)(=O)C)cccc2,COc1ccc(-c2[nH]c3ccccc3c2-c2ccc(S(C)(=O)=O)cc2)cc1,238.0,,
O[C@H]1C[C@@H](O[C@@H]1COP(=O)(OP(=O)(O[C@H]1O[C@@H](C)C(=O)[C@H]([C@H]1O)O)O)O)n1cc(C)c(=O)[nH]c1=O,Cc1cn([C@H]2C[C@H](O)[C@@H](COP(=O)(O)OP(=O)(O)O[C@H]3O[C@@H](C)C(=O)[C@@H](O)[C@H]3O)O2)c(=O)[nH]c1=O,510.0,,
Cc1cc2n(nc(c2c2n1c1ccccc1n2)C)c1ccccc1,Cc1nn(-c2ccccc2)c2cc(C)n3c4ccccc4nc3c12,281.0,,
Cc1nn2c(c1N=Nc1ccccc1)[nH]c(c2N=Nc1cccc(c1)[N+](=O)[O-])c1ccccc1,Cc1nn2c(N=Nc3cccc([N+](=O)[O-])c3)c(-c3ccccc3)[nH]c2c1N=Nc1ccccc1,542.0,,dioxane
N#CC(=Cc1ccc(cc1)N(c1ccccc1)c1ccccc1)c1ccc(cc1)c1ccccc1,N#CC(=Cc1ccc(N(c2ccccc2)c2ccccc2)cc1)c1ccc(-c2ccccc2)cc1,419.0,,Cyclohexane
CCN(Cc1ccc2c(n1)c(OC)ccc2Cl)CC,CCN(CC)Cc1ccc2c(Cl)ccc(OC)c2n1,445.0,,MeOH
O=c1oc2ccccc2cc1c1csc(n1)N=Nc1c([nH]c2c1cccc2)c1ccccc1,O=c1oc2ccccc2cc1-c1csc(N=Nc2c(-c3ccccc3)[nH]c3ccccc23)n1,500.0,31622.7766,DMSO
N#CC(=Cc1ccc(s1)c1ccc(cc1)c1[nH]c2c(n1)c(sc2c1ccc(cc1)C(C)(C)C)c1ccc(cc1)C(C)(C)C)C(=O)O,CC(C)(C)c1ccc(-c2sc(-c3ccc(C(C)(C)C)cc3)c3[nH]c(-c4ccc(-c5ccc(C=C(C#N)C(=O)O)s5)cc4)nc23)cc1,392.0,30100.0,THF
Cn1cc(c2c1ccc(c2)[N+](=O)[O-])C=C(c1ccc(s1)C=C1SC(=S)N(C1=O)CC(=O)O)C#N,Cn1cc(C=C(C#N)c2ccc(C=C3SC(=S)N(CC(=O)O)C3=O)s2)c2cc([N+](=O)[O-])ccc21,497.0,48000.0,
N#Cc1ccc(cc1)C=c1oc(=Cc2ccc(cc2)N(C)C)c2c1cccc2,CN(C)c1ccc(C=c2oc(=Cc3ccc(C#N)cc3)c3ccccc23)cc1,438.0,21000.0,
C1(C)c2cc(ccc2c2c1cccc2)c1sc(c2c1cccc2)c1ccc(s1)C=C(C#N)C#N,CC1c2ccccc2-c2ccc(-c3sc(-c4ccc(C=C(C#N)C#N)s4)c4ccccc34)cc21,545.0,,CH 2 Cl
Cc1nc(c2n1ccc(c2)c1nnc(o1)COc1ccc(cc1)OC)Cl,COc1ccc(OCc2nnc(-c3ccn4c(C)nc(Cl)c4c3)o2)cc1,375.0,,CH3CN
CCOC(=O)c1cc(c2n1ncc1c2cccc1)C(=O)OC,CCOC(=O)c1cc(C(=O)OC)c2c3ccccc3cnn12,446.0,,Cyclohexane
CCn1c2ccc(cc2c2c1cccc2)c1ccc(cc1)C=Cc1ccc(cc1)C(=C(c1ccccc1)c1ccccc1)c1ccccc1,CCn1c2ccccc2c2cc(-c3ccc(C=Cc4ccc(C(=C(c5ccccc5)c5ccccc5)c5ccccc5)cc4)cc3)ccc21,409.0,,
Cc1ccc(cc1)N(c1ccc2c(c1)C(c1ccccc1)(c1ccccc1)c1c2ccc(c1)c1ccc(cc1)C=C(C(=O)O)C#N)c1ccc(cc1)C,Cc1ccc(N(c2ccc(C)cc2)c2ccc3c(c2)C(c2ccccc2)(c2ccccc2)c2cc(-c4ccc(C=C(C#N)C(=O)O)cc4)ccc2-3)cc1,418.0,,
COc1ccc(cc1)Nc1nc(Nc2ccc(cc2)OC)nc(n1)Nc1ccc(cc1)N,COc1ccc(Nc2nc(Nc3ccc(N)cc3)nc(Nc3ccc(OC)cc3)n2)cc1,283.0,39810.71706,CH 2 Cl 2
O=C(c1ccccc1)C=Cc1ccccc1,O=C(C=Cc1ccccc1)c1ccccc1,491.0,1236.0,acetonitrile
c1ccc(cc1)C=Cc1ccc2c(c1)ccc1c2C(=C=C(c2ccccc2)c2ccccc2)C(O1)(c1ccccc1)c1ccccc1,C(=C(c1ccccc1)c1ccccc1)=C1c2c(ccc3cc(C=Cc4ccccc4)ccc23)OC1(c1ccccc1)c1ccccc1,464.0,,THF
c1ccc2c(c1)Sc1c(N2)cccc1,c1ccc2c(c1)Nc1ccccc1S2,316.0,,
O=C(c1cc2ccccc2cc1O)NN=Cc1ccccc1O,O=C(NN=Cc1ccccc1O)c1cc2ccccc2cc1O,237.0,62000.0,methanol
COc1ccc(cc1)c1ccc2c(c1)Sc1c(N2c2ccc(cc2)OC)ccc(c1)c1ccc(s1)C=C(C(=O)O)C#N,COc1ccc(-c2ccc3c(c2)Sc2cc(-c4ccc(C=C(C#N)C(=O)O)s4)ccc2N3c2ccc(OC)cc2)cc1,478.0,33950.0,
Fc1ccc(cc1)c1ccc2c(c1)C(c1c2cccc1)c1c2ccccc2cc2c1cccc2,Fc1ccc(-c2ccc3c(c2)C(c2c4ccccc4cc4ccccc24)c2ccccc2-3)cc1,492.0,,
Clc1ccc(cc1)c1cc(n(n1)Cc1ccc(nc1)Cl)c1nnc(o1)c1ccccc1,Clc1ccc(-c2cc(-c3nnc(-c4ccccc4)o3)n(Cc3ccc(Cl)nc3)n2)cc1,275.0,,dichloromethane
N#CC(=Cc1ccc(s1)c1ccc(s1)c1ccc(cc1)N(c1ccccc1)c1ccccc1)C(=O)O,N#CC(=Cc1ccc(-c2ccc(-c3ccc(N(c4ccccc4)c4ccccc4)cc3)s2)s1)C(=O)O,473.0,,
COC(=O)c1n2nc(C=Cc3ccc4c(c3)cccc4)ccc2c(c1C(=O)OC)C(=O)OC,COC(=O)c1c(C(=O)OC)c2ccc(C=Cc3ccc4ccccc4c3)nn2c1C(=O)OC,460.0,,MeOH
COc1ccc(cc1)n1c(nc2c1c1cccnc1c1c2cccn1)c1ccc(cc1)C,COc1ccc(-n2c(-c3ccc(C)cc3)nc3c4cccnc4c4ncccc4c32)cc1,289.0,89125.09381,
CCn1c2ccc(cc2c2c1ccc(c2)c1cccnc1OC)c1cccnc1OC,CCn1c2ccc(-c3cccnc3OC)cc2c2cc(-c3cccnc3OC)ccc21,302.0,,tetrahydrofuran
COc1cc(OC)cc(c1)n1nnc(c1)COc1ccc(cc1)N=Nc1cc2OCOc2cc1O,COc1cc(OC)cc(-n2cc(COc3ccc(N=Nc4cc5c(cc4O)OCO5)cc3)nn2)c1,494.0,,
CC(=O)CCc1ccc2c(c1)ccc(c2N=Nc1c(cc(cc1[N+](=O)[O-])C(=O)O)[N+](=O)[O-])O,CC(=O)CCc1ccc2c(N=Nc3c([N+](=O)[O-])cc(C(=O)O)cc3[N+](=O)[O-])c(O)ccc2c1,470.0,,EtOAc
N#Cc1ccc(cc1)C=C1N=C(N(C1=O)C)C,CC1=NC(=Cc2ccc(C#N)cc2)C(=O)N1C,370.0,,
N#CCc1ccc(cc1)[N+](=O)[O-],N#CCc1ccc([N+](=O)[O-])cc1,386.0,,quartz
c1ccc(cc1)Cn1cncc1,c1ccc(Cn2ccnc2)cc1,431.0,,
N#Cc1ccc2c(c1)c1cc(C)ccc1c(c2)C#N,Cc1ccc2c(C#N)cc3ccc(C#N)cc3c2c1,325.0,,
c1ccc(cc1)C1(C=Cc2c(O1)cccc2)c1ccccc1,C1=CC(c2ccccc2)(c2ccccc2)Oc2ccccc21,500.0,,
COc1cc2nc(C=Cc3ccc(cc3)c3cc(nc(c3)c3ccccn3)c3ccccn3)c(nc2cc1OC)C=Cc1ccc(cc1)OC,COc1ccc(C=Cc2nc3cc(OC)c(OC)cc3nc2C=Cc2ccc(-c3cc(-c4ccccn4)nc(-c4ccccn4)c3)cc2)cc1,503.0,,
Clc1ccc2c(c1)C(C)(C)C1(N2C)C=Cc2c(O1)c(cc1c2cccc1)c1nc(c(o1)c1ccccc1)c1ccccc1,CN1c2ccc(Cl)cc2C(C)(C)C12C=Cc1c(c(-c3nc(-c4ccccc4)c(-c4ccccc4)o3)cc3ccccc13)O2,306.0,,Toluene
Cc1ccc2c(c1)c(c1ccc(cc1)F)c([nH]2)c1ccc(cc1)S(=O)(=O)N,Cc1ccc2[nH]c(-c3ccc(S(N)(=O)=O)cc3)c(-c3ccc(F)cc3)c2c1,238.0,,
Brc1cccc(c1)c1ccn(c1)C,Cn1ccc(-c2cccc(Br)c2)c1,277.0,13880.0,
O=c1ccc2c(o1)ccc(c2)N=Cc1c[nH]c2c1cccc2,O=c1ccc2cc(N=Cc3c[nH]c4ccccc34)ccc2o1,328.0,22000.0,
Nc1ccc2c(c1)[n+](C)c1c(c2)ccc(c1)N.Nc1ccc2c(c1)nc1c(c2)ccc(c1)N.[Cl-],C[n+]1c2cc(N)ccc2cc2ccc(N)cc21.Nc1ccc2cc3ccc(N)cc3nc2c1.[Cl-],445.0,,
CO,CO,671.0,,
CCCCCCCCCCCCCC[C@H]([C@H]([C@@H](NC(=O)CCCCCCC)CO[C@H]1O[C@H](CO)[C@@H]([C@@H]([C@H]1O)O)O)O)O,CCCCCCCCCCCCCC[C@@H](O)[C@@H](O)[C@H](CO[C@H]1O[C@H](CO)[C@H](O)[C@H](O)[C@H]1O)NC(=O)CCCCCCC,629.0,,
N#CC(=Cc1cc(C)c(c(c1)C)O)C#N,Cc1cc(C=C(C#N)C#N)cc(C)c1O,464.0,11101.0,
O=C1C=CC(=O)C1=Cc1cc(C)c(c(c1)C)O,Cc1cc(C=C2C(=O)C=CC2=O)cc(C)c1O,374.0,13700.0,
CC(c1cc(C=C2C(=O)C=CC2=O)cc(c1O)C(C)(C)C)(C)C,CC(C)(C)c1cc(C=C2C(=O)C=CC2=O)cc(C(C)(C)C)c1O,473.0,6181.0,
OC[C@H]1O[C@@H](Oc2ccc(cc2)C2=C3C=CC(=N3)C(=c3ccc(=C(C4=NC(=C(c5[nH]c2cc5)c2ccccc2OCCCOc2ccccc2C2=C5C=CC(=N5)C(=c5ccc(=C(C6=NC(=C(c7[nH]c2cc7)c2ccc(cc2)O[C@@H]2O[C@H](CO)[C@H]([C@@H]([C@H]2O)O)O)C=C6)c2ccc(cc2)O[C@@H]2O[C@H](CO)[C@H]([C@@H]([C@H]2O)O)O)[nH]5)c2ccc(cc2)O[C@@H]2O[C@H](CO)[C@H]([C@@H]([C@H]2O)O)O)C=C4)c2ccc(cc2)O[C@@H]2O[C@H](CO)[C@H]([C@@H]([C@H]2O)O)O)[nH]3)c2ccc(cc2)O[C@@H]2O[C@H](CO)[C@H]([C@@H]([C@H]2O)O)O)[C@@H]([C@H]([C@@H]1O)O)O,OC[C@H]1O[C@@H](Oc2ccc(-c3c4nc(c(-c5ccc(O[C@@H]6O[C@H](CO)[C@@H](O)[C@H](O)[C@H]6O)cc5)c5ccc([nH]5)c(-c5ccccc5OCCCOc5ccccc5-c5c6nc(c(-c7ccc(O[C@@H]8O[C@H](CO)[C@@H](O)[C@H](O)[C@H]8O)cc7)c7ccc([nH]7)c(-c7ccc(O[C@@H]8O[C@H](CO)[C@@H](O)[C@H](O)[C@H]8O)cc7)c7nc(c(-c8ccc(O[C@@H]9O[C@H](CO)[C@@H](O)[C@H](O)[C@H]9O)cc8)c8ccc5[nH]8)C=C7)C=C6)c5nc(c(-c6ccc(O[C@@H]7O[C@H](CO)[C@@H](O)[C@H](O)[C@H]7O)cc6)c6ccc3[nH]6)C=C5)C=C4)cc2)[C@H](O)[C@@H](O)[C@@H]1O,718.0,,
OC[C@H]1O[C@@H](Oc2ccc(cc2)C2=C3C=CC(=N3)C(=c3ccc(=C(C4=NC(=C(c5[nH]c2cc5)c2ccc(cc2)OCCCOc2ccc(cc2)C2=C5C=CC(=N5)C(=c5ccc(=C(C6=NC(=C(c7[nH]c2cc7)c2ccc(cc2)O[C@@H]2O[C@H](CO)[C@H]([C@@H]([C@H]2O)O)O)C=C6)c2ccc(cc2)O[C@@H]2O[C@H](CO)[C@H]([C@@H]([C@H]2O)O)O)[nH]5)c2ccc(cc2)O[C@@H]2O[C@H](CO)[C@H]([C@@H]([C@H]2O)O)O)C=C4)c2ccc(cc2)O[C@@H]2O[C@H](CO)[C@H]([C@@H]([C@H]2O)O)O)[nH]3)c2ccc(cc2)O[C@@H]2O[C@H](CO)[C@H]([C@@H]([C@H]2O)O)O)[C@@H]([C@H]([C@@H]1O)O)O,OC[C@H]1O[C@@H](Oc2ccc(-c3c4nc(c(-c5ccc(O[C@@H]6O[C@H](CO)[C@@H](O)[C@H](O)[C@H]6O)cc5)c5ccc([nH]5)c(-c5ccc(O[C@@H]6O[C@H](CO)[C@@H](O)[C@H](O)[C@H]6O)cc5)c5nc(c(-c6ccc(OCCCOc7ccc(-c8c9nc(c(-c%10ccc(O[C@@H]%11O[C@H](CO)[C@@H](O)[C@H](O)[C@H]%11O)cc%10)c%10ccc([nH]%10)c(-c%10ccc(O[C@@H]%11O[C@H](CO)[C@@H](O)[C@H](O)[C@H]%11O)cc%10)c%10nc(c(-c%11ccc(O[C@@H]%12O[C@H](CO)[C@@H](O)[C@H](O)[C@H]%12O)cc%11)c%11ccc8[nH]%11)C=C%10)C=C9)cc7)cc6)c6ccc3[nH]6)C=C5)C=C4)cc2)[C@H](O)[C@@H](O)[C@@H]1O,720.0,,
OC[C@H]1O[C@@H](Oc2ccc(cc2)C2=C3C=CC(=N3)C(=c3ccc(=C(C4=NC(=C(c5[nH]c2cc5)c2ccc(cc2)OCCCOc2ccc(cc2)C2=C5C=CC(=N5)C(=c5ccc(=C(C6=NC(=C(c7[nH]c2cc7)c2ccccc2C)C=C6)c2ccccc2C)[nH]5)c2ccccc2C)C=C4)c2ccc(cc2)O[C@@H]2O[C@H](CO)[C@H]([C@@H]([C@H]2O)O)O)[nH]3)c2ccc(cc2)O[C@@H]2O[C@H](CO)[C@H]([C@@H]([C@H]2O)O)O)[C@@H]([C@H]([C@@H]1O)O)O,Cc1ccccc1-c1c2nc(c(-c3ccccc3C)c3ccc([nH]3)c(-c3ccccc3C)c3nc(c(-c4ccc(OCCCOc5ccc(-c6c7nc(c(-c8ccc(O[C@@H]9O[C@H](CO)[C@@H](O)[C@H](O)[C@H]9O)cc8)c8ccc([nH]8)c(-c8ccc(O[C@@H]9O[C@H](CO)[C@@H](O)[C@H](O)[C@H]9O)cc8)c8nc(c(-c9ccc(O[C@@H]%10O[C@H](CO)[C@@H](O)[C@H](O)[C@H]%10O)cc9)c9ccc6[nH]9)C=C8)C=C7)cc5)cc4)c4ccc1[nH]4)C=C3)C=C2,715.0,,
OC[C@H]1O[C@@H](Oc2ccc(cc2)C2=C3C=CC(=N3)C(=c3ccc(=C(C4=NC(=C(c5[nH]c2cc5)c2cc[n+](cc2)CCCOc2ccc(cc2)C2=C5C=CC(=N5)C(=c5ccc(=C(C6=NC(=C(c7[nH]c2cc7)c2ccc(cc2)O[C@@H]2O[C@H](CO)[C@H]([C@@H]([C@H]2O)O)O)C=C6)c2ccc(cc2)O[C@@H]2O[C@H](CO)[C@H]([C@@H]([C@H]2O)O)O)[nH]5)c2ccc(cc2)O[C@@H]2O[C@H](CO)[C@H]([C@@H]([C@H]2O)O)O)C=C4)c2ccc(cc2)O[C@@H]2O[C@H](CO)[C@H]([C@@H]([C@H]2O)O)O)[nH]3)c2ccc(cc2)O[C@@H]2O[C@H](CO)[C@H]([C@@H]([C@H]2O)O)O)[C@@H]([C@H]([C@@H]1O)O)O,OC[C@H]1O[C@@H](Oc2ccc(-c3c4nc(c(-c5ccc(O[C@@H]6O[C@H](CO)[C@@H](O)[C@H](O)[C@H]6O)cc5)c5ccc([nH]5)c(-c5ccc(O[C@@H]6O[C@H](CO)[C@@H](O)[C@H](O)[C@H]6O)cc5)c5nc(c(-c6ccc(OCCC[n+]7ccc(-c8c9nc(c(-c%10ccc(O[C@@H]%11O[C@H](CO)[C@@H](O)[C@H](O)[C@H]%11O)cc%10)c%10ccc([nH]%10)c(-c%10ccc(O[C@@H]%11O[C@H](CO)[C@@H](O)[C@H](O)[C@H]%11O)cc%10)c%10nc(c(-c%11ccc(O[C@@H]%12O[C@H](CO)[C@@H](O)[C@H](O)[C@H]%12O)cc%11)c%11ccc8[nH]%11)C=C%10)C=C9)cc7)cc6)c6ccc3[nH]6)C=C5)C=C4)cc2)[C@H](O)[C@@H](O)[C@@H]1O,715.0,,
OC[C@H]1O[C@@H](Oc2ccc(cc2)C2=C3C=CC(=N3)C(=c3ccc(=C(C4=NC(=C(c5[nH]c2cc5)c2cc[n+](cc2)CCCOc2ccc(cc2)C2=C5C=CC(=N5)C(=c5ccc(=C(C6=NC(=C(c7[nH]c2cc7)c2ccccc2C)C=C6)c2ccccc2C)[nH]5)c2ccccc2C)C=C4)c2ccc(cc2)O[C@@H]2O[C@H](CO)[C@H]([C@@H]([C@H]2O)O)O)[nH]3)c2ccc(cc2)O[C@@H]2O[C@H](CO)[C@H]([C@@H]([C@H]2O)O)O)[C@@H]([C@H]([C@@H]1O)O)O,Cc1ccccc1-c1c2nc(c(-c3ccccc3C)c3ccc([nH]3)c(-c3ccccc3C)c3nc(c(-c4ccc(OCCC[n+]5ccc(-c6c7nc(c(-c8ccc(O[C@@H]9O[C@H](CO)[C@@H](O)[C@H](O)[C@H]9O)cc8)c8ccc([nH]8)c(-c8ccc(O[C@@H]9O[C@H](CO)[C@@H](O)[C@H](O)[C@H]9O)cc8)c8nc(c(-c9ccc(O[C@@H]%10O[C@H](CO)[C@@H](O)[C@H](O)[C@H]%10O)cc9)c9ccc6[nH]9)C=C8)C=C7)cc5)cc4)c4ccc1[nH]4)C=C3)C=C2,717.0,,
CS(=O)C,CS(C)=O,476.0,,Dioxane
N.N.[Cl-].[Cl-].[Pt+2],N.N.[Cl-].[Cl-].[Pt+2],279.4,,
c1ccc2c(c1)[s+]c1c(c2)cccc1,c1ccc2[s+]c3ccccc3cc2c1,582.0,,
c1ccc2c(c1)[Se+]=c1c(=C2)cccc1,c1ccc2[se+]c3ccccc3cc2c1,588.0,,
CCCCCCCCCCCC[n+]1ccccc1.[Cl-],CCCCCCCCCCCC[n+]1ccccc1.[Cl-],426.0,7585.77575,
O=C(c1sc2c(c1Cl)ccs2)Nc1ccc(cc1)C(=N)N.Cl,Cl.N=C(N)c1ccc(NC(=O)c2sc3sccc3c2Cl)cc1,308.0,24600.0,
CC(N=C(c1ccc(cc1)NC(=O)c1sc2c(c1Cl)ccs2)N)C.Cl,CC(C)N=C(N)c1ccc(NC(=O)c2sc3sccc3c2Cl)cc1.Cl,308.0,25700.0,
O=C(c1sc2c(c1Cl)scc2)Nc1ccc(cc1)C(=N)N.Cl,Cl.N=C(N)c1ccc(NC(=O)c2sc3ccsc3c2Cl)cc1,316.0,21600.0,
CC(N=C(c1ccc(cc1)NC(=O)c1sc2c(c1Cl)scc2)N)C.Cl,CC(C)N=C(N)c1ccc(NC(=O)c2sc3ccsc3c2Cl)cc1.Cl,315.0,25300.0,
CCC1(CC=C[NH+]1[O-])C(=O)N,CCC1(C(N)=O)CC=C[NH+]1[O-],233.0,,
CCCC1(CC=C[NH+]1[O-])C(=O)N,CCCC1(C(N)=O)CC=C[NH+]1[O-],233.0,,
CCCCC1(CC=C[NH+]1[O-])C(=O)N,CCCCC1(C(N)=O)CC=C[NH+]1[O-],233.0,,
[O-][NH+]1C=C(CC1(C)C(=O)N)CC,CCC1=C[NH+]([O-])C(C)(C(N)=O)C1,232.0,,
[O-][NH+]1C=C(CC1(C)C(=O)N)C,CC1=C[NH+]([O-])C(C)(C(N)=O)C1,232.0,,
CNC(=O)C1(C)CC(=C[NH+]1[O-])CC,CCC1=C[NH+]([O-])C(C)(C(=O)NC)C1,232.0,,
CNC(=O)C1(C)CC(=C[NH+]1[O-])C,CNC(=O)C1(C)CC(C)=C[NH+]1[O-],232.0,,
FC(=C(F)F)Cl,FC(F)=C(F)Cl,345.0,,
CCO,CCO,300.5,26302.67992,
C1=CC=CC=NN1,C1=CC=NNC=C1,307.0,23442.28815,
CCCNc1cc2oc3cc(=[NH+]CC)c(cc3nc2c2c1cc1ccccc1c2)C.[Cl-],CCCNc1cc2oc3cc(=[NH+]CC)c(C)cc-3nc2c2cc3ccccc3cc12.[Cl-],642.0,26100.0,water
CCOC(=O)CCCNc1cc2oc3cc(=[NH+]CC)c(cc3nc2c2c1cc1ccccc1c2)C.[Cl-],CC[NH+]=c1cc2oc3cc(NCCCC(=O)OCC)c4cc5ccccc5cc4c3nc-2cc1C.[Cl-],647.0,19595.0,ethanol
OCCCNc1cc2oc3cc(=[NH+]CC)c(cc3nc2c2c1cc1ccccc1c2)C.[Cl-],CC[NH+]=c1cc2oc3cc(NCCCO)c4cc5ccccc5cc4c3nc-2cc1C.[Cl-],640.0,35000.0,water
ClCCCNc1cc2oc3cc(=[NH+]CC)c(cc3nc2c2c1cc1ccccc1c2)C.[Cl-],CC[NH+]=c1cc2oc3cc(NCCCCl)c4cc5ccccc5cc4c3nc-2cc1C.[Cl-],645.0,43300.0,ethanol
CSC1SCC2N(C)C(=O)C(C)NC(=O)C(COC(=O)C(N(C(=O)C1N(C)C(=O)C(C)NC(=O)C(COC(=O)C(N(C2=O)C)C(C)C)NC(=O)c1cnc2c(n1)cccc2)C)C(C)C)NC(=O)c1cnc2c(n1)cccc2,CSC1SCC2C(=O)N(C)C(C(C)C)C(=O)OCC(NC(=O)c3cnc4ccccc4n3)C(=O)NC(C)C(=O)N(C)C1C(=O)N(C)C(C(C)C)C(=O)OCC(NC(=O)c1cnc3ccccc3n1)C(=O)NC(C)C(=O)N2C,387.0,11500.0,
COc1cc(cc(c1O)O)c1[o+]c2cc(O)cc(c2cc1O)O.[Cl-],COc1cc(-c2[o+]c3cc(O)cc(O)c3cc2O)cc(O)c1O.[Cl-],518.0,,
COc1cc(cc(c1O)OC)c1[o+]c2cc(O)cc(c2cc1O)O.[Cl-],COc1cc(-c2[o+]c3cc(O)cc(O)c3cc2O)cc(OC)c1O.[Cl-],530.0,,
COc1cc(C=Cc2cc(OC)c(c(c2)OC)OC)cc(c1OC)OC,COc1cc(C=Cc2cc(OC)c(OC)c(OC)c2)cc(OC)c1OC,328.0,,Water
O=C1NC(=O)c2c(C1)cccc2,O=C1Cc2ccccc2C(=O)N1,529.0,16982.43652,
[Se],[Se],519.0,15135.61248,
[O-]C(=O)c1ccc(nc1)c1nccc(c1)C(=O)[O-],O=C([O-])c1ccc(-c2cc(C(=O)[O-])ccn2)nc1,553.0,,
[Tb],[Tb],562.0,127000.0,
N#CC1=COC2=C(C1)CCCC2,N#CC1=COC2=C(CCCC2)C1,383.0,,EtOH
[NH-]C(C)C,CC(C)[NH-],374.0,,MeOH
c1ccc(cc1)C[NH2+]Cc1ccc2c(c1)OCO2.[Cl-],[Cl-].c1ccc(C[NH2+]Cc2ccc3c(c2)OCO3)cc1,200.0,,
COc1ccc(cc1)C[NH2+]Cc1ccc2c(c1)OCO2.[Cl-],COc1ccc(C[NH2+]Cc2ccc3c(c2)OCO3)cc1.[Cl-],200.0,,
COc1cc(C[NH2+]Cc2ccc3c(c2)OCO3)ccc1OC.[Cl-],COc1ccc(C[NH2+]Cc2ccc3c(c2)OCO3)cc1OC.[Cl-],200.0,,
COc1cc(C[NH2+]Cc2ccc3c(c2)OCO3)cc(c1OC)OC.[Cl-],COc1cc(C[NH2+]Cc2ccc3c(c2)OCO3)cc(OC)c1OC.[Cl-],200.0,,
COc1cc(C[NH2+]Cc2ccc3c(c2)OCO3)ccc1O.[Cl-],COc1cc(C[NH2+]Cc2ccc3c(c2)OCO3)ccc1O.[Cl-],200.0,,
Oc1cc(C[NH2+]Cc2ccc3c(c2)OCO3)ccc1O.[Cl-],Oc1ccc(C[NH2+]Cc2ccc3c(c2)OCO3)cc1O.[Cl-],200.0,,
c1ccc(cc1)CC[NH2+]Cc1ccc2c(c1)OCO2.[Cl-],[Cl-].c1ccc(CC[NH2+]Cc2ccc3c(c2)OCO3)cc1,200.0,,
COc1ccc(cc1)C[NH+](Cc1ccc2c(c1)OCO2)C.[Cl-],COc1ccc(C[NH+](C)Cc2ccc3c(c2)OCO3)cc1.[Cl-],200.0,,
COc1cc(ccc1OC)C[NH+](Cc1ccc2c(c1)OCO2)C.[Cl-],COc1ccc(C[NH+](C)Cc2ccc3c(c2)OCO3)cc1OC.[Cl-],200.0,,
COc1cc(C[NH+](Cc2ccc3c(c2)OCO3)C)cc(c1OC)OC.[Cl-],COc1cc(C[NH+](C)Cc2ccc3c(c2)OCO3)cc(OC)c1OC.[Cl-],200.0,,
O1CCOCC1,C1COCCO1,460.0,,EtOH
C=CC1C2=NC(=CC3=NC(=CC4=C(C(C(=N4)C=c4[nH]c(=C2)c(C)c4C=C)C)CCC(=O)O)C(=C3C)CCC(=O)O)C1C,C=Cc1c(C)c2[nH]c1=CC1=NC(=C(CCC(=O)O)C1C)C=C1N=C(C=C3N=C(C=2)C(C=C)C3C)C(C)=C1CCC(=O)O,406.0,93469.0,
COc1cc(OC)c(c(c1)OC)C1=C2C=CC(=N2)C(=c2ccc(=C(C3=NC(=C(c4[nH]c1cc4)c1c(OC)cc(cc1OC)OC)C=C3)c1c(OC)cc(cc1OC)OC)[nH]2)c1c(OC)cc(cc1OC)OC,COc1cc(OC)c(-c2c3nc(c(-c4c(OC)cc(OC)cc4OC)c4ccc([nH]4)c(-c4c(OC)cc(OC)cc4OC)c4nc(c(-c5c(OC)cc(OC)cc5OC)c5ccc2[nH]5)C=C4)C=C3)c(OC)c1,719.0,3350.0,
c1ccc(cc1)n1c2ccccc2c2c1ccc(c2)c1ccc2c(c1)c1ccccc1n2c1ccc2c(c1)C1(c3c2cccc3)c2ccccc2c2c1cccc2,c1ccc(-n2c3ccccc3c3cc(-c4ccc5c(c4)c4ccccc4n5-c4ccc5c(c4)C4(c6ccccc6-c6ccccc64)c4ccccc4-5)ccc32)cc1,313.0,,
c1ccc(cc1)n1c2ccccc2c2c1ccc(c2)c1ccc2c(c1)c1ccccc1n2c1ccc2c(c1)c1ccccc1C12c2ccccc2c2c1cccc2,c1ccc(-n2c3ccccc3c3cc(-c4ccc5c(c4)c4ccccc4n5-c4ccc5c(c4)-c4ccccc4C54c5ccccc5-c5ccccc54)ccc32)cc1,312.0,,
c1ccc(cc1)c1cc(cc(c1)c1ccccc1)c1c2ccccc2c(c2c1cccc2)c1cc2c3ccccc3c(cc2c2c1cccc2)c1c2ccccc2c(c2c1cccc2)c1cc(cc(c1)c1ccccc1)c1ccccc1,c1ccc(-c2cc(-c3ccccc3)cc(-c3c4ccccc4c(-c4cc5c6ccccc6c(-c6c7ccccc7c(-c7cc(-c8ccccc8)cc(-c8ccccc8)c7)c7ccccc67)cc5c5ccccc45)c4ccccc34)c2)cc1,466.0,,
CC(OC(C)C)C,CC(C)OC(C)C,257.0,62500.0,
[O-2].[Zn+2],[O-2].[Zn+2],365.0,,
C1CCCCC1,C1CCCCC1,448.0,,
C1CCCO1,C1CCOC1,471.0,,
Cc1cc(C)c(c(c1)C)B(c1c(C)cc(cc1C)C)c1ccc2c(c1)c1cc(ccc1n2c1ccc(cc1)C(=C(c1ccc(cc1)n1c2ccc(cc2c2c1ccc(c2)B(c1c(C)cc(cc1C)C)c1c(C)cc(cc1C)C)B(c1c(C)cc(cc1C)C)c1c(C)cc(cc1C)C)c1ccccc1)c1ccccc1)B(c1c(C)cc(cc1C)C)c1c(C)cc(cc1C)C,Cc1cc(C)c(B(c2ccc3c(c2)c2cc(B(c4c(C)cc(C)cc4C)c4c(C)cc(C)cc4C)ccc2n3-c2ccc(C(=C(c3ccccc3)c3ccc(-n4c5ccc(B(c6c(C)cc(C)cc6C)c6c(C)cc(C)cc6C)cc5c5cc(B(c6c(C)cc(C)cc6C)c6c(C)cc(C)cc6C)ccc54)cc3)c3ccccc3)cc2)c2c(C)cc(C)cc2C)c(C)c1,318.0,,
CC(c1ccc2c(c1C(C)(C)C)n(c1ccc(cc1)c1ccc(cc1)n1c3ccccc3c3c1c(c(cc3)C(C)(C)C)C(C)(C)C)c1c2cccc1)(C)C,CC(C)(C)c1ccc2c3ccccc3n(-c3ccc(-c4ccc(-n5c6ccccc6c6ccc(C(C)(C)C)c(C(C)(C)C)c65)cc4)cc3)c2c1C(C)(C)C,347.0,28400.0,
CC(c1ccc2c(c1)c1cc(ccc1n2c1cc2CCc3c4c2c(c1)CCc4cc(c3)n1c2ccc(cc2c2c1ccc(c2)C(C)(C)C)C(C)(C)C)C(C)(C)C)(C)C,CC(C)(C)c1ccc2c(c1)c1cc(C(C)(C)C)ccc1n2-c1cc2c3c(c1)CCc1cc(-n4c5ccc(C(C)(C)C)cc5c5cc(C(C)(C)C)ccc54)cc(c1-3)CC2,349.0,42500.0,
CC(c1ccc2c(c1)c1cc(ccc1n2c1cc2ccc3c4c2c(c1)ccc4cc(c3)n1c2ccc(cc2c2c1ccc(c2)C(C)(C)C)C(C)(C)C)C(C)(C)C)(C)C,CC(C)(C)c1ccc2c(c1)c1cc(C(C)(C)C)ccc1n2-c1cc2ccc3cc(-n4c5ccc(C(C)(C)C)cc5c5cc(C(C)(C)C)ccc54)cc4ccc(c1)c2c34,341.0,44400.0,
COC(=O)c1ccc(cc1)c1cc(c2ccc(cc2)C(=O)OC)c2c3c1ccc1c3c(cc2)c(cc1c1ccc(cc1)C(=O)OC)c1ccc(cc1)C(=O)OC,COC(=O)c1ccc(-c2cc(-c3ccc(C(=O)OC)cc3)c3ccc4c(-c5ccc(C(=O)OC)cc5)cc(-c5ccc(C(=O)OC)cc5)c5ccc2c3c54)cc1,398.0,,Dioxane
[O-]C(=O)c1ccccn1,O=C([O-])c1ccccn1,268.0,35000.0,
CCCCCC,CCCCCC,393.0,,
CC(=O)C,CC(C)=O,398.0,,
c1ccc(cc1)[Si]1(c2ccccc2)c2cc(ccc2c2c1cc(cc2)c1ccc(cc1)N(c1ccccc1)c1ccccc1)c1ccc(cc1)N(c1ccccc1)c1ccccc1,c1ccc(N(c2ccccc2)c2ccc(-c3ccc4c(c3)[Si](c3ccccc3)(c3ccccc3)c3cc(-c5ccc(N(c6ccccc6)c6ccccc6)cc5)ccc3-4)cc2)cc1,376.0,,
c1ccc(cc1)[Si]1(c2ccccc2)c2cc(ccc2c2c1cc(cc2)c1ccc(cc1)n1c2ccccc2c2c1cccc2)c1ccc(cc1)n1c2ccccc2c2c1cccc2,c1ccc([Si]2(c3ccccc3)c3cc(-c4ccc(-n5c6ccccc6c6ccccc65)cc4)ccc3-c3ccc(-c4ccc(-n5c6ccccc6c6ccccc65)cc4)cc32)cc1,345.0,,
CCOC(=O)C,CCOC(C)=O,424.0,,
ClCCl,ClCCl,437.0,,
Cc1cc(C)c(c(c1)C)B(c1c(C)cc(cc1C)C)c1ccc(cc1)C#Cc1ccc(cc1)C(=C(c1ccc(cc1)C#Cc1ccc(cc1)B(c1c(C)cc(cc1C)C)c1c(C)cc(cc1C)C)c1ccccc1)c1ccccc1,Cc1cc(C)c(B(c2ccc(C#Cc3ccc(C(=C(c4ccccc4)c4ccc(C#Cc5ccc(B(c6c(C)cc(C)cc6C)c6c(C)cc(C)cc6C)cc5)cc4)c4ccccc4)cc3)cc2)c2c(C)cc(C)cc2C)c(C)c1,346.0,,
CC(c1ccc2c(c1)c1cc(ccc1n2c1ccc2c(c1)ccc(n2)Nc1ccc2c(n1)ccc(c2)n1c2ccc(cc2c2c1ccc(c2)C(C)(C)C)C(C)(C)C)C(C)(C)C)(C)C,CC(C)(C)c1ccc2c(c1)c1cc(C(C)(C)C)ccc1n2-c1ccc2nc(Nc3ccc4cc(-n5c6ccc(C(C)(C)C)cc6c6cc(C(C)(C)C)ccc65)ccc4n3)ccc2c1,466.0,,
O=P(c1ccccc1)(c1ccccc1)c1cccc(c1)N(c1ccc(c2c1cccc2)N(c1cccc2c1cccc2)c1ccccc1)c1ccccc1,O=P(c1ccccc1)(c1ccccc1)c1cccc(N(c2ccccc2)c2ccc(N(c3ccccc3)c3cccc4ccccc34)c3ccccc23)c1,270.0,,
O=P(c1ccccc1)(c1ccccc1)c1ccc(cc1)N(c1ccc(c2c1cccc2)N(c1cccc2c1cccc2)c1ccccc1)c1ccccc1,O=P(c1ccccc1)(c1ccccc1)c1ccc(N(c2ccccc2)c2ccc(N(c3ccccc3)c3cccc4ccccc34)c3ccccc23)cc1,268.0,,
O=S(=O)(c1ccc(cc1)c1ccc(cc1)n1c2ccccc2c2c1cccc2)c1ccc(cc1)c1ccc(cc1)c1nc2c(n1c1ccc(cc1)C(C)(C)C)c1ccccc1c1c2cccc1,CC(C)(C)c1ccc(-n2c(-c3ccc(-c4ccc(S(=O)(=O)c5ccc(-c6ccc(-n7c8ccccc8c8ccccc87)cc6)cc5)cc4)cc3)nc3c4ccccc4c4ccccc4c32)cc1,262.0,,
C1(C)c2cc(ccc2c2c1cccc2)C#Cc1cc(C#Cc2ccc3c(c2)C(C)(C)c2c3cccc2)c2c3c1ccc1c3c(cc2)c(cc1C#Cc1ccc2c(c1)C(C)(C)c1c2cccc1)C#Cc1ccc2c(c1)C(C)(C)c1c2cccc1,CC1c2ccccc2-c2ccc(C#Cc3cc(C#Cc4ccc5c(c4)C(C)(C)c4ccccc4-5)c4ccc5c(C#Cc6ccc7c(c6)C(C)(C)c6ccccc6-7)cc(C#Cc6ccc7c(c6)C(C)(C)c6ccccc6-7)c6ccc3c4c65)cc21,488.0,80900.0,
C1(C)c2cc(C#Cc3cc(C#Cc4ccc5c(c4)C(C)(C)c4c5ccc(c4)[N+](=O)[O-])c4c5c3ccc3c5c(cc4)c(cc3C#Cc3ccc4c(c3)C(C)(C)c3c4ccc(c3)[N+](=O)[O-])C#Cc3ccc4c(c3)C(C)(C)c3c4ccc(c3)[N+](=O)[O-])ccc2c2c1cc(cc2)[N+](=O)[O-],CC1c2cc(C#Cc3cc(C#Cc4ccc5c(c4)C(C)(C)c4cc([N+](=O)[O-])ccc4-5)c4ccc5c(C#Cc6ccc7c(c6)C(C)(C)c6cc([N+](=O)[O-])ccc6-7)cc(C#Cc6ccc7c(c6)C(C)(C)c6cc([N+](=O)[O-])ccc6-7)c6ccc3c4c65)ccc2-c2ccc([N+](=O)[O-])cc21,495.0,77100.0,
C1(C)c2cc(ccc2c2c1cc(cc2)c1cccc(c1)C(=C(c1ccc(cc1)Br)C#N)c1ccccc1)c1cccc(c1)C(=C(c1ccc(cc1)Br)C#N)c1ccccc1,CC1c2cc(-c3cccc(C(=C(C#N)c4ccc(Br)cc4)c4ccccc4)c3)ccc2-c2ccc(-c3cccc(C(=C(C#N)c4ccc(Br)cc4)c4ccccc4)c3)cc21,361.0,,
CC1=CC2(OC(C1)C(C=CC1(C)CCC3(O1)CCC1C(O3)C(O)C(=C)C(O1)C(CC(C1CC3(CCCOC3)COC1C)C)O)C)OC(C)(CCC2O)CC(C(=O)O)(O)C.[K],C=C1C(O)C2OC3(CCC2OC1C(O)CC(C)C1CC2(CCCOC2)COC1C)CCC(C)(C=CC(C)C1CC(C)=CC2(O1)OC(C)(CC(C)(O)C(=O)O)CCC2O)O3.[K],281.0,,water
C=CC(=C[C@@]1(C)SC(=C(C1=O)C)O)C,C=CC(C)=C[C@@]1(C)SC(O)=C(C)C1=O,358.0,,silica
CCCO,CCCO,430.0,,Water
[NH3+]Cc1c2ccccc2cc2c1cccc2.[Cl-],[Cl-].[NH3+]Cc1c2ccccc2cc2ccccc12,438.0,,
CC#N,CC#N,406.0,,
CCCCCCC,CCCCCCC,440.0,,Cl
COC(=O)[C](C)C,COC(=O)[C](C)C,531.0,,
ClC=C,C=CCl,535.0,,
ClCCN(P1(=O)NCCCO1)CCCl,O=P1(N(CCCl)CCCl)NCCCO1,520.0,,
PS,PS,529.0,,
[Zn][I]I,[Zn][I]I,691.0,85113.80382,
[GaH2][I][I]I,[GaH2][I][I]I,704.0,141253.7545,
[O-]C(=O)c1ccccc1c1c2cc(Br)c(c(c2oc2c1cc(Br)c(=O)c2Br)Br)[O-].[Na+].[Na+],O=C([O-])c1ccccc1-c1c2cc(Br)c(=O)c(Br)c-2oc2c(Br)c([O-])c(Br)cc12.[Na+].[Na+],516.0,,
Nc1cc2c(cc1C)nc1c([n+]2c2ccccc2)ccc(c1C)N.[Cl-],Cc1cc2nc3c(C)c(N)ccc3[n+](-c3ccccc3)c2cc1N.[Cl-],520.0,,
OC(=O)CS,O=C(O)CS,550.0,,
NC(C(=O)O)CS,NC(CS)C(=O)O,530.0,,
OC(=O)CCS,O=C(O)CCS,500.0,,
[Ga],[Ga],730.0,,
[Al],[Al],725.0,,
CPN[I]Cl,CPN[I]Cl,686.0,,
FP,FP,436.0,,
CCCCCC(=O)N,CCCCCC(N)=O,616.0,,
CCCCCCNC(=O)CCCCC(=O)N,CCCCCCNC(=O)CCCCC(N)=O,616.0,,
c1ccc(cc1)n1c[n+]([n+](n1)c1ccc(cc1)c1ccc(cc1)n1n[n+](c[n+]1c1ccccc1)c1ccccc1)c1ccccc1.[Cl].[Cl],[Cl].[Cl].c1ccc(-n2c[n+](-c3ccccc3)[n+](-c3ccc(-c4ccc(-n5n[n+](-c6ccccc6)c[n+]5-c5ccccc5)cc4)cc3)n2)cc1,645.0,,
c1ccc(nc1)N(c1ccccn1)Cc1cc(CN(c2ccccn2)c2ccccn2)c(cc1CN(c1ccccn1)c1ccccn1)CN(c1ccccn1)c1ccccn1,c1ccc(N(Cc2cc(CN(c3ccccn3)c3ccccn3)c(CN(c3ccccn3)c3ccccn3)cc2CN(c2ccccn2)c2ccccn2)c2ccccn2)nc1,304.0,,
CC(C[N+](C)(C)C)OC(=O)N.[Cl-],CC(C[N+](C)(C)C)OC(N)=O.[Cl-],476.0,,
Cc1cc(c(s1)C)C1=C(CC(C1=O)[n+]1ccccc1)c1cc(sc1C)C.[Br-],Cc1cc(C2=C(c3cc(C)sc3C)C(=O)C([n+]3ccccc3)C2)c(C)s1.[Br-],339.0,,
[CH-]1C=CC=C1.Cc1cc(c(s1)C)C1=C(CC(=C[C-]2C=CC=C2)C1=O)c1cc(sc1C)C.[Fe+2],Cc1cc(C2=C(c3cc(C)sc3C)C(=O)C(=C[c-]3cccc3)C2)c(C)s1.[Fe+2].c1cc[cH-]c1,500.0,,
[Nd],[Nd],288.0,,
[Yb],[Yb],290.0,,
[Er],[Er],289.0,,
[Gd],[Gd],287.0,,
ClC([N+](=O)[O-])(Cl)Cl,O=[N+]([O-])C(Cl)(Cl)Cl,365.0,,
[SH3],[SH3],612.0,,
ClC(Cl)Cl,ClC(Cl)Cl,508.0,,
[C-4],[C-4],530.0,,
C[N+](CCCCCCCCCC[N+](C)(C)C)(C)C.[Br],C[N+](C)(C)CCCCCCCCCC[N+](C)(C)C.[Br],493.0,,
OC(=O)CN1C(=S)SCC1=O,O=C(O)CN1C(=O)CSC1=S,400.0,,quartz
CC(=N[Si](C)(C)C)O[Si](C)(C)C,CC(=N[Si](C)(C)C)O[Si](C)(C)C,278.0,,
COO,COO,687.0,,
CCCCCCCCCCCCCCCC(=O)OC[C@@H](OC(=O)CCCCCCCCCCCCCCC)COP(=O)(OCC[N+](C)(C)C)O,CCCCCCCCCCCCCCCC(=O)OC[C@H](COP(=O)(O)OCC[N+](C)(C)C)OC(=O)CCCCCCCCCCCCCCC,384.0,,
CCCCCCCCCCCCCCCCCC[N+](CCCCCCCCCCCCCCCCCC)(C)C.[Br-],CCCCCCCCCCCCCCCCCC[N+](C)(C)CCCCCCCCCCCCCCCCCC.[Br-],386.0,,
CCCCCCCCCCCCCCCC(=O)OCC(OC(=O)CCCCCCCCCCCCCCC)COP(=O)(OCC(CO)O)O,CCCCCCCCCCCCCCCC(=O)OCC(COP(=O)(O)OCC(O)CO)OC(=O)CCCCCCCCCCCCCCC,383.0,,
ClC(Cl)(Cl)Cl,ClC(Cl)(Cl)Cl,402.0,,Acetonitrile
PC=S,PC=S,687.0,,PBS
CC(=CC=CC=C(C=CC=C(C=CC=C(CCC=C(C)C)C)C)C)C=CC=C(C=CC=C(CCC=C(C)C)C)C,CC(C)=CCCC(C)=CC=CC(C)=CC=CC(C)=CC=CC=C(C)C=CC=C(C)C=CC=C(C)CCC=C(C)C,506.0,,
[Zn+2],[Zn+2],673.0,,DMF
Cl,Cl,495.0,,
CCCCCCCCCCO,CCCCCCCCCCO,365.0,,
NC1CCCC(=C1)C(=O)O,NC1C=C(C(=O)O)CCC1,637.46,,
[O-]C(=O)[C@H](Cc1cc(I)c(c(c1)I)Oc1ccc(c(c1)I)O)N.[Na+],N[C@@H](Cc1cc(I)c(Oc2ccc(O)c(I)c2)c(I)c1)C(=O)[O-].[Na+],672.01,,
O=C(N[C@H](C(=O)NCC(=O)O)CSc1cc(Br)cc(c1O)O)CC[C@@H](C(=O)O)N,N[C@@H](CCC(=O)N[C@@H](CSc1cc(Br)cc(O)c1O)C(=O)NCC(=O)O)C(=O)O,627.77,,
[NH2-],[NH2-],400.4,,Benzene
CC=O,CC=O,297.0,,
[O-]S(=O)(=O)c1ccc(cc1)C1=C2C=CC(=N2)C(=c2ccc(=C(C3=NC(=C(c4[nH]c1cc4)c1ccc(cc1)S(=O)(=O)[O-])C=C3)c1ccc(cc1)S(=O)(=O)[O-])[nH]2)c1ccc(cc1)S(=O)(=O)[O-],O=S(=O)([O-])c1ccc(-c2c3nc(c(-c4ccc(S(=O)(=O)[O-])cc4)c4ccc([nH]4)c(-c4ccc(S(=O)(=O)[O-])cc4)c4nc(c(-c5ccc(S(=O)(=O)[O-])cc5)c5ccc2[nH]5)C=C4)C=C3)cc1,704.0,,
CCSC(=N)N,CCSC(=N)N,595.0,19500.0,
O=C1C=CC(=Nc2cc(Cl)c(c(c2)Cl)[O-])C=C1.O.[Na+],O.O=C1C=CC(=Nc2cc(Cl)c([O-])c(Cl)c2)C=C1.[Na+],629.0,,
OC(=O)[C@@H]1CC(=CC=[N+]2CCC[C@H]2C(=O)[O-])C=C(N1)C(=O)O,O=C(O)C1=CC(=CC=[N+]2CCC[C@H]2C(=O)[O-])C[C@@H](C(=O)O)N1,482.0,,
C[I]I,C[I]I,498.0,73200.0,
Br,Br,441.0,26300.0,
c1ccccc1,c1ccccc1,652.0,,Dimethylsulfoxide
[SeH2],[SeH2],343.0,,
COc1c(OC)cc(c(c1[n+]1c(cc(cc1c1ccccc1)c1ccccc1)c1ccccc1)OC)OC,COc1cc(OC)c(OC)c(-[n+]2c(-c3ccccc3)cc(-c3ccccc3)cc2-c2ccccc2)c1OC,310.0,,
CCCCCCCCCCCC[N+](C)(C)C.[Cl-],CCCCCCCCCCCC[N+](C)(C)C.[Cl-],536.0,,
OCCS,OCCS,485.0,,
[O-]S(=O)(=O)c1ccc2c(c1)c(c1ccccc1)c1c(c2c2ccccc2)cc(cc1)S(=O)(=O)[O-],O=S(=O)([O-])c1ccc2c(-c3ccccc3)c3cc(S(=O)(=O)[O-])ccc3c(-c3ccccc3)c2c1,268.0,,
[O-]S(=O)(=O)c1ccc2c(c1)c(c1ccccc1)c1c(c2c2ccccc2)ccc(c1)S(=O)(=O)[O-],O=S(=O)([O-])c1ccc2c(-c3ccccc3)c3ccc(S(=O)(=O)[O-])cc3c(-c3ccccc3)c2c1,268.0,,
ClC=CC1=C(C)CC(C(C1)Cl)(C)Cl,CC1=C(C=CCl)CC(Cl)C(C)(Cl)C1,721.0,,PVC
NN1CCCCC1,NN1CCCCC1,366.0,,
CC1CCCCC1,CC1CCCCC1,284.3,,Ethanol
CNC=O,CNC=O,592.0,,
CC(=CCOP(=O)(OP(=O)(O)O)O)C,CC(C)=CCOP(=O)(O)OP(=O)(O)O,479.0,,
CCOCC,CCOCC,458.0,,Methanol
C[n+]1ccccc1C=Cc1ccccc1.[I-],C[n+]1ccccc1C=Cc1ccccc1.[I-],347.0,,
NCCCN,NCCCN,453.0,,
O[C@@H]1CC[C@]2([C@@H](C1)CC([C@@H]1[C@@H]2CC[C@]2([C@H]1CC[C@@H]2[C@@H](CCC(=O)N)C)C)O)C,C[C@H](CCC(N)=O)[C@H]1CC[C@H]2[C@@H]3C(O)C[C@@H]4C[C@H](O)CC[C@]4(C)[C@H]3CC[C@]12C,284.0,,
CP,CP,405.0,,
NP,NP,402.0,,
O=[Nb]12O[Nb](=O)(O1)O2.O=[Mg].O=[Pb].O=[Pb].O=[Pb],[O]=[Mg].[O]=[Nb]12[O][Nb](=[O])([O]1)[O]2.[O]=[Pb].[O]=[Pb].[O]=[Pb],397.0,,
CCCCCCCCCCCCCC(=O)O[C@@H]1[C@@H](C)[C@@]2(O)[C@H]([C@H]3[C@]1(OC(=O)C)C3(C)C)C=C(C[C@]1([C@H]2C=C(C1=O)C)O)CO,CCCCCCCCCCCCCC(=O)O[C@@H]1[C@@H](C)[C@@]2(O)[C@@H](C=C(CO)C[C@]3(O)C(=O)C(C)=C[C@@H]23)[C@@H]2C(C)(C)[C@]12OC(C)=O,363.0,,
C=CCOC1CC(C)(C)NC(C1)(C)C,C=CCOC1CC(C)(C)NC(C)(C)C1,278.0,,
CCOC(=O)c1ccccc1c1c2cc(C)c(cc2[o+]c2c1cc(C)c(c2)NCC)NCC.[Cl-],CCNc1cc2[o+]c3cc(NCC)c(C)cc3c(-c3ccccc3C(=O)OCC)c2cc1C.[Cl-],492.5,,
[O-]P(=O)(O)O.CC[Hg+],C[CH2][Hg+].O=P([O-])(O)O,515.0,,
[O-]P1(=O)OP(=O)([O-])OP(=O)([O-])OP(=O)(OP(=O)(OP(=O)(O1)[O-])[O-])[O-].[Na+].[Na+].[Na+].[Na+].[Na+].[Na+],O=P1([O-])OP(=O)([O-])OP(=O)([O-])OP(=O)([O-])OP(=O)([O-])OP(=O)([O-])O1.[Na+].[Na+].[Na+].[Na+].[Na+].[Na+],492.0,,
NPOP,NPOP,707.0,,Toluene
NPOPOP,NPOPOP,708.0,,Toluene
P[P][Pt],P[P][Pt],571.0,,
CP[I]SO,CP[I]SO,369.0,,
CN(c1ccc(cc1)[C+](c1ccc(cc1)N(C)C)c1ccccc1)C.[Cl-],CN(C)c1ccc([C+](c2ccccc2)c2ccc(N(C)C)cc2)cc1.[Cl-],615.0,,
N#CC(=CC1=C2N(CCC1)c1c(C2(C)C)cccc1)C#N,CC1(C)C2=C(C=C(C#N)C#N)CCCN2c2ccccc21,449.0,,Hexane
N#CC(=CC=CC1=C2N(CCC1)c1c(C2(C)C)cccc1)C#N,CC1(C)C2=C(C=CC=C(C#N)C#N)CCCN2c2ccccc21,538.0,,EtOH
N#CC(=CC=CC=CC1=C2N(CCC1)c1c(C2(C)C)cccc1)C#N,CC1(C)C2=C(C=CC=CC=C(C#N)C#N)CCCN2c2ccccc21,636.0,,Hexane
CCN1C(=O)C(=CC2=C3N(CCC2)c2c(C3(C)C)cccc2)C(=O)N(C1=S)CC,CCN1C(=O)C(=CC2=C3N(CCC2)c2ccccc2C3(C)C)C(=O)N(CC)C1=S,508.0,,EtOH
CCN1C(=O)C(=CC=CC2=C3N(CCC2)c2c(C3(C)C)cccc2)C(=O)N(C1=S)CC,CCN1C(=O)C(=CC=CC2=C3N(CCC2)c2ccccc2C3(C)C)C(=O)N(CC)C1=S,599.0,,EtOH
CCN1C(=O)C(=CC=CC=CC2=C3N(CCC2)c2c(C3(C)C)cccc2)C(=O)N(C1=S)CC,CCN1C(=O)C(=CC=CC=CC2=C3N(CCC2)c2ccccc2C3(C)C)C(=O)N(CC)C1=S,702.0,,EtOH
[S][P][P][Ru],[S][P][P][Ru],580.0,,
NCCO,NCCO,592.0,,Ethanol
[Cd],[Cd],713.0,,Toluene
CC1(C)C2CCC1(C)CC2,CC12CCC(CC1)C2(C)C,637.4,,
[Ca+2],[Ca+2],305.0,,
CC1=NCCN1,CC1=NCCN1,290.0,,
c1nccs1,c1cscn1,295.0,,
C[n+]1cnc2c(c1N)[nH]cn2,C[n+]1cnc2nc[nH]c2c1N,427.0,,
CCCCCCCCCCCCCCCCOP(=O)(OCC[N+](C)(C)C)O,CCCCCCCCCCCCCCCCOP(=O)(O)OCC[N+](C)(C)C,515.0,,
CC(=C)C(=O)OCCO,C=C(C)C(=O)OCCO,604.0,,
CCC=C.C=C,C=C.C=CCC,260.0,,
[Cl],[Cl],646.0,,
O[C@@H]1CN(C)[C@H]([C@H]([C@H]1O)O)C,C[C@H]1[C@@H](O)[C@@H](O)[C@H](O)CN1C,350.0,,
c1ccc2c(c1)Cc1c2cccc1C1=C2C=CC(=N2)C(=c2ccc(=C(C3=NC(=C(c4[nH]c1cc4)c1cccc4c1Cc1c4cccc1)C=C3)c1cccc3c1Cc1c3cccc1)[nH]2)c1cccc2c1Cc1c2cccc1,C1=Cc2nc1c(-c1cccc3c1Cc1ccccc1-3)c1ccc([nH]1)c(-c1cccc3c1Cc1ccccc1-3)c1nc(c(-c3cccc4c3Cc3ccccc3-4)c3ccc([nH]3)c2-c2cccc3c2Cc2ccccc2-3)C=C1,272.0,,
[2H][2H],[2H][2H],362.0,,
CCCCCCCCCCCC,CCCCCCCCCCCC,467.0,,
IN[I][I]I,IN[I][I]I,713.0,,
Cc1ccc(cc1)S(=O)(=O)O.O=NC(=NNC=c1cccc[nH]1)N,Cc1ccc(S(=O)(=O)O)cc1.NC(N=O)=NNC=C1C=CC=CN1,404.0,,
CSC1=C(SC)SC(=c2c3cc(C=CC=Cc4ccc(cc4)[N+](=O)[O-])ccc3c(=C3SC(=C(S3)SC)SC)c3c2cccc3)S1,CSC1=C(SC)SC(=c2c3ccccc3c(=C3SC(SC)=C(SC)S3)c3cc(C=CC=Cc4ccc([N+](=O)[O-])cc4)ccc23)S1,480.0,,
CSC1=C(SC)SC(=c2c3cc(C=CC=CC=Cc4ccc(cc4)[N+](=O)[O-])ccc3c(=C3SC(=C(S3)SC)SC)c3c2cccc3)S1,CSC1=C(SC)SC(=c2c3ccccc3c(=C3SC(SC)=C(SC)S3)c3cc(C=CC=CC=Cc4ccc([N+](=O)[O-])cc4)ccc23)S1,490.0,,
CSC1=C(SC)SC(=c2c3cc(C=Cc4ccc(s4)C=Cc4ccc(cc4)[N+](=O)[O-])ccc3c(=C3SC(=C(S3)SC)SC)c3c2cccc3)S1,CSC1=C(SC)SC(=c2c3ccccc3c(=C3SC(SC)=C(SC)S3)c3cc(C=Cc4ccc(C=Cc5ccc([N+](=O)[O-])cc5)s4)ccc23)S1,500.0,,
CCCc1c(CCC)c(CCC)c2c(c1CCC)cc(cc2)c1ccc(s1)c1ccc(s1)c1ccc2c(c1)c(CCC)c(c(c2CCC)CCC)CCC,CCCc1c(CCC)c(CCC)c2cc(-c3ccc(-c4ccc(-c5ccc6c(CCC)c(CCC)c(CCC)c(CCC)c6c5)s4)s3)ccc2c1CCC,399.0,52480.74603,
N#Cc1cc(Cl)c(cc1C#N)Cl,N#Cc1cc(Cl)c(Cl)cc1C#N,706.0,,
C1COO1,C1COO1,549.0,,
COC(=O)CCC1=C(C)C2=Cc3[nH]c(c(c3CC)C)C(=C3N=C(C=c4[nH]c(=CC1=N2)c(CCC(=O)OC)c4C)C(=C3C)CC)c1cc(OC)cc(c1)OC,CCC1=C(C)c2nc1cc1[nH]c(cc3nc(cc4[nH]c(c(C)c4CC)c2-c2cc(OC)cc(OC)c2)C(C)=C3CCC(=O)OC)c(CCC(=O)OC)c1C,823.0,127000.0,PhCN
CN(c1cccc2c1cccc2C#Cc1cccc2c1cccc2C#Cc1cccc2c1cccc2C#CC#Cc1cccc2c1cccc2C#Cc1cccc2c1cccc2C#Cc1cccc2c1cccc2N(C)C)C,CN(C)c1cccc2c(C#Cc3cccc4c(C#Cc5cccc6c(C#CC#Cc7cccc8c(C#Cc9cccc%10c(C#Cc%11cccc%12c(N(C)C)cccc%11%12)cccc9%10)cccc78)cccc56)cccc34)cccc12,526.0,62800.0,
CN(c1cccc2c1cccc2C#Cc1cccc2c1cccc2C#Cc1ccc(cc1)C#Cc1cccc2c1cccc2C#Cc1cccc2c1cccc2N(C)C)C,CN(C)c1cccc2c(C#Cc3cccc4c(C#Cc5ccc(C#Cc6cccc7c(C#Cc8cccc9c(N(C)C)cccc89)cccc67)cc5)cccc34)cccc12,528.0,60300.0,
CN(c1cccc2c1cccc2C#Cc1cccc2c1cccc2C#Cc1cccc2c1cccc2C#Cc1ccc(cc1)C#Cc1cccc2c1cccc2C#Cc1cccc2c1cccc2C#Cc1cccc2c1cccc2N(C)C)C,CN(C)c1cccc2c(C#Cc3cccc4c(C#Cc5cccc6c(C#Cc7ccc(C#Cc8cccc9c(C#Cc%10cccc%11c(C#Cc%12cccc%13c(N(C)C)cccc%12%13)cccc%10%11)cccc89)cc7)cccc56)cccc34)cccc12,529.0,87500.0,
c1ccc(cc1)N(c1ccc2c(c1)C(Cc1ccc(cc1)N(c1ccccc1)c1ccccc1)(Cc1ccc(cc1)N(c1ccccc1)c1ccccc1)c1c2ccc(c1)N(c1ccccc1)c1ccccc1)c1ccccc1,c1ccc(N(c2ccccc2)c2ccc(CC3(Cc4ccc(N(c5ccccc5)c5ccccc5)cc4)c4cc(N(c5ccccc5)c5ccccc5)ccc4-c4ccc(N(c5ccccc5)c5ccccc5)cc43)cc2)cc1,366.0,,
c1ccc(cc1)N(c1cccc2c1cccc2)c1ccc2c(c1)C(Cc1ccc(cc1)N(c1cccc3c1cccc3)c1ccccc1)(Cc1ccc(cc1)N(c1cccc3c1cccc3)c1ccccc1)c1c2ccc(c1)N(c1cccc2c1cccc2)c1ccccc1,c1ccc(N(c2ccc(CC3(Cc4ccc(N(c5ccccc5)c5cccc6ccccc56)cc4)c4cc(N(c5ccccc5)c5cccc6ccccc56)ccc4-c4ccc(N(c5ccccc5)c5cccc6ccccc56)cc43)cc2)c2cccc3ccccc23)cc1,364.0,,
CCC1(CC)c2cc(ccc2c2c1cccc2)N(c1ccc2c(c1)C(Cc1ccc(cc1)N(c1ccc3c(c1)C(CC)(CC)c1c3cccc1)c1ccccc1)(Cc1ccc(cc1)N(c1ccc3c(c1)C(CC)(CC)c1c3cccc1)c1ccccc1)c1c2ccc(c1)N(c1ccc2c(c1)C(CC)(CC)c1c2cccc1)c1ccccc1)c1ccccc1,CCC1(CC)c2ccccc2-c2ccc(N(c3ccccc3)c3ccc(CC4(Cc5ccc(N(c6ccccc6)c6ccc7c(c6)C(CC)(CC)c6ccccc6-7)cc5)c5cc(N(c6ccccc6)c6ccc7c(c6)C(CC)(CC)c6ccccc6-7)ccc5-c5ccc(N(c6ccccc6)c6ccc7c(c6)C(CC)(CC)c6ccccc6-7)cc54)cc3)cc21,337.0,,
c1ccc(cc1)N(c1ccc2c3c1ccc1c3c(cc2)ccc1)c1ccc2c(c1)C(Cc1ccc(cc1)N(c1ccc3c4c1ccc1c4c(cc3)ccc1)c1ccccc1)(Cc1ccc(cc1)N(c1ccc3c4c1ccc1c4c(cc3)ccc1)c1ccccc1)c1c2ccc(c1)N(c1ccc2c3c1ccc1c3c(cc2)ccc1)c1ccccc1,c1ccc(N(c2ccc(CC3(Cc4ccc(N(c5ccccc5)c5ccc6ccc7cccc8ccc5c6c78)cc4)c4cc(N(c5ccccc5)c5ccc6ccc7cccc8ccc5c6c78)ccc4-c4ccc(N(c5ccccc5)c5ccc6ccc7cccc8ccc5c6c78)cc43)cc2)c2ccc3ccc4cccc5ccc2c3c45)cc1,378.0,,
CCn1c2ccc(cc2c2c1cccc2)N(c1ccc2c(c1)C(Cc1ccc(cc1)N(c1ccc3c(c1)c1ccccc1n3CC)c1ccccc1)(Cc1ccc(cc1)N(c1ccc3c(c1)c1ccccc1n3CC)c1ccccc1)c1c2ccc(c1)N(c1ccc2c(c1)c1ccccc1n2CC)c1ccccc1)c1ccccc1,CCn1c2ccccc2c2cc(N(c3ccccc3)c3ccc(CC4(Cc5ccc(N(c6ccccc6)c6ccc7c(c6)c6ccccc6n7CC)cc5)c5cc(N(c6ccccc6)c6ccc7c(c6)c6ccccc6n7CC)ccc5-c5ccc(N(c6ccccc6)c6ccc7c(c6)c6ccccc6n7CC)cc54)cc3)ccc21,375.0,,
C=C,C=C,557.0,,
CC=C,C=CC,562.0,,
C#Cc1c(C#Cc2ccccc2C#Cc2ccc(s2)C#Cc2ccccc2C#Cc2cc(cc(c2C#C)[Si](C)(C)C)[Si](C)(C)C)cc(cc1[Si](C)(C)C)[Si](C)(C)C,C#Cc1c(C#Cc2ccccc2C#Cc2ccc(C#Cc3ccccc3C#Cc3cc([Si](C)(C)C)cc([Si](C)(C)C)c3C#C)s2)cc([Si](C)(C)C)cc1[Si](C)(C)C,447.0,78900.0,
C[Si](C#Cc1cc(C#Cc2ccccc2C#Cc2ccccc2C#Cc2ccc(s2)C#Cc2ccccc2C#Cc2ccccc2C#Cc2cc(C#C[Si](C)(C)C)cc(c2)C#C[Si](C)(C)C)cc(c1)C#C[Si](C)(C)C)(C)C,C[Si](C)(C)C#Cc1cc(C#Cc2ccccc2C#Cc2ccccc2C#Cc2ccc(C#Cc3ccccc3C#Cc3ccccc3C#Cc3cc(C#C[Si](C)(C)C)cc(C#C[Si](C)(C)C)c3)s2)cc(C#C[Si](C)(C)C)c1,454.0,113000.0,
O=C(c1cc(=O)c2c(o1)cccc2)NCCC[N+](C)(C)C.[I-],C[N+](C)(C)CCCNC(=O)c1cc(=O)c2ccccc2o1.[I-],304.0,,
COc1ccc2c(c1)oc(cc2=O)C(=O)NCCC[N+](C)(C)C.[I-],COc1ccc2c(=O)cc(C(=O)NCCC[N+](C)(C)C)oc2c1.[I-],304.0,,
COc1ccc2c(c1)c(=O)cc(o2)C(=O)NCCC[N+](C)(C)C.[I-],COc1ccc2oc(C(=O)NCCC[N+](C)(C)C)cc(=O)c2c1.[I-],333.0,,
COc1cccc2c1c(=O)cc(o2)C(=O)NCCC[N+](C)(C)C.[I-],COc1cccc2oc(C(=O)NCCC[N+](C)(C)C)cc(=O)c12.[I-],319.0,,
COc1ccc(cc1)C1=C2C=CC(=N2)C(=c2ccc(=C(C3=NC(=C(c4[nH]c1cc4)c1cc(cc(c1)C(C)(C)C)C(C)(C)C)C=C3)c1cc(cc(c1)C(C)(C)C)C(C)(C)C)[nH]2)c1cc(cc(c1)C(C)(C)C)C(C)(C)C,COc1ccc(-c2c3nc(c(-c4cc(C(C)(C)C)cc(C(C)(C)C)c4)c4ccc([nH]4)c(-c4cc(C(C)(C)C)cc(C(C)(C)C)c4)c4nc(c(-c5cc(C(C)(C)C)cc(C(C)(C)C)c5)c5ccc2[nH]5)C=C4)C=C3)cc1,419.0,,THF
FC1(F)C(=C(C(C1(F)F)(F)F)c1ccc2c(c1)C1(c3c2cccc3)c2ccccc2c2c1cccc2)c1ccc2c(c1)C1(c3c2cccc3)c2ccccc2c2c1cccc2,FC1(F)C(c2ccc3c(c2)C2(c4ccccc4-c4ccccc42)c2ccccc2-3)=C(c2ccc3c(c2)C2(c4ccccc4-c4ccccc42)c2ccccc2-3)C(F)(F)C1(F)F,328.0,,
NCCCC[C@@H](C(=O)OC)NC(=O)C.Cl,COC(=O)[C@H](CCCCN)NC(C)=O.Cl,348.0,,Acetonitrile
OC[C@@H](C(=O)OC)NC(=O)OC(C)(C)C,COC(=O)[C@H](CO)NC(=O)OC(C)(C)C,350.0,,DMF
CN(c1cccc2c1cccc2C#Cc1cccc2c1cccc2C#Cc1cc(C#Cc2cccc3c2cccc3C#Cc2cccc3c2cccc3N(C)C)cc(c1)C#Cc1cccc2c1cccc2C#Cc1cccc2c1cccc2N(C)C)C,CN(C)c1cccc2c(C#Cc3cccc4c(C#Cc5cc(C#Cc6cccc7c(C#Cc8cccc9c(N(C)C)cccc89)cccc67)cc(C#Cc6cccc7c(C#Cc8cccc9c(N(C)C)cccc89)cccc67)c5)cccc34)cccc12,527.0,10650.0,
CN(c1cccc2c1cccc2C#Cc1cccc2c1cccc2C#Cc1cccc2c1cccc2C#Cc1cc(C#Cc2cccc3c2cccc3C#Cc2cccc3c2cccc3C#Cc2cccc3c2cccc3N(C)C)cc(c1)C#Cc1cccc2c1cccc2C#Cc1cccc2c1cccc2C#Cc1cccc2c1cccc2N(C)C)C,CN(C)c1cccc2c(C#Cc3cccc4c(C#Cc5cccc6c(C#Cc7cc(C#Cc8cccc9c(C#Cc%10cccc%11c(C#Cc%12cccc%13c(N(C)C)cccc%12%13)cccc%10%11)cccc89)cc(C#Cc8cccc9c(C#Cc%10cccc%11c(C#Cc%12cccc%13c(N(C)C)cccc%12%13)cccc%10%11)cccc89)c7)cccc56)cccc34)cccc12,530.0,96800.0,
CCn1c2ccc(cc2c2c1ccc(c2)C=Cc1ccc2c(c1)c1cc(ccc1n2CC)N(c1cccc(c1)C)c1ccccc1)N(c1cccc(c1)C)c1ccccc1,CCn1c2ccc(C=Cc3ccc4c(c3)c3cc(N(c5ccccc5)c5cccc(C)c5)ccc3n4CC)cc2c2cc(N(c3ccccc3)c3cccc(C)c3)ccc21,347.0,,
CCn1c2ccc(cc2c2c1ccc(c2)N(c1cccc2c1cccc2)c1ccccc1)C=Cc1ccc2c(c1)c1cc(ccc1n2CC)N(c1cccc2c1cccc2)c1ccccc1,CCn1c2ccc(C=Cc3ccc4c(c3)c3cc(N(c5ccccc5)c5cccc6ccccc56)ccc3n4CC)cc2c2cc(N(c3ccccc3)c3cccc4ccccc34)ccc21,344.0,,
CCn1c2ccc(cc2c2c1ccc(c2)N(c1ccc2c3c1ccc1c3c(cc2)ccc1)c1ccccc1)C=Cc1ccc2c(c1)c1cc(ccc1n2CC)N(c1ccc2c3c1ccc1c3c(cc2)ccc1)c1ccccc1,CCn1c2ccc(C=Cc3ccc4c(c3)c3cc(N(c5ccccc5)c5ccc6ccc7cccc8ccc5c6c78)ccc3n4CC)cc2c2cc(N(c3ccccc3)c3ccc4ccc5cccc6ccc3c4c56)ccc21,356.0,,
COc1ccc(cc1)N(c1ccc2c3c1ccc1c3c(cc2)ccc1)c1ccc2c(c1)c1cc(C=Cc3ccc4c(c3)c3cc(ccc3n4CC)N(c3ccc4c5c3ccc3c5c(cc4)ccc3)c3ccc(cc3)OC)ccc1n2CC,CCn1c2ccc(C=Cc3ccc4c(c3)c3cc(N(c5ccc(OC)cc5)c5ccc6ccc7cccc8ccc5c6c78)ccc3n4CC)cc2c2cc(N(c3ccc(OC)cc3)c3ccc4ccc5cccc6ccc3c4c56)ccc21,361.0,,
COC(=O)CC[C@H]([C@H]1CC[C@@H]2[C@]1(C)[C@H](C[C@H]1[C@H]2[C@@H](C[C@H]2[C@]1(C)CC[C@H](C2)C(=O)C)C(=O)c1ccc2c3c1ccc1c3c(cc2)ccc1)C(=O)c1ccc2c3c1ccc1c3c(cc2)ccc1)C,COC(=O)CC[C@@H](C)[C@H]1CC[C@H]2[C@@H]3[C@H](C(=O)c4ccc5ccc6cccc7ccc4c5c67)C[C@@H]4C[C@H](C(C)=O)CC[C@]4(C)[C@H]3C[C@H](C(=O)c3ccc4ccc5cccc6ccc3c4c56)[C@]12C,385.0,,
CCOc1c(F)c(F)c(c(c1F)F)c1c2cc3n(c(=O)n2c(=O)c1C)c(c(c3C)S(=O)(=O)[O-])C.[Na+],CCOc1c(F)c(F)c(C2=C(C)C(=O)n3c2cc2c(C)c(S(=O)(=O)[O-])c(C)n2c3=O)c(F)c1F.[Na+],444.0,,
[OH-],[OH-],515.0,,EtOH
CC(C(=O)[O-])C,CC(C)C(=O)[O-],628.0,,EtOH
[Cl-],[Cl-],634.0,,EtOH
[O-]C(=O)C,CC(=O)[O-],634.0,,EtOH
[O-]C(=O)c1ccccc1,O=C([O-])c1ccccc1,634.0,,EtOH
C1(C)c2cc(C#Cc3ccc4c(c3)c3cc(C#Cc5ccc6c(c5)C(C)(C)c5c6ccc(c5)C#Cc5ccc6c(c5)C(C)(C)c5c6ccc(c5)C#Cc5ccc6c(c5)C(C)(C)c5c6cccc5)ccc3n4c3ccc(cc3)C)ccc2c2c1cc(C#Cc1ccc3c(c1)C(C)(C)c1c3ccc(c1)C#Cc1ccc3c(c1)C(C)(C)c1c3cccc1)cc2,Cc1ccc(-n2c3ccc(C#Cc4ccc5c(c4)C(C)c4cc(C#Cc6ccc7c(c6)C(C)(C)c6cc(C#Cc8ccc9c(c8)C(C)(C)c8ccccc8-9)ccc6-7)ccc4-5)cc3c3cc(C#Cc4ccc5c(c4)C(C)(C)c4cc(C#Cc6ccc7c(c6)C(C)(C)c6cc(C#Cc8ccc9c(c8)C(C)(C)c8ccccc8-9)ccc6-7)ccc4-5)ccc32)cc1,405.0,,
C1(C)c2cc(C#Cc3ccc4c(c3)C(C)(C)c3c4ccc(c3)C#Cc3ccc(cc3)n3c4ccc(cc4c4c3ccc(c4)C#Cc3ccc4c(c3)C(C)(C)c3c4ccc(c3)C#Cc3ccc4c(c3)C(C)(C)c3c4ccc(c3)C#Cc3ccc4c(c3)C(C)(C)c3c4cccc3)C#Cc3ccc4c(c3)C(C)(C)c3c4ccc(c3)C#Cc3ccc4c(c3)C(C)(C)c3c4ccc(c3)C#Cc3ccc4c(c3)C(C)(C)c3c4cccc3)ccc2c2c1cc(C#Cc1ccc3c(c1)C(C)(C)c1c3cccc1)cc2,CC1c2cc(C#Cc3ccc4c(c3)C(C)(C)c3ccccc3-4)ccc2-c2ccc(C#Cc3ccc4c(c3)C(C)(C)c3cc(C#Cc5ccc(-n6c7ccc(C#Cc8ccc9c(c8)C(C)(C)c8cc(C#Cc%10ccc%11c(c%10)C(C)(C)c%10cc(C#Cc%12ccc%13c(c%12)C(C)(C)c%12ccccc%12-%13)ccc%10-%11)ccc8-9)cc7c7cc(C#Cc8ccc9c(c8)C(C)(C)c8cc(C#Cc%10ccc%11c(c%10)C(C)(C)c%10cc(C#Cc%12ccc%13c(c%12)C(C)(C)c%12ccccc%12-%13)ccc%10-%11)ccc8-9)ccc76)cc5)ccc3-4)cc21,404.0,,
O=C1c2cc(ccc2c2c1cc(cc2)C#Cc1ccc(cc1)C#Cc1ccc(cc1)C#C[Si](C)(C)C)C#Cc1ccc(cc1)C#Cc1ccc(cc1)C#C[Si](C)(C)C,C[Si](C)(C)C#Cc1ccc(C#Cc2ccc(C#Cc3ccc4c(c3)C(=O)c3cc(C#Cc5ccc(C#Cc6ccc(C#C[Si](C)(C)C)cc6)cc5)ccc3-4)cc2)cc1,531.0,,
C1(C)c2cc(ccc2c2c1cc(cc2)n1c2ccccc2c2c1cccc2)c1ccc(s1)c1ccc2c(c1)C(C)(C)c1c2ccc(c1)n1c2ccccc2c2c1cccc2,CC1c2cc(-c3ccc(-c4ccc5c(c4)C(C)(C)c4cc(-n6c7ccccc7c7ccccc76)ccc4-5)s3)ccc2-c2ccc(-n3c4ccccc4c4ccccc43)cc21,382.0,,
C1(C)c2cc(ccc2c2c1cc(cc2)n1c2ccccc2c2c1cccc2)c1ccc(s1)c1ccc(s1)c1ccc2c(c1)C(C)(C)c1c2ccc(c1)n1c2ccccc2c2c1cccc2,CC1c2cc(-c3ccc(-c4ccc(-c5ccc6c(c5)C(C)(C)c5cc(-n7c8ccccc8c8ccccc87)ccc5-6)s4)s3)ccc2-c2ccc(-n3c4ccccc4c4ccccc43)cc21,411.0,,
C1(C)c2cc(ccc2c2c1cc(cc2)n1c2ccccc2c2c1cccc2)c1ccc(s1)c1ccc(s1)c1ccc(s1)c1ccc2c(c1)C(C)(C)c1c2ccc(c1)n1c2ccccc2c2c1cccc2,CC1c2cc(-c3ccc(-c4ccc(-c5ccc(-c6ccc7c(c6)C(C)(C)c6cc(-n8c9ccccc9c9ccccc98)ccc6-7)s5)s4)s3)ccc2-c2ccc(-n3c4ccccc4c4ccccc43)cc21,430.0,,
C1(C)c2cc(ccc2c2c1cc(cc2)n1c2ccccc2c2c1cccc2)c1ccc(s1)c1ccc(s1)c1ccc(s1)c1ccc(s1)c1ccc2c(c1)C(C)(C)c1c2ccc(c1)n1c2ccccc2c2c1cccc2,CC1c2cc(-c3ccc(-c4ccc(-c5ccc(-c6ccc(-c7ccc8c(c7)C(C)(C)c7cc(-n9c%10ccccc%10c%10ccccc%109)ccc7-8)s6)s5)s4)s3)ccc2-c2ccc(-n3c4ccccc4c4ccccc43)cc21,446.0,,
O=C(CCc1ccc[n+](c1)C)OCCCc1c[nH]c2ccccc2ncc(c[nH]c2c(nc1)cccc2)CCCOC(=O)CCc1ccc[n+](c1)C.O.O.[Br-].[Br-],C[n+]1cccc(CCC(=O)OCCCC2=CNc3ccccc3N=CC(CCCOC(=O)CCc3ccc[n+](C)c3)=CNc3ccccc3N=C2)c1.O.O.[Br-].[Br-],447.0,,
c1cc[n+](cc1)CCCc1c[nH]c2ccccc2ncc(c[nH]c2c(nc1)cccc2)CCC[n+]1ccccc1.O.O.O.[Br-].[Br-],C1=Nc2ccccc2NC=C(CCC[n+]2ccccc2)C=Nc2ccccc2NC=C1CCC[n+]1ccccc1.O.O.O.[Br-].[Br-],427.0,,
n1ccc(cc1)c1cc[n+](cc1)CCCc1c[nH]c2ccccc2ncc(c[nH]c2c(nc1)cccc2)CCC[n+]1ccc(cc1)c1ccncc1.O.O.O.O.O.[Br-].[Br-],C1=Nc2ccccc2NC=C(CCC[n+]2ccc(-c3ccncc3)cc2)C=Nc2ccccc2NC=C1CCC[n+]1ccc(-c2ccncc2)cc1.O.O.O.O.O.[Br-].[Br-],448.0,,
C[Si](C#Cc1c2cc3cc(c(cc3cc2c(c2c1cc1cc(c(cc1c2)[Si](C)(C)C)[Si](C)(C)C)C#C[Si](C)(C)C)[Si](C)(C)C)[Si](C)(C)C)(C)C,C[Si](C)(C)C#Cc1c2cc3cc([Si](C)(C)C)c([Si](C)(C)C)cc3cc2c(C#C[Si](C)(C)C)c2cc3cc([Si](C)(C)C)c([Si](C)(C)C)cc3cc12,669.0,,
CC([Si](C(C)C)(C(C)C)C#Cc1c2cc3cc(c(cc3cc2c(c2c1cc1cc(c(cc1c2)[Si](C)(C)C)[Si](C)(C)C)C#C[Si](C(C)C)(C(C)C)C(C)C)[Si](C)(C)C)[Si](C)(C)C)C,CC(C)[Si](C#Cc1c2cc3cc([Si](C)(C)C)c([Si](C)(C)C)cc3cc2c(C#C[Si](C(C)C)(C(C)C)C(C)C)c2cc3cc([Si](C)(C)C)c([Si](C)(C)C)cc3cc12)(C(C)C)C(C)C,662.0,,
CC(C#Cc1c2cc3cc(c(cc3cc2c(c2c1cc1cc(c(cc1c2)[Si](C)(C)C)[Si](C)(C)C)C#CC(C)(C)C)[Si](C)(C)C)[Si](C)(C)C)(C)C,CC(C)(C)C#Cc1c2cc3cc([Si](C)(C)C)c([Si](C)(C)C)cc3cc2c(C#CC(C)(C)C)c2cc3cc([Si](C)(C)C)c([Si](C)(C)C)cc3cc12,655.0,,
C[Si](c1cc2cc3c(cc2cc1[Si](C)(C)C)c(C#Cc1ccccc1)c1c(c3C#Cc2ccccc2)cc2c(c1)cc(c(c2)[Si](C)(C)C)[Si](C)(C)C)(C)C,C[Si](C)(C)c1cc2cc3c(C#Cc4ccccc4)c4cc5cc([Si](C)(C)C)c([Si](C)(C)C)cc5cc4c(C#Cc4ccccc4)c3cc2cc1[Si](C)(C)C,682.0,,
C[Si](c1cc2cc3c(c4ccccc4)c4cc5cc(c(cc5cc4c(c3cc2cc1[Si](C)(C)C)c1ccccc1)[Si](C)(C)C)[Si](C)(C)C)(C)C,C[Si](C)(C)c1cc2cc3c(-c4ccccc4)c4cc5cc([Si](C)(C)C)c([Si](C)(C)C)cc5cc4c(-c4ccccc4)c3cc2cc1[Si](C)(C)C,627.0,,
Cc1ccc(cc1)c1c2cc3cc(c(cc3cc2c(c2c1cc1cc(c(cc1c2)[Si](C)(C)C)[Si](C)(C)C)c1ccc(cc1)C)[Si](C)(C)C)[Si](C)(C)C,Cc1ccc(-c2c3cc4cc([Si](C)(C)C)c([Si](C)(C)C)cc4cc3c(-c3ccc(C)cc3)c3cc4cc([Si](C)(C)C)c([Si](C)(C)C)cc4cc23)cc1,630.0,,
COc1ccc(cc1)Cc1c2cc3cc(c(cc3cc2c(c2c1cc1cc(c(cc1c2)[Si](C)(C)C)[Si](C)(C)C)Cc1ccc(cc1)OC)[Si](C)(C)C)[Si](C)(C)C,COc1ccc(Cc2c3cc4cc([Si](C)(C)C)c([Si](C)(C)C)cc4cc3c(Cc3ccc(OC)cc3)c3cc4cc([Si](C)(C)C)c([Si](C)(C)C)cc4cc23)cc1,629.0,,
N#Cc1ccc(cc1)c1c2cc3cc(c(cc3cc2c(c2c1cc1cc(c(cc1c2)[Si](C)(C)C)[Si](C)(C)C)c1ccc(cc1)C#N)[Si](C)(C)C)[Si](C)(C)C,C[Si](C)(C)c1cc2cc3c(-c4ccc(C#N)cc4)c4cc5cc([Si](C)(C)C)c([Si](C)(C)C)cc5cc4c(-c4ccc(C#N)cc4)c3cc2cc1[Si](C)(C)C,630.0,,
CC1=CC=CC(C1)(C)c1c2cc3cc(c(cc3cc2c(c2c1cc1cc(c(cc1c2)[Si](C)(C)C)[Si](C)(C)C)C1(C)C=CC=C(C1)C)[Si](C)(C)C)[Si](C)(C)C,CC1=CC=CC(C)(c2c3cc4cc([Si](C)(C)C)c([Si](C)(C)C)cc4cc3c(C3(C)C=CC=C(C)C3)c3cc4cc([Si](C)(C)C)c([Si](C)(C)C)cc4cc23)C1,632.0,,
C[Si](c1cc2cc3c(c4cccs4)c4cc5cc(c(cc5cc4c(c3cc2cc1[Si](C)(C)C)c1cccs1)[Si](C)(C)C)[Si](C)(C)C)(C)C,C[Si](C)(C)c1cc2cc3c(-c4cccs4)c4cc5cc([Si](C)(C)C)c([Si](C)(C)C)cc5cc4c(-c4cccs4)c3cc2cc1[Si](C)(C)C,634.0,,
C[Si](c1ccc(s1)c1c2cc3cc(c(cc3cc2c(c2c1cc1cc(c(cc1c2)[Si](C)(C)C)[Si](C)(C)C)c1ccc(s1)[Si](C)(C)C)[Si](C)(C)C)[Si](C)(C)C)(C)C,C[Si](C)(C)c1ccc(-c2c3cc4cc([Si](C)(C)C)c([Si](C)(C)C)cc4cc3c(-c3ccc([Si](C)(C)C)s3)c3cc4cc([Si](C)(C)C)c([Si](C)(C)C)cc4cc23)s1,635.0,,
O=C(Nc1ccc2c(c1)c(C)nc1c2cccc1)NCCNC(=O)Nc1ccc2c(c1)c(C)nc1c2cccc1.O.O.O,Cc1nc2ccccc2c2ccc(NC(=O)NCCNC(=O)Nc3ccc4c(c3)c(C)nc3ccccc34)cc12.O.O.O,264.0,,
O=C(Nc1ccc2c(c1)c(C)nc1c2cccc1)NCCCCCCNC(=O)Nc1ccc2c(c1)c(C)nc1c2cccc1.O.O.O,Cc1nc2ccccc2c2ccc(NC(=O)NCCCCCCNC(=O)Nc3ccc4c(c3)c(C)nc3ccccc34)cc12.O.O.O,265.0,,
CCN(c1ccc(cc1)N=Nc1ncc(s1)C=Cc1sc2c([n+]1CC)cccc2)CC.[I-],CCN(CC)c1ccc(N=Nc2ncc(C=Cc3sc4ccccc4[n+]3CC)s2)cc1.[I-],690.0,,MeOH
CCCCCC[n+]1c(C=Cc2cnc(s2)N=Nc2ccc(cc2)N(CC)CC)sc2c1cccc2.[I-],CCCCCC[n+]1c(C=Cc2cnc(N=Nc3ccc(N(CC)CC)cc3)s2)sc2ccccc21.[I-],693.0,,MeOH
CCN(c1ccc(cc1)N=Nc1ncc(s1)C=Cc1sc2c([n+]1CC)cc(cc2)I)CC.[I-],CCN(CC)c1ccc(N=Nc2ncc(C=Cc3sc4ccc(I)cc4[n+]3CC)s2)cc1.[I-],708.0,,MeOH
CCN(c1ccc(cc1)N=Nc1ncc(s1)C=Cc1sc2c([n+]1CC)ccc(c2)I)CC.[I-],CCN(CC)c1ccc(N=Nc2ncc(C=Cc3sc4cc(I)ccc4[n+]3CC)s2)cc1.[I-],711.0,,MeOH
CCN(c1ccc(cc1)N=Nc1ncc([se]1)C=Cc1sc2c([n+]1CC)cccc2)CC.[I-],CCN(CC)c1ccc(N=Nc2ncc(C=Cc3sc4ccccc4[n+]3CC)[se]2)cc1.[I-],693.0,,MeOH
CCN(c1ccc(cc1)N=Nc1ncc(s1)C=CC1=[N+](CC)c2c(C1(C)C)cccc2)CC.[I-],CCN(CC)c1ccc(N=Nc2ncc(C=CC3=[N+](CC)c4ccccc4C3(C)C)s2)cc1.[I-],729.0,,MeOH
CCN(c1ccc(cc1)N=Nc1ncc(s1)C=Cc1ccc2c([n+]1CC)cccc2)CC.[I-],CCN(CC)c1ccc(N=Nc2ncc(C=Cc3ccc4ccccc4[n+]3CC)s2)cc1.[I-],657.0,,MeOH
CCN(c1ccc(cc1)N=Nc1ncc(s1)C=Cc1cc[n+](c2c1cccc2)CC)CC.[I-],CCN(CC)c1ccc(N=Nc2ncc(C=Cc3cc[n+](CC)c4ccccc34)s2)cc1.[I-],648.0,,MeOH
N#CC(=Cc1ccc(s1)c1cc2c(s1)cc(cc2)N(c1ccc2c(c1)C(C)(C)c1c2cccc1)c1ccc2c(c1)C(C)(C)c1c2cccc1)C(=O)O,CC1(C)c2ccccc2-c2ccc(N(c3ccc4c(c3)C(C)(C)c3ccccc3-4)c3ccc4cc(-c5ccc(C=C(C#N)C(=O)O)s5)sc4c3)cc21,456.0,,
N#CC(=Cc1ccc(s1)C=Cc1cc2c(s1)cc(cc2)N(c1ccc2c(c1)C(C)(C)c1c2cccc1)c1ccc2c(c1)C(C)(C)c1c2cccc1)C(=O)O,CC1(C)c2ccccc2-c2ccc(N(c3ccc4c(c3)C(C)(C)c3ccccc3-4)c3ccc4cc(C=Cc5ccc(C=C(C#N)C(=O)O)s5)sc4c3)cc21,476.0,,
CC(c1ccc2c(c1)c1cc(ccc1n2c1ccc(cc1)C1(c2ccc(cc2)n2c3ccc(cc3c3c2ccc(c3)C(C)(C)C)C(C)(C)C)c2ccccc2c2c1cccc2)C(C)(C)C)(C)C,CC(C)(C)c1ccc2c(c1)c1cc(C(C)(C)C)ccc1n2-c1ccc(C2(c3ccc(-n4c5ccc(C(C)(C)C)cc5c5cc(C(C)(C)C)ccc54)cc3)c3ccccc3-c3ccccc32)cc1,430.0,,dichloromethane
CC(c1ccc2c(c1)C(c1ccc(cc1)n1c3ccccc3c3c1cccc3)(c1ccc(cc1)n1c3ccccc3c3c1cccc3)c1c2ccc(c1)C(C)(C)C)(C)C,CC(C)(C)c1ccc2c(c1)C(c1ccc(-n3c4ccccc4c4ccccc43)cc1)(c1ccc(-n3c4ccccc4c4ccccc43)cc1)c1cc(C(C)(C)C)ccc1-2,436.0,,dichloromethane
CC(=O)C(Cl)C,CC(=O)C(C)Cl,334.0,,
O=C1Cc2c(C1Cl)cccc2,O=C1Cc2ccccc2C1Cl,337.0,,
BrCc1cc(CBr)c(cc1CBr)CBr,BrCc1cc(CBr)c(CBr)cc1CBr,385.0,,
Oc1cccc2c1nc(OCc1cc(COc3ccc4c(n3)c(O)ccc4)c(cc1COc1ccc3c(n1)c(O)ccc3)COc1ccc3c(n1)c(O)ccc3)cc2,Oc1cccc2ccc(OCc3cc(COc4ccc5cccc(O)c5n4)c(COc4ccc5cccc(O)c5n4)cc3COc3ccc4cccc(O)c4n3)nc12,432.0,,
COc1cc(C#Cc2cc(C#Cc3cc(OC)c(c(c3)OC)OC)nc(n2)C#Cc2cc(OC)c(c(c2)OC)OC)cc(c1OC)OC,COc1cc(C#Cc2cc(C#Cc3cc(OC)c(OC)c(OC)c3)nc(C#Cc3cc(OC)c(OC)c(OC)c3)n2)cc(OC)c1OC,368.0,,chloroform
Cc1cc2[nH]cc(CCC[n+]3ccccc3)cnc3cc(C)c(cc3[nH]cc(cnc2cc1C)CCC[n+]1ccccc1)C.O.[Br-].[Br-],Cc1cc2c(cc1C)NC=C(CCC[n+]1ccccc1)C=Nc1cc(C)c(C)cc1NC=C(CCC[n+]1ccccc1)C=N2.O.[Br-].[Br-],438.0,,
O=C(c1ccccc1OCCC[n+]1ccccc1)c1c[nH]c2ccccc2ncc(c[nH]c2c(nc1)cccc2)C(=O)c1ccccc1OCCC[n+]1ccccc1.O.O.[Br-].[Br-],O.O.O=C(C1=CNc2ccccc2N=CC(C(=O)c2ccccc2OCCC[n+]2ccccc2)=CNc2ccccc2N=C1)c1ccccc1OCCC[n+]1ccccc1.[Br-].[Br-],346.0,,
Cc1cc(sc1c1sc(c2c1cccc2)c1c(C)sc2c1cccc2)c1cc(c(s1)c1sc(c2c1cccc2)c1c(C)sc2c1cccc2)C,Cc1cc(-c2cc(C)c(-c3sc(-c4c(C)sc5ccccc45)c4ccccc34)s2)sc1-c1sc(-c2c(C)sc3ccccc23)c2ccccc12,635.0,,CH 2 Cl
Cc1cc(sc1c1sc(c2c1cccc2)c1ccc2c(c1)c1ccccc1n2C)c1cc(c(s1)c1sc(c2c1cccc2)c1ccc2c(c1)c1ccccc1n2C)C,Cc1cc(-c2cc(C)c(-c3sc(-c4ccc5c(c4)c4ccccc4n5C)c4ccccc34)s2)sc1-c1sc(-c2ccc3c(c2)c2ccccc2n3C)c2ccccc12,497.0,,CH 2 Cl
C(Cn1c2ccc(cc2c2c1cccc2)c1sc(c2c1cccc2)c1ccc(s1)c1ccc(s1)c1sc(c2c1cccc2)c1ccc2c(c1)c1ccccc1n2CC(C)CC)CC,CCCCn1c2ccccc2c2cc(-c3sc(-c4ccc(-c5ccc(-c6sc(-c7ccc8c(c7)c7ccccc7n8CC(C)CC)c7ccccc67)s5)s4)c4ccccc34)ccc21,492.0,,CH 2 Cl
c1ccc(cc1)n1c2ccc(cc2c2c1cccc2)c1sc(c2c1cccc2)c1ccc(s1)c1ccc(s1)c1sc(c2c1cccc2)c1ccc2c(c1)c1ccccc1n2c1ccccc1,c1ccc(-n2c3ccccc3c3cc(-c4sc(-c5ccc(-c6ccc(-c7sc(-c8ccc9c(c8)c8ccccc8n9-c8ccccc8)c8ccccc78)s6)s5)c5ccccc45)ccc32)cc1,498.0,,CH 2 Cl
Cc1cc(sc1c1sc(c2c1cccc2)c1ccc2c(c1)oc1c2cccc1)c1cc(c(s1)c1sc(c2c1cccc2)c1ccc2c(c1)oc1c2cccc1)C,Cc1cc(-c2cc(C)c(-c3sc(-c4ccc5c(c4)oc4ccccc45)c4ccccc34)s2)sc1-c1sc(-c2ccc3c(c2)oc2ccccc23)c2ccccc12,505.0,,CH 2 Cl
Cc1cc(sc1c1sc(c2c1cccc2)c1ccc2c(c1)sc1c2cccc1)c1cc(c(s1)c1sc(c2c1cccc2)c1ccc2c(c1)sc1c2cccc1)C,Cc1cc(-c2cc(C)c(-c3sc(-c4ccc5c(c4)sc4ccccc45)c4ccccc34)s2)sc1-c1sc(-c2ccc3c(c2)sc2ccccc23)c2ccccc12,510.0,,CH 2 Cl
CCOC(=O)N,CCOC(N)=O,323.0,,
N#CC(=Cc1ccc(cc1)N(c1ccccc1)c1ccc(cc1)c1ccc(s1)c1ccc(s1)c1ccc(cc1)C=C(c1ccc(cc1)N(C)C)c1ccc(cc1)N(C)C)C(=O)O,CN(C)c1ccc(C(=Cc2ccc(-c3ccc(-c4ccc(-c5ccc(N(c6ccccc6)c6ccc(C=C(C#N)C(=O)O)cc6)cc5)s4)s3)cc2)c2ccc(N(C)C)cc2)cc1,434.0,,
N#CC(=Cc1ccc(s1)c1ccc(cc1)N(c1ccccc1)c1ccc(cc1)c1ccc(cc1)C=C(c1ccc(cc1)N(C)C)c1ccc(cc1)N(C)C)C(=O)O,CN(C)c1ccc(C(=Cc2ccc(-c3ccc(N(c4ccccc4)c4ccc(-c5ccc(C=C(C#N)C(=O)O)s5)cc4)cc3)cc2)c2ccc(N(C)C)cc2)cc1,463.0,,
C(Cn1c2ccc(cc2c2c1ccc(c2)c1ccc(s1)n1c2ccccc2c2c1cccc2)c1ccc(s1)n1c2ccccc2c2c1cccc2)CC,CCCCn1c2ccc(-c3ccc(-n4c5ccccc5c5ccccc54)s3)cc2c2cc(-c3ccc(-n4c5ccccc5c5ccccc54)s3)ccc21,323.0,,
C(COc1cc(c(cc1c1ccc(s1)n1c2ccccc2c2c1cccc2)OCC(C)CC)c1ccc(s1)n1c2ccccc2c2c1cccc2)CC,CCCCOc1cc(-c2ccc(-n3c4ccccc4c4ccccc43)s2)c(OCC(C)CC)cc1-c1ccc(-n2c3ccccc3c3ccccc32)s1,381.0,,
OC(=O)CN1C(=S)SC(=Cc2ccc(s2)c2ccc(s2)c2ccc3c(c2)c2ccccc2n3c2ccc3c(c2)C(C)(C)c2c3cccc2)C1=O,CC1(C)c2ccccc2-c2ccc(-n3c4ccccc4c4cc(-c5ccc(-c6ccc(C=C7SC(=S)N(CC(=O)O)C7=O)s6)s5)ccc43)cc21,490.0,,
N#CC(=Cc1ccc2c(c1)C1(c3c2ccc(c3)N(c2ccc3c(c2)C(C)(C)c2c3cccc2)c2ccc3c(c2)C(C)(C)c2c3cccc2)c2ccccc2c2c1cccc2)C(=O)O,CC1(C)c2ccccc2-c2ccc(N(c3ccc4c(c3)C(C)(C)c3ccccc3-4)c3ccc4c(c3)C3(c5ccccc5-c5ccccc53)c3cc(C=C(C#N)C(=O)O)ccc3-4)cc21,427.0,,
N#CC(=Cc1ccc(cc1)c1ccc2c(c1)C1(c3c2ccc(c3)N(c2ccc3c(c2)C(C)(C)c2c3cccc2)c2ccc3c(c2)C(C)(C)c2c3cccc2)c2ccccc2c2c1cccc2)C(=O)O,CC1(C)c2ccccc2-c2ccc(N(c3ccc4c(c3)C(C)(C)c3ccccc3-4)c3ccc4c(c3)C3(c5ccccc5-c5ccccc53)c3cc(-c5ccc(C=C(C#N)C(=O)O)cc5)ccc3-4)cc21,410.0,,
N#CC(=Cc1ccc(s1)c1ccc2c(c1)C1(c3c2ccc(c3)N(c2ccc3c(c2)C(C)(C)c2c3cccc2)c2ccc3c(c2)C(C)(C)c2c3cccc2)c2ccccc2c2c1cccc2)C(=O)O,CC1(C)c2ccccc2-c2ccc(N(c3ccc4c(c3)C(C)(C)c3ccccc3-4)c3ccc4c(c3)C3(c5ccccc5-c5ccccc53)c3cc(-c5ccc(C=C(C#N)C(=O)O)s5)ccc3-4)cc21,428.0,,
N#CC1CC(N2C1C=CC=N2)C(=O)N,N#CC1CC(C(N)=O)N2N=CC=CC12,442.0,,ethanol
N#CC(=C1c2cc(cnc2c2c1cccn2)n1c2ccc(cc2c2c1ccc(c2)C1(c2ccccc2)c2ccccc2c2c1cccc2)C1(c2ccccc2)c2ccccc2c2c1cccc2)C#N,N#CC(C#N)=C1c2cccnc2-c2ncc(-n3c4ccc(C5(c6ccccc6)c6ccccc6-c6ccccc65)cc4c4cc(C5(c6ccccc6)c6ccccc6-c6ccccc65)ccc43)cc21,361.0,,
CCCCC,CCCCC,556.0,,Pentane
CCC1(CC)c2cc(ccc2c2c1cccc2)c1sc(c2c1cccc2)c1ccc(s1)c1ccc(s1)c1sc(c2c1cccc2)c1ccc2c(c1)C(CC)(CC)c1c2cccc1,CCC1(CC)c2ccccc2-c2ccc(-c3sc(-c4ccc(-c5ccc(-c6sc(-c7ccc8c(c7)C(CC)(CC)c7ccccc7-8)c7ccccc67)s5)s4)c4ccccc34)cc21,495.0,,CH 2 Cl
N#CC(=C1C=C(C=Cc2cc(c3cccs3)c(cc2c2cccs2)C=Cc2ccc(cc2)N(c2ccccc2)c2ccccc2)CC(C1)(C)C)C#N,CC1(C)CC(C=Cc2cc(-c3cccs3)c(C=Cc3ccc(N(c4ccccc4)c4ccccc4)cc3)cc2-c2cccs2)=CC(=C(C#N)C#N)C1,464.0,,DMF
C#CCN(CC#Cc1nn(c2c1c(=O)[nH]c(n2)NC(=O)C(C)C)[C@H]1C[C@@H]([C@H](O1)COC(c1ccc(cc1)OC)(c1ccc(cc1)OC)c1ccccc1)O)CC#C,C#CCN(CC#C)CC#Cc1nn([C@H]2C[C@H](O)[C@@H](COC(c3ccccc3)(c3ccc(OC)cc3)c3ccc(OC)cc3)O2)c2nc(NC(=O)C(C)C)[nH]c(=O)c12,274.0,,methanol
Cc1cc(sc1c1ccc(s1)c1ccc(s1)c1sccc1C)C=Cc1sc(c(c1)C)c1ccc(s1)c1ccc(s1)c1sccc1C,Cc1ccsc1-c1ccc(-c2ccc(-c3sc(C=Cc4cc(C)c(-c5ccc(-c6ccc(-c7sccc7C)s6)s5)s4)cc3C)s2)s1,546.0,,
Cc1cc(sc1c1ccc(s1)c1ccc(s1)c1sccc1C)CCc1sc(c(c1)C)c1ccc(s1)c1ccc(s1)c1sccc1C,Cc1ccsc1-c1ccc(-c2ccc(-c3sc(CCc4cc(C)c(-c5ccc(-c6ccc(-c7sccc7C)s6)s5)s4)cc3C)s2)s1,458.0,,
C1(C)c2cc(ccc2c2c1cc(cc2)c1nc2cc(C=Cc3ccc(cc3)N(c3ccc(cc3)C=Cc3ccc4c(c3)nc(c(n4)c3ccc4c(c3)C(C)(C)c3c4ccc(c3)N(c3ccccc3)c3ccccc3)c3ccc4c(c3)C(C)(C)c3c4ccc(c3)N(c3ccccc3)c3ccccc3)c3ccc(cc3)C=Cc3ccc4c(c3)nc(c(n4)c3ccc4c(c3)C(C)(C)c3c4ccc(c3)N(c3ccccc3)c3ccccc3)c3ccc4c(c3)C(C)(C)c3c4ccc(c3)N(c3ccccc3)c3ccccc3)ccc2nc1c1ccc2c(c1)C(C)(C)c1c2ccc(c1)N(c1ccccc1)c1ccccc1)N(c1ccccc1)c1ccccc1,CC1c2cc(-c3nc4cc(C=Cc5ccc(N(c6ccc(C=Cc7ccc8nc(-c9ccc%10c(c9)C(C)(C)c9cc(N(c%11ccccc%11)c%11ccccc%11)ccc9-%10)c(-c9ccc%10c(c9)C(C)(C)c9cc(N(c%11ccccc%11)c%11ccccc%11)ccc9-%10)nc8c7)cc6)c6ccc(C=Cc7ccc8nc(-c9ccc%10c(c9)C(C)(C)c9cc(N(c%11ccccc%11)c%11ccccc%11)ccc9-%10)c(-c9ccc%10c(c9)C(C)(C)c9cc(N(c%11ccccc%11)c%11ccccc%11)ccc9-%10)nc8c7)cc6)cc5)ccc4nc3-c3ccc4c(c3)C(C)(C)c3cc(N(c5ccccc5)c5ccccc5)ccc3-4)ccc2-c2ccc(N(c3ccccc3)c3ccccc3)cc21,571.0,,THF
CCCCCCCCCCCCNc1cc2oc3cc(=[N+](CC)CC)ccc3nc2c2c1cccc2.[Cl-],CCCCCCCCCCCCNc1cc2oc3cc(=[N+](CC)CC)ccc-3nc2c2ccccc12.[Cl-],638.0,,
CCCCCCCCCCCCNc1cc2oc3cc(=[N+](C)C)ccc3nc2c2c1cccc2.[Cl-],CCCCCCCCCCCCNc1cc2oc3cc(=[N+](C)C)ccc-3nc2c2ccccc12.[Cl-],629.0,,
O=C1CSC(=S)N1.CC(=O)O,CC(=O)O.O=C1CSC(=S)N1,550.0,,
CC1(C)c2cc(ccc2c2c1cccc2)[S]1C=CC2=C3C(=CCS3(c3ccccc3)c3cccc(c3)c3ccc4c(c3)C(C)(C)c3c4cccc3)[SiH]=C12,CC1(C)c2ccccc2-c2ccc(-c3cccc(S4(c5ccccc5)CC=C5[SiH]=C6C(=C54)C=C[S]6c4ccc5c(c4)C(C)(C)c4ccccc4-5)c3)cc21,436.0,,
c1ccc(cc1)n1c2ccccc2c2c1ccc(c2)[S]1C=CC2=C3C(=CCS3(c3ccccc3)c3cccc(c3)c3ccc4c(c3)c3ccccc3n4c3ccccc3)[SiH]=C12,C1=C[S](c2ccc3c(c2)c2ccccc2n3-c2ccccc2)C2=[SiH]C3=CCS(c4ccccc4)(c4cccc(-c5ccc6c(c5)c5ccccc5n6-c5ccccc5)c4)C3=C12,427.0,,
c1ccc(cc1)N(c1ccccc1)c1ccc(cc1)n1ccc2c1nc(nc2c1ccc(cc1)n1c2ccccc2c2c1cccc2)c1ccc(cc1)n1c2ccccc2c2c1cccc2,c1ccc(N(c2ccccc2)c2ccc(-n3ccc4c(-c5ccc(-n6c7ccccc7c7ccccc76)cc5)nc(-c5ccc(-n6c7ccccc7c7ccccc76)cc5)nc43)cc2)cc1,341.0,,
N#CC(=Cc1ccc2c3c1cccc3c1c2c(c2ccc(cc2)N(c2ccccc2)c2ccccc2)c2c(c1c1ccc(cc1)N(c1ccccc1)c1ccccc1)cccc2)C(=O)O,N#CC(=Cc1ccc2c3c(cccc13)-c1c-2c(-c2ccc(N(c3ccccc3)c3ccccc3)cc2)c2ccccc2c1-c1ccc(N(c2ccccc2)c2ccccc2)cc1)C(=O)O,608.0,,
N#CC(=Cc1ccc(s1)c1ccc2c3c1cccc3c1c2c(c2ccc(cc2)N(c2ccccc2)c2ccccc2)c2c(c1c1ccc(cc1)N(c1ccccc1)c1ccccc1)cccc2)C(=O)O,N#CC(=Cc1ccc(-c2ccc3c4c(cccc24)-c2c-3c(-c3ccc(N(c4ccccc4)c4ccccc4)cc3)c3ccccc3c2-c2ccc(N(c3ccccc3)c3ccccc3)cc2)s1)C(=O)O,611.0,,
[CH-]1C=CC=C1.N#CC(=Cc1ccc(cc1)C#C[C-]1C=CC=C1)C#N.[Fe+2],N#CC(C#N)=Cc1ccc(C#C[c-]2cccc2)cc1.[Fe+2].c1cc[cH-]c1,520.0,7865.0,
[CH-]1C=CC=C1.O=C1C(=Cc2ccc(cc2)C#C[C-]2C=CC=C2)Cc2c1cccc2.[Fe+2],O=C1C(=Cc2ccc(C#C[c-]3cccc3)cc2)Cc2ccccc21.[Fe+2].c1cc[cH-]c1,470.0,7267.0,
[CH-]1C=CC=C1.O=C1C(=Cc2ccc(cc2)C#C[C-]2C=CC=C2)C(=O)c2c1cccc2.[Fe+2],O=C1C(=Cc2ccc(C#C[c-]3cccc3)cc2)C(=O)c2ccccc21.[Fe+2].c1cc[cH-]c1,515.0,4477.0,
[CH-]1C=CC=C1.N#CC(=C=Cc1ccc(cc1)C#C[C-]1C=CC=C1)C(=O)O.[Fe+2],N#CC(=C=Cc1ccc(C#C[c-]2cccc2)cc1)C(=O)O.[Fe+2].c1cc[cH-]c1,492.0,26969.0,
NC(=O)C[C@@H](C(=O)O)N,NC(=O)C[C@H](N)C(=O)O,274.0,,
c1cnno1,c1conn1,294.0,,chloroform
[S-]C(=[Se])C1CCCCC1.CCCC[N+](CCCC)(CCCC)CCCC,CCCC[N+](CCCC)(CCCC)CCCC.[S-]C(=[Se])C1CCCCC1,522.0,,
[S-]C(=[Se])C12CC3CC(C2)CC(C1)C3.CCCC[N+](CCCC)(CCCC)CCCC,CCCC[N+](CCCC)(CCCC)CCCC.[S-]C(=[Se])C12CC3CC(CC(C3)C1)C2,575.0,,
[O-]C(=O)NC,CNC(=O)[O-],446.0,,
[O-]C(=O)NCCC,CCCNC(=O)[O-],446.0,,
CC(CCC[C@H]([C@H]1CC[C@@H]2[C@]1(C)CC[C@H]1[C@H]2CC=C2[C@]1(C)CCC(C2)OC(=O)OCc1ccc2c3c1cccc3c1c3c2cccc3ccc1)C)C,CC(C)CCC[C@@H](C)[C@H]1CC[C@H]2[C@@H]3CC=C4CC(OC(=O)OCc5ccc6c7cccc8cccc(c9cccc5c96)c87)CC[C@]4(C)[C@H]3CC[C@]12C,447.0,,
Cc1cc(sc1c1ccc(s1)c1ccc(s1)c1sc(cc1C)c1ccc(cc1)N(c1ccccc1)c1ccccc1)C=C1C(=O)N(CC(C)CC)C(=O)C(=C1C)C#N,CCC(C)CN1C(=O)C(=Cc2cc(C)c(-c3ccc(-c4ccc(-c5sc(-c6ccc(N(c7ccccc7)c7ccccc7)cc6)cc5C)s4)s3)s2)C(C)=C(C#N)C1=O,868.0,,
Cc1cc(sc1c1ccc(s1)c1ccc(s1)c1sc(cc1C)C=C1C(=O)c2c(C1=C(C#N)C#N)cccc2)c1ccc(cc1)N(c1ccccc1)c1ccccc1,Cc1cc(C=C2C(=O)c3ccccc3C2=C(C#N)C#N)sc1-c1ccc(-c2ccc(-c3sc(-c4ccc(N(c5ccccc5)c5ccccc5)cc4)cc3C)s2)s1,900.0,,
BrCCCC1=C(OC)C(=CC(=CC[N+](=O)[O-])C1)CCCBr,COC1=C(CCCBr)CC(=CC[N+](=O)[O-])C=C1CCCBr,331.0,,
N#CCC=C1CC(=C(C(=C1)CCCBr)OC)CCCBr,COC1=C(CCCBr)CC(=CCC#N)C=C1CCCBr,332.0,,
BrCCCC1=C(OC)C(=CC(=CCBr)C1)CCCBr,COC1=C(CCCBr)CC(=CCBr)C=C1CCCBr,269.0,,
Cn1c2ccc(cc2c2c1cc1c(c2)n(c2c1cc(C=Cc1ccc(cc1)c1nc3c(s1)cccc3)cc2)C)C=Cc1ccc(cc1)c1nc2c(s1)cccc2,Cn1c2ccc(C=Cc3ccc(-c4nc5ccccc5s4)cc3)cc2c2cc3c(cc21)c1cc(C=Cc2ccc(-c4nc5ccccc5s4)cc2)ccc1n3C,408.0,,
C1(C)c2cc(ccc2c2c1cccc2)c1c2ccccc2c(c2c1cccc2)c1ccc(s1)c1ccc(s1)c1c2ccccc2c(c2c1cccc2)c1ccc2c(c1)C(C)(C)c1c2cccc1,CC1c2ccccc2-c2ccc(-c3c4ccccc4c(-c4ccc(-c5ccc(-c6c7ccccc7c(-c7ccc8c(c7)C(C)(C)c7ccccc7-8)c7ccccc67)s5)s4)c4ccccc34)cc21,402.0,,
C1(C)c2cc(ccc2c2c1cc(cc2)c1c2ccccc2c(c2c1cccc2)c1ccc(cc1)N(c1ccccc1)c1ccccc1)c1c2ccccc2c(c2c1cccc2)c1ccc(cc1)N(c1ccccc1)c1ccccc1,CC1c2cc(-c3c4ccccc4c(-c4ccc(N(c5ccccc5)c5ccccc5)cc4)c4ccccc34)ccc2-c2ccc(-c3c4ccccc4c(-c4ccc(N(c5ccccc5)c5ccccc5)cc4)c4ccccc34)cc21,400.0,,
Cc1ccc(cc1)n1c(nc2c1c1ccccc1c1c2cccc1)c1ccc(cc1)c1ccc(cc1)c1ccc(s1)c1ccc(s1)C=C(C(=O)O)C#N,Cc1ccc(-n2c(-c3ccc(-c4ccc(-c5ccc(-c6ccc(C=C(C#N)C(=O)O)s6)s5)cc4)cc3)nc3c4ccccc4c4ccccc4c32)cc1,369.0,,
[CH-]1C=CC=C1.CC(OC1=C([C-]2C=CC=C2)C(=O)c2c(C1=O)cccc2)C.[Fe+2],CC(C)OC1=C([c-]2cccc2)C(=O)c2ccccc2C1=O.[Fe+2].c1cc[cH-]c1,693.0,27542.28703,
[CH-]1C=CC=C1.CC(OC1=C([C-]2C=CC=C2)C(=O)c2c(C1=O)ccc(c2)Br)C.[Fe+2],CC(C)OC1=C([c-]2cccc2)C(=O)c2cc(Br)ccc2C1=O.[Fe+2].c1cc[cH-]c1,723.0,36307.80548,
[CH-]1C=CC=C1.CC(OC1=C([C-]2C=CC=C2)C(=O)c2c(C1=O)ccc(c2)C(F)(F)F)C.[Fe+2],CC(C)OC1=C([c-]2cccc2)C(=O)c2cc(C(F)(F)F)ccc2C1=O.[Fe+2].c1cc[cH-]c1,740.0,38018.93963,
[CH-]1C=CC=C1.COc1ccc2c(c1)C(=O)C(=C(C2=O)OC(C)C)[C-]1C=CC=C1.[Fe+2],COc1ccc2c(c1)C(=O)C([c-]1cccc1)=C(OC(C)C)C2=O.[Fe+2].c1cc[cH-]c1,681.0,27542.28703,
[CH-]1C=CC=C1.CC(OC1=C([C-]2C=CC=C2)C(=O)c2c(C1=O)cc1c(c2)OCO1)C.[Fe+2],CC(C)OC1=C([c-]2cccc2)C(=O)c2cc3c(cc2C1=O)OCO3.[Fe+2].c1cc[cH-]c1,691.0,33113.11215,
[CH-]1C=CC=C1.CC(OC1=C([C-]2C=CC=C2)C(=O)c2c(C1=O)cc1OCCOc1c2)C.[Fe+2],CC(C)OC1=C([c-]2cccc2)C(=O)c2cc3c(cc2C1=O)OCCO3.[Fe+2].c1cc[cH-]c1,677.0,45708.81896,
[CH-]1C=CC=C1.CCCCC1(CCCC)c2cc3C(=O)C(=C(C(=O)c3cc2c2c1cc(Br)cc2)[C-]1C=CC=C1)OC(C)C.[Fe+2],CCCCC1(CCCC)c2cc(Br)ccc2-c2cc3c(cc21)C(=O)C(OC(C)C)=C([c-]1cccc1)C3=O.[Fe+2].c1cc[cH-]c1,699.0,42657.95188,
[CH-]1C=CC=C1.CC(OC1=C([C-]2C=CC=C2)C(=O)c2c(C1=O)ccc1c2OCCO1)C.[Fe+2],CC(C)OC1=C([c-]2cccc2)C(=O)c2c(ccc3c2OCCO3)C1=O.[Fe+2].c1cc[cH-]c1,657.0,28183.82931,
C1(C)c2cc(ccc2c2c1cc(cc2)N(c1ccccc1)c1ccccc1)c1cc(C#N)c(cc1C#N)c1ccc2c(c1)C(C)(C)c1c2ccc(c1)N(c1ccccc1)c1ccccc1,CC1c2cc(-c3cc(C#N)c(-c4ccc5c(c4)C(C)(C)c4cc(N(c6ccccc6)c6ccccc6)ccc4-5)cc3C#N)ccc2-c2ccc(N(c3ccccc3)c3ccccc3)cc21,413.0,,
NO,NO,335.0,48460.0,
F[B-](F)(F)F.COC(=O)CCCC1=[NH+]c2c(C1(C)C)c1ccccc1cc2,COC(=O)CCCC1=[NH+]c2ccc3ccccc3c2C1(C)C.F[B-](F)(F)F,264.0,27570.0,
COC(=O)CCCC1=[N+](C)c2c(C1(C)C)c1ccccc1cc2.[I-],COC(=O)CCCC1=[N+](C)c2ccc3ccccc3c2C1(C)C.[I-],276.0,55910.0,
CCCC[n+]1ccc(cc1)c1ccc(s1)c1ccc2c(c1)[nH]c1c2ccc(c1)N(c1ccccc1)c1ccccc1.[I-],CCCC[n+]1ccc(-c2ccc(-c3ccc4c(c3)[nH]c3cc(N(c5ccccc5)c5ccccc5)ccc34)s2)cc1.[I-],470.0,,Dioxane
O1O[SiH]=[SiH][SiH2]1.Cc1ccc2c(c1)c(c1ccccc1)c1c(n2)cccc1,Cc1ccc2nc3ccccc3c(-c3ccccc3)c2c1.O1O[SiH2][SiH]=[SiH]1,371.0,34800.0,
O1O[SiH]=[SiH][SiH2]1.Clc1ccc2c(c1)c(c1ccccc1)c1c(n2)cccc1,Clc1ccc2nc3ccccc3c(-c3ccccc3)c2c1.O1O[SiH2][SiH]=[SiH]1,376.0,13500.0,
O1O[SiH]=[SiH][SiH2]1.[O-][N+](=O)c1ccc2c(c1)c(c1ccccc1)c1c(n2)cccc1,O1O[SiH2][SiH]=[SiH]1.O=[N+]([O-])c1ccc2nc3ccccc3c(-c3ccccc3)c2c1,376.0,7900.0,
O1O[SiH]=[SiH][SiH2]1.Fc1ccc(cc1)c1c2ccccc2nc2c1cccc2,Fc1ccc(-c2c3ccccc3nc3ccccc23)cc1.O1O[SiH2][SiH]=[SiH]1,368.0,15600.0,
O1O[SiH]=[SiH][SiH2]1.Clc1ccc2c(c1)c(c1ccccc1F)c1c(n2)cccc1,Fc1ccccc1-c1c2ccccc2nc2ccc(Cl)cc12.O1O[SiH2][SiH]=[SiH]1,380.0,14000.0,
O1O[SiH]=[SiH][SiH2]1.c1ccc(cc1)c1c2ccccc2nc2c1cccc2,O1O[SiH2][SiH]=[SiH]1.c1ccc(-c2c3ccccc3nc3ccccc23)cc1,368.0,20200.0,
c1ccc(cc1)c1ccc(nn1)C#Cc1ccc(cc1)N(c1ccc(cc1)C#Cc1ccc(nn1)c1ccccc1)c1ccc(cc1)C#Cc1ccc(nn1)c1ccccc1,C(#Cc1ccc(-c2ccccc2)nn1)c1ccc(N(c2ccc(C#Cc3ccc(-c4ccccc4)nn3)cc2)c2ccc(C#Cc3ccc(-c4ccccc4)nn3)cc2)cc1,394.0,52601.0,dichloromethane
CN(c1ccc(cc1)C=Cc1nc(C#Cc2ccc(cc2)N(c2ccc(cc2)C#Cc2nc(C=Cc3ccc(cc3)N(C)C)cc(n2)C=Cc2ccc(cc2)N(C)C)c2ccc(cc2)C#Cc2nc(C=Cc3ccc(cc3)N(C)C)cc(n2)C=Cc2ccc(cc2)N(C)C)nc(c1)C=Cc1ccc(cc1)N(C)C)C,CN(C)c1ccc(C=Cc2cc(C=Cc3ccc(N(C)C)cc3)nc(C#Cc3ccc(N(c4ccc(C#Cc5nc(C=Cc6ccc(N(C)C)cc6)cc(C=Cc6ccc(N(C)C)cc6)n5)cc4)c4ccc(C#Cc5nc(C=Cc6ccc(N(C)C)cc6)cc(C=Cc6ccc(N(C)C)cc6)n5)cc4)cc3)n2)cc1,408.0,77057.0,dichloromethane
COc1ccc(cc1)C=Cc1nc(C#Cc2ccc(cc2)N(c2ccc(cc2)C#Cc2nc(C=Cc3ccc(cc3)OC)cc(n2)C=Cc2ccc(cc2)OC)c2ccc(cc2)C#Cc2nc(C=Cc3ccc(cc3)OC)cc(n2)C=Cc2ccc(cc2)OC)nc(c1)C=Cc1ccc(cc1)OC,COc1ccc(C=Cc2cc(C=Cc3ccc(OC)cc3)nc(C#Cc3ccc(N(c4ccc(C#Cc5nc(C=Cc6ccc(OC)cc6)cc(C=Cc6ccc(OC)cc6)n5)cc4)c4ccc(C#Cc5nc(C=Cc6ccc(OC)cc6)cc(C=Cc6ccc(OC)cc6)n5)cc4)cc3)n2)cc1,376.0,134084.0,dichloromethane
CCC1(CC)c2cc(ccc2c2c1cc(cc2)Cn1c(nc(c1c1ccccc1)c1ccccc1)c1ccccc1)Cn1c(nc(c1c1ccccc1)c1ccccc1)c1ccccc1,CCC1(CC)c2cc(Cn3c(-c4ccccc4)nc(-c4ccccc4)c3-c3ccccc3)ccc2-c2ccc(Cn3c(-c4ccccc4)nc(-c4ccccc4)c3-c3ccccc3)cc21,312.0,,MeOH
Clc1cc2c3c4c1c1c(Cl)cc5c6c1c(c4c(cc3c(=O)n(c2=O)CCCn1nnc(c1)c1ccc(cc1)Cc1nc(N)nc(n1)N)Cl)c(Cl)cc6c(=O)n(c5=O)CCCn1nnc(c1)c1ccc(cc1)Cc1nc(N)nc(n1)N,Nc1nc(N)nc(Cc2ccc(-c3cn(CCCN4C(=O)c5cc(Cl)c6c7c(Cl)cc8c9c(cc(Cl)c(c%10c(Cl)cc(c5c6%10)C4=O)c97)C(=O)N(CCCn4cc(-c5ccc(Cc6nc(N)nc(N)n6)cc5)nn4)C8=O)nn3)cc2)n1,523.0,,
C1(Cc2nnn(c2)Cn2c(=O)c3cc(Cl)c4c5c3c(c2=O)cc(c5c2c3c4c(Cl)cc4c3c(cc2Cl)c(=O)n(c4=O)Cn2nnc(c2)C2(CC)C(=O)NC(=O)NC2=O)Cl)C(=O)NC(=O)NC1=O,CCC1(c2cn(CN3C(=O)c4cc(Cl)c5c6c(Cl)cc7c8c(cc(Cl)c(c9c(Cl)cc(c4c59)C3=O)c86)C(=O)N(Cn3cc(CC4C(=O)NC(=O)NC4=O)nn3)C7=O)nn2)C(=O)NC(=O)NC1=O,522.0,,
C1(C)c2cc(ccc2c2c1cc(cc2)c1ccc(s1)c1ccc2c3c1ccc1c3c(cc2)ccc1)n1c2ccc(cc2c2c1ccc(c2)C(C)(C)C)C(C)(C)C,CC1c2cc(-c3ccc(-c4ccc5ccc6cccc7ccc4c5c67)s3)ccc2-c2ccc(-n3c4ccc(C(C)(C)C)cc4c4cc(C(C)(C)C)ccc43)cc21,378.0,,
C1(C)c2cc(ccc2c2c1cc(cc2)c1ccc(s1)c1ccc(s1)c1ccc2c3c1ccc1c3c(cc2)ccc1)n1c2ccc(cc2c2c1ccc(c2)C(C)(C)C)C(C)(C)C,CC1c2cc(-c3ccc(-c4ccc(-c5ccc6ccc7cccc8ccc5c6c78)s4)s3)ccc2-c2ccc(-n3c4ccc(C(C)(C)C)cc4c4cc(C(C)(C)C)ccc43)cc21,404.0,,
C1(C)c2cc(ccc2c2c1cc(cc2)c1ccc(s1)c1ccc(s1)c1ccc(s1)c1ccc2c3c1ccc1c3c(cc2)ccc1)n1c2ccc(cc2c2c1ccc(c2)C(C)(C)C)C(C)(C)C,CC1c2cc(-c3ccc(-c4ccc(-c5ccc(-c6ccc7ccc8cccc9ccc6c7c89)s5)s4)s3)ccc2-c2ccc(-n3c4ccc(C(C)(C)C)cc4c4cc(C(C)(C)C)ccc43)cc21,424.0,,
C1(C)c2cc(ccc2c2c1cc(cc2)c1ccc(s1)c1ccc(s1)c1ccc(s1)c1ccc(s1)c1ccc2c3c1ccc1c3c(cc2)ccc1)n1c2ccc(cc2c2c1ccc(c2)C(C)(C)C)C(C)(C)C,CC1c2cc(-c3ccc(-c4ccc(-c5ccc(-c6ccc(-c7ccc8ccc9cccc%10ccc7c8c9%10)s6)s5)s4)s3)ccc2-c2ccc(-n3c4ccc(C(C)(C)C)cc4c4cc(C(C)(C)C)ccc43)cc21,440.0,,
Cc1cc(sc1c1ccc(s1)c1ccc(s1)c1sccc1C)Cc1ccc(cc1)Cc1sc(c(c1)C)c1ccc(s1)c1ccc(s1)c1sccc1C,Cc1ccsc1-c1ccc(-c2ccc(-c3sc(Cc4ccc(Cc5cc(C)c(-c6ccc(-c7ccc(-c8sccc8C)s7)s6)s5)cc4)cc3C)s2)s1,460.0,,
Cc1cc(sc1c1ccc(s1)c1ccc(s1)c1sccc1C)CNc1ccc(cc1)NCc1sc(c(c1)C)c1ccc(s1)c1ccc(s1)c1sccc1C,Cc1ccsc1-c1ccc(-c2ccc(-c3sc(CNc4ccc(NCc5cc(C)c(-c6ccc(-c7ccc(-c8sccc8C)s7)s6)s5)cc4)cc3C)s2)s1,459.0,,
Cc1cc(sc1c1ccc(s1)c1ccc(s1)c1sccc1C)Cn1c(=O)c2c(c1=O)cc1c(c2)c(=O)n(c1=O)Cc1sc(c(c1)C)c1ccc(s1)c1ccc(s1)c1sccc1C,Cc1ccsc1-c1ccc(-c2ccc(-c3sc(Cn4c(=O)c5cc6c(=O)n(Cc7cc(C)c(-c8ccc(-c9ccc(-c%10sccc%10C)s9)s8)s7)c(=O)c6cc5c4=O)cc3C)s2)s1,458.0,,
Cc1cc(sc1c1ccc(s1)c1ccc(s1)c1sccc1C)CNCc1sc(c(c1)C)c1ccc(s1)c1ccc(s1)c1sccc1C,Cc1ccsc1-c1ccc(-c2ccc(-c3sc(CNCc4cc(C)c(-c5ccc(-c6ccc(-c7sccc7C)s6)s5)s4)cc3C)s2)s1,459.0,,
CCCn1c(C)ccc1c1cc(cc(c1)c1ccc(n1CCC)C)c1c(C)cccc1C(=O)[O-],CCCn1c(C)ccc1-c1cc(-c2c(C)cccc2C(=O)[O-])cc(-c2ccc(C)n2CCC)c1,298.0,,Methylcyclohexane
Cn1c2ccccc2c2c1cc(C=Cc1ccc(cc1)N(c1ccc(cc1)C=C(C(=O)O)C#N)c1ccc(cc1)C=Cc1ccc3c(c1)n(C)c1c3cccc1)cc2,Cn1c2ccccc2c2ccc(C=Cc3ccc(N(c4ccc(C=Cc5ccc6c7ccccc7n(C)c6c5)cc4)c4ccc(C=C(C#N)C(=O)O)cc4)cc3)cc21,395.0,,
NCC(=O)O,NCC(=O)O,464.0,,CH 2 Cl 2 or CH 2 Cl 2 / DMSO
C[C@@H](C(=O)O)N,C[C@H](N)C(=O)O,723.0,,DMSO
C(COc1cc(C=Cc2ccc(c3c2nsn3)C=Cc2cc(OCC(C)CC)c(c(c2)OCC(C)CC)OCC(C)CC)cc(c1OCC(C)CC)OCC(C)CC)CC,CCCCOc1cc(C=Cc2ccc(C=Cc3cc(OCC(C)CC)c(OCC(C)CC)c(OCC(C)CC)c3)c3nsnc23)cc(OCC(C)CC)c1OCC(C)CC,485.0,,DCM
CCCOc1c2cc(ccc2c(c2c1ccc(c2)c1ccc(s1)C(=C(C#N)C#N)C#N)OCCC)c1ccc(cc1)N(c1ccccc1)c1ccccc1,CCCOc1c2ccc(-c3ccc(C(C#N)=C(C#N)C#N)s3)cc2c(OCCC)c2ccc(-c3ccc(N(c4ccccc4)c4ccccc4)cc3)cc12,645.0,31000.0,
COc1cc(OC)c(c(c1c1nc2c(n1c1ccccc1)cccc2)[Pt]I)c1nc2c(n1c1ccccc1)cccc2,COc1cc(OC)c(-c2nc3ccccc3n2-c2ccccc2)[c]([Pt][I])c1-c1nc2ccccc2n1-c1ccccc1,569.0,9050.0,
COc1cc(OC)c(c(c1c1nc2c(n1c1ccccc1)cccc2)[Pt]C#Cc1ccc(cc1)OC)c1nc2c(n1c1ccccc1)cccc2,COc1ccc(C#[C][Pt][c]2c(-c3nc4ccccc4n3-c3ccccc3)c(OC)cc(OC)c2-c2nc3ccccc3n2-c2ccccc2)cc1,582.0,53980.0,
NCCCNc1cc2oc3cc(=[NH+]CCCCl)ccc3nc2c2c1cccc2.[Cl-],NCCCNc1cc2oc3cc(=[NH+]CCCCl)ccc-3nc2c2ccccc12.[Cl-],613.0,,Water
ClCCCOc1ccc2c(c1)c1nc3ccc(=[N+](CCCCl)CCCCl)cc3oc1cc2NCCC.[Cl-],CCCNc1cc2oc3cc(=[N+](CCCCl)CCCCl)ccc-3nc2c2cc(OCCCCl)ccc12.[Cl-],630.0,,Water
CCCNc1cc2oc3cc(=[N+](CCCCl)CCCCl)ccc3nc2c2c1cccc2.[Cl-],CCCNc1cc2oc3cc(=[N+](CCCCl)CCCCl)ccc-3nc2c2ccccc12.[Cl-],628.0,,Water
CCC1=C(C)C2=C(C)c3n(BN2C1C)c(I)c(c3I)I,CCC1=C(C)C2=C(C)c3c(I)c(I)c(I)n3BN2C1C,531.5,,
C(CC1(CC(C)CC)c2cc(ccc2c2c1cc1c3ccc(cc3C(c1c2)(CC(C)CC)CC(C)CC)C=C(C(=O)O)C#N)N(c1ccccc1)c1ccccc1)CC,CCCCC1(CC(C)CC)c2cc(N(c3ccccc3)c3ccccc3)ccc2-c2cc3c(cc21)-c1ccc(C=C(C#N)C(=O)O)cc1C3(CC(C)CC)CC(C)CC,410.0,37000.0,
C(CC1(CC(C)CC)c2cc(ccc2c2c1cc1c3ccc(cc3C(c1c2)(CC(C)CC)CC(C)CC)N(c1ccccc1)c1ccccc1)c1ccc(s1)C=C(C(=O)O)C#N)CC,CCCCC1(CC(C)CC)c2cc(-c3ccc(C=C(C#N)C(=O)O)s3)ccc2-c2cc3c(cc21)-c1ccc(N(c2ccccc2)c2ccccc2)cc1C3(CC(C)CC)CC(C)CC,426.0,53600.0,
C(CC1(CC(C)CC)c2cc(ccc2c2c1cc1c3ccc(cc3C(c1c2)(CC(C)CC)CC(C)CC)N(c1ccccc1)c1ccccc1)c1ccc(o1)C=C(C(=O)O)C#N)CC,CCCCC1(CC(C)CC)c2cc(-c3ccc(C=C(C#N)C(=O)O)o3)ccc2-c2cc3c(cc21)-c1ccc(N(c2ccccc2)c2ccccc2)cc1C3(CC(C)CC)CC(C)CC,466.0,54000.0,
N#CC(=Cc1ccc(s1)c1cc(F)c(c2c1nsn2)c1ccc(s1)c1ccc(cc1)N(c1ccc2c(c1)C(C)(C)c1c2cccc1)c1ccc2c(c1)C(C)(C)c1c2cccc1)C(=O)O,CC1(C)c2ccccc2-c2ccc(N(c3ccc(-c4ccc(-c5c(F)cc(-c6ccc(C=C(C#N)C(=O)O)s6)c6nsnc56)s4)cc3)c3ccc4c(c3)C(C)(C)c3ccccc3-4)cc21,538.0,23700.0,
N#CC(=Cc1ccc(s1)c1c(F)c(F)c(c2c1nsn2)c1ccc(s1)c1ccc(cc1)N(c1ccc2c(c1)C(C)(C)c1c2cccc1)c1ccc2c(c1)C(C)(C)c1c2cccc1)C(=O)O,CC1(C)c2ccccc2-c2ccc(N(c3ccc(-c4ccc(-c5c(F)c(F)c(-c6ccc(C=C(C#N)C(=O)O)s6)c6nsnc56)s4)cc3)c3ccc4c(c3)C(C)(C)c3ccccc3-4)cc21,461.0,42900.0,
Cn1c2ccc(cc2c2c1c(c1cccs1)c1c(c2c2cccs2)n(c2c1cc(cc2)C=C(c1nc2c(s1)cccc2)C#N)C)C=C(c1nc2c(s1)cccc2)C#N,Cn1c2ccc(C=C(C#N)c3nc4ccccc4s3)cc2c2c(-c3cccs3)c3c(c(-c4cccs4)c21)c1cc(C=C(C#N)c2nc4ccccc4s2)ccc1n3C,470.0,,
CCCCN1C=C(C(=O)O)C(C(=C1)C(=O)O)CC(=O)O,CCCCN1C=C(C(=O)O)C(CC(=O)O)C(C(=O)O)=C1,358.0,,
OC(C(F)(F)F)C(F)(F)F,OC(C(F)(F)F)C(F)(F)F,823.0,,Pyridine
c1ccc(cc1)C1=CC(=Cc2ccc(cc2)C#Cc2ncnc(c2)C#Cc2ccc(cc2)C=C2C=C(OC(=C2)c2ccccc2)c2ccccc2)C=C(O1)c1ccccc1,C(#Cc1cc(C#Cc2ccc(C=C3C=C(c4ccccc4)OC(c4ccccc4)=C3)cc2)ncn1)c1ccc(C=C2C=C(c3ccccc3)OC(c3ccccc3)=C2)cc1,614.0,,dichloromethane
c1ccc(cc1)C1=CC(=Cc2ccc(cc2)C#Cc2ccnc(n2)C#Cc2ccc(cc2)C=C2C=C(OC(=C2)c2ccccc2)c2ccccc2)C=C(O1)c1ccccc1,C(#Cc1ccnc(C#Cc2ccc(C=C3C=C(c4ccccc4)OC(c4ccccc4)=C3)cc2)n1)c1ccc(C=C2C=C(c3ccccc3)OC(c3ccccc3)=C2)cc1,557.0,,dichloromethane
N#CC(=Cc1sc2c(c1)sc(c2)c1ccc(c2c1nc(c1ccccc1)c(n2)c1ccccc1)N(c1cccc2c1cccc2)c1ccccc1)C(=O)O,N#CC(=Cc1cc2sc(-c3ccc(N(c4ccccc4)c4cccc5ccccc45)c4nc(-c5ccccc5)c(-c5ccccc5)nc34)cc2s1)C(=O)O,503.0,,dimethylformamide
N#CC(=Cc1ccc(s1)c1ccc(c2c1nc(c1ccccc1)c(n2)c1ccccc1)c1ccc(cc1)N(c1cccc2c1cccc2)c1ccccc1)C(=O)O,N#CC(=Cc1ccc(-c2ccc(-c3ccc(N(c4ccccc4)c4cccc5ccccc45)cc3)c3nc(-c4ccccc4)c(-c4ccccc4)nc23)s1)C(=O)O,457.0,,dimethylformamide
COc1ccc(cc1)N(c1ccc(cc1)OC)c1ccc(cc1)c1ccc(c2c1nc(c1ccccc1)c(n2)c1ccccc1)c1sc2c(c1)sc(c2)C=C(C(=O)O)C#N,COc1ccc(N(c2ccc(OC)cc2)c2ccc(-c3ccc(-c4cc5sc(C=C(C#N)C(=O)O)cc5s4)c4nc(-c5ccccc5)c(-c5ccccc5)nc34)cc2)cc1,481.0,,dimethylformamide
COc1ccc(cc1)N(c1ccc(cc1)OC)c1ccc(cc1)c1ccc(c2c1nc(c1ccccc1)c(n2)c1ccccc1)c1ccc(s1)C=C(C(=O)O)C#N,COc1ccc(N(c2ccc(OC)cc2)c2ccc(-c3ccc(-c4ccc(C=C(C#N)C(=O)O)s4)c4nc(-c5ccccc5)c(-c5ccccc5)nc34)cc2)cc1,477.0,,dimethylformamide
N#CC(=Cc1ccc(s1)c1ccc2c(c1)c(C#C[Si](C(C)C)(C(C)C)C(C)C)c1c(c2C#C[Si](C(C)C)(C(C)C)C(C)C)cc(cc1)c1ccc(cc1)N(c1ccccc1)c1ccccc1)C(=O)O,CC(C)[Si](C#Cc1c2ccc(-c3ccc(C=C(C#N)C(=O)O)s3)cc2c(C#C[Si](C(C)C)(C(C)C)C(C)C)c2ccc(-c3ccc(N(c4ccccc4)c4ccccc4)cc3)cc12)(C(C)C)C(C)C,500.0,17500.0,
C1(C)c2cc(ccc2c2c1c1c3ccccc3C(c1c1c2C(C)(C)c2c1cccc2)(C)C)N(c1ccc(cc1)c1sc(c2c1OCCO2)C=C(C(=O)O)C#N)c1ccc(cc1)c1ccc(cc1)OC,COc1ccc(-c2ccc(N(c3ccc(-c4sc(C=C(C#N)C(=O)O)c5c4OCCO5)cc3)c3ccc4c(c3)C(C)c3c-4c4c(c5c3-c3ccccc3C5(C)C)-c3ccccc3C4(C)C)cc2)cc1,519.0,,
C1(C)c2cc(ccc2c2c1cccc2)N(c1ccc2c(c1)C(C)(C)c1c2c2c(c3c1c1ccccc1C3(C)C)c1c(C2(C)C)cccc1)c1ccc(cc1)c1sc(c2c1OCCO2)C=C(C(=O)O)C#N,CC1c2ccccc2-c2ccc(N(c3ccc(-c4sc(C=C(C#N)C(=O)O)c5c4OCCO5)cc3)c3ccc4c(c3)C(C)(C)c3c5c(c6c(c3-4)C(C)(C)c3ccccc3-6)C(C)(C)c3ccccc3-5)cc21,524.0,,
CC(O)C,CC(C)O,435.0,32900.0,
Cc1cc(sc1c1ccc2c(c1)c1c(n2C)c(c2ccccc2)c2c(c1c1ccccc1)n(C)c1c2cccc1)c1ccc(s1)c1ccc(s1)C=C(C(=O)O)C#N,Cc1cc(-c2ccc(-c3ccc(C=C(C#N)C(=O)O)s3)s2)sc1-c1ccc2c(c1)c1c(-c3ccccc3)c3c(c(-c4ccccc4)c1n2C)c1ccccc1n3C,456.0,,
Cn1nc2c(n1)c(ccc2c1ccc(s1)c1ccc2c(c1)c1c(c3ccccc3)c3n(C)c4c(c3c(c1n2C)c1ccccc1)cccc4)c1ccc(s1)C=C(C(=O)O)C#N,Cn1nc2c(-c3ccc(C=C(C#N)C(=O)O)s3)ccc(-c3ccc(-c4ccc5c(c4)c4c(-c6ccccc6)c6c(c(-c7ccccc7)c4n5C)c4ccccc4n6C)s3)c2n1,476.0,,
Cc1cc(sc1c1ccc2c(c1)c1c(c3ccccc3)c3n(C)c4c(c3c(c1n2C)c1ccccc1)cccc4)c1ccc(c2c1nsn2)c1sc(c(c1)C)C=C(C(=O)O)C#N,Cc1cc(-c2ccc(-c3cc(C)c(-c4ccc5c(c4)c4c(-c6ccccc6)c6c(c(-c7ccccc7)c4n5C)c4ccccc4n6C)s3)c3nsnc23)sc1C=C(C#N)C(=O)O,530.0,,
Cc1cc(C)c(c(c1)C)B(c1c(C)cc(cc1C)C)c1ccc2c(c1)c1cc(ccc1n2c1ccc(cc1)C(=C(c1ccccc1)c1ccccc1)c1ccccc1)B(c1c(C)cc(cc1C)C)c1c(C)cc(cc1C)C,Cc1cc(C)c(B(c2ccc3c(c2)c2cc(B(c4c(C)cc(C)cc4C)c4c(C)cc(C)cc4C)ccc2n3-c2ccc(C(=C(c3ccccc3)c3ccccc3)c3ccccc3)cc2)c2c(C)cc(C)cc2C)c(C)c1,358.0,,
Fc1c(C#Cc2ccc(cc2)C(C)(C)C)c(C#Cc2ccc(cc2)C(C)(C)C)c(c(c1F)C#Cc1ccc(cc1)C(C)(C)C)C#Cc1ccc(cc1)C(C)(C)C,CC(C)(C)c1ccc(C#Cc2c(F)c(F)c(C#Cc3ccc(C(C)(C)C)cc3)c(C#Cc3ccc(C(C)(C)C)cc3)c2C#Cc2ccc(C(C)(C)C)cc2)cc1,352.0,,
CCCCC#Cc1c(C#CCCCC)c(C#CCCCC)c(c(c1F)C#CCCCC)F,CCCCC#Cc1c(F)c(C#CCCCC)c(C#CCCCC)c(C#CCCCC)c1F,370.0,,
CCCCC#Cc1c(C#CCCCC)c(F)c(c(c1F)C#CCCCC)C#CCCCC,CCCCC#Cc1c(F)c(C#CCCCC)c(C#CCCCC)c(F)c1C#CCCCC,360.0,,
CCCc1ccc(cc1)C#Cc1c(C#Cc2ccc(cc2)CCC)c(C#Cc2ccc(cc2)CCC)c(c(c1C#Cc1ccc(cc1)CCC)C#Cc1ccc(cc1)CCC)F,CCCc1ccc(C#Cc2c(F)c(C#Cc3ccc(CCC)cc3)c(C#Cc3ccc(CCC)cc3)c(C#Cc3ccc(CCC)cc3)c2C#Cc2ccc(CCC)cc2)cc1,430.0,,
Fc1c(C#Cc2ccc(cc2)C(C)(C)C)c(C#Cc2ccc(cc2)C(C)(C)C)c(c(c1C#Cc1ccc(cc1)C(C)(C)C)C#Cc1ccc(cc1)C(C)(C)C)C#Cc1ccc(cc1)C(C)(C)C,CC(C)(C)c1ccc(C#Cc2c(F)c(C#Cc3ccc(C(C)(C)C)cc3)c(C#Cc3ccc(C(C)(C)C)cc3)c(C#Cc3ccc(C(C)(C)C)cc3)c2C#Cc2ccc(C(C)(C)C)cc2)cc1,454.0,,
N#CC(=Cc1ccc(s1)c1ccc(c2c1nsn2)c1ccc(s1)n1c2ccc(cc2c2c1ccc(c2)c1ccc(cc1)C=Cc1ccc(cc1)N(c1ccccc1)c1ccccc1)c1ccc(cc1)C=Cc1ccc(cc1)N(c1ccccc1)c1ccccc1)C(=O)O,N#CC(=Cc1ccc(-c2ccc(-c3ccc(-n4c5ccc(-c6ccc(C=Cc7ccc(N(c8ccccc8)c8ccccc8)cc7)cc6)cc5c5cc(-c6ccc(C=Cc7ccc(N(c8ccccc8)c8ccccc8)cc7)cc6)ccc54)s3)c3nsnc23)s1)C(=O)O,488.0,,
N#CC(=Cc1ccc(s1)c1ccc(c2c1nsn2)c1ccc(s1)c1ccc(cc1)n1c2ccc(cc2c2c1ccc(c2)c1ccc(cc1)C=Cc1ccc(cc1)N(c1ccccc1)c1ccccc1)c1ccc(cc1)C=Cc1ccc(cc1)N(c1ccccc1)c1ccccc1)C(=O)O,N#CC(=Cc1ccc(-c2ccc(-c3ccc(-c4ccc(-n5c6ccc(-c7ccc(C=Cc8ccc(N(c9ccccc9)c9ccccc9)cc8)cc7)cc6c6cc(-c7ccc(C=Cc8ccc(N(c9ccccc9)c9ccccc9)cc8)cc7)ccc65)cc4)s3)c3nsnc23)s1)C(=O)O,498.0,,
Cc1cc(sc1c1ccc(c2c1nsn2)c1sc(cc1C)C=C(C(=O)O)C#N)c1ccc(cc1)n1c2ccc(cc2c2c1ccc(c2)c1ccc(cc1)C=Cc1ccc(cc1)N(c1ccccc1)c1ccccc1)c1ccc(cc1)C=Cc1ccc(cc1)N(c1ccccc1)c1ccccc1,Cc1cc(C=C(C#N)C(=O)O)sc1-c1ccc(-c2sc(-c3ccc(-n4c5ccc(-c6ccc(C=Cc7ccc(N(c8ccccc8)c8ccccc8)cc7)cc6)cc5c5cc(-c6ccc(C=Cc7ccc(N(c8ccccc8)c8ccccc8)cc7)cc6)ccc54)cc3)cc2C)c2nsnc12,376.0,,
COc1ccc(cc1)c1ccc(cc1)N(c1ccc(cc1)c1ccc(s1)c1ccc(s1)C=C(C(=O)O)C#N)c1ccc(cc1)c1ccc(cc1)OC,COc1ccc(-c2ccc(N(c3ccc(-c4ccc(OC)cc4)cc3)c3ccc(-c4ccc(-c5ccc(C=C(C#N)C(=O)O)s5)s4)cc3)cc2)cc1,505.0,,
COc1ccc(cc1)c1ccc(cc1)N(c1ccc(cc1)c1sc2c(c1)n(c1c2sc(c1)C=C(C(=O)O)C#N)C)c1ccc(cc1)c1ccc(cc1)OC,COc1ccc(-c2ccc(N(c3ccc(-c4ccc(OC)cc4)cc3)c3ccc(-c4cc5c(s4)c4sc(C=C(C#N)C(=O)O)cc4n5C)cc3)cc2)cc1,524.0,,
FC(S(=O)(=O)[O-])(F)F.CCN(C1=C(C=c2sc3c(n2CC)cccc3)C(=O)C1=Cc1sc2c([n+]1CC)cccc2)CC,CCN(CC)C1=C(C=C2Sc3ccccc3N2CC)C(=O)C1=Cc1sc2ccccc2[n+]1CC.O=S(=O)([O-])C(F)(F)F,698.0,,
FC(S(=O)(=O)[O-])(F)F.OCCNC1=C(C=c2sc3c(n2CC)cccc3)C(=O)C1=Cc1sc2c([n+]1CC)cccc2,CCN1C(=CC2=C(NCCO)C(=Cc3sc4ccccc4[n+]3CC)C2=O)Sc2ccccc21.O=S(=O)([O-])C(F)(F)F,669.0,,
FC(S(=O)(=O)[O-])(F)F.OCCNC1=C(C=c2[se]c3c(n2CC)cccc3)C(=O)C1=Cc1[se]c2c([n+]1CC)cccc2,CCN1C(=CC2=C(NCCO)C(=Cc3[se]c4ccccc4[n+]3CC)C2=O)[Se]c2ccccc21.O=S(=O)([O-])C(F)(F)F,685.0,,
Cn1c2ccccc2c2c1c1cc(sc1cc2c1ccc(cc1)N(c1ccccc1)c1ccccc1)c1ccc(s1)c1ccc(s1)C=C(C(=O)O)C#N,Cn1c2ccccc2c2c(-c3ccc(N(c4ccccc4)c4ccccc4)cc3)cc3sc(-c4ccc(-c5ccc(C=C(C#N)C(=O)O)s5)s4)cc3c21,551.0,39476.0,chloroform
C(c1ccc(cc1)N(c1ccc(cc1)C(C)(C)C)c1ccc(cc1)C1=C2C=CC(=[N+]2[B-](n2c1ccc2c1ccc(s1)c1cccs1)(F)F)c1ccc(s1)c1cccs1)(C)C,CC(C)c1ccc(N(c2ccc(C3=C4C=CC(c5ccc(-c6cccs6)s5)=[N+]4[B-](F)(F)n4c3ccc4-c3ccc(-c4cccs4)s3)cc2)c2ccc(C(C)(C)C)cc2)cc1,702.0,48710.0,
c1ccc2c(c1)c(ccc2C#Cc1ccc(cc1)n1c2ccc3c(c2c2c1ccc1c2cccc1)cccc3)C#Cc1ccc(cc1)n1c2ccc3c(c2c2c1ccc1c2cccc1)cccc3,C(#Cc1ccc(C#Cc2ccc(-n3c4ccc5ccccc5c4c4c5ccccc5ccc43)cc2)c2ccccc12)c1ccc(-n2c3ccc4ccccc4c3c3c4ccccc4ccc32)cc1,378.0,94000.0,
CC(c1ccc2c(c1)c1cc(ccc1n2c1ccc(cc1)C#Cc1ccc(c2c1cccc2)C#Cc1ccc(cc1)n1c2ccc(cc2c2c1ccc(c2)C(C)(C)C)C(C)(C)C)C(C)(C)C)(C)C,CC(C)(C)c1ccc2c(c1)c1cc(C(C)(C)C)ccc1n2-c1ccc(C#Cc2ccc(C#Cc3ccc(-n4c5ccc(C(C)(C)C)cc5c5cc(C(C)(C)C)ccc54)cc3)c3ccccc23)cc1,394.0,66000.0,
CC(c1ccc2c(c1)c1cc(ccc1n2c1ccc(cc1)C#Cc1cccc2c1cccc2C#Cc1ccc(cc1)n1c2ccc(cc2c2c1ccc(c2)C(C)(C)C)C(C)(C)C)C(C)(C)C)(C)C,CC(C)(C)c1ccc2c(c1)c1cc(C(C)(C)C)ccc1n2-c1ccc(C#Cc2cccc3c(C#Cc4ccc(-n5c6ccc(C(C)(C)C)cc6c6cc(C(C)(C)C)ccc65)cc4)cccc23)cc1,374.0,46000.0,
CC(c1ccc2c(c1)c1cc(ccc1n2c1ccc(cc1)C#Cc1ccc2c(c1)ccc(c2)C#Cc1ccc(cc1)n1c2ccc(cc2c2c1ccc(c2)C(C)(C)C)C(C)(C)C)C(C)(C)C)(C)C,CC(C)(C)c1ccc2c(c1)c1cc(C(C)(C)C)ccc1n2-c1ccc(C#Cc2ccc3cc(C#Cc4ccc(-n5c6ccc(C(C)(C)C)cc6c6cc(C(C)(C)C)ccc65)cc4)ccc3c2)cc1,370.0,89000.0,
COc1ccc2c(c1c1c(OC)ccc3c1ccc(c3)C#Cc1ccc(cc1)n1c3ccc(cc3c3c1ccc(c3)C(C)(C)C)C(C)(C)C)ccc(c2)C#Cc1ccc(cc1)n1c2ccc(cc2c2c1ccc(c2)C(C)(C)C)C(C)(C)C,COc1ccc2cc(C#Cc3ccc(-n4c5ccc(C(C)(C)C)cc5c5cc(C(C)(C)C)ccc54)cc3)ccc2c1-c1c(OC)ccc2cc(C#Cc3ccc(-n4c5ccc(C(C)(C)C)cc5c5cc(C(C)(C)C)ccc54)cc3)ccc12,351.0,91000.0,
CC(c1ccc2c(c1)c1cc(ccc1n2c1ccc(cc1)C#Cc1ccc2c(c1c1c(C#Cc3ccc(cc3)n3c4ccc(cc4c4c3ccc(c4)C(C)(C)C)C(C)(C)C)ccc3c1cccc3)cccc2)C(C)(C)C)(C)C,CC(C)(C)c1ccc2c(c1)c1cc(C(C)(C)C)ccc1n2-c1ccc(C#Cc2ccc3ccccc3c2-c2c(C#Cc3ccc(-n4c5ccc(C(C)(C)C)cc5c5cc(C(C)(C)C)ccc54)cc3)ccc3ccccc23)cc1,367.0,72000.0,
C(Cn1c(c2ccc(s2)c2ccc(s2)c2ccc(s2)c2ccc(s2)c2n(CC(C)CC)c(=O)c3c2c(=O)n(c3c2ccc(s2)c2ccc3c(c2)c2c4ccccc4sc2n3C)CC(C)CC)c2c(c1=O)c(n(c2=O)CC(C)CC)c1ccc(s1)c1ccc2c(c1)c1c3ccccc3sc1n2C)CC,CCCCN1C(=O)C2=C(c3ccc(-c4ccc5c(c4)c4c6ccccc6sc4n5C)s3)N(CC(C)CC)C(=O)C2=C1c1ccc(-c2ccc(-c3ccc(-c4ccc(C5=C6C(=O)N(CC(C)CC)C(c7ccc(-c8ccc9c(c8)c8c%10ccccc%10sc8n9C)s7)=C6C(=O)N5CC(C)CC)s4)s3)s2)s1,753.0,277000.0,
O=C1NC2N(C1)c1c(C2)cccc1,O=C1CN2c3ccccc3CC2N1,287.0,4500.0,THF
O=C1NC2N(C1)c1c(C2)cc(cc1)Br,O=C1CN2c3ccc(Br)cc3CC2N1,298.0,7300.0,THF
COc1ccc2c(c1)n(c1cccc(c1)n1c(=O)c(=C[Si](C(C)C)(C(C)C)C(C)C)oc3c1cc(OC)cc3)c(=O)c(=C[Si](C(C)C)(C(C)C)C(C)C)o2,COc1ccc2c(c1)N(c1cccc(N3C(=O)C(=C[Si](C(C)C)(C(C)C)C(C)C)Oc4ccc(OC)cc43)c1)C(=O)C(=C[Si](C(C)C)(C(C)C)C(C)C)O2,313.0,15700.0,Cyclohexane
CCOC(=O)c1c2C=CC(Oc2c2c(c1c1ccccc1)cccc2)(c1ccc(s1)C1(C=Cc2c(O1)c1ccccc1c(c2C(=O)OCC)c1ccccc1)c1ccccc1)c1ccccc1,CCOC(=O)c1c2c(c3ccccc3c1-c1ccccc1)OC(c1ccccc1)(c1ccc(C3(c4ccccc4)C=Cc4c(C(=O)OCC)c(-c5ccccc5)c5ccccc5c4O3)s1)C=C2,494.0,,
CCOC(=O)c1c2C=CC(Oc2c2c(c1c1ccccc1)cccc2)(c1ccc(s1)C1(C=Cc2c(O1)c1ccccc1c(c2C(=O)OCC)c1ccccc1)c1ccc(cc1)F)c1ccc(cc1)F,CCOC(=O)c1c2c(c3ccccc3c1-c1ccccc1)OC(c1ccc(F)cc1)(c1ccc(C3(c4ccc(F)cc4)C=Cc4c(C(=O)OCC)c(-c5ccccc5)c5ccccc5c4O3)s1)C=C2,494.0,,
CCOC(=O)c1c2C=CC(Oc2c2c(c1c1ccccc1)cccc2)(c1ccc(s1)C1(C=Cc2c(O1)c1ccccc1c(c2C(=O)OCC)c1ccccc1)c1ccccc1F)c1ccccc1F,CCOC(=O)c1c2c(c3ccccc3c1-c1ccccc1)OC(c1ccc(C3(c4ccccc4F)C=Cc4c(C(=O)OCC)c(-c5ccccc5)c5ccccc5c4O3)s1)(c1ccccc1F)C=C2,494.0,,
CCOC(=O)c1c2C=CC(Oc2c2c(c1c1ccccc1)cccc2)(c1ccc(cc1)F)c1ccc(s1)C1(C=Cc2c(O1)c1ccccc1c(c2C(=O)OCC)c1ccccc1)c1ccccc1F,CCOC(=O)c1c2c(c3ccccc3c1-c1ccccc1)OC(c1ccc(F)cc1)(c1ccc(C3(c4ccccc4F)C=Cc4c(C(=O)OCC)c(-c5ccccc5)c5ccccc5c4O3)s1)C=C2,494.0,,
CCOC(=O)c1c2C=CC(Oc2c2c(c1c1ccccc1)cccc2)(c1ccc(s1)C1(C=Cc2c(O1)c1ccccc1c(c2C(=O)OCC)c1ccccc1)c1ccc(cc1)C)c1ccc(cc1)C,CCOC(=O)c1c2c(c3ccccc3c1-c1ccccc1)OC(c1ccc(C)cc1)(c1ccc(C3(c4ccc(C)cc4)C=Cc4c(C(=O)OCC)c(-c5ccccc5)c5ccccc5c4O3)s1)C=C2,494.0,,
CCOC(=O)c1c2C=CC(Oc2c2c(c1c1ccccc1)cccc2)(c1ccc(s1)C1(C=Cc2c(O1)c1ccccc1c(c2C(=O)OCC)c1ccccc1)c1ccc(cc1)OC)c1ccc(cc1)OC,CCOC(=O)c1c2c(c3ccccc3c1-c1ccccc1)OC(c1ccc(OC)cc1)(c1ccc(C3(c4ccc(OC)cc4)C=Cc4c(C(=O)OCC)c(-c5ccccc5)c5ccccc5c4O3)s1)C=C2,494.0,,
[O-][Cl](=O)(=O)=O,[O-][Cl+3]([O-])([O-])[O-],602.0,28000.0,acetone
CSC1=C(SC)SC(=C2SC(=C(S2)I)C#Cc2cccc(n2)C#CC2=C(I)SC(=C3SC(=C(S3)SC)SC)S2)S1,CSC1=C(SC)SC(=C2SC(I)=C(C#Cc3cccc(C#CC4=C(I)SC(=C5SC(SC)=C(SC)S5)S4)n3)S2)S1,444.0,,
F[B]F,F[B]F,334.0,,
COc1cc(OC)ccc1c1ccc(cc1)N(c1ccc2c(c1)sc1c2sc(c1)c1ccc(s1)C=C(C(=O)O)C#N)c1ccc(cc1)c1ccc(cc1OC)OC,COc1ccc(-c2ccc(N(c3ccc(-c4ccc(OC)cc4OC)cc3)c3ccc4c(c3)sc3cc(-c5ccc(C=C(C#N)C(=O)O)s5)sc34)cc2)c(OC)c1,626.0,,THF
COc1cc(OC)ccc1c1ccc(cc1)N(c1ccc2c(c1)sc1c2sc(c1)C1(CC=C(S1)c1cccs1)C=C(C(=O)O)C#N)c1ccc(cc1)c1ccc(cc1OC)OC,COc1ccc(-c2ccc(N(c3ccc(-c4ccc(OC)cc4OC)cc3)c3ccc4c(c3)sc3cc(C5(C=C(C#N)C(=O)O)CC=C(c6cccs6)S5)sc34)cc2)c(OC)c1,646.0,,THF
COc1cc(OC)ccc1c1ccc(cc1)N(c1ccc2c(c1)sc1c2sc(c1)c1cc2c(s1)cc(s2)C=C(C(=O)O)C#N)c1ccc(cc1)c1ccc(cc1OC)OC,COc1ccc(-c2ccc(N(c3ccc(-c4ccc(OC)cc4OC)cc3)c3ccc4c(c3)sc3cc(-c5cc6sc(C=C(C#N)C(=O)O)cc6s5)sc34)cc2)c(OC)c1,621.0,,THF
COc1cc(OC)ccc1c1ccc(cc1)N(c1ccc2c(c1)sc1c2sc(c1)C=C(C(=O)O)C#N)c1ccc(cc1)c1ccc(cc1OC)OC,COc1ccc(-c2ccc(N(c3ccc(-c4ccc(OC)cc4OC)cc3)c3ccc4c(c3)sc3cc(C=C(C#N)C(=O)O)sc34)cc2)c(OC)c1,588.0,,THF
CCOC(=O)C=C[C@H]([C@H](O[Si](C(C)(C)C)(C)C)C[C@H](C(=CC(=CC(=CCO[Si](C(C)(C)C)(C)C)C)C)C)O[Si](C(C)(C)C)(C)C)C,CCOC(=O)C=C[C@@H](C)[C@@H](C[C@@H](O[Si](C)(C)C(C)(C)C)C(C)=CC(C)=CC(C)=CCO[Si](C)(C)C(C)(C)C)O[Si](C)(C)C(C)(C)C,263.0,,
IC=C(C=C(C=O)C)C,CC(=CI)C=C(C)C=O,297.0,,
IC=C(C=C([C@@H](CC(=O)N1C(=S)SC[C@@H]1C(C)C)O)C)C,CC(=CI)C=C(C)[C@H](O)CC(=O)N1C(=S)SC[C@@H]1C(C)C,309.0,,
O=CC[C@H](C(=CC(=CI)C)C)O[Si](C(C)(C)C)(C)C,CC(=CI)C=C(C)[C@@H](CC=O)O[Si](C)(C)C(C)(C)C,246.0,,
O=C[C@H]([C@H](O[Si](C(C)(C)C)(C)C)C[C@H](C(=CC(=CI)C)C)O[Si](C(C)(C)C)(C)C)C,CC(=CI)C=C(C)[C@@H](C[C@@H](O[Si](C)(C)C(C)(C)C)[C@H](C)C=O)O[Si](C)(C)C(C)(C)C,246.0,,
CCOC(=O)C=C[C@H]([C@H](O[Si](C(C)(C)C)(C)C)C[C@H](C(=CC(=CI)C)C)O[Si](C(C)(C)C)(C)C)C,CCOC(=O)C=C[C@@H](C)[C@@H](C[C@@H](O[Si](C)(C)C(C)(C)C)C(C)=CC(C)=CI)O[Si](C)(C)C(C)(C)C,246.0,,
O=CC=C[C@H]([C@H](O[Si](C(C)(C)C)(C)C)C[C@H](C(=CC(=CI)C)C)O[Si](C(C)(C)C)(C)C)C,CC(=CI)C=C(C)[C@@H](C[C@@H](O[Si](C)(C)C(C)(C)C)[C@H](C)C=CC=O)O[Si](C)(C)C(C)(C)C,225.0,,
[Co],[Co],880.0,,
SC[C@@H](C(=O)NCC(=O)O)NC(=O)CC[C@@H](C(=O)O)N,N[C@@H](CCC(=O)N[C@@H](CS)C(=O)NCC(=O)O)C(=O)O,700.0,,
[Pd+2],[Pd+2],500.0,,
[Ni],[Ni],682.0,,Ni
o1cnnc1,c1nnco1,323.0,,
c1ccc2c(c1)Sc1c(N2)cccc1.Oc1ccc(cc1)O,Oc1ccc(O)cc1.c1ccc2c(c1)Nc1ccccc1S2,417.0,,
C1=CC2=Cc3n(BN2C1)ccc3,B1N2CC=CC2=Cc2cccn21,606.0,,
[Zn],[Zn],371.0,,tetrahydrofuran
ON=C1C(=CC(=O)C(C1=O)(C)O)C,CC1=CC(=O)C(C)(O)C(=O)C1=NO,274.0,,
CCC(=O)c1c(C)cc(c(c1O)C)O,CCC(=O)c1c(C)cc(O)c(C)c1O,222.0,,
CCCC(=O)c1c(C)cc(c(c1O)C)O,CCCC(=O)c1c(C)cc(O)c(C)c1O,223.0,,
CCC(C(=O)c1c(C)cc(c(c1O)C)O)C,CCC(C)C(=O)c1c(C)cc(O)c(C)c1O,223.0,,
BrCCCCCC(=O)c1c(C)cc(c(c1O)C)O,Cc1cc(O)c(C)c(O)c1C(=O)CCCCCBr,222.0,,
COc1cc(OC)ccc1C(=O)c1c(C)cc(c(c1O)C)O,COc1ccc(C(=O)c2c(C)cc(O)c(C)c2O)c(OC)c1,204.0,,
[O-]ON=O,O=NO[O-],302.0,,
c1ccnnc1,c1ccnnc1,510.0,,
OP(=O)(O)O.Oc1ccc2c(n1)cccc2,O=P(O)(O)O.Oc1ccc2ccccc2n1,281.0,,CH3OH–H2O
OO,OO,280.0,,
O=C=O,O=C=O,458.0,,
Brc1ccc2c(c1)C(CCCCCCP(=O)([O-])[O-])c1c2ccc(c1)Br,O=P([O-])([O-])CCCCCCC1c2cc(Br)ccc2-c2ccc(Br)cc21,328.0,,
[O],[O],830.0,,
O=[W+2]=O,[O]=[W+2]=[O],290.0,,
[B],[B],622.0,,
OC(=O)CN1C(=S)SC(=Cc2ccc(s2)c2ccc(s2)c2nnc(s2)c2ccc(cc2)N(c2ccc(cc2)C(C)(C)C)c2ccc(cc2)C(C)(C)C)C1=O,CC(C)(C)c1ccc(N(c2ccc(-c3nnc(-c4ccc(-c5ccc(C=C6SC(=S)N(CC(=O)O)C6=O)s5)s4)s3)cc2)c2ccc(C(C)(C)C)cc2)cc1,453.0,,CHCl3
c1ccncn1.[B],[B].c1cncnc1,372.0,,
[Ni+2],[Ni+2],590.0,,CH2Cl2
c1ccc2c(c1)c1ccc3c(c1cc2)cccc3.NP(O)O,NP(O)O.c1ccc2c(c1)ccc1c3ccccc3ccc21,470.0,,
[Ta],[Ta],300.0,,
c1cccs1,c1ccsc1,422.0,,
c1ccc(cc1)n1nc([nH+]c2c1cc1nc3ccccc3[nH]c1c2)c1ccccc1.Cc1ccc(cc1)S(=O)(=O)[O-],Cc1ccc(S(=O)(=O)[O-])cc1.c1ccc(C2=NN(c3ccccc3)c3cc4c(cc3=[NH+]2)Nc2ccccc2N=4)cc1,560.0,,
c1ccc(cc1)c1nc2cc3[nH]c4ccccc4[n+](c3cc2n(n1)c1ccccc1)c1ccccc1.Cc1ccc(cc1)S(=O)(=O)[O-],Cc1ccc(S(=O)(=O)[O-])cc1.c1ccc(C2=NN(c3ccccc3)c3cc4c(cc3=N2)Nc2ccccc2[N+]=4c2ccccc2)cc1,620.0,,
[O-]P(=O)(OP(=O)([O-])[O-])[O-],O=P([O-])([O-])OP(=O)([O-])[O-],624.0,,
c1ccn[nH]1.[CH-]1C=CC=C1.[CH-]1C=CC=C1.[CH-]1C=CC=C1.[CH-]1C=CC=C1.[Fe+2].[Fe+2],[Fe+2].[Fe+2].c1cc[cH-]c1.c1cc[cH-]c1.c1cc[cH-]c1.c1cc[cH-]c1.c1cn[nH]c1,336.0,,
CCCCCCCCn1cc[n+](c1)C=C,C=C[n+]1ccn(CCCCCCCC)c1,210.0,,
[Au+3],[Au+3],365.0,,
[O-]P(=O)([O-])[O-].[K+].[K+].[K+],O=P([O-])([O-])[O-].[K+].[K+].[K+],214.0,,
[C]F,[C]F,280.0,,
[O-]P(=O)([O-])[O-].[Na+].[Na+].[Na+],O=P([O-])([O-])[O-].[Na+].[Na+].[Na+],214.0,,
Cc1cc(sc1c1sc(c2c1SC(=C1Sc3c(S1)c(sc3c1sc(cc1C)C)c1sc(cc1C)C)S2)c1sc(cc1C)C)C,Cc1cc(C)c(-c2sc(-c3sc(C)cc3C)c3c2SC(=C2Sc4c(-c5sc(C)cc5C)sc(-c5sc(C)cc5C)c4S2)S3)s1,300.0,,
[CH-]1C=CC=C1.[CH-]1C=CC=C1.c1ccc(cc1)N=Nc1ccccc1.[Fe+2],[Fe+2].c1cc[cH-]c1.c1cc[cH-]c1.c1ccc(N=Nc2ccccc2)cc1,365.0,,
OC(=O)CCCC[C@@H]1SC[C@H]2[C@@H]1NC(=O)N2,O=C(O)CCCC[C@@H]1SC[C@@H]2NC(=O)N[C@@H]21,430.0,,
[O-]S(=O)(=O)CCN(c1ccccc1)CCS(=O)(=O)[O-],O=S(=O)([O-])CCN(CCS(=O)(=O)[O-])c1ccccc1,251.0,,
COc1ccccc1N(CCS(=O)(=O)[O-])CCS(=O)(=O)[O-],COc1ccccc1N(CCS(=O)(=O)[O-])CCS(=O)(=O)[O-],246.0,,
[Eu],[Eu],365.0,,
O=[Co],[O]=[Co],430.0,,
CCCCCC=CCC=CCCCCCCCC(=O)O,CCCCCC=CCC=CCCCCCCCC(=O)O,532.0,,
CC1CCC(CC1)C,CC1CCC(C)CC1,735.0,,
CCCCCCCCCCCCCCCC[N+](C)(C)C.[Cl-],CCCCCCCCCCCCCCCC[N+](C)(C)C.[Cl-],300.0,,
OCC=CC(=CC=CC=C(C=CC=C(C=CC=C(CCC=C(C)C)C)C)C)C,CC(C)=CCCC(C)=CC=CC(C)=CC=CC(C)=CC=CC=C(C)C=CCO,396.0,,
O=CC=CC(=CC=CC=C(C=CC=C(C=CC=C(CCC=C(C)C)C)C)C)C,CC(C)=CCCC(C)=CC=CC(C)=CC=CC(C)=CC=CC=C(C)C=CC=O,458.0,,
O=CC=CC=C(C=CC=C(C=CC=C(CCC=C(C)C)C)C)C,CC(C)=CCCC(C)=CC=CC(C)=CC=CC(C)=CC=CC=O,422.0,,
CC(=CC=CC(=CC(=O)O)C)CCC=C(C)C,CC(C)=CCCC(C)=CC=CC(C)=CC(=O)O,301.0,,
OCC[n+]1c[nH]cc1.[Cl-],OCC[n+]1cc[nH]c1.[Cl-],227.0,,
[O-][N+](=O)C1=NC(N=N1)(C(=O)[O-])[N+](=O)[O-].OCC[n+]1ccn(c1)C,Cn1cc[n+](CCO)c1.O=C([O-])C1([N+](=O)[O-])N=NC([N+](=O)[O-])=N1,226.0,,
[O-][N+](=O)c1cc([N+](=O)[O-])c(c(c1)[N+](=O)[O-])[O-].OCC[n+]1ccn(c1)C,Cn1cc[n+](CCO)c1.O=[N+]([O-])c1cc([N+](=O)[O-])c([O-])c([N+](=O)[O-])c1,221.0,,
O=C1N=NC(N1)(C(=O)[O-])[N+](=O)[O-].OCC[n+]1ccn(c1)C,Cn1cc[n+](CCO)c1.O=C1N=NC(C(=O)[O-])([N+](=O)[O-])N1,230.0,,
[O-][N+](=O)[CH-][N+](=O)[O-].OCC[n+]1ccn(c1)C,Cn1cc[n+](CCO)c1.O=[N+]([O-])[CH-][N+](=O)[O-],214.0,,
[O-][N+](=O)N.[O-][N+](=O)N.OCC[n+]1ccn(c1)C,Cn1cc[n+](CCO)c1.N[N+](=O)[O-].N[N+](=O)[O-],221.0,,
[O-]C(=O)C1(N=NN=N1)[N+](=O)[O-].OCC[n+]1ccn(c1)C,Cn1cc[n+](CCO)c1.O=C([O-])C1([N+](=O)[O-])N=NN=N1,221.0,,
[O-][N+](=O)C1=NC(N=N1)(C(=O)[O-])[N+](=O)[O-].[O-][N+](=O)OCCn1cc[n+](c1)C,C[n+]1ccn(CCO[N+](=O)[O-])c1.O=C([O-])C1([N+](=O)[O-])N=NC([N+](=O)[O-])=N1,225.0,,
[O-][N+](=O)c1cc([N+](=O)[O-])c(c(c1)[N+](=O)[O-])[O-].[O-][N+](=O)OCCn1cc[n+](c1)C,C[n+]1ccn(CCO[N+](=O)[O-])c1.O=[N+]([O-])c1cc([N+](=O)[O-])c([O-])c([N+](=O)[O-])c1,216.0,,
O=C1N=NC(N1)(C(=O)[O-])[N+](=O)[O-].[O-][N+](=O)OCCn1cc[n+](c1)C,C[n+]1ccn(CCO[N+](=O)[O-])c1.O=C1N=NC(C(=O)[O-])([N+](=O)[O-])N1,225.0,,
[O-][N+](=O)[CH-][N+](=O)[O-].[O-][N+](=O)OCCn1cc[n+](c1)C,C[n+]1ccn(CCO[N+](=O)[O-])c1.O=[N+]([O-])[CH-][N+](=O)[O-],213.0,,
[O-][N+](=O)OCCn1cc[n+](c1)C.[O-][N+](=O)N.[O-][N+](=O)N,C[n+]1ccn(CCO[N+](=O)[O-])c1.N[N+](=O)[O-].N[N+](=O)[O-],223.0,,
[O-]C(=O)C1(N=NN=N1)[N+](=O)[O-].[O-][N+](=O)OCCn1cc[n+](c1)C,C[n+]1ccn(CCO[N+](=O)[O-])c1.O=C([O-])C1([N+](=O)[O-])N=NN=N1,217.0,,
O=C1CCCC1C,CC1CCCC1=O,363.0,,
CC1CCCCC1=O,CC1CCCCC1=O,364.0,,
CC(C=O)CC,CCC(C)C=O,361.0,,
O=[W]=O,[O]=[W]=[O],280.0,,
CCOC(=O)C#CC(=O)OCC,CCOC(=O)C#CC(=O)OCC,510.0,,
NCCC[Si](OC)(OC)OC,CO[Si](CCCN)(OC)OC,240.0,,
CCC(CO)(CO)CO.CCCCCCCCC=CCCCCCCCC(=O)O.CCCCCCCCC=CCCCCCCCC(=O)O.CCCCCCCCC=CCCCCCCCC(=O)O,CCC(CO)(CO)CO.CCCCCCCCC=CCCCCCCCC(=O)O.CCCCCCCCC=CCCCCCCCC(=O)O.CCCCCCCCC=CCCCCCCCC(=O)O,220.0,,
CCC(CO)(CO)CO.CCCCCCCCC=CCCCCCCCC(=O)O,CCC(CO)(CO)CO.CCCCCCCCC=CCCCCCCCC(=O)O,220.0,,
CCC(CO)(CO)CO.CCCCCCCCC=CCCCCCCCC(=O)O.CCCCCCCCC=CCCCCCCCC(=O)O,CCC(CO)(CO)CO.CCCCCCCCC=CCCCCCCCC(=O)O.CCCCCCCCC=CCCCCCCCC(=O)O,220.0,,
NCCC(=O)O,NCCC(=O)O,374.0,,
C[Si](C#Cc1ccc(cc1)C1=C2C=CC(=N2)C(=c2ccc(=C(C3=NC(=C(c4[nH]c1cc4)c1ccccc1)C=C3)c1ccccc1)[nH]2)c1ccccc1)(C)C,C[Si](C)(C)C#Cc1ccc(-c2c3nc(c(-c4ccccc4)c4ccc([nH]4)c(-c4ccccc4)c4nc(c(-c5ccccc5)c5ccc2[nH]5)C=C4)C=C3)cc1,417.0,,
NN=CN=N,N=NC=NN,491.0,,CH2Cl2
Oc1ccc(cc1)C=CC1=[N+](C)c2c(C1(C)C)cccc2.[I-],C[N+]1=C(C=Cc2ccc(O)cc2)C(C)(C)c2ccccc21.[I-],552.0,,
NC=S.[Ni+2],NC=S.[Ni+2],258.0,,
O=CC=C(C(=CC(=O)[C@]1(C)C[C@H](CC1(C)C)O)OC(=O)C)C,CC(=O)OC(=CC(=O)[C@]1(C)C[C@@H](O)CC1(C)C)C(C)=CC=O,283.0,,
CC(=O)OC([C@]1(C)C[C@H](CC1(C)C)O[Si](C(C)(C)C)(C)C)CC(=O)C(=CCO[Si](C(C)(C)C)(C)C)C,CC(=O)OC(CC(=O)C(C)=CCO[Si](C)(C)C(C)(C)C)[C@]1(C)C[C@@H](O[Si](C)(C)C(C)(C)C)CC1(C)C,231.0,,
[Pd],[Pd],320.0,,
COC(=O)[C@@H](N1N=NC(C1)(C)O[C@@H]1[C@@H](CO)O[C@H]([C@@H]([C@H]1OC1(C)N=NN(C1)[C@H](C(=O)OC)Cc1ccccc1)O)c1cc(OC)c2c(c1OC)cccc2)Cc1ccccc1,COC(=O)[C@H](Cc1ccccc1)N1CC(C)(O[C@@H]2[C@@H](O)[C@H](c3cc(OC)c4ccccc4c3OC)O[C@H](CO)[C@H]2OC2(C)CN([C@@H](Cc3ccccc3)C(=O)OC)N=N2)N=N1,211.0,,
OC[C@H]1O[C@H]([C@@H]([C@H]([C@@H]1OC1(C)N=NN(C1)[C@H](C(=O)O)Cc1ccccc1)OC1(C)N=NN(C1)[C@H](C(=O)O)Cc1ccccc1)O)c1cc(OC)c2c(c1OC)cccc2,COc1cc([C@@H]2O[C@H](CO)[C@@H](OC3(C)CN([C@@H](Cc4ccccc4)C(=O)O)N=N3)[C@H](OC3(C)CN([C@@H](Cc4ccccc4)C(=O)O)N=N3)[C@H]2O)c(OC)c2ccccc12,211.0,,
Fc1c(C2=C3C=CC(=N3)C(=c3ccc(=C(C4=NC(=C(c5[nH]c2cc5)c2c(F)c(F)c(c(c2F)F)[N+](C)(C)C)C=C4)c2c(F)c(F)c(c(c2F)F)[N+](C)(C)C)[nH]3)c2c(F)c(F)c(c(c2F)F)[N+](C)(C)C)c(F)c(c(c1F)[N+](C)(C)C)F.[Mn+3],C[N+](C)(C)c1c(F)c(F)c(-c2c3nc(c(-c4c(F)c(F)c([N+](C)(C)C)c(F)c4F)c4ccc([nH]4)c(-c4c(F)c(F)c([N+](C)(C)C)c(F)c4F)c4nc(c(-c5c(F)c(F)c([N+](C)(C)C)c(F)c5F)c5ccc2[nH]5)C=C4)C=C3)c(F)c1F.[Mn+3],460.0,,
CCCCc1cc(C#CC(O)(C)C)c(cc1C#CC(O)(C)C)CCCC,CCCCc1cc(C#CC(C)(C)O)c(CCCC)cc1C#CC(C)(C)O,272.0,,
CCCCOc1cc(C#CC(O)(C)C)c(cc1C#CC(O)(C)C)OCCCC,CCCCOc1cc(C#CC(C)(C)O)c(OCCCC)cc1C#CC(C)(C)O,269.9,,
COc1cc(C#C)c(cc1C#C)OC,C#Cc1cc(OC)c(C#C)cc1OC,243.1,,
Nc1cc2cccc3c2c2c1c(c(c(c2cc3)S(=O)(=O)[O-])S(=O)(=O)[O-])S(=O)(=O)[O-].[Na+].[Na+].[Na+],Nc1cc2cccc3ccc4c(S(=O)(=O)[O-])c(S(=O)(=O)[O-])c(S(=O)(=O)[O-])c1c4c32.[Na+].[Na+].[Na+],424.0,,
OC[C@@H]([C@H]1OC(=O)C(=C1[O-])O)O,O=C1O[C@H]([C@@H](O)CO)C([O-])=C1O,276.0,,
Cc1ccc(cc1)C1=C2C=CC(=N2)C(=c2ccc(=C(C3=NC(=C(c4[nH]c1cc4)c1ccc(cc1)C#C[Si](C(C)C)(C(C)C)C(C)C)C=C3)c1ccc(cc1)C#C[Si](C)(C)C)[nH]2)c1ccc(cc1)C,Cc1ccc(-c2c3nc(c(-c4ccc(C)cc4)c4ccc([nH]4)c(-c4ccc(C#C[Si](C(C)C)(C(C)C)C(C)C)cc4)c4nc(c(-c5ccc(C#C[Si](C)(C)C)cc5)c5ccc2[nH]5)C=C4)C=C3)cc1,423.0,,
Cc1ccc(cc1)C1=c2ccc(=C(C3=NC(=C(c4[nH]c(C(=C5N=C1C=C5)c1ccc(cc1)C)cc4)c1ccc(cc1)I)C=C3)c1ccc(cc1)C#C[Si](C)(C)C)[nH]2,Cc1ccc(-c2c3nc(c(-c4ccc(C)cc4)c4ccc([nH]4)c(-c4ccc(C#C[Si](C)(C)C)cc4)c4nc(c(-c5ccc(I)cc5)c5ccc2[nH]5)C=C4)C=C3)cc1,422.0,,
Cc1ccc(cc1)C1=C2C=CC(=N2)C(=c2ccc(=C(C3=NC(=C(c4[nH]c1cc4)c1ccc(cc1)I)C=C3)c1ccc(cc1)C)[nH]2)c1ccc(cc1)C,Cc1ccc(-c2c3nc(c(-c4ccc(C)cc4)c4ccc([nH]4)c(-c4ccc(I)cc4)c4nc(c(-c5ccc(C)cc5)c5ccc2[nH]5)C=C4)C=C3)cc1,376.0,,
[O-][Cl](=O)(=O)=O.COc1ccc(cc1OC)C=Cc1cc[n+](c2c1cccc2)CC,CC[n+]1ccc(C=Cc2ccc(OC)c(OC)c2)c2ccccc21.[O-][Cl+3]([O-])([O-])[O-],440.0,,
[O-][Cl](=O)(=O)=O.CC[n+]1ccc(c2c1cccc2)C=Cc1ccc2c(c1)OCCOCCOCCOCCOCCO2,CC[n+]1ccc(C=Cc2ccc3c(c2)OCCOCCOCCOCCOCCO3)c2ccccc21.[O-][Cl+3]([O-])([O-])[O-],434.0,,
[Ir+3],[Ir+3],516.0,,
Cc1cc(c(c(c1)[C+](c1cc(C)cc(c1O)C(C)(C)C)c1cc(C)cc(c1O)C(C)(C)C)O)C(C)(C)C.[Br-],Cc1cc([C+](c2cc(C)cc(C(C)(C)C)c2O)c2cc(C)cc(C(C)(C)C)c2O)c(O)c(C(C)(C)C)c1.[Br-],639.0,,
Oc1c(cc(cc1C(C)(C)C)C(C)(C)C)[C+](c1cc(cc(c1O)C(C)(C)C)C(C)(C)C)c1cc(cc(c1O)C(C)(C)C)C(C)(C)C.[Br-],CC(C)(C)c1cc([C+](c2cc(C(C)(C)C)cc(C(C)(C)C)c2O)c2cc(C(C)(C)C)cc(C(C)(C)C)c2O)c(O)c(C(C)(C)C)c1.[Br-],633.0,,
Cc1cc([C+]2c3cc(C)cc(c3Oc3c2cc(C)cc3C(C)(C)C)C(C)(C)C)c(c(c1)C(C)(C)C)O.[Br-],Cc1cc(-[c+]2c3cc(C)cc(C(C)(C)C)c3oc3c(C(C)(C)C)cc(C)cc32)c(O)c(C(C)(C)C)c1.[Br-],489.0,,
S1CCSCC1,C1CSCCS1,449.0,,
[O-]C(=O)C1(NC=CC=C1)c1ccccc1,O=C([O-])C1(c2ccccc2)C=CC=CN1,640.0,,
OCC(Cn1ccc(=CC=C2C=CC(=O)C=C2)cc1)O,O=C1C=CC(=CC=C2C=CN(CC(O)CO)C=C2)C=C1,456.0,,
OCC(Cn1ccc(=CC=C2C=C(OC)C(=O)C(=C2)OC)cc1)O,COC1=CC(=CC=C2C=CN(CC(O)CO)C=C2)C=C(OC)C1=O,502.0,,
OCC(Cn1ccc(=CC=C2C=C(C(=O)C(=C2)C(C)(C)C)C(C)(C)C)cc1)O,CC(C)(C)C1=CC(=CC=C2C=CN(CC(O)CO)C=C2)C=C(C(C)(C)C)C1=O,538.0,,
OCC(Cn1ccc(=CC=C2C=C(Br)C(=O)C(=C2)Br)cc1)O,O=C1C(Br)=CC(=CC=C2C=CN(CC(O)CO)C=C2)C=C1Br,448.0,,
OCC(Cn1ccc(=CC=C2C(=O)N(CC)C(=S)N(C2=O)CC)cc1)O,CCN1C(=O)C(=CC=C2C=CN(CC(O)CO)C=C2)C(=O)N(CC)C1=S,452.0,,
C1(C)c2cc(ccc2c2c1cc(cc2)c1nnc(o1)c1ccc(cc1)N(c1ccccc1)c1ccccc1)c1nnc(o1)c1ccc(cc1)N(c1ccccc1)c1ccccc1,CC1c2cc(-c3nnc(-c4ccc(N(c5ccccc5)c5ccccc5)cc4)o3)ccc2-c2ccc(-c3nnc(-c4ccc(N(c5ccccc5)c5ccccc5)cc4)o3)cc21,430.0,,
CCCCC(=O)[N-]CCC[Si](OCC)(OCC)OCC,CCCCC(=O)[N-]CCC[Si](OCC)(OCC)OCC,262.0,,
CC(c1ccc(cc1)C#Cc1cc(C#Cc2ccc(cc2)P(=O)(c2ccccc2)c2ccccc2)c(cc1C#Cc1ccc(cc1)P(=O)(c1ccccc1)c1ccccc1)C#Cc1ccc(cc1)C(C)(C)C)(C)C,CC(C)(C)c1ccc(C#Cc2cc(C#Cc3ccc(P(=O)(c4ccccc4)c4ccccc4)cc3)c(C#Cc3ccc(C(C)(C)C)cc3)cc2C#Cc2ccc(P(=O)(c3ccccc3)c3ccccc3)cc2)cc1,325.0,,
CC(c1ccc(cc1)C#Cc1cc(C#Cc2ccc(cc2)P(c2ccccc2)c2ccccc2)c(cc1C#Cc1ccc(cc1)P(c1ccccc1)c1ccccc1)C#Cc1ccc(cc1)C(C)(C)C)(C)C,CC(C)(C)c1ccc(C#Cc2cc(C#Cc3ccc(P(c4ccccc4)c4ccccc4)cc3)c(C#Cc3ccc(C(C)(C)C)cc3)cc2C#Cc2ccc(P(c3ccccc3)c3ccccc3)cc2)cc1,330.0,,
P=S,P=S,330.0,,
c1ccc(cc1)[As+](c1ccccc1)(c1ccccc1)c1ccccc1.N#C[C-](C(=C1N=C(C(=C1C#N)C#N)NC)C#N)C#N,CNC1=NC(=C(C#N)[C-](C#N)C#N)C(C#N)=C1C#N.c1ccc([As+](c2ccccc2)(c2ccccc2)c2ccccc2)cc1,576.0,,
c1ccc(cc1)[As+](c1ccccc1)(c1ccccc1)c1ccccc1.N#C[C-](C(=C1N=C(C(=C1C#N)C#N)N(C)C)C#N)C#N,CN(C)C1=NC(=C(C#N)[C-](C#N)C#N)C(C#N)=C1C#N.c1ccc([As+](c2ccccc2)(c2ccccc2)c2ccccc2)cc1,606.0,,
c1ccc(cc1)[As+](c1ccccc1)(c1ccccc1)c1ccccc1.N#C[C-](C(=C1N=C(C(=C1C#N)C#N)NCc1ccccc1)C#N)C#N,N#CC1=C(C#N)C(=C(C#N)[C-](C#N)C#N)N=C1NCc1ccccc1.c1ccc([As+](c2ccccc2)(c2ccccc2)c2ccccc2)cc1,574.0,,
c1ccc(cc1)[As+](c1ccccc1)(c1ccccc1)c1ccccc1.N#C[C-](C(=C1N=C(C(=C1C#N)C#N)N=CN(C)C)C#N)C#N,CN(C)C=NC1=NC(=C(C#N)[C-](C#N)C#N)C(C#N)=C1C#N.c1ccc([As+](c2ccccc2)(c2ccccc2)c2ccccc2)cc1,579.0,,
c1ccc(cc1)[As+](c1ccccc1)(c1ccccc1)c1ccccc1.CCCNC(=O)NC1=NC(=C([C-](C#N)C#N)C#N)C(=C1C#N)C#N,CCCNC(=O)NC1=NC(=C(C#N)[C-](C#N)C#N)C(C#N)=C1C#N.c1ccc([As+](c2ccccc2)(c2ccccc2)c2ccccc2)cc1,532.0,,
CCCCCCCCC=CCCCCCCCC(=O)[O-],CCCCCCCCC=CCCCCCCCC(=O)[O-],600.0,,
COc1ccc(cc1)c1nnc(o1)c1ccc(nc1)c1ccc2c(c1)C=C1C2=CC=C(C21C=CC=C1C2=Cc2c1cccc2)c1ccc(cn1)c1nnc(o1)c1ccc(cc1)OC,COc1ccc(-c2nnc(-c3ccc(C4=CC=C5C(=Cc6cc(-c7ccc(-c8nnc(-c9ccc(OC)cc9)o8)cn7)ccc65)C45C=CC=C4C5=Cc5ccccc54)nc3)o2)cc1,407.0,,
C1(C)c2cc(ccc2c2c1cc(cc2)c1ccc(s1)c1nnc(o1)c1ccc(cc1)C(C)(C)C)c1ccc(s1)c1nnc(o1)c1ccc(cc1)C(C)(C)C,CC1c2cc(-c3ccc(-c4nnc(-c5ccc(C(C)(C)C)cc5)o4)s3)ccc2-c2ccc(-c3ccc(-c4nnc(-c5ccc(C(C)(C)C)cc5)o4)s3)cc21,439.0,,
O[C@@H]1CC(=C(C(C1)(C)C)C#C[C@H](OC(=O)C)C)C,CC(=O)O[C@H](C)C#CC1=C(C)C[C@@H](O)CC1(C)C,231.0,,
CC(=O)OO,CC(=O)OO,695.0,,
[N],[N],220.0,,
CCC[C@H](c1ccccc1)Oc1cccc(c1C1=C2C=CC(=N2)C(=c2ccc(=C(C3=NC(=C(c4[nH]c1cc4)c1c(cccc1O[C@@H](c1ccccc1)CCC)O[C@@H](c1ccccc1)CCC)C=C3)c1c(cccc1O[C@@H](c1ccccc1)CCC)O[C@@H](c1ccccc1)CCC)[nH]2)c1c(cccc1O[C@@H](c1ccccc1)CCC)O[C@@H](c1ccccc1)CCC)O[C@@H](c1ccccc1)CCC,CCC[C@@H](Oc1cccc(O[C@H](CCC)c2ccccc2)c1-c1c2nc(c(-c3c(O[C@H](CCC)c4ccccc4)cccc3O[C@H](CCC)c3ccccc3)c3ccc([nH]3)c(-c3c(O[C@H](CCC)c4ccccc4)cccc3O[C@H](CCC)c3ccccc3)c3nc(c(-c4c(O[C@H](CCC)c5ccccc5)cccc4O[C@H](CCC)c4ccccc4)c4ccc1[nH]4)C=C3)C=C2)c1ccccc1,654.0,,
COc1ccc2c(c1)c(ccn2)[C@@H]([C@H]1CC2CCN1C[C@@H]2CC)Oc1nnc(c2c1cccc2)O[C@@H](c1ccnc2c1cc(OC)cc2)[C@H]1CC2CCN1C[C@@H]2C=C,C=C[C@H]1CN2CCC1C[C@@H]2[C@@H](Oc1nnc(O[C@@H](c2ccnc3ccc(OC)cc23)[C@H]2CC3CCN2C[C@@H]3CC)c2ccccc12)c1ccnc2ccc(OC)cc12,281.0,,
Oc1ccc(cc1)C1=C2C=CC(=N2)C(=c2ccc(=C(C3=NC(=C(c4[nH]c1cc4)c1ccc4c(n1)cccc4)C=C3)c1ccc(cc1)O)[nH]2)c1ccc(cc1)O,Oc1ccc(-c2c3nc(c(-c4ccc(O)cc4)c4ccc([nH]4)c(-c4ccc5ccccc5n4)c4nc(c(-c5ccc(O)cc5)c5ccc2[nH]5)C=C4)C=C3)cc1,423.0,,
C1C=CC=C1.[CH-]1C=CC=C1.[Fe+2],C1=CCC=C1.[Fe+2].c1cc[cH-]c1,332.0,,
[W],[W],252.0,,
[F],[F],580.0,,
C1SSC=C1,C1=CSSC1,566.0,,
IC1=C2C=CC(=N2)C(=c2ccc(=C(C3=NC(=C(c4[nH]c1cc4)C(CCOP(=O)(OCc1ccccc1)OCc1ccccc1)CCOP(=O)(OCc1ccccc1)OCc1ccccc1)C=C3)I)[nH]2)c1ccccc1,O=P(OCCC(CCOP(=O)(OCc1ccccc1)OCc1ccccc1)c1c2nc(c(I)c3ccc([nH]3)c(-c3ccccc3)c3nc(c(I)c4ccc1[nH]4)C=C3)C=C2)(OCc1ccccc1)OCc1ccccc1,426.0,,
O=P(OCc1ccccc1)(OCc1ccccc1)OCCC(C1=C2C=CC(=N2)C=c2ccc(=C(C3=NC(=Cc4[nH]c1cc4)C=C3)c1ccccc1)[nH]2)CCOP(=O)(OCc1ccccc1)OCc1ccccc1,O=P(OCCC(CCOP(=O)(OCc1ccccc1)OCc1ccccc1)c1c2nc(cc3ccc([nH]3)c(-c3ccccc3)c3nc(cc4ccc1[nH]4)C=C3)C=C2)(OCc1ccccc1)OCc1ccccc1,406.0,,
c1ccc(cc1)c1cc([s+]c(c1)c1ccccc1)c1ccccc1,c1ccc(-c2cc(-c3ccccc3)[s+]c(-c3ccccc3)c2)cc1,550.0,,
c1ccc(cc1)[As+](c1ccccc1)(c1ccccc1)c1ccccc1.C=CCCCCNC1=NC(=C([C-](C#N)C#N)C#N)C(=C1C#N)C#N,C=CCCCCNC1=NC(=C(C#N)[C-](C#N)C#N)C(C#N)=C1C#N.c1ccc([As+](c2ccccc2)(c2ccccc2)c2ccccc2)cc1,583.0,,
C1=CC2=NC1=Cc1ccc([nH]1)C=C1C=CC(=N1)C=c1[nH]c(=C2)cc1.C1=CC2=NC1=Cc1ccc([nH]1)C=C1C=CC(=N1)C=c1[nH]c(=C2)cc1.[Ni+2],C1=Cc2cc3ccc(cc4nc(cc5ccc(cc1n2)[nH]5)C=C4)[nH]3.C1=Cc2cc3ccc(cc4nc(cc5ccc(cc1n2)[nH]5)C=C4)[nH]3.[Ni+2],416.0,,toluene
C1=CC2=NC1=Cc1ccc([nH]1)C=C1C=CC(=N1)C=c1[nH]c(=C2)cc1.C1=CC2=NC1=Cc1ccc([nH]1)C=C1C=CC(=N1)C=c1[nH]c(=C2)cc1.C1=CC2=NC1=Cc1ccc([nH]1)C=C1C=CC(=N1)C=c1[nH]c(=C2)cc1.[Ni+2],C1=Cc2cc3ccc(cc4nc(cc5ccc(cc1n2)[nH]5)C=C4)[nH]3.C1=Cc2cc3ccc(cc4nc(cc5ccc(cc1n2)[nH]5)C=C4)[nH]3.C1=Cc2cc3ccc(cc4nc(cc5ccc(cc1n2)[nH]5)C=C4)[nH]3.[Ni+2],416.0,,toluene
c1ncn[nH]1,c1nc[nH]n1,530.0,,
c1ccncn1,c1cncnc1,430.0,,
n1ccncc1,c1cnccn1,530.0,,THF
O=S1(=O)C=CC=C1,O=S1(=O)C=CC=C1,600.0,,
n1cncnc1,c1ncncn1,532.0,,
N1=Nc2c(=C1)ncc1=NN=Cc21,C1=NN=c2cnc3c(c21)N=NC=3,454.0,,
[O-][N+](=O)[O-].[Cl-],O=[N+]([O-])[O-].[Cl-],477.0,,
CNC(=O)c1c[n+](Cc2ccccc2)cc(c1)C(=O)NC.[Br-],CNC(=O)c1cc(C(=O)NC)c[n+](Cc2ccccc2)c1.[Br-],295.0,,
NC(=O)c1c[n+](Cc2ccccc2)cc(c1)C(=O)N.[Br-],NC(=O)c1cc(C(N)=O)c[n+](Cc2ccccc2)c1.[Br-],295.0,,
[S-]C#N,N#C[S-],340.0,,
c1ccc(cc1)[N+]c1ccccc1,c1ccc([N+]c2ccccc2)cc1,510.0,,
COc1cc(C(OCc2cc(COC(c3cc(OC)c(cc3[N+](=O)[O-])OCc3ccccc3)C)cc(c2)COC(c2cc(OC)c(cc2[N+](=O)[O-])OCc2ccccc2)C)C)c(cc1OCc1ccccc1)[N+](=O)[O-],COc1cc(C(C)OCc2cc(COC(C)c3cc(OC)c(OCc4ccccc4)cc3[N+](=O)[O-])cc(COC(C)c3cc(OC)c(OCc4ccccc4)cc3[N+](=O)[O-])c2)c([N+](=O)[O-])cc1OCc1ccccc1,344.0,,
COc1cc(C(c2cc(OC)c(cc2[N+](=O)[O-])OCc2cc(OCc3cc(OCc4ccccc4)cc(c3)OCc3ccccc3)cc(c2)OCc2cc(OCc3ccccc3)cc(c2)OCc2ccccc2)OCc2cc(COC(c3cc(OC)c(cc3[N+](=O)[O-])OCc3cc(OCc4cc(OCc5ccccc5)cc(c4)OCc4ccccc4)cc(c3)OCc3cc(OCc4ccccc4)cc(c3)OCc3ccccc3)c3cc(OC)c(cc3[N+](=O)[O-])OCc3cc(OCc4cc(OCc5ccccc5)cc(c4)OCc4ccccc4)cc(c3)OCc3cc(OCc4ccccc4)cc(c3)OCc3ccccc3)cc(c2)COC(c2cc(OC)c(cc2[N+](=O)[O-])OCc2cc(OCc3cc(OCc4ccccc4)cc(c3)OCc3ccccc3)cc(c2)OCc2cc(OCc3ccccc3)cc(c2)OCc2ccccc2)c2cc(OC)c(cc2[N+](=O)[O-])OCc2cc(OCc3cc(OCc4ccccc4)cc(c3)OCc3ccccc3)cc(c2)OCc2cc(OCc3ccccc3)cc(c2)OCc2ccccc2)c(cc1OCc1cc(OCc2cc(OCc3ccccc3)cc(c2)OCc2ccccc2)cc(c1)OCc1cc(OCc2ccccc2)cc(c1)OCc1ccccc1)[N+](=O)[O-],COc1cc(C(OCc2cc(COC(c3cc(OC)c(OCc4cc(OCc5cc(OCc6ccccc6)cc(OCc6ccccc6)c5)cc(OCc5cc(OCc6ccccc6)cc(OCc6ccccc6)c5)c4)cc3[N+](=O)[O-])c3cc(OC)c(OCc4cc(OCc5cc(OCc6ccccc6)cc(OCc6ccccc6)c5)cc(OCc5cc(OCc6ccccc6)cc(OCc6ccccc6)c5)c4)cc3[N+](=O)[O-])cc(COC(c3cc(OC)c(OCc4cc(OCc5cc(OCc6ccccc6)cc(OCc6ccccc6)c5)cc(OCc5cc(OCc6ccccc6)cc(OCc6ccccc6)c5)c4)cc3[N+](=O)[O-])c3cc(OC)c(OCc4cc(OCc5cc(OCc6ccccc6)cc(OCc6ccccc6)c5)cc(OCc5cc(OCc6ccccc6)cc(OCc6ccccc6)c5)c4)cc3[N+](=O)[O-])c2)c2cc(OC)c(OCc3cc(OCc4cc(OCc5ccccc5)cc(OCc5ccccc5)c4)cc(OCc4cc(OCc5ccccc5)cc(OCc5ccccc5)c4)c3)cc2[N+](=O)[O-])c([N+](=O)[O-])cc1OCc1cc(OCc2cc(OCc3ccccc3)cc(OCc3ccccc3)c2)cc(OCc2cc(OCc3ccccc3)cc(OCc3ccccc3)c2)c1,339.0,,
[O-][Cl](=O)(=O)=O.CCCC[N+](CCCC)(CCCC)CCCC,CCCC[N+](CCCC)(CCCC)CCCC.[O-][Cl+3]([O-])([O-])[O-],240.0,,
N=O,N=O,330.0,,
[O-]C.[Na+],C[O-].[Na+],291.0,,dichloromethane
OC(=O)C(F)(F)F,O=C(O)C(F)(F)F,358.0,,dichloromethane
[Cr+3],[Cr+3],292.0,,
Oc1ccc(cc1O)CCNC(=[NH2+])N.[Br-],NC(=[NH2+])NCCc1ccc(O)c(O)c1.[Br-],400.0,,
OP(=O)(OP(=O)(OP(=O)(O)O)O)OC[C@H]1O[C@H](C(C1(F)F)(F)F)c1cccc2c1cccc2.CCN(CC)CC,CCN(CC)CC.O=P(O)(O)OP(=O)(O)OP(=O)(O)OC[C@H]1O[C@@H](c2cccc3ccccc23)C(F)(F)C1(F)F,221.0,,
CCOC(=O)c1cc2c(OCCN(CC(=O)O)CC(=O)O)c(CN(CC(=O)O)CC(=O)O)c(c(c2oc1=O)CN(CC(=O)O)CC(=O)O)OCCN(CC(=O)O)CC(=O)O,CCOC(=O)c1cc2c(OCCN(CC(=O)O)CC(=O)O)c(CN(CC(=O)O)CC(=O)O)c(OCCN(CC(=O)O)CC(=O)O)c(CN(CC(=O)O)CC(=O)O)c2oc1=O,397.0,,
[O-]C(=O)c1ccccc1C(=O)[O-],O=C([O-])c1ccccc1C(=O)[O-],330.0,,
c1ccc[nH]1.Cc1cccc(c1)N,Cc1cccc(N)c1.c1cc[nH]c1,860.0,,DMSO
CCCCNC(=O)CN1CCN(CC(=O)NCCCC)CC(=O)NCCNC(=O)C1,CCCCNC(=O)CN1CCN(CC(=O)NCCCC)CC(=O)NCCNC(=O)C1,262.0,,
CCCCCCNC(=O)CN1CCN(CC(=O)NCCCCCC)CC(=O)NCCNC(=O)C1,CCCCCCNC(=O)CN1CCN(CC(=O)NCCCCCC)CC(=O)NCCNC(=O)C1,273.0,,
CCCCNC(=O)CN1CCN(CC(=O)NCCCC)CC(=O)NCCCNC(=O)C1,CCCCNC(=O)CN1CCN(CC(=O)NCCCC)CC(=O)NCCCNC(=O)C1,290.0,,
CCCCCCNC(=O)CN1CCN(CC(=O)NCCCCCC)CC(=O)NCCCNC(=O)C1,CCCCCCNC(=O)CN1CCN(CC(=O)NCCCCCC)CC(=O)NCCCNC(=O)C1,295.0,,
[O-]S(=S)(=O)[O-],O=S([O-])([O-])=S,550.0,,
N#CC(=Cc1ccc(s1)c1ccc2c(c1)C(CC)(CC)c1c2ccc(c1)N(c1ccc2c(c1)C(CC)(CC)c1c2cccc1)c1ccc2c(c1)C(CC)(CC)c1c2cccc1)C(=O)O,CCC1(CC)c2ccccc2-c2ccc(N(c3ccc4c(c3)C(CC)(CC)c3ccccc3-4)c3ccc4c(c3)C(CC)(CC)c3cc(-c5ccc(C=C(C#N)C(=O)O)s5)ccc3-4)cc21,492.0,24100.0,dichloromethane
N#CC(=Cc1ccc(s1)c1ccc(s1)c1ccc2c(c1)C(CC)(CC)c1c2ccc(c1)N(c1ccc2c(c1)C(CC)(CC)c1c2cccc1)c1ccc2c(c1)C(CC)(CC)c1c2cccc1)C(=O)O,CCC1(CC)c2ccccc2-c2ccc(N(c3ccc4c(c3)C(CC)(CC)c3ccccc3-4)c3ccc4c(c3)C(CC)(CC)c3cc(-c5ccc(-c6ccc(C=C(C#N)C(=O)O)s6)s5)ccc3-4)cc21,513.0,421000.0,dichloromethane
Cn1c2cc(ccc2c2c1cc(cc2)c1ccc(c2c1nsn2)c1ccc(cc1)N(c1ccc(cc1)C(C)(C)C)c1ccc(cc1)C(C)(C)C)C=C(C(=O)O)C#N,Cn1c2cc(C=C(C#N)C(=O)O)ccc2c2ccc(-c3ccc(-c4ccc(N(c5ccc(C(C)(C)C)cc5)c5ccc(C(C)(C)C)cc5)cc4)c4nsnc34)cc21,305.0,42000.0,
C(Cn1c2ccc(cc2c2c1ccc(c2)C=CC(=O)O)C=CC1=CC(=C(C#N)C#N)C=C(O1)C=Cc1ccc2c(c1)c1cc(C=CC(=O)O)ccc1n2CC(C)CC)CC,CCCCn1c2ccc(C=CC(=O)O)cc2c2cc(C=CC3=CC(=C(C#N)C#N)C=C(C=Cc4ccc5c(c4)c4cc(C=CC(=O)O)ccc4n5CC(C)CC)O3)ccc21,457.0,,DMF
C(Cn1c2ccc(cc2c2c1ccc(c2)C=CC(=O)O)C=CC1=CC(=C2C(=O)N(CC)C(=S)N(C2=O)CC)C=C(O1)C=Cc1ccc2c(c1)c1cc(C=CC(=O)O)ccc1n2CC(C)CC)CC,CCCCn1c2ccc(C=CC(=O)O)cc2c2cc(C=CC3=CC(=C4C(=O)N(CC)C(=S)N(CC)C4=O)C=C(C=Cc4ccc5c(c4)c4cc(C=CC(=O)O)ccc4n5CC(C)CC)O3)ccc21,510.0,,DMF
C(Cn1c2ccc(cc2c2c1ccc(c2)C=CC(=O)O)C=CC1=CC(=C2C(=O)c3c(C2=C(C#N)C#N)cccc3)C=C(O1)C=Cc1ccc2c(c1)c1cc(C=CC(=O)O)ccc1n2CC(C)CC)CC,CCCCn1c2ccc(C=CC(=O)O)cc2c2cc(C=CC3=CC(=C4C(=O)c5ccccc5C4=C(C#N)C#N)C=C(C=Cc4ccc5c(c4)c4cc(C=CC(=O)O)ccc4n5CC(C)CC)O3)ccc21,583.0,,DMF
C(Cn1c2ccc(cc2c2c1ccc(c2)C=CC1=CC(=C2C(=C(C#N)C#N)c3c(S2(=O)=O)cccc3)C=C(O1)C=Cc1ccc2c(c1)c1cc(C=CC(=O)O)ccc1n2CC(C)CC)C=CC(=O)O)CC,CCCCn1c2ccc(C=CC(=O)O)cc2c2cc(C=CC3=CC(=C4C(=C(C#N)C#N)c5ccccc5S4(=O)=O)C=C(C=Cc4ccc5c(c4)c4cc(C=CC(=O)O)ccc4n5CC(C)CC)O3)ccc21,598.0,,DMF
[CH-]1C=CC=C1.O=C([C-]1C=CC=C1)CSc1[nH]nc(n1)C.[Fe+2],Cc1n[nH]c(SCC(=O)[c-]2cccc2)n1.[Fe+2].c1cc[cH-]c1,460.0,,EtOH
[CH-]1C=CC=C1.O=C([C-]1C=CC=C1)CSc1[nH]nc(n1)c1ccco1.[Fe+2],O=C(CSc1nc(-c2ccco2)n[nH]1)[c-]1cccc1.[Fe+2].c1cc[cH-]c1,460.0,,EtOH
[CH-]1C=CC=C1.O=C([C-]1C=CC=C1)CSc1[nH]nc(n1)c1ccccc1.[Fe+2],O=C(CSc1nc(-c2ccccc2)n[nH]1)[c-]1cccc1.[Fe+2].c1cc[cH-]c1,460.0,,EtOH
[CH-]1C=CC=C1.O=C([C-]1C=CC=C1)CSc1[nH]nc(n1)c1ccc(cc1)C.[Fe+2],Cc1ccc(-c2n[nH]c(SCC(=O)[c-]3cccc3)n2)cc1.[Fe+2].c1cc[cH-]c1,460.0,,EtOH
[CH-]1C=CC=C1.COc1ccc(cc1)c1n[nH]c(n1)SCC(=O)[C-]1C=CC=C1.[Fe+2],COc1ccc(-c2n[nH]c(SCC(=O)[c-]3cccc3)n2)cc1.[Fe+2].c1cc[cH-]c1,460.0,,EtOH
[CH-]1C=CC=C1.O=C([C-]1C=CC=C1)CSc1[nH]nc(n1)c1cccc(c1)Br.[Fe+2],O=C(CSc1nc(-c2cccc(Br)c2)n[nH]1)[c-]1cccc1.[Fe+2].c1cc[cH-]c1,460.0,,EtOH
[CH-]1C=CC=C1.O=C([C-]1C=CC=C1)CSc1[nH]nc(n1)c1ccc(cc1)[N+](=O)[O-].[Fe+2],O=C(CSc1nc(-c2ccc([N+](=O)[O-])cc2)n[nH]1)[c-]1cccc1.[Fe+2].c1cc[cH-]c1,454.0,,EtOH
O=Cc1cc(Br)ccc1O,O=Cc1cc(Br)ccc1O,313.0,,ethanol
CCn1c(nc2c1cccc2)c1ccc2c(n1)c([O-])ccc2.[K+],CCn1c(-c2ccc3cccc([O-])c3n2)nc2ccccc21.[K+],321.0,,
COc1cccc(c1)c1ccc(cc1)N(c1ccc(cc1)C=C(C(=O)O)[N+]#[C-])c1ccc(cc1)c1nc2c([nH]1)c(ccc2c1cccc(c1)OC)c1cccc(c1)OC,[C-]#[N+]C(=Cc1ccc(N(c2ccc(-c3cccc(OC)c3)cc2)c2ccc(-c3nc4c(-c5cccc(OC)c5)ccc(-c5cccc(OC)c5)c4[nH]3)cc2)cc1)C(=O)O,310.0,,Toluene
COc1cccc(c1)c1ccc(c2c1[nH]c(n2)c1ccc(cc1)N(c1ccc(cc1)c1cccc(c1)N(C)C)c1ccc(cc1)C=C(C(=O)O)[N+]#[C-])c1cccc(c1)OC,[C-]#[N+]C(=Cc1ccc(N(c2ccc(-c3cccc(N(C)C)c3)cc2)c2ccc(-c3nc4c(-c5cccc(OC)c5)ccc(-c5cccc(OC)c5)c4[nH]3)cc2)cc1)C(=O)O,360.0,,Toluene
COc1cccc(c1)c1ccc(c2c1[nH]c(n2)c1ccc(cc1)N(c1ccc(cc1)C=C(C(=O)O)[N+]#[C-])c1ccc(cc1)Br)c1cccc(c1)OC,[C-]#[N+]C(=Cc1ccc(N(c2ccc(Br)cc2)c2ccc(-c3nc4c(-c5cccc(OC)c5)ccc(-c5cccc(OC)c5)c4[nH]3)cc2)cc1)C(=O)O,365.0,,Toluene
[O-][Cl](=O)(=O)=O.CCN(c1ccc2c(c1)Oc1c(C2=CC=Cc2c3ccc(cc3[o+]c3c2ccc(c3)N(CC)CC)N(CC)CC)ccc(c1)N(CC)CC)CC,CCN(CC)c1ccc2c(c1)Oc1cc(N(CC)CC)ccc1C2=CC=Cc1c2ccc(N(CC)CC)cc2[o+]c2cc(N(CC)CC)ccc12.[O-][Cl+3]([O-])([O-])[O-],568.0,,
[O-][Cl](=O)(=O)=O.CCN(c1ccc2c(c1)Oc1c(C2=CC=CC=Cc2c3ccc(cc3[o+]c3c2ccc(c3)N(CC)CC)N(CC)CC)ccc(c1)N(CC)CC)CC,CCN(CC)c1ccc2c(c1)Oc1cc(N(CC)CC)ccc1C2=CC=CC=Cc1c2ccc(N(CC)CC)cc2[o+]c2cc(N(CC)CC)ccc12.[O-][Cl+3]([O-])([O-])[O-],576.0,,
[O-][Cl](=O)(=O)=O.CCN(c1ccc2c(c1)[o+]c1c(c2C=CC=C(c2ccc(cc2)N(C)C)c2ccc(cc2)N(C)C)ccc(c1)N(CC)CC)CC,CCN(CC)c1ccc2c(C=CC=C(c3ccc(N(C)C)cc3)c3ccc(N(C)C)cc3)c3ccc(N(CC)CC)cc3[o+]c2c1.[O-][Cl+3]([O-])([O-])[O-],574.0,,
[O-][Cl](=O)(=O)=O.CCN(c1ccc2c(c1)[o+]c1c(c2C=Cc2ccc(cc2)N(C)C)ccc(c1)N(CC)CC)CC,CCN(CC)c1ccc2c(C=Cc3ccc(N(C)C)cc3)c3ccc(N(CC)CC)cc3[o+]c2c1.[O-][Cl+3]([O-])([O-])[O-],561.0,,
C[N+]1=CC(c2c1cccc2)(C)C,C[N+]1=CC(C)(C)c2ccccc21,548.0,,
F[B-](F)(F)F.CN(c1ccc(cc1)C(=CC=CC1[NH+](C)c2c(C1(C)C)cccc2)c1ccc(cc1)N(C)C)C,CN(C)c1ccc(C(=CC=CC2[NH+](C)c3ccccc3C2(C)C)c2ccc(N(C)C)cc2)cc1.F[B-](F)(F)F,646.0,,
c1ccc2c(c1)[nH+]cs2,c1ccc2sc[nH+]c2c1,541.0,,
[O-][Cl](=O)(=O)=O.CN(c1ccc(cc1)C(=CC=Cc1sc2c([n+]1C)cccc2)c1ccc(cc1)N(C)C)C,CN(C)c1ccc(C(=CC=Cc2sc3ccccc3[n+]2C)c2ccc(N(C)C)cc2)cc1.[O-][Cl+3]([O-])([O-])[O-],595.0,,
c1ccc2c(c1)[nH+]ccc2,c1ccc2[nH+]cccc2c1,533.0,,
CN(c1ccc(cc1)C(=CC=C(c1ccc2c([nH+]1)cccc2)C)c1ccc(cc1)N(C)C)C.Cc1ccc(cc1)S(=O)(=O)[O-],CC(=CC=C(c1ccc(N(C)C)cc1)c1ccc(N(C)C)cc1)c1ccc2ccccc2[nH+]1.Cc1ccc(S(=O)(=O)[O-])cc1,585.0,,
[SH2-2].[Zn+2],[SH2-2].[Zn+2],296.0,,
C1(C)c2cc(ccc2c2c1cc(cc2)N(c1ccccc1)c1ccccc1)c1ccc(c2c1nsn2)c1ccc2c(c1)C(C)(C)c1c2ccc(c1)N(c1ccccc1)c1ccccc1,CC1c2cc(-c3ccc(-c4ccc5c(c4)C(C)(C)c4cc(N(c6ccccc6)c6ccccc6)ccc4-5)c4nsnc34)ccc2-c2ccc(N(c3ccccc3)c3ccccc3)cc21,449.0,,
[O-]P(=O)([O-])[O-].[O-]P(=O)([O-])[O-].[Zn+2].[Zn+2].[Zn+2],O=P([O-])([O-])[O-].O=P([O-])([O-])[O-].[Zn+2].[Zn+2].[Zn+2],220.0,,
[O-]P(=O)([O-])[O-].[Pb+3],O=P([O-])([O-])[O-].[Pb+3],220.0,,
O=C1C(=O)C2(C(C1CC2)(C)C)C,CC12CCC(C(=O)C1=O)C2(C)C,470.0,,
[Zr],[Zr],687.0,,DMSO
[Hf],[Hf],687.0,,Toluene
CCCCCCCCCCCCOS(=O)(=O)c1ccccc1.[Na],CCCCCCCCCCCCOS(=O)(=O)c1ccccc1.[Na],624.0,,
COC(=O)c1cc(Br)ccc1N,COC(=O)c1cc(Br)ccc1N,410.0,,Water
CCCCCCCCCCCCCC(=O)OP(=O)(OC(=O)CCCCCCCCCCCCC)OCC[N+](C)(C)C,CCCCCCCCCCCCCC(=O)OP(=O)(OCC[N+](C)(C)C)OC(=O)CCCCCCCCCCCCC,399.0,,
CCCCCCCCCCCCCCCC(=O)OP(=O)(OC(=O)CCCCCCCCCCCCCCC)OCC[N+](C)(C)C,CCCCCCCCCCCCCCCC(=O)OP(=O)(OCC[N+](C)(C)C)OC(=O)CCCCCCCCCCCCCCC,400.0,,
CCCCCCCCCCCCCCCCCC(=O)OP(=O)(OC(=O)CCCCCCCCCCCCCCCCC)OCC[N+](C)(C)C,CCCCCCCCCCCCCCCCCC(=O)OP(=O)(OCC[N+](C)(C)C)OC(=O)CCCCCCCCCCCCCCCCC,400.0,,
CCCCCCCCC=CCCCCCCCC(=O)OP(=O)(OC(=O)CCCCCCCC=CCCCCCCCC)OCC[N+](C)(C)C,CCCCCCCCC=CCCCCCCCC(=O)OP(=O)(OCC[N+](C)(C)C)OC(=O)CCCCCCCC=CCCCCCCCC,399.0,,
N#Cc1c(C#N)ncn1C,Cn1cnc(C#N)c1C#N,244.0,,
N#Cc1c(C#N)nc(n1C)N(C)C,CN(C)c1nc(C#N)c(C#N)n1C,293.0,,
[I],[I],404.0,,chloroform
C1CC=CC=C1,C1=CCCC=C1,636.0,,octene
Fc1ccc(c(c1)C(=O)O)O.[Cu+2],O=C(O)c1cc(F)ccc1O.[Cu+2],720.0,,
c1ccn[nH]1,c1cn[nH]c1,671.0,,
CC(C(=CC=CC=CC=CC=C(C(C)(C)C)C(C)(C)C)C(C)(C)C)(C)C,CC(C)(C)C(=CC=CC=CC=CC=C(C(C)(C)C)C(C)(C)C)C(C)(C)C,308.0,,
CC(C(=CC=CC=CC=CC=CC=CC=C(C(C)(C)C)C(C)(C)C)C(C)(C)C)(C)C,CC(C)(C)C(=CC=CC=CC=CC=CC=CC=C(C(C)(C)C)C(C)(C)C)C(C)(C)C,342.0,,
CC(C(=CC=CC=C(C(C)(C)C)C(C)(C)C)C(C)(C)C)(C)C,CC(C)(C)C(=CC=CC=C(C(C)(C)C)C(C)(C)C)C(C)(C)C,370.0,,
CCCCOC(=O)C,CCCCOC(C)=O,259.5,24580.0,
OCC(CO)O,OCC(O)CO,260.5,4208.0,
c1ccco1,c1ccoc1,421.0,,
[O-]C(=O)c1ccccc1C(=O)[O-].Nc1cc[nH+]cc1.Nc1cc[nH+]cc1,Nc1cc[nH+]cc1.Nc1cc[nH+]cc1.O=C([O-])c1ccccc1C(=O)[O-],335.0,,Methanol
[O-]c1ccccc1C=Nc1cccc2c1nc(cc2)c1nc2c([nH]1)cccc2,[O-]c1ccccc1C=Nc1cccc2ccc(-c3nc4ccccc4[nH]3)nc12,318.0,,Toluene
Cc1cc(C=Nc2cccc3c2nc(cc3)c2nc3c([nH]2)cccc3)c(c(c1)C)[O-],Cc1cc(C)c([O-])c(C=Nc2cccc3ccc(-c4nc5ccccc5[nH]4)nc23)c1,323.0,,Toluene
[O-]c1c(C=Nc2cccc3c2nc(cc3)c2nc3c([nH]2)cccc3)cc(cc1C(C)(C)C)C(C)(C)C.[O-]c1c(C=Nc2cccc3c2nc(cc3)c2nc3c([nH]2)cccc3)cc(cc1C(C)(C)C)C(C)(C)C.[Zn+2],CC(C)(C)c1cc(C=Nc2cccc3ccc(-c4nc5ccccc5[nH]4)nc23)c([O-])c(C(C)(C)C)c1.CC(C)(C)c1cc(C=Nc2cccc3ccc(-c4nc5ccccc5[nH]4)nc23)c([O-])c(C(C)(C)C)c1.[Zn+2],324.0,,Toluene
Cc1cc(cc(c1[O-])C=Nc1cccc2c1nc(cc2)c1nc2c([nH]1)cccc2)C(C)(C)C.Cc1cc(cc(c1[O-])C=Nc1cccc2c1nc(cc2)c1nc2c([nH]1)cccc2)C(C)(C)C.[Zn+2],Cc1cc(C(C)(C)C)cc(C=Nc2cccc3ccc(-c4nc5ccccc5[nH]4)nc23)c1[O-].Cc1cc(C(C)(C)C)cc(C=Nc2cccc3ccc(-c4nc5ccccc5[nH]4)nc23)c1[O-].[Zn+2],323.0,,Toluene
Brc1ccc(c(c1)C=Nc1cccc2c1nc(cc2)c1nc2c([nH]1)cccc2)[O-].Brc1ccc(c(c1)C=Nc1cccc2c1nc(cc2)c1nc2c([nH]1)cccc2)[O-].[Zn+2],[O-]c1ccc(Br)cc1C=Nc1cccc2ccc(-c3nc4ccccc4[nH]3)nc12.[O-]c1ccc(Br)cc1C=Nc1cccc2ccc(-c3nc4ccccc4[nH]3)nc12.[Zn+2],318.0,,Toluene
c1ccc[nH+]c1,c1cc[nH+]cc1,310.0,27000.0,
CCSC(c1ccc2c(c1)C1(c3cc(ccc3c3c1cc(cc3)c1ccc(cc1)N(c1ccccc1)c1ccccc1)c1ccc(cc1)N(c1ccccc1)c1ccccc1)c1c2ccc(c1)C(SCC)SCC)SCC,CCSC(SCC)c1ccc2c(c1)C1(c3cc(-c4ccc(N(c5ccccc5)c5ccccc5)cc4)ccc3-c3ccc(-c4ccc(N(c5ccccc5)c5ccccc5)cc4)cc31)c1cc(C(SCC)SCC)ccc1-2,296.0,,Cl
Nc1ccc(cc1)Oc1ccc(cc1)c1[nH]c(nc1c1ccc(cc1)Oc1ccc(cc1)N)c1ccc(cc1)C1c2c(ccc3c2cccc3)Oc2c1c1ccccc1cc2,Nc1ccc(Oc2ccc(-c3nc(-c4ccc(C5c6c(ccc7ccccc67)Oc6ccc7ccccc7c65)cc4)[nH]c3-c3ccc(Oc4ccc(N)cc4)cc3)cc2)cc1,302.0,,
Nc1ccc(c(c1)C(F)(F)F)Oc1ccc(cc1)c1[nH]c(nc1c1ccc(cc1)Oc1ccc(cc1C(F)(F)F)N)c1ccc(cc1)C1c2c(ccc3c2cccc3)Oc2c1c1ccccc1cc2,Nc1ccc(Oc2ccc(-c3nc(-c4ccc(C5c6c(ccc7ccccc67)Oc6ccc7ccccc7c65)cc4)[nH]c3-c3ccc(Oc4ccc(N)cc4C(F)(F)F)cc3)cc2)c(C(F)(F)F)c1,299.0,,
N[C@H](C(=O)O)CS,N[C@@H](CS)C(=O)O,264.0,,
Cc1ccc(cc1)C1(c2ccc(cc2)C)c2cc(ccc2c2c1cc(s2)c1ccc(s1)c1ccc(cc1)C(=O)O)N(c1ccc(cc1)C)c1ccc(cc1)C,Cc1ccc(N(c2ccc(C)cc2)c2ccc3c(c2)C(c2ccc(C)cc2)(c2ccc(C)cc2)c2cc(-c4ccc(-c5ccc(C(=O)O)cc5)s4)sc2-3)cc1,310.0,32326.0,
Cc1ccc(cc1)C1(c2ccc(cc2)C)c2cc(ccc2c2c1cc(s2)c1ccc(s1)c1ccc(c2c1nsn2)c1ccc(cc1)C(=O)O)N(c1ccc(cc1)C)c1ccc(cc1)C,Cc1ccc(N(c2ccc(C)cc2)c2ccc3c(c2)C(c2ccc(C)cc2)(c2ccc(C)cc2)c2cc(-c4ccc(-c5ccc(-c6ccc(C(=O)O)cc6)c6nsnc56)s4)sc2-3)cc1,401.0,26814.0,
Cn1c2ccc(cc2c2c1cccc2)c1ccc2c(c1)c1c(n2CC)c2c(c3c1n(CC)c1c3cc(cc1)c1ccc3c(c1)c1ccccc1n3C)n(c1c2cc(cc1)c1ccc2c(c1)c1ccccc1n2C)CC,CCn1c2ccc(-c3ccc4c(c3)c3ccccc3n4C)cc2c2c1c1c3cc(-c4ccc5c(c4)c4ccccc4n5C)ccc3n(CC)c1c1c3cc(-c4ccc5c(c4)c4ccccc4n5C)ccc3n(CC)c21,316.0,,
Cn1c2ccccc2c2c1ccc(c2)c1ccc2c(c1)c1c3c4cc(ccc4n(c3c3c(c1n2CC)c1cc(ccc1n3CC)c1ccc2c(c1)c1ccccc1n2C)CC)c1ccc2c(c1)c1ccccc1n2C,CCn1c2ccc(-c3ccc4c(c3)c3ccccc3n4C)cc2c2c3c4cc(-c5ccc6c(c5)c5ccccc5n6C)ccc4n(CC)c3c3c(c4cc(-c5ccc6c(c5)c5ccccc5n6C)ccc4n3CC)c21,303.0,,
[SeH2-2].[Cd+2],[Cd+2].[SeH2-2],325.0,2160.0,
N#CC(=C(c1ccc(cc1)N(c1ccc2c3c1ccc1c3c(cc2)ccc1)c1cc(C)cc(c1)C)C#N)c1ccc(cc1)N(c1ccc2c3c1ccc1c3c(cc2)ccc1)c1cc(C)cc(c1)C,Cc1cc(C)cc(N(c2ccc(C(C#N)=C(C#N)c3ccc(N(c4cc(C)cc(C)c4)c4ccc5ccc6cccc7ccc4c5c67)cc3)cc2)c2ccc3ccc4cccc5ccc2c3c45)c1,600.0,,
CCC1(CC)c2cc(ccc2c2c1cc(cc2)N(c1ccc2c3c1ccc1c3c(cc2)ccc1)c1cc(C)cc(c1)C)N(c1ccc2c3c1ccc1c3c(cc2)ccc1)c1cc(C)cc(c1)C,CCC1(CC)c2cc(N(c3cc(C)cc(C)c3)c3ccc4ccc5cccc6ccc3c4c56)ccc2-c2ccc(N(c3cc(C)cc(C)c3)c3ccc4ccc5cccc6ccc3c4c56)cc21,482.0,,
n1ccc(nc1)C=Cc1ccc(cc1)C#Cc1ccc(cc1)N(c1ccc(cc1)C#Cc1ccc(cc1)C=Cc1ccncn1)c1ccc(cc1)C#Cc1ccc(cc1)C=Cc1ccncn1,C(#Cc1ccc(N(c2ccc(C#Cc3ccc(C=Cc4ccncn4)cc3)cc2)c2ccc(C#Cc3ccc(C=Cc4ccncn4)cc3)cc2)cc1)c1ccc(C=Cc2ccncn2)cc1,441.0,,CH 2 Cl 2
n1ccc(nc1)C=Cc1ccc(s1)C#Cc1ccc(cc1)N(c1ccc(cc1)C#Cc1ccc(s1)C=Cc1ccncn1)c1ccc(cc1)C#Cc1ccc(s1)C=Cc1ccncn1,C(#Cc1ccc(C=Cc2ccncn2)s1)c1ccc(N(c2ccc(C#Cc3ccc(C=Cc4ccncn4)s3)cc2)c2ccc(C#Cc3ccc(C=Cc4ccncn4)s3)cc2)cc1,468.0,,Hexane
c1ccc2c(c1)nc(cn2)C=Cc1ccc(cc1)C#Cc1ccc(cc1)N(c1ccc(cc1)C#Cc1ccc(cc1)C=Cc1cnc2c(n1)cccc2)c1ccc(cc1)C#Cc1ccc(cc1)C=Cc1cnc2c(n1)cccc2,C(#Cc1ccc(N(c2ccc(C#Cc3ccc(C=Cc4cnc5ccccc5n4)cc3)cc2)c2ccc(C#Cc3ccc(C=Cc4cnc5ccccc5n4)cc3)cc2)cc1)c1ccc(C=Cc2cnc3ccccc3n2)cc1,458.0,,Hexane
c1ccc2c(c1)nc(cn2)C=Cc1ccc(s1)C#Cc1ccc(cc1)N(c1ccc(cc1)C#Cc1ccc(s1)C=Cc1cnc2c(n1)cccc2)c1ccc(cc1)C#Cc1ccc(s1)C=Cc1cnc2c(n1)cccc2,C(#Cc1ccc(C=Cc2cnc3ccccc3n2)s1)c1ccc(N(c2ccc(C#Cc3ccc(C=Cc4cnc5ccccc5n4)s3)cc2)c2ccc(C#Cc3ccc(C=Cc4cnc5ccccc5n4)s3)cc2)cc1,485.0,,CH 2 Cl 2
n1ccnc(c1)C=Cc1ccc(cc1)C#Cc1ccc(cc1)N(c1ccc(cc1)C#Cc1ccc(cc1)C=Cc1nccnc1)c1ccc(cc1)C#Cc1ccc(cc1)C=Cc1nccnc1,C(#Cc1ccc(N(c2ccc(C#Cc3ccc(C=Cc4cnccn4)cc3)cc2)c2ccc(C#Cc3ccc(C=Cc4cnccn4)cc3)cc2)cc1)c1ccc(C=Cc2cnccn2)cc1,432.0,,CH 2 Cl 2
COc1ccc2c(c1)Oc1c(C32c2cc(ccc2c2c3cccc2)c2ccc3c4c2ccc2c4c(cc3)c(cc2)c2ccc3c(c2)C2(c4ccc(cc4Oc4c2ccc(c4)OC)OC)c2c3cccc2)ccc(c1)OC,COc1ccc2c(c1)Oc1cc(OC)ccc1C21c2ccccc2-c2ccc(-c3ccc4ccc5c(-c6ccc7c(c6)C6(c8ccc(OC)cc8Oc8cc(OC)ccc86)c6ccccc6-7)ccc6ccc3c4c65)cc21,373.0,,
C1=CC=C2C(=CCC2)C=C1,C1=CC=C2CCC=C2C=C1,367.0,,
[SH2-2].[Cd+2],[Cd+2].[SH2-2],525.0,,
[SH2-2].[Mn+2],[Mn+2].[SH2-2],340.0,,
O=C(Cc1ccccc1F)NNC(=S)[S-].[K+],O=C(Cc1ccccc1F)NNC(=S)[S-].[K+],357.0,,
CC1(C)c2cc(C#Cc3c4ccccc4c(c4c3cc3c5ccccc5C(c3c4)(C)C)C#Cc3ccc4c(c3)C(C)(C)c3c4cccc3)ccc2c2c1cccc2,CC1(C)c2ccccc2-c2ccc(C#Cc3c4ccccc4c(C#Cc4ccc5c(c4)C(C)(C)c4ccccc4-5)c4cc5c(cc34)-c3ccccc3C5(C)C)cc21,500.0,,dichloromethane
Brc1ccc2c(c1)C(C)(C)c1c2cc2c(c1)c(C#Cc1ccc3c(c1)C(C)(C)c1c3cccc1)c1c(c2C#Cc2ccc3c(c2)C(C)(C)c2c3cccc2)cccc1,CC1(C)c2ccccc2-c2ccc(C#Cc3c4ccccc4c(C#Cc4ccc5c(c4)C(C)(C)c4ccccc4-5)c4cc5c(cc34)-c3ccc(Br)cc3C5(C)C)cc21,501.0,,dichloromethane
[O-]C(=O)C.[O-]C(=O)C.[O-]C(=O)C.[In+3],CC(=O)[O-].CC(=O)[O-].CC(=O)[O-].[In+3],705.0,204173.7945,DMF
[Ce+3],[Ce+3],652.0,26302.67992,chloroform
[Gd+3],[Gd+3],681.0,338844.1561,chloroform
c1ccc(cc1)C[n+]1cccc2c1cccc2.NC(=O)c1ccccc1,NC(=O)c1ccccc1.c1ccc(C[n+]2cccc3ccccc32)cc1,270.0,,water
Cc1cc(sc1C=C(C(=O)O)C#N)c1ccc(c2c1nsn2)c1ccc2c(c1)Sc1c(N2c2ccc(cc2)N(c2ccc(cc2)C)c2ccc(cc2)C)cccc1,Cc1ccc(N(c2ccc(C)cc2)c2ccc(N3c4ccccc4Sc4cc(-c5ccc(-c6cc(C)c(C=C(C#N)C(=O)O)s6)c6nsnc56)ccc43)cc2)cc1,422.0,18000.0,
Cn1c2cc(ccc2n(c1=S)C)N(c1ccc2c(c1)n(C)c(=S)n2C)c1ccc(cc1)c1cc2c(s1)cc(s2)c1ccc(s1)C=C(C(=O)O)C#N,Cn1c(=S)n(C)c2cc(N(c3ccc(-c4cc5sc(-c6ccc(C=C(C#N)C(=O)O)s6)cc5s4)cc3)c3ccc4c(c3)n(C)c(=S)n4C)ccc21,500.0,37800.0,
Cn1c2cc(ccc2n(c1=S)C)N(c1ccc2c(c1)n(C)c(=S)n2C)c1ccc(cc1)c1sc(c2c1OCCO2)c1ccc(s1)C=C(C(=O)O)C#N,Cn1c(=S)n(C)c2cc(N(c3ccc(-c4sc(-c5ccc(C=C(C#N)C(=O)O)s5)c5c4OCCO5)cc3)c3ccc4c(c3)n(C)c(=S)n4C)ccc21,510.0,39800.0,
CN1c2ccc(cc2Sc2c1ccc(c2)C=C(C(=O)O)C#N)c1ccc(s1)c1ccc(cc1)N(c1ccc(cc1)C=C(C(=O)O)C#N)c1ccccc1,CN1c2ccc(C=C(C#N)C(=O)O)cc2Sc2cc(-c3ccc(-c4ccc(N(c5ccccc5)c5ccc(C=C(C#N)C(=O)O)cc5)cc4)s3)ccc21,445.0,42100.0,
COS(=O)(=O)C,COS(C)(=O)=O,300.0,,
F[P-](F)(F)(F)(F)F.CN(C=C(C=[N+](C)C)Cl)C,CN(C)C=C(Cl)C=[N+](C)C.F[P-](F)(F)(F)(F)F,327.0,117489.7555,CH 2 Cl 2
[CH-]1C=CC=C1.[CH-]1C=CC=C1.Cc1cccc2c1nc(n2[C-]1C=CC=C1)[C-]1C=CC=C1.[Fe+2].[Fe+2],Cc1cccc2c1nc(-[c-]1cccc1)n2-[c-]1cccc1.[Fe+2].[Fe+2].c1cc[cH-]c1.c1cc[cH-]c1,447.0,,
[CH-]1C=CC=C1.[CH-]1C=CC=C1.Cc1cccc2c1n(C)c([n+]2[C-]1C=CC=C1)[C-]1C=CC=C1.[Fe+2].[Fe+2].[I-],Cc1cccc2c1n(C)c(-[c-]1cccc1)[n+]2-[c-]1cccc1.[Fe+2].[Fe+2].[I-].c1cc[cH-]c1.c1cc[cH-]c1,463.0,,
[CH-]1C=CC=C1.[CH-]1C=CC=C1.CCn1c([C-]2C=CC=C2)[n+](c2c1c(C)ccc2)[C-]1C=CC=C1.[Fe+2].[Fe+2].[I-],CCn1c(-[c-]2cccc2)[n+](-[c-]2cccc2)c2cccc(C)c21.[Fe+2].[Fe+2].[I-].c1cc[cH-]c1.c1cc[cH-]c1,463.0,,
C[Si]1(C)c2cc(sc2c2c1cc(s2)c1sc(cc1CC(C)CC)C=C1C(=O)c2c(C1=O)cccc2)c1sc(cc1CC(C)CC)C=C1C(=O)c2c(C1=O)cccc2,CCC(C)Cc1cc(C=C2C(=O)c3ccccc3C2=O)sc1-c1cc2c(s1)-c1sc(-c3sc(C=C4C(=O)c5ccccc5C4=O)cc3CC(C)CC)cc1[Si]2(C)C,590.0,,
C(CN1c2ccc(cc2Sc2c1ccc(c2)C=CC(=O)O)C=CC1=CC(=C(C#N)C#N)C=C(O1)C=Cc1ccc2c(c1)Sc1c(N2CC(C)CC)ccc(c1)C=CC(=O)O)CC,CCCCN1c2ccc(C=CC(=O)O)cc2Sc2cc(C=CC3=CC(=C(C#N)C#N)C=C(C=Cc4ccc5c(c4)Sc4cc(C=CC(=O)O)ccc4N5CC(C)CC)O3)ccc21,478.0,,
C(CN1c2ccc(cc2Sc2c1ccc(c2)C=CC(=O)O)C=CC1=CC(=C2C(=O)N(CC)C(=S)N(C2=O)CC)C=C(O1)C=Cc1ccc2c(c1)Sc1c(N2CC(C)CC)ccc(c1)C=CC(=O)O)CC,CCCCN1c2ccc(C=CC(=O)O)cc2Sc2cc(C=CC3=CC(=C4C(=O)N(CC)C(=S)N(CC)C4=O)C=C(C=Cc4ccc5c(c4)Sc4cc(C=CC(=O)O)ccc4N5CC(C)CC)O3)ccc21,520.0,,
C(CN1c2ccc(cc2Sc2c1ccc(c2)C=CC(=O)O)C=CC1=CC(=C2C(=O)c3c(C2=C(C#N)C#N)cccc3)C=C(O1)C=Cc1ccc2c(c1)Sc1c(N2CC(C)CC)ccc(c1)C=CC(=O)O)CC,CCCCN1c2ccc(C=CC(=O)O)cc2Sc2cc(C=CC3=CC(=C4C(=O)c5ccccc5C4=C(C#N)C#N)C=C(C=Cc4ccc5c(c4)Sc4cc(C=CC(=O)O)ccc4N5CC(C)CC)O3)ccc21,581.0,,
F[P-](F)(F)(F)(F)F,F[P-](F)(F)(F)(F)F,214.5,77700.0,
FC(S(=O)(=O)[O-])(F)F.FC(S(=O)(=O)[O-])(F)F.FC(S(=O)(=O)[O-])(F)F.[Eu+3],O=S(=O)([O-])C(F)(F)F.O=S(=O)([O-])C(F)(F)F.O=S(=O)([O-])C(F)(F)F.[Eu+3],214.0,136000.0,
C(Cc1ccc(s1)c1c2cc(sc2c(c2c1sc(c2)c1sc(cc1C)C=C(C(=O)OC)C#N)c1ccc(s1)CC(C)CC)c1sc(cc1C)C=C(C(=O)OC)C#N)CC,CCCCc1ccc(-c2c3cc(-c4sc(C=C(C#N)C(=O)OC)cc4C)sc3c(-c3ccc(CC(C)CC)s3)c3cc(-c4sc(C=C(C#N)C(=O)OC)cc4C)sc23)s1,440.0,,
[F-],[F-],427.0,,
[V],[V],257.0,,
C(COc1ccc(cc1)N(c1ccc(cc1)OCC(C)CC)c1ccc(cc1)c1ccc(c2c1nsn2)c1ccc(cc1)N(c1ccc(cc1)OCC(C)CC)c1ccc(cc1)OCC(C)CC)CC,CCCCOc1ccc(N(c2ccc(OCC(C)CC)cc2)c2ccc(-c3ccc(-c4ccc(N(c5ccc(OCC(C)CC)cc5)c5ccc(OCC(C)CC)cc5)cc4)c4nsnc34)cc2)cc1,640.0,,
Cn1cncc1,Cn1ccnc1,246.0,41700.0,acetonitrile
CCCC#N,CCCC#N,325.0,9671.0,
Cc1cccccccs1.[Cl-],Cc1cccccccs1.[Cl-],663.5,,
Cc1cc(sc1c1ccc(c2c1nsn2)c1sccc1C)c1ccc(cc1)c1nc(nc(n1)c1ccc(cc1)c1cc(c(s1)c1ccc(c2c1nsn2)c1sccc1C)C)c1ccc(cc1)c1cc(c(s1)c1ccc(c2c1nsn2)c1sccc1C)C,Cc1ccsc1-c1ccc(-c2sc(-c3ccc(-c4nc(-c5ccc(-c6cc(C)c(-c7ccc(-c8sccc8C)c8nsnc78)s6)cc5)nc(-c5ccc(-c6cc(C)c(-c7ccc(-c8sccc8C)c8nsnc78)s6)cc5)n4)cc3)cc2C)c2nsnc12,373.0,,dioxane
CCC(CC1(CC(CC)C)c2cc(ccc2c2c1cc(cc2)c1ccc2c(c1)C(CC(CC)C)(CC(CC)C)c1c2cccc1)c1ccc2c(c1)C(CC(CC)C)(CC(CC)C)c1c2cccc1)C,CCC(C)CC1(CC(C)CC)c2ccccc2-c2ccc(-c3ccc4c(c3)C(CC(C)CC)(CC(C)CC)c3cc(-c5ccc6c(c5)C(CC(C)CC)(CC(C)CC)c5ccccc5-6)ccc3-4)cc21,349.0,,
CCC(CC1(CC(CC)C)c2cc(ccc2c2c1cc(cc2)c1ccc(cc1)C(F)(F)F)c1ccc2c(c1)C(CC(CC)C)(CC(CC)C)c1c2ccc(c1)c1ccc(cc1)C(F)(F)F)C,CCC(C)CC1(CC(C)CC)c2cc(-c3ccc(C(F)(F)F)cc3)ccc2-c2ccc(-c3ccc4c(c3)C(CC(C)CC)(CC(C)CC)c3cc(-c5ccc(C(F)(F)F)cc5)ccc3-4)cc21,351.0,,
CCC(CC1(CC(CC)C)c2cc(ccc2c2c1cc(cc2)c1ccc2c(c1)C(CC(CC)C)(CC(CC)C)c1c2ccc(c1)c1ccc(cc1)C(F)(F)F)c1ccc2c(c1)C(CC(CC)C)(CC(CC)C)c1c2ccc(c1)c1ccc(cc1)C(F)(F)F)C,CCC(C)CC1(CC(C)CC)c2cc(-c3ccc(C(F)(F)F)cc3)ccc2-c2ccc(-c3ccc4c(c3)C(CC(C)CC)(CC(C)CC)c3cc(-c5ccc6c(c5)C(CC(C)CC)(CC(C)CC)c5cc(-c7ccc(C(F)(F)F)cc7)ccc5-6)ccc3-4)cc21,362.0,,
OCCSc1c(F)c(F)c(c(c1F)F)C1=C2C=CC(=N2)C(=c2ccc(=C(C3=NC(=C(c4[nH]c1cc4)c1c(F)c(F)c(c(c1F)F)F)C=C3)c1c(F)c(F)c(c(c1F)F)F)[nH]2)c1c(F)c(F)c(c(c1F)F)SCCO,OCCSc1c(F)c(F)c(-c2c3nc(c(-c4c(F)c(F)c(SCCO)c(F)c4F)c4ccc([nH]4)c(-c4c(F)c(F)c(F)c(F)c4F)c4nc(c(-c5c(F)c(F)c(F)c(F)c5F)c5ccc2[nH]5)C=C4)C=C3)c(F)c1F,413.0,322000.0,DMSO
OCCSc1c(F)c(F)c(c(c1F)F)C1=C2C=CC(=N2)C(=c2ccc(=C(C3=NC(=C(c4[nH]c1cc4)c1c(F)c(F)c(c(c1F)F)F)C=C3)c1c(F)c(F)c(c(c1F)F)SCCO)[nH]2)c1c(F)c(F)c(c(c1F)F)F,OCCSc1c(F)c(F)c(-c2c3nc(c(-c4c(F)c(F)c(F)c(F)c4F)c4ccc([nH]4)c(-c4c(F)c(F)c(SCCO)c(F)c4F)c4nc(c(-c5c(F)c(F)c(F)c(F)c5F)c5ccc2[nH]5)C=C4)C=C3)c(F)c1F,413.5,320000.0,DMSO
CCN(N=O)CC,CCN(CC)N=O,231.0,,
OCCN(N=O)CCO,O=NN(CCO)CCO,237.0,,
O=NN1CCOCC1,O=NN1CCOCC1,240.0,,
COc1ccc(c(c1)O)C(=O)c1ccccc1.[O-2].[O-2].[Ti+4],COc1ccc(C(=O)c2ccccc2)c(O)c1.[O-2].[O-2].[Ti+4],315.0,,
Cc1cc(C)cc(c1)n1c(=O)c2cc(N=Cc3ccc(s3)C=Nc3cc4cccc5c4c(c3)c(=O)n(c5=O)c3cc(C)cc(c3)C)cc3c2c(c1=O)ccc3,Cc1cc(C)cc(N2C(=O)c3cccc4cc(N=Cc5ccc(C=Nc6cc7c8c(cccc8c6)C(=O)N(c6cc(C)cc(C)c6)C7=O)s5)cc(c34)C2=O)c1,388.0,49000.0,Chloroform
Cc1cc(C)cc(c1)n1c(=O)c2cc(N=Cc3ccc(s3)c3ccc(s3)C=Nc3cc4cccc5c4c(c3)c(=O)n(c5=O)c3cc(C)cc(c3)C)cc3c2c(c1=O)ccc3,Cc1cc(C)cc(N2C(=O)c3cccc4cc(N=Cc5ccc(-c6ccc(C=Nc7cc8c9c(cccc9c7)C(=O)N(c7cc(C)cc(C)c7)C8=O)s6)s5)cc(c34)C2=O)c1,425.0,49000.0,Chloroform
O=C1CCCN1C,CN1CCCC1=O,530.0,,PMMA
O=C(c1cc(C(=O)CC(=O)C)c(nc1C)C)CC(=O)C,CC(=O)CC(=O)c1cc(C(=O)CC(C)=O)c(C)nc1C,302.0,61659.50019,
Cc1c2c(oc(c2c2ccc(cc2)Br)c2ccc(cc2)Br)c(c2c1oc(c2c1ccc(cc1)Br)c1ccc(cc1)Br)C,Cc1c2oc(-c3ccc(Br)cc3)c(-c3ccc(Br)cc3)c2c(C)c2oc(-c3ccc(Br)cc3)c(-c3ccc(Br)cc3)c12,228.0,,Dichloromethane
Cc1c2oc(c(c2c(c2c1c(c1ccc(cc1)c1ccccc1)c(o2)c1ccc(cc1)c1ccccc1)C)c1ccc(cc1)c1ccccc1)c1ccc(cc1)c1ccccc1,Cc1c2oc(-c3ccc(-c4ccccc4)cc3)c(-c3ccc(-c4ccccc4)cc3)c2c(C)c2oc(-c3ccc(-c4ccccc4)cc3)c(-c3ccc(-c4ccccc4)cc3)c12,261.0,,Dichloromethane
Cc1c2oc(c(c2c(c2c1c(c1ccc(cc1)c1ccc(cc1)OC)c(o2)c1ccc(cc1)c1ccc(cc1)OC)C)c1ccc(cc1)c1ccc(cc1)OC)c1ccc(cc1)c1ccc(cc1)OC,COc1ccc(-c2ccc(-c3oc4c(C)c5c(-c6ccc(-c7ccc(OC)cc7)cc6)c(-c6ccc(-c7ccc(OC)cc7)cc6)oc5c(C)c4c3-c3ccc(-c4ccc(OC)cc4)cc3)cc2)cc1,276.0,,Dichloromethane
Cc1c2c(oc(c2c2ccc(cc2)c2ccccc2OC)c2ccc(cc2)c2ccccc2OC)c(c2c1oc(c2c1ccc(cc1)c1ccccc1OC)c1ccc(cc1)c1ccccc1OC)C,COc1ccccc1-c1ccc(-c2oc3c(C)c4c(-c5ccc(-c6ccccc6OC)cc5)c(-c5ccc(-c6ccccc6OC)cc5)oc4c(C)c3c2-c2ccc(-c3ccccc3OC)cc2)cc1,252.0,,Dichloromethane
Cc1c2oc(c(c2c(c2c1c(c1ccc(cc1)c1cccc(c1)OC)c(o2)c1ccc(cc1)c1cccc(c1)OC)C)c1ccc(cc1)c1cccc(c1)OC)c1ccc(cc1)c1cccc(c1)OC,COc1cccc(-c2ccc(-c3oc4c(C)c5c(-c6ccc(-c7cccc(OC)c7)cc6)c(-c6ccc(-c7cccc(OC)c7)cc6)oc5c(C)c4c3-c3ccc(-c4cccc(OC)c4)cc3)cc2)c1,261.0,,Dichloromethane
Cc1c2oc(c(c2c(c2c1c(c1ccc(cc1)c1ccc(cc1)C#N)c(o2)c1ccc(cc1)c1ccc(cc1)C#N)C)c1ccc(cc1)c1ccc(cc1)C#N)c1ccc(cc1)c1ccc(cc1)C#N,Cc1c2oc(-c3ccc(-c4ccc(C#N)cc4)cc3)c(-c3ccc(-c4ccc(C#N)cc4)cc3)c2c(C)c2oc(-c3ccc(-c4ccc(C#N)cc4)cc3)c(-c3ccc(-c4ccc(C#N)cc4)cc3)c12,275.0,,Dichloromethane
Cc1c2oc(c(c2c(c2c1c(c1ccc(cc1)c1ccc(cc1)C=O)c(o2)c1ccc(cc1)c1ccc(cc1)C=O)C)c1ccc(cc1)c1ccc(cc1)C=O)c1ccc(cc1)c1ccc(cc1)C=O,Cc1c2oc(-c3ccc(-c4ccc(C=O)cc4)cc3)c(-c3ccc(-c4ccc(C=O)cc4)cc3)c2c(C)c2oc(-c3ccc(-c4ccc(C=O)cc4)cc3)c(-c3ccc(-c4ccc(C=O)cc4)cc3)c12,288.0,,Dichloromethane
Cc1c2oc(c(c2c(c2c1c(c1ccc(cc1)c1cccc(c1)C(=O)OC)c(o2)c1ccc(cc1)c1cccc(c1)C(=O)OC)C)c1ccc(cc1)c1cccc(c1)C(=O)OC)c1ccc(cc1)c1cccc(c1)C(=O)OC,COC(=O)c1cccc(-c2ccc(-c3oc4c(C)c5c(-c6ccc(-c7cccc(C(=O)OC)c7)cc6)c(-c6ccc(-c7cccc(C(=O)OC)c7)cc6)oc5c(C)c4c3-c3ccc(-c4cccc(C(=O)OC)c4)cc3)cc2)c1,262.0,,Dichloromethane
Cc1c2c(oc(c2c2ccc(cc2)c2ccc3c(c2)cccc3)c2ccc(cc2)c2ccc3c(c2)cccc3)c(c2c1oc(c2c1ccc(cc1)c1ccc2c(c1)cccc2)c1ccc(cc1)c1ccc2c(c1)cccc2)C,Cc1c2oc(-c3ccc(-c4ccc5ccccc5c4)cc3)c(-c3ccc(-c4ccc5ccccc5c4)cc3)c2c(C)c2oc(-c3ccc(-c4ccc5ccccc5c4)cc3)c(-c3ccc(-c4ccc5ccccc5c4)cc3)c12,259.0,,Dichloromethane
Cc1c2c(oc(c2c2ccc(cc2)c2cccc3c2cccc3)c2ccc(cc2)c2cccc3c2cccc3)c(c2c1oc(c2c1ccc(cc1)c1cccc2c1cccc2)c1ccc(cc1)c1cccc2c1cccc2)C,Cc1c2oc(-c3ccc(-c4cccc5ccccc45)cc3)c(-c3ccc(-c4cccc5ccccc45)cc3)c2c(C)c2oc(-c3ccc(-c4cccc5ccccc45)cc3)c(-c3ccc(-c4cccc5ccccc45)cc3)c12,292.0,,Dichloromethane
Cc1c2oc(c(c2c(c2c1c(c1ccc(cc1)c1ccncc1)c(o2)c1ccc(cc1)c1ccncc1)C)c1ccc(cc1)c1ccncc1)c1ccc(cc1)c1ccncc1,Cc1c2oc(-c3ccc(-c4ccncc4)cc3)c(-c3ccc(-c4ccncc4)cc3)c2c(C)c2oc(-c3ccc(-c4ccncc4)cc3)c(-c3ccc(-c4ccncc4)cc3)c12,262.0,,Dichloromethane
Cc1c2c(oc(c2c2ccc(cc2)c2cnc3c(c2)cccc3)c2ccc(cc2)c2cnc3c(c2)cccc3)c(c2c1oc(c2c1ccc(cc1)c1cnc2c(c1)cccc2)c1ccc(cc1)c1cnc2c(c1)cccc2)C,Cc1c2oc(-c3ccc(-c4cnc5ccccc5c4)cc3)c(-c3ccc(-c4cnc5ccccc5c4)cc3)c2c(C)c2oc(-c3ccc(-c4cnc5ccccc5c4)cc3)c(-c3ccc(-c4cnc5ccccc5c4)cc3)c12,258.0,,Dichloromethane
Cc1c2c(oc(c2c2ccc(cc2)c2ccoc2)c2ccc(cc2)c2ccoc2)c(c2c1oc(c2c1ccc(cc1)c1ccoc1)c1ccc(cc1)c1ccoc1)C,Cc1c2oc(-c3ccc(-c4ccoc4)cc3)c(-c3ccc(-c4ccoc4)cc3)c2c(C)c2oc(-c3ccc(-c4ccoc4)cc3)c(-c3ccc(-c4ccoc4)cc3)c12,260.0,,Dichloromethane
Cc1c2oc(c(c2c(c2c1c(c1ccc(cc1)C=Cc1cc(cc(c1)C(C)(C)C)C(C)(C)C)c(o2)c1ccc(cc1)C=Cc1cc(cc(c1)C(C)(C)C)C(C)(C)C)C)c1ccc(cc1)C=Cc1cc(cc(c1)C(C)(C)C)C(C)(C)C)c1ccc(cc1)C=Cc1cc(cc(c1)C(C)(C)C)C(C)(C)C,Cc1c2oc(-c3ccc(C=Cc4cc(C(C)(C)C)cc(C(C)(C)C)c4)cc3)c(-c3ccc(C=Cc4cc(C(C)(C)C)cc(C(C)(C)C)c4)cc3)c2c(C)c2oc(-c3ccc(C=Cc4cc(C(C)(C)C)cc(C(C)(C)C)c4)cc3)c(-c3ccc(C=Cc4cc(C(C)(C)C)cc(C(C)(C)C)c4)cc3)c12,321.0,,Dichloromethane
CN1c2ccc(cc2Sc2c1cccc2)C=Cc1ccc(cc1)N(c1ccc(cc1)C=Cc1ccc2c(c1)Sc1c(N2C)cccc1)c1ccc(cc1)C=Cc1ccc(c2c1nsn2)C=Cc1ccc(cc1)N(c1ccc(cc1)C=Cc1ccc2c(c1)Sc1c(N2C)cccc1)c1ccc(cc1)C=Cc1ccc2c(c1)Sc1c(N2C)cccc1,CN1c2ccccc2Sc2cc(C=Cc3ccc(N(c4ccc(C=Cc5ccc6c(c5)Sc5ccccc5N6C)cc4)c4ccc(C=Cc5ccc(C=Cc6ccc(N(c7ccc(C=Cc8ccc9c(c8)Sc8ccccc8N9C)cc7)c7ccc(C=Cc8ccc9c(c8)Sc8ccccc8N9C)cc7)cc6)c6nsnc56)cc4)cc3)ccc21,430.0,145000.0,DCM
c1ccc(cc1)N(c1ccccc1)c1ccc(cc1)C=Cc1ccc(cc1)N(c1ccc(cc1)C=Cc1ccc(cc1)N(c1ccccc1)c1ccccc1)c1ccc(cc1)C=Cc1ccc(c2c1nsn2)C=Cc1ccc(cc1)N(c1ccc(cc1)C=Cc1ccc(cc1)N(c1ccccc1)c1ccccc1)c1ccc(cc1)C=Cc1ccc(cc1)N(c1ccccc1)c1ccccc1,C(=Cc1ccc(N(c2ccc(C=Cc3ccc(N(c4ccccc4)c4ccccc4)cc3)cc2)c2ccc(C=Cc3ccc(C=Cc4ccc(N(c5ccc(C=Cc6ccc(N(c7ccccc7)c7ccccc7)cc6)cc5)c5ccc(C=Cc6ccc(N(c7ccccc7)c7ccccc7)cc6)cc5)cc4)c4nsnc34)cc2)cc1)c1ccc(N(c2ccccc2)c2ccccc2)cc1,425.0,168000.0,DMF
CN1c2ccc(cc2Sc2c1cccc2)C=Cc1ccc(cc1)N(c1ccc(cc1)C=Cc1ccc2c(c1)Sc1c(N2C)cccc1)c1ccc(cc1)C=Cc1ccc(c2c1nsn2)C=Cc1ccc(cc1)N(c1ccc(cc1)C=Cc1ccc(cc1)N(c1ccccc1)c1ccccc1)c1ccc(cc1)C=Cc1ccc(cc1)N(c1ccccc1)c1ccccc1,CN1c2ccccc2Sc2cc(C=Cc3ccc(N(c4ccc(C=Cc5ccc6c(c5)Sc5ccccc5N6C)cc4)c4ccc(C=Cc5ccc(C=Cc6ccc(N(c7ccc(C=Cc8ccc(N(c9ccccc9)c9ccccc9)cc8)cc7)c7ccc(C=Cc8ccc(N(c9ccccc9)c9ccccc9)cc8)cc7)cc6)c6nsnc56)cc4)cc3)ccc21,430.0,154000.0,DMF
COc1ccc2c(c1)c1c(o2)c(NCCCN(CCCNC(=O)CCCC2=C3C(=CC(=[N+]3[B-](n3c2c(C)cc3C)(F)F)C)C)C)c2c([n+]1C)cccc2.[I-],COc1ccc2oc3c(NCCCN(C)CCCNC(=O)CCCC4=C5C(C)=CC(C)=[N+]5[B-](F)(F)n5c(C)cc(C)c54)c4ccccc4[n+](C)c3c2c1.[I-],502.5,,
[Pr],[Pr],210.0,,ethanol
CC(c1ccc2c(c1)n(c1ccc3c(c1)c(c1ccccc1)c1c(c3c3ccccc3)cc(cc1)n1c3ccccc3c3c1c(ccc3)C(C)(C)C)c1c2cccc1)(C)C,CC(C)(C)c1ccc2c3ccccc3n(-c3ccc4c(-c5ccccc5)c5cc(-n6c7ccccc7c7cccc(C(C)(C)C)c76)ccc5c(-c5ccccc5)c4c3)c2c1,334.0,,dichloromethane
C1=[GeH]C2=C(C=C1)c1c(C2)cccc1,C1=CC2=[C](Cc3ccccc32)[GeH]=[CH]1,278.0,,
[O-][Cl](=O)(=O)=O.CCN(c1ccc2c(c1)[o+]c1c(c2c2ccccc2C(=O)O)CCCC1=CNc1ccccc1)CC,CCN(CC)c1ccc2c(-c3ccccc3C(=O)O)c3c([o+]c2c1)C(=CNc1ccccc1)CCC3.[O-][Cl+3]([O-])([O-])[O-],608.0,68000.0,ethanol
[O-][Cl](=O)(=O)=O.CCN(c1ccc2c(c1)[o+]c1c(c2)CCCC1=CNc1ccccc1)CC,CCN(CC)c1ccc2cc3c([o+]c2c1)C(=CNc1ccccc1)CCC3.[O-][Cl+3]([O-])([O-])[O-],616.0,70000.0,ethanol
[Ti],[Ti],702.0,,toluene
C(Cn1c2cc3c(cc2c(=O)c2c1ccc(c2)c1ccc(cc1)OCN(C)C)n(CC(C)C)c1c(c3=O)cc(cc1)c1ccc(cc1)OCN(C)C)C,CCCn1c2ccc(-c3ccc(OCN(C)C)cc3)cc2c(=O)c2cc3c(cc21)c(=O)c1cc(-c2ccc(OCN(C)C)cc2)ccc1n3CC(C)C,330.0,,
FC(S(=O)(=O)[O-])(F)F.CCN(C1=C(C=c2[se]c3c(n2CC)cccc3)C(=O)C1=Cc1[se]c2c([n+]1CC)cccc2)CC,CCN(CC)C1=C(C=C2[Se]c3ccccc3N2CC)C(=O)C1=Cc1[se]c2ccccc2[n+]1CC.O=S(=O)([O-])C(F)(F)F,698.0,,chloroform
C#C,C#C,397.0,16233.0,
C#CC#C,C#CC#C,396.0,31569.0,
N#CC(=Cc1ccc(s1)c1ccc(s1)c1sc(c2c1OCCO2)c1ccc(s1)c1ccc(cc1)N(c1ccccc1)c1ccccc1)C(=O)O,N#CC(=Cc1ccc(-c2ccc(-c3sc(-c4ccc(-c5ccc(N(c6ccccc6)c6ccccc6)cc5)s4)c4c3OCCO4)s2)s1)C(=O)O,510.0,,
Cc1cc(C)c(c(c1)C)B(c1c(C)cc(cc1C)C)c1ccc2c(c1)c1ccccc1n2c1ccc(cc1)c1cc(cc2c1[nH]c1c2cccc1)B(c1c(C)cc(cc1C)C)c1c(C)cc(cc1C)C,Cc1cc(C)c(B(c2cc(-c3ccc(-n4c5ccccc5c5cc(B(c6c(C)cc(C)cc6C)c6c(C)cc(C)cc6C)ccc54)cc3)c3[nH]c4ccccc4c3c2)c2c(C)cc(C)cc2C)c(C)c1,293.0,,
[O-]S(=O)(=O)[O-],O=S(=O)([O-])[O-],300.0,,
C1=[SiH]C2=C(C=C1)c1c(C2)cccc1,c1ccc2c(c1)Cc1[siH]cccc1-2,285.0,,
Cc1ccc(s1)c1nc2c(nc1c1ccc(s1)C)c(ccc2c1ccc(s1)C=C(C(=O)O)C#N)c1ccc(s1)c1ccc(cc1)N(c1ccccc1)c1ccccc1,Cc1ccc(-c2nc3c(-c4ccc(C=C(C#N)C(=O)O)s4)ccc(-c4ccc(-c5ccc(N(c6ccccc6)c6ccccc6)cc5)s4)c3nc2-c2ccc(C)s2)s1,538.0,28968.0,
Cc1sc2c(c1)c1cc(sc1c1c2nc2c(ccc(c2n1)c1ccc(s1)C=C(C(=O)O)C#N)c1ccc(s1)c1ccc(cc1)N(c1ccccc1)c1ccccc1)C,Cc1cc2c3cc(C)sc3c3nc4c(-c5ccc(-c6ccc(N(c7ccccc7)c7ccccc7)cc6)s5)ccc(-c5ccc(C=C(C#N)C(=O)O)s5)c4nc3c2s1,586.0,24624.0,
NNC(=O)CC(=O)NN,NNC(=O)CC(=O)NN,261.25,,
[CH-]1C=CC=C1.CN([C-]1C=CC=C1c1cccc2c1cccc2)C.[Fe+2],CN(C)[c-]1cccc1-c1cccc2ccccc12.[Fe+2].c1cc[cH-]c1,283.0,79375.0,DMF
[O-]C(=O)CCN(c1ccc(cc1)C=C1CC(=Cc2ccc(cc2)N(CCC(=O)[O-])CCC(=O)[O-])C1=O)CCC(=O)[O-].[Na+].[Na+].[Na+].[Na+],O=C([O-])CCN(CCC(=O)[O-])c1ccc(C=C2CC(=Cc3ccc(N(CCC(=O)[O-])CCC(=O)[O-])cc3)C2=O)cc1.[Na+].[Na+].[Na+].[Na+],522.0,,
[O-]C(=O)CCN(c1ccc(cc1)C=C1CCC(=Cc2ccc(cc2)N(CCC(=O)[O-])CCC(=O)[O-])C1=O)CCC(=O)[O-].[Na+].[Na+].[Na+].[Na+],O=C([O-])CCN(CCC(=O)[O-])c1ccc(C=C2CCC(=Cc3ccc(N(CCC(=O)[O-])CCC(=O)[O-])cc3)C2=O)cc1.[Na+].[Na+].[Na+].[Na+],513.0,,
[O-]C(=O)CCN(c1ccc(cc1)C=C1CCCC(=Cc2ccc(cc2)N(CCC(=O)[O-])CCC(=O)[O-])C1=O)CCC(=O)[O-].[Na+].[Na+].[Na+].[Na+],O=C([O-])CCN(CCC(=O)[O-])c1ccc(C=C2CCCC(=Cc3ccc(N(CCC(=O)[O-])CCC(=O)[O-])cc3)C2=O)cc1.[Na+].[Na+].[Na+].[Na+],478.0,,
Cc1ccc(c2c1cccc2)[N-]c1cnc2c(c1)cccc2,Cc1ccc([N-]c2cnc3ccccc3c2)c2ccccc12,276.0,,
CCc1ccc(c2c1cccc2)[N-]c1cnc2c(c1)cccc2,CCc1ccc([N-]c2cnc3ccccc3c2)c2ccccc12,278.0,,
CCCc1ccc(c2c1cccc2)[N-]c1cnc2c(c1)cccc2,CCCc1ccc([N-]c2cnc3ccccc3c2)c2ccccc12,279.0,,
CCCCc1ccc(c2c1cccc2)[N-]c1cnc2c(c1)cccc2,CCCCc1ccc([N-]c2cnc3ccccc3c2)c2ccccc12,280.0,,
COc1ccc(cc1)C1=C2C=CC(=N2)C(=c2ccc(=C(C3=NC(=C(c4[nH]c1cc4)c1ccc(cc1)C(=O)OC)C=C3)c1ccc(cc1)OC)[nH]2)c1ccc(cc1)OC,COC(=O)c1ccc(-c2c3nc(c(-c4ccc(OC)cc4)c4ccc([nH]4)c(-c4ccc(OC)cc4)c4nc(c(-c5ccc(OC)cc5)c5ccc2[nH]5)C=C4)C=C3)cc1,423.0,,
COc1ccc(cc1)C1=C2C=CC(=N2)C(=c2ccc(=C(C3=NC(=C(c4[nH]c1cc4)c1ccc(cc1)C(=O)OC)C=C3)c1ccc(cc1)C(=O)OC)[nH]2)c1ccc(cc1)C(=O)OC,COC(=O)c1ccc(-c2c3nc(c(-c4ccc(C(=O)OC)cc4)c4ccc([nH]4)c(-c4ccc(C(=O)OC)cc4)c4nc(c(-c5ccc(OC)cc5)c5ccc2[nH]5)C=C4)C=C3)cc1,425.0,,
[CH-]1C=CC=C1.CCCCCCCCCCOc1cc(cc(c1OCCCCCCCCCC)OCCCCCCCCCC)C(=O)Oc1ccc(c(c1)[N+](=O)[O-])n1nnc(c1)[C-]1C=CC=C1.[Fe+2],CCCCCCCCCCOc1cc(C(=O)Oc2ccc(-n3cc(-[c-]4cccc4)nn3)c([N+](=O)[O-])c2)cc(OCCCCCCCCCC)c1OCCCCCCCCCC.[Fe+2].c1cc[cH-]c1,248.0,23442.28815,CH 2 Cl 2
[CH-]1C=CC=C1.CCCCCCCCCCCCOc1c(OCCCCCCCCCCCC)cc(cc1OCCCCCCCCCCCC)C(=O)Oc1ccc(c(c1)[N+](=O)[O-])n1nnc(c1)[C-]1C=CC=C1.[Fe+2],CCCCCCCCCCCCOc1cc(C(=O)Oc2ccc(-n3cc(-[c-]4cccc4)nn3)c([N+](=O)[O-])c2)cc(OCCCCCCCCCCCC)c1OCCCCCCCCCCCC.[Fe+2].c1cc[cH-]c1,248.0,22908.67653,CH 2 Cl 2
[CH-]1C=CC=C1.CCCCCCCCCCCCCCOc1cc(C(=O)[O-])c(c(c1OCCCCCCCCCCCCCC)OCCCCCCCCCCCCCC)c1ccc(c(c1)[N+](=O)[O-])n1nnc(c1)[C-]1C=CC=C1.[Fe+2],CCCCCCCCCCCCCCOc1cc(C(=O)[O-])c(-c2ccc(-n3cc(-[c-]4cccc4)nn3)c([N+](=O)[O-])c2)c(OCCCCCCCCCCCCCC)c1OCCCCCCCCCCCCCC.[Fe+2].c1cc[cH-]c1,248.0,24547.08916,CH 2 Cl 2
COc1c(C=Cc2ccc(cc2)N(c2ccc(cc2)C)c2ccc(cc2)C)cc(cc1C=Cc1ccc(cc1)N(c1ccc(cc1)C)c1ccc(cc1)C)c1ccc(s1)c1c(F)c(F)c(c2c1nsn2)c1ccc(cc1)C(=O)O,COc1c(C=Cc2ccc(N(c3ccc(C)cc3)c3ccc(C)cc3)cc2)cc(-c2ccc(-c3c(F)c(F)c(-c4ccc(C(=O)O)cc4)c4nsnc34)s2)cc1C=Cc1ccc(N(c2ccc(C)cc2)c2ccc(C)cc2)cc1,310.0,40000.0,
C(Cn1c(c2ccc(s2)c2cc(C=Cc3ccc(cc3)N(c3ccc(cc3)C)c3ccc(cc3)C)c(c(c2)C=Cc2ccc(cc2)N(c2ccc(cc2)C)c2ccc(cc2)C)OC)c2c(c1=O)c(n(c2=O)CC(C)CC)c1ccc(s1)c1ccc(cc1)C(=O)O)CC,CCCCN1C(=O)C2=C(c3ccc(-c4ccc(C(=O)O)cc4)s3)N(CC(C)CC)C(=O)C2=C1c1ccc(-c2cc(C=Cc3ccc(N(c4ccc(C)cc4)c4ccc(C)cc4)cc3)c(OC)c(C=Cc3ccc(N(c4ccc(C)cc4)c4ccc(C)cc4)cc3)c2)s1,397.0,58000.0,
C[Si](c1ccc(s1)c1cccs1)(C=C[Si]([Si]([Si](C=C[Si](c1ccc(s1)c1cccs1)(C)C)(C)C)([Si](C=C[Si](c1ccc(s1)c1cccs1)(C)C)(C)C)[Si](C=C[Si](c1ccc(s1)c1cccs1)(C)C)(C)C)(C)C)C,C[Si](C)(C=C[Si](C)(C)[Si]([Si](C)(C)C=C[Si](C)(C)c1ccc(-c2cccs2)s1)([Si](C)(C)C=C[Si](C)(C)c1ccc(-c2cccs2)s1)[Si](C)(C)C=C[Si](C)(C)c1ccc(-c2cccs2)s1)c1ccc(-c2cccs2)s1,311.0,,dioxane
CCCC[N+]1=C(C=Cc2ccc3c(c2)Oc2c(N3CCCC)cccc2)C(c2c1ccc(c2)C(=O)O)(C)C.[I-],CCCCN1c2ccccc2Oc2cc(C=CC3=[N+](CCCC)c4ccc(C(=O)O)cc4C3(C)C)ccc21.[I-],617.0,,CH 2 Cl 2
CCCC[N+]1=C(C=C2C(=C(C2=O)C=Cc2ccc3c(c2)Oc2c(N3CCCC)cccc2)O)C(c2c1ccc(c2)C(=O)O)(C)C.[I-],CCCCN1c2ccccc2Oc2cc(C=CC3=C(O)C(=CC4=[N+](CCCC)c5ccc(C(=O)O)cc5C4(C)C)C3=O)ccc21.[I-],666.0,,CH 2 Cl 2
CCCC[N+]1=C(C=Cc2ccc(s2)c2ccc3c(c2)Oc2c(N3CCCC)cccc2)C(c2c1ccc(c2)C(=O)O)(C)C.[I-],CCCCN1c2ccccc2Oc2cc(-c3ccc(C=CC4=[N+](CCCC)c5ccc(C(=O)O)cc5C4(C)C)s3)ccc21.[I-],626.0,,CH 2 Cl 2
Cc1ccc(s1)c1ccc(s1)c1sc(cc1CC(C)CC)c1cnc(c2c1nsn2)c1sc(c(c1)CC(C)CC)c1ccc(s1)c1ccc(s1)C,CCC(C)Cc1cc(-c2cnc(-c3cc(CC(C)CC)c(-c4ccc(-c5ccc(C)s5)s4)s3)c3nsnc23)sc1-c1ccc(-c2ccc(C)s2)s1,550.0,,
O=C(c1cc(OCCN(c2ccc(cc2)N=Nc2ccc(cc2)[N+](=O)[O-])CCOC(c2ccccc2)(c2ccccc2)c2ccccc2)cc(c1)OCCN(c1ccc(cc1)N=Nc1ccc(cc1)[N+](=O)[O-])CCOC(c1ccccc1)(c1ccccc1)c1ccccc1)Cc1cc[n+](cc1)[C-]1C(=O)c2c(C1=O)cccc2,O=C(Cc1cc[n+]([C-]2C(=O)c3ccccc3C2=O)cc1)c1cc(OCCN(CCOC(c2ccccc2)(c2ccccc2)c2ccccc2)c2ccc(N=Nc3ccc([N+](=O)[O-])cc3)cc2)cc(OCCN(CCOC(c2ccccc2)(c2ccccc2)c2ccccc2)c2ccc(N=Nc3ccc([N+](=O)[O-])cc3)cc2)c1,492.0,,
F[B-](F)(F)F.F[B-](F)(F)F.F[B-](F)(F)F.F[B-](F)(F)F.[Na+].[Bi+3],F[B-](F)(F)F.F[B-](F)(F)F.F[B-](F)(F)F.F[B-](F)(F)F.[Bi+3].[Na+],610.0,,
[La],[La],350.0,68000.0,
COc1cc(C=CC(=O)NCCCC[C@@H](C(=O)O)N)ccc1O,COc1cc(C=CC(=O)NCCCC[C@H](N)C(=O)O)ccc1O,220.0,,
c1ccc2c(c1)n(c1ccc(cc1)C#Cc1ccc(cc1)c1nc(nc(n1)c1ccc(cc1)C#Cc1ccc(cc1)n1c3ccccc3c3c1cccc3)c1ccc(cc1)C#Cc1ccc(cc1)n1c3ccccc3c3c1cccc3)c1c2cccc1,C(#Cc1ccc(-n2c3ccccc3c3ccccc32)cc1)c1ccc(-c2nc(-c3ccc(C#Cc4ccc(-n5c6ccccc6c6ccccc65)cc4)cc3)nc(-c3ccc(C#Cc4ccc(-n5c6ccccc6c6ccccc65)cc4)cc3)n2)cc1,239.0,131400.0,
COc1cc(C=CC(=O)O)cc(c1O)OC,COc1cc(C=CC(=O)O)cc(OC)c1O,216.0,,
O=C1c2ccc(cc2C(=O)c2c1cc(cc2)c1ccc(cc1)N(c1ccc(cc1)OCn1c2ccccc2c2c1cccc2)c1ccc(cc1)OCn1c2ccccc2c2c1cccc2)c1ccc(cc1)N(c1ccc(cc1)OCn1c2ccccc2c2c1cccc2)c1ccc(cc1)OCn1c2ccccc2c2c1cccc2,O=C1c2ccc(-c3ccc(N(c4ccc(OCn5c6ccccc6c6ccccc65)cc4)c4ccc(OCn5c6ccccc6c6ccccc65)cc4)cc3)cc2C(=O)c2ccc(-c3ccc(N(c4ccc(OCn5c6ccccc6c6ccccc65)cc4)c4ccc(OCn5c6ccccc6c6ccccc65)cc4)cc3)cc21,487.0,,
[PH4+],[PH4+],314.0,,
O[C@H]([C@H](C(=O)O)O)C(=O)O,O=C(O)[C@H](O)[C@@H](O)C(=O)O,757.0,,
CCCCCCCCCCCCC1(C=O)C=CSC1C=O,CCCCCCCCCCCCC1(C=O)C=CSC1C=O,510.0,,
C(CC1(CC(C)CC)c2cc(ccc2c2c1cc(cc2)c1ccc2c(c1)C(CC(C)CC)(CC(C)CC)c1c2cccc1)c1ccc2c(c1)C(CC(C)CC)(CC(C)CC)c1c2cccc1)CC,CCCCC1(CC(C)CC)c2cc(-c3ccc4c(c3)C(CC(C)CC)(CC(C)CC)c3ccccc3-4)ccc2-c2ccc(-c3ccc4c(c3)C(CC(C)CC)(CC(C)CC)c3ccccc3-4)cc21,340.0,,
C(CC1(CC(C)CC)c2cc(ccc2c2c1cc(cc2)c1ccc(cc1)F)c1ccc2c(c1)C(CC(C)CC)(CC(C)CC)c1c2ccc(c1)c1ccc(cc1)F)CC,CCCCC1(CC(C)CC)c2cc(-c3ccc(F)cc3)ccc2-c2ccc(-c3ccc4c(c3)C(CC(C)CC)(CC(C)CC)c3cc(-c5ccc(F)cc5)ccc3-4)cc21,345.0,,
[O-]C=O,O=C[O-],635.0,,
CCN(c1ccc(cc1)C=CC1=[N+](CCC(=O)O)c2c(C1(C)C)cccc2)CC.[I-],CCN(CC)c1ccc(C=CC2=[N+](CCC(=O)O)c3ccccc3C2(C)C)cc1.[I-],563.0,,THF
OC(=O)CC[N+]1=C(C=Cc2ccc(cc2)N2CCCC2)C(c2c1cccc2)(C)C.[I-],CC1(C)C(C=Cc2ccc(N3CCCC3)cc2)=[N+](CCC(=O)O)c2ccccc21.[I-],566.0,,THF
COCCOCCOCCOCCN(c1ccc(cc1)C=Cc1cc(C#N)c(cc1C#N)C=Cc1ccc(cc1)N(CCOCCOCCOCCOC)CC)CC,CCN(CCOCCOCCOCCOC)c1ccc(C=Cc2cc(C#N)c(C=Cc3ccc(N(CC)CCOCCOCCOCCOC)cc3)cc2C#N)cc1,485.0,62200.0,
COCCOCCOCCOCCN(c1ccc(cc1)C=C(c1ccc(cc1)C(=Cc1ccc(cc1)N(CCOCCOCCOCCOC)CC)C#N)C#N)CC,CCN(CCOCCOCCOCCOC)c1ccc(C=C(C#N)c2ccc(C(C#N)=Cc3ccc(N(CC)CCOCCOCCOCCOC)cc3)cc2)cc1,442.0,57800.0,
CCCCCCCCOC(=O)C(=C)C,C=C(C)C(=O)OCCCCCCCC,290.0,,
C(CN1c2ccc(cc2Oc2c1cccc2)c1ccc(s1)C=Cc1cc(sc1c1ccc(cc1)N(c1ccc(cc1)C)c1ccc(cc1)C)C=C(C(=O)O)C#N)CC,CCCCN1c2ccccc2Oc2cc(-c3ccc(C=Cc4cc(C=C(C#N)C(=O)O)sc4-c4ccc(N(c5ccc(C)cc5)c5ccc(C)cc5)cc4)s3)ccc21,307.0,27000.0,
Cc1nc2c(nc1C)c(c1ccc(s1)C=C(C(=O)O)C#N)c1c(c2c2ccc(s2)c2ccc(cc2)N(c2ccccc2)c2ccccc2)nc(c(n1)C)C,Cc1nc2c(-c3ccc(C=C(C#N)C(=O)O)s3)c3nc(C)c(C)nc3c(-c3ccc(-c4ccc(N(c5ccccc5)c5ccccc5)cc4)s3)c2nc1C,584.0,,
COc1ccc(cc1)N(c1ccc(cc1)OC)c1ccc(cc1)c1ccc(s1)c1ccc(c2c1nc(C)c(n2)C)c1ccc(s1)C=C(C(=O)O)C#N,COc1ccc(N(c2ccc(OC)cc2)c2ccc(-c3ccc(-c4ccc(-c5ccc(C=C(C#N)C(=O)O)s5)c5nc(C)c(C)nc45)s3)cc2)cc1,524.0,,
CC([C-]1C=CC(=C1)C(C)(C)C)(C)C.CC([C-]1C=CC(=C1)C(C)(C)C)(C)C.[Fe+2],CC(C)(C)c1cc[c-](C(C)(C)C)c1.CC(C)(C)c1cc[c-](C(C)(C)C)c1.[Fe+2],466.0,,
CC(C1=CC=C[C-]1C(C)(C)C)(C)C.CC(C1=CC=C[C-]1C(C)(C)C)(C)C.[Fe+2],CC(C)(C)c1ccc[c-]1C(C)(C)C.CC(C)(C)c1ccc[c-]1C(C)(C)C.[Fe+2],442.0,,
COc1ccc(cc1)n1c(nc(c1c1ccccc1)c1ccccc1)c1ccc2c(c1)c1cc(ccc1n2CC)c1ccc2c(c1)c1cc(ccc1n2CC)c1nc(c(n1c1ccc(cc1)OC)c1ccccc1)c1ccccc1,CCn1c2ccc(-c3ccc4c(c3)c3cc(-c5nc(-c6ccccc6)c(-c6ccccc6)n5-c5ccc(OC)cc5)ccc3n4CC)cc2c2cc(-c3nc(-c4ccccc4)c(-c4ccccc4)n3-c3ccc(OC)cc3)ccc21,313.0,92480.0,DMSO
CCn1c2ccc(cc2c2c1ccc(c2)c1ccc2c(c1)c1cc(ccc1n2CC)c1nc(c(n1c1ccc(cc1)F)c1ccccc1)c1ccccc1)c1nc(c(n1c1ccc(cc1)F)c1ccccc1)c1ccccc1,CCn1c2ccc(-c3ccc4c(c3)c3cc(-c5nc(-c6ccccc6)c(-c6ccccc6)n5-c5ccc(F)cc5)ccc3n4CC)cc2c2cc(-c3nc(-c4ccccc4)c(-c4ccccc4)n3-c3ccc(F)cc3)ccc21,314.0,93350.0,DMSO
NC(=O)NN=Cc1cc(Br)ccc1O,NC(=O)NN=Cc1cc(Br)ccc1O,286.0,,
O=[Mo+2],[O]=[Mo+2],294.0,7510.0,
COCCOCCOCCOCCOCCN(c1ccc(cc1)c1ccc(cc1)C(=C(C#N)C#N)c1ccc(cc1)c1ccc(cc1)N(CCOCCOCCOCCOCCOC)CCOCCOCCOCCOCCOC)CCOCCOCCOCCOCCOC,COCCOCCOCCOCCOCCN(CCOCCOCCOCCOCCOC)c1ccc(-c2ccc(C(=C(C#N)C#N)c3ccc(-c4ccc(N(CCOCCOCCOCCOCCOC)CCOCCOCCOCCOCCOC)cc4)cc3)cc2)cc1,450.0,,
C1SC(=S)N=C1,S=C1N=CCS1,410.0,6542.0,Cl
c1[nH]cc[nH+]1,c1c[nH+]c[nH]1,300.0,,
NCCN1CCOCC1,NCCN1CCOCC1,695.0,,
Clc1cc(Cl)c(c(c1)Cl)O,Oc1c(Cl)cc(Cl)cc1Cl,294.0,,
O=C1C=CC(=O)C=C1,O=C1C=CC(=O)C=C1,246.0,,
NC1CCCCC1N,NC1CCCCC1N,393.0,,H 2 O
Cn1c2cc(ccc2c2c1cc(cc2)c1ccc(cc1)c1cc(nc(c1)c1ccccn1)c1ccccn1)c1ccc(cc1)c1cc(nc(c1)c1ccccn1)c1ccccn1,Cn1c2cc(-c3ccc(-c4cc(-c5ccccn5)nc(-c5ccccn5)c4)cc3)ccc2c2ccc(-c3ccc(-c4cc(-c5ccccn5)nc(-c5ccccn5)c4)cc3)cc21,284.0,,
Cc1cc(sc1C1=C(C)C=C(S1=[SiH2])c1ccc(cc1)c1cc(nc(c1)c1ccccn1)c1ccccn1)c1ccc(cc1)c1cc(nc(c1)c1ccccn1)c1ccccn1,CC1=C(c2sc(-c3ccc(-c4cc(-c5ccccn5)nc(-c5ccccn5)c4)cc3)cc2C)S(=[SiH2])C(c2ccc(-c3cc(-c4ccccn4)nc(-c4ccccn4)c3)cc2)=C1,280.0,,
C(Cn1c2cc(sc2c2c1cc(s2)c1ccc(cc1)N(c1ccccc1)c1ccccc1)C=C1C(=O)N(CC(C)CC)C(=O)C(=C1C)C#N)CC,CCCCn1c2cc(C=C3C(=O)N(CC(C)CC)C(=O)C(C#N)=C3C)sc2c2sc(-c3ccc(N(c4ccccc4)c4ccccc4)cc3)cc21,621.0,,chloroform
O=NN(C)C,CN(C)N=O,228.0,,
O=NN1CCCC1,O=NN1CCCC1,231.0,,
CCCCN(N=O)CCCC,CCCCN(CCCC)N=O,234.0,,
C(C1=NOC(=O)C1)CC#N,N#CCCC1=NOC(=O)C1,266.0,,
CCOS(=O)(=O)C,CCOS(C)(=O)=O,427.0,,
O=C1CC(=O)NC(=O)N1,O=C1CC(=O)NC(=O)N1,514.0,,dichloromethane
O=C1CC(=O)NC(=S)N1,O=C1CC(=O)NC(=S)N1,537.0,,dichloromethane
F[P-](F)(F)(F)(F)F.F[P-](F)(F)(F)(F)F.F[P-](F)(F)(F)(F)F.F[P-](F)(F)(F)(F)F.CCCC(n1cc[n+](c1)C)CCC1(CCC(n2cc[n+](c2)C)CCC)c2cc(ccc2c2c1cccc2)c1ccc2c(c1)C(CCC(n1cc[n+](c1)C)CCC)(CCC(n1cc[n+](c1)C)CCC)c1c2cccc1,CCCC(CCC1(CCC(CCC)n2cc[n+](C)c2)c2ccccc2-c2ccc(-c3ccc4c(c3)C(CCC(CCC)n3cc[n+](C)c3)(CCC(CCC)n3cc[n+](C)c3)c3ccccc3-4)cc21)n1cc[n+](C)c1.F[P-](F)(F)(F)(F)F.F[P-](F)(F)(F)(F)F.F[P-](F)(F)(F)(F)F.F[P-](F)(F)(F)(F)F,373.0,,
[O-]C(=O)CC(C(=O)[O-])O,O=C([O-])CC(O)C(=O)[O-],328.0,,
[Na+].[BH4-],[BH4-].[Na+],536.5,,
[O-]C(=O)C(CC(=O)[O-])(CC(=O)[O-])O.[Na+].[Na+].[Na+],O=C([O-])CC(O)(CC(=O)[O-])C(=O)[O-].[Na+].[Na+].[Na+],545.0,,
[CH-]1C=CC=C1.C1=C[C-](C=C1)C=Cc1nnc(o1)c1onc(n1)c1ccccc1.[Fe+2],C(=C[c-]1cccc1)c1nnc(-c2nc(-c3ccccc3)no2)o1.[Fe+2].c1cc[cH-]c1,327.0,,chloroform
[CH-]1C=CC=C1.Cc1ccc(cc1)c1noc(n1)c1nnc(o1)C=C[C-]1C=CC=C1.[Fe+2],Cc1ccc(-c2noc(-c3nnc(C=C[c-]4cccc4)o3)n2)cc1.[Fe+2].c1cc[cH-]c1,328.0,,chloroform
[CH-]1C=CC=C1.COc1ccc(cc1)c1noc(n1)c1nnc(o1)C=C[C-]1C=CC=C1.[Fe+2],COc1ccc(-c2noc(-c3nnc(C=C[c-]4cccc4)o3)n2)cc1.[Fe+2].c1cc[cH-]c1,257.0,,chloroform
[CH-]1C=CC=C1.Clc1ccc(cc1)c1noc(n1)c1nnc(o1)C=C[C-]1C=CC=C1.[Fe+2],Clc1ccc(-c2noc(-c3nnc(C=C[c-]4cccc4)o3)n2)cc1.[Fe+2].c1cc[cH-]c1,327.0,,chloroform
[CH-]1C=CC=C1.FC(c1ccc(cc1)c1noc(n1)c1nnc(o1)C=C[C-]1C=CC=C1)(F)F.[Fe+2],FC(F)(F)c1ccc(-c2noc(-c3nnc(C=C[c-]4cccc4)o3)n2)cc1.[Fe+2].c1cc[cH-]c1,329.0,,chloroform
[Ar],[Ar],465.0,,methanol
C=Cc1ccccc1.C=CC=C.C=CC#N,C=CC#N.C=CC=C.C=Cc1ccccc1,770.0,,
O=[Ti+2],[O]=[Ti+2],689.0,,DMSO
[Sn+2],[Sn+2],691.0,,DMSO
c1ccc(cc1)c1cc(c(cc1c1ccccc1N(c1ccccc1)c1ccccc1)c1ccccc1)c1ccccc1N(c1ccccc1)c1ccccc1,c1ccc(-c2cc(-c3ccccc3N(c3ccccc3)c3ccccc3)c(-c3ccccc3)cc2-c2ccccc2N(c2ccccc2)c2ccccc2)cc1,415.0,,DCM
c1ccc(cc1)Cc1cc(c(cc1c1ccccc1N(c1ccccc1)c1ccccc1)Cc1ccccc1)c1ccccc1N(c1ccccc1)c1ccccc1,c1ccc(Cc2cc(-c3ccccc3N(c3ccccc3)c3ccccc3)c(Cc3ccccc3)cc2-c2ccccc2N(c2ccccc2)c2ccccc2)cc1,410.0,,DCM
c1ccc(cc1)N(c1ccccc1c1cc(c(cc1c1cccc2c1cccc2)c1ccccc1N(c1ccccc1)c1ccccc1)c1cccc2c1cccc2)c1ccccc1,c1ccc(N(c2ccccc2)c2ccccc2-c2cc(-c3cccc4ccccc34)c(-c3ccccc3N(c3ccccc3)c3ccccc3)cc2-c2cccc3ccccc23)cc1,419.0,,DCM
[Pb+2],[Pb+2],717.0,,toluene
[O-]S(=O)[O-],O=S([O-])[O-],280.0,,
N,N,260.0,,
OCCN1C(C=Cc2ccc(cc2)N=NC=C2N(C)c3c(C2(C)C)cccc3)Sc2c1cccc2.[I-],CN1C(=CN=Nc2ccc(C=CC3Sc4ccccc4N3CCO)cc2)C(C)(C)c2ccccc21.[I-],574.0,,THF
OCCN1CC=C(c2c1cccc2)C=Cc1ccc(cc1)N=NC=C1N(C)c2c(C1(C)C)cccc2.[I-],CN1C(=CN=Nc2ccc(C=CC3=CCN(CCO)c4ccccc43)cc2)C(C)(C)c2ccccc21.[I-],551.0,,THF
CC(c1ccc(cc1)n1c(nc2c1c1ccc(cc1c1c2ccc(c1)c1ccc2c(c1)c1ccccc1n2c1ccccc1)c1ccc2c(c1)c1ccccc1n2c1ccccc1)c1ccc(cc1)C(C)(C)C)(C)C,CC(C)(C)c1ccc(-c2nc3c4ccc(-c5ccc6c(c5)c5ccccc5n6-c5ccccc5)cc4c4cc(-c5ccc6c(c5)c5ccccc5n6-c5ccccc5)ccc4c3n2-c2ccc(C(C)(C)C)cc2)cc1,258.0,,
Cc1ccc(s1)C#Cc1ccc(cc1)C1=C2C=CC(=N2)C(=c2ccc(=C(C3=NC(=C(c4[nH]c1cc4)C)C=C3)c1ccc(cc1)C#Cc1ccc(s1)C)[nH]2)C,Cc1ccc(C#Cc2ccc(-c3c4nc(c(C)c5ccc([nH]5)c(-c5ccc(C#Cc6ccc(C)s6)cc5)c5nc(c(C)c6ccc3[nH]6)C=C5)C=C4)cc2)s1,422.0,,
O=P(c1ccc2c(c1)c1ccccc1C12c2ccccc2c2c1cccc2)(c1ccc2c(c1)c1ccccc1C12c2ccccc2c2c1cccc2)c1ccccc1,O=P(c1ccccc1)(c1ccc2c(c1)-c1ccccc1C21c2ccccc2-c2ccccc21)c1ccc2c(c1)-c1ccccc1C21c2ccccc2-c2ccccc21,294.0,,
COC(=O)C1Cc2cc(Cl)ccc2OC1,COC(=O)C1COc2ccc(Cl)cc2C1,230.0,,
C1CNC1=O,O=C1CCN1,208.0,,
O=c1c2ccc3c4c2c(c(=O)n1c1ccc(cc1)N=Cc1ccc2c5c1ccc1c5c(cc2)ccc1)ccc4c1c2c3ccc3c2c(cc1)c(=O)n(c3=O)c1ccc(cc1)N=Cc1ccc2c3c1ccc1c3c(cc2)ccc1,O=C1c2ccc3c4ccc5c6c(ccc(c7ccc(c2c37)C(=O)N1c1ccc(N=Cc2ccc3ccc7cccc8ccc2c3c78)cc1)c64)C(=O)N(c1ccc(N=Cc2ccc3ccc4cccc6ccc2c3c46)cc1)C5=O,515.0,,
O=c1c2ccc3c4c2c(c(=O)n1c1ccc(cc1)N=C1c2ccccc2c2c1cccc2)ccc4c1c2c3ccc3c2c(cc1)c(=O)n(c3=O)c1ccc(cc1)N=C1c2ccccc2c2c1cccc2,O=C1c2ccc3c4ccc5c6c(ccc(c7ccc(c2c37)C(=O)N1c1ccc(N=C2c3ccccc3-c3ccccc32)cc1)c64)C(=O)N(c1ccc(N=C2c3ccccc3-c3ccccc32)cc1)C5=O,487.0,,
O=c1c2ccc3c4c2c(c(=O)n1c1ccc(cc1)N=Cc1ccc(cc1)[N+](=O)[O-])ccc4c1c2c3ccc3c2c(cc1)c(=O)n(c3=O)c1ccc(cc1)N=Cc1ccc(cc1)[N+](=O)[O-],O=C1c2ccc3c4ccc5c6c(ccc(c7ccc(c2c37)C(=O)N1c1ccc(N=Cc2ccc([N+](=O)[O-])cc2)cc1)c64)C(=O)N(c1ccc(N=Cc2ccc([N+](=O)[O-])cc2)cc1)C5=O,492.0,,
Oc1cccc(c1C=Nc1ccc(cc1)n1c(=O)c2ccc3c4c2c(c1=O)ccc4c1c2c3ccc3c2c(cc1)c(=O)n(c3=O)c1ccc(cc1)N=Cc1c(O)cccc1[N+](=O)[O-])[N+](=O)[O-],O=C1c2ccc3c4ccc5c6c(ccc(c7ccc(c2c37)C(=O)N1c1ccc(N=Cc2c(O)cccc2[N+](=O)[O-])cc1)c64)C(=O)N(c1ccc(N=Cc2c(O)cccc2[N+](=O)[O-])cc1)C5=O,526.0,,
CN(c1ccc(cc1)C=Nc1ccc(cc1)n1c(=O)c2ccc3c4c2c(c1=O)ccc4c1c2c3ccc3c2c(cc1)c(=O)n(c3=O)c1ccc(cc1)N=Cc1ccc(cc1)N(C)C)C,CN(C)c1ccc(C=Nc2ccc(N3C(=O)c4ccc5c6ccc7c8c(ccc(c9ccc(c4c59)C3=O)c86)C(=O)N(c3ccc(N=Cc4ccc(N(C)C)cc4)cc3)C7=O)cc2)cc1,523.0,,
N1CCNCC1,C1CNCCN1,414.0,,
Oc1ccccc1COc1c(OCc2ccccc2)cc(c(c1OCc1ccccc1)c1ccccc1)C(=O)[O-],O=C([O-])c1cc(OCc2ccccc2)c(OCc2ccccc2O)c(OCc2ccccc2)c1-c1ccccc1,268.0,,
Oc1cccc(c1)COc1c(OCc2ccccc2)cc(c(c1OCc1ccccc1)c1ccccc1)C(=O)[O-],O=C([O-])c1cc(OCc2ccccc2)c(OCc2cccc(O)c2)c(OCc2ccccc2)c1-c1ccccc1,267.0,,
COc1ccccc1COc1c(OCc2ccccc2)cc(c(c1OCc1ccccc1)c1ccccc1)C(=O)[O-],COc1ccccc1COc1c(OCc2ccccc2)cc(C(=O)[O-])c(-c2ccccc2)c1OCc1ccccc1,269.0,,
Cc1ccc(c(c1)COc1c(OCc2ccccc2)cc(c(c1OCc1ccccc1)c1ccccc1)C(=O)[O-])C(C)C,Cc1ccc(C(C)C)c(COc2c(OCc3ccccc3)cc(C(=O)[O-])c(-c3ccccc3)c2OCc2ccccc2)c1,271.0,,
O=Cc1ccc(c(c1)OC)COc1c(OCc2ccccc2)cc(c(c1OCc1ccccc1)c1ccccc1)C(=O)[O-],COc1cc(C=O)ccc1COc1c(OCc2ccccc2)cc(C(=O)[O-])c(-c2ccccc2)c1OCc1ccccc1,263.0,,
O=Cc1ccc(c(c1)COc1c(OCc2ccccc2)cc(c(c1OCc1ccccc1)c1ccccc1)C(=O)[O-])OC,COc1ccc(C=O)cc1COc1c(OCc2ccccc2)cc(C(=O)[O-])c(-c2ccccc2)c1OCc1ccccc1,269.0,,
CC(=O)O,CC(=O)O,267.0,62100.0,DMSO
[Ru+2],[Ru+2],309.0,,
Brc1cc2C=CC3(Oc2c(c1)c1nc(c(n1Cc1ccccc1)c1ccccc1)c1ccccc1)N(C)c1c(C3(C)C)cc(cc1)Br,CN1c2ccc(Br)cc2C(C)(C)C12C=Cc1cc(Br)cc(-c3nc(-c4ccccc4)c(-c4ccccc4)n3Cc3ccccc3)c1O2,296.0,,
OC[C@@H](C(=O)O)N,N[C@@H](CO)C(=O)O,321.0,,
CCOc1cc(C=O)ccc1O,CCOc1cc(C=O)ccc1O,312.0,,
COc1cc(C=O)ccc1O,COc1cc(C=O)ccc1O,308.0,,
Oc1c2ccc(cc2cc(c1N=Nc1ccc2c(c1)c(ncn2)N1CCOCC1)S(=O)(=O)[O-])Nc1ccccc1.[Na+],O=S(=O)([O-])c1cc2cc(Nc3ccccc3)ccc2c(O)c1N=Nc1ccc2ncnc(N3CCOCC3)c2c1.[Na+],495.0,,
CNc1ccc2c(c1)c(O)c(c(c2)S(=O)(=O)[O-])N=Nc1ccc2c(c1)c(ncn2)N1CCOCC1.[Na+],CNc1ccc2cc(S(=O)(=O)[O-])c(N=Nc3ccc4ncnc(N5CCOCC5)c4c3)c(O)c2c1.[Na+],470.0,,
COCC(C1NCc2c1cccc2)NC(c1ccccc1Nc1c(Cl)cccc1Cl)(C(=O)[O-])CC=O,COCC(NC(CC=O)(C(=O)[O-])c1ccccc1Nc1c(Cl)cccc1Cl)C1NCc2ccccc21,275.0,,
c1ccc(cc1)C1=C2C=CC(=N2)C(=c2ccc(=C(C3=NC(=C(c4[nH]c1cc4C=Cc1ccc4c5c1ccc1c5c(cc4)ccc1)c1ccccc1)C=C3)c1ccccc1)[nH]2)c1ccccc1,C1=Cc2nc1c(-c1ccccc1)c1ccc([nH]1)c(-c1ccccc1)c1nc(c(-c3ccccc3)c3[nH]c(cc3C=Cc3ccc4ccc5cccc6ccc3c4c56)c2-c2ccccc2)C=C1,425.0,125892.5412,
N[C@H](C(=O)[O-])Cc1ccc(cc1)O,N[C@@H](Cc1ccc(O)cc1)C(=O)[O-],885.0,,
[O-]C#N,N#C[O-],274.0,10127.0,
COc1cc(CO)ccc1OC,COc1ccc(CO)cc1OC,310.0,,
NCCCCN,NCCCCN,724.1,,
NCCCNCCCCNCCCN,NCCCNCCCCNCCCN,885.4,,
NCCCNCCCCN,NCCCCNCCCN,880.7,,
C1N=CNC1=O,O=C1CN=CN1,459.0,31100.0,methanol
[O-]C(=O)c1ccc(cc1)c1cscc1,O=C([O-])c1ccc(-c2ccsc2)cc1,284.0,,
COC(=O)C(=C)C,C=C(C)C(=O)OC,408.0,,
C=CCN1c2ccccc2C(C21C=Cc1c(O2)ccc2c1ccc[n+]2C)(C)C.[I-],C=CCN1c2ccccc2C(C)(C)C12C=Cc1c(ccc3c1ccc[n+]3C)O2.[I-],269.0,,
CCCN1c2ccc(cc2C(C21C=Cc1c(O2)ccc2c1ccc[n+]2C)(C)C)Br.[I-],CCCN1c2ccc(Br)cc2C(C)(C)C12C=Cc1c(ccc3c1ccc[n+]3C)O2.[I-],269.0,,
Cc1ccc2c(c1)C(C)(C)C1(N2C)C=Cc2c(O1)ccc1c2ccc[n+]1C.[I-],Cc1ccc2c(c1)C(C)(C)C1(C=Cc3c(ccc4c3ccc[n+]4C)O1)N2C.[I-],270.0,,
COc1ccc2c(c1)C(C)(C)C1(N2C)C=Cc2c(O1)ccc1c2ccc[n+]1C.[I-],COc1ccc2c(c1)C(C)(C)C1(C=Cc3c(ccc4c3ccc[n+]4C)O1)N2C.[I-],242.0,,
[O-]O,[O-]O,770.0,,
C1=CC(C(=NC2c3cccnc3c3c2cccn3)C=C1)OCC(COC1C=CC=CC1=NC1c2cccnc2c2c1cccn2)(COC1C=CC=CC1=NC1c2cccnc2c2c1cccn2)COC1C=CC=CC1=NC1c2cccnc2c2c1cccn2,C1=CC(=NC2c3cccnc3-c3ncccc32)C(OCC(COC2C=CC=CC2=NC2c3cccnc3-c3ncccc32)(COC2C=CC=CC2=NC2c3cccnc3-c3ncccc32)COC2C=CC=CC2=NC2c3cccnc3-c3ncccc32)C=C1,432.0,10900.0,CHCl3
CCC(COC1C=CC=CC1=NC1c2cccnc2c2c1cccn2)(COC1C=CC=CC1=NC1c2cccnc2c2c1cccn2)COC1C=CC=CC1=NC1c2cccnc2c2c1cccn2,CCC(COC1C=CC=CC1=NC1c2cccnc2-c2ncccc21)(COC1C=CC=CC1=NC1c2cccnc2-c2ncccc21)COC1C=CC=CC1=NC1c2cccnc2-c2ncccc21,432.0,8300.0,CHCl3
S=C1NCCN1C,CN1CCNC1=S,340.0,8200.0,
[O-]C(=O)c1ccccc1O,O=C([O-])c1ccccc1O,340.0,,
C([2H])(C(=O)C([2H])([2H])[2H])([2H])[2H],[2H]C([2H])([2H])C(=O)C([2H])([2H])[2H],370.0,,MeCN
O[C@H]1C[C@@H](O[C@@H]1COP(=O)(O)O)n1cc(C)c(nc1=O)N,Cc1cn([C@H]2C[C@H](O)[C@@H](COP(=O)(O)O)O2)c(=O)nc1N,216.0,,
NCC(=O)CCC(=O)O,NCC(=O)CCC(=O)O,266.0,,
OC[C@H]([C@@H]([C@H](CO)O)O)O,OC[C@@H](O)[C@H](O)[C@@H](O)CO,340.0,,
COc1cc(C=O)ccc1OC,COc1ccc(C=O)cc1OC,310.0,26915.34804,
COc1cc(C=O)cc(c1O)OC,COc1cc(C=O)cc(OC)c1O,371.0,50118.72336,
C1(C)c2cc(ccc2c2c1cc(cc2)c1ccc(s1)c1ccc(s1)C=C(C(=O)O)C#N)N1c2ccccc2Sc2c1ccc(c2)C=C1c2ccccc2c2c1cccc2,CC1c2cc(-c3ccc(-c4ccc(C=C(C#N)C(=O)O)s4)s3)ccc2-c2ccc(N3c4ccccc4Sc4cc(C=C5c6ccccc6-c6ccccc65)ccc43)cc21,453.0,41200.0,
[O-]C(=O)CC[C@@H](C(=O)O)NC(=O)c1ccc(cc1)NCC1CNc2c(N1C)c(=O)[nH]c(n2)N,CN1c2c(nc(N)[nH]c2=O)NCC1CNc1ccc(C(=O)N[C@@H](CCC(=O)[O-])C(=O)O)cc1,290.0,,
O=CN1C(CNc2ccc(cc2)C(=O)N[C@H](C(=O)O)CCC(=O)[O-])CNc2c1c(=O)[nH]c(n2)N,Nc1nc2c(c(=O)[nH]1)N(C=O)C(CNc1ccc(C(=O)N[C@@H](CCC(=O)[O-])C(=O)O)cc1)CN2,288.0,,
O=CN(c1ccc(cc1)C(=O)N[C@H](C(=O)O)CCC(=O)[O-])CC1CNc2c(N1)c(=O)[nH]c(n2)N,Nc1nc2c(c(=O)[nH]1)NC(CN(C=O)c1ccc(C(=O)N[C@@H](CCC(=O)[O-])C(=O)O)cc1)CN2,261.0,,
[O-]C(=O)CC[C@@H](C(=O)O)NC(=O)c1ccc(cc1)NCC1CNc2c(N1)c(=O)[nH]c(n2)N,Nc1nc2c(c(=O)[nH]1)NC(CNc1ccc(C(=O)N[C@@H](CCC(=O)[O-])C(=O)O)cc1)CN2,294.0,,
c1cnn[nH]1.c1nnn[nH]1.[O-][N+](=O)C[N+](=O)[O-].N#CC([N+](=O)[O-])[N+](=O)[O-].[N-]=[N+]=C.BrC#N,C=[N+]=[N-].N#CBr.N#CC([N+](=O)[O-])[N+](=O)[O-].O=[N+]([O-])C[N+](=O)[O-].c1c[nH]nn1.c1nnn[nH]1,320.0,,
[O-][N+]#N,N#[N+][O-],280.0,,
OC1CC2C(C1(C)CC2)(C)C,CC1(C)C2CCC1(C)C(O)C2,342.86,,
CCCCCCCCCCCCCCCC(=O)OC,CCCCCCCCCCCCCCCC(=O)OC,237.82,,
CCCCCCCCCCCCCCCCCCCCCCCCCC,CCCCCCCCCCCCCCCCCCCCCCCCCC,736.36,,
OCC=C(CCC=C(CCC=C(C)C)C)C,CC(C)=CCCC(C)=CCCC(C)=CCO,243.37,,
[GeH4],[GeH4],274.0,,
OC[C@H]([C@H]([C@@H]([C@H](C=O)[18F])O)O)O,O=C[C@H]([18F])[C@@H](O)[C@H](O)[C@H](O)CO,365.0,,
CC(=CCCC=C(CCC=C(CCC=C(C)C)C)C)CCC=C(CCC=C(C)C)C,CC(C)=CCCC(C)=CCCC(C)=CCCC=C(C)CCC=C(C)CCC=C(C)C,233.33,,
N[C@H](c1ccccc1)C(=O)O.Cl,Cl.N[C@@H](C(=O)O)c1ccccc1,228.0,,
N[C@H](C(=O)O)C(C)C.Cl,CC(C)[C@H](N)C(=O)O.Cl,295.0,,
NCC(=O)O.NCC(=O)O.Cl,Cl.NCC(=O)O.NCC(=O)O,300.0,,
NCC(=O)O.[Cl-].[Cl-].[Zn+2],NCC(=O)O.[Cl-].[Cl-].[Zn+2],240.0,,
[O-]S(=O)(=O)[O-].NCC(=O)O.[Zn+2],NCC(=O)O.O=S(=O)([O-])[O-].[Zn+2],300.0,,
OC(=O)C(=O)O.NCC(=O)O,NCC(=O)O.O=C(O)C(=O)O,305.0,,
SCCCCCCCCCCCN=[N+]=[N-],[N-]=[N+]=NCCCCCCCCCCCS,387.5,,
[Ce],[Ce],280.0,,
[IH]1CC=CC=C1,C1=CC[IH]C=C1,292.0,,
C#CCOC(=O)CNC1=C(Br)C(=O)O[C@@H]1OC1CC(C)CCC1C(C)C,C#CCOC(=O)CNC1=C(Br)C(=O)O[C@@H]1OC1CC(C)CCC1C(C)C,267.0,,
C#CCOC(=O)[C@@H](NC1=C(Br)C(=O)O[C@@H]1OC1CC(C)CCC1C(C)C)C,C#CCOC(=O)[C@H](C)NC1=C(Br)C(=O)O[C@@H]1OC1CC(C)CCC1C(C)C,268.0,,
C#CCOC(=O)[C@H](C(C)C)NC1=C(Br)C(=O)O[C@@H]1OC1CC(C)CCC1C(C)C,C#CCOC(=O)[C@@H](NC1=C(Br)C(=O)O[C@@H]1OC1CC(C)CCC1C(C)C)C(C)C,269.0,,
C#CCOC(=O)[C@@H](NC1=C(Br)C(=O)O[C@@H]1OC1CC(C)CCC1C(C)C)CC(C)C,C#CCOC(=O)[C@H](CC(C)C)NC1=C(Br)C(=O)O[C@@H]1OC1CC(C)CCC1C(C)C,267.0,,
C#CCOC(=O)CCCCCNC1=C(Br)C(=O)O[C@@H]1OC1CC(C)CCC1C(C)C,C#CCOC(=O)CCCCCNC1=C(Br)C(=O)O[C@@H]1OC1CC(C)CCC1C(C)C,273.0,,
C#CCOC(=O)CCCNC1=C(Br)C(=O)O[C@@H]1OC1CC(C)CCC1C(C)C,C#CCOC(=O)CCCNC1=C(Br)C(=O)O[C@@H]1OC1CC(C)CCC1C(C)C,274.0,,
C#CCOC(=O)CNC1=C(Br)C(=O)O[C@@H]1OC1CC2C(C1(C)CC2)(C)C,C#CCOC(=O)CNC1=C(Br)C(=O)O[C@@H]1OC1CC2CCC1(C)C2(C)C,268.0,,
C#CCOC(=O)[C@@H](NC1=C(Br)C(=O)O[C@@H]1OC1CC2C(C1(C)CC2)(C)C)C,C#CCOC(=O)[C@H](C)NC1=C(Br)C(=O)O[C@@H]1OC1CC2CCC1(C)C2(C)C,267.0,,
C#CCOC(=O)[C@H](C(C)C)NC1=C(Br)C(=O)O[C@@H]1OC1CC2C(C1(C)CC2)(C)C,C#CCOC(=O)[C@@H](NC1=C(Br)C(=O)O[C@@H]1OC1CC2CCC1(C)C2(C)C)C(C)C,268.0,,
C#CCOC(=O)[C@@H](NC1=C(Br)C(=O)O[C@@H]1OC1CC2C(C1(C)CC2)(C)C)CC(C)C,C#CCOC(=O)[C@H](CC(C)C)NC1=C(Br)C(=O)O[C@@H]1OC1CC2CCC1(C)C2(C)C,269.0,,
C#CCOC(=O)CCCCCNC1=C(Br)C(=O)O[C@@H]1OC1CC2C(C1(C)CC2)(C)C,C#CCOC(=O)CCCCCNC1=C(Br)C(=O)O[C@@H]1OC1CC2CCC1(C)C2(C)C,273.0,,
C#CCOC(=O)CCCNC1=C(Br)C(=O)O[C@@H]1OC1CC2C(C1(C)CC2)(C)C,C#CCOC(=O)CCCNC1=C(Br)C(=O)O[C@@H]1OC1CC2CCC1(C)C2(C)C,272.0,,
C#CCOc1ccc(cc1)C1=C2C=CC(=N2)C(=c2ccc(=C(C3=NC(=C(c4[nH]c1cc4)c1ccccc1)C=C3)c1ccc(cc1)OCC#C)[nH]2)c1ccccc1,C#CCOc1ccc(-c2c3nc(c(-c4ccccc4)c4ccc([nH]4)c(-c4ccc(OCC#C)cc4)c4nc(c(-c5ccccc5)c5ccc2[nH]5)C=C4)C=C3)cc1,420.0,,
CCCC[Sn]([Sn](CCCC)(CCCC)CCCC)([Sn](CCCC)(CCCC)CCCC)CCCC,CCC[CH2][Sn]([CH2]CCC)([CH2]CCC)[Sn]([CH2]CCC)([CH2]CCC)[Sn]([CH2]CCC)([CH2]CCC)[CH2]CCC,283.0,,
CCCC[Sn]([Sn]([Sn](CCCC)(CCCC)CCCC)(C)C)(CCCC)CCCC,CCC[CH2][Sn]([CH2]CCC)([CH2]CCC)[Sn]([CH3])([CH3])[Sn]([CH2]CCC)([CH2]CCC)[CH2]CCC,282.0,,
C[Sn]([Sn](c1ccccc1)(c1ccccc1)c1ccccc1)([Sn](c1ccccc1)(c1ccccc1)c1ccccc1)C,[CH3][Sn]([CH3])([Sn]([c]1ccccc1)([c]1ccccc1)[c]1ccccc1)[Sn]([c]1ccccc1)([c]1ccccc1)[c]1ccccc1,310.0,,
COCCOCCOCCOCCOc1ccc(cc1)C1=C2C=CC(=N2)C(=c2ccc(=C(C3=NC(=C(c4[nH]c1cc4)c1cccc(c1)I)C=C3)c1ccc(cc1)OCCOCCOCCOCCOC)[nH]2)c1cccc(c1)I.[Zn],COCCOCCOCCOCCOc1ccc(-c2c3nc(c(-c4cccc(I)c4)c4ccc([nH]4)c(-c4ccc(OCCOCCOCCOCCOC)cc4)c4nc(c(-c5cccc(I)c5)c5ccc2[nH]5)C=C4)C=C3)cc1.[Zn],436.0,,H2O
COCCOCCOCCOCCOc1ccc(cc1)C1=C2C=CC(=N2)C(=c2ccc(=C(C3=NC(=C(c4[nH]c1cc4)c1cccc(c1)I)C=C3)c1cccc(c1)I)[nH]2)c1ccc(cc1)OCCOCCOCCOCCOC.[Zn],COCCOCCOCCOCCOc1ccc(-c2c3nc(c(-c4ccc(OCCOCCOCCOCCOC)cc4)c4ccc([nH]4)c(-c4cccc(I)c4)c4nc(c(-c5cccc(I)c5)c5ccc2[nH]5)C=C4)C=C3)cc1.[Zn],435.0,,H2O
SC[C@@H](C(=O)O)NC(=O)C,CC(=O)N[C@@H](CS)C(=O)O,286.0,,
CCC(C(=O)O)S,CCC(S)C(=O)O,494.0,,
CCCC(C(=O)O)S,CCCC(S)C(=O)O,481.0,,
CCCCC(C(=O)O)S,CCCCC(S)C(=O)O,470.0,,
CCCCCCCCCC(C(=O)O)S,CCCCCCCCCC(S)C(=O)O,431.0,,
CC(C(=O)O)S,CC(S)C(=O)O,512.0,,
Oc1cc(O)c2c(c1)oc1c(c2=O)cc(c(c1)O)O.CC(=CCc1cccc2c1c(=O)c1c(o2)cccc1)C,CC(C)=CCc1cccc2oc3ccccc3c(=O)c12.O=c1c2cc(O)c(O)cc2oc2cc(O)cc(O)c12,248.0,,
O=C1C=C(N)c2c(C1=O)cccc2,NC1=CC(=O)C(=O)c2ccccc21,235.0,,
NC(=S)NN=C1C=Cc2c(C1=O)cccc2,NC(=S)NN=C1C=Cc2ccccc2C1=O,230.0,,
NC(=O)NN=C1C=Cc2c(C1=O)cccc2,NC(=O)NN=C1C=Cc2ccccc2C1=O,274.5,,
ON=C1C=Cc2c(C1=O)cccc2,O=C1C(=NO)C=Cc2ccccc21,244.0,,
NN=C1C=Cc2c(C1=O)cccc2,NN=C1C=Cc2ccccc2C1=O,244.0,,
NC(=S)NN=C1C=C(N)c2c(C1=O)cccc2,NC(=S)NN=C1C=C(N)c2ccccc2C1=O,235.0,,
NC(=O)NN=C1C=C(N)c2c(C1=O)cccc2,NC(=O)NN=C1C=C(N)c2ccccc2C1=O,239.0,,
ON=C1C=C(N)c2c(C1=O)cccc2,NC1=CC(=NO)C(=O)c2ccccc21,241.0,,
NN=C1C=C(N)c2c(C1=O)cccc2,NN=C1C=C(N)c2ccccc2C1=O,236.0,,
O=C1C=Cc2c(C1=O)cccc2,O=C1C=Cc2ccccc2C1=O,253.5,,
c1ccc2c(c1)nccc2.CNC,CNC.c1ccc2ncccc2c1,388.0,,
CONC(=O)O,CONC(=O)O,378.0,5495.408739,methanol
S=C(Nc1ccc(cc1)Br)NN=Cc1ccccc1OCCCOc1ccccc1C=NNC(=S)Nc1ccc(cc1)Br,S=C(NN=Cc1ccccc1OCCCOc1ccccc1C=NNC(=S)Nc1ccc(Br)cc1)Nc1ccc(Br)cc1,312.0,35631.0,CH2Cl2
OC(COc1ccccc1C=NNC(=S)Nc1ccc(cc1)Br)COc1ccccc1C=NNC(=S)Nc1ccc(cc1)Br,OC(COc1ccccc1C=NNC(=S)Nc1ccc(Br)cc1)COc1ccccc1C=NNC(=S)Nc1ccc(Br)cc1,313.0,22157.0,CH2Cl2
CC(C(=O)NCCNC(=O)C(S)C)S,CC(S)C(=O)NCCNC(=O)C(C)S,284.0,14800.0,
CN(C(=S)SC(=S)N(C)C)C,CN(C)C(=S)SC(=S)N(C)C,410.0,,
CCN(C(=S)SSC(=S)N(CC)CC)CC,CCN(CC)C(=S)SSC(=S)N(CC)CC,354.0,,
C[C@@H]1CC[C@H]([C@@H](C1)O[C@H]1OC(=O)C(=C1NCCCCCC(=O)OCC#CC#CCOC(=O)CCCCCNC1=C(Br)C(=O)O[C@@H]1O[C@@H]1C[C@H](C)CC[C@H]1C(C)C)Br)C(C)C,CC(C)[C@@H]1CC[C@@H](C)C[C@H]1O[C@H]1OC(=O)C(Br)=C1NCCCCCC(=O)OCC#CC#CCOC(=O)CCCCCNC1=C(Br)C(=O)O[C@@H]1O[C@@H]1C[C@H](C)CC[C@H]1C(C)C,274.0,,
C[C@@H]1CC[C@H]([C@@H](C1)O[C@H]1OC(=O)C(=C1NCCCC(=O)OCC#CC#CCOC(=O)CCCNC1=C(Br)C(=O)O[C@@H]1O[C@@H]1C[C@H](C)CC[C@H]1C(C)C)Br)C(C)C,CC(C)[C@@H]1CC[C@@H](C)C[C@H]1O[C@H]1OC(=O)C(Br)=C1NCCCC(=O)OCC#CC#CCOC(=O)CCCNC1=C(Br)C(=O)O[C@@H]1O[C@@H]1C[C@H](C)CC[C@H]1C(C)C,271.0,,
C[C@@H]1CC[C@H]([C@@H](C1)O[C@H]1OC(=O)C(=C1NCC(=O)OCC#CC#CCOC(=O)CNC1=C(Br)C(=O)O[C@@H]1O[C@@H]1C[C@H](C)CC[C@H]1C(C)C)Br)C(C)C,CC(C)[C@@H]1CC[C@@H](C)C[C@H]1O[C@H]1OC(=O)C(Br)=C1NCC(=O)OCC#CC#CCOC(=O)CNC1=C(Br)C(=O)O[C@@H]1O[C@@H]1C[C@H](C)CC[C@H]1C(C)C,268.0,,
C[C@@H]1CC[C@H]([C@@H](C1)O[C@H]1OC(=O)C(=C1N[C@H](C(=O)OCC#CC#CCOC(=O)[C@H](NC1=C(Br)C(=O)O[C@@H]1O[C@@H]1C[C@H](C)CC[C@H]1C(C)C)C)C)Br)C(C)C,CC(C)[C@@H]1CC[C@@H](C)C[C@H]1O[C@H]1OC(=O)C(Br)=C1N[C@@H](C)C(=O)OCC#CC#CCOC(=O)[C@@H](C)NC1=C(Br)C(=O)O[C@@H]1O[C@@H]1C[C@H](C)CC[C@H]1C(C)C,268.0,,
C[C@@H]1CC[C@H]([C@@H](C1)O[C@H]1OC(=O)C(=C1N[C@H](C(=O)OCC#CC#CCOC(=O)[C@@H](C(C)C)NC1=C(Br)C(=O)O[C@@H]1O[C@@H]1C[C@H](C)CC[C@H]1C(C)C)C(C)C)Br)C(C)C,CC(C)[C@H](NC1=C(Br)C(=O)O[C@@H]1O[C@@H]1C[C@H](C)CC[C@H]1C(C)C)C(=O)OCC#CC#CCOC(=O)[C@H](NC1=C(Br)C(=O)O[C@@H]1O[C@@H]1C[C@H](C)CC[C@H]1C(C)C)C(C)C,269.0,,
CC(C[C@H](C(=O)OCC#CC#CCOC(=O)[C@@H](NC1=C(Br)C(=O)O[C@@H]1O[C@@H]1C[C@H](C)CC[C@H]1C(C)C)CC(C)C)NC1=C(Br)C(=O)O[C@@H]1O[C@@H]1C[C@H](C)CC[C@H]1C(C)C)C,CC(C)C[C@H](NC1=C(Br)C(=O)O[C@@H]1O[C@@H]1C[C@H](C)CC[C@H]1C(C)C)C(=O)OCC#CC#CCOC(=O)[C@@H](CC(C)C)NC1=C(Br)C(=O)O[C@@H]1O[C@@H]1C[C@H](C)CC[C@H]1C(C)C,268.0,,
C[C@@H]1CC[C@H]([C@@H](C1)O[C@H]1OC(=O)C(=C1N[C@H](C(=O)OCC#CC#CCOC(=O)[C@H](NC1=C(Br)C(=O)O[C@@H]1O[C@@H]1C[C@H](C)CC[C@H]1C(C)C)Cc1ccccc1)Cc1ccccc1)Br)C(C)C,CC(C)[C@@H]1CC[C@@H](C)C[C@H]1O[C@H]1OC(=O)C(Br)=C1N[C@@H](Cc1ccccc1)C(=O)OCC#CC#CCOC(=O)[C@@H](Cc1ccccc1)NC1=C(Br)C(=O)O[C@@H]1O[C@@H]1C[C@H](C)CC[C@H]1C(C)C,267.0,,
C[C@@H]1CC[C@H]([C@@H](C1)O[C@H]1OC(=O)C(=C1N[C@H](c1ccccc1)C(=O)OCC#CC#CCOC(=O)[C@H](c1ccccc1)NC1=C(Br)C(=O)O[C@@H]1O[C@@H]1C[C@H](C)CC[C@H]1C(C)C)Br)C(C)C,CC(C)[C@@H]1CC[C@@H](C)C[C@H]1O[C@H]1OC(=O)C(Br)=C1N[C@H](C(=O)OCC#CC#CCOC(=O)[C@H](NC1=C(Br)C(=O)O[C@@H]1O[C@@H]1C[C@H](C)CC[C@H]1C(C)C)c1ccccc1)c1ccccc1,266.0,,
O=C(CCCCCNC1=C(Br)C(=O)O[C@@H]1O[C@@H]1C[C@H]2C([C@]1(C)CC2)(C)C)OCC#CC#CCOC(=O)CCCCCNC1=C(Br)C(=O)O[C@@H]1O[C@@H]1C[C@H]2C([C@]1(C)CC2)(C)C,CC1(C)[C@H]2CC[C@]1(C)[C@H](O[C@H]1OC(=O)C(Br)=C1NCCCCCC(=O)OCC#CC#CCOC(=O)CCCCCNC1=C(Br)C(=O)O[C@@H]1O[C@@H]1C[C@@H]3CC[C@@]1(C)C3(C)C)C2,273.0,,
O=C(CCCNC1=C(Br)C(=O)O[C@@H]1OC1C[C@H]2C([C@]1(C)CC2)(C)C)OCC#CC#CCOC(=O)CCCNC1=C(Br)C(=O)O[C@@H]1O[C@@H]1C[C@H]2C([C@]1(C)CC2)(C)C,CC1(C)[C@H]2CC[C@]1(C)C(O[C@H]1OC(=O)C(Br)=C1NCCCC(=O)OCC#CC#CCOC(=O)CCCNC1=C(Br)C(=O)O[C@@H]1O[C@@H]1C[C@@H]3CC[C@@]1(C)C3(C)C)C2,273.0,,
O=C(CNC1=C(Br)C(=O)O[C@@H]1O[C@@H]1C[C@H]2C([C@]1(C)CC2)(C)C)OCC#CC#CCOC(=O)CNC1=C(Br)C(=O)O[C@@H]1O[C@@H]1C[C@H]2C([C@]1(C)CC2)(C)C,CC1(C)[C@H]2CC[C@]1(C)[C@H](O[C@H]1OC(=O)C(Br)=C1NCC(=O)OCC#CC#CCOC(=O)CNC1=C(Br)C(=O)O[C@@H]1O[C@@H]1C[C@@H]3CC[C@@]1(C)C3(C)C)C2,268.0,,
C[C@@H](C(=O)OCC#CC#CCOC(=O)[C@@H](NC1=C(Br)C(=O)O[C@@H]1O[C@@H]1C[C@H]2C([C@]1(C)CC2)(C)C)C)NC1=C(Br)C(=O)O[C@@H]1O[C@@H]1C[C@H]2C([C@]1(C)CC2)(C)C,C[C@H](NC1=C(Br)C(=O)O[C@@H]1O[C@@H]1C[C@@H]2CC[C@@]1(C)C2(C)C)C(=O)OCC#CC#CCOC(=O)[C@H](C)NC1=C(Br)C(=O)O[C@@H]1O[C@@H]1C[C@@H]2CC[C@@]1(C)C2(C)C,269.0,,
CC([C@@H](C(=O)OCC#CC#CCOC(=O)[C@H](C(C)C)NC1=C(Br)C(=O)O[C@@H]1O[C@@H]1C[C@H]2C([C@]1(C)CC2)(C)C)NC1=C(Br)C(=O)O[C@@H]1O[C@@H]1C[C@H]2C([C@]1(C)CC2)(C)C)C,CC(C)[C@H](NC1=C(Br)C(=O)O[C@@H]1O[C@@H]1C[C@@H]2CC[C@@]1(C)C2(C)C)C(=O)OCC#CC#CCOC(=O)[C@@H](NC1=C(Br)C(=O)O[C@@H]1O[C@@H]1C[C@@H]2CC[C@@]1(C)C2(C)C)C(C)C,270.0,,
CC(C[C@@H](C(=O)OCC#CC#CCOC(=O)[C@@H](NC1=C(Br)C(=O)O[C@@H]1O[C@@H]1C[C@H]2C([C@]1(C)CC2)(C)C)CC(C)C)NC1=C(Br)C(=O)O[C@@H]1O[C@@H]1C[C@H]2C([C@]1(C)CC2)(C)C)C,CC(C)C[C@H](NC1=C(Br)C(=O)O[C@@H]1O[C@@H]1C[C@@H]2CC[C@@]1(C)C2(C)C)C(=O)OCC#CC#CCOC(=O)[C@H](CC(C)C)NC1=C(Br)C(=O)O[C@@H]1O[C@@H]1C[C@@H]2CC[C@@]1(C)C2(C)C,269.0,,
O=C([C@H](Cc1ccccc1)NC1=C(Br)C(=O)O[C@@H]1O[C@@H]1C[C@H]2C([C@]1(C)CC2)(C)C)OCC#CC#CCOC(=O)[C@H](Cc1ccccc1)NC1=C(Br)C(=O)O[C@@H]1O[C@@H]1C[C@H]2C([C@]1(C)CC2)(C)C,CC1(C)[C@H]2CC[C@]1(C)[C@H](O[C@H]1OC(=O)C(Br)=C1N[C@@H](Cc1ccccc1)C(=O)OCC#CC#CCOC(=O)[C@H](Cc1ccccc1)NC1=C(Br)C(=O)O[C@@H]1O[C@@H]1C[C@@H]3CC[C@@]1(C)C3(C)C)C2,268.0,,
O=C([C@H](c1ccccc1)NC1=C(Br)C(=O)O[C@@H]1O[C@@H]1C[C@H]2C([C@]1(C)CC2)(C)C)OCC#CC#CCOC(=O)[C@@H](c1ccccc1)NC1=C(Br)C(=O)O[C@@H]1O[C@@H]1C[C@H]2C([C@]1(C)CC2)(C)C,CC1(C)[C@H]2CC[C@]1(C)[C@H](O[C@H]1OC(=O)C(Br)=C1N[C@H](C(=O)OCC#CC#CCOC(=O)[C@H](NC1=C(Br)C(=O)O[C@@H]1O[C@@H]1C[C@@H]3CC[C@@]1(C)C3(C)C)c1ccccc1)c1ccccc1)C2,265.0,,
OP(O)O,OP(O)O,290.0,,
Cc1nc2c(O)cccn2c(=O)c1Cl.Cl,Cc1nc2c(O)cccn2c(=O)c1Cl.Cl,260.0,,
[CH-]1C=CC=C1.Clc1ccc(nn1)N1N=C(CC1c1ccccc1)[C-]1C=CC=C1.[Fe+2],Clc1ccc(N2N=C([c-]3cccc3)CC2c2ccccc2)nn1.[Fe+2].c1cc[cH-]c1,326.0,25984.0,chloroform
[CH-]1C=CC=C1.Clc1ccc(nn1)N1N=C(CC1c1ccccc1Cl)[C-]1C=CC=C1.[Fe+2],Clc1ccc(N2N=C([c-]3cccc3)CC2c2ccccc2Cl)nn1.[Fe+2].c1cc[cH-]c1,325.0,26318.0,chloroform
[CH-]1C=CC=C1.Clc1ccc(nn1)N1N=C(CC1c1ccc(cc1Cl)Cl)[C-]1C=CC=C1.[Fe+2],Clc1ccc(C2CC([c-]3cccc3)=NN2c2ccc(Cl)nn2)c(Cl)c1.[Fe+2].c1cc[cH-]c1,324.0,27816.0,chloroform
[CH-]1C=CC=C1.Clc1ccc(nn1)N1N=C(CC1c1ccccc1OCc1ccccc1)[C-]1C=CC=C1.[Fe+2],Clc1ccc(N2N=C([c-]3cccc3)CC2c2ccccc2OCc2ccccc2)nn1.[Fe+2].c1cc[cH-]c1,326.0,32980.0,chloroform
[CH-]1C=CC=C1.Clc1ccc(nn1)N1N=C(CC1c1ccc(cc1)OCc1ccccc1)[C-]1C=CC=C1.[Fe+2],Clc1ccc(N2N=C([c-]3cccc3)CC2c2ccc(OCc3ccccc3)cc2)nn1.[Fe+2].c1cc[cH-]c1,326.0,28336.0,chloroform
[CH-]1C=CC=C1.CCCOc1ccc(nn1)N1N=C(CC1c1ccccc1Cl)[C-]1C=CC=C1.[Fe+2],CCCOc1ccc(N2N=C([c-]3cccc3)CC2c2ccccc2Cl)nn1.[Fe+2].c1cc[cH-]c1,325.0,24614.0,chloroform
[CH-]1C=CC=C1.CCCOc1ccc(nn1)N1N=C(CC1c1ccc(cc1Cl)Cl)[C-]1C=CC=C1.[Fe+2],CCCOc1ccc(N2N=C([c-]3cccc3)CC2c2ccc(Cl)cc2Cl)nn1.[Fe+2].c1cc[cH-]c1,323.0,16536.0,chloroform
[CH-]1C=CC=C1.CCCOc1ccc(nn1)N1N=C(CC1c1ccccc1OCc1ccccc1)[C-]1C=CC=C1.[Fe+2],CCCOc1ccc(N2N=C([c-]3cccc3)CC2c2ccccc2OCc2ccccc2)nn1.[Fe+2].c1cc[cH-]c1,325.0,30202.0,chloroform
[BH4-],[BH4-],390.0,,
[O-]C(=O)C(CC(=O)[O-])(CC(=O)[O-])O,O=C([O-])CC(O)(CC(=O)[O-])C(=O)[O-],407.0,,
[CH-]1C=CC=C1.O=C(c1cccs1)[C-]1C=CC=C1.[Fe+2],O=C(c1cccs1)[c-]1cccc1.[Fe+2].c1cc[cH-]c1,495.0,14791.08388,
O=C(c1cccs1)[C-]1C=CC=C1.O=C(c1cccs1)[C-]1C=CC=C1.[Fe+2],O=C(c1cccs1)[c-]1cccc1.O=C(c1cccs1)[c-]1cccc1.[Fe+2],314.5,512861.384,
c1ccc(cc1)C=Cc1sc2c([nH+]1)cccc2,C(=Cc1[nH+]c2ccccc2s1)c1ccccc1,500.0,,
c1cc2ccc3c4c2c(c1)ccc4ccc3C1=C2C=CC(=N2)C(=c2ccc(=C(C3=NC(=C(c4[nH]c1cc4)c1ccc4c5c1ccc1c5c(cc4)ccc1)C=C3)c1ccc3c4c1ccc1c4c(cc3)ccc1)[nH]2)c1ccc2c3c1ccc1c3c(cc2)ccc1,C1=Cc2nc1c(-c1ccc3ccc4cccc5ccc1c3c45)c1ccc([nH]1)c(-c1ccc3ccc4cccc5ccc1c3c45)c1nc(c(-c3ccc4ccc5cccc6ccc3c4c56)c3ccc([nH]3)c2-c2ccc3ccc4cccc5ccc2c3c45)C=C1,328.0,67800.0,
c1ccc(cc1)c1ccc(cc1)C1=C2C=CC(=N2)C(=c2ccc(=C(C3=NC(=C(c4[nH]c1cc4)c1ccc(cc1)c1ccccc1)C=C3)c1ccc(cc1)c1ccccc1)[nH]2)c1ccc(cc1)c1ccccc1,C1=Cc2nc1c(-c1ccc(-c3ccccc3)cc1)c1ccc([nH]1)c(-c1ccc(-c3ccccc3)cc1)c1nc(c(-c3ccc(-c4ccccc4)cc3)c3ccc([nH]3)c2-c2ccc(-c3ccccc3)cc2)C=C1,311.0,20800.0,
c1cc2ccc3c4c2c(c1)ccc4ccc3c1ccc(cc1)C1=C2C=CC(=N2)C(=c2ccc(=C(C3=NC(=C(c4[nH]c1cc4)c1ccc(cc1)c1ccc4c5c1ccc1c5c(cc4)ccc1)C=C3)c1ccc(cc1)c1ccc3c4c1ccc1c4c(cc3)ccc1)[nH]2)c1ccc(cc1)c1ccc2c3c1ccc1c3c(cc2)ccc1,C1=Cc2nc1c(-c1ccc(-c3ccc4ccc5cccc6ccc3c4c56)cc1)c1ccc([nH]1)c(-c1ccc(-c3ccc4ccc5cccc6ccc3c4c56)cc1)c1nc(c(-c3ccc(-c4ccc5ccc6cccc7ccc4c5c67)cc3)c3ccc([nH]3)c2-c2ccc(-c3ccc4ccc5cccc6ccc3c4c56)cc2)C=C1,349.0,105400.0,
[O-]CCCC.[O-]CCCC.[O-]CCCC.[O-]CCCC.[Ti+4],CCCC[O-].CCCC[O-].CCCC[O-].CCCC[O-].[Ti+4],320.0,,
O=C1C=CC(=O)C=C1N1CCOCC1,O=C1C=CC(=O)C(N2CCOCC2)=C1,228.0,,
O=C1C=C(N2CCOCC2)C(=O)C=C1N1CCOCC1,O=C1C=C(N2CCOCC2)C(=O)C=C1N1CCOCC1,229.0,,
[Eu+3],[Eu+3],425.0,,
[CH-]1C=CC=C1.COc1ccc(cc1)Cc1nnc2n1nc(s2)C1=C[CH-]C=C1.[Fe+2],COc1ccc(Cc2nnc3sc(-c4cc[cH-]c4)nn23)cc1.[Fe+2].c1cc[cH-]c1,284.0,,DMSO
[Re],[Re],246.0,,
N#CC(=C(C#N)C#N)C#N,N#CC(C#N)=C(C#N)C#N,257.0,,
CC1COC(=O)O1,CC1COC(=O)O1,379.55,,
CC1=CC(=O)CCC1,CC1=CC(=O)CCC1,532.0,,Ethanol
[Y],[Y],415.0,,
B[Y],[BH2][Y],570.0,,
[Rb],[Rb],545.0,,
COc1cc(ccc1OC)c1ccc(cc1)c1c2c(=O)n(c(c2c(=O)n1C(=O)OC(C)(C)C)c1ccc(cc1)c1ccc(c(c1)OC)OC)C(=O)OC(C)(C)C,COc1ccc(-c2ccc(C3=C4C(=O)N(C(=O)OC(C)(C)C)C(c5ccc(-c6ccc(OC)c(OC)c6)cc5)=C4C(=O)N3C(=O)OC(C)(C)C)cc2)cc1OC,472.0,18500.0,dichloromethane
CN(c1ccc(cc1)c1ccc(cc1)c1n(C(=O)OC(C)(C)C)c(=O)c2c1c(=O)n(c2c1ccc(cc1)c1ccc(cc1)N(C)C)C(=O)OC(C)(C)C)C,CN(C)c1ccc(-c2ccc(C3=C4C(=O)N(C(=O)OC(C)(C)C)C(c5ccc(-c6ccc(N(C)C)cc6)cc5)=C4C(=O)N3C(=O)OC(C)(C)C)cc2)cc1,518.0,15400.0,dichloromethane
CSc1ccc(cc1)c1ccc(cc1)c1n(C(=O)OC(C)(C)C)c(=O)c2c1c(=O)n(c2c1ccc(cc1)c1ccc(cc1)SC)C(=O)OC(C)(C)C,CSc1ccc(-c2ccc(C3=C4C(=O)N(C(=O)OC(C)(C)C)C(c5ccc(-c6ccc(SC)cc6)cc5)=C4C(=O)N3C(=O)OC(C)(C)C)cc2)cc1,469.0,28700.0,dichloromethane
O=C(n1c(=O)c2c(c1c1ccc(cc1)c1ccc(cc1)C(C)(C)C)c(=O)n(c2c1ccc(cc1)c1ccc(cc1)C(C)(C)C)C(=O)OC(C)(C)C)OC(C)(C)C,CC(C)(C)OC(=O)N1C(=O)C2=C(c3ccc(-c4ccc(C(C)(C)C)cc4)cc3)N(C(=O)OC(C)(C)C)C(=O)C2=C1c1ccc(-c2ccc(C(C)(C)C)cc2)cc1,463.0,34200.0,dichloromethane
O=C(n1c(=O)c2c(c1c1ccc(cc1)c1ccc(cc1)S(=O)(=O)C)c(=O)n(c2c1ccc(cc1)c1ccc(cc1)S(=O)(=O)C)C(=O)OC(C)(C)C)OC(C)(C)C,CC(C)(C)OC(=O)N1C(=O)C2=C(c3ccc(-c4ccc(S(C)(=O)=O)cc4)cc3)N(C(=O)OC(C)(C)C)C(=O)C2=C1c1ccc(-c2ccc(S(C)(=O)=O)cc2)cc1,451.0,23300.0,dichloromethane
C[C@H](CN1CCN(CCN(CCN(CC1)CC(=O)O)CC(=O)O)CC(=O)O)O,C[C@@H](O)CN1CCN(CC(=O)O)CCN(CC(=O)O)CCN(CC(=O)O)CC1,460.0,,
NC(=[NH2+])Nc1cc(ccc1NC(=O)C)C(=O)O,CC(=O)Nc1ccc(C(=O)O)cc1NC(N)=[NH2+],468.0,,
C[C@]12CC[C@@H](C2(C)C)C[C@@H]1OP(=O)(OP(=O)(O)O)O,CC1(C)[C@@H]2CC[C@@]1(C)[C@@H](OP(=O)(O)OP(=O)(O)O)C2,540.0,,
OC[C@H]1O[C@H](OC[C@H]2CO2)[C@@H]([C@H]([C@@H]1O)O)O,OC[C@H]1O[C@H](OC[C@H]2CO2)[C@H](O)[C@@H](O)[C@@H]1O,396.0,,
CCCCCCCCC=CCCCCCCCC(=O)OCC(C[N+](C)(C)C)OC(=O)CCCCCCCC=CCCCCCCCC,CCCCCCCCC=CCCCCCCCC(=O)OCC(C[N+](C)(C)C)OC(=O)CCCCCCCC=CCCCCCCCC,400.0,,
CCCCCCCCCCCCCCCC(=O)OC[C@@H](OC(=O)CCCCCCCC=CCCCCCCCC)COP(=O)(OCC[N+](C)(C)C)[O-],CCCCCCCCC=CCCCCCCCC(=O)O[C@H](COC(=O)CCCCCCCCCCCCCCC)COP(=O)([O-])OCC[N+](C)(C)C,399.0,,
COc1ccc(cc1)n1c(C)c(c2c1cccc2)C(c1c(C)n(c2c1cccc2)c1ccc(cc1)OC)c1ccc(cc1)n1c2ccccc2c2c1cccc2,COc1ccc(-n2c(C)c(C(c3ccc(-n4c5ccccc5c5ccccc54)cc3)c3c(C)n(-c4ccc(OC)cc4)c4ccccc34)c3ccccc32)cc1,342.0,,
[11CH4],[11CH4],682.0,,
C[Si]1(c2ccccc2)C(=C(C(=C1[Si](c1ccccc1)(c1ccccc1)C)c1ccccc1)c1ccccc1)[Si](c1ccccc1)(c1ccccc1)C,C[Si]1(c2ccccc2)C([Si](C)(c2ccccc2)c2ccccc2)=C(c2ccccc2)C(c2ccccc2)=C1[Si](C)(c1ccccc1)c1ccccc1,313.0,,
C[Si](C1=C(c2ccccc2)C(=C([Si]1(c1ccccc1)c1ccccc1)[Si](c1ccccc1)(c1ccccc1)C)c1ccccc1)(c1ccccc1)c1ccccc1,C[Si](C1=C(c2ccccc2)C(c2ccccc2)=C([Si](C)(c2ccccc2)c2ccccc2)[Si]1(c1ccccc1)c1ccccc1)(c1ccccc1)c1ccccc1,320.0,,
CC1(C)c2cc(ccc2c2c1cc(cc2)c1c2ccccc2c(c2c1cccc2)c1ccc(cc1)[Si](c1ccccc1)(c1ccccc1)c1ccccc1)[Si](c1ccccc1)(c1ccccc1)c1ccccc1,CC1(C)c2cc(-c3c4ccccc4c(-c4ccc([Si](c5ccccc5)(c5ccccc5)c5ccccc5)cc4)c4ccccc34)ccc2-c2ccc([Si](c3ccccc3)(c3ccccc3)c3ccccc3)cc21,453.0,,dichloromethane
CC1(C)c2cc(ccc2c2c1cc(cc2)[Si](c1ccccc1)(c1ccccc1)c1ccccc1)c1c2ccccc2c(c2c1cccc2)c1c2ccccc2c(c2c1cccc2)c1ccc2c(c1)C(C)(C)c1c2ccc(c1)[Si](c1ccccc1)(c1ccccc1)c1ccccc1,CC1(C)c2cc(-c3c4ccccc4c(-c4c5ccccc5c(-c5ccc6c(c5)C(C)(C)c5cc([Si](c7ccccc7)(c7ccccc7)c7ccccc7)ccc5-6)c5ccccc45)c4ccccc34)ccc2-c2ccc([Si](c3ccccc3)(c3ccccc3)c3ccccc3)cc21,463.0,,dichloromethane
CC1(C)c2cc(ccc2c2c1cc(cc2)c1c2ccccc2c(c2c1cccc2)c1c2ccccc2c(c2c1cccc2)c1ccccc1)[Si](c1ccccc1)(c1ccccc1)c1ccccc1,CC1(C)c2cc(-c3c4ccccc4c(-c4c5ccccc5c(-c5ccccc5)c5ccccc45)c4ccccc34)ccc2-c2ccc([Si](c3ccccc3)(c3ccccc3)c3ccccc3)cc21,450.0,,dichloromethane
CC1(C)c2cc(ccc2c2c1cc(cc2)c1c2ccccc2c(c2c1cccc2)c1ccc(cc1)c1c2ccccc2c(c2c1cccc2)c1ccccc1)[Si](c1ccccc1)(c1ccccc1)c1ccccc1,CC1(C)c2cc(-c3c4ccccc4c(-c4ccc(-c5c6ccccc6c(-c6ccccc6)c6ccccc56)cc4)c4ccccc34)ccc2-c2ccc([Si](c3ccccc3)(c3ccccc3)c3ccccc3)cc21,439.0,,dichloromethane
Oc1c(C=CC2=[N+](C)c3c(C2(C)C)cccc3)cc(c2c1nccc2)Cl.O.O.O.Cl.[Cl-],C[N+]1=C(C=Cc2cc(Cl)c3cccnc3c2O)C(C)(C)c2ccccc21.Cl.O.O.O.[Cl-],576.0,,
O=C(NC1CC(C)(C)NC(C1)(C)C)CCNC1CC(C)(C)NC(C1)(C)C,CC1(C)CC(NCCC(=O)NC2CC(C)(C)NC(C)(C)C2)CC(C)(C)N1,524.0,,
CCOP(=O)(OCC)O,CCOP(=O)(O)OCC,392.0,,
CCCNc1cc2oc3cc(=[NH+]CCCO)ccc3nc2c2c1cccc2.[Cl-],CCCNc1cc2oc3cc(=[NH+]CCCO)ccc-3nc2c2ccccc12.[Cl-],615.0,,ethanol
CCCNc1cc2oc3cc(=[NH+]CCCC(=O)OCC)ccc3nc2c2c1cccc2.[Cl-],CCCNc1cc2oc3cc(=[NH+]CCCC(=O)OCC)ccc-3nc2c2ccccc12.[Cl-],623.0,,ethanol
CCOC(=O)CCCNc1cc2oc3cc(=[NH+]CCCC(=O)OCC)ccc3nc2c2c1cccc2.[Cl-],CCOC(=O)CCCNc1cc2oc3cc(=[NH+]CCCC(=O)OCC)ccc-3nc2c2ccccc12.[Cl-],625.0,,ethanol
N#CC(=C1OC(C(=C1C#N)C=CC=CC=C1N(C)c2c(C1(C)C)cccc2)(C)C)C#N,CN1C(=CC=CC=CC2=C(C#N)C(=C(C#N)C#N)OC2(C)C)C(C)(C)c2ccccc21,698.0,,DMF
N#CC(=C1OC(C(=C1C#N)C=CC=CC=CC=C1N(C)c2c(C1(C)C)cccc2)(C)C)C#N,CN1C(=CC=CC=CC=CC2=C(C#N)C(=C(C#N)C#N)OC2(C)C)C(C)(C)c2ccccc21,810.0,,DMF
N#CC(=C1OC(C(=C1C#N)C=CC1=C(Cl)C(=CC=C2N(C)c3c(C2(C)C)cccc3)CC(C1)C(C)(C)C)(C)C)C#N,CN1C(=CC=C2CC(C(C)(C)C)CC(C=CC3=C(C#N)C(=C(C#N)C#N)OC3(C)C)=C2Cl)C(C)(C)c2ccccc21,843.0,,DMF
N#CC(=C1OC(C(=C1C#N)C=CC1=C(Br)C(=CC=C2N(C)c3c(C2(C)C)cccc3)CC(C1)C(C)(C)C)(C)C)C#N,CN1C(=CC=C2CC(C(C)(C)C)CC(C=CC3=C(C#N)C(=C(C#N)C#N)OC3(C)C)=C2Br)C(C)(C)c2ccccc21,843.0,,DMF
N#CC(=C1OC(C(=C1C#N)C=CC1=C(Oc2c(cc(cc2C(C)(C)C)C)C(C)(C)C)C(=CC=C2N(C)c3c(C2(C)C)cccc3)CC(C1)C(C)(C)C)(C)C)C#N,Cc1cc(C(C)(C)C)c(OC2=C(C=CC3=C(C#N)C(=C(C#N)C#N)OC3(C)C)CC(C(C)(C)C)CC2=CC=C2N(C)c3ccccc3C2(C)C)c(C(C)(C)C)c1,896.0,,DMF
COC(CCCC(=CC=CC(=CC=CC(=CC=CC=C(C=CC=C(CCC=C(CCC=C(C)C)C)C)C)C)C)C)(C)C,COC(C)(C)CCCC(C)=CC=CC(C)=CC=CC(C)=CC=CC=C(C)C=CC=C(C)CCC=C(C)CCC=C(C)C,548.0,,
Cln1[nH]c(Nc2ccc3c(c2)c(O)c(c(c3)S(=O)(=O)O)N=Nc2ccc(cc2)S(=O)(=O)O)cc(n1)Nc1ccc(cc1S(=O)(=O)O)S(=O)(=O)O,O=S(=O)(O)c1ccc(N=Nc2c(S(=O)(=O)O)cc3ccc(NC4=CC(Nc5ccc(S(=O)(=O)O)cc5S(=O)(=O)O)=NN(Cl)N4)cc3c2O)cc1,506.2,,
[Br-],[Br-],377.0,,
CCN,CCN,605.0,,
CC(c1ccc2c(c1)c1ccccc1n2c1ccc(cc1)c1nc(nc(n1)c1ccc(cc1)n1c2ccc(cc2c2c1cccc2)C(C)(C)C)c1ccc(cc1)n1c2ccc(cc2c2c1cccc2)C(C)(C)C)(C)C,CC(C)(C)c1ccc2c(c1)c1ccccc1n2-c1ccc(-c2nc(-c3ccc(-n4c5ccccc5c5cc(C(C)(C)C)ccc54)cc3)nc(-c3ccc(-n4c5ccccc5c5cc(C(C)(C)C)ccc54)cc3)n2)cc1,390.0,,quartz
CC(c1ccc2c(c1)c1cc(ccc1n2c1ccc(cc1)c1nc(nc(n1)c1ccc(cc1)n1c2ccc(cc2c2c1ccc(c2)C(C)(C)C)C(C)(C)C)c1ccc(cc1)n1c2ccc(cc2c2c1ccc(c2)C(C)(C)C)C(C)(C)C)C(C)(C)C)(C)C,CC(C)(C)c1ccc2c(c1)c1cc(C(C)(C)C)ccc1n2-c1ccc(-c2nc(-c3ccc(-n4c5ccc(C(C)(C)C)cc5c5cc(C(C)(C)C)ccc54)cc3)nc(-c3ccc(-n4c5ccc(C(C)(C)C)cc5c5cc(C(C)(C)C)ccc54)cc3)n2)cc1,400.0,,quartz
Cn1c2ccc(cc2c2c1cccc2)C#Cc1ccc(cc1)c1nc(nc(n1)c1ccc(cc1)C#Cc1ccc2c(c1)c1ccccc1n2C)c1ccc(cc1)C#Cc1ccc2c(c1)c1ccccc1n2C,Cn1c2ccccc2c2cc(C#Cc3ccc(-c4nc(-c5ccc(C#Cc6ccc7c(c6)c6ccccc6n7C)cc5)nc(-c5ccc(C#Cc6ccc7c(c6)c6ccccc6n7C)cc5)n4)cc3)ccc21,406.0,,quartz
O=C1C(=NNc2ccc(c3c2cccc3)S(=O)(=O)[O-])C=C(c2c1cccc2)S(=O)(=O)[O-].[Na+].[Na+],O=C1C(=NNc2ccc(S(=O)(=O)[O-])c3ccccc23)C=C(S(=O)(=O)[O-])c2ccccc21.[Na+].[Na+],530.4,,
[O-]S(=O)(=O)c1cccc2c1c(ccc2N=Nc1ccc(c2c1cccc2)N=Nc1cccc(c1)S(=O)(=O)[O-])Nc1ccccc1.[Na+].[Na+],O=S(=O)([O-])c1cccc(N=Nc2ccc(N=Nc3ccc(Nc4ccccc4)c4c(S(=O)(=O)[O-])cccc34)c3ccccc23)c1.[Na+].[Na+],567.0,,
Nc1ccc2c(c1)[n+](c1ccccc1)c1c(n2)ccc(c1)N(C)C.[Cl-],CN(C)c1ccc2nc3ccc(N)cc3[n+](-c3ccccc3)c2c1.[Cl-],580.0,,
OCC(C1OC(=C(C1=O)O)O)O,O=C1C(O)=C(O)OC1C(O)CO,623.0,,
[Th],[Th],595.0,,
[Mg+2],[Mg+2],654.0,,
NC(=O)Nc1cc(ccc1N=Nc1cccc(c1)[N+](C)(C)C)Nc1nc(Cl)nc(n1)Cl,C[N+](C)(C)c1cccc(N=Nc2ccc(Nc3nc(Cl)nc(Cl)n3)cc2NC(N)=O)c1,392.0,,
CCN(c1ccc(c(c1)Nc1nc(Cl)nc(n1)Cl)N=Nc1cccc(c1)[N+](C)(C)C)CC,CCN(CC)c1ccc(N=Nc2cccc([N+](C)(C)C)c2)c(Nc2nc(Cl)nc(Cl)n2)c1,485.0,,
CCN(c1ccc(c(c1)Nc1nc(Cl)nc(n1)Nc1ccccc1)N=Nc1cccc(c1)[N+](C)(C)C)CC,CCN(CC)c1ccc(N=Nc2cccc([N+](C)(C)C)c2)c(Nc2nc(Cl)nc(Nc3ccccc3)n2)c1,482.0,,
CCN(c1ccc(c(c1)Nc1nc(Cl)nc(n1)Nc1cccc(c1)[N+](C)(C)C)N=Nc1cccc(c1)[N+](C)(C)C)CC,CCN(CC)c1ccc(N=Nc2cccc([N+](C)(C)C)c2)c(Nc2nc(Cl)nc(Nc3cccc([N+](C)(C)C)c3)n2)c1,481.0,,
C1(C)c2cc(ccc2c2c1cc(cc2)C=C(c1ccc(s1)c1ccc(s1)C=C(C(=O)O)C#N)C#N)n1c2ccc(cc2c2c1ccc(c2)C(C)(C)C)C(C)(C)C,CC1c2cc(C=C(C#N)c3ccc(-c4ccc(C=C(C#N)C(=O)O)s4)s3)ccc2-c2ccc(-n3c4ccc(C(C)(C)C)cc4c4cc(C(C)(C)C)ccc43)cc21,628.0,,
C1(C)c2cc(ccc2c2c1cc(cc2)C=C(c1ccc(s1)c1ccc(s1)C=C(C(=O)O)C#N)C#N)n1c2ccc(cc2c2c1ccc(c2)c1ccc(s1)C)c1ccc(s1)C,Cc1ccc(-c2ccc3c(c2)c2cc(-c4ccc(C)s4)ccc2n3-c2ccc3c(c2)C(C)c2cc(C=C(C#N)c4ccc(-c5ccc(C=C(C#N)C(=O)O)s5)s4)ccc2-3)s1,597.0,,
C1(C)c2cc(ccc2c2c1cc(cc2)C=C(c1ccc(s1)c1ccc(s1)C=C(C(=O)O)C#N)C#N)n1c2ccc(cc2c2c1ccc(c2)c1sc2c(c1)sc(c2)C)c1sc2c(c1)sc(c2)C,Cc1cc2sc(-c3ccc4c(c3)c3cc(-c5cc6sc(C)cc6s5)ccc3n4-c3ccc4c(c3)C(C)c3cc(C=C(C#N)c5ccc(-c6ccc(C=C(C#N)C(=O)O)s6)s5)ccc3-4)cc2s1,900.0,,
C1(C)c2cc(ccc2c2c1cccc2)N(c1ccc2c(c1)C(C)(C)c1c2cccc1)c1ccc(cc1)c1ccc(s1)c1sc(c2c1OCCO2)c1ccc(s1)C=C(C(=O)O)C#N,CC1c2ccccc2-c2ccc(N(c3ccc(-c4ccc(-c5sc(-c6ccc(C=C(C#N)C(=O)O)s6)c6c5OCCO6)s4)cc3)c3ccc4c(c3)C(C)(C)c3ccccc3-4)cc21,495.0,,
OCCCOP(=O)(O)O,O=P(O)(O)OCCCO,506.0,,
FS,FS,621.0,212000.0,
Brc1c(Br)c(Br)c2c(c1Br)C(=O)OC2(c1ccc(c(c1)S(=O)(=O)[O-])O)c1ccc(c(c1)S(=O)(=O)[O-])O.[Na+].[Na+],O=C1OC(c2ccc(O)c(S(=O)(=O)[O-])c2)(c2ccc(O)c(S(=O)(=O)[O-])c2)c2c(Br)c(Br)c(Br)c(Br)c21.[Na+].[Na+],625.0,142000.0,
FS#N,N#SF,649.0,86000.0,
C(Cn1c2cc(c3ccc(s3)c3ccc(c4c3nc(c3ccccc3)c(n4)c3ccccc3)c3ccc(s3)C=C(C(=O)O)C#N)c3c4c2c2c1cc(c1ccc(cc1)OCC(C)CC)c1c2c(c4ccc3)ccc1)CC,CCCCn1c2cc(-c3ccc(OCC(C)CC)cc3)c3cccc4c5cccc6c(-c7ccc(-c8ccc(-c9ccc(C=C(C#N)C(=O)O)s9)c9nc(-c%10ccccc%10)c(-c%10ccccc%10)nc89)s7)cc1c(c65)c2c34,537.0,36600.0,
C(Cn1c2cc(c3ccc(s3)c3ccc(c4c3nc(c3ccccc3)c(n4)c3ccccc3)c3ccc(s3)C=c3sc(=C(C#N)C#N)[nH]c3=O)c3c4c2c2c1cc(c1ccc(cc1)OCC(C)CC)c1c2c(c4ccc3)ccc1)CC,CCCCn1c2cc(-c3ccc(OCC(C)CC)cc3)c3cccc4c5cccc6c(-c7ccc(-c8ccc(-c9ccc(C=c%10sc(=C(C#N)C#N)[nH]c%10=O)s9)c9nc(-c%10ccccc%10)c(-c%10ccccc%10)nc89)s7)cc1c(c65)c2c34,533.0,28900.0,
Clc1nc(nc(n1)Cl)Nc1cc2ccc(cc2c(c1O)N=Nc1cn(nc1c1ccccc1)c1ccccc1)S(=O)(=O)[O-].[Na+],O=S(=O)([O-])c1ccc2cc(Nc3nc(Cl)nc(Cl)n3)c(O)c(N=Nc3cn(-c4ccccc4)nc3-c3ccccc3)c2c1.[Na+],356.0,,
Clc1ccc(cc1)c1nn(cc1N=Nc1c(O)c(Nc2nc(Cl)nc(n2)Cl)cc2c1cc(cc2)S(=O)(=O)[O-])c1ccccc1.[Na+],O=S(=O)([O-])c1ccc2cc(Nc3nc(Cl)nc(Cl)n3)c(O)c(N=Nc3cn(-c4ccccc4)nc3-c3ccc(Cl)cc3)c2c1.[Na+],358.0,,
Cc1ccc(cc1)c1nn(cc1N=Nc1c(O)c(Nc2nc(Cl)nc(n2)Cl)cc2c1cc(cc2)S(=O)(=O)[O-])c1ccccc1.[Na+],Cc1ccc(-c2nn(-c3ccccc3)cc2N=Nc2c(O)c(Nc3nc(Cl)nc(Cl)n3)cc3ccc(S(=O)(=O)[O-])cc23)cc1.[Na+],359.0,,
Clc1nc(nc(n1)Cl)Nc1cc(cc2c1c(O)c(c(c2)S(=O)(=O)[O-])N=Nc1cc(nn1c1ccccc1)c1ccccc1)S(=O)(=O)[O-].[Na+].[Na+],O=S(=O)([O-])c1cc(Nc2nc(Cl)nc(Cl)n2)c2c(O)c(N=Nc3cc(-c4ccccc4)nn3-c3ccccc3)c(S(=O)(=O)[O-])cc2c1.[Na+].[Na+],611.0,,
Clc1ccc(cc1)c1cc(n(n1)c1ccccc1)N=Nc1c(O)c2c(Nc3nc(Cl)nc(n3)Cl)cc(cc2cc1S(=O)(=O)[O-])S(=O)(=O)[O-].[Na+].[Na+],O=S(=O)([O-])c1cc(Nc2nc(Cl)nc(Cl)n2)c2c(O)c(N=Nc3cc(-c4ccc(Cl)cc4)nn3-c3ccccc3)c(S(=O)(=O)[O-])cc2c1.[Na+].[Na+],514.0,,
Cc1ccc(cc1)c1nn(c(c1)N=Nc1c(O)c2c(Nc3nc(Cl)nc(n3)Cl)cc(cc2cc1S(=O)(=O)[O-])S(=O)(=O)[O-])c1ccccc1.[Na+].[Na+],Cc1ccc(-c2cc(N=Nc3c(S(=O)(=O)[O-])cc4cc(S(=O)(=O)[O-])cc(Nc5nc(Cl)nc(Cl)n5)c4c3O)n(-c3ccccc3)n2)cc1.[Na+].[Na+],593.0,,
CCOc1ccc(cc1)N=Nc1ccc(c(c1)S(=O)(=O)[O-])C=Cc1ccc(cc1S(=O)(=O)[O-])N=Nc1ccc(cc1)OCC.[Na+].[Na+],CCOc1ccc(N=Nc2ccc(C=Cc3ccc(N=Nc4ccc(OCC)cc4)cc3S(=O)(=O)[O-])c(S(=O)(=O)[O-])c2)cc1.[Na+].[Na+],404.0,,
O=C1C=Cc2c(C1=NNc1ccc(c3c1cccc3)S(=O)(=O)[O-])cccc2.[Na+],O=C1C=Cc2ccccc2C1=NNc1ccc(S(=O)(=O)[O-])c2ccccc12.[Na+],511.0,,
[O-]S(=O)(=O)O.CCN(c1ccc(cc1)[C+](c1ccc(cc1)N(CC)CC)c1ccccc1)CC,CCN(CC)c1ccc([C+](c2ccccc2)c2ccc(N(CC)CC)cc2)cc1.O=S(=O)([O-])O,626.0,,
CCNc1ccc(c2c1cccc2)[C+](c1ccc(cc1)N(C)C)c1ccc(cc1)N(C)C.[Cl-],CCNc1ccc([C+](c2ccc(N(C)C)cc2)c2ccc(N(C)C)cc2)c2ccccc12.[Cl-],609.0,,
CN(c1ccc(cc1)[C+](c1ccc(cc1)N(C)C)c1ccccc1)C.OC(=O)C(=O)[O-],CN(C)c1ccc([C+](c2ccccc2)c2ccc(N(C)C)cc2)cc1.O=C([O-])C(=O)O,620.0,,
Nc1ccc(cc1C)[C+](c1ccc(c(c1)C)N)c1ccc(c(c1)C)N.[Cl-],Cc1cc([C+](c2ccc(N)c(C)c2)c2ccc(N)c(C)c2)ccc1N.[Cl-],568.0,,
c1ccc(cc1)N(c1ccccc1)c1cc(cc(c1)N(c1ccc(cc1)c1ccccc1)c1ccc(cc1)c1ccccc1)N(c1ccc(cc1)c1ccccc1)c1ccc(cc1)c1ccccc1,c1ccc(-c2ccc(N(c3ccc(-c4ccccc4)cc3)c3cc(N(c4ccccc4)c4ccccc4)cc(N(c4ccc(-c5ccccc5)cc4)c4ccc(-c5ccccc5)cc4)c3)cc2)cc1,323.0,,
Cn1c2cc(Br)ccc2c2c1cc(cc2)N(c1ccc2c(c1)C(CC)(CC)c1c2cccc1)c1ccc2c(c1)C(CC)(CC)c1c2cccc1,CCC1(CC)c2ccccc2-c2ccc(N(c3ccc4c(c3)C(CC)(CC)c3ccccc3-4)c3ccc4c5ccc(Br)cc5n(C)c4c3)cc21,370.0,38400.0,
Cn1c2cc(ccc2c2c1cc(cc2)N(c1ccc2c(c1)C(CC)(CC)c1c2cccc1)c1ccc2c(c1)C(CC)(CC)c1c2cccc1)c1ccc(s1)C=O,CCC1(CC)c2ccccc2-c2ccc(N(c3ccc4c(c3)C(CC)(CC)c3ccccc3-4)c3ccc4c5ccc(-c6ccc(C=O)s6)cc5n(C)c4c3)cc21,432.0,31000.0,
Cn1c2cc(ccc2c2c1cc(cc2)c1ccc(s1)c1ccc(s1)C=O)N(c1ccc2c(c1)C(CC)(CC)c1c2cccc1)c1ccc2c(c1)C(CC)(CC)c1c2cccc1,CCC1(CC)c2ccccc2-c2ccc(N(c3ccc4c(c3)C(CC)(CC)c3ccccc3-4)c3ccc4c5ccc(-c6ccc(-c7ccc(C=O)s7)s6)cc5n(C)c4c3)cc21,439.0,33800.0,
Cn1c2cc(ccc2c2c1cc(cc2)N(c1ccc2c(c1)C(CC)(CC)c1c2cccc1)c1ccc2c(c1)C(CC)(CC)c1c2cccc1)c1ccc(s1)C=C(C(=O)O)C#N,CCC1(CC)c2ccccc2-c2ccc(N(c3ccc4c(c3)C(CC)(CC)c3ccccc3-4)c3ccc4c5ccc(-c6ccc(C=C(C#N)C(=O)O)s6)cc5n(C)c4c3)cc21,497.0,53500.0,
Cn1c2cc(ccc2c2c1cc(cc2)c1ccc(s1)c1ccc(s1)C=C(C(=O)O)C#N)N(c1ccc2c(c1)C(C)(C)c1c2cccc1)c1ccccc1,Cn1c2cc(-c3ccc(-c4ccc(C=C(C#N)C(=O)O)s4)s3)ccc2c2ccc(N(c3ccccc3)c3ccc4c(c3)C(C)(C)c3ccccc3-4)cc21,490.0,38700.0,
Cn1c2cc(ccc2c2c1cc(cc2)c1ccc(s1)c1ccc(s1)C=C(C(=O)O)C#N)N(c1ccc2c(c1)C(CC)(CC)c1c2cccc1)c1ccc2c(c1)C(CC)(CC)c1c2cccc1,CCC1(CC)c2ccccc2-c2ccc(N(c3ccc4c(c3)C(CC)(CC)c3ccccc3-4)c3ccc4c5ccc(-c6ccc(-c7ccc(C=C(C#N)C(=O)O)s7)s6)cc5n(C)c4c3)cc21,497.0,47500.0,
O=C1C=Cc2c(C1=NNc1ccc(cc1)S(=O)(=O)[O-])ccc(c2)S(=O)(=O)[O-].[Na+].[Na+],O=C1C=Cc2cc(S(=O)(=O)[O-])ccc2C1=NNc1ccc(S(=O)(=O)[O-])cc1.[Na+].[Na+],490.0,,
CCN(c1ccc(cc1)[C+](c1ccc(cc1S(=O)(=O)[O-])O)c1ccc(cc1)N(Cc1cccc(c1)S(=O)(=O)[O-])CC)Cc1cccc(c1)S(=O)(=O)[O-].[Na+].[Na+],CCN(Cc1cccc(S(=O)(=O)[O-])c1)c1ccc([C+](c2ccc(N(CC)Cc3cccc(S(=O)(=O)[O-])c3)cc2)c2ccc(O)cc2S(=O)(=O)[O-])cc1.[Na+].[Na+],620.0,,
c1ccc(cc1)n1c(nc2c1c1ccccc1c1c2cccc1)c1cccc(c1)c1c2ccccc2c(c2c1cccc2)c1cc2ccccc2c2c1cccc2,c1ccc(-n2c(-c3cccc(-c4c5ccccc5c(-c5cc6ccccc6c6ccccc56)c5ccccc45)c3)nc3c4ccccc4c4ccccc4c32)cc1,426.6,,
c1ccc(cc1)n1c(nc2c1c1ccccc1c1c2cccc1)c1ccc(cc1)c1c2ccccc2c(c2c1cccc2)c1cc2ccccc2c2c1cccc2,c1ccc(-n2c(-c3ccc(-c4c5ccccc5c(-c5cc6ccccc6c6ccccc56)c5ccccc45)cc3)nc3c4ccccc4c4ccccc4c32)cc1,448.4,,
P#P,P#P,444.0,,
C=CC(C(=O)O)(OC(=O)Nc1cc(Cl)cc(c1)Cl)C,C=CC(C)(OC(=O)Nc1cc(Cl)cc(Cl)c1)C(=O)O,436.0,,
C=CC(C(=O)Nc1cc(Cl)cc(c1)Cl)(O)C,C=CC(C)(O)C(=O)Nc1cc(Cl)cc(Cl)c1,436.0,,
N#CC(=Cc1ccc(s1)c1cc2c(o1)c(C#C[Si](C(C)C)(C(C)C)C(C)C)c1c(c2C#C[Si](C(C)C)(C(C)C)C(C)C)oc(c1)c1ccc(cc1)N(c1cccc2c1cccc2)c1ccccc1)C(=O)O,CC(C)[Si](C#Cc1c2cc(-c3ccc(C=C(C#N)C(=O)O)s3)oc2c(C#C[Si](C(C)C)(C(C)C)C(C)C)c2cc(-c3ccc(N(c4ccccc4)c4cccc5ccccc45)cc3)oc12)(C(C)C)C(C)C,483.0,,
COc1c2cc(sc2c(c2c1sc(c2)c1ccc(s1)C=C(C(=O)O)C#N)OC)c1ccc(cc1)N(c1cccc2c1cccc2)c1ccccc1,COc1c2cc(-c3ccc(C=C(C#N)C(=O)O)s3)sc2c(OC)c2cc(-c3ccc(N(c4ccccc4)c4cccc5ccccc45)cc3)sc12,477.0,,
PI,PI,629.0,,
CCC=CC=CCCCCCCCCOC(=O)C,CCC=CC=CCCCCCCCCOC(C)=O,397.0,,
CC=CCC=CCCCCCCCCOC(=O)C,CC=CCC=CCCCCCCCCOC(C)=O,378.0,,
Cn1c2nc3ccccc3nc2c2c1cc(cc2)c1cc2c(s1)c(OC(C)CC)c1c(c2OC(C)CC)sc(c1)c1ccc2c(c1)n(C)c1c2nc2c(n1)cccc2,CCC(C)Oc1c2cc(-c3ccc4c5nc6ccccc6nc5n(C)c4c3)sc2c(OC(C)CC)c2cc(-c3ccc4c5nc6ccccc6nc5n(C)c4c3)sc12,500.0,,chloroform
COC1C=CC=C(C)Cc2cc(OC)c(c(c2)N(C(=O)CC(C2(C(C(C3CC1(O)NC(=O)O3)C)O2)C)OC(=O)C(OC)(C)C)C)Cl,COc1cc2cc(c1Cl)N(C)C(=O)CC(OC(=O)C(C)(C)OC)C1(C)OC1C(C)C1CC(O)(NC(=O)O1)C(OC)C=CC=C(C)C2,540.0,25400.0,
S1CCN(CCSCCOCCOCC1)c1ccc(cc1)C=Cc1cc[n+](cc1)Cc1ccc(cc1)C[n+]1ccc(cc1)C=Cc1ccc(cc1)N1CCSCCOCCOCCSCC1.[O-][Cl](=O)(=O)=O.[O-][Cl](=O)(=O)=O,C(=Cc1cc[n+](Cc2ccc(C[n+]3ccc(C=Cc4ccc(N5CCSCCOCCOCCSCC5)cc4)cc3)cc2)cc1)c1ccc(N2CCSCCOCCOCCSCC2)cc1.[O-][Cl+3]([O-])([O-])[O-].[O-][Cl+3]([O-])([O-])[O-],491.0,,
S1CCN(CCSCCOCCOCC1)c1ccc(cc1)C=Cc1cc[n+](cc1)Cc1cccc(c1)C[n+]1ccc(cc1)C=Cc1ccc(cc1)N1CCSCCOCCOCCSCC1.[O-][Cl](=O)(=O)=O.[O-][Cl](=O)(=O)=O,C(=Cc1cc[n+](Cc2cccc(C[n+]3ccc(C=Cc4ccc(N5CCSCCOCCOCCSCC5)cc4)cc3)c2)cc1)c1ccc(N2CCSCCOCCOCCSCC2)cc1.[O-][Cl+3]([O-])([O-])[O-].[O-][Cl+3]([O-])([O-])[O-],489.0,,
S1CCN(CCSCCOCCOCC1)c1ccc(cc1)C=Cc1cc[n+](cc1)Cc1ccccc1C[n+]1ccc(cc1)C=Cc1ccc(cc1)N1CCSCCOCCOCCSCC1.[O-][Cl](=O)(=O)=O.[O-][Cl](=O)(=O)=O,C(=Cc1cc[n+](Cc2ccccc2C[n+]2ccc(C=Cc3ccc(N4CCSCCOCCOCCSCC4)cc3)cc2)cc1)c1ccc(N2CCSCCOCCOCCSCC2)cc1.[O-][Cl+3]([O-])([O-])[O-].[O-][Cl+3]([O-])([O-])[O-],486.0,,
Cc1ccc[nH]1,Cc1ccc[nH]1,425.0,,
O=C1C=Cc2c(C1=NNc1cc(C)c(cc1S(=O)(=O)[O-])Cl)cccc2.O=C1C=Cc2c(C1=NNc1cc(C)c(cc1S(=O)(=O)[O-])Cl)cccc2.[Ba+2],Cc1cc(NN=C2C(=O)C=Cc3ccccc32)c(S(=O)(=O)[O-])cc1Cl.Cc1cc(NN=C2C(=O)C=Cc3ccccc32)c(S(=O)(=O)[O-])cc1Cl.[Ba+2],524.0,,
c1cc2CCc3c4c2c(c1)CCc4cc(c3)C(=C(c1cc2CCc3c4c2c(c1)CCc4ccc3)c1cc2CCc3c4c2c(c1)CCc4ccc3)c1cc2CCc3c4c2c(c1)CCc4ccc3,c1cc2c3c(c1)CCc1cc(C(=C(c4cc5c6c(c4)CCc4cccc(c4-6)CC5)c4cc5c6c(c4)CCc4cccc(c4-6)CC5)c4cc5c6c(c4)CCc4cccc(c4-6)CC5)cc(c1-3)CC2,370.0,,
O[C@@H]1[C@@H](C=C(C[C@H]1O[C@](P(=O)(O)O)(C(=O)O)C)C(=O)O)OP(=O)(O)O,C[C@](O[C@@H]1CC(C(=O)O)=C[C@@H](OP(=O)(O)O)[C@H]1O)(C(=O)O)P(=O)(O)O,662.0,,
Cc1ccc(cc1)N(c1ccc(cc1)c1ccc(cc1)N(c1ccc(cc1)C)C=CC=Cc1ccc(cc1)N(c1ccc(cc1)C)c1ccc(cc1)C)C=CC=Cc1ccc(cc1)N(c1ccc(cc1)C)c1ccc(cc1)C,Cc1ccc(N(C=CC=Cc2ccc(N(c3ccc(C)cc3)c3ccc(C)cc3)cc2)c2ccc(-c3ccc(N(C=CC=Cc4ccc(N(c5ccc(C)cc5)c5ccc(C)cc5)cc4)c4ccc(C)cc4)cc3)cc2)cc1,414.0,,
Cc1ccc(cc1)N(c1ccc(cc1)c1ccc(cc1)N(c1ccc(cc1)C)c1ccccc1)C=Cc1ccc(cc1)N(c1ccc(cc1)C)c1ccc(cc1)C,Cc1ccc(N(C=Cc2ccc(N(c3ccc(C)cc3)c3ccc(C)cc3)cc2)c2ccc(-c3ccc(N(c4ccccc4)c4ccc(C)cc4)cc3)cc2)cc1,397.0,,
Cc1ccc(cc1)N(c1ccc(cc1)c1ccc(cc1)N(c1ccc(cc1)C)C=Cc1ccc(cc1)N(c1ccc(cc1)C)c1ccc(cc1)C)C=Cc1ccc(cc1)N(c1ccc(cc1)C)c1ccc(cc1)C,Cc1ccc(N(C=Cc2ccc(N(c3ccc(C)cc3)c3ccc(C)cc3)cc2)c2ccc(-c3ccc(N(C=Cc4ccc(N(c5ccc(C)cc5)c5ccc(C)cc5)cc4)c4ccc(C)cc4)cc3)cc2)cc1,397.0,,
Cc1ccc(cc1)N(c1ccc(cc1)c1ccc(cc1)N(c1ccc(cc1)C)c1ccccc1)C=CC=Cc1ccc(cc1)N(c1ccc(cc1)C)c1ccc(cc1)C,Cc1ccc(N(C=CC=Cc2ccc(N(c3ccc(C)cc3)c3ccc(C)cc3)cc2)c2ccc(-c3ccc(N(c4ccccc4)c4ccc(C)cc4)cc3)cc2)cc1,413.0,,
[O-][Cl](=O)(=O)=O.[O-][Cl](=O)(=O)=O.Cn1c(=Cc2cc(C)[n+](c(c2)C)CCCCC[n+]2c(C)cc(cc2C)C=c2sc3c(n2C)cccc3)sc2c1cccc2,Cc1cc(C=C2Sc3ccccc3N2C)cc(C)[n+]1CCCCC[n+]1c(C)cc(C=C2Sc3ccccc3N2C)cc1C.[O-][Cl+3]([O-])([O-])[O-].[O-][Cl+3]([O-])([O-])[O-],451.0,,DMF
[O-][Cl](=O)(=O)=O.[O-][Cl](=O)(=O)=O.Cn1c(=Cc2cc(C)[n+](c(c2)C)CCCCCC[n+]2c(C)cc(cc2C)C=c2sc3c(n2C)cccc3)sc2c1cccc2,Cc1cc(C=C2Sc3ccccc3N2C)cc(C)[n+]1CCCCCC[n+]1c(C)cc(C=C2Sc3ccccc3N2C)cc1C.[O-][Cl+3]([O-])([O-])[O-].[O-][Cl+3]([O-])([O-])[O-],454.0,,DMF
[O-][Cl](=O)(=O)=O.[O-][Cl](=O)(=O)=O.Cn1c(=Cc2cc(C)[n+](c(c2)C)CCOCC[n+]2c(C)cc(cc2C)C=c2sc3c(n2C)cccc3)sc2c1cccc2,Cc1cc(C=C2Sc3ccccc3N2C)cc(C)[n+]1CCOCC[n+]1c(C)cc(C=C2Sc3ccccc3N2C)cc1C.[O-][Cl+3]([O-])([O-])[O-].[O-][Cl+3]([O-])([O-])[O-],451.0,,DMF
[O-][Cl](=O)(=O)=O.[O-][Cl](=O)(=O)=O.Cn1c(=Cc2cc(C)[n+](c(c2)C)CCCNCCC[n+]2c(C)cc(cc2C)C=c2sc3c(n2C)cccc3)sc2c1cccc2,Cc1cc(C=C2Sc3ccccc3N2C)cc(C)[n+]1CCCNCCC[n+]1c(C)cc(C=C2Sc3ccccc3N2C)cc1C.[O-][Cl+3]([O-])([O-])[O-].[O-][Cl+3]([O-])([O-])[O-],455.0,,DMF
[O-][Cl](=O)(=O)=O.[O-][Cl](=O)(=O)=O.Cn1c(=Cc2cc(C)[n+](c(c2)C)CCNCCNCC[n+]2c(C)cc(cc2C)C=c2sc3c(n2C)cccc3)sc2c1cccc2,Cc1cc(C=C2Sc3ccccc3N2C)cc(C)[n+]1CCNCCNCC[n+]1c(C)cc(C=C2Sc3ccccc3N2C)cc1C.[O-][Cl+3]([O-])([O-])[O-].[O-][Cl+3]([O-])([O-])[O-],455.0,,DMF
[O-][Cl](=O)(=O)=O.[O-][Cl](=O)(=O)=O.O=C(N1CCN(CC1)C(=O)CCCCC[n+]1c(C)cc(cc1C)C=c1sc2c(n1C)cccc2)CCCCC[n+]1c(C)cc(cc1C)C=c1sc2c(n1C)cccc2,Cc1cc(C=C2Sc3ccccc3N2C)cc(C)[n+]1CCCCCC(=O)N1CCN(C(=O)CCCCC[n+]2c(C)cc(C=C3Sc4ccccc4N3C)cc2C)CC1.[O-][Cl+3]([O-])([O-])[O-].[O-][Cl+3]([O-])([O-])[O-],453.0,,DMF
[O-][Cl](=O)(=O)=O.[O-][Cl](=O)(=O)=O.Cn1c(=Cc2cc(C)[n+](c(c2)C)CCCCCCCCCCCC[n+]2c(C)cc(cc2C)C=c2sc3c(n2C)cccc3)sc2c1cccc2,Cc1cc(C=C2Sc3ccccc3N2C)cc(C)[n+]1CCCCCCCCCCCC[n+]1c(C)cc(C=C2Sc3ccccc3N2C)cc1C.[O-][Cl+3]([O-])([O-])[O-].[O-][Cl+3]([O-])([O-])[O-],453.0,,DMF
[O-][Cl](=O)(=O)=O.[O-][Cl](=O)(=O)=O.O=C(Nc1ccc(cc1)NC(=O)CCCCC[n+]1c(C)cc(cc1C)C=c1sc2c(n1C)cccc2)Nc1ccc(cc1)Cc1ccc(cc1)NC(=O)Nc1ccc(cc1)NC(=O)CCCCC[n+]1c(C)cc(cc1C)C=c1sc2c(n1C)cccc2,Cc1cc(C=C2Sc3ccccc3N2C)cc(C)[n+]1CCCCCC(=O)Nc1ccc(NC(=O)Nc2ccc(Cc3ccc(NC(=O)Nc4ccc(NC(=O)CCCCC[n+]5c(C)cc(C=C6Sc7ccccc7N6C)cc5C)cc4)cc3)cc2)cc1.[O-][Cl+3]([O-])([O-])[O-].[O-][Cl+3]([O-])([O-])[O-],452.0,,DMF
OCCN(c1ccc(cc1)N=Nc1ccc(cc1)C=CC1=CC(=C(C#N)C#N)C=C(O1)C=Cc1ccc(cc1)N=Nc1ccc(cc1)N(CCO)CC)CC,CCN(CCO)c1ccc(N=Nc2ccc(C=CC3=CC(=C(C#N)C#N)C=C(C=Cc4ccc(N=Nc5ccc(N(CC)CCO)cc5)cc4)O3)cc2)cc1,515.0,,
OCCN(c1ccc(cc1)N=Nc1ccc(cc1)C=CC1=CC(=C(C#N)C#N)C=C(O1)C=Cc1ccc(cc1)N=Nc1ccc(cc1)N(CCO)CCO)CCO,N#CC(C#N)=C1C=C(C=Cc2ccc(N=Nc3ccc(N(CCO)CCO)cc3)cc2)OC(C=Cc2ccc(N=Nc3ccc(N(CCO)CCO)cc3)cc2)=C1,510.0,,
CPOC,COPC,708.0,,
Cn1c(=Cc2c3ccccc3[n+](c3c2oc2c3cccc2)C)sc2c1cccc2.[I-],CN1C(=Cc2c3ccccc3[n+](C)c3c2oc2ccccc23)Sc2ccccc21.[I-],584.0,6000.0,
CPO[I][I]I,CPO[I][I]I,458.0,,
[O-]C(=O)C.[NH4+],CC(=O)[O-].[NH4+],325.0,,Toluene
Clc1c(Cl)ccc(c1Cl)c1cc(Cl)c(c(c1)Cl)O,Oc1c(Cl)cc(-c2ccc(Cl)c(Cl)c2Cl)cc1Cl,681.0,,
[O-][Cl](=O)(=O)=O.CCN(c1ccc2c(c1)[o+]c1c(c2C(=CN(C)C)C=O)ccc(c1)N(CC)CC)CC,CCN(CC)c1ccc2c(C(C=O)=CN(C)C)c3ccc(N(CC)CC)cc3[o+]c2c1.[O-][Cl+3]([O-])([O-])[O-],580.0,,
[O-][Cl](=O)(=O)=O.CCN(c1ccc2c(c1)[o+]c1c(c2c2cnn(c2)c2ccccc2)ccc(c1)N(CC)CC)CC,CCN(CC)c1ccc2c(-c3cnn(-c4ccccc4)c3)c3ccc(N(CC)CC)cc3[o+]c2c1.[O-][Cl+3]([O-])([O-])[O-],584.0,,
[O-][Cl](=O)(=O)=O.CCN(c1ccc2c(c1)[o+]c1c(c2c2cnn(c2N)c2ccccc2)ccc(c1)N(CC)CC)CC,CCN(CC)c1ccc2c(-c3cnn(-c4ccccc4)c3N)c3ccc(N(CC)CC)cc3[o+]c2c1.[O-][Cl+3]([O-])([O-])[O-],572.0,,
CN1c2ccc(cc2C(C1=CC1=C([O-])C(=CC2=[N+](C)c3c(C2(C)C)ccc2c3ccc3c2[N+](=C(C3(C)C)C=C2C(=C(C2=O)C=C2N(CC)c3c(C2(C)C)c2ccccc2cc3)[O-])C)C1=O)(C)C)C(=O)O,CCN1C(=CC2=C([O-])C(=CC3=[N+](C)c4c(ccc5c6c(ccc45)C(C)(C)C(C=C4C(=O)C(C=C5N(C)c7ccc(C(=O)O)cc7C5(C)C)=C4[O-])=[N+]6C)C3(C)C)C2=O)C(C)(C)c2c1ccc1ccccc21,730.0,,
CCNc1nc(C#N)c(nc1CC(C1=Nc2c(N(C1C)CC)cc(n2C#N)C#N)O)C#N,CCNc1nc(C#N)c(C#N)nc1CC(O)C1=Nc2c(cc(C#N)n2C#N)N(CC)C1C,538.0,,
CCNc1nc(C#N)c(nc1CC(=O)C1=Nc2c(N(C1C)CC)cc(n2C#N)C#N)C#N,CCNc1nc(C#N)c(C#N)nc1CC(=O)C1=Nc2c(cc(C#N)n2C#N)N(CC)C1C,334.0,,
FC(C(C(F)(F)F)(c1ccc(cc1)OCCOc1ccc(cc1)N=Nc1ccc(cc1)[N+](=O)[O-])c1ccc(cc1)OCCOc1ccc(cc1)N=Nc1ccc(cc1)[N+](=O)[O-])(F)F,O=[N+]([O-])c1ccc(N=Nc2ccc(OCCOc3ccc(C(c4ccc(OCCOc5ccc(N=Nc6ccc([N+](=O)[O-])cc6)cc5)cc4)(C(F)(F)F)C(F)(F)F)cc3)cc2)cc1,372.1,,
N#Cc1ccc(cc1)N=Nc1ccc(cc1)OCCOc1ccc(cc1)C(C(F)(F)F)(C(F)(F)F)c1ccc(cc1)OCCOc1ccc(cc1)N=Nc1ccc(cc1)C#N,N#Cc1ccc(N=Nc2ccc(OCCOc3ccc(C(c4ccc(OCCOc5ccc(N=Nc6ccc(C#N)cc6)cc5)cc4)(C(F)(F)F)C(F)(F)F)cc3)cc2)cc1,360.7,,
FC(C(C(F)(F)F)(c1ccc(cc1)OCCOc1ccc(cc1)N=Nc1ccc(cc1)C(F)(F)F)c1ccc(cc1)OCCOc1ccc(cc1)N=Nc1ccc(cc1)C(F)(F)F)(F)F,FC(F)(F)c1ccc(N=Nc2ccc(OCCOc3ccc(C(c4ccc(OCCOc5ccc(N=Nc6ccc(C(F)(F)F)cc6)cc5)cc4)(C(F)(F)F)C(F)(F)F)cc3)cc2)cc1,352.9,,
Fc1ccc(cc1Cl)N=Nc1ccc(cc1)OCCOc1ccc(cc1)C(C(F)(F)F)(C(F)(F)F)c1ccc(cc1)OCCOc1ccc(cc1)N=Nc1ccc(c(c1)Cl)F,Fc1ccc(N=Nc2ccc(OCCOc3ccc(C(c4ccc(OCCOc5ccc(N=Nc6ccc(F)c(Cl)c6)cc5)cc4)(C(F)(F)F)C(F)(F)F)cc3)cc2)cc1Cl,351.2,,
FC(C(C(F)(F)F)(c1ccc(cc1)OCCOc1ccc(cc1)N=Nc1ccc(cc1)Cl)c1ccc(cc1)OCCOc1ccc(cc1)N=Nc1ccc(cc1)Cl)(F)F,FC(F)(F)C(c1ccc(OCCOc2ccc(N=Nc3ccc(Cl)cc3)cc2)cc1)(c1ccc(OCCOc2ccc(N=Nc3ccc(Cl)cc3)cc2)cc1)C(F)(F)F,351.7,,
FC(C(C(F)(F)F)(c1ccc(cc1)OCCOc1ccc(cc1)N=Nc1ccc(cc1)Br)c1ccc(cc1)OCCOc1ccc(cc1)N=Nc1ccc(cc1)Br)(F)F,FC(F)(F)C(c1ccc(OCCOc2ccc(N=Nc3ccc(Br)cc3)cc2)cc1)(c1ccc(OCCOc2ccc(N=Nc3ccc(Br)cc3)cc2)cc1)C(F)(F)F,352.8,,
O=C1c2cc(ccc2C(=O)N1OCCOc1ccc(cc1)N=Nc1ccc(cc1)[N+](=O)[O-])C(C(F)(F)F)(C(F)(F)F)c1ccc2c(c1)C(=O)N(C2=O)OCCOc1ccc(cc1)N=Nc1ccc(cc1)[N+](=O)[O-],O=C1c2ccc(C(c3ccc4c(c3)C(=O)N(OCCOc3ccc(N=Nc5ccc([N+](=O)[O-])cc5)cc3)C4=O)(C(F)(F)F)C(F)(F)F)cc2C(=O)N1OCCOc1ccc(N=Nc2ccc([N+](=O)[O-])cc2)cc1,375.3,,
N#Cc1ccc(cc1)N=Nc1ccc(cc1)OCCON1C(=O)c2c(C1=O)cc(cc2)C(C(F)(F)F)(C(F)(F)F)c1ccc2c(c1)C(=O)N(C2=O)OCCOc1ccc(cc1)N=Nc1ccc(cc1)C#N,N#Cc1ccc(N=Nc2ccc(OCCON3C(=O)c4ccc(C(c5ccc6c(c5)C(=O)N(OCCOc5ccc(N=Nc7ccc(C#N)cc7)cc5)C6=O)(C(F)(F)F)C(F)(F)F)cc4C3=O)cc2)cc1,364.1,,
O=C1c2cc(ccc2C(=O)N1OCCOc1ccc(cc1)N=Nc1ccc(cc1)C(F)(F)F)C(C(F)(F)F)(C(F)(F)F)c1ccc2c(c1)C(=O)N(C2=O)OCCOc1ccc(cc1)N=Nc1ccc(cc1)C(F)(F)F,O=C1c2ccc(C(c3ccc4c(c3)C(=O)N(OCCOc3ccc(N=Nc5ccc(C(F)(F)F)cc5)cc3)C4=O)(C(F)(F)F)C(F)(F)F)cc2C(=O)N1OCCOc1ccc(N=Nc2ccc(C(F)(F)F)cc2)cc1,352.9,,
O=C1c2cc(ccc2C(=O)N1OCCOc1ccc(cc1)N=Nc1ccc(c(c1)Cl)F)C(C(F)(F)F)(C(F)(F)F)c1ccc2c(c1)C(=O)N(C2=O)OCCOc1ccc(cc1)N=Nc1ccc(c(c1)Cl)F,O=C1c2ccc(C(c3ccc4c(c3)C(=O)N(OCCOc3ccc(N=Nc5ccc(F)c(Cl)c5)cc3)C4=O)(C(F)(F)F)C(F)(F)F)cc2C(=O)N1OCCOc1ccc(N=Nc2ccc(F)c(Cl)c2)cc1,353.0,,
Clc1ccc(cc1)N=Nc1ccc(cc1)OCCON1C(=O)c2c(C1=O)cc(cc2)C(C(F)(F)F)(C(F)(F)F)c1ccc2c(c1)C(=O)N(C2=O)OCCOc1ccc(cc1)N=Nc1ccc(cc1)Cl,O=C1c2ccc(C(c3ccc4c(c3)C(=O)N(OCCOc3ccc(N=Nc5ccc(Cl)cc5)cc3)C4=O)(C(F)(F)F)C(F)(F)F)cc2C(=O)N1OCCOc1ccc(N=Nc2ccc(Cl)cc2)cc1,355.0,,
Brc1ccc(cc1)N=Nc1ccc(cc1)OCCON1C(=O)c2c(C1=O)cc(cc2)C(C(F)(F)F)(C(F)(F)F)c1ccc2c(c1)C(=O)N(C2=O)OCCOc1ccc(cc1)N=Nc1ccc(cc1)Br,O=C1c2ccc(C(c3ccc4c(c3)C(=O)N(OCCOc3ccc(N=Nc5ccc(Br)cc5)cc3)C4=O)(C(F)(F)F)C(F)(F)F)cc2C(=O)N1OCCOc1ccc(N=Nc2ccc(Br)cc2)cc1,356.0,,
CI,CI,535.6,,NMP
BPPB,BPPB,505.0,,DMSO
CCn1c2c(c3c1ccc(c3)c1ccc(cc1)C(C)(C)C)c1c(c3c2c2cc(ccc2n3CC)c2ccc(cc2)C(C)(C)C)c2c(n1CC)ccc(c2)c1ccc(cc1)C(C)(C)C,CCn1c2ccc(-c3ccc(C(C)(C)C)cc3)cc2c2c1c1c3cc(-c4ccc(C(C)(C)C)cc4)ccc3n(CC)c1c1c3cc(-c4ccc(C(C)(C)C)cc4)ccc3n(CC)c21,371.0,,
COc1ccc(cc1)c1ccc2c(c1)c1c(n2CC)c2c(c3c1n(CC)c1c3cc(cc1)c1ccc(cc1)OC)n(c1c2cc(cc1)c1ccc(cc1)OC)CC,CCn1c2ccc(-c3ccc(OC)cc3)cc2c2c1c1c3cc(-c4ccc(OC)cc4)ccc3n(CC)c1c1c3cc(-c4ccc(OC)cc4)ccc3n(CC)c21,371.0,,
C1(C)c2ccc(cc2c2c1cccc2)c1ccc2c(c1)c1c3n(CC)c4c(c3c3c(c1n2CC)c1cc(ccc1n3CC)c1ccc2c(c1)C(C)(C)c1c2cccc1)cc(cc4)c1ccc2c(c1)C(C)(C)c1c2cccc1,CCn1c2ccc(-c3ccc4c(c3)-c3ccccc3C4C)cc2c2c1c1c3cc(-c4ccc5c(c4)C(C)(C)c4ccccc4-5)ccc3n(CC)c1c1c3cc(-c4ccc5c(c4)C(C)(C)c4ccccc4-5)ccc3n(CC)c21,386.0,,
CCn1c2ccc(cc2c2c1c1c3cc(ccc3n(c1c1c2n(CC)c2c1cc(cc2)c1cccc(c1)N(c1ccccc1)c1ccccc1)CC)c1ccc(cc1)N(c1ccccc1)c1ccccc1)c1ccc(cc1)N(c1ccccc1)c1ccccc1,CCn1c2ccc(-c3ccc(N(c4ccccc4)c4ccccc4)cc3)cc2c2c1c1c3cc(-c4ccc(N(c5ccccc5)c5ccccc5)cc4)ccc3n(CC)c1c1c3cc(-c4cccc(N(c5ccccc5)c5ccccc5)c4)ccc3n(CC)c21,391.0,,
COC(=O)c1cc(Cl)ccc1NC(=O)C(=O)O,COC(=O)c1cc(Cl)ccc1NC(=O)C(=O)O,607.0,,
CCOC(=O)C(=C1C=C(C)CC(C1)(C)C)C#N,CCOC(=O)C(C#N)=C1C=C(C)CC(C)(C)C1,625.0,,Methanol
N#CC(=C1C=C(C)CC(C1)(C)C)C#N,CC1=CC(=C(C#N)C#N)CC(C)(C)C1,639.0,,Acetonitrile
C(Cn1c(c2ccc(s2)c2ccc(s2)c2n(CC(C)C)c(=O)c3c2c(=O)n(c3c2cccs2)CC(C)C)c2c(c1=O)c(n(c2=O)CC(C)C)c1cccs1)C,CCCN1C(=O)C2=C(c3cccs3)N(CC(C)C)C(=O)C2=C1c1ccc(-c2ccc(C3=C4C(=O)N(CC(C)C)C(c5cccs5)=C4C(=O)N3CC(C)C)s2)s1,622.0,,
C(n1c(c2ccc(s2)c2ccc(s2)c2n(C(C)C)c(=O)c3c2c(=O)n(c3c2cccs2)C(C)C)c2c(c1=O)c(n(c2=O)C(C)C)c1cccs1)C,CCN1C(=O)C2=C(c3cccs3)N(C(C)C)C(=O)C2=C1c1ccc(-c2ccc(C3=C4C(=O)N(C(C)C)C(c5cccs5)=C4C(=O)N3C(C)C)s2)s1,622.0,,
Clc1ccc(cc1)c1[nH]c2c(n1)cc(cc2)C1=C2C=CC(=N2)C(=c2ccc(=C(C3=NC(=C(c4[nH]c1cc4)c1ccccc1)C=C3)c1ccccc1)[nH]2)c1ccccc1,Clc1ccc(-c2nc3cc(-c4c5nc(c(-c6ccccc6)c6ccc([nH]6)c(-c6ccccc6)c6nc(c(-c7ccccc7)c7ccc4[nH]7)C=C6)C=C5)ccc3[nH]2)cc1,648.0,,
c1ccc(cc1)C1=C2C=CC(=N2)C(=c2ccc(=C(C3=NC(=C(c4[nH]c1cc4)c1ccc4c(c1)nc([nH]4)c1cccc4c1cccc4)C=C3)c1ccccc1)[nH]2)c1ccccc1,C1=Cc2nc1c(-c1ccccc1)c1ccc([nH]1)c(-c1ccccc1)c1nc(c(-c3ccc4[nH]c(-c5cccc6ccccc56)nc4c3)c3ccc([nH]3)c2-c2ccccc2)C=C1,648.0,,
c1ccc(cc1)C1=C2C=CC(=N2)C(=c2ccc(=C(C3=NC(=C(c4[nH]c1cc4)c1ccc4c(c1)nc([nH]4)c1ccc4c5c1ccc1c5c(cc4)ccc1)C=C3)c1ccccc1)[nH]2)c1ccccc1,C1=Cc2nc1c(-c1ccccc1)c1ccc([nH]1)c(-c1ccccc1)c1nc(c(-c3ccc4[nH]c(-c5ccc6ccc7cccc8ccc5c6c78)nc4c3)c3ccc([nH]3)c2-c2ccccc2)C=C1,649.0,,
c1ccc(cc1)C1=C2C=CC(=N2)C(=c2ccc(=C(C3=NC(=C(c4[nH]c1cc4)c1ccc4c(c1)nc([nH]4)c1ccc4c(c1)Cc1c4cccc1)C=C3)c1ccccc1)[nH]2)c1ccccc1,C1=Cc2nc1c(-c1ccccc1)c1ccc([nH]1)c(-c1ccccc1)c1nc(c(-c3ccc4[nH]c(-c5ccc6c(c5)Cc5ccccc5-6)nc4c3)c3ccc([nH]3)c2-c2ccccc2)C=C1,649.0,,
FC(c1ccc(cc1)c1[nH]c2c(n1)cc(cc2)C1=C2C=CC(=N2)C(=c2ccc(=C(C3=NC(=C(c4[nH]c1cc4)c1ccccc1)C=C3)c1ccccc1)[nH]2)c1ccccc1)(F)F,FC(F)(F)c1ccc(-c2nc3cc(-c4c5nc(c(-c6ccccc6)c6ccc([nH]6)c(-c6ccccc6)c6nc(c(-c7ccccc7)c7ccc4[nH]7)C=C6)C=C5)ccc3[nH]2)cc1,648.0,,
Clc1ccc(cc1)c1oc2c(n1)cc(cc2)C1=C2C=CC(=N2)C(=c2ccc(=C(C3=NC(=C(c4[nH]c1cc4)c1ccccc1)C=C3)c1ccccc1)[nH]2)c1ccccc1,Clc1ccc(-c2nc3cc(-c4c5nc(c(-c6ccccc6)c6ccc([nH]6)c(-c6ccccc6)c6nc(c(-c7ccccc7)c7ccc4[nH]7)C=C6)C=C5)ccc3o2)cc1,647.0,,
c1ccc(cc1)C1=C2C=CC(=N2)C(=c2ccc(=C(C3=NC(=C(c4[nH]c1cc4)c1ccc4c(c1)nc(o4)c1cccc4c1cccc4)C=C3)c1ccccc1)[nH]2)c1ccccc1,C1=Cc2nc1c(-c1ccccc1)c1ccc([nH]1)c(-c1ccccc1)c1nc(c(-c3ccc4oc(-c5cccc6ccccc56)nc4c3)c3ccc([nH]3)c2-c2ccccc2)C=C1,646.0,,
c1ccc(cc1)C1=C2C=CC(=N2)C(=c2ccc(=C(C3=NC(=C(c4[nH]c1cc4)c1ccc4c(c1)nc(o4)c1ccc4c5c1ccc1c5c(cc4)ccc1)C=C3)c1ccccc1)[nH]2)c1ccccc1,C1=Cc2nc1c(-c1ccccc1)c1ccc([nH]1)c(-c1ccccc1)c1nc(c(-c3ccc4oc(-c5ccc6ccc7cccc8ccc5c6c78)nc4c3)c3ccc([nH]3)c2-c2ccccc2)C=C1,647.0,,
c1ccc(cc1)C1=C2C=CC(=N2)C(=c2ccc(=C(C3=NC(=C(c4[nH]c1cc4)c1ccc4c(c1)nc(o4)c1ccc4c(c1)Cc1c4cccc1)C=C3)c1ccccc1)[nH]2)c1ccccc1,C1=Cc2nc1c(-c1ccccc1)c1ccc([nH]1)c(-c1ccccc1)c1nc(c(-c3ccc4oc(-c5ccc6c(c5)Cc5ccccc5-6)nc4c3)c3ccc([nH]3)c2-c2ccccc2)C=C1,647.0,,
c1ccc(cc1)C1=C2C=CC(=N2)C(=c2ccc(=C(C3=NC(=C(c4[nH]c1c(c4)c1nc4c(o1)ccc(c4)C1=C4C=CC(=N4)C(=c4ccc(=C(C5=NC(=C(c6[nH]c1cc6)c1ccccc1)C=C5)c1ccccc1)[nH]4)c1ccccc1)c1ccccc1)C=C3)c1ccccc1)[nH]2)c1ccccc1,C1=Cc2nc1c(-c1ccccc1)c1ccc([nH]1)c(-c1ccccc1)c1nc(c(-c3ccc4oc(-c5cc6[nH]c5c(-c5ccccc5)c5nc(c(-c7ccccc7)c7ccc([nH]7)c(-c7ccccc7)c7nc(c6-c6ccccc6)C=C7)C=C5)nc4c3)c3ccc([nH]3)c2-c2ccccc2)C=C1,651.0,,
c1ccc(cc1)C1=C2C=CC(=N2)C(=c2ccc(=C(C3=NC(=C(c4[nH]c1c(c4)c1nc4c(o1)ccc(c4)C1=C4C=CC(=N4)C(=c4ccc(=C(C5=NC(=C(c6[nH]c1cc6)c1ccccc1)C=C5)c1ccccc1)[nH]4)c1ccccc1)c1ccccc1)C=C3)c1ccccc1)[nH]2)c1ccccc1.[Ni+2],C1=Cc2nc1c(-c1ccccc1)c1ccc([nH]1)c(-c1ccccc1)c1nc(c(-c3ccc4oc(-c5cc6[nH]c5c(-c5ccccc5)c5nc(c(-c7ccccc7)c7ccc([nH]7)c(-c7ccccc7)c7nc(c6-c6ccccc6)C=C7)C=C5)nc4c3)c3ccc([nH]3)c2-c2ccccc2)C=C1.[Ni+2],647.0,,
COc1cc(ccc1N(c1ccc(cc1OC)C=C(c1ccccc1)c1ccccc1)c1ccc(cc1OC)C=C(c1ccccc1)c1ccccc1)C=C(c1ccccc1)c1ccccc1,COc1cc(C=C(c2ccccc2)c2ccccc2)ccc1N(c1ccc(C=C(c2ccccc2)c2ccccc2)cc1OC)c1ccc(C=C(c2ccccc2)c2ccccc2)cc1OC,395.0,,THF
COc1cc(ccc1C=C(c1ccccc1)c1ccccc1)N(c1ccc(c(c1)OC)C=C(c1ccccc1)c1ccccc1)c1ccc(c(c1)OC)C=C(c1ccccc1)c1ccccc1,COc1cc(N(c2ccc(C=C(c3ccccc3)c3ccccc3)c(OC)c2)c2ccc(C=C(c3ccccc3)c3ccccc3)c(OC)c2)ccc1C=C(c1ccccc1)c1ccccc1,394.0,,THF
Cn1c(=CC=Cc2oc3c([n+]2C)cccc3)oc2c1cccc2.[Cl-],CN1C(=CC=Cc2oc3ccccc3[n+]2C)Oc2ccccc21.[Cl-],512.0,,
C[n+]1c(C=CC=c2sc3c(n2C)cccc3)oc2c1cccc2.[Cl-],CN1C(=CC=Cc2oc3ccccc3[n+]2C)Sc2ccccc21.[Cl-],546.0,,
Cc1ccc2c(c1)n(C)c(=CC=Cc1oc3c([n+]1C)cccc3)o2.[Cl-],Cc1ccc2c(c1)N(C)C(=CC=Cc1oc3ccccc3[n+]1C)O2.[Cl-],515.0,,
Cc1ccc2c(c1)n(C)c(=CC=Cc1oc3c([n+]1C)cccc3)s2.[Cl-],Cc1ccc2c(c1)N(C)C(=CC=Cc1oc3ccccc3[n+]1C)S2.[Cl-],551.0,,
Cc1ccc2c(c1)n(C)c(=CC=Cc1sc3c([n+]1C)cccc3)s2.[Cl-],Cc1ccc2c(c1)N(C)C(=CC=Cc1sc3ccccc3[n+]1C)S2.[Cl-],588.0,,
O=C1C=Cc2c(C1=NNc1ccc(cc1)N=Nc1ccccc1)c(cc(c2)S(=O)(=O)[O-])S(=O)(=O)[O-].[Na+].[Na+],O=C1C=Cc2cc(S(=O)(=O)[O-])cc(S(=O)(=O)[O-])c2C1=NNc1ccc(N=Nc2ccccc2)cc1.[Na+].[Na+],372.0,,
O=C1C=Cc2c(C1=NNc1ccccc1)c(cc(c2)S(=O)(=O)[O-])S(=O)(=O)[O-].[Na+].[Na+],O=C1C=Cc2cc(S(=O)(=O)[O-])cc(S(=O)(=O)[O-])c2C1=NNc1ccccc1.[Na+].[Na+],281.0,,
CC1(C)c2cc(ccc2c2c1cccc2)c1cc2c(c3ccccc3c(c2cc1c1ccc2c(c1)C(C)(C)c1c2cccc1)c1cccc2c1cccc2)c1cccc2c1cccc2,CC1(C)c2ccccc2-c2ccc(-c3cc4c(-c5cccc6ccccc56)c5ccccc5c(-c5cccc6ccccc56)c4cc3-c3ccc4c(c3)C(C)(C)c3ccccc3-4)cc21,416.0,,
C[n+]1c(C=Cc2ccccc2)sc2c1cccc2.[I-],C[n+]1c(C=Cc2ccccc2)sc2ccccc21.[I-],372.0,,
CN(c1ccc(cc1)C=Cc1sc2c([n+]1C)cccc2)C.[I-],CN(C)c1ccc(C=Cc2sc3ccccc3[n+]2C)cc1.[I-],519.0,,
O=C(CP(=O)(O)O)N[C@H](C(=O)O)CC(=O)O,O=C(O)C[C@H](NC(=O)CP(=O)(O)O)C(=O)O,402.0,,
CCOP(=O)(SCCN(CC)CC)CC,CCOP(=O)(CC)SCCN(CC)CC,453.0,,
C=COCC(C)C,C=COCC(C)C,541.0,,
C[I][I]I,C[I][I]I,474.0,,
C1(C)c2cc(ccc2c2c1cccc2)c1ccccc1c1cc(cc(c1)c1ccc(cc1)c1ccc2c(c1)C(C)(C)c1c2cccc1)c1ccc(cc1)c1ccc2c(c1)C(C)(C)c1c2cccc1,CC1c2ccccc2-c2ccc(-c3ccccc3-c3cc(-c4ccc(-c5ccc6c(c5)C(C)(C)c5ccccc5-6)cc4)cc(-c4ccc(-c5ccc6c(c5)C(C)(C)c5ccccc5-6)cc4)c3)cc21,328.0,,quartz
C1(C)c2cc(C=Cc3ccc(cc3)c3cc(cc(c3)c3ccc(cc3)C=Cc3ccc4c(c3)C(C)(C)c3c4cccc3)c3ccc(cc3)C=Cc3ccc4c(c3)C(C)(C)c3c4cccc3)ccc2c2c1cccc2,CC1c2ccccc2-c2ccc(C=Cc3ccc(-c4cc(-c5ccc(C=Cc6ccc7c(c6)C(C)(C)c6ccccc6-7)cc5)cc(-c5ccc(C=Cc6ccc7c(c6)C(C)(C)c6ccccc6-7)cc5)c4)cc3)cc21,386.0,,quartz
C1(C)c2cc(C#Cc3ccc(cc3)c3cc(cc(c3)c3ccc(cc3)C#Cc3ccc4c(c3)C(C)(C)c3c4cccc3)c3ccc(cc3)C#Cc3ccc4c(c3)C(C)(C)c3c4cccc3)ccc2c2c1cccc2,CC1c2ccccc2-c2ccc(C#Cc3ccc(-c4cc(-c5ccc(C#Cc6ccc7c(c6)C(C)(C)c6ccccc6-7)cc5)cc(-c5ccc(C#Cc6ccc7c(c6)C(C)(C)c6ccccc6-7)cc5)c4)cc3)cc21,367.0,,quartz
CC[N+](c1ccc(cc1)[C+](c1ccc(cc1)N(C)C)c1ccc(cc1)N(C)C)(C)C.[Cl-].[Cl-].[Cl-].[Zn+2].[Br-],CC[N+](C)(C)c1ccc([C+](c2ccc(N(C)C)cc2)c2ccc(N(C)C)cc2)cc1.[Br-].[Cl-].[Cl-].[Cl-].[Zn+2],630.0,,
[Br-].[Rb+],[Br-].[Rb+],595.0,,
[OH],[OH],700.0,,
OC(=O)C(=C)C#N,C=C(C#N)C(=O)O,464.0,56200.0,
Clc1c(Cl)c(Cl)c(c(c1Cl)C(=O)[O-])c1c2cc(I)c(=O)c(c2oc2c1cc(I)c(c2I)[O-])I.[Na+].[Na+],O=C([O-])c1c(Cl)c(Cl)c(Cl)c(Cl)c1-c1c2cc(I)c(=O)c(I)c-2oc2c(I)c([O-])c(I)cc12.[Na+].[Na+],550.0,,
CN(c1cc2[o+]c3cc(N)c4c(c3nc2cc1C)cccc4)C.[Cl-],Cc1cc2nc3c(cc(N)c4ccccc43)[o+]c2cc1N(C)C.[Cl-],590.0,,
CN(c1ccc(cc1)[C+](c1ccc(cc1)N(C)C)c1ccc(cc1)N(C)C)C.[Cl-],CN(C)c1ccc([C+](c2ccc(N(C)C)cc2)c2ccc(N(C)C)cc2)cc1.[Cl-],590.0,,
Brc1ccc(c2c1cccc2)C=Cc1ccc(cc1)N(c1ccc(cc1)C=Cc1ccc(c2c1cccc2)Br)c1ccc(cc1)C=Cc1ccc(c2c1cccc2)C=Cc1ccncc1,Brc1ccc(C=Cc2ccc(N(c3ccc(C=Cc4ccc(Br)c5ccccc45)cc3)c3ccc(C=Cc4ccc(C=Cc5ccncc5)c5ccccc45)cc3)cc2)c2ccccc12,590.0,,
Brc1ccc(c2c1cccc2)C=Cc1ccc(cc1)N(c1ccc(cc1)C=Cc1ccc(c2c1cccc2)C=Cc1ccncc1)c1ccc(cc1)C=Cc1ccc(c2c1cccc2)C=Cc1ccncc1,Brc1ccc(C=Cc2ccc(N(c3ccc(C=Cc4ccc(C=Cc5ccncc5)c5ccccc45)cc3)c3ccc(C=Cc4ccc(C=Cc5ccncc5)c5ccccc45)cc3)cc2)c2ccccc12,642.0,,
n1ccc(cc1)C=Cc1ccc(c2c1cccc2)C=Cc1ccc(cc1)N(c1ccc(cc1)C=Cc1ccc(c2c1cccc2)C=Cc1ccncc1)c1ccc(cc1)C=Cc1ccc(c2c1cccc2)C=Cc1ccncc1,C(=Cc1ccc(C=Cc2ccc(N(c3ccc(C=Cc4ccc(C=Cc5ccncc5)c5ccccc45)cc3)c3ccc(C=Cc4ccc(C=Cc5ccncc5)c5ccccc45)cc3)cc2)c2ccccc12)c1ccncc1,645.0,,
CN(c1ccc(cc1)C=C1CCn2c1[n+](C)c1sc(c(c1c2=O)C)C)C.[I-],Cc1sc2c(c1C)c(=O)n1c([n+]2C)C(=Cc2ccc(N(C)C)cc2)CC1.[I-],480.0,,
CN(c1ccc(cc1)C=C1CCC2[N+]1(C)C=c1c(=N2)s(=O)c2c1CCCC2)C.[I-],CN(C)c1ccc(C=C2CCC3N=C4C(=C[N+]23C)C2=C(CCCC2)S4=O)cc1.[I-],481.0,,
CC[n+]1c2sc(c(c2c(=O)n2c1C(=Cc1ccc(cc1)N(C)C)CC2)C)C.[I-],CC[n+]1c2n(c(=O)c3c(C)c(C)sc31)CCC2=Cc1ccc(N(C)C)cc1.[I-],481.0,,
Cc1ccc(cc1)c1csc2c1c(=O)n1c([n+]2C)C(=Cc2ccc(cc2)N(C)C)CC1.[I-],Cc1ccc(-c2csc3c2c(=O)n2c([n+]3C)C(=Cc3ccc(N(C)C)cc3)CC2)cc1.[I-],488.0,,
NC(=[NH2+])NCCCOB1OCCO1,NC(=[NH2+])NCCCOB1OCCO1,491.0,,
[CH-]1C=CC=C1.N#CC([C-]1C=CC=C1)C#N.[Fe+2],N#CC(C#N)[c-]1cccc1.[Fe+2].c1cc[cH-]c1,534.0,9781.0,
ClC=C[As](C=CCl)Cl,ClC=C[As](Cl)C=CCl,612.0,,
Cn1c(=O)c2c(c1c1ccc(s1)c1ccc3c(c1)Sc1c(N3CC(C)CC)cccc1)c(=O)n(c2c1ccc(s1)c1ccc2c(c1)Sc1c(N2CC(C)CC)cccc1)C,CCC(C)CN1c2ccccc2Sc2cc(-c3ccc(C4=C5C(=O)N(C)C(c6ccc(-c7ccc8c(c7)Sc7ccccc7N8CC(C)CC)s6)=C5C(=O)N4C)s3)ccc21,664.0,,dichloromethane
Cn1c(=O)c2c(c1c1ncc(s1)c1ccc3c(c1)Sc1c(N3CC(C)CC)cccc1)c(=O)n(c2c1ncc(s1)c1ccc2c(c1)Sc1c(N2CC(C)CC)cccc1)C,CCC(C)CN1c2ccccc2Sc2cc(-c3cnc(C4=C5C(=O)N(C)C(c6ncc(-c7ccc8c(c7)Sc7ccccc7N8CC(C)CC)s6)=C5C(=O)N4C)s3)ccc21,655.0,,dichloromethane
Cn1c(c2cc3c(s2)cc(s3)c2ccc3c(c2)Sc2c(N3CC(C)CC)cccc2)c2c(c1=O)c(n(c2=O)C)c1csc2c1sc(c2)c1ccc2c(c1)Sc1c(N2CC(C)CC)cccc1,CCC(C)CN1c2ccccc2Sc2cc(-c3cc4sc(C5=C6C(=O)N(C)C(c7csc8cc(-c9ccc%10c(c9)Sc9ccccc9N%10CC(C)CC)sc78)=C6C(=O)N5C)cc4s3)ccc21,677.0,,dichloromethane
CCN(c1ccc(cc1)N=Nc1nc(c(s1)C=CC1=[N+](CC)c2c(C1(C)C)cccc2)Cl)CC.[I-],CCN(CC)c1ccc(N=Nc2nc(Cl)c(C=CC3=[N+](CC)c4ccccc4C3(C)C)s2)cc1.[I-],747.0,,MeOH
CCN(c1ccc(cc1)N=Nc1nc(c(s1)C=Cc1sc2c([n+]1CC)cccc2)Cl)CC.[I-],CCN(CC)c1ccc(N=Nc2nc(Cl)c(C=Cc3sc4ccccc4[n+]3CC)s2)cc1.[I-],708.0,,MeOH
CCCCCC[n+]1c(C=Cc2sc(nc2Cl)N=Nc2ccc(cc2)N(CC)CC)sc2c1cccc2.[I-],CCCCCC[n+]1c(C=Cc2sc(N=Nc3ccc(N(CC)CC)cc3)nc2Cl)sc2ccccc21.[I-],711.0,,MeOH
CCN(c1ccc(cc1)N=Nc1nc(c(s1)C=Cc1sc2c([n+]1CC)ccc(c2)I)Cl)CC.[I-],CCN(CC)c1ccc(N=Nc2nc(Cl)c(C=Cc3sc4cc(I)ccc4[n+]3CC)s2)cc1.[I-],732.0,,MeOH
CCN(c1ccc(cc1)N=Nc1nc(c(s1)C=Cc1[se]c2c([n+]1CC)cccc2)Cl)CC.[I-],CCN(CC)c1ccc(N=Nc2nc(Cl)c(C=Cc3[se]c4ccccc4[n+]3CC)s2)cc1.[I-],717.0,,MeOH
CCN(c1ccc(cc1)N=Nc1nc(c(s1)C=Cc1ccc2c([n+]1CC)cccc2)Cl)CC.[I-],CCN(CC)c1ccc(N=Nc2nc(Cl)c(C=Cc3ccc4ccccc4[n+]3CC)s2)cc1.[I-],678.0,,MeOH
CCN(c1ccc(cc1)N=Nc1sc(c(n1)Cl)C=Cc1cc[n+](c2c1cccc2)CC)CC.[I-],CCN(CC)c1ccc(N=Nc2nc(Cl)c(C=Cc3cc[n+](CC)c4ccccc34)s2)cc1.[I-],672.0,,MeOH
CC[N+]1=C(C=Cc2cnc(s2)N=Nc2cc3CCCN4c3c(c2)CCC4)C(c2c1cccc2)(C)C,CC[N+]1=C(C=Cc2cnc(N=Nc3cc4c5c(c3)CCCN5CCC4)s2)C(C)(C)c2ccccc21,810.0,,MeOH
CC[n+]1c(C=Cc2cnc(s2)N=Nc2cc3CCCN4c3c(c2)CCC4)sc2c1cccc2,CC[n+]1c(C=Cc2cnc(N=Nc3cc4c5c(c3)CCCN5CCC4)s2)sc2ccccc21,756.0,,MeOH
C(Cn1c(=O)c2c(c1c1ccc(s1)c1ccc3c(c1)ccc(c3)F)c(=O)n(c2c1ccc(s1)c1ccc2c(c1)ccc(c2)F)CC(C)CC)CC,CCCCN1C(=O)C2=C(c3ccc(-c4ccc5cc(F)ccc5c4)s3)N(CC(C)CC)C(=O)C2=C1c1ccc(-c2ccc3cc(F)ccc3c2)s1,669.0,,
c1ccc(cc1)N(c1ccccc1)c1ccc(cc1)C#Cc1ccc(cc1)N=Nc1ccc(cc1)C#Cc1ccc(cc1)N(c1ccccc1)c1ccccc1,C(#Cc1ccc(N(c2ccccc2)c2ccccc2)cc1)c1ccc(N=Nc2ccc(C#Cc3ccc(N(c4ccccc4)c4ccccc4)cc3)cc2)cc1,344.0,,
c1ccc2c(c1)n(c1ccc(cc1)C#Cc1ccc(cc1)N=Nc1ccc(cc1)C#Cc1ccc(cc1)n1c3ccccc3c3c1cccc3)c1c2cccc1,C(#Cc1ccc(-n2c3ccccc3c3ccccc32)cc1)c1ccc(N=Nc2ccc(C#Cc3ccc(-n4c5ccccc5c5ccccc54)cc3)cc2)cc1,371.0,,
c1ccc2c(c1)c[n+]1c(c2)cccc1.[Br-],[Br-].c1ccc2c[n+]3ccccc3cc2c1,396.0,,
Oc1ccc2c(c1)oc(=O)cc2C.Oc1ccc2c(c1)oc(=O)cc2C,Cc1cc(=O)oc2cc(O)ccc12.Cc1cc(=O)oc2cc(O)ccc12,324.0,3800.0,
CCn1c(=Cc2sc3c([n+]2C)cccc3)sc(=c2sc3c(n2C)cccc3)c1=O.[I-],CCn1c(=Cc2sc3ccccc3[n+]2C)sc(=C2Sc3ccccc3N2C)c1=O.[I-],506.0,,DMF
CCn1c(=Cc2cc[n+](c3c2cccc3)C)sc(=c2sc3c(n2C)cccc3)c1=O.[I-],CCn1c(=Cc2cc[n+](C)c3ccccc23)sc(=C2Sc3ccccc3N2C)c1=O.[I-],571.0,,DMF
OC(=O)Cc1ccc(cc1)C1=c2ccc(=C(c3ccc(cc3)CC(=O)O)C3=NC(=C(c4[nH]c(C(=C5N=C1C=C5)c1ccc(cc1)CC(=O)O)cc4)c1ccccc1O)C=C3)[nH]2,O=C(O)Cc1ccc(-c2c3nc(c(-c4ccc(CC(=O)O)cc4)c4ccc([nH]4)c(-c4ccccc4O)c4nc(c(-c5ccc(CC(=O)O)cc5)c5ccc2[nH]5)C=C4)C=C3)cc1,648.6,474241.9853,DMSO
SC[C@@H](C(=O)NCC(=O)NCCCCNCCCNC(=O)CNC(=O)[C@@H](NC(=O)CC[C@@H](C(=O)O)N)CS)NC(=O)CC[C@@H](C(=O)O)N,N[C@@H](CCC(=O)N[C@@H](CS)C(=O)NCC(=O)NCCCCNCCCNC(=O)CNC(=O)[C@H](CS)NC(=O)CC[C@H](N)C(=O)O)C(=O)O,386.0,,
CS,CS,365.0,,
NS,NS,355.0,,
c1ccc[nH]1,c1cc[nH]c1,458.5,,acetone
Cc1ccc(cc1)S(=O)(=O)Oc1ccc(cc1)N=Nc1ccc(cc1C)c1ccc(c(c1)C)NN=C1C(=O)C=Cc2c1c(cc(c2)S(=O)(=O)[O-])S(=O)(=O)[O-].[Na+].[Na+],Cc1ccc(S(=O)(=O)Oc2ccc(N=Nc3ccc(-c4ccc(NN=C5C(=O)C=Cc6cc(S(=O)(=O)[O-])cc(S(=O)(=O)[O-])c65)c(C)c4)cc3C)cc2)cc1.[Na+].[Na+],527.0,,
Clc1nc2ccc(cc2n([nH]1)[O-])C(=O)Nc1ccc(c(c1)N=NC1C(=NN(C1=O)c1c(C)cccc1Cl)C)S(=O)(=O)O.[Na+],CC1=NN(c2c(C)cccc2Cl)C(=O)C1N=Nc1cc(NC(=O)c2ccc3c(c2)N([O-])NC(Cl)=N3)ccc1S(=O)(=O)O.[Na+],400.0,,
O=C1CC(=O)NN1c1ccccc1.O=C1CC(=O)NN1c1ccccc1.NN=N,N=NN.O=C1CC(=O)N(c2ccccc2)N1.O=C1CC(=O)N(c2ccccc2)N1,371.0,,acetone
B[I]PB,BP[I]B,483.0,,DMSO
[Cu][I]I,[Cu][I]I,526.0,,DMSO
O=C1c2c(C=C(C1=NNc1ccc(cc1)S(=O)(=O)CCOS(=O)(=O)[O-])S(=O)(=O)[O-])cc(c(c2N)N=Nc1ccc(cc1)S(=O)(=O)CCOS(=O)(=O)[O-])S(=O)(=O)[O-].[Na+].[Na+].[Na+].[Na+],Nc1c(N=Nc2ccc(S(=O)(=O)CCOS(=O)(=O)[O-])cc2)c(S(=O)(=O)[O-])cc2c1C(=O)C(=NNc1ccc(S(=O)(=O)CCOS(=O)(=O)[O-])cc1)C(S(=O)(=O)[O-])=C2.[Na+].[Na+].[Na+].[Na+],598.0,,
COc1cc(ccc1N(c1ccc(cc1OC)C1(c2ccccc2)c2ccccc2c2c1cccc2)c1ccc(cc1OC)C1(c2ccccc2)c2ccccc2c2c1cccc2)C1(c2ccccc2)c2ccccc2c2c1cccc2,COc1cc(C2(c3ccccc3)c3ccccc3-c3ccccc32)ccc1N(c1ccc(C2(c3ccccc3)c3ccccc3-c3ccccc32)cc1OC)c1ccc(C2(c3ccccc3)c3ccccc3-c3ccccc32)cc1OC,309.0,,THF
COc1cc(ccc1C1(c2ccccc2)c2ccccc2c2c1cccc2)N(c1ccc(c(c1)OC)C1(c2ccccc2)c2ccccc2c2c1cccc2)c1ccc(c(c1)OC)C1(c2ccccc2)c2ccccc2c2c1cccc2,COc1cc(N(c2ccc(C3(c4ccccc4)c4ccccc4-c4ccccc43)c(OC)c2)c2ccc(C3(c4ccccc4)c4ccccc4-c4ccccc43)c(OC)c2)ccc1C1(c2ccccc2)c2ccccc2-c2ccccc21,309.0,,THF
COc1ccc(cc1)C1(c2ccc(c(c2)OC)N(c2ccc(cc2OC)C2(c3ccc(cc3)OC)c3ccccc3c3c2cccc3)c2ccc(cc2OC)C2(c3ccc(cc3)OC)c3ccccc3c3c2cccc3)c2ccccc2c2c1cccc2,COc1ccc(C2(c3ccc(N(c4ccc(C5(c6ccc(OC)cc6)c6ccccc6-c6ccccc65)cc4OC)c4ccc(C5(c6ccc(OC)cc6)c6ccccc6-c6ccccc65)cc4OC)c(OC)c3)c3ccccc3-c3ccccc32)cc1,310.0,,THF
COc1ccc(cc1)C1(c2ccc(cc2OC)N(c2ccc(c(c2)OC)C2(c3ccc(cc3)OC)c3ccccc3c3c2cccc3)c2ccc(c(c2)OC)C2(c3ccc(cc3)OC)c3ccccc3c3c2cccc3)c2ccccc2c2c1cccc2,COc1ccc(C2(c3ccc(N(c4ccc(C5(c6ccc(OC)cc6)c6ccccc6-c6ccccc65)c(OC)c4)c4ccc(C5(c6ccc(OC)cc6)c6ccccc6-c6ccccc65)c(OC)c4)cc3OC)c3ccccc3-c3ccccc32)cc1,310.0,,THF
Cc1nn(c(c1N=Nc1cc(cc(c1[O-])S(=O)(=O)[O-])[N+](=O)[O-])[O-])c1ccccc1.CCCCC(COCCCN)CC.[Cr+3].[OH-].[H+],CCCCC(CC)COCCCN.Cc1nn(-c2ccccc2)c([O-])c1N=Nc1cc([N+](=O)[O-])cc(S(=O)(=O)[O-])c1[O-].[Cr+3].[H+].[OH-],422.0,60255.95861,
c1ccc(cc1)C(=C(c1ccc(cc1)c1ccc2c(c1)C(c1ccccc1)(c1ccccc1)c1c2cccc1)c1ccccc1)c1ccc(cc1)c1ccc2c(c1)C(c1ccccc1)(c1ccccc1)c1c2cccc1,c1ccc(C(=C(c2ccccc2)c2ccc(-c3ccc4c(c3)C(c3ccccc3)(c3ccccc3)c3ccccc3-4)cc2)c2ccc(-c3ccc4c(c3)C(c3ccccc3)(c3ccccc3)c3ccccc3-4)cc2)cc1,349.0,,
c1ccc(cc1)C(=C(c1ccc(cc1)c1ccc2c(c1)C1(c3c2cccc3)c2ccccc2c2c1cccc2)c1ccccc1)c1ccc(cc1)c1ccc2c(c1)C1(c3c2cccc3)c2ccccc2c2c1cccc2,c1ccc(C(=C(c2ccccc2)c2ccc(-c3ccc4c(c3)C3(c5ccccc5-c5ccccc53)c3ccccc3-4)cc2)c2ccc(-c3ccc4c(c3)C3(c5ccccc5-c5ccccc53)c3ccccc3-4)cc2)cc1,347.0,,
C1CCN(C1)c1ccc2c(c1)Sc1c([NH2+]2)ccc(c1)N1CCCC1.[Cl-],[Cl-].c1cc2c(cc1N1CCCC1)Sc1cc(N3CCCC3)ccc1[NH2+]2,688.0,,
C1CCN(CC1)c1ccc2c(c1)Sc1c([NH2+]2)ccc(c1)N1CCCCC1.[Cl-],[Cl-].c1cc2c(cc1N1CCCCC1)Sc1cc(N3CCCCC3)ccc1[NH2+]2,697.0,,
CN(c1ccccc1)c1ccc2c(c1)Sc1c([NH2+]2)ccc(c1)N(c1ccccc1)C.[Cl-],CN(c1ccccc1)c1ccc2c(c1)Sc1cc(N(C)c3ccccc3)ccc1[NH2+]2.[Cl-],652.0,,
CN(c1ccc2c(c1)Sc1c([NH2+]2)ccc(c1)N(Cc1ccccc1)C)Cc1ccccc1.[Cl-],CN(Cc1ccccc1)c1ccc2c(c1)Sc1cc(N(C)Cc3ccccc3)ccc1[NH2+]2.[Cl-],684.0,,
c1ccc(cc1)CN(c1ccc2c(c1)Sc1c([NH2+]2)ccc(c1)N(Cc1ccccc1)Cc1ccccc1)Cc1ccccc1.[Cl-],[Cl-].c1ccc(CN(Cc2ccccc2)c2ccc3c(c2)Sc2cc(N(Cc4ccccc4)Cc4ccccc4)ccc2[NH2+]3)cc1,684.0,,
CN1c2ccc(cc2Sc2c1ccc(c2)C=C(C(=O)O)C#N)N(c1ccc(cc1)C(c1ccccc1)(C)C)c1ccc(cc1)C(c1ccccc1)(C)C,CN1c2ccc(C=C(C#N)C(=O)O)cc2Sc2cc(N(c3ccc(C(C)(C)c4ccccc4)cc3)c3ccc(C(C)(C)c4ccccc4)cc3)ccc21,478.0,25800.0,
CN1c2ccc(cc2Sc2c1ccc(c2)C=C(C(=O)O)C#N)c1ccc(cc1)N(c1ccc2c(c1)C(C)(C)c1c2cccc1)c1ccc2c(c1)C(C)(C)c1c2cccc1,CN1c2ccc(C=C(C#N)C(=O)O)cc2Sc2cc(-c3ccc(N(c4ccc5c(c4)C(C)(C)c4ccccc4-5)c4ccc5c(c4)C(C)(C)c4ccccc4-5)cc3)ccc21,464.0,17600.0,
CCN(S(F)(F)F)CC,CCN(CC)S(F)(F)F,474.0,,
CN,CN,620.0,90300.0,
O=C1C(=C2Nc3c(C2=O)cc(cc3)S(=O)(=O)[O-])Nc2c1cc(cc2)S(=O)(=O)[O-].[Na+].[Na+],O=C1C(=C2Nc3ccc(S(=O)(=O)[O-])cc3C2=O)Nc2ccc(S(=O)(=O)[O-])cc21.[Na+].[Na+],609.0,,
Cn1nc2c(n1)c1c(c3c2c2sc(cc2n3C)c2ccc(cc2)N(c2ccccc2)c2ccccc2)n(c2c1sc(c2)C=C(C(=O)O)C#N)C,Cn1nc2c(n1)c1c3sc(-c4ccc(N(c5ccccc5)c5ccccc5)cc4)cc3n(C)c1c1c2c2sc(C=C(C#N)C(=O)O)cc2n1C,548.0,63779.0,
COc1ccc(cc1)N(c1ccc(cc1)OC)c1ccc(cc1)c1sc2c(c1)n(c1c2c2nn(nc2c2c1n(C)c1c2sc(c1)C=C(C(=O)O)C#N)C)C,COc1ccc(N(c2ccc(OC)cc2)c2ccc(-c3cc4c(s3)c3c5nn(C)nc5c5c6sc(C=C(C#N)C(=O)O)cc6n(C)c5c3n4C)cc2)cc1,555.0,59430.0,
COc1ccc(cc1)c1ccc(cc1)N(c1ccc(cc1)c1ccc(cc1)OC)c1ccc(cc1)c1sc2c(c1)n(c1c2c2nn(nc2c2c1n(C)c1c2sc(c1)C=C(C(=O)O)C#N)C)C,COc1ccc(-c2ccc(N(c3ccc(-c4ccc(OC)cc4)cc3)c3ccc(-c4cc5c(s4)c4c6nn(C)nc6c6c7sc(C=C(C#N)C(=O)O)cc7n(C)c6c4n5C)cc3)cc2)cc1,551.0,70802.0,
Cn1nc2c(n1)c1c3sc(cc3n(c1c1c2c2sc(cc2n1CC(C)CC)c1ccc(cc1)N(c1ccccc1)c1ccccc1)CC(C)CC)C=C(C(=O)O)C#N,CCC(C)Cn1c2cc(C=C(C#N)C(=O)O)sc2c2c3nn(C)nc3c3c4sc(-c5ccc(N(c6ccccc6)c6ccccc6)cc5)cc4n(CC(C)CC)c3c21,548.0,59522.0,
CC(c1ccc2c(c1)c1cc(ccc1n2c1ccc(c2c1nc(c1ccccc1)c(n2)c1ccccc1)n1c2ccc(cc2c2c1ccc(c2)C(C)(C)C)C(C)(C)C)C(C)(C)C)(C)C,CC(C)(C)c1ccc2c(c1)c1cc(C(C)(C)C)ccc1n2-c1ccc(-n2c3ccc(C(C)(C)C)cc3c3cc(C(C)(C)C)ccc32)c2nc(-c3ccccc3)c(-c3ccccc3)nc12,465.0,,
c1ccc(cc1)c1nc2c(ccc(c2nc1c1ccccc1)c1ccc(cc1)n1c2ccccc2c2c1cccc2)c1ccc(cc1)n1c2ccccc2c2c1cccc2,c1ccc(-c2nc3c(-c4ccc(-n5c6ccccc6c6ccccc65)cc4)ccc(-c4ccc(-n5c6ccccc6c6ccccc65)cc4)c3nc2-c2ccccc2)cc1,370.0,,
NCCCCNCCCNC(=O)CNC(=O)[C@@H](NC(=O)CC[C@@H](C(=O)O)N)CS,NCCCCNCCCNC(=O)CNC(=O)[C@H](CS)NC(=O)CC[C@H](N)C(=O)O,571.0,,
CCCCN1C(=O)C(=CC=CC=c2oc3c(n2CCCS(=O)(=O)[O-])cccc3)C(=O)N(C1=S)CCCC.[Na+],CCCCN1C(=O)C(=CC=CC=C2Oc3ccccc3N2CCCS(=O)(=O)[O-])C(=O)N(CCCC)C1=S.[Na+],540.0,,
N#CC(=Cc1ccc(s1)c1ccc2c(c1)CCc1c(N2COc2ccc(cc2)C(=O)O)ccc(c1)c1ccc(cc1)N(c1ccccc1)c1ccccc1)C(=O)O,N#CC(=Cc1ccc(-c2ccc3c(c2)CCc2cc(-c4ccc(N(c5ccccc5)c5ccccc5)cc4)ccc2N3COc2ccc(C(=O)O)cc2)s1)C(=O)O,459.0,,
CCCOc1cc(c(cc1NN=C(C(=O)Nc1cccc(c1)[N+](=O)[O-])C(=O)C)C)c1cc(OCCC)c(cc1C)NN=C(C(=O)Nc1cccc(c1)[N+](=O)[O-])C(=O)C,CCCOc1cc(-c2cc(OCCC)c(NN=C(C(C)=O)C(=O)Nc3cccc([N+](=O)[O-])c3)cc2C)c(C)cc1NN=C(C(C)=O)C(=O)Nc1cccc([N+](=O)[O-])c1,431.0,74700.0,
CCCOc1cc(c(cc1NN=C(C(=O)Nc1ccc(cc1)[N+](=O)[O-])C(=O)C)C)c1cc(OCCC)c(cc1C)NN=C(C(=O)Nc1ccc(cc1)[N+](=O)[O-])C(=O)C,CCCOc1cc(-c2cc(OCCC)c(NN=C(C(C)=O)C(=O)Nc3ccc([N+](=O)[O-])cc3)cc2C)c(C)cc1NN=C(C(C)=O)C(=O)Nc1ccc([N+](=O)[O-])cc1,438.0,72600.0,
CCCOc1cc(c(cc1NN=C(C(=O)Nc1cccc(c1)C(=O)C)C(=O)C)C)c1cc(OCCC)c(cc1C)NN=C(C(=O)Nc1cccc(c1)C(=O)C)C(=O)C,CCCOc1cc(-c2cc(OCCC)c(NN=C(C(C)=O)C(=O)Nc3cccc(C(C)=O)c3)cc2C)c(C)cc1NN=C(C(C)=O)C(=O)Nc1cccc(C(C)=O)c1,429.0,77300.0,
CCCOc1cc(c(cc1NN=C(C(=O)Nc1cccc(c1)C(=O)C)C(=O)C)OC)c1cc(OCCC)c(cc1OC)NN=C(C(=O)Nc1cccc(c1)C(=O)C)C(=O)C,CCCOc1cc(-c2cc(OCCC)c(NN=C(C(C)=O)C(=O)Nc3cccc(C(C)=O)c3)cc2OC)c(OC)cc1NN=C(C(C)=O)C(=O)Nc1cccc(C(C)=O)c1,457.0,51500.0,
CN1c2ccccc2C(C1=CC=CC=CC1=[N+](C)c2c(C1(C)C)cccc2)(C)C.[I-],CN1C(=CC=CC=CC2=[N+](C)c3ccccc3C2(C)C)C(C)(C)c2ccccc21.[I-],644.0,,
ClC(=CC=C1N(C)c2c(C1(C)C)cccc2)C=CC1=[N+](C)c2c(C1(C)C)cccc2.[I-],CN1C(=CC=C(Cl)C=CC2=[N+](C)c3ccccc3C2(C)C)C(C)(C)c2ccccc21.[I-],640.0,,
BrC(=CC=C1N(C)c2c(C1(C)C)cccc2)C=CC1=[N+](C)c2c(C1(C)C)cccc2.[I-],CN1C(=CC=C(Br)C=CC2=[N+](C)c3ccccc3C2(C)C)C(C)(C)c2ccccc21.[I-],640.0,,
CN1c2cc3OCOc3cc2C(C1=CC=CC=CC1=[N+](C)c2c(C1(C)C)cc1c(c2)OCO1)(C)C.[I-],CN1C(=CC=CC=CC2=[N+](C)c3cc4c(cc3C2(C)C)OCO4)C(C)(C)c2cc3c(cc21)OCO3.[I-],679.0,,
OC(=O)CC[n+]1c(C=CC=c2sc3c(n2CCC(=O)O)cccc3)sc2c1cccc2.[I-],O=C(O)CCN1C(=CC=Cc2sc3ccccc3[n+]2CCC(=O)O)Sc2ccccc21.[I-],568.0,,
OC(=O)CC[n+]1c(C=CC=CC=c2sc3c(n2CCC(=O)O)cccc3)sc2c1cccc2.[I-],O=C(O)CCN1C(=CC=CC=Cc2sc3ccccc3[n+]2CCC(=O)O)Sc2ccccc21.[I-],627.0,,
[O-]S(=O)(=O)CCCCN1c2ccc3c(c2C(C1=CC=CC=CC=CC1=[N+](CCCCS(=O)(=O)[O-])c2c(C1(C)C)c1ccccc1cc2)(C)C)cccc3.[Na+],CC1(C)C(=CC=CC=CC=CC2=[N+](CCCCS(=O)(=O)[O-])c3ccc4ccccc4c3C2(C)C)N(CCCCS(=O)(=O)[O-])c2ccc3ccccc3c21.[Na+],754.0,,
NCCCCCCN,NCCCCCCN,555.0,,
CNc1ccc(cc1)[C+](c1ccc(cc1)N(C)C)c1ccc(cc1)N(C)C.[Cl-],CNc1ccc([C+](c2ccc(N(C)C)cc2)c2ccc(N(C)C)cc2)cc1.[Cl-],585.0,,
CN(c1ccc2c(c1)nc1c([nH+]2)cc(c(c1)N)C)C.[Cl-],Cc1cc2[nH+]c3ccc(N(C)C)cc3nc2cc1N.[Cl-],540.0,,
CN(c1ccc2c(c1)[s+]c1c(n2)cc(c(c1)N)C)C.[Cl-],Cc1cc2nc3ccc(N(C)C)cc3[s+]c2cc1N.[Cl-],620.0,,
ClOCPOC,COPCOCl,733.0,1659.586907,
c1cccnc1.O,O.c1ccncc1,700.0,,Ethanol
CC(c1ccc(cc1)c1cc(c2ccc(cc2)n2c3ccccc3c3c2cccc3)c2c3c1ccc1c3c(cc2)c(cc1c1ccc(cc1)C(C)(C)C)c1ccc(cc1)n1c2ccccc2c2c1cccc2)(C)C,CC(C)(C)c1ccc(-c2cc(-c3ccc(-n4c5ccccc5c5ccccc54)cc3)c3ccc4c(-c5ccc(-n6c7ccccc7c7ccccc76)cc5)cc(-c5ccc(C(C)(C)C)cc5)c5ccc2c3c45)cc1,391.0,,
FCF,FCF,379.0,88500.0,
C1(C)c2cc(C#Cc3ccc(c4c3nsn4)C#Cc3ccc4c(c3)C(C)(C)c3c4ccc(c3)n3c4ccccc4c4c3cccc4)ccc2c2c1cc(cc2)n1c2ccccc2c2c1cccc2,CC1c2cc(C#Cc3ccc(C#Cc4ccc5c(c4)C(C)(C)c4cc(-n6c7ccccc7c7ccccc76)ccc4-5)c4nsnc34)ccc2-c2ccc(-n3c4ccccc4c4ccccc43)cc21,447.0,92300.0,
[Cf],[Cf],373.0,48500.0,
C1(C)c2cc(C#Cc3ccc(cc3)C#Cc3ccc4c(c3)C(C)(C)c3c4ccc(c3)n3c4ccccc4c4c3cccc4)ccc2c2c1cc(cc2)n1c2ccccc2c2c1cccc2,CC1c2cc(C#Cc3ccc(C#Cc4ccc5c(c4)C(C)(C)c4cc(-n6c7ccccc7c7ccccc76)ccc4-5)cc3)ccc2-c2ccc(-n3c4ccccc4c4ccccc43)cc21,365.0,98600.0,
C1(C)c2cc(C#Cc3c4ccccc4c(c4c3cccc4)C#Cc3ccc4c(c3)C(C)(C)c3c4ccc(c3)n3c4ccccc4c4c3cccc4)ccc2c2c1cc(cc2)n1c2ccccc2c2c1cccc2,CC1c2cc(C#Cc3c4ccccc4c(C#Cc4ccc5c(c4)C(C)(C)c4cc(-n6c7ccccc7c7ccccc76)ccc4-5)c4ccccc34)ccc2-c2ccc(-n3c4ccccc4c4ccccc43)cc21,467.0,64600.0,
CCN(c1ccc2c(c1)[o+]c1c(n2)c2ccccc2c(c1)Nc1cccc(c1)Cl)CC.[Cl-],CCN(CC)c1ccc2nc3c(cc(Nc4cccc(Cl)c4)c4ccccc43)[o+]c2c1.[Cl-],698.0,,quartz
CCN(c1ccc2c(c1)[o+]c1c(n2)c2ccccc2c(c1)Nc1cccc(c1)Cl)CC.[Br-],CCN(CC)c1ccc2nc3c(cc(Nc4cccc(Cl)c4)c4ccccc43)[o+]c2c1.[Br-],699.0,,quartz
CCN(c1ccc2c(c1)[o+]c1c(n2)c2ccccc2c(c1)Nc1cccc(c1)Cl)CC.[I-],CCN(CC)c1ccc2nc3c(cc(Nc4cccc(Cl)c4)c4ccccc43)[o+]c2c1.[I-],698.0,,quartz
[O-][N+](=O)[O-].CCN(c1ccc2c(c1)[o+]c1c(n2)c2ccccc2c(c1)Nc1cccc(c1)Cl)CC,CCN(CC)c1ccc2nc3c(cc(Nc4cccc(Cl)c4)c4ccccc43)[o+]c2c1.O=[N+]([O-])[O-],698.0,,quartz
FC(S(=O)(=O)[O-])(F)F.CCN(c1ccc2c(c1)[o+]c1c(n2)c2ccccc2c(c1)Nc1cccc(c1)Cl)CC,CCN(CC)c1ccc2nc3c(cc(Nc4cccc(Cl)c4)c4ccccc43)[o+]c2c1.O=S(=O)([O-])C(F)(F)F,700.0,,quartz
O=[Si]=O,O=[Si]=O,521.0,,
C[n+]1ccc(nc1)C=Cc1ccc(cc1)N(c1ccccc1)c1ccccc1.[I-],C[n+]1ccc(C=Cc2ccc(N(c3ccccc3)c3ccccc3)cc2)nc1.[I-],564.0,,dichloromethane
C[n+]1ccc(nc1)C=Cc1ccc(cc1)c1ccc(cc1)N(c1ccccc1)c1ccccc1.[I-],C[n+]1ccc(C=Cc2ccc(-c3ccc(N(c4ccccc4)c4ccccc4)cc3)cc2)nc1.[I-],520.0,,dichloromethane
[O-][Cl](=O)(=O)=O.[O-][Cl](=O)(=O)=O.CCN(c1ccc2c(c1)[o+]c1c(c2C(=CC=c2sc3c(n2C)cccc3)C=Cc2sc3c([n+]2C)cccc3)ccc(c1)N(CC)CC)CC,CCN(CC)c1ccc2c(C(C=Cc3sc4ccccc4[n+]3C)=CC=C3Sc4ccccc4N3C)c3ccc(N(CC)CC)cc3[o+]c2c1.[O-][Cl+3]([O-])([O-])[O-].[O-][Cl+3]([O-])([O-])[O-],658.0,,
[O-][Cl](=O)(=O)=O.[O-][Cl](=O)(=O)=O.CCN(c1ccc2c(c1)[o+]c1c(c2C(=CC=c2ccc3c(n2C)cccc3)C=Cc2ccc3c([n+]2C)cccc3)ccc(c1)N(CC)CC)CC,CCN(CC)c1ccc2c(C(C=Cc3ccc4ccccc4[n+]3C)=CC=C3C=Cc4ccccc4N3C)c3ccc(N(CC)CC)cc3[o+]c2c1.[O-][Cl+3]([O-])([O-])[O-].[O-][Cl+3]([O-])([O-])[O-],704.0,,
FC(S(=O)(=O)[O-])(F)F.CCCCCC[n+]1c(C=C2C(=O)C(=C2OC)C=c2sc3c(n2CCCCCC)cccc3)sc2c1cccc2,CCCCCCN1C(=CC2=C(OC)C(=Cc3sc4ccccc4[n+]3CCCCCC)C2=O)Sc2ccccc21.O=S(=O)([O-])C(F)(F)F,632.0,,
FC(S(=O)(=O)[O-])(F)F.CCCCCC[n+]1c(C=C2C(=O)C(=C2OC)C=c2[se]c3c(n2CCCCCC)cccc3)[se]c2c1cccc2,CCCCCCN1C(=CC2=C(OC)C(=Cc3[se]c4ccccc4[n+]3CCCCCC)C2=O)[Se]c2ccccc21.O=S(=O)([O-])C(F)(F)F,650.0,,
FC(S(=O)(=O)[O-])(F)F.CCCCCC[n+]1c(ccc2c1cccc2)C=C1C(=O)C(=C1OC)C=c1ccc2c(n1CCCCCC)cccc2,CCCCCCN1C(=CC2=C(OC)C(=Cc3ccc4ccccc4[n+]3CCCCCC)C2=O)C=Cc2ccccc21.O=S(=O)([O-])C(F)(F)F,674.0,,
CCCCCC[n+]1c(C=C2C(=O)C(=C2NCc2ccccc2)C=c2sc3c(n2CCCCCC)cccc3)sc2c1cccc2.[I-],CCCCCCN1C(=CC2=C(NCc3ccccc3)C(=Cc3sc4ccccc4[n+]3CCCCCC)C2=O)Sc2ccccc21.[I-],657.0,,
CCCCCC[n+]1c(C=C2C(=O)C(=C2NCc2ccccc2)C=c2[se]c3c(n2CCCCCC)cccc3)[se]c2c1cccc2.[I-],CCCCCCN1C(=CC2=C(NCc3ccccc3)C(=Cc3[se]c4ccccc4[n+]3CCCCCC)C2=O)[Se]c2ccccc21.[I-],675.0,,
CCCCCC[n+]1c(ccc2c1cccc2)C=C1C(=O)C(=C1NCc1ccccc1)C=c1ccc2c(n1CCCCCC)cccc2.[I-],CCCCCCN1C(=CC2=C(NCc3ccccc3)C(=Cc3ccc4ccccc4[n+]3CCCCCC)C2=O)C=Cc2ccccc21.[I-],708.0,,
CCCCCC[n+]1c(C=C2C(=O)C(=C2Nc2ccccc2)C=c2[se]c3c(n2CCCCCC)cccc3)[se]c2c1cccc2.[I-],CCCCCCN1C(=CC2=C(Nc3ccccc3)C(=Cc3[se]c4ccccc4[n+]3CCCCCC)C2=O)[Se]c2ccccc21.[I-],669.0,,
CCCCCC[n+]1c(ccc2c1cccc2)C=C1C(=O)C(=C1Nc1ccccc1)C=c1ccc2c(n1CCCCCC)cccc2.[I-],CCCCCCN1C(=CC2=C(Nc3ccccc3)C(=Cc3ccc4ccccc4[n+]3CCCCCC)C2=O)C=Cc2ccccc21.[I-],699.0,,
CCCCCC[n+]1c(C=C2C(=O)C(=C2Nc2cccc(c2)I)C=c2[se]c3c(n2CCCCCC)cccc3)[se]c2c1cccc2.[I-],CCCCCCN1C(=CC2=C(Nc3cccc(I)c3)C(=Cc3[se]c4ccccc4[n+]3CCCCCC)C2=O)[Se]c2ccccc21.[I-],666.0,,
CCCCCC[n+]1c(ccc2c1cccc2)C=C1C(=O)C(=C1Nc1cccc(c1)I)C=c1ccc2c(n1CCCCCC)cccc2.[I-],CCCCCCN1C(=CC2=C(Nc3cccc(I)c3)C(=Cc3ccc4ccccc4[n+]3CCCCCC)C2=O)C=Cc2ccccc21.[I-],696.0,,
CN(c1ccc(cc1)N=Nc1ccc(cc1)S(=O)(=O)[O-])C.[Na+],CN(C)c1ccc(N=Nc2ccc(S(=O)(=O)[O-])cc2)cc1.[Na+],463.0,26050.0,
O=C1C=Cc2c(C1=NNc1ccc(cc1C)S(=O)(=O)[O-])cccc2.[Na+],Cc1cc(S(=O)(=O)[O-])ccc1NN=C1C(=O)C=Cc2ccccc21.[Na+],488.0,28120.0,
O=C1CCCCCCCCCCCOC(=O)[C@H]2N(C(=O)C(=O)C(CO1)(C)C)CCCC2,CC1(C)COC(=O)CCCCCCCCCCCOC(=O)[C@@H]2CCCCN2C(=O)C1=O,447.0,,
C(Cc1ccccc1)Cc1ccccc1.CCC(C(=O)C(=O)N1CCCC[C@H]1C(=O)O)(C)C,CCC(C)(C)C(=O)C(=O)N1CCCC[C@H]1C(=O)O.c1ccc(CCCc2ccccc2)cc1,448.0,,
CCCCC(=O)C=O,CCCCC(=O)C=O,498.0,19498.446,propanol
O=C1C(=C(C1=O)c1c(C)cn(c1C)C)O,Cc1cn(C)c(C)c1-c1c(O)c(=O)c1=O,347.0,,methanol
COc1cc(cc(c1OC)OC)C(=O)NCCCCCC(=O)[O-].[Na+],COc1cc(C(=O)NCCCCCC(=O)[O-])cc(OC)c1OC.[Na+],571.0,162181.0097,
BP,BP,862.0,141253.7545,
COc1cc(C=Cc2nc3c(s2)cccc3)c(cc1C=Cc1nc(C=Cc2cc(OC)c(cc2OC)C=Cc2nc3c(s2)cccc3)nc(n1)C)OC,COc1cc(C=Cc2nc3ccccc3s2)c(OC)cc1C=Cc1nc(C)nc(C=Cc2cc(OC)c(C=Cc3nc4ccccc4s3)cc2OC)n1,505.0,,Cl
N#CC(=Cc1ccc(s1)c1sc(c(c1)c1ccc(cc1)N(c1ccccc1)c1ccccc1)c1ccc(cc1)N(c1ccccc1)c1ccccc1)C(=O)O,N#CC(=Cc1ccc(-c2cc(-c3ccc(N(c4ccccc4)c4ccccc4)cc3)c(-c3ccc(N(c4ccccc4)c4ccccc4)cc3)s2)s1)C(=O)O,443.0,,
N#CC(=Cc1ccc(s1)c1ncc(c2c1nsn2)c1ccc(cc1)N(c1ccc2c(c1)C(C)(C)c1c2cccc1)c1ccc2c(c1)C(C)(C)c1c2cccc1)C(=O)O,CC1(C)c2ccccc2-c2ccc(N(c3ccc(-c4cnc(-c5ccc(C=C(C#N)C(=O)O)s5)c5nsnc45)cc3)c3ccc4c(c3)C(C)(C)c3ccccc3-4)cc21,575.0,,CH 2 Cl 2
Cc1ncc(c(n1)N)C[n+]1csc(c1C)CCOP(=O)(OP(=O)(O)O)O,Cc1ncc(C[n+]2csc(CCOP(=O)(O)OP(=O)(O)O)c2C)c(N)n1,684.0,,
[O-]P(=O)(OP(=O)([O-])[O-])[O-].[Na+].[Na+].[Na+].[Na+],O=P([O-])([O-])OP(=O)([O-])[O-].[Na+].[Na+].[Na+].[Na+],645.0,,
O=C1c2c(ccc(c2C(=O)c2c1cccc2)Nc1c(C)cc(c(c1C)S(=O)(=O)[O-])C)Nc1c(C)cc(c(c1C)S(=O)(=O)[O-])C.[Na+].[Na+],Cc1cc(C)c(S(=O)(=O)[O-])c(C)c1Nc1ccc(Nc2c(C)cc(C)c(S(=O)(=O)[O-])c2C)c2c1C(=O)c1ccccc1C2=O.[Na+].[Na+],640.0,,
CC[n+]1c(c2ccccc2)c2cc(N)ccc2c2c1cc(N)cc2.[Br-],CC[n+]1c(-c2ccccc2)c2cc(N)ccc2c2ccc(N)cc21.[Br-],595.0,,
COc1ccc(cc1)N(c1ccc(cc1)OC)c1ccc(cc1)c1ccc(s1)c1nc2c(n1C)c(ccc2c1ccc(s1)C=C(C(=O)O)C#N)c1ccc(s1)C=C(C(=O)O)C#N,COc1ccc(N(c2ccc(OC)cc2)c2ccc(-c3ccc(-c4nc5c(-c6ccc(C=C(C#N)C(=O)O)s6)ccc(-c6ccc(C=C(C#N)C(=O)O)s6)c5n4C)s3)cc2)cc1,443.0,37847.0,
COc1ccc(cc1)N(c1ccc(cc1)OC)c1ccc(cc1)c1nc2c(n1C)c(ccc2c1cc(c(s1)C=C(C(=O)O)C#N)C)c1cc(c(s1)C=C(C(=O)O)C#N)C,COc1ccc(N(c2ccc(OC)cc2)c2ccc(-c3nc4c(-c5cc(C)c(C=C(C#N)C(=O)O)s5)ccc(-c5cc(C)c(C=C(C#N)C(=O)O)s5)c4n3C)cc2)cc1,451.0,34330.0,
N#CC(=Cc1ccc(s1)c1ccc(s1)c1c2cc(ccc2c(c2c1ccc(c2)C(C)(C)C)N(c1cccc2c1cccc2)c1ccccc1)C(C)(C)C)C(=O)O,CC(C)(C)c1ccc2c(N(c3ccccc3)c3cccc4ccccc34)c3cc(C(C)(C)C)ccc3c(-c3ccc(-c4ccc(C=C(C#N)C(=O)O)s4)s3)c2c1,628.0,,THF
N#CC(=Cc1ccc(s1)c1ccc(c2c1nsn2)c1ccc(s1)c1c2cc(ccc2c(c2c1ccc(c2)C(C)(C)C)N(c1cccc2c1cccc2)c1ccccc1)C(C)(C)C)C(=O)O,CC(C)(C)c1ccc2c(N(c3ccccc3)c3cccc4ccccc34)c3cc(C(C)(C)C)ccc3c(-c3ccc(-c4ccc(-c5ccc(C=C(C#N)C(=O)O)s5)c5nsnc45)s3)c2c1,772.0,,THF
CN1c2ccc(cc2Sc2c1ccc(c2)c1ccc(cc1)OCC(C)CC)c1cc2c(s1)cc(s2)C1=C([O-])C(=CC2=[N+](C)c3c(C2(C)C)cc(cc3)C(=O)O)C1=O,CCC(C)COc1ccc(-c2ccc3c(c2)Sc2cc(-c4cc5sc(C6=C([O-])C(=CC7=[N+](C)c8ccc(C(=O)O)cc8C7(C)C)C6=O)cc5s4)ccc2N3C)cc1,662.0,,THF
COc1ccc(cc1)N1c2ccc(cc2Sc2c1cccc2)C=Cc1cccc(c1)C=Cc1ccc2c(c1)Sc1c(N2c2ccc(cc2)OC)cccc1,COc1ccc(N2c3ccccc3Sc3cc(C=Cc4cccc(C=Cc5ccc6c(c5)Sc5ccccc5N6c5ccc(OC)cc5)c4)ccc32)cc1,492.0,,
C(CN1c2ccc(cc2Sc2c1cccc2)C=Cc1ccc(cc1)c1ccc(cc1)C=Cc1ccc2c(c1)Sc1c(N2CC(C)CC)cccc1)CC,CCCCN1c2ccccc2Sc2cc(C=Cc3ccc(-c4ccc(C=Cc5ccc6c(c5)Sc5ccccc5N6CC(C)CC)cc4)cc3)ccc21,510.0,,
COc1ccc(cc1)N1c2ccc(cc2Sc2c1cccc2)C=Cc1ccc(cc1)c1ccc(cc1)C=Cc1ccc2c(c1)Sc1c(N2c2ccc(cc2)OC)cccc1,COc1ccc(N2c3ccccc3Sc3cc(C=Cc4ccc(-c5ccc(C=Cc6ccc7c(c6)Sc6ccccc6N7c6ccc(OC)cc6)cc5)cc4)ccc32)cc1,511.0,,
NC(=O)N1CC1C#N,N#CC1CN1C(N)=O,588.0,,
OC(=O)C[n+]1c(C=Cc2ccc(cc2)N(C)C)sc2c1cccc2.[Cl-],CN(C)c1ccc(C=Cc2sc3ccccc3[n+]2CC(=O)O)cc1.[Cl-],515.0,,
OC(=O)C[n+]1c(C=Cc2ccc(cc2)N(C)C)sc2c1cccc2.[Br-],CN(C)c1ccc(C=Cc2sc3ccccc3[n+]2CC(=O)O)cc1.[Br-],515.0,,
OC(=O)C[n+]1c(C=Cc2ccc(cc2)N(C)C)sc2c1cccc2.[I-],CN(C)c1ccc(C=Cc2sc3ccccc3[n+]2CC(=O)O)cc1.[I-],515.0,,
OC(=O)CC[N+]1=C(C=Cc2ccc(cc2)N(C)C)C(c2c1cccc2)(C)C.[I-],CN(C)c1ccc(C=CC2=[N+](CCC(=O)O)c3ccccc3C2(C)C)cc1.[I-],544.0,,
OC(=O)CC[n+]1c(C=Cc2ccc(cc2)N(C)C)sc2c1cccc2.[I-],CN(C)c1ccc(C=Cc2sc3ccccc3[n+]2CCC(=O)O)cc1.[I-],524.0,,
CCCCCCN(c1ccc(cc1)C=Cc1sc2c([n+]1CCC(=O)O)cccc2)CCCCCC.[I-],CCCCCCN(CCCCCC)c1ccc(C=Cc2sc3ccccc3[n+]2CCC(=O)O)cc1.[I-],541.0,,
CCCCCCCCCCCCN(c1ccc(cc1)C=Cc1sc2c([n+]1CCC(=O)O)cccc2)CCCCCCCCCCCC.[I-],CCCCCCCCCCCCN(CCCCCCCCCCCC)c1ccc(C=Cc2sc3ccccc3[n+]2CCC(=O)O)cc1.[I-],547.0,,
OC(=O)CCC[n+]1c(C=Cc2ccc(cc2)N(C)C)sc2c1cccc2.[I-],CN(C)c1ccc(C=Cc2sc3ccccc3[n+]2CCCC(=O)O)cc1.[I-],526.0,,
OC(=O)CCCC[n+]1c(C=Cc2ccc(cc2)N(C)C)sc2c1cccc2.[I-],CN(C)c1ccc(C=Cc2sc3ccccc3[n+]2CCCCC(=O)O)cc1.[I-],528.0,,
OC(=O)CC[n+]1ccc(c2c1cccc2)C=Cc1ccc(cc1)N(C)C.[I-],CN(C)c1ccc(C=Cc2cc[n+](CCC(=O)O)c3ccccc23)cc1.[I-],550.0,,
CN(c1ccc(cc1)C=Cc1sc2c([nH+]1)cccc2)C.CCCS(=O)(=O)[O-],CCCS(=O)(=O)[O-].CN(C)c1ccc(C=Cc2[nH+]c3ccccc3s2)cc1,529.0,,
[NH-]C1CC(C)(C)NC(C1C(=O)O)(C)C.O=c1ccc2c(o1)cccc2,CC1(C)CC([NH-])C(C(=O)O)C(C)(C)N1.O=c1ccc2ccccc2o1,329.0,,
CC[n+]1c(cn2c1cc(C=Cc1ccc(cc1)N(C)C)cc2)c1ccccc1.[I-],CC[n+]1c(-c2ccccc2)cn2ccc(C=Cc3ccc(N(C)C)cc3)cc21.[I-],427.0,,SDS
COc1cccc(c1)c1cn2c([n+]1CC)cc(cc2)C=Cc1ccc(cc1)N(C)C.[I-],CC[n+]1c(-c2cccc(OC)c2)cn2ccc(C=Cc3ccc(N(C)C)cc3)cc21.[I-],425.0,,SDS
COc1ccc(c(c1)OC)c1cn2c([n+]1CC)cc(cc2)C=Cc1ccc(cc1)N(C)C.[I-],CC[n+]1c(-c2ccc(OC)cc2OC)cn2ccc(C=Cc3ccc(N(C)C)cc3)cc21.[I-],427.0,,SDS
CC[n+]1c(cn2c1cc(C=Cc1ccc(cc1)N(C)C)cc2)c1ccc(cc1)c1ccccc1.[I-],CC[n+]1c(-c2ccc(-c3ccccc3)cc2)cn2ccc(C=Cc3ccc(N(C)C)cc3)cc21.[I-],421.0,,SDS
CC[n+]1c(cn2c1cc(C=Cc1ccc(cc1)N(C)C)cc2)c1ccc(c(c1)C)C.[I-],CC[n+]1c(-c2ccc(C)c(C)c2)cn2ccc(C=Cc3ccc(N(C)C)cc3)cc21.[I-],418.0,,SDS
CCCCCCN(c1ccc(cc1)C=Cc1ccn2c(c1)[n+](CC)c(c2)c1ccc(cc1OC)OC)CCCCCC.[I-],CCCCCCN(CCCCCC)c1ccc(C=Cc2ccn3cc(-c4ccc(OC)cc4OC)[n+](CC)c3c2)cc1.[I-],427.0,,SDS
CCCCCCC[n+]1c(cn2c1cc(C=Cc1ccc(cc1)N(C)C)cc2)c1ccc(cc1)Cl.[I-],CCCCCCC[n+]1c(-c2ccc(Cl)cc2)cn2ccc(C=Cc3ccc(N(C)C)cc3)cc21.[I-],421.0,,SDS
CCCCCCC[n+]1c(cn2c1cc(C=Cc1ccc(cc1)N(C)C)cc2)c1ccc(cc1)C.[I-],CCCCCCC[n+]1c(-c2ccc(C)cc2)cn2ccc(C=Cc3ccc(N(C)C)cc3)cc21.[I-],419.0,,SDS
[O-][Cl](=O)(=O)=O.CC[n+]1c(cn2c1cc(C=Cc1ccc(cc1)O)cc2)c1ccc(cc1)C,CC[n+]1c(-c2ccc(C)cc2)cn2ccc(C=Cc3ccc(O)cc3)cc21.[O-][Cl+3]([O-])([O-])[O-],375.0,,SDS
c1ccc(cc1)n1c(nc2c1cccc2)c1ccc(cc1)c1ccc2c(c1)C1(c3ccccc3c3c4c1cccc4c(cc3)c1ccc(cc1)c1nc3c(n1c1ccccc1)cccc3)c1c2cccc1,c1ccc(-n2c(-c3ccc(-c4ccc5c(c4)C4(c6ccccc6-5)c5ccccc5-c5ccc(-c6ccc(-c7nc8ccccc8n7-c7ccccc7)cc6)c6cccc4c56)cc3)nc3ccccc32)cc1,456.0,,
COC,COC,589.0,,
CCOc1cc(C=Cc2ccc(cc2)N(c2ccc(cc2)C=Cc2cc(OCC)c(c(c2)OCC)OCC)c2ccc(cc2)C=Cc2cc(OCC)c(c(c2)OCC)OCC)cc(c1OCC)OCC,CCOc1cc(C=Cc2ccc(N(c3ccc(C=Cc4cc(OCC)c(OCC)c(OCC)c4)cc3)c3ccc(C=Cc4cc(OCC)c(OCC)c(OCC)c4)cc3)cc2)cc(OCC)c1OCC,398.0,,
N#CC(=C1C(=O)C(=C1C=C1N(C)c2c(C1(C)C)cccc2)[O-])C#N.CC[NH+](CC)CC,CC[NH+](CC)CC.CN1C(=CC2=C([O-])C(=O)C2=C(C#N)C#N)C(C)(C)c2ccccc21,460.0,,
N#CC(=C1C(=O)C(=C1C=c1sc2c(n1C)cccc2)[O-])C#N.CC[NH+](CC)CC,CC[NH+](CC)CC.CN1C(=CC2=C([O-])C(=O)C2=C(C#N)C#N)Sc2ccccc21,481.0,,
N#CC(=C1C(=O)C(=C1C=c1ccc2c(n1C)cccc2)[O-])C#N.CC[NH+](CC)CC,CC[NH+](CC)CC.CN1C(=CC2=C([O-])C(=O)C2=C(C#N)C#N)C=Cc2ccccc21,515.0,,
CCOC(=O)C(=C1C(=O)C(=C1C=C1N(C)c2c(C1(C)C)cccc2)O)[N+](=O)[O-],CCOC(=O)C(=C1C(=O)C(O)=C1C=C1N(C)c2ccccc2C1(C)C)[N+](=O)[O-],475.0,,
O=C1NC(=O)C(=C2C(=O)C(=C2C=C2N(C)c3c(C2(C)C)cccc3)[O-])C(=O)N1.CC[NH+](CC)CC,CC[NH+](CC)CC.CN1C(=CC2=C([O-])C(=O)C2=C2C(=O)NC(=O)NC2=O)C(C)(C)c2ccccc21,457.0,,
OC1=C(C(=C2C(=O)c3c(C2=O)cccc3)C1=O)C=C1N(C)c2c(C1(C)C)cccc2,CN1C(=CC2=C(O)C(=O)C2=C2C(=O)c3ccccc3C2=O)C(C)(C)c2ccccc21,492.0,,
CC[NH+](CC)CC.N#CN=C1C(=O)C(=C1C=C1N(C)c2c(C1(C)C)cccc2)[O-],CC[NH+](CC)CC.CN1C(=Cc2c([O-])c(=O)c2=NC#N)C(C)(C)c2ccccc21,436.0,,
CCCCOC1=C(C(=O)C1=S)C=C1N(C)c2c(C1(C)C)cccc2,CCCCOc1c(C=C2N(C)c3ccccc3C2(C)C)c(=O)c1=S,500.0,,
O=C1C(=C(C1=O)C=C1N(C)c2c(C1(C)C)cccc2)[S-].[Na+],CN1C(=Cc2c([S-])c(=O)c2=O)C(C)(C)c2ccccc21.[Na+],446.0,,
C[N+]1=C(C=CC=C2N(CCC[N+](C)(C)C)c3c(C2(C)C)cccc3)C(c2c1cccc2)(C)C.[Br-].[Br-],C[N+]1=C(C=CC=C2N(CCC[N+](C)(C)C)c3ccccc3C2(C)C)C(C)(C)c2ccccc21.[Br-].[Br-],552.0,,
CCN1c2ccccc2C(C1=CC=CC1=[N+](C)c2c(C1(C)C)cccc2)(C)C.[I-],CCN1C(=CC=CC2=[N+](C)c3ccccc3C2(C)C)C(C)(C)c2ccccc21.[I-],552.0,,
CCCCN1c2ccccc2C(C1=CC=CC1=[N+](C)c2c(C1(C)C)cccc2)(C)C.[I-],CCCCN1C(=CC=CC2=[N+](C)c3ccccc3C2(C)C)C(C)(C)c2ccccc21.[I-],552.0,,
C[N+]1=C(C=CC=C2N(CCCc3ccccc3)c3c(C2(C)C)cccc3)C(c2c1cccc2)(C)C.[Br-],C[N+]1=C(C=CC=C2N(CCCc3ccccc3)c3ccccc3C2(C)C)C(C)(C)c2ccccc21.[Br-],553.0,,
CCCCN1c2ccc(cc2C(C1=CC=CC1=[N+](C)c2c(C1(C)C)cccc2)(C)C)Br.[I-],CCCCN1C(=CC=CC2=[N+](C)c3ccccc3C2(C)C)C(C)(C)c2cc(Br)ccc21.[I-],556.0,,
CCCCN1c2ccc(cc2C(C1=CC=CC1=[N+](C)c2c(C1(C)C)cccc2)(C)C)OC.[I-],CCCCN1C(=CC=CC2=[N+](C)c3ccccc3C2(C)C)C(C)(C)c2cc(OC)ccc21.[I-],566.0,,
C[N+]1=C(C=CC=C2N(CCC[N+](C)(C)C)c3c(C2(C)C)cc(cc3)S(=O)(=O)[O-])C(c2c1cccc2)(C)C.[Br-],C[N+]1=C(C=CC=C2N(CCC[N+](C)(C)C)c3ccc(S(=O)(=O)[O-])cc3C2(C)C)C(C)(C)c2ccccc21.[Br-],556.0,,
CCCCN1c2ccc3c(c2C(C1=CC=CC1=[N+](C)c2c(C1(C)C)cccc2)(C)C)cccc3.[I-],CCCCN1C(=CC=CC2=[N+](C)c3ccccc3C2(C)C)C(C)(C)c2c1ccc1ccccc21.[I-],572.0,,
Brc1ccc2c(c1)C(C)(C)C(=CC=CC1=[N+](C)c3c(C1(C)C)cccc3)N2CCC[N+](C)(C)C.[Br-].[Br-],C[N+]1=C(C=CC=C2N(CCC[N+](C)(C)C)c3ccc(Br)cc3C2(C)C)C(C)(C)c2ccccc21.[Br-].[Br-],556.0,,
Cn1c(=CC=CC2=[N+](C)c3c(C2(C)C)cccc3)sc2c1cccc2.[I-],CN1C(=CC=CC2=[N+](C)c3ccccc3C2(C)C)Sc2ccccc21.[I-],549.0,,
CCCCn1c(=CC=CC2=[N+](C)c3c(C2(C)C)cccc3)oc2c1cccc2.[I-],CCCCN1C(=CC=CC2=[N+](C)c3ccccc3C2(C)C)Oc2ccccc21.[I-],516.0,,
CCCCn1c2cccc3c2c(c1=CC=CC1=[N+](C)c2c(C1(C)C)cccc2)ccc3.[I-],CCCCn1c(=CC=CC2=[N+](C)c3ccccc3C2(C)C)c2cccc3cccc1c32.[I-],672.0,,
CC(=O)Nc1ccc(cc1)C=Cc1ccc(cc1)N(c1ccc(cc1)C=Cc1ccc(cc1)N(c1ccccc1)c1ccccc1)c1ccc(cc1)C=Cc1ccc(cc1)N(c1ccccc1)c1ccccc1,CC(=O)Nc1ccc(C=Cc2ccc(N(c3ccc(C=Cc4ccc(N(c5ccccc5)c5ccccc5)cc4)cc3)c3ccc(C=Cc4ccc(N(c5ccccc5)c5ccccc5)cc4)cc3)cc2)cc1,487.0,,
N#CC(=Cc1ccc(o1)C=Cc1ccc(cc1)N(c1ccc(cc1)C=Cc1ccc(cc1)N(c1ccccc1)c1ccccc1)c1ccc(cc1)C=Cc1ccc(cc1)N(c1ccccc1)c1ccccc1)C(=O)O,N#CC(=Cc1ccc(C=Cc2ccc(N(c3ccc(C=Cc4ccc(N(c5ccccc5)c5ccccc5)cc4)cc3)c3ccc(C=Cc4ccc(N(c5ccccc5)c5ccccc5)cc4)cc3)cc2)o1)C(=O)O,496.0,,
N#CC(=Cc1ccc(s1)C=Cc1ccc(cc1)N(c1ccc(cc1)C=Cc1ccc(cc1)N(c1ccccc1)c1ccccc1)c1ccc(cc1)C=Cc1ccc(cc1)N(c1ccccc1)c1ccccc1)C(=O)O,N#CC(=Cc1ccc(C=Cc2ccc(N(c3ccc(C=Cc4ccc(N(c5ccccc5)c5ccccc5)cc4)cc3)c3ccc(C=Cc4ccc(N(c5ccccc5)c5ccccc5)cc4)cc3)cc2)s1)C(=O)O,492.0,,
N#CC(=Cc1ccc(cc1)C=Cc1ccc(cc1)N(c1ccc(cc1)C=Cc1ccc(cc1)N(c1ccccc1)c1ccccc1)c1ccc(cc1)C=Cc1ccc(cc1)N(c1ccccc1)c1ccccc1)C(=O)O,N#CC(=Cc1ccc(C=Cc2ccc(N(c3ccc(C=Cc4ccc(N(c5ccccc5)c5ccccc5)cc4)cc3)c3ccc(C=Cc4ccc(N(c5ccccc5)c5ccccc5)cc4)cc3)cc2)cc1)C(=O)O,451.0,,
CCN(c1ccc(cc1)[C+](c1ccc(cc1)N(CC)CC)c1ccc(cc1)N(CC)CC)CC.[Cl-],CCN(CC)c1ccc([C+](c2ccc(N(CC)CC)cc2)c2ccc(N(CC)CC)cc2)cc1.[Cl-],592.0,,
Cc1ccc(cc1)S(=O)(=O)[O-].C[n+]1ccc(cc1)C=Cc1ccc(cc1)N(C)C,CN(C)c1ccc(C=Cc2cc[n+](C)cc2)cc1.Cc1ccc(S(=O)(=O)[O-])cc1,522.0,,MeOH
CN(c1ccc(cc1)C=Cc1cc2ccccc2c[n+]1C)C.Cc1ccc(cc1)S(=O)(=O)[O-],CN(C)c1ccc(C=Cc2cc3ccccc3c[n+]2C)cc1.Cc1ccc(S(=O)(=O)[O-])cc1,441.0,,MeOH
CN(c1ccc(cc1)C=Cc1cc[n+](c2c1cccc2)C)C.Cc1ccc(cc1)S(=O)(=O)[O-],CN(C)c1ccc(C=Cc2cc[n+](C)c3ccccc23)cc1.Cc1ccc(S(=O)(=O)[O-])cc1,581.0,,MeOH
CN(c1ccc(cc1)C=Cc1ccc2c([n+]1C)cccc2)C.Cc1ccc(cc1)S(=O)(=O)[O-],CN(C)c1ccc(C=Cc2ccc3ccccc3[n+]2C)cc1.Cc1ccc(S(=O)(=O)[O-])cc1,556.0,,MeOH
COC1C(CCC2(C1C1(C)OC1CC=C(C)C)CO2)OC(=O)C=CC=CC=CC=CC(=O)O,COC1C(OC(=O)C=CC=CC=CC=CC(=O)O)CCC2(CO2)C1C1(C)OC1CC=C(C)C,479.0,45300.0,
CC(=O)O.CC(=O)O.CCn1c(=O)c2c(c1c1ccc(cc1)C#N)c(=O)n(c2c1ccc(cc1)C#N)CC,CC(=O)O.CC(=O)O.CCN1C(=O)C2=C(c3ccc(C#N)cc3)N(CC)C(=O)C2=C1c1ccc(C#N)cc1,482.0,,
CC(=O)O.CC(=O)O.N#Cc1ccc(cc1)c1n(CC)c(=O)c2c1c(=O)n(c2c1ccccc1)CC,CC(=O)O.CC(=O)O.CCN1C(=O)C2=C(c3ccc(C#N)cc3)N(CC)C(=O)C2=C1c1ccccc1,472.0,,
CC(=O)O.CC(=O)O.CCn1c(=O)c2c(c1c1ccc(cc1)N1CCCCC1)c(=O)n(c2c1ccc(cc1)N1CCCCC1)CC,CC(=O)O.CC(=O)O.CCN1C(=O)C2=C(c3ccc(N4CCCCC4)cc3)N(CC)C(=O)C2=C1c1ccc(N2CCCCC2)cc1,540.0,,
CC(=O)O.CC(=O)O.N#Cc1ccc(cc1)c1n(CC)c(=O)c2c1c(=O)n(c2c1ccc(cc1)N1CCCCC1)CC,CC(=O)O.CC(=O)O.CCN1C(=O)C2=C(c3ccc(N4CCCCC4)cc3)N(CC)C(=O)C2=C1c1ccc(C#N)cc1,541.0,,
CC(=O)O.CC(=O)O.CCn1c(c2ccc(cc2)N2CCCCC2)c2c(c1=O)c(n(c2=O)CC)c1ccccc1,CC(=O)O.CC(=O)O.CCN1C(=O)C2=C(c3ccc(N4CCCCC4)cc3)N(CC)C(=O)C2=C1c1ccccc1,516.0,,
CCC1(CC)c2cc(ccc2c2c1cccc2)c1ccc(cc1)c1nc(nc(n1)c1ccc(cc1)c1ccc2c(c1)C(CC)(CC)c1c2cccc1)c1ccc(cc1)c1ccc2c(c1)C(CC)(CC)c1c2cccc1,CCC1(CC)c2ccccc2-c2ccc(-c3ccc(-c4nc(-c5ccc(-c6ccc7c(c6)C(CC)(CC)c6ccccc6-7)cc5)nc(-c5ccc(-c6ccc7c(c6)C(CC)(CC)c6ccccc6-7)cc5)n4)cc3)cc21,356.0,,THF
CCN1c2ccc(cc2Sc2c1cccc2)c1ccc(cc1)c1nc(nc(n1)c1ccc(cc1)c1ccc2c(c1)Sc1c(N2CC)cccc1)c1ccc(cc1)c1ccc2c(c1)Sc1c(N2CC)cccc1,CCN1c2ccccc2Sc2cc(-c3ccc(-c4nc(-c5ccc(-c6ccc7c(c6)Sc6ccccc6N7CC)cc5)nc(-c5ccc(-c6ccc7c(c6)Sc6ccccc6N7CC)cc5)n4)cc3)ccc21,403.0,,THF
CCn1c2ccc(cc2c2c1cccc2)c1ccc(cc1)c1nc(nc(n1)c1ccc(cc1)c1ccc2c(c1)c1ccccc1n2CC)c1ccc(cc1)c1ccc2c(c1)c1ccccc1n2CC,CCn1c2ccccc2c2cc(-c3ccc(-c4nc(-c5ccc(-c6ccc7c(c6)c6ccccc6n7CC)cc5)nc(-c5ccc(-c6ccc7c(c6)c6ccccc6n7CC)cc5)n4)cc3)ccc21,380.0,,THF
O=C1CCCCC1,O=C1CCCCC1,554.0,,DMSO
C=Cc1ccc(cc1)CN(c1ccccc1)N=Cc1ccc(cc1)N(c1ccc(cc1)C=NN(c1ccccc1)Cc1ccc(cc1)C=C)c1ccc(cc1)C=NN(c1ccccc1)Cc1ccc(cc1)C=C,C=Cc1ccc(CN(N=Cc2ccc(N(c3ccc(C=NN(Cc4ccc(C=C)cc4)c4ccccc4)cc3)c3ccc(C=NN(Cc4ccc(C=C)cc4)c4ccccc4)cc3)cc2)c2ccccc2)cc1,448.0,,
C=CCNc1ccc2c(c1)c1nc3ccc(=[N+](C)C)cc3oc1cc2.[Cl-],C=CCNc1ccc2ccc3oc4cc(=[N+](C)C)ccc-4nc3c2c1.[Cl-],582.0,34300.0,PBS
C=CCNc1ccc2c(c1)ccc1c2nc2ccc(=[N+](C)C)cc2o1.[Cl-],C=CCNc1ccc2c(ccc3oc4cc(=[N+](C)C)ccc-4nc32)c1.[Cl-],610.0,8200.0,Cl
c1ccc2c(c1)n(c1ccc(cc1)c1ccc3c(c1)ccc(n3)Nc1ccc3c(n1)ccc(c3)c1ccc(cc1)n1c3ccccc3c3c1cccc3)c1c2cccc1,c1ccc2c(c1)c1ccccc1n2-c1ccc(-c2ccc3nc(Nc4ccc5cc(-c6ccc(-n7c8ccccc8c8ccccc87)cc6)ccc5n4)ccc3c2)cc1,457.0,,
c1ccc(cc1)N(c1ccccc1)c1ccc(cc1)c1ccc2c(c1)ccc(n2)Nc1ccc2c(n1)ccc(c2)c1ccc(cc1)N(c1ccccc1)c1ccccc1,c1ccc(N(c2ccccc2)c2ccc(-c3ccc4nc(Nc5ccc6cc(-c7ccc(N(c8ccccc8)c8ccccc8)cc7)ccc6n5)ccc4c3)cc2)cc1,471.0,,
C(COc1c(C=Cc2sc(cc2C)c2ccc(c3c2nsn3)c2scc(c2)C)cc(cc1C=Cc1sc(cc1C)c1ccc(c2c1nsn2)c1scc(c1)C)c1sc(c(c1)C)C=C(C(=O)O)C#N)CC,CCCCOc1c(C=Cc2sc(-c3ccc(-c4cc(C)cs4)c4nsnc34)cc2C)cc(-c2cc(C)c(C=C(C#N)C(=O)O)s2)cc1C=Cc1sc(-c2ccc(-c3cc(C)cs3)c3nsnc23)cc1C,492.0,51000.0,
COc1c(C=CC=Cc2ccc(cc2)N(c2ccc(cc2)C)c2ccc(cc2)C)cc(cc1C=CC=Cc1ccc(cc1)N(c1ccc(cc1)C)c1ccc(cc1)C)c1sc(c(c1)C)C=C(C(=O)O)C#N,COc1c(C=CC=Cc2ccc(N(c3ccc(C)cc3)c3ccc(C)cc3)cc2)cc(-c2cc(C)c(C=C(C#N)C(=O)O)s2)cc1C=CC=Cc1ccc(N(c2ccc(C)cc2)c2ccc(C)cc2)cc1,414.0,95000.0,
N#CC(=Cc1ccc2c(c1)C1(c3cc(ccc3c3c1cc(cc3)N(c1ccccc1)c1ccccc1)C=C(C#N)C#N)c1c2ccc(c1)N(c1ccccc1)c1ccccc1)C#N,N#CC(C#N)=Cc1ccc2c(c1)C1(c3cc(C=C(C#N)C#N)ccc3-c3ccc(N(c4ccccc4)c4ccccc4)cc31)c1cc(N(c3ccccc3)c3ccccc3)ccc1-2,487.0,66100.0,
Cn1c2ccc(cc2c2c1ccc(c2)c1ccc(cc1)c1nc2c(n1c1ccccc1)cccc2)c1ccc(cc1)c1nc2c(n1c1ccccc1)cccc2,Cn1c2ccc(-c3ccc(-c4nc5ccccc5n4-c4ccccc4)cc3)cc2c2cc(-c3ccc(-c4nc5ccccc5n4-c4ccccc4)cc3)ccc21,341.0,77500.0,DCM
Cn1c2cc(ccc2c2c1cc(cc2)c1ccc(cc1)c1nc2c(n1c1ccccc1)cccc2)c1ccc(cc1)c1nc2c(n1c1ccccc1)cccc2,Cn1c2cc(-c3ccc(-c4nc5ccccc5n4-c4ccccc4)cc3)ccc2c2ccc(-c3ccc(-c4nc5ccccc5n4-c4ccccc4)cc3)cc21,349.0,65700.0,DCM
CCn1c2ccc(cc2c2c1ccc(c2)c1ccc(s1)c1nc2c(n1c1ccccc1)cccc2)c1ccc(s1)c1nc2c(n1c1ccccc1)cccc2,CCn1c2ccc(-c3ccc(-c4nc5ccccc5n4-c4ccccc4)s3)cc2c2cc(-c3ccc(-c4nc5ccccc5n4-c4ccccc4)s3)ccc21,388.0,58000.0,DCM
Cn1c2cc(ccc2c2c1cc(cc2)c1ccc(s1)c1nc2c(n1c1ccccc1)cccc2)c1ccc(s1)c1nc2c(n1c1ccccc1)cccc2,Cn1c2cc(-c3ccc(-c4nc5ccccc5n4-c4ccccc4)s3)ccc2c2ccc(-c3ccc(-c4nc5ccccc5n4-c4ccccc4)s3)cc21,406.0,72400.0,DCM
N#CC(=Cc1ccc(cc1)N(c1ccc(cc1)c1ccc(cc1)N(c1ccccc1)c1ccccc1)c1ccc(cc1)c1ccc(cc1)N(c1ccccc1)c1ccccc1)C(=O)O,N#CC(=Cc1ccc(N(c2ccc(-c3ccc(N(c4ccccc4)c4ccccc4)cc3)cc2)c2ccc(-c3ccc(N(c4ccccc4)c4ccccc4)cc3)cc2)cc1)C(=O)O,458.0,,
N#CC(=Cc1ccc(s1)c1ccc(cc1)N(c1ccc(cc1)c1ccc(cc1)N(c1ccccc1)c1ccccc1)c1ccc(cc1)c1ccc(cc1)N(c1ccccc1)c1ccccc1)C(=O)O,N#CC(=Cc1ccc(-c2ccc(N(c3ccc(-c4ccc(N(c5ccccc5)c5ccccc5)cc4)cc3)c3ccc(-c4ccc(N(c5ccccc5)c5ccccc5)cc4)cc3)cc2)s1)C(=O)O,502.0,,
PNBP,PBNP,359.0,,
CCCCCCCCOC1OC(CO)C(C(C1O)O)O,CCCCCCCCOC1OC(CO)C(O)C(O)C1O,476.0,,
CCCC(C(=O)[O-])CCC.CCCC(C(=O)[O-])CCC.[Mg+2],CCCC(CCC)C(=O)[O-].CCCC(CCC)C(=O)[O-].[Mg+2],582.0,,
CCn1c2ccc(cc2c2c1cccc2)c1ccc(cc1)c1c2ccccc2c(c2c1cc(cc2)C(C)(C)C)c1ccc(cc1)c1ccc2c(c1)c1ccccc1n2CC,CCn1c2ccccc2c2cc(-c3ccc(-c4c5ccccc5c(-c5ccc(-c6ccc7c(c6)c6ccccc6n7CC)cc5)c5cc(C(C)(C)C)ccc45)cc3)ccc21,457.0,,
CCn1c2ccc(cc2c2c1cccc2)c1ccc(cc1)c1c2ccccc2c(c2c1cccc2)c1ccc(cc1)c1ccc2c(c1)c1ccccc1n2CC,CCn1c2ccccc2c2cc(-c3ccc(-c4c5ccccc5c(-c5ccc(-c6ccc7c(c6)c6ccccc6n7CC)cc5)c5ccccc45)cc3)ccc21,458.0,,
c1ccc(cc1)[Si](c1ccccc1)(c1ccccc1)c1ccc(cc1)c1cc(c2ccc(cc2)[Si](c2ccccc2)(c2ccccc2)c2ccccc2)c2c3c1ccc1c3c(cc2)c(cc1c1ccc(cc1)[Si](c1ccccc1)(c1ccccc1)c1ccccc1)c1ccc(cc1)[Si](c1ccccc1)(c1ccccc1)c1ccccc1,c1ccc([Si](c2ccccc2)(c2ccccc2)c2ccc(-c3cc(-c4ccc([Si](c5ccccc5)(c5ccccc5)c5ccccc5)cc4)c4ccc5c(-c6ccc([Si](c7ccccc7)(c7ccccc7)c7ccccc7)cc6)cc(-c6ccc([Si](c7ccccc7)(c7ccccc7)c7ccccc7)cc6)c6ccc3c4c65)cc2)cc1,408.0,,Hexane
c1ccc(cc1)[Si](c1ccccc1)(c1ccccc1)c1ccc(cc1)C#Cc1cc(C#Cc2ccc(cc2)[Si](c2ccccc2)(c2ccccc2)c2ccccc2)c2c3c1ccc1c3c(cc2)c(cc1C#Cc1ccc(cc1)[Si](c1ccccc1)(c1ccccc1)c1ccccc1)C#Cc1ccc(cc1)[Si](c1ccccc1)(c1ccccc1)c1ccccc1,C(#Cc1cc(C#Cc2ccc([Si](c3ccccc3)(c3ccccc3)c3ccccc3)cc2)c2ccc3c(C#Cc4ccc([Si](c5ccccc5)(c5ccccc5)c5ccccc5)cc4)cc(C#Cc4ccc([Si](c5ccccc5)(c5ccccc5)c5ccccc5)cc4)c4ccc1c2c43)c1ccc([Si](c2ccccc2)(c2ccccc2)c2ccccc2)cc1,501.0,,Toluene
CCCCCCCCCCCCC(=O)O,CCCCCCCCCCCCC(=O)O,580.0,,
O[C@@H]1C=C[C@@]2(C[C@H]1O[C@@H](C2)C(=O)O)C(=O)O,O=C(O)[C@@H]1C[C@]2(C(=O)O)C=C[C@@H](O)[C@@H](C2)O1,430.0,,
CCn1c2c(cc(cc2c2c1ccc(c2)C(C)(C)C)C(C)(C)C)N(c1ccccc1)c1ccc(cc1)c1ccc(cc1)N(c1cc(cc2c1n(CC)c1c2cc(cc1)C(C)(C)C)C(C)(C)C)c1ccccc1,CCn1c2ccc(C(C)(C)C)cc2c2cc(C(C)(C)C)cc(N(c3ccccc3)c3ccc(-c4ccc(N(c5ccccc5)c5cc(C(C)(C)C)cc6c7cc(C(C)(C)C)ccc7n(CC)c56)cc4)cc3)c21,348.0,,
CCN(C(=O)[C@@H]1CCCN(C1)Cc1ccc(cc1)CN1CCC[C@H](C1)C(=O)N(CC)CC)CC.[Br-].[Br-].[H+].[H+],CCN(CC)C(=O)[C@@H]1CCCN(Cc2ccc(CN3CCC[C@@H](C(=O)N(CC)CC)C3)cc2)C1.[Br-].[Br-].[H+].[H+],430.0,,
CC[N+](CC)(CC)CC,CC[N+](CC)(CC)CC,691.0,,
COC(=O)c1c(C=Cc2ccc(cc2)C=Cc2ccc(cc2)[N+](=O)[O-])oc2c1cc1oc(c(c1c2)C(=O)OC)C=Cc1ccc(cc1)C=Cc1ccc(cc1)[N+](=O)[O-],COC(=O)c1c(C=Cc2ccc(C=Cc3ccc([N+](=O)[O-])cc3)cc2)oc2cc3c(C(=O)OC)c(C=Cc4ccc(C=Cc5ccc([N+](=O)[O-])cc5)cc4)oc3cc12,455.0,123200.0,Dichloromethane
COC(=O)c1c(C=Cc2ccc(cc2)C=Cc2ccc(cc2)C)oc2c1cc1oc(c(c1c2)C(=O)OC)C=Cc1ccc(cc1)C=Cc1ccc(cc1)C,COC(=O)c1c(C=Cc2ccc(C=Cc3ccc(C)cc3)cc2)oc2cc3c(C(=O)OC)c(C=Cc4ccc(C=Cc5ccc(C)cc5)cc4)oc3cc12,447.0,110000.0,Dichloromethane
COC(=O)c1c(C=Cc2ccc(cc2)C=Cc2ccc(cc2)OC)oc2c1cc1oc(c(c1c2)C(=O)OC)C=Cc1ccc(cc1)C=Cc1ccc(cc1)OC,COC(=O)c1c(C=Cc2ccc(C=Cc3ccc(OC)cc3)cc2)oc2cc3c(C(=O)OC)c(C=Cc4ccc(C=Cc5ccc(OC)cc5)cc4)oc3cc12,450.0,113200.0,Dichloromethane
COC(=O)c1c(C=Cc2ccc(cc2)C=Cc2ccc(cc2)F)oc2c1cc1oc(c(c1c2)C(=O)OC)C=Cc1ccc(cc1)C=Cc1ccc(cc1)F,COC(=O)c1c(C=Cc2ccc(C=Cc3ccc(F)cc3)cc2)oc2cc3c(C(=O)OC)c(C=Cc4ccc(C=Cc5ccc(F)cc5)cc4)oc3cc12,445.0,101200.0,Dichloromethane
COC(=O)c1c(C=Cc2ccc(cc2)C=Cc2ccc(cc2)Cl)oc2c1cc1oc(c(c1c2)C(=O)OC)C=Cc1ccc(cc1)C=Cc1ccc(cc1)Cl,COC(=O)c1c(C=Cc2ccc(C=Cc3ccc(Cl)cc3)cc2)oc2cc3c(C(=O)OC)c(C=Cc4ccc(C=Cc5ccc(Cl)cc5)cc4)oc3cc12,446.0,94400.0,Dichloromethane
COC(=O)c1c(C=Cc2ccc(cc2)C=Cc2ccc(cc2)C(F)(F)F)oc2c1cc1oc(c(c1c2)C(=O)OC)C=Cc1ccc(cc1)C=Cc1ccc(cc1)C(F)(F)F,COC(=O)c1c(C=Cc2ccc(C=Cc3ccc(C(F)(F)F)cc3)cc2)oc2cc3c(C(=O)OC)c(C=Cc4ccc(C=Cc5ccc(C(F)(F)F)cc5)cc4)oc3cc12,446.0,118800.0,Dichloromethane
COC(=O)c1c(C=Cc2ccc(cc2)C=Cc2ccc(cc2)SC)oc2c1cc1oc(c(c1c2)C(=O)OC)C=Cc1ccc(cc1)C=Cc1ccc(cc1)SC,COC(=O)c1c(C=Cc2ccc(C=Cc3ccc(SC)cc3)cc2)oc2cc3c(C(=O)OC)c(C=Cc4ccc(C=Cc5ccc(SC)cc5)cc4)oc3cc12,452.0,106400.0,Dichloromethane
COC(=O)c1c(C=Cc2ccc(cc2)C=Cc2cc(OC)c(c(c2)OC)OC)oc2c1cc1oc(c(c1c2)C(=O)OC)C=Cc1ccc(cc1)C=Cc1cc(OC)c(c(c1)OC)OC,COC(=O)c1c(C=Cc2ccc(C=Cc3cc(OC)c(OC)c(OC)c3)cc2)oc2cc3c(C(=O)OC)c(C=Cc4ccc(C=Cc5cc(OC)c(OC)c(OC)c5)cc4)oc3cc12,451.0,98800.0,Dichloromethane
COC(=O)c1c(C=Cc2ccc(cc2)C=Cc2ccc3c(c2)cccc3)oc2c1cc1oc(c(c1c2)C(=O)OC)C=Cc1ccc(cc1)C=Cc1ccc2c(c1)cccc2,COC(=O)c1c(C=Cc2ccc(C=Cc3ccc4ccccc4c3)cc2)oc2cc3c(C(=O)OC)c(C=Cc4ccc(C=Cc5ccc6ccccc6c5)cc4)oc3cc12,452.0,128000.0,Dichloromethane
C[n+]1c(cn2c1cc(C=Cc1ccc(cc1)[N+]1(C)CCCCC1)cc2)c1ccccc1.[I-].[I-],C[n+]1c(-c2ccccc2)cn2ccc(C=Cc3ccc([N+]4(C)CCCCC4)cc3)cc21.[I-].[I-],353.0,36307.80548,MeOH
COc1ccc(cc1)c1cn2c([n+]1C)cc(cc2)C=Cc1ccc(cc1)[N+]1(C)CCCCC1.[I-].[I-],COc1ccc(-c2cn3ccc(C=Cc4ccc([N+]5(C)CCCCC5)cc4)cc3[n+]2C)cc1.[I-].[I-],359.0,45708.81896,MeOH
CC[N+](c1ccc(cc1)C=Cc1ccn2c(c1)[n+](C)c(c2)c1ccccc1)(CC)C.[I-].[I-],CC[N+](C)(CC)c1ccc(C=Cc2ccn3cc(-c4ccccc4)[n+](C)c3c2)cc1.[I-].[I-],352.0,45708.81896,MeOH
COc1ccc(cc1)c1cn2c([n+]1C)cc(cc2)C=Cc1ccc(cc1)[N+](CC)(CC)C.[I-].[I-],CC[N+](C)(CC)c1ccc(C=Cc2ccn3cc(-c4ccc(OC)cc4)[n+](C)c3c2)cc1.[I-].[I-],359.0,38018.93963,MeOH
C[n+]1c(cn2c1cc(C=Cc1ccc(cc1)[N+](C)(C)C)cc2)c1ccccc1.[I-].[I-],C[n+]1c(-c2ccccc2)cn2ccc(C=Cc3ccc([N+](C)(C)C)cc3)cc21.[I-].[I-],352.0,28840.31503,MeOH
COc1ccc(cc1)c1cn2c([n+]1C)cc(cc2)C=Cc1ccc(cc1)[N+](C)(C)C.[I-].[I-],COc1ccc(-c2cn3ccc(C=Cc4ccc([N+](C)(C)C)cc4)cc3[n+]2C)cc1.[I-].[I-],358.0,26302.67992,MeOH
COc1ccc(cc1OC)C1=C2C=CC(=N2)C(=c2ccc(=C(C3=NC(=C(c4[nH]c1cc4)c1ccc(c(c1)OC)O)C=C3)c1ccc(c(c1)OC)O)[nH]2)c1ccc(c(c1)OC)O,COc1cc(-c2c3nc(c(-c4ccc(O)c(OC)c4)c4ccc([nH]4)c(-c4ccc(OC)c(OC)c4)c4nc(c(-c5ccc(O)c(OC)c5)c5ccc2[nH]5)C=C4)C=C3)ccc1O,726.0,,chloroform
COc1c(OC)cc(cc1OC)C1=C2C=CC(=N2)C(=c2ccc(=C(C3=NC(=C(c4[nH]c1cc4)c1cc(OC)c(c(c1)OC)O)C=C3)c1cc(OC)c(c(c1)OC)O)[nH]2)c1cc(OC)c(c(c1)OC)O,COc1cc(-c2c3nc(c(-c4cc(OC)c(O)c(OC)c4)c4ccc([nH]4)c(-c4cc(OC)c(OC)c(OC)c4)c4nc(c(-c5cc(OC)c(O)c(OC)c5)c5ccc2[nH]5)C=C4)C=C3)cc(OC)c1O,723.0,,chloroform
COc1ccc(cc1)C1=C2C=CC(=N2)C(=c2ccc(=C(C3=NC(=C(c4[nH]c1cc4)c1ccc(cc1)NC(=O)C)C=C3)c1ccc(cc1)OC)[nH]2)c1ccc(cc1)OC,COc1ccc(-c2c3nc(c(-c4ccc(OC)cc4)c4ccc([nH]4)c(-c4ccc(OC)cc4)c4nc(c(-c5ccc(NC(C)=O)cc5)c5ccc2[nH]5)C=C4)C=C3)cc1,721.0,,chloroform
COc1ccc(cc1)C1=c2ccc(=C(C3=NC(=C(c4[nH]c(C(=C5N=C1C=C5)c1ccc(cc1)OC)cc4)c1ccc(cc1)N)C=C3)c1ccc(cc1)OC)[nH]2,COc1ccc(-c2c3nc(c(-c4ccc(OC)cc4)c4ccc([nH]4)c(-c4ccc(OC)cc4)c4nc(c(-c5ccc(N)cc5)c5ccc2[nH]5)C=C4)C=C3)cc1,721.0,,chloroform
C[C@H](CC(=O)O[C@@H](CC(=O)O[C@@H](CC(=O)O)C)C)O,C[C@H](CC(=O)O)OC(=O)C[C@@H](C)OC(=O)C[C@@H](C)O,535.5,31052.0,
COc1c(OC)c(c2ccc(s2)C=C(C(=O)O)C#N)c2c(c1c1ccc(s1)c1ccc(cc1)N(c1ccccc1)c1ccccc1)nc(c(n2)C)C,COc1c(OC)c(-c2ccc(-c3ccc(N(c4ccccc4)c4ccccc4)cc3)s2)c2nc(C)c(C)nc2c1-c1ccc(C=C(C#N)C(=O)O)s1,495.0,29600.0,
PSS,PSS,465.0,32000.0,
OCC1=C[C@H](N[C@@H]2[C@@H](C)O[C@@H]([C@@H]([C@H]2O)O)O)[C@@H]([C@H]([C@@H]1O)O)O,C[C@H]1O[C@H](O)[C@H](O)[C@@H](O)[C@@H]1N[C@H]1C=C(CO)[C@@H](O)[C@H](O)[C@H]1O,397.0,90300.0,THF
OC(CN(CC(=O)O)CC(=O)O)CN(CC(=O)O)CC(=O)O,O=C(O)CN(CC(=O)O)CC(O)CN(CC(=O)O)CC(=O)O,460.0,39085.0,
C[n+]1ccc(cc1)C=Cc1ccc(cc1)C=Cc1ccc(cc1)N(c1ccccc1)c1ccccc1.[I-],C[n+]1ccc(C=Cc2ccc(C=Cc3ccc(N(c4ccccc4)c4ccccc4)cc3)cc2)cc1.[I-],764.0,,DMF
C[n+]1ccc(cc1)C=Cc1ccc(cc1)C=Cc1ccc(cc1)n1c2ccccc2c2c1cccc2.[I-],C[n+]1ccc(C=Cc2ccc(C=Cc3ccc(-n4c5ccccc5c5ccccc54)cc3)cc2)cc1.[I-],636.0,,DMF
C[n+]1ccc(cc1)C=Cc1ccc(cc1)C=Cc1nc2c(s1)cccc2.[I-],C[n+]1ccc(C=Cc2ccc(C=Cc3nc4ccccc4s3)cc2)cc1.[I-],546.0,,DMF
CCn1c2ccc(cc2c2c1ccc(c2)B(c1c(C)cc(cc1C)C)c1c(C)cc(cc1C)C)C(=C(c1ccc2c(c1)c1cc(ccc1n2CC)B(c1c(C)cc(cc1C)C)c1c(C)cc(cc1C)C)c1ccccc1)c1ccccc1,CCn1c2ccc(B(c3c(C)cc(C)cc3C)c3c(C)cc(C)cc3C)cc2c2cc(C(=C(c3ccccc3)c3ccc4c(c3)c3cc(B(c5c(C)cc(C)cc5C)c5c(C)cc(C)cc5C)ccc3n4CC)c3ccccc3)ccc21,364.0,,
CCn1c2ccc(cc2c2c1ccc(c2)B(c1c(C)cc(cc1C)C)c1c(C)cc(cc1C)C)C(=C(c1ccccc1)c1ccccc1)c1ccccc1,CCn1c2ccc(B(c3c(C)cc(C)cc3C)c3c(C)cc(C)cc3C)cc2c2cc(C(=C(c3ccccc3)c3ccccc3)c3ccccc3)ccc21,363.0,,
OCC=C,C=CCO,364.0,,
OC1CC(C)(C)N(C(C1)(C)C)C,CN1C(C)(C)CC(O)CC1(C)C,368.0,,
SBI,SBI,900.0,,DCM
SB[I]I,SB[I]I,700.0,,DCM
OC[C@H]1O[C@H](O[C@@H]2[C@H](O)[C@@H](O)O[C@@H]([C@H]2O)CO)[C@H]([C@H]([C@@H]1O)O[C@H]1O[C@H](COP(=O)(O)O)[C@H]([C@@H]([C@@H]1O)O)O)O,O=P(O)(O)OC[C@H]1O[C@H](O[C@@H]2[C@H](O)[C@@H](O[C@@H]3[C@H](O)[C@@H](O)O[C@H](CO)[C@H]3O)O[C@H](CO)[C@H]2O)[C@@H](O)[C@@H](O)[C@@H]1O,410.0,,CHCl
c1ccc(cc1)[Si](c1ccc(cc1)c1cc(cc(c1)n1c2ccccc2c2c1cccc2)n1c2ccccc2c2c1cccc2)(c1ccc(cc1)c1cc(cc(c1)n1c2ccccc2c2c1cccc2)n1c2ccccc2c2c1cccc2)c1ccccc1,c1ccc([Si](c2ccccc2)(c2ccc(-c3cc(-n4c5ccccc5c5ccccc54)cc(-n4c5ccccc5c5ccccc54)c3)cc2)c2ccc(-c3cc(-n4c5ccccc5c5ccccc54)cc(-n4c5ccccc5c5ccccc54)c3)cc2)cc1,354.0,,
C[Si](c1ccc(cc1)c1cc(cc(c1)n1c2ccccc2c2c1cccc2)n1c2ccccc2c2c1cccc2)(c1ccc(cc1)c1cc(cc(c1)n1c2ccccc2c2c1cccc2)n1c2ccccc2c2c1cccc2)C,C[Si](C)(c1ccc(-c2cc(-n3c4ccccc4c4ccccc43)cc(-n3c4ccccc4c4ccccc43)c2)cc1)c1ccc(-c2cc(-n3c4ccccc4c4ccccc43)cc(-n3c4ccccc4c4ccccc43)c2)cc1,354.0,,
C[Si](c1ccc(cc1)c1ccc(cc1)c1ccc2c(c1)n(c1ccccc1)c1c2cccc1)(c1ccc(cc1)c1ccc(cc1)c1ccc2c(c1)n(c1ccccc1)c1c2cccc1)C,C[Si](C)(c1ccc(-c2ccc(-c3ccc4c5ccccc5n(-c5ccccc5)c4c3)cc2)cc1)c1ccc(-c2ccc(-c3ccc4c5ccccc5n(-c5ccccc5)c4c3)cc2)cc1,365.0,,
N#CCCOP(N(C(C)C)C(C)C)O[C@H]1C[C@@H](O[C@@H]1COC(c1ccc(cc1)OC)(c1ccc(cc1)OC)c1ccccc1)n1ccc2n(c1=O)ccn2,COc1ccc(C(OC[C@H]2O[C@@H](n3ccc4nccn4c3=O)C[C@@H]2OP(OCCC#N)N(C(C)C)C(C)C)(c2ccccc2)c2ccc(OC)cc2)cc1,336.0,,
[Ir],[Ir],472.0,,
BrCC(C(=O)Nc1c(C)c(Nc2cc(c(c3c2C(=O)c2ccccc2C3=O)N)S(=O)(=O)[O-])c(c(c1C)S(=O)(=O)[O-])C)Br.[Na+].[Na+],Cc1c(NC(=O)C(Br)CBr)c(C)c(S(=O)(=O)[O-])c(C)c1Nc1cc(S(=O)(=O)[O-])c(N)c2c1C(=O)c1ccccc1C2=O.[Na+].[Na+],620.0,,
c1ccc(cc1)C1(C=Cc2c(O1)ccc1c2cccc1)c1ccc(cc1)Oc1ccc2c(c1)ccc(c2)Oc1ccc(cc1)C1(C=Cc2c(O1)ccc1c2cccc1)c1ccccc1,C1=CC(c2ccccc2)(c2ccc(Oc3ccc4cc(Oc5ccc(C6(c7ccccc7)C=Cc7c(ccc8ccccc78)O6)cc5)ccc4c3)cc2)Oc2ccc3ccccc3c21,441.0,,
c1ccc(cc1)C1(C=Cc2c(O1)ccc1c2cccc1)c1ccc(cc1)Oc1ccc2c(c1)cc(cc2)Oc1ccc(cc1)C1(C=Cc2c(O1)ccc1c2cccc1)c1ccccc1,C1=CC(c2ccccc2)(c2ccc(Oc3ccc4ccc(Oc5ccc(C6(c7ccccc7)C=Cc7c(ccc8ccccc78)O6)cc5)cc4c3)cc2)Oc2ccc3ccccc3c21,446.0,,
c1ccc(cc1)C1(C=Cc2c(O1)ccc1c2cccc1)c1ccc(cc1)Oc1cc2ccccc2cc1Oc1ccc(cc1)C1(C=Cc2c(O1)ccc1c2cccc1)c1ccccc1,C1=CC(c2ccccc2)(c2ccc(Oc3cc4ccccc4cc3Oc3ccc(C4(c5ccccc5)C=Cc5c(ccc6ccccc56)O4)cc3)cc2)Oc2ccc3ccccc3c21,446.0,,
c1ccc(cc1)C1(C=Cc2c(O1)ccc1c2cccc1)c1ccc(cc1)Oc1cc(Oc2ccc(cc2)C2(C=Cc3c(O2)ccc2c3cccc2)c2ccccc2)c2c(c1)cccc2,C1=CC(c2ccccc2)(c2ccc(Oc3cc(Oc4ccc(C5(c6ccccc6)C=Cc6c(ccc7ccccc67)O5)cc4)c4ccccc4c3)cc2)Oc2ccc3ccccc3c21,441.0,,
c1ccc(cc1)C1(C=Cc2c(O1)ccc1c2cccc1)c1ccc(cc1)Oc1cccc2c1cccc2Oc1ccc(cc1)C1(C=Cc2c(O1)ccc1c2cccc1)c1ccccc1,C1=CC(c2ccccc2)(c2ccc(Oc3cccc4c(Oc5ccc(C6(c7ccccc7)C=Cc7c(ccc8ccccc78)O6)cc5)cccc34)cc2)Oc2ccc3ccccc3c21,441.0,,
c1ccc(cc1)C1(C=Cc2c(O1)ccc1c2cccc1)c1ccc(cc1)Oc1ccc2c(c1)cccc2Oc1ccc(cc1)C1(C=Cc2c(O1)ccc1c2cccc1)c1ccccc1,C1=CC(c2ccccc2)(c2ccc(Oc3ccc4c(Oc5ccc(C6(c7ccccc7)C=Cc7c(ccc8ccccc78)O6)cc5)cccc4c3)cc2)Oc2ccc3ccccc3c21,441.0,,
c1ccc(cc1)C1(C=Cc2c(O1)ccc1c2cccc1)c1ccc(cc1)Oc1ccccc1c1ccccc1Oc1ccc(cc1)C1(C=Cc2c(O1)ccc1c2cccc1)c1ccccc1,C1=CC(c2ccccc2)(c2ccc(Oc3ccccc3-c3ccccc3Oc3ccc(C4(c5ccccc5)C=Cc5c(ccc6ccccc56)O4)cc3)cc2)Oc2ccc3ccccc3c21,452.0,,
O1CC1,C1CO1,416.0,,dioxane
P[V]P,[PH2][V][PH2],437.0,,DMSO
O=C(c1cc(Br)ccc1O)C(=O)c1cc(Br)ccc1O,O=C(C(=O)c1cc(Br)ccc1O)c1cc(Br)ccc1O,418.0,,PVC
CN(C1CCc2c(C1)ccc(c2O)O)C,CN(C)C1CCc2c(ccc(O)c2O)C1,557.0,,
CNC1CCc2c(C1)ccc(c2O)O.[Br-].[H+],CNC1CCc2c(ccc(O)c2O)C1.[Br-].[H+],460.0,,
C=CCOc1c(Br)cc2c(c1Br)oc1c(c2c2ccccc2C(=O)NC2CC(C)(C)NC(C2)(C)C)cc(c(=O)c1Br)Br,C=CCOc1c(Br)cc2c(-c3ccccc3C(=O)NC3CC(C)(C)NC(C)(C)C3)c3cc(Br)c(=O)c(Br)c-3oc2c1Br,536.0,,
FC(S(=O)(=O)[O-])(F)F.CCCC[n+]1ccccc1C=Cc1ccc(cc1)N(CC)CC,CCCC[n+]1ccccc1C=Cc1ccc(N(CC)CC)cc1.O=S(=O)([O-])C(F)(F)F,510.0,44200.0,dichloromethane
FC(S(=O)(=O)[N-]S(=O)(=O)C(F)(F)F)(F)F.CCCC[n+]1ccccc1C=Cc1ccc(cc1)N(CC)CC,CCCC[n+]1ccccc1C=Cc1ccc(N(CC)CC)cc1.O=S(=O)([N-]S(=O)(=O)C(F)(F)F)C(F)(F)F,512.0,40600.0,dichloromethane
O=C1C=Cc2c(C1=NNc1ccc(c3c1cccc3)S(=O)(=O)[O-])c(cc(c2)S(=O)(=O)[O-])S(=O)(=O)[O-].[Na+].[Na+].[Na+],O=C1C=Cc2cc(S(=O)(=O)[O-])cc(S(=O)(=O)[O-])c2C1=NNc1ccc(S(=O)(=O)[O-])c2ccccc12.[Na+].[Na+].[Na+],506.0,,
CC1=NN(C(=O)C1N=Nc1ccc(cc1)S(=O)(=O)[O-])c1cc(Cl)c(cc1Cl)S(=O)(=O)[O-].[Na+].[Na+],CC1=NN(c2cc(Cl)c(S(=O)(=O)[O-])cc2Cl)C(=O)C1N=Nc1ccc(S(=O)(=O)[O-])cc1.[Na+].[Na+],434.4,,
O=C1c2c(cc(c(c2N)N=Nc2ccc(cc2)[N+](=O)[O-])S(=O)(=O)[O-])C=C(C1=NNc1ccccc1)S(=O)(=O)[O-].[Na+].[Na+],Nc1c(N=Nc2ccc([N+](=O)[O-])cc2)c(S(=O)(=O)[O-])cc2c1C(=O)C(=NNc1ccccc1)C(S(=O)(=O)[O-])=C2.[Na+].[Na+],618.0,,
CCC(C[S]=c1nc(c2=c1c(nc2=S)c1ccc(s1)c1oc2c(c1)cccc2)c1ccc(s1)c1oc2c(c1)cccc2)CCC(CC)C,CCC(C)CCC(CC)C[S]=c1nc(-c2ccc(-c3cc4ccccc4o3)s2)c2c(=S)nc(-c3ccc(-c4cc5ccccc5o4)s3)c1=2,718.0,,CH 2 Cl
[S][Y],[S][Y],490.0,,
BCB,BCB,630.0,,
[Am],[Am],520.0,,
COS(=O)(=O)OC,COS(=O)(=O)OC,746.0,,water
CCOS(=O)(=O)OCC,CCOS(=O)(=O)OCC,708.0,,water
OC(=O)CCl,O=C(O)CCl,687.0,,water
C[N+](CCCCC[N+](C)(C)C)(C)C.[Br-].[Br-],C[N+](C)(C)CCCCC[N+](C)(C)C.[Br-].[Br-],532.0,,Toluene
CN(c1cc(C)c2c(c1)[s+]c1c(n2)c(C)cc(c1)N(C)C)C.[Cl-],Cc1cc(N(C)C)cc2[s+]c3cc(N(C)C)cc(C)c3nc12.[Cl-],650.0,,
Nc1ccc2c(c1)[s+]c1c(n2)ccc(c1)N(C)C.[Cl-],CN(C)c1ccc2nc3ccc(N)cc3[s+]c2c1.[Cl-],633.0,,
CC[n+]1c(c2ccccc2)c2cc(N)ccc2c2c1cc(N)cc2,CC[n+]1c(-c2ccccc2)c2cc(N)ccc2c2ccc(N)cc21,664.0,,
CNCCCNCCCNCCC(=O)N,CNCCCNCCCNCCC(N)=O,623.0,,
BrN1C(=O)CCC1=O,O=C1CCC(=O)N1Br,645.0,,
[O-][N+](=O)c1ccc(c(c1)S(=O)(=O)[O-])N.O=C1C=CC(=NNc2cc(cc(c2O)[N+](=O)[O-])[N+](=O)[O-])C(=C1)O.Nc1cccc(c1)S(=O)(=O)[O-].Nc1ccc(cc1)Nc1ccc(cc1S(=O)(=O)[O-])[N+](=O)[O-].[Na+].[Na+].[Na+],Nc1ccc(Nc2ccc([N+](=O)[O-])cc2S(=O)(=O)[O-])cc1.Nc1ccc([N+](=O)[O-])cc1S(=O)(=O)[O-].Nc1cccc(S(=O)(=O)[O-])c1.O=C1C=CC(=NNc2cc([N+](=O)[O-])cc([N+](=O)[O-])c2O)C(O)=C1.[Na+].[Na+].[Na+],535.0,,
[O-][Cl](=O)(=O)=O.N#CC(=C(C#N)C#N)c1ccc(cc1)N(Cc1ccccc1)CC[N+](C)(C)C,C[N+](C)(C)CCN(Cc1ccccc1)c1ccc(C(C#N)=C(C#N)C#N)cc1.[O-][Cl+3]([O-])([O-])[O-],484.0,85900.0,
CCCCCCCCCCCCCC[N+](C)(C)C.[Br-],CCCCCCCCCCCCCC[N+](C)(C)C.[Br-],474.0,,
CCCCCCCCCCCC[N+](C)(C)C.[Br-],CCCCCCCCCCCC[N+](C)(C)C.[Br-],460.0,,
c1ccc2c(c1)c(c1ccc3c4c1ccc1c4c(cc3)c(cc1)c1cccc3c1c1ccccc1C13c3ccccc3c3c1cccc3)c1c(c2c2cccc3c2c2ccccc2C23c3ccccc3c3c2cccc3)cccc1,c1ccc2c(c1)-c1ccccc1C21c2ccccc2-c2c(-c3c4ccccc4c(-c4ccc5ccc6c(-c7cccc8c7-c7ccccc7C87c8ccccc8-c8ccccc87)ccc7ccc4c5c76)c4ccccc34)cccc21,403.0,,
c1ccc2c(c1)cc1c(c2c2ccc3c4c2ccc2c4c(cc3)c(cc2)c2ccccc2n2c3ccccc3c3c2cccc3)c(ccc1)c1ccccc1n1c2ccccc2c2c1cccc2,c1ccc(-n2c3ccccc3c3ccccc32)c(-c2ccc3ccc4c(-c5c6ccccc6cc6cccc(-c7ccccc7-n7c8ccccc8c8ccccc87)c56)ccc5ccc2c3c54)c1,410.0,,
CC[C@@H]([C@@H](C(=O)N[C@H](C(=O)NCC(=O)N[C@H](C(=O)N[C@H](C(=O)N[C@H](C(=O)N1CCC[C@H]1C(=O)N[C@H](C(=O)N[C@H](C(=O)N[C@H](C(=O)N[C@H](C(=O)N[C@H](C(=O)O)CCCNC(=N)N)CCCNC(=N)N)CS)CS)CC(C)C)Cc1[nH]cnc1)[C@H](CC)C)CCCNC(=N)N)CCCNC(=N)N)NC(=O)[C@@H](NC(=O)[C@@H](NC(=O)[C@H](Cc1ccccc1)NC(=O)CNC(=O)[C@@H](NC(=O)[C@@H](NC(=O)[C@@H](NC(=O)[C@@H](NC(=O)[C@@H](NC(=O)[C@@H]1CCCN1C(=O)[C@@H](NC(=O)[C@@H](NC(=O)[C@@H](NC(=O)[C@@H](NC(=O)[C@@H](NC(=O)[C@@H](NC(=O)[C@@H](NC(=O)[C@@H](NC(=O)[C@@H](NC(=O)[C@H](C(C)C)NC(=O)[C@H](C(C)C)N)CS)C)CS)CCCNC(=N)N)CCCNC(=N)N)C)CC(C)C)CS)CC(C)C)CCCNC(=N)N)CCC(=O)O)CCCNC(=N)N)CCCNC(=N)N)C)CS)CCCNC(=N)N)C,CC[C@H](C)[C@H](NC(=O)[C@H](CCCNC(=N)N)NC(=O)[C@H](CS)NC(=O)[C@H](Cc1ccccc1)NC(=O)CNC(=O)[C@H](C)NC(=O)[C@H](CCCNC(=N)N)NC(=O)[C@H](CCCNC(=N)N)NC(=O)[C@H](CCC(=O)O)NC(=O)[C@H](CCCNC(=N)N)NC(=O)[C@@H]1CCCN1C(=O)[C@H](CC(C)C)NC(=O)[C@H](CS)NC(=O)[C@H](CC(C)C)NC(=O)[C@H](C)NC(=O)[C@H](CCCNC(=N)N)NC(=O)[C@H](CCCNC(=N)N)NC(=O)[C@H](CS)NC(=O)[C@H](C)NC(=O)[C@H](CS)NC(=O)[C@@H](NC(=O)[C@@H](N)C(C)C)C(C)C)C(=O)N[C@@H](CCCNC(=N)N)C(=O)NCC(=O)N[C@@H](CCCNC(=N)N)C(=O)N[C@H](C(=O)N[C@@H](Cc1cnc[nH]1)C(=O)N1CCC[C@H]1C(=O)N[C@@H](CC(C)C)C(=O)N[C@@H](CS)C(=O)N[C@@H](CS)C(=O)N[C@@H](CCCNC(=N)N)C(=O)N[C@@H](CCCNC(=N)N)C(=O)O)[C@@H](C)CC,502.0,,DMF
CC[C@@H]([C@@H](C(=O)N[C@H](C(=O)NCC(=O)N[C@H](C(=O)N[C@H](C(=O)N[C@H](C(=O)N1CCC[C@H]1C(=O)N[C@H](C(=O)N[C@H](C(=O)N[C@H](C(=O)N[C@H](C(=O)N[C@H](C(=O)O)CCCNC(=N)N)CCCNC(=N)N)CS)CS)CC(C)C)Cc1[nH]cnc1)[C@H](CC)C)CCCNC(=N)N)CCCNC(=N)N)NC(=O)[C@@H](NC(=O)[C@@H](NC(=O)[C@H](Cc1ccccc1)NC(=O)CNC(=O)[C@@H](NC(=O)[C@@H](NC(=O)[C@@H](NC(=O)[C@@H](NC(=O)[C@@H](NC(=O)[C@@H]1CCCN1C(=O)[C@@H](NC(=O)[C@@H](NC(=O)[C@@H](NC(=O)[C@@H](NC(=O)[C@@H](NC(=O)[C@@H](NC(=O)[C@@H](NC(=O)[C@@H](NC(=O)[C@@H](NC(=O)[C@H](C(C)C)NC(=O)[C@H](C(C)C)N)CS)C)CS)CCCNC(=N)N)CCCNC(=N)N)C)CC(C)C)CS)CC(C)C)CC(C)C)CCC(=O)O)CCCNC(=N)N)CCCNC(=N)N)C)CS)CCCNC(=N)N)C,CC[C@H](C)[C@H](NC(=O)[C@H](CCCNC(=N)N)NC(=O)[C@H](CS)NC(=O)[C@H](Cc1ccccc1)NC(=O)CNC(=O)[C@H](C)NC(=O)[C@H](CCCNC(=N)N)NC(=O)[C@H](CCCNC(=N)N)NC(=O)[C@H](CCC(=O)O)NC(=O)[C@H](CC(C)C)NC(=O)[C@@H]1CCCN1C(=O)[C@H](CC(C)C)NC(=O)[C@H](CS)NC(=O)[C@H](CC(C)C)NC(=O)[C@H](C)NC(=O)[C@H](CCCNC(=N)N)NC(=O)[C@H](CCCNC(=N)N)NC(=O)[C@H](CS)NC(=O)[C@H](C)NC(=O)[C@H](CS)NC(=O)[C@@H](NC(=O)[C@@H](N)C(C)C)C(C)C)C(=O)N[C@@H](CCCNC(=N)N)C(=O)NCC(=O)N[C@@H](CCCNC(=N)N)C(=O)N[C@H](C(=O)N[C@@H](Cc1cnc[nH]1)C(=O)N1CCC[C@H]1C(=O)N[C@@H](CC(C)C)C(=O)N[C@@H](CS)C(=O)N[C@@H](CS)C(=O)N[C@@H](CCCNC(=N)N)C(=O)N[C@@H](CCCNC(=N)N)C(=O)O)[C@@H](C)CC,498.0,,DMF
[O-]S(=O)(=O)O.CN(c1ccc2c(c1)Sc1c(N2)cc2c(c1)[NH2+]CCC2)C,CN(C)c1ccc2c(c1)Sc1cc3c(cc1N2)CCC[NH2+]3.O=S(=O)([O-])O,641.0,,
[O-]S(=O)(=O)O.CN(c1ccc2c(c1)Sc1c(N2)cc2c(c1)[NH2+]C(CC2C)(C)C)C,CC1CC(C)(C)[NH2+]c2cc3c(cc21)Nc1ccc(N(C)C)cc1S3.O=S(=O)([O-])O,656.0,,
[O-]S(=O)(=O)O.CN(c1ccc2c(c1)Sc1c(N2)cc2c(c1)[NH+](C)C(CC2C)(C)C)C,CC1CC(C)(C)[NH+](C)c2cc3c(cc21)Nc1ccc(N(C)C)cc1S3.O=S(=O)([O-])O,656.0,,
[O-]S(=O)(=O)O.CC[NH+]1c2cc3Sc4cc(ccc4Nc3cc2C(CC1(C)C)C)N(C)C,CC[NH+]1c2cc3c(cc2C(C)CC1(C)C)Nc1ccc(N(C)C)cc1S3.O=S(=O)([O-])O,667.0,,
[O-]S(=O)(=O)O.CCN(c1ccc2c(c1)Sc1c(N2)cc2c(c1)[NH+](CC)C(CC2C)(C)C)CC,CCN(CC)c1ccc2c(c1)Sc1cc3c(cc1N2)C(C)CC(C)(C)[NH+]3CC.O=S(=O)([O-])O,664.0,,
[O-]S(=O)(=O)O.OCC[NH+]1c2cc(C)c3c(c2C(CC1(C)C)C)Sc1c(N3)ccc(c1)N(C)C,Cc1cc2c(c3c1Nc1ccc(N(C)C)cc1S3)C(C)CC(C)(C)[NH+]2CCO.O=S(=O)([O-])O,665.0,,
[O-]S(=O)(=O)O.OCC[NH+]1c2cc(C)c3c(c2C(CC1(C)C)C)Sc1c(N3)c(C)cc(c1)N(CC)CC,CCN(CC)c1cc(C)c2c(c1)Sc1c(c(C)cc3c1C(C)CC(C)(C)[NH+]3CCO)N2.O=S(=O)([O-])O,658.0,,
[O-]S(=O)(=O)O.CC1CC(C)(C)N(c2c1cc1Nc3cc4C(C)CC([NH+](c4cc3Sc1c2)C)(C)C)C,CC1CC(C)(C)N(C)c2cc3c(cc21)Nc1cc2c(cc1S3)[NH+](C)C(C)(C)CC2C.O=S(=O)([O-])O,684.0,,
[O-]S(=O)(=O)O.CCN1c2cc3Sc4cc5c(cc4Nc3cc2C(CC1(C)C)C)C(C)CC([NH+]5CC)(C)C,CCN1c2cc3c(cc2C(C)CC1(C)C)Nc1cc2c(cc1S3)[NH+](CC)C(C)(C)CC2C.O=S(=O)([O-])O,687.0,,
[O-]S(=O)(=O)O.OCC[NH+]1c2cc(C)c3c(c2C(CC1(C)C)C)Sc1c(N3)cc2c(c1)N(C)C(CC2C)(C)C,Cc1cc2c(c3c1Nc1cc4c(cc1S3)N(C)C(C)(C)CC4C)C(C)CC(C)(C)[NH+]2CCO.O=S(=O)([O-])O,680.0,,
[O-]S(=O)(=O)O.OCCN1c2cc(C)c3c(c2C(CC1(C)C)C)Sc1c(N3)c(C)cc2c1C(C)CC([NH+]2CCO)(C)C,Cc1cc2c(c3c1Nc1c(C)cc4c(c1S3)C(C)CC(C)(C)[NH+]4CCO)C(C)CC(C)(C)N2CCO.O=S(=O)([O-])O,670.0,,
C1(C)c2cc(sc2c2c1cc(s2)c1ccc(cc1)N(c1ccc(cc1)c1ccc(cc1OC)OC)c1ccc(cc1)c1ccc(cc1OC)OC)C=C(C(=O)O)C#N,COc1ccc(-c2ccc(N(c3ccc(-c4cc5c(s4)-c4sc(C=C(C#N)C(=O)O)cc4C5C)cc3)c3ccc(-c4ccc(OC)cc4OC)cc3)cc2)c(OC)c1,542.0,52700.0,
COc1ccc(cc1)N(c1ccc(cc1)OC)c1ccc(cc1)c1ccc(s1)c1scc(c1)c1nc2cccc(c2nc1c1ccc(s1)C=C(C(=O)O)C#N)c1ccc(s1)c1ccc(cc1)N(c1ccc(cc1)OC)c1ccc(cc1)OC,COc1ccc(N(c2ccc(OC)cc2)c2ccc(-c3ccc(-c4cc(-c5nc6cccc(-c7ccc(-c8ccc(N(c9ccc(OC)cc9)c9ccc(OC)cc9)cc8)s7)c6nc5-c5ccc(C=C(C#N)C(=O)O)s5)cs4)s3)cc2)cc1,542.0,,
[O-2].[Fe+2],[Fe+2].[O-2],248.0,,
N#CC(=Cc1sc(c2c1OC(COCOCC1COc3c(O1)c(sc3C=C(C(=O)O)C#N)c1ccc(cc1)N(c1ccccc1)c1ccccc1)CO2)c1ccc(cc1)N(c1ccccc1)c1ccccc1)C(=O)O,N#CC(=Cc1sc(-c2ccc(N(c3ccccc3)c3ccccc3)cc2)c2c1OC(COCOCC1COc3c(C=C(C#N)C(=O)O)sc(-c4ccc(N(c5ccccc5)c5ccccc5)cc4)c3O1)CO2)C(=O)O,494.0,,
[Ru],[Ru],340.0,,
CCCSc1cc(nc(c1)c1cc(SCCC)cc(n1)c1cc(SCCC)cc(n1)c1ccccn1)c1cccc(n1)c1cc(SCCC)cc(n1)c1cc(SCCC)cc(n1)c1cc(SCCC)cc(n1)c1ccccn1,CCCSc1cc(-c2ccccn2)nc(-c2cc(SCCC)cc(-c3cc(SCCC)cc(-c4cccc(-c5cc(SCCC)cc(-c6cc(SCCC)cc(-c7cc(SCCC)cc(-c8ccccn8)n7)n6)n5)n4)n3)n2)c1,266.0,48800.0,CH 3 CN
[O-]C(=O)c1cc(C(=O)[O-])c(cc1C(=O)[O-])C(=O)[O-],O=C([O-])c1cc(C(=O)[O-])c(C(=O)[O-])cc1C(=O)[O-],450.2,,
[O-]C(=O)c1c(cccc1C(=O)[O-])C(=O)[O-],O=C([O-])c1cccc(C(=O)[O-])c1C(=O)[O-],576.9,,
[O-]C(=O)c1cc(ccc1C(=O)[O-])C(=O)[O-],O=C([O-])c1ccc(C(=O)[O-])c(C(=O)[O-])c1,576.8,,
[O-]C(=O)c1cccc(c1)C(=O)[O-],O=C([O-])c1cccc(C(=O)[O-])c1,576.6,,
c1ccc(cc1)[S+](c1ccccc1)c1ccccc1.[S-]c1ccccc1,[S-]c1ccccc1.c1ccc([S+](c2ccccc2)c2ccccc2)cc1,860.0,,
NC(=O)CC[C@@H](C(=O)O)N.[Cu],NC(=O)CC[C@H](N)C(=O)O.[Cu],750.0,,
COc1ccc(cc1)C1=C2C=CC(=N2)C(=c2ccc(=C(C3=NC(=C(c4[nH]c1cc4)c1ccc(cc1)[N+](=O)[O-])C=C3)c1ccc(cc1)OC)[nH]2)c1ccc(cc1)OC,COc1ccc(-c2c3nc(c(-c4ccc(OC)cc4)c4ccc([nH]4)c(-c4ccc([N+](=O)[O-])cc4)c4nc(c(-c5ccc(OC)cc5)c5ccc2[nH]5)C=C4)C=C3)cc1,419.0,147910.8388,CH 2 Cl 2
C1=CC=C[C-]1c1cncnc1.[CH-]1C=CC=C1.[Fe+2],[Fe+2].c1cc[c-](-c2cncnc2)c1.c1cc[cH-]c1,202.0,24803.0,
[O-][Re](=O)(=O)=O.[Ag+],[Ag+].[O]=[Re](=[O])(=[O])[O-],860.0,,
c1ccc(cc1)C1=C2C=CC(=N2)C(=c2ccc(=C(C3=NC(=C(c4[nH]c1cc4)c1ccccc1)C=C3)c1ccccc1)[nH]2)c1ccccc1.[Zn],C1=Cc2nc1c(-c1ccccc1)c1ccc([nH]1)c(-c1ccccc1)c1nc(c(-c3ccccc3)c3ccc([nH]3)c2-c2ccccc2)C=C1.[Zn],419.0,626300.0,CH 2 Cl 2
[CH-]1C=CC=C1.O=C(C=C[C-]1C=CC=C1)OCc1ccccc1.[Fe+2],O=C(C=C[c-]1cccc1)OCc1ccccc1.[Fe+2].c1cc[cH-]c1,469.0,,
CC([N+]#[C-])(C)C,[C-]#[N+]C(C)(C)C,209.0,12900.0,
[C-]#[N+]C1CCCCC1,[C-]#[N+]C1CCCCC1,222.0,14900.0,
[C-]#[N+]c1c(C)cccc1C,[C-]#[N+]c1c(C)cccc1C,209.0,13500.0,
OC(=O)CC(=CC(=O)O)C(=O)O,O=C(O)C=C(CC(=O)O)C(=O)O,768.0,,
OC(=O)C(CC(=O)O)(CC(=O)O)O,O=C(O)CC(O)(CC(=O)O)C(=O)O,763.0,,
O=C(c1ccccc1)Nc1ccc(cc1)C1=C2C=CC(=N2)C(=c2ccc(=C(C3=NC(=C(c4[nH]c1cc4)c1ccc(cc1)C(F)(F)F)C=C3)c1ccc(cc1)C(F)(F)F)[nH]2)c1ccc(cc1)C(F)(F)F,O=C(Nc1ccc(-c2c3nc(c(-c4ccc(C(F)(F)F)cc4)c4ccc([nH]4)c(-c4ccc(C(F)(F)F)cc4)c4nc(c(-c5ccc(C(F)(F)F)cc5)c5ccc2[nH]5)C=C4)C=C3)cc1)c1ccccc1,650.0,,toluene
[Sn],[Sn],475.0,,
[CH-]1C=CC=C1.O=C([C-]1C=CC=C1)C=Cc1ccccc1.[Fe+2],O=C(C=Cc1ccccc1)[c-]1cccc1.[Fe+2].c1cc[cH-]c1,382.0,,CH 2 Cl 2
[CH-]1C=CC=C1.O=C(c1ccccc1)C=C[C-]1C=CC=C1.[Fe+2],O=C(C=C[c-]1cccc1)c1ccccc1.[Fe+2].c1cc[cH-]c1,384.0,2000.0,CH 2 Cl 2
[CH-]1C=CC=C1.O=C([C-]1C=CC=C1)C=Cc1ccccc1.[Ru+2],O=C(C=Cc1ccccc1)[c-]1cccc1.[Ru+2].c1cc[cH-]c1,496.0,3200.0,CH 2 Cl 2
[CH-]1C=CC=C1.[CH-]1C=CC=C1.O=C([C-]1C=CC=C1)C=C[C-]1C=CC=C1.[Fe+2].[Fe+2],O=C(C=C[c-]1cccc1)[c-]1cccc1.[Fe+2].[Fe+2].c1cc[cH-]c1.c1cc[cH-]c1,383.0,3900.0,CH 2 Cl 2
[CH-]1C=CC=C1.[CH-]1C=CC=C1.O=C([C-]1C=CC=C1)C=C[C-]1C=CC=C1.[Fe+2].[Ru+2],O=C(C=C[c-]1cccc1)[c-]1cccc1.[Fe+2].[Ru+2].c1cc[cH-]c1.c1cc[cH-]c1,381.0,2700.0,CH 2 Cl 2
[CH-]1C=CC=C1.[CH-]1C=CC=C1.O=C([C-]1C=CC=C1)C=C[C-]1C=CC=C1.[Ru+2].[Ru+2],O=C(C=C[c-]1cccc1)[c-]1cccc1.[Ru+2].[Ru+2].c1cc[cH-]c1.c1cc[cH-]c1,389.0,5600.0,CH 2 Cl 2
CC1(N)CNCCNCCNCCNCCNC1,CC1(N)CNCCNCCNCCNCCNC1,465.0,,
[O-]P([O-])[O-],[O-]P([O-])[O-],443.0,,CH 2 Cl
N#CS[Fe](SC#N)SC#N,N#C[S][Fe]([S]C#N)[S]C#N,500.0,,
[Ru+2].[Ru+3],[Ru+2].[Ru+3],404.0,,
[CH-]1C=CC=C1.C1=C[C-](C=C1)c1cnc2c(n1)cccc2.[Fe+2],[Fe+2].c1cc[cH-]c1.c1ccc2nc(-[c-]3cccc3)cnc2c1,675.0,,
[Cl-].[Ag+],[Ag+].[Cl-],479.0,,dichloromethane
OS,OS,579.0,5002.0,
[Cl-].[Cl-].[Cu+].[H+],[Cl-].[Cl-].[Cu+].[H+],656.0,,
[O-]NC(=O)C,CC(=O)N[O-],653.0,,
[O-]C(=O)CN,NCC(=O)[O-],615.0,,
NCCNCCN,NCCNCCN,615.0,,
CO[I]I,CO[I]I,540.0,24000.0,dimethylformamide
NCC(=O)NO,NCC(=O)NO,545.0,,
C[C@@H](C(=O)NO)N,C[C@H](N)C(=O)NO,536.0,,
CCCC(C(=O)NO)N,CCCC(N)C(=O)NO,535.0,,
ONC(=O)[C@H](CC(C)C)N,CC(C)C[C@H](N)C(=O)NO,532.0,,
OC[C@@H](C(=O)NO)N,N[C@@H](CO)C(=O)NO,547.0,,
[NH][N][S],[NH][N][S],360.0,,
I[I][Pt],I[I][Pt],279.3,,
[Pd][I]I,[Pd][I]I,279.5,,
NC(=O)NC(=O)N,NC(=O)NC(N)=O,515.0,,
NCC(=O)NCC(=O)O,NCC(=O)NCC(=O)O,637.0,,
NCC(=O)NCC(=O)NCC(=O)NCC(=O)O,NCC(=O)NCC(=O)NCC(=O)NCC(=O)O,660.0,,
NCC(=O)NCC(=O)NCC(=O)NCC(=O)NCC(=O)O,NCC(=O)NCC(=O)NCC(=O)NCC(=O)NCC(=O)O,670.0,,
OC(=O)C[C@@H](C(=O)O)O,O=C(O)C[C@H](O)C(=O)O,800.0,,
NCCN,NCCN,556.0,,
C[C@@H](C(=O)NCC(=O)O)N,C[C@H](N)C(=O)NCC(=O)O,636.0,,
OCCO,OCCO,681.0,,Propanol
[Mn][I]I,[Mn][I]I,440.0,,
CO[I][I]I,CO[I][I]I,465.0,,
CCCCCCCCCCCCCC(=O)O[C@@H]1[C@@H](C)[C@@]2(O)[C@H]([C@H]3[C@]1(OC(=O)C)C3(C)C)C=C(C[C@]1([C@H]2C=C(C1=O)C)OC)CO,CCCCCCCCCCCCCC(=O)O[C@@H]1[C@@H](C)[C@@]2(O)[C@@H](C=C(CO)C[C@]3(OC)C(=O)C(C)=C[C@@H]23)[C@@H]2C(C)(C)[C@]12OC(C)=O,502.0,,
NC(=N)C(N=NC(C(=N)N)(C)C)(C)C.[Cl-].[Cl-].[H+].[H+],CC(C)(N=NC(C)(C)C(=N)N)C(=N)N.[Cl-].[Cl-].[H+].[H+],524.0,,
NCCNCCNCCNCCN.[Cl-].[H+],NCCNCCNCCNCCN.[Cl-].[H+],526.0,,
NCCN(CCN)CCN,NCCN(CCN)CCN,504.0,,
O=C1CC[C@H](N1)C(=O)O,O=C1CC[C@@H](C(=O)O)N1,545.0,285000.0,
C1CCC2C(C1)C1=Nc3[n-]c(c4c3cccc4)Nc3[nH]c(Nc4[n-]c(N=C2N1)c1CCCCc41)c1c3cccc1.[Mg+2],[Mg+2].c1ccc2c3[n-]c(nc4[nH]c(nc5[n-]c([nH]c6[nH]c([nH]3)c3ccccc63)c3c5CCCC3)C3CCCCC43)c2c1,685.0,,DMSO
ClC=C(C=CC(C(C=C)(Cl)C)Cl)C=O,C=CC(C)(Cl)C(Cl)C=CC(C=O)=CCl,743.0,177827.941,DMF
[O-]C(=O)C.[O-]C(=O)C.[O-]C(=O)C.[Lu+3],CC(=O)[O-].CC(=O)[O-].CC(=O)[O-].[Lu+3],705.0,144543.9771,DMSO
CNCC(=O)N,CNCC(N)=O,706.0,,
NC[C@@H]1NC(=O)C(NC(=O)[C@H](Cc2ccc(cc2)O)NC(=O)[C@H](CSSC[C@H](NC1=O)C(=O)N[C@H](C(=O)N)[C@H](O)C)NC(=O)[C@@H](Cc1ccccc1)N)Cc1c[nH]c2c1cccc2,C[C@@H](O)[C@H](NC(=O)[C@@H]1CSSC[C@H](NC(=O)[C@H](N)Cc2ccccc2)C(=O)N[C@@H](Cc2ccc(O)cc2)C(=O)NC(Cc2c[nH]c3ccccc23)C(=O)N[C@@H](CN)C(=O)N1)C(N)=O,582.0,47700.0,
[Cd+2],[Cd+2],457.0,,DMF
[Ti][I][V],[Ti][I][V],698.0,81283.05162,
CCN(C(=S)N)N=Cc1cc(Cl)ccc1O,CCN(N=Cc1cc(Cl)ccc1O)C(N)=S,347.0,,
CCN(C(=S)N)N=Cc1cc(Cl)cc(c1O)Cl,CCN(N=Cc1cc(Cl)cc(Cl)c1O)C(N)=S,351.0,,
CN(P(=O)(N(C)C)N(C)C)C,CN(C)P(=O)(N(C)C)N(C)C,315.0,,
c1ccc2c(c1)c1[nH]c2N=c2[nH]c(=Nc3[nH]c(N=c4[nH]c(=N1)c1ccccc41)c1c3cccc1)c1c2cccc1.O=[V],[O]=[V].c1ccc2c3[nH]c(c2c1)N=c1[nH]c(c2ccccc12)=Nc1[nH]c(c2ccccc12)N=c1[nH]c(c2ccccc12)=N3,685.0,107151.9305,
[Cd][I]I,[Cd][I]I,404.0,58131.0,DMSO
CCCCOP(=O)(OCCCC)OCCCC,CCCCOP(=O)(OCCCC)OCCCC,356.0,5222.0,
[CH-]1C=CC=C1.COc1ccc(cc1)C=CC(=O)[C-]1C=CC=C1.[Fe+2],COc1ccc(C=CC(=O)[c-]2cccc2)cc1.[Fe+2].c1cc[cH-]c1,487.0,,acetonitrile
[CH-]1C=CC=C1.O=C([C-]1C=CC=C1)C=Cc1ccc(cc1)C.[Fe+2],Cc1ccc(C=CC(=O)[c-]2cccc2)cc1.[Fe+2].c1cc[cH-]c1,487.0,,acetonitrile
[CH-]1C=CC=C1.O=C([C-]1C=CC=C1)C=Cc1ccc(cc1)C(F)(F)F.[Fe+2],O=C(C=Cc1ccc(C(F)(F)F)cc1)[c-]1cccc1.[Fe+2].c1cc[cH-]c1,501.0,1026.0,acetonitrile
NCCSSCCN.[Pt+2].[Cl],NCCSSCCN.[Cl].[Pt+2],519.0,27300.0,
CCn1c(=NN=c2sc3c(n2CC)ccc(c3)S(=O)(=O)[O-])sc2c1ccc(c2)S(=O)(=O)[O-].[NH4+].[NH4+],CCn1c(=NN=c2sc3cc(S(=O)(=O)[O-])ccc3n2CC)sc2cc(S(=O)(=O)[O-])ccc21.[NH4+].[NH4+],436.0,29300.0,
F[B-](F)(F)F.FC(=C(c1sc2c([n+]1C)cccc2)F)C(=C(C(=c1sc2c(n1C)cccc2)F)F)F,CN1C(=C(F)C(F)=C(F)C(F)=C(F)c2sc3ccccc3[n+]2C)Sc2ccccc21.F[B-](F)(F)F,691.0,,
F[B-](F)(F)F.Cn1c2ccccc2sc1=C(C(=C(c1sc2c([n+]1C)cccc2)F)C(C(F)(F)F)F)F,CN1C(=C(F)C(=C(F)c2sc3ccccc3[n+]2C)C(F)C(F)(F)F)Sc2ccccc21.F[B-](F)(F)F,660.0,,
O=[Ti],[O]=[Ti],697.0,,THF
CCN1c2ccc3c(c2C(C1=CC=C1CCCC(=C1Cl)C=CC1=[N+](CC)c2c(C1(C)C)c1ccccc1cc2)(C)C)cccc3.[I-],CCN1C(=CC=C2CCCC(C=CC3=[N+](CC)c4ccc5ccccc5c4C3(C)C)=C2Cl)C(C)(C)c2c1ccc1ccccc21.[I-],826.0,,
FC(S(=O)(=O)[N-]S(=O)(=O)C(F)(F)F)(F)F.CCN1c2ccc3c(c2C(C1=CC=C1CCCC(=C1Cl)C=CC1=[N+](CC)c2c(C1(C)C)c1ccccc1cc2)(C)C)cccc3,CCN1C(=CC=C2CCCC(C=CC3=[N+](CC)c4ccc5ccccc5c4C3(C)C)=C2Cl)C(C)(C)c2c1ccc1ccccc21.O=S(=O)([N-]S(=O)(=O)C(F)(F)F)C(F)(F)F,826.0,,
FC(S(=O)(=O)[O-])(F)F.CCN1c2ccc3c(c2C(C1=CC=C1CCCC(=C1Cl)C=CC1=[N+](CC)c2c(C1(C)C)c1ccccc1cc2)(C)C)cccc3,CCN1C(=CC=C2CCCC(C=CC3=[N+](CC)c4ccc5ccccc5c4C3(C)C)=C2Cl)C(C)(C)c2c1ccc1ccccc21.O=S(=O)([O-])C(F)(F)F,826.0,,
[Au],[Au],515.0,,
C1CC=CCCC=C1.C[Pt]C,C1=CCCC=CCC1.[CH3][Pt][CH3],248.0,,
C1CNCCO1,C1COCCN1,305.0,,
C1CCCS1,C1CCSC1,336.0,,
[Rh],[Rh],860.0,,
BBF,BBF,850.0,,
COC(CC=CC(CC=CC(=CC=CC(=CCCC=C(C=CC=C(CCC=C(CCCC(C)C)C)C)C)C)C)C)(C)C,COC(C)(C)CC=CC(C)CC=CC(C)=CC=CC(C)=CCCC=C(C)C=CC=C(C)CCC=C(C)CCCC(C)C,720.0,,ethanol
O=C1OCC23CC(O)C(=CC2OC2C4(C3(C)C(OC(=O)C=CC=CC(OCC(C(C1)C)O)C(O)C)C2)CO4)C,CC1=CC2OC3CC4OC(=O)C=CC=CC(C(C)O)OCC(O)C(C)CC(=O)OCC2(CC1O)C4(C)C31CO1,660.8,,
O=C1OC[C@]23C[C@H](O)C(=C[C@H]2O[C@H]2[C@@]4([C@]3(C)[C@H](OC(=O)C=CC=CC(OCC(C(C1)C)O)C(O)C)C2)CO4)C,CC1=C[C@H]2O[C@@H]3C[C@H]4OC(=O)C=CC=CC(C(C)O)OCC(O)C(C)CC(=O)OC[C@@]2(C[C@@H]1O)[C@]4(C)[C@@]31CO1,640.4,,
Cc1cc(C)c(c(c1)C)S,Cc1cc(C)c(S)c(C)c1,480.0,3500.0,EtOH
C[C@@H](C(=O)N[C@H](C(=O)N[C@H](C(=O)N[C@H](C(=O)N[C@H](C(=O)N[C@H](C(=O)N[C@H](C(=O)N1C[C@H]1C(=O)N[C@H](C(=O)N[C@H](C(=O)N[C@H](C(=O)N[C@H](C(=O)N[C@H](C(=O)N[C@H](C(=O)N1C[C@H]1C(=O)N[C@H](C(=O)NCC(=O)N[C@H](C(=O)N[C@H](C(=O)N[C@H](C(=O)N[C@H](C(=O)N[C@H](C(=O)N[C@H](C(=O)N[C@H](C(=O)N[C@H](C(=O)N[C@H](C(=O)N[C@H](C(=O)N[C@H](C(=O)N[C@H](C(=O)N[C@H](C(=O)NCC(=O)N[C@H](C(=O)N[C@H](C(=O)N[C@H](C(=O)N[C@H](C(=O)N[C@H](C(=O)NCC(=O)N[C@H](C(=O)NCC(=O)N[C@H](C(=O)N1C[C@H]1C(=O)N[C@H](C(=O)N[C@H](C(=O)N[C@H](C(=O)N1C[C@H]1C(=O)NCC(=O)N[C@H](C(=O)N[C@H](C(=O)N[C@H](C(=O)N[C@H](C(=O)N[C@H](C(=O)N[C@H](C(=O)N[C@H](C(=O)N[C@H](C(=O)N[C@H](C(=O)N[C@H](C(=O)N[C@H](C(=O)N[C@H](C(=O)N[C@H](C(=O)O)CC(=O)N)CC(=O)N)CS)C(C)C)C(=O)O)CO)C(=O)O)CS)CS)CO)CC(C)C)CN)[C@H](CC)C)CN)C(C)C)[C@H](O)C)CS)CS)CNC(=N)N)C(=O)O)[C@H](CC)C)[C@H](CC)C)[C@H](O)C)CNC(=N)N)Cc1ccccc1)CC(=O)O)CO)Cc1c[nH]c2c1cccc2)C(=O)N)CN)Cc1[nH]cnc1)Cc1ccc(cc1)O)CS)CO)CO)C(=O)O)CO)CS)[C@H](O)C)CN)[C@H](O)C)[C@H](O)C)C(=O)N)C(=O)N)CO)CO)Cc1[nH]cnc1)C(=O)N)CC(=O)N)NC(=O)[C@@H](NC(=O)[C@H]([C@H](CC)C)NC(=O)[C@H](CNC(=N)N)N)CS,CC[C@H](C)[C@H](NC(=O)CNC(=O)[C@@H]1CN1C(=O)[C@H](CN)NC(=O)[C@@H](NC(=O)[C@@H](NC(=O)[C@@H]1CN1C(=O)[C@H](CS)NC(=O)CNC(=O)[C@H](CS)NC(=O)CNC(=O)[C@H](CNC(=N)N)NC(=O)[C@@H](NC(=O)[C@@H](NC(=O)[C@@H](NC(=O)[C@@H](NC(=O)CNC(=O)[C@H](CNC(=N)N)NC(=O)[C@H](Cc1ccccc1)NC(=O)[C@H](CC(=O)O)NC(=O)[C@H](CO)NC(=O)[C@H](Cc1c[nH]c2ccccc12)NC(=O)[C@@H](NC(=O)[C@H](CN)NC(=O)[C@H](Cc1cnc[nH]1)NC(=O)[C@H](Cc1ccc(O)cc1)NC(=O)[C@H](CS)NC(=O)[C@H](CO)NC(=O)[C@H](CO)NC(=O)[C@@H](NC(=O)CNC(=O)[C@H](CO)NC(=O)[C@@H]1CN1C(=O)[C@H](CS)NC(=O)[C@@H](NC(=O)[C@H](CN)NC(=O)[C@@H](NC(=O)[C@@H](NC(=O)[C@@H](NC(=O)[C@@H]1CN1C(=O)[C@@H](NC(=O)[C@H](CO)NC(=O)[C@H](CO)NC(=O)[C@H](Cc1cnc[nH]1)NC(=O)[C@@H](NC(=O)[C@H](CC(N)=O)NC(=O)[C@H](C)NC(=O)[C@H](CS)NC(=O)[C@@H](NC(=O)[C@@H](N)CNC(=N)N)[C@@H](C)CC)C(N)=O)C(N)=O)C(N)=O)[C@@H](C)O)[C@@H](C)O)[C@@H](C)O)C(=O)O)C(N)=O)[C@@H](C)O)[C@@H](C)CC)[C@@H](C)CC)C(=O)O)[C@@H](C)O)C(C)C)C(=O)N[C@@H](CN)C(=O)N[C@@H](CC(C)C)C(=O)N[C@@H](CO)C(=O)N[C@@H](CS)C(=O)N[C@@H](CS)C(=O)N[C@@H](C(=O)O)C(=O)N[C@@H](CO)C(=O)N[C@@H](C(=O)O)C(=O)N[C@H](C(=O)N[C@@H](CS)C(=O)N[C@@H](CC(N)=O)C(=O)N[C@@H](CC(N)=O)C(=O)O)C(C)C,201.0,,
C[I]N,C[I]N,344.0,,
N[I]O,N[I]O,344.0,,
CCC1=C(CC)C2=Cc3[nH]c(c(c3CC)CC)C=C3N=C(C=c4[nH]c(=CC1=N2)c(CC)c4CC)C(=C3CC)CC.[Zn],CCC1=C(CC)c2cc3[nH]c(cc4nc(cc5[nH]c(cc1n2)c(CC)c5CC)C(CC)=C4CC)c(CC)c3CC.[Zn],590.2,,
CCC1=C(CC)C2=Cc3[nH]c(c(c3CC)CC)C=C3N=C(C=c4[nH]c(=CC1=N2)c(CC)c4CC)C(=C3CC)CC.[Pt],CCC1=C(CC)c2cc3[nH]c(cc4nc(cc5[nH]c(cc1n2)c(CC)c5CC)C(CC)=C4CC)c(CC)c3CC.[Pt],534.9,,
CCC1=C(CC)C2=Cc3[nH]c(c(c3CC)CC)C=C3N=C(C=c4[nH]c(=CC1=N2)c(CC)c4CC)C(=C3CC)CC.[Pd],CCC1=C(CC)c2cc3[nH]c(cc4nc(cc5[nH]c(cc1n2)c(CC)c5CC)C(CC)=C4CC)c(CC)c3CC.[Pd],544.6,,
NCCS,NCCS,600.0,,
OCCCS,OCCCS,596.0,,
CNc1ccc2c(c1)[s+]c1c(n2)ccc(c1)N(C)C.[Cl-],CNc1ccc2nc3ccc(N(C)C)cc3[s+]c2c1.[Cl-],656.0,,
CNc1ccc2c(c1)[s+]c1c(n2)ccc(c1)N.[Cl-],CNc1ccc2nc3ccc(N)cc3[s+]c2c1.[Cl-],620.0,,
OCC(=CCN=C1N=CN=C2C1=NC=N2)C,CC(=CCN=C1N=CN=C2N=CN=C21)CO,831.0,,
C1CC2NC1CC1CCC(N1)C1CCC(CC3NC(C2)CC3)N1,C1CC2CC3CCC(N3)C3CCC(CC4CCC(CC1N2)N4)N3,656.0,,CH 2 Cl 2
CCC(C)C,CCC(C)C,396.2,44000.0,
O=C1CCCN1,O=C1CCCN1,397.0,34000.0,
CCCC(=O)C,CCCC(C)=O,396.8,41000.0,
NC=O,NC=O,389.4,34000.0,
COC(=O)C,COC(C)=O,394.8,43000.0,
COC=O,COC=O,393.8,39000.0,
CCCCCCCCO,CCCCCCCCO,386.8,36000.0,
CCCCCCO,CCCCCCO,386.4,36000.0,
CN([C@@H]1C(=O)C(=C(O)N)C(=O)[C@@]2([C@H]1C[C@H]1C(=C(O)c3c([C@@]1(C)O)c(Cl)ccc3O)C2=O)O)C,CN(C)[C@@H]1C(=O)C(=C(N)O)C(=O)[C@@]2(O)C(=O)C3=C(O)c4c(O)ccc(Cl)c4[C@@](C)(O)[C@H]3C[C@@H]12,480.0,16600.0,DMSO
CN([C@@H]1C(=O)C(=C(O)N)C(=O)[C@@]2([C@H]1C[C@H]1C(=C(O)c3c([C@H]1O)c(Cl)ccc3O)C2=O)O)C,CN(C)[C@@H]1C(=O)C(=C(N)O)C(=O)[C@@]2(O)C(=O)C3=C(O)c4c(O)ccc(Cl)c4[C@@H](O)[C@H]3C[C@@H]12,480.0,15900.0,EtOH
CN([C@@H]1C(=O)C(=C(O)N)C(=O)[C@@]2([C@H]1C[C@H]1C(=C(O)c3c([C@@]1(C)O)cccc3O)C2=O)O)C.[Cl-].[H+],CN(C)[C@@H]1C(=O)C(=C(N)O)C(=O)[C@@]2(O)C(=O)C3=C(O)c4c(O)cccc4[C@@](C)(O)[C@H]3C[C@@H]12.[Cl-].[H+],480.0,21400.0,MeCN
CN(c1ccc(cc1)C(=O)[O-])C,CN(C)c1ccc(C(=O)[O-])cc1,338.0,,
CCCCCCCCCCC1=C(O)NC(=O)C1=O,CCCCCCCCCCC1=C(O)NC(=O)C1=O,420.0,,
C1CCC2C(C1)CCCC2,C1CCC2CCCCC2C1,469.0,8000.0,
CCC=CCC=CCC=CCCCCCCCC(=O)O,CCC=CCC=CCC=CCCCCCCCC(=O)O,240.0,,
CCCCCC=CCC=CCC=CCC=CCCCC(=O)O,CCCCCC=CCC=CCC=CCC=CCCCC(=O)O,240.0,,
O=Cc1c(COP(=O)(O)O)cnc(c1O)C.O,Cc1ncc(COP(=O)(O)O)c(C=O)c1O.O,563.0,,
CC=CC=CC=O,CC=CC=CC=O,275.0,44059.0,
CC(=O)C(=O)C,CC(=O)C(C)=O,465.0,,
CC(=CC(=O)O)C,CC(C)=CC(=O)O,247.0,13673.0,
CCCCCCC=C,C=CCCCCCC,202.0,13552.0,
OC(=O)C=CC=CC(=O)O,O=C(O)C=CC=CC(=O)O,267.0,28973.0,
PP,PP,530.0,,Methanol
SS,SS,823.0,,
CCCCCC(=O)CP(=O)(O)O,CCCCCC(=O)CP(=O)(O)O,333.0,,
OF,OF,589.0,,ACN
O[C@H]1COC(=C[C@@H]1O)C(=O)O,O=C(O)C1=C[C@H](O)[C@@H](O)CO1,579.0,,
CPBP,CPBP,735.0,,
c1ccc(cc1)n1c(nc2c1c1ccccc1c1c2cccc1)c1ccc(cc1)c1ccc(cc1)c1nc2c(n1c1ccccc1)c1ccccc1c1c2cccc1,c1ccc(-n2c(-c3ccc(-c4ccc(-c5nc6c7ccccc7c7ccccc7c6n5-c5ccccc5)cc4)cc3)nc3c4ccccc4c4ccccc4c32)cc1,468.0,,
OC=C,C=CO,349.0,,
[KH],[KH],702.0,,
FC(S(=O)(=O)[N-]S(=O)(=O)C(F)(F)F)(F)F,O=S(=O)([N-]S(=O)(=O)C(F)(F)F)C(F)(F)F,491.0,,
PPI,PPI,395.0,,
NBPPI,NBPPI,400.0,,
SC[C@H]([C@H](CS)O)O,O[C@H](CS)[C@@H](O)CS,589.0,12900.0,
OC[C@H]1O[C@H](OP(=O)(O)O)[C@H]([C@H]([C@@H]1O)O)O,O=P(O)(O)O[C@H]1O[C@H](CO)[C@@H](O)[C@H](O)[C@@H]1O,279.0,26522.0,
BBr,BBr,344.0,,
CCC(=O)C1(CCN(CC1)CCCN(C)C)c1cccc(c1)Cl.[Cl-].[Cl-].[H+].[H+],CCC(=O)C1(c2cccc(Cl)c2)CCN(CCCN(C)C)CC1.[Cl-].[Cl-].[H+].[H+],428.0,,
ICC(=O)OCCOC(=O)CI,O=C(CI)OCCOC(=O)CI,404.0,,
CCCCCCO[C@@H]1O[C@H](CO)[C@@H](C[C@H]1O[C@@H]1O[C@@H](C)[C@H]([C@H]([C@@H]1O)O)O)O,CCCCCCO[C@@H]1O[C@H](CO)[C@H](O)C[C@H]1O[C@@H]1O[C@@H](C)[C@@H](O)[C@@H](O)[C@@H]1O,370.0,,
OC[C@H]1O[C@H](S)[C@@H]([C@H]([C@@H]1S)O)O,OC[C@H]1O[C@H](S)[C@H](O)[C@@H](O)[C@@H]1S,362.0,,
OC[C@H]1O[C@H](OC2[C@H](O)[C@H](O)C([C@@H]([C@H]2O)O)O)[C@@H]([C@H]([C@@H]1O)O)NC(=O)[C@H](CS)N,N[C@@H](CS)C(=O)N[C@H]1[C@@H](OC2[C@H](O)[C@H](O)C(O)[C@H](O)[C@H]2O)O[C@H](CO)[C@@H](O)[C@@H]1O,320.0,,
c1ccc(cc1)n1c(nc2c1c1ccccc1c1c2cccc1)c1ccc(cc1)c1cccc(c1)c1nc2c(n1c1ccccc1)c1ccccc1c1c2cccc1,c1ccc(-n2c(-c3ccc(-c4cccc(-c5nc6c7ccccc7c7ccccc7c6n5-c5ccccc5)c4)cc3)nc3c4ccccc4c4ccccc4c32)cc1,434.0,,
c1ccc(cc1)c1nn([n+](n1)c1ccccc1)c1ccccc1.[Cl-],[Cl-].c1ccc(-c2nn(-c3ccccc3)[n+](-c3ccccc3)n2)cc1,650.0,213796.209,
CCF.O,CCF.O,460.0,3890.45145,
C1CNc2c(S1)cccc2.[Cl-].[H+],[Cl-].[H+].c1ccc2c(c1)NCCS2,580.0,,
C1=NC2=CCn3c(C2=C1)ccc3,C1=NC2=CCn3cccc3C2=C1,475.0,,
OC(=O)Cc1sc2c([nH+]1)cccc2,O=C(O)Cc1[nH+]c2ccccc2s1,473.0,,
O=c1oc2ccccc2cc1c1ccc(cc1)[N+](=O)[O-].CC(=O)O,CC(=O)O.O=c1oc2ccccc2cc1-c1ccc([N+](=O)[O-])cc1,447.0,,
N#CC1=C(C#N)C(=O)C(=C(C1=O)Cl)Cl,N#CC1=C(C#N)C(=O)C(Cl)=C(Cl)C1=O,510.0,92000.0,
BrC1=C(Br)C(=O)C(=C(C1=O)Br)Br,O=C1C(Br)=C(Br)C(=O)C(Br)=C1Br,470.0,73500.0,
IC1=C(I)C(=O)C(=C(C1=O)I)I,O=C1C(I)=C(I)C(=O)C(I)=C1I,515.0,82000.0,
ClC1=C(Cl)C(=O)C(=C(C1=O)Cl)Cl,O=C1C(Cl)=C(Cl)C(=O)C(Cl)=C1Cl,465.0,61000.0,
[O-]C(=O)C(C(C(=O)[O-])CC(=O)[O-])CC(=O)[O-],O=C([O-])CC(C(=O)[O-])C(CC(=O)[O-])C(=O)[O-],797.0,,
[O-]C(=O)CC(=O)[O-],O=C([O-])CC(=O)[O-],802.0,,
Nc1cc2c(cc1C)nc1c([n+]2c2ccccc2)cc(c(c1)C)N.[Cl-],Cc1cc2nc3cc(C)c(N)cc3[n+](-c3ccccc3)c2cc1N.[Cl-],537.0,,water
F[B-](F)(F)F,F[B-](F)(F)F,532.0,,dioxane
O=C(NCCSC(=O)CC(=O)C)CCNC(=O)[C@@H](C(COP(=O)(OP(=O)(OC[C@H]1O[C@H]([C@@H]([C@@H]1OP(=O)(O)O)O)n1cnc2c1ncnc2N)O)O)(C)C)O,CC(=O)CC(=O)SCCNC(=O)CCNC(=O)[C@H](O)C(C)(C)COP(=O)(O)OP(=O)(O)OC[C@H]1O[C@@H](n2cnc3c(N)ncnc32)[C@H](O)[C@@H]1OP(=O)(O)O,323.0,,Acetone
O[C@@H]1CC[C@]2([C@@H](C1)C[C@H]([C@@H]1[C@@H]2CC[C@]2([C@H]1CC[C@@H]2[C@@H](CCC(=O)O)C)C)O)C,C[C@H](CCC(=O)O)[C@H]1CC[C@H]2[C@@H]3[C@H](O)C[C@@H]4C[C@H](O)CC[C@]4(C)[C@H]3CC[C@]12C,325.0,,
CCNC(=O)CCNC(=O)[C@@H](C(COP(=O)(OP(=O)(OC[C@H]1O[C@H]([C@@H]([C@@H]1OP(=O)(O)O)O)n1cnc2c1ncnc2N)O)O)(C)C)O,CCNC(=O)CCNC(=O)[C@H](O)C(C)(C)COP(=O)(O)OP(=O)(O)OC[C@H]1O[C@@H](n2cnc3c(N)ncnc32)[C@H](O)[C@@H]1OP(=O)(O)O,328.0,,
OC[C@H]1O[C@H](O)[C@@H]([C@H]([C@@H]1O[C@@H]1O[C@H](CO)[C@@H]([C@@H]([C@H]1O)O)O)O)NC(=O)C,CC(=O)N[C@@H]1[C@@H](O)[C@H](O[C@@H]2O[C@H](CO)[C@H](O)[C@H](O)[C@H]2O)[C@@H](CO)O[C@@H]1O,384.0,,
O=C([C@@H](C1=CCC=CC1)N)N[C@@H]1C(=O)N2[C@@H]1SCC(=C2C(=O)O)C,CC1=C(C(=O)O)N2C(=O)[C@@H](NC(=O)[C@H](N)C3=CCC=CC3)[C@H]2SC1,292.0,,
O=C1c2ccccc2C(=O)c2c1cc(c(c2O)O)S(=O)(=O)[O-].[Na+],O=C1c2ccccc2C(=O)c2c1cc(S(=O)(=O)[O-])c(O)c2O.[Na+],422.0,,
[Cu][Cu],[Cu][Cu],670.0,,
CCOc1cc(C=CC2=CC(=C(C#N)C#N)CC(C2)(C)C)ccc1O,CCOc1cc(C=CC2=CC(=C(C#N)C#N)CC(C)(C)C2)ccc1O,431.0,26500.0,
CCCOc1cc(C=CC2=CC(=C(C#N)C#N)CC(C2)(C)C)ccc1O,CCCOc1cc(C=CC2=CC(=C(C#N)C#N)CC(C)(C)C2)ccc1O,432.0,34900.0,
CCOc1cc(C=CC2=CC(=C(C#N)C#N)CCC2)ccc1O,CCOc1cc(C=CC2=CC(=C(C#N)C#N)CCC2)ccc1O,428.0,24700.0,
[Br],[Br],305.0,,
COc1cc(C=Cc2cc(C#N)c(cc2C#N)C)cc(c1OC)OC,COc1cc(C=Cc2cc(C#N)c(C)cc2C#N)cc(OC)c1OC,700.0,,
O=C(c1ccccc1)C[n+]1ccccc1,O=C(C[n+]1ccccc1)c1ccccc1,400.0,25000.0,
O=C(c1ccccc1)C[n+]1ccccc1C,Cc1cccc[n+]1CC(=O)c1ccccc1,390.0,21920.0,
O=C(C([n+]1ccccc1)C)c1ccccc1,CC(C(=O)c1ccccc1)[n+]1ccccc1,250.0,16690.0,
ON=Cc1cc[n+](cc1)C(C(=O)c1ccccc1)C,CC(C(=O)c1ccccc1)[n+]1ccc(C=NO)cc1,340.0,26100.0,
NC1=NC(c2ccco2)n2c(=N1)[nH]c1c2cccc1.Cl,Cl.NC1=NC(c2ccco2)N2C(=N1)Nc1ccccc12,303.0,21400.0,
NC1=NC(n2c(=N1)[nH]c1c2cccc1)c1ccccc1.Cl,Cl.NC1=NC(c2ccccc2)N2C(=N1)Nc1ccccc12,302.0,20700.0,
Fc1ccc(cc1)C1N=C(N)N=c2n1c1ccccc1[nH]2.Cl,Cl.NC1=NC(c2ccc(F)cc2)N2C(=N1)Nc1ccccc12,303.0,18930.0,
N#Cc1ccc(cc1)C1N=C(N)N=c2n1c1ccccc1[nH]2.Cl,Cl.N#Cc1ccc(C2N=C(N)N=C3Nc4ccccc4N32)cc1,303.0,22750.0,
Cc1ccc(cc1)C1N=C(N)N=c2n1c1ccccc1[nH]2.Cl,Cc1ccc(C2N=C(N)N=C3Nc4ccccc4N32)cc1.Cl,332.0,27250.0,
c1ccc(cc1)N(c1cc(N(c2ccccc2)c2ccccc2)c2c3c1ccc1c3c(cc2)c(cc1N(c1ccccc1)c1ccccc1)N(c1ccccc1)c1ccccc1)c1ccccc1,c1ccc(N(c2ccccc2)c2cc(N(c3ccccc3)c3ccccc3)c3ccc4c(N(c5ccccc5)c5ccccc5)cc(N(c5ccccc5)c5ccccc5)c5ccc2c3c54)cc1,461.0,204173.7945,dichloromethane
Cc1ccc(cc1)N(c1cc(N(c2ccc(cc2)C)c2ccc(cc2)C)c2c3c1ccc1c3c(cc2)c(cc1N(c1ccc(cc1)C)c1ccc(cc1)C)N(c1ccc(cc1)C)c1ccc(cc1)C)c1ccc(cc1)C,Cc1ccc(N(c2ccc(C)cc2)c2cc(N(c3ccc(C)cc3)c3ccc(C)cc3)c3ccc4c(N(c5ccc(C)cc5)c5ccc(C)cc5)cc(N(c5ccc(C)cc5)c5ccc(C)cc5)c5ccc2c3c54)cc1,476.0,208929.6131,THF
C[n+]1ccc(c2c1cccc2)C=c1sc2c(n1C)cccc2.Cc1ccc(cc1)S(=O)(=O)[O-],CN1C(=Cc2cc[n+](C)c3ccccc23)Sc2ccccc21.Cc1ccc(S(=O)(=O)[O-])cc1,653.0,81000.0,Chloroform
NNC(=O)C(=O)NN,NNC(=O)C(=O)NN,271.09,,
CPP,CPP,677.0,28183.82931,
CC(c1cc2ccc3c4c2c(c1)ccc4ccc3c1cc(c2c3c1ccc1c3c(cc2)c(cc1c1ccc2c3c1ccc1c3c(cc2)cc(c1)C(C)(C)C)c1ccc2c3c1ccc1c3c(cc2)cc(c1)C(C)(C)C)c1ccc2c3c1ccc1c3c(cc2)cc(c1)C(C)(C)C)(C)C,CC(C)(C)c1cc2ccc3ccc(-c4cc(-c5ccc6ccc7cc(C(C)(C)C)cc8ccc5c6c78)c5ccc6c(-c7ccc8ccc9cc(C(C)(C)C)cc%10ccc7c8c9%10)cc(-c7ccc8ccc9cc(C(C)(C)C)cc%10ccc7c8c9%10)c7ccc4c5c76)c4ccc(c1)c2c34,397.0,,DMF
CC(CCC1(CCC(C)C)c2cc(ccc2c2c1cccc2)c1cc(c2ccc3c(c2)C(CCC(C)C)(CCC(C)C)c2c3cccc2)c2c3c1ccc1c3c(cc2)c(cc1c1ccc2c(c1)C(CCC(C)C)(CCC(C)C)c1c2cccc1)c1ccc2c(c1)C(CCC(C)C)(CCC(C)C)c1c2cccc1)C,CC(C)CCC1(CCC(C)C)c2ccccc2-c2ccc(-c3cc(-c4ccc5c(c4)C(CCC(C)C)(CCC(C)C)c4ccccc4-5)c4ccc5c(-c6ccc7c(c6)C(CCC(C)C)(CCC(C)C)c6ccccc6-7)cc(-c6ccc7c(c6)C(CCC(C)C)(CCC(C)C)c6ccccc6-7)c6ccc3c4c65)cc21,395.0,,dichloromethane
N[C@H](C(=O)O)Cc1c(C)onc1C(=O)O,Cc1onc(C(=O)O)c1C[C@H](N)C(=O)O,378.4,,
[Pm],[Pm],376.9,,
N#CC(=c1ccc(=C(C#N)C#N)cc1)C#N,N#CC(C#N)=c1ccc(=C(C#N)C#N)cc1,739.0,13717.0,
CCNc1ccc(cc1C)[C+](c1ccc(cc1S(=O)(=O)[O-])S(=O)(=O)[O-])c1ccc(c(c1)C)NCC.[Na+],CCNc1ccc([C+](c2ccc(NCC)c(C)c2)c2ccc(S(=O)(=O)[O-])cc2S(=O)(=O)[O-])cc1C.[Na+],356.1,,Cyclohexane
c1ccc(cc1)N(c1ccccc1c1cc(c2cccs2)c(cc1c1cccs1)c1ccccc1N(c1ccccc1)c1ccccc1)c1ccccc1,c1ccc(N(c2ccccc2)c2ccccc2-c2cc(-c3cccs3)c(-c3ccccc3N(c3ccccc3)c3ccccc3)cc2-c2cccs2)cc1,412.0,,DMF
[As+3],[As+3],872.0,,
OCC(=O)[C@H]1CC[C@@H]2[C@@]31C[C@H](O[C@@H]3O)[C@H]1[C@H]2CCC2=CC(=O)CC[C@]12C,C[C@]12CCC(=O)C=C1CC[C@@H]1[C@@H]2[C@@H]2C[C@@]3([C@@H](C(=O)CO)CC[C@@H]13)[C@@H](O)O2,882.0,,
O[C@H]1CC[C@]2(C(=CC[C@@H]3[C@@H]2CC[C@]2([C@H]3CC[C@@H]2[C@@H](C=C[C@@H](C(C)C)C)C)C)C1)C,CC(C)[C@@H](C)C=C[C@@H](C)[C@H]1CC[C@H]2[C@@H]3CC=C4C[C@@H](O)CC[C@]4(C)[C@H]3CC[C@]12C,226.0,,
OCC(C(=O)O)N,NC(CO)C(=O)O,276.0,,DMSO
[Ho],[Ho],400.0,44100.0,
c1ccc2c(c1)[nH]c1c2cccc1.O=P,O=P.c1ccc2c(c1)[nH]c1ccccc12,341.0,58000.0,
C[C@H]1OC([C@@H]([C@@H]1O)O)[n+]1cccc(c1)C(=O)N,C[C@H]1OC([n+]2cccc(C(N)=O)c2)[C@H](O)[C@@H]1O,793.0,160000.0,methanol
[O-]P(=O)(O)[O-].[Na+].[Na+],O=P([O-])([O-])O.[Na+].[Na+],389.0,,
CC(CCC1(CCC(C)C)c2cc(ccc2c2c1cccc2)c1cc(c2ccc3c(c2)C(CCC(C)C)(CCC(C)C)c2c3cccc2)c2c3c1ccc1c3c(cc2)cc(c1)C(C)(C)C)C,CC(C)CCC1(CCC(C)C)c2ccccc2-c2ccc(-c3cc(-c4ccc5c(c4)C(CCC(C)C)(CCC(C)C)c4ccccc4-5)c4ccc5cc(C(C)(C)C)cc6ccc3c4c65)cc21,414.0,34000.0,dichloromethane
CC(CCC1(CCC(C)C)c2cc(ccc2c2c1cccc2)c1cc(c2ccc3c(c2)C(CCC(C)C)(CCC(C)C)c2c3cccc2)c2c3c1cc(c1ccc4c(c1)C(CCC(C)C)(CCC(C)C)c1c4cccc1)c1c3c(c(c2)c2ccc3c(c2)C(CCC(C)C)(CCC(C)C)c2c3cccc2)cc(c1)C(C)(C)C)C,CC(C)CCC1(CCC(C)C)c2ccccc2-c2ccc(-c3cc4c(-c5ccc6c(c5)C(CCC(C)C)(CCC(C)C)c5ccccc5-6)cc(-c5ccc6c(c5)C(CCC(C)C)(CCC(C)C)c5ccccc5-6)c5cc(-c6ccc7c(c6)C(CCC(C)C)(CCC(C)C)c6ccccc6-7)c6cc(C(C)(C)C)cc3c6c45)cc21,442.0,36880.0,dichloromethane
[O-][N+](=O)C([N+](=O)[O-])([N+](=O)[O-])[N+](=O)[O-],O=[N+]([O-])C([N+](=O)[O-])([N+](=O)[O-])[N+](=O)[O-],343.0,,Cl
NPPBI,NPPBI,455.0,,
CC(O)(C)C,CC(C)(C)O,289.0,,
OC(=O)[C@@H]1CCC[N+]1(C)C,C[N+]1(C)CCC[C@H]1C(=O)O,482.0,,methanol
[S-]C(=S)N(Cc1ccccc1C)N=Cc1ccnc(c1)C(=O)C,CC(=O)c1cc(C=NN(Cc2ccccc2C)C(=S)[S-])ccn1,330.0,15848.93192,
FF,FF,329.0,,
[Au+],[Au+],360.0,,
[Hg+2],[Hg+2],345.0,,
C(C[n+]1ccccc1)Cc1ccc(cc1)CCC[n+]1ccccc1.[I-].[I-],[I-].[I-].c1cc[n+](CCCc2ccc(CCC[n+]3ccccc3)cc2)cc1,260.0,,MeCN
C(C[n+]1ccccc1)Cc1ccc(cc1)CCC[n+]1ccccc1.[Br-].[Br-],[Br-].[Br-].c1cc[n+](CCCc2ccc(CCC[n+]3ccccc3)cc2)cc1,263.0,10240.0,MeCN
CC(c1cc[n+](cc1)CCCc1ccc(cc1)CCC[n+]1ccc(cc1)C(C)(C)C)(C)C.[Br-].[Br-],CC(C)(C)c1cc[n+](CCCc2ccc(CCC[n+]3ccc(C(C)(C)C)cc3)cc2)cc1.[Br-].[Br-],258.0,13412.0,MeCN
CN(C(=O)Cl)C,CN(C)C(=O)Cl,301.0,,
[O-][N+](=O)c1cc(C[n+]2ccccc2)c2c(c1)C=CC1(O2)N(C)c2c(C1(C)C)cccc2.[Cl-],CN1c2ccccc2C(C)(C)C12C=Cc1cc([N+](=O)[O-])cc(C[n+]3ccccc3)c1O2.[Cl-],560.0,,
[CH-]1C=CC=C1.CCCCCCCCOc1ccc2c(c1Cl)ccc(c2)C(=O)c1n[nH]nc1[C-]1C=CC=C1.[Fe+2],CCCCCCCCOc1ccc2cc(C(=O)c3n[nH]nc3-[c-]3cccc3)ccc2c1Cl.[Fe+2].c1cc[cH-]c1,480.0,50118.72336,
[CH-]1C=CC=C1.CCCCCCCCCCCCCCOc1ccc2c(c1Cl)ccc(c2)C(=O)c1n[nH]nc1[C-]1C=CC=C1.[Fe+2],CCCCCCCCCCCCCCOc1ccc2cc(C(=O)c3n[nH]nc3-[c-]3cccc3)ccc2c1Cl.[Fe+2].c1cc[cH-]c1,480.0,51286.1384,
[CH-]1C=CC=C1.CCCCCCCCCCCCCCCCOc1ccc2c(c1Cl)ccc(c2)C(=O)c1n[nH]nc1[C-]1C=CC=C1.[Fe+2],CCCCCCCCCCCCCCCCOc1ccc2cc(C(=O)c3n[nH]nc3-[c-]3cccc3)ccc2c1Cl.[Fe+2].c1cc[cH-]c1,480.0,48977.88194,
I[S]=O,O=[S]I,436.0,,methanol
[O-]C(=O)[C@@H](NC(=O)C[NH3+])CCCCC(=O)N[C@@H]([C@@H]1NC(C(CS1)C)C(=O)[O-])C=O,CC1CS[C@H]([C@@H](C=O)NC(=O)CCCC[C@H](NC(=O)C[NH3+])C(=O)[O-])NC1C(=O)[O-],438.0,,
C=CC=CC=CC=CC=C,C=CC=CC=CC=CC=C,308.0,,
C=CC=CC=CC=CC=CC=CC=C,C=CC=CC=CC=CC=CC=CC=C,342.0,,
CCCCCCCCCCC[C@H](CC(=O)N[C@H]1[C@H](O[C@@H]([C@H]([C@@H]1OC(=O)C[C@@H](CCCCCCCCCCC)O)O)CO)OP(=O)(O)O)O,CCCCCCCCCCC[C@@H](O)CC(=O)N[C@H]1[C@@H](OP(=O)(O)O)O[C@H](CO)[C@@H](O)[C@@H]1OC(=O)C[C@H](O)CCCCCCCCCCC,280.0,,
CC[C@@H](C(=O)N[C@H](C(=O)N)Cc1cccc2c1cccc2)NC(=O)C[C@@H]([C@@H](NC(=O)[C@H](C(C)C)NC(=O)[C@H](Cc1cccc2c1cccc2)NC(=O)C)CC(C)C)O,CC[C@H](NC(=O)C[C@H](O)[C@H](CC(C)C)NC(=O)[C@@H](NC(=O)[C@H](Cc1cccc2ccccc12)NC(C)=O)C(C)C)C(=O)N[C@@H](Cc1cccc2ccccc12)C(N)=O,274.0,,
CCCCCCCCCCC[C@H](CC(=O)N[C@H]1[C@H](O)O[C@@H]([C@H]([C@@H]1OC(=O)C[C@@H](CCCCCCCCCCC)O)OP(=O)(O)O)CO)O,CCCCCCCCCCC[C@@H](O)CC(=O)N[C@@H]1[C@@H](OC(=O)C[C@H](O)CCCCCCCCCCC)[C@H](OP(=O)(O)O)[C@@H](CO)O[C@H]1O,274.0,,
CCCCCCCCCCCCCCCCCC(=O)OC[C@H](COP(=O)(OCC[N+](C)(C)C)O)O,CCCCCCCCCCCCCCCCCC(=O)OC[C@@H](O)COP(=O)(O)OCC[N+](C)(C)C,372.0,,
[O-]C(=O)c1ccccc1c1c2cc(I)c(c(c2oc2c1cc(I)c(=O)c2I)I)[O-].[Na+].[Na+],O=C([O-])c1ccccc1-c1c2cc(I)c(=O)c(I)c-2oc2c(I)c([O-])c(I)cc12.[Na+].[Na+],532.5,96200.0,
OC(=O)CCCCCCCC(=O)O,O=C(O)CCCCCCCC(=O)O,480.0,,Chloroform
P[P][Y],P[P][Y],590.0,,
[O-2].[O-2].[O-2].[O-2].[V].[Bi+3],[Bi+3].[O-2].[O-2].[O-2].[O-2].[V],454.0,,
COC(=O)C=C(C=CC=C(C=CC1=C(C)CCCC1(C)C)C)C,COC(=O)C=C(C)C=CC=C(C)C=CC1=C(C)CCCC1(C)C,357.0,,
O=CC=C(C=CC=C(C=CC1=C(C)CCCC1(C)C)C)C,CC(C=CC=C(C)C=CC1=C(C)CCCC1(C)C)=CC=O,381.0,,
CCCCCCCCCCCC(=O)NC1(CCCCC1)NC(=O)CCCCCCCCCCC,CCCCCCCCCCCC(=O)NC1(NC(=O)CCCCCCCCCCC)CCCCC1,671.0,,
CC(c1cc2ccc3c4c2c(c1)ccc4ccc3c1ccc(cc1)C(C(c1ccc(cc1)c1ccc2c3c1ccc1c3c(cc2)cc(c1)C(C)(C)C)c1ccc(cc1)c1ccc2c3c1ccc1c3c(cc2)cc(c1)C(C)(C)C)c1ccc(cc1)c1ccc2c3c1ccc1c3c(cc2)cc(c1)C(C)(C)C)(C)C,CC(C)(C)c1cc2ccc3ccc(-c4ccc(C(c5ccc(-c6ccc7ccc8cc(C(C)(C)C)cc9ccc6c7c89)cc5)C(c5ccc(-c6ccc7ccc8cc(C(C)(C)C)cc9ccc6c7c89)cc5)c5ccc(-c6ccc7ccc8cc(C(C)(C)C)cc9ccc6c7c89)cc5)cc4)c4ccc(c1)c2c34,342.0,,THF
OC[C@H]1OC(O)[C@@H]([C@H]([C@@H]1O)O)N,N[C@H]1C(O)O[C@H](CO)[C@@H](O)[C@@H]1O,485.0,,
OC(=O)CC[C@@H](C(=O)O)N,N[C@@H](CCC(=O)O)C(=O)O,492.0,,
CCCCN,CCCCN,455.0,,
c1ccc(cc1)C1=C2N=C(c3c2cccc3)C(=c2[nH]c(=C(C3=NC(=C(c4[nH]c1c1ccccc41)c1ccccc1)c1ccccc31)c1ccccc1)c1c2cccc1)c1ccccc1,c1ccc(-c2c3nc(c(-c4ccccc4)c4[nH]c(c(-c5ccccc5)c5nc(c(-c6ccccc6)c6[nH]c2c2ccccc62)-c2ccccc2-5)c2ccccc42)-c2ccccc2-3)cc1,655.0,,
Oc1ccc2c(c1)c(=O)n1c([n+]2C)c2[nH]c3c(c2CC1)cccc3,C[n+]1c2n(c(=O)c3cc(O)ccc31)CCc1c-2[nH]c2ccccc12,214.0,,
Cc1cc(C)cc(c1)C,Cc1cc(C)cc(C)c1,294.0,3344.0,n-hexane
OCC(=O)[C@H]([C@@H]([C@@H](C(=O)O)O)O)O,O=C(O)[C@@H](O)[C@@H](O)[C@H](O)C(=O)CO,215.0,,
OB(O)O,OB(O)O,220.0,,
OC[C@H]([C@@H]([C@@H]([C@H](C=O)O)O)O)O,O=C[C@H](O)[C@@H](O)[C@@H](O)[C@H](O)CO,366.0,,
c1ccc2c(c1)[NH2+]C=C2,C1=Cc2ccccc2[NH2+]1,513.0,66400.0,
O=C1N(C)C(=O)C(=C2C=C(C=Cc3ccc(cc3)N(CCOC(c3ccccc3)(c3ccccc3)c3ccccc3)CCOC(c3ccccc3)(c3ccccc3)c3ccccc3)OC(=C2)C(C)(C)C)C(=O)N1C,CN1C(=O)C(=C2C=C(C=Cc3ccc(N(CCOC(c4ccccc4)(c4ccccc4)c4ccccc4)CCOC(c4ccccc4)(c4ccccc4)c4ccccc4)cc3)OC(C(C)(C)C)=C2)C(=O)N(C)C1=O,650.0,,
S=C1NC(=O)C(=C2C=C(C=Cc3ccc(cc3)N(CCOC(c3ccccc3)(c3ccccc3)c3ccccc3)CCOC(c3ccccc3)(c3ccccc3)c3ccccc3)OC(=C2)C(C)(C)C)C(=O)N1,CC(C)(C)C1=CC(=C2C(=O)NC(=S)NC2=O)C=C(C=Cc2ccc(N(CCOC(c3ccccc3)(c3ccccc3)c3ccccc3)CCOC(c3ccccc3)(c3ccccc3)c3ccccc3)cc2)O1,532.0,,
N#CC(=C1C=C(C=Cc2ccc(cc2)N(CCOC(c2ccccc2)(c2ccccc2)c2ccccc2)CCOC(c2ccccc2)(c2ccccc2)c2ccccc2)OC(=C1)C(C)(C)C)C#N,CC(C)(C)C1=CC(=C(C#N)C#N)C=C(C=Cc2ccc(N(CCOC(c3ccccc3)(c3ccccc3)c3ccccc3)CCOC(c3ccccc3)(c3ccccc3)c3ccccc3)cc2)O1,649.0,,
CCN1C(=O)C(=C2C=C(C=Cc3ccc(cc3)N(CCOC(c3ccccc3)(c3ccccc3)c3ccccc3)CCOC(c3ccccc3)(c3ccccc3)c3ccccc3)OC(=C2)C(C)(C)C)C(=O)N(C1=S)CC,CCN1C(=O)C(=C2C=C(C=Cc3ccc(N(CCOC(c4ccccc4)(c4ccccc4)c4ccccc4)CCOC(c4ccccc4)(c4ccccc4)c4ccccc4)cc3)OC(C(C)(C)C)=C2)C(=O)N(CC)C1=S,635.0,,
O=C1C(=C2C=C(C=Cc3ccc(cc3)N(CCOC(c3ccccc3)(c3ccccc3)c3ccccc3)CCOC(c3ccccc3)(c3ccccc3)c3ccccc3)OC(=C2)C(C)(C)C)C(=O)c2c1cccc2,CC(C)(C)C1=CC(=C2C(=O)c3ccccc3C2=O)C=C(C=Cc2ccc(N(CCOC(c3ccccc3)(c3ccccc3)c3ccccc3)CCOC(c3ccccc3)(c3ccccc3)c3ccccc3)cc2)O1,641.0,,
O=C1NC(=O)C(=C2C=C(C=Cc3ccc(cc3)N(CCOC(c3ccccc3)(c3ccccc3)c3ccccc3)CCOC(c3ccccc3)(c3ccccc3)c3ccccc3)OC(=C2)C(C)(C)C)C(=O)N1,CC(C)(C)C1=CC(=C2C(=O)NC(=O)NC2=O)C=C(C=Cc2ccc(N(CCOC(c3ccccc3)(c3ccccc3)c3ccccc3)CCOC(c3ccccc3)(c3ccccc3)c3ccccc3)cc2)O1,610.0,,
[O-]S(=O)(=O)c1ccc2c(c1)cccc2.C[n+]1ccc(cc1)C=Cc1ccc(cc1)N(C)C,CN(C)c1ccc(C=Cc2cc[n+](C)cc2)cc1.O=S(=O)([O-])c1ccc2ccccc2c1,477.0,54000.0,MeOH
C[n+]1ccc(cc1)C=Cc1ccc(cc1)N(C)C.[I-],CN(C)c1ccc(C=Cc2cc[n+](C)cc2)cc1.[I-],505.0,58000.0,MeOH
CN(c1ccc(cc1)C=Cc1cc[n+](c2c1cccc2)C)C.[I-],CN(C)c1ccc(C=Cc2cc[n+](C)c3ccccc23)cc1.[I-],562.0,49000.0,MeOH
[O-]S(=O)(=O)c1ccc2c(c1)cccc2.CN(c1ccc(cc1)C=Cc1cc[n+](c2c1cccc2)C)C,CN(C)c1ccc(C=Cc2cc[n+](C)c3ccccc23)cc1.O=S(=O)([O-])c1ccc2ccccc2c1,555.0,41000.0,CHCl3
Cc1ccc(cc1)S(=O)(=O)[O-].C[n+]1ccc(cc1)C=CC=C1N(C)c2c(C1(C)C)cccc2,CN1C(=CC=Cc2cc[n+](C)cc2)C(C)(C)c2ccccc21.Cc1ccc(S(=O)(=O)[O-])cc1,531.0,95000.0,MeOH
C[n+]1ccc(c2c1cccc2)C=CC=C1N(C)c2c(C1(C)C)cccc2.[I-],CN1C(=CC=Cc2cc[n+](C)c3ccccc23)C(C)(C)c2ccccc21.[I-],606.0,94000.0,MeOH
C[n+]1ccc(c2c1cccc2)C=CC=C1N(C)c2c(C1(C)C)cccc2.Cc1ccc(cc1)S(=O)(=O)[O-],CN1C(=CC=Cc2cc[n+](C)c3ccccc23)C(C)(C)c2ccccc21.Cc1ccc(S(=O)(=O)[O-])cc1,606.0,99000.0,MeOH
[O-]S(=O)(=O)c1ccc2c(c1)cccc2.C[n+]1ccc(c2c1cccc2)C=CC=C1N(C)c2c(C1(C)C)cccc2,CN1C(=CC=Cc2cc[n+](C)c3ccccc23)C(C)(C)c2ccccc21.O=S(=O)([O-])c1ccc2ccccc2c1,604.0,96000.0,CHCl3
[O-]S(=O)(=O)c1ccc2c(c1)cccc2.C[n+]1ccc(cc1)C=CC=C1N(C)c2c(C1(C)C)cccc2,CN1C(=CC=Cc2cc[n+](C)cc2)C(C)(C)c2ccccc21.O=S(=O)([O-])c1ccc2ccccc2c1,531.0,88000.0,CHCl3
Cc1ccc(cc1)c1ccc2c(c1)c1cc(ccc1n2c1ccc(cc1)C=Cc1ccc(cc1)C=Cc1ccc(cc1)n1c2ccc(cc2c2c1ccc(c2)c1ccc(cc1)C)c1ccc(cc1)C)c1ccc(cc1)C,Cc1ccc(-c2ccc3c(c2)c2cc(-c4ccc(C)cc4)ccc2n3-c2ccc(C=Cc3ccc(C=Cc4ccc(-n5c6ccc(-c7ccc(C)cc7)cc6c6cc(-c7ccc(C)cc7)ccc65)cc4)cc3)cc2)cc1,382.0,,
CC(c1ccc(cc1)c1ccc2c(c1)c1cc(ccc1n2c1ccc(cc1)C=Cc1ccc(cc1)C=Cc1ccc(cc1)n1c2ccc(cc2c2c1ccc(c2)c1ccc(cc1)C(C)(C)C)c1ccc(cc1)C(C)(C)C)c1ccc(cc1)C(C)(C)C)(C)C,CC(C)(C)c1ccc(-c2ccc3c(c2)c2cc(-c4ccc(C(C)(C)C)cc4)ccc2n3-c2ccc(C=Cc3ccc(C=Cc4ccc(-n5c6ccc(-c7ccc(C(C)(C)C)cc7)cc6c6cc(-c7ccc(C(C)(C)C)cc7)ccc65)cc4)cc3)cc2)cc1,385.0,,
CC(c1ccc(cc1)c1ccc2c(c1)c1cc(ccc1n2c1ccc(cc1)C=Cc1ccc(cc1)c1ccc(cc1)C=Cc1ccc(cc1)n1c2ccc(cc2c2c1ccc(c2)c1ccc(cc1)C(C)(C)C)c1ccc(cc1)C(C)(C)C)c1ccc(cc1)C(C)(C)C)(C)C,CC(C)(C)c1ccc(-c2ccc3c(c2)c2cc(-c4ccc(C(C)(C)C)cc4)ccc2n3-c2ccc(C=Cc3ccc(-c4ccc(C=Cc5ccc(-n6c7ccc(-c8ccc(C(C)(C)C)cc8)cc7c7cc(-c8ccc(C(C)(C)C)cc8)ccc76)cc5)cc4)cc3)cc2)cc1,375.0,,
O=P(c1ccccc1)(c1ccccc1)CCn1c2ccc(cc2c2c1ccc(c2)c1cccc(c1)n1c2ccccc2c2c1cccc2)c1cccc(c1)n1c2ccccc2c2c1cccc2,O=P(CCn1c2ccc(-c3cccc(-n4c5ccccc5c5ccccc54)c3)cc2c2cc(-c3cccc(-n4c5ccccc5c5ccccc54)c3)ccc21)(c1ccccc1)c1ccccc1,294.0,,
O=P(c1ccccc1)(c1ccccc1)Cn1c2ccc(cc2c2c1ccc(c2)c1cccc(c1)n1c2ccccc2c2c1cccc2)c1cccc(c1)n1c2ccccc2c2c1cccc2,O=P(Cn1c2ccc(-c3cccc(-n4c5ccccc5c5ccccc54)c3)cc2c2cc(-c3cccc(-n4c5ccccc5c5ccccc54)c3)ccc21)(c1ccccc1)c1ccccc1,295.0,,
c1ccc(cc1)C=Cc1ccc(cc1)N(c1ccccc1)c1ccc(cc1)c1nc2ccccc2nc1c1ccc(cc1)N(c1ccc(cc1)C=Cc1ccccc1)c1ccccc1,C(=Cc1ccc(N(c2ccccc2)c2ccc(-c3nc4ccccc4nc3-c3ccc(N(c4ccccc4)c4ccc(C=Cc5ccccc5)cc4)cc3)cc2)cc1)c1ccccc1,368.0,,acetonitrile
[O-][N+](=O)c1ccc(cc1)C=Cc1ccc(cc1)N(c1ccccc1)c1ccc(cc1)c1nc2ccccc2nc1c1ccc(cc1)N(c1ccc(cc1)C=Cc1ccc(cc1)[N+](=O)[O-])c1ccccc1,O=[N+]([O-])c1ccc(C=Cc2ccc(N(c3ccccc3)c3ccc(-c4nc5ccccc5nc4-c4ccc(N(c5ccccc5)c5ccc(C=Cc6ccc([N+](=O)[O-])cc6)cc5)cc4)cc3)cc2)cc1,428.0,,acetonitrile
[O-2].[O-2].[O-2].[In+3].[In+3],[In+3].[In+3].[O-2].[O-2].[O-2],695.0,,
Clc1ccc2c(c1)nccc2NCCCNCCCOc1ccc2c(c1)c1c(cc2)OC2=C(C1c1ccc(cc1)C(F)(F)F)C(=O)CC(C2)(C)C,CC1(C)CC(=O)C2=C(C1)Oc1ccc3ccc(OCCCNCCCNc4ccnc5cc(Cl)ccc45)cc3c1C2c1ccc(C(F)(F)F)cc1,334.0,12000.0,methanol
NC(=S)N.NC(=S)N.[Cl-].[NH4+],NC(N)=S.NC(N)=S.[Cl-].[NH4+],606.0,,
N#CC(=Cc1ccc(s1)c1ccc(s1)C=C1c2cc(ccc2c2c1cc(cc2)N(c1ccccc1)c1ccccc1)N(c1ccccc1)c1ccccc1)C(=O)O,N#CC(=Cc1ccc(-c2ccc(C=C3c4cc(N(c5ccccc5)c5ccccc5)ccc4-c4ccc(N(c5ccccc5)c5ccccc5)cc43)s2)s1)C(=O)O,454.0,27630.0,
COc1cc(C=CCSC[C@@H](C(=O)O)N)cc(c1O)OC,COc1cc(C=CCSC[C@H](N)C(=O)O)cc(OC)c1O,282.0,,
COc1cc(C=CCSC[C@@H](C(=O)NCC(=O)O)NC(=O)CC[C@@H](C(=O)O)N)ccc1O,COc1cc(C=CCSC[C@H](NC(=O)CC[C@H](N)C(=O)O)C(=O)NCC(=O)O)ccc1O,269.0,,
COc1cc(C=CCSC[C@@H](C(=O)NCC(=O)O)NC(=O)CC[C@@H](C(=O)O)N)cc(c1O)OC,COc1cc(C=CCSC[C@H](NC(=O)CC[C@H](N)C(=O)O)C(=O)NCC(=O)O)cc(OC)c1O,279.0,,
COc1cc(C=CCSC[C@@H](C(=O)O)NC(=O)CC[C@@H](C(=O)O)N)ccc1O,COc1cc(C=CCSC[C@H](NC(=O)CC[C@H](N)C(=O)O)C(=O)O)ccc1O,269.0,,
COc1cc(C=CCSC[C@@H](C(=O)O)NC(=O)CC[C@@H](C(=O)O)N)cc(c1O)OC,COc1cc(C=CCSC[C@H](NC(=O)CC[C@H](N)C(=O)O)C(=O)O)cc(OC)c1O,281.0,,
COc1cc(C=CC(=O)OC(=O)C(C(C(=O)[O-])CC(=O)[O-])O)ccc1O,COc1cc(C=CC(=O)OC(=O)C(O)C(CC(=O)[O-])C(=O)[O-])ccc1O,328.0,,
COc1ccc(cc1)C1=C2C=CC(=N2)C(=c2ccc(=C(C3=NC(=C(c4[nH]c1cc4)c1ccc(cc1)OC)C=C3)c1ccc(cc1)OC)[nH]2)c1ccc(cc1)OC,COc1ccc(-c2c3nc(c(-c4ccc(OC)cc4)c4ccc([nH]4)c(-c4ccc(OC)cc4)c4nc(c(-c5ccc(OC)cc5)c5ccc2[nH]5)C=C4)C=C3)cc1,420.0,,
CC=CC=CC=CC=C,C=CC=CC=CC=CC,306.0,,
[CH-]1C=CC=C1.OC(=O)C[C-]1C=CC=C1.[Fe+2],O=C(O)C[c-]1cccc1.[Fe+2].c1cc[cH-]c1,619.0,,
[CH-]1C=CC=C1.CC([C-]1C=CC=C1)O.[Fe+2],CC(O)[c-]1cccc1.[Fe+2].c1cc[cH-]c1,636.0,,
[CH-]1C=CC=C1.ON=C([C-]1C=CC=C1)C.[Fe+2],CC(=NO)[c-]1cccc1.[Fe+2].c1cc[cH-]c1,704.0,,
OC(=O)[C-]1C=CC=C1.OC(=O)[C-]1C=CC=C1.[Fe+2],O=C(O)[c-]1cccc1.O=C(O)[c-]1cccc1.[Fe+2],638.0,,
CC1=C[C-](C(=C1)C)C.CC1=C[C-](C(=C1)C)C.[Fe+2],Cc1cc(C)[c-](C)c1.Cc1cc(C)[c-](C)c1.[Fe+2],738.0,,
CCCCN1CCC(OC1)C([Si](C)(C)C)[Si](C)(C)C,CCCCN1CCC(C([Si](C)(C)C)[Si](C)(C)C)OC1,301.2271,,
CC(CN1CCC(OC1)C([Si](C)(C)C)[Si](C)(C)C)C,CC(C)CN1CCC(C([Si](C)(C)C)[Si](C)(C)C)OC1,301.2226,,
C1CC=CCCC=C1,C1=CCCC=CCC1,281.0,20000.0,
[O-]C(=O)C(C(=O)[O-])(C)C,CC(C)(C(=O)[O-])C(=O)[O-],220.0,,
[SbH3],[SbH3],241.8,,
c1csc(c1)[Sb](c1cccs1)c1cccs1.[Br-].[Br-],[Br-].[Br-].c1cs[c]([Sb]([c]2cccs2)[c]2cccs2)c1,270.5,,
[SiH2]1C=CC=C1,C1=C[SiH2]C=C1,307.0,,
[CH-]1C=CC=C1.Brc1ccc2c(c1)C(=O)c1c2ccc(c1)C#C[C-]1C=CC=C1.[Fe+2],O=C1c2cc(Br)ccc2-c2ccc(C#C[c-]3cccc3)cc21.[Fe+2].c1cc[cH-]c1,279.0,,CH 2 Cl 2
[CH-]1C=CC=C1.O=C1c2cc(C#C[C-]3C=CC=C3)ccc2c2c1c(ccc2)C#C[Si](C)(C)C.[Fe+2],C[Si](C)(C)C#Cc1cccc2c1C(=O)c1cc(C#C[c-]3cccc3)ccc1-2.[Fe+2].c1cc[cH-]c1,288.0,,CH 2 Cl 2
[CH-]1C=CC=C1.C#Cc1ccc2c(c1)C(=O)c1c2ccc(c1)C#C[C-]1C=CC=C1.[Fe+2],C#Cc1ccc2c(c1)C(=O)c1cc(C#C[c-]3cccc3)ccc1-2.[Fe+2].c1cc[cH-]c1,284.0,,CH 2 Cl 2
C[Si]([Si]([Si](C)(C)C)([Si](C)(C)C)C)([Si]([Si](C)(C)C)([Si](C)(C)C)C)C,C[Si](C)(C)[Si](C)([Si](C)(C)C)[Si](C)(C)[Si](C)([Si](C)(C)C)[Si](C)(C)C,254.8,,
C[SiH]([Si]([Si](C)(C)C)([Si](C)(C)C)C)[Si]([Si](C)(C)C)([Si](C)(C)C)C,C[SiH]([Si](C)([Si](C)(C)C)[Si](C)(C)C)[Si](C)([Si](C)(C)C)[Si](C)(C)C,253.4,,
C[Si]([Si]([Si](C)(C)C)([Si](C)(C)C)C)([Si]([Si](C)(C)C)([Si](C)(C)C)C)Br,C[Si](C)(C)[Si](C)([Si](C)(C)C)[Si](C)(Br)[Si](C)([Si](C)(C)C)[Si](C)(C)C,245.5,,
C[Si]([Si]([Si](C)(C)C)([Si](C)(C)C)C)([Si]([Si](C)(C)C)([Si](C)(C)C)C)Cl,C[Si](C)(C)[Si](C)([Si](C)(C)C)[Si](C)(Cl)[Si](C)([Si](C)(C)C)[Si](C)(C)C,247.5,,
C[Si]([Si]([Si](C)(C)C)([Si](C)(C)C)C)([Si]([Si](C)(C)C)([Si](C)(C)C)C)F,C[Si](C)(C)[Si](C)([Si](C)(C)C)[Si](C)(F)[Si](C)([Si](C)(C)C)[Si](C)(C)C,259.0,,
C[Si]([Si]([Si](C)(C)C)([Si](C)(C)C)C)([Si]([Si](C)(C)C)([Si](C)(C)C)C)O,C[Si](C)(C)[Si](C)([Si](C)(C)C)[Si](C)(O)[Si](C)([Si](C)(C)C)[Si](C)(C)C,262.2,,
CBr,CBr,425.0,,
[CH-]1C=CC=C1.O=CC#C[C-]1C=CC=C1.[Fe+2],O=CC#C[c-]1cccc1.[Fe+2].c1cc[cH-]c1,251.0,,
[CH-]1C=CC=C1.C#C[C-]1C=CC=C1.[Fe+2],C#C[c-]1cccc1.[Fe+2].c1cc[cH-]c1,264.0,,
[CH-]1C=CC=C1.CN(c1ccc(cc1)C=Cc1ccc(cc1)C(c1ccccc1)([C-]1C=CC=C1)O)C.[Fe+2],CN(C)c1ccc(C=Cc2ccc(C(O)(c3ccccc3)[c-]3cccc3)cc2)cc1.[Fe+2].c1cc[cH-]c1,714.0,,
[CH-]1C=CC=C1.CN(c1ccc(cc1)C=Cc1ccc(cc1)C(c1ccc(cc1)C=Cc1ccc(cc1)N(C)C)([C-]1C=CC=C1)O)C.[Fe+2],CN(C)c1ccc(C=Cc2ccc(C(O)(c3ccc(C=Cc4ccc(N(C)C)cc4)cc3)[c-]3cccc3)cc2)cc1.[Fe+2].c1cc[cH-]c1,775.0,,
[CH-]1C=CC=C1.OC(c1cccc2c1cccc2)(c1ccccc1)c1ccc(cc1)C=C[C-]1C=CC=C1.[Fe+2],OC(c1ccccc1)(c1ccc(C=C[c-]2cccc2)cc1)c1cccc2ccccc12.[Fe+2].c1cc[cH-]c1,804.0,,
[CH-]1C=CC=C1.[CH-]1C=CC=C1.OC(c1ccc(cc1)C=C[C-]1C=CC=C1)(c1ccc(cc1)C=C[C-]1C=CC=C1)c1ccccc1.[Fe+2].[Fe+2],OC(c1ccccc1)(c1ccc(C=C[c-]2cccc2)cc1)c1ccc(C=C[c-]2cccc2)cc1.[Fe+2].[Fe+2].c1cc[cH-]c1.c1cc[cH-]c1,760.0,,
[CH-]1C=CC=C1.[CH-]1C=CC=C1.[CH-]1C=CC=C1.OC(c1ccc(cc1)C=C[C-]1C=CC=C1)(c1ccc(cc1)C=C[C-]1C=CC=C1)c1ccc(cc1)C=C[C-]1C=CC=C1.[Fe+2].[Fe+2].[Fe+2],OC(c1ccc(C=C[c-]2cccc2)cc1)(c1ccc(C=C[c-]2cccc2)cc1)c1ccc(C=C[c-]2cccc2)cc1.[Fe+2].[Fe+2].[Fe+2].c1cc[cH-]c1.c1cc[cH-]c1.c1cc[cH-]c1,786.0,,
[CH-]1C=CC=C1.Brc1ccc2c(c1)C(=O)c1c2ccc(c1)C#Cc1ccc(cc1)[C-]1C=CC=C1.[Fe+2],O=C1c2cc(Br)ccc2-c2ccc(C#Cc3ccc(-[c-]4cccc4)cc3)cc21.[Fe+2].c1cc[cH-]c1,279.0,,CH 2 Cl 2
[CH-]1C=CC=C1.[CH-]1C=CC=C1.O=C1c2cc(ccc2c2c1cc(cc2)C#Cc1ccc(cc1)[C-]1C=CC=C1)C#Cc1ccc(cc1)[C-]1C=CC=C1.[Fe+2].[Fe+2],O=C1c2cc(C#Cc3ccc(-[c-]4cccc4)cc3)ccc2-c2ccc(C#Cc3ccc(-[c-]4cccc4)cc3)cc21.[Fe+2].[Fe+2].c1cc[cH-]c1.c1cc[cH-]c1,257.0,,CH 2 Cl 2
C1=CC=C[C-]1c1ccc(cc1)C#CC#Cc1ccc(cc1)[C-]1C=CC=C1.[CH-]1C=CC=C1.[CH-]1C=CC=C1.[Fe+2].[Fe+2],C(C#Cc1ccc(-[c-]2cccc2)cc1)#Cc1ccc(-[c-]2cccc2)cc1.[Fe+2].[Fe+2].c1cc[cH-]c1.c1cc[cH-]c1,258.0,,CH 2 Cl 2
[CH-]1C=CC=C1.O=C1c2cc(ccc2c2c1c(ccc2)C#C[Si](C)(C)C)C#Cc1ccc(cc1)[C-]1C=CC=C1.[Fe+2],C[Si](C)(C)C#Cc1cccc2c1C(=O)c1cc(C#Cc3ccc(-[c-]4cccc4)cc3)ccc1-2.[Fe+2].c1cc[cH-]c1,286.0,,CH 2 Cl 2
[CH-]1C=CC=C1.C#Cc1ccc2c(c1)C(=O)c1c2ccc(c1)C#Cc1ccc(cc1)[C-]1C=CC=C1.[Fe+2],C#Cc1ccc2c(c1)C(=O)c1cc(C#Cc3ccc(-[c-]4cccc4)cc3)ccc1-2.[Fe+2].c1cc[cH-]c1,240.0,,CH 2 Cl 2
[CH-]1C=CC=C1.[CH-]1C=CC=C1.[Ni+2],[Ni+2].c1cc[cH-]c1.c1cc[cH-]c1,253.0,,
CCC1(CC)c2cc(ccc2c2c1cc(cc2)B(c1c(C)cc(cc1C)C)c1c(C)cc(cc1C)C)B(c1c(C)cc(cc1C)C)c1c(C)cc(cc1C)C,CCC1(CC)c2cc(B(c3c(C)cc(C)cc3C)c3c(C)cc(C)cc3C)ccc2-c2ccc(B(c3c(C)cc(C)cc3C)c3c(C)cc(C)cc3C)cc21,371.0,,THF
c1ccc2c(c1)C(C=C2)[Fe]C1C=Cc2c1cccc2,C1=C[CH]([Fe][CH]2C=Cc3ccccc32)c2ccccc21,422.0,,CH 2 Cl 2
CC1=Cc2c(C1[Fe]C1C(=Cc3c1cccc3)C)cccc2,CC1=Cc2ccccc2[CH]1[Fe][CH]1C(C)=Cc2ccccc21,418.0,,CH 2 Cl 2
CC1=C([Fe]C2=C(C)c3c(C2C)cccc3)C(c2c1cccc2)C,CC1=[C]([Fe][C]2=C(C)c3ccccc3C2C)C(C)c2ccccc21,422.0,,CH 2 Cl 2
Cc1ccc(c2c1C(C=C2)[Fe]C1C=Cc2c1c(C)ccc2C)C,Cc1ccc(C)c2c1C=C[CH]2[Fe][CH]1C=Cc2c(C)ccc(C)c21,416.0,,CH 2 Cl 2
Cc1ccc(c2c1C(=C(C2C)[Fe]C1=C(C)c2c(C1C)c(C)ccc2C)C)C,CC1=[C]([Fe][C]2=C(C)c3c(C)ccc(C)c3C2C)C(C)c2c(C)ccc(C)c21,422.0,,CH 2 Cl 2
P1C=CC=C1,c1cc[pH]c1,412.0,8500.0,THF
COC(=O)C(C1CCC(=O)C1)C(=O)C,COC(=O)C(C(C)=O)C1CCC(=O)C1,210.0,,
[CH-]1C=CC=C1.C1=C[C-](C=C1)c1ccc(cc1)N1CNN=N1.[Fe+2],[Fe+2].c1cc[c-](-c2ccc(N3CNN=N3)cc2)c1.c1cc[cH-]c1,211.0,22349.0,acetonitrile
[CH-]1C=CC=C1.C1=C[C-](C=C1)c1ccc(cc1)n1cnnc1.[Fe+2],[Fe+2].c1cc[c-](-c2ccc(-n3cnnc3)cc2)c1.c1cc[cH-]c1,212.0,24249.0,acetonitrile
C1=CC=C[C-]1n1cnnc1.[CH-]1C=CC=C1.[Fe+2],[Fe+2].c1cc[c-](-n2cnnc2)c1.c1cc[cH-]c1,207.0,19578.0,acetonitrile
C1=CC=C[C-]1N1CNN=N1.[CH-]1C=CC=C1.[Fe+2],[Fe+2].c1cc[c-](N2CNN=N2)c1.c1cc[cH-]c1,204.0,21118.0,acetonitrile
[CH-]1C=CC=C1.[CH-]1C=CC=C1.O=C1C=C(C(=O)C=C1[C-]1C=CC=C1)[C-]1C=CC=C1.[Fe+2].[Fe+2],O=C1C=C([c-]2cccc2)C(=O)C=C1[c-]1cccc1.[Fe+2].[Fe+2].c1cc[cH-]c1.c1cc[cH-]c1,721.0,6917.0,
[CH-]1C=CC=C1.[CH-]1C=CC=C1.O=C1C=C([C-]2C=CC=C2)C(=O)C(=C1)[C-]1C=CC=C1.[Fe+2].[Fe+2],O=C1C=C([c-]2cccc2)C(=O)C([c-]2cccc2)=C1.[Fe+2].[Fe+2].c1cc[cH-]c1.c1cc[cH-]c1,730.0,3680.0,
C[Si](c1ccccc1c1c2ccccc2c(c2c1cccc2)c1ccccc1[Si](C=Cc1ccc(cc1)c1cccc2c1c1ccccc1[nH]2)(C)C)(C=Cc1ccc(cc1)c1cccc2c1c1ccccc1[nH]2)C,C[Si](C)(C=Cc1ccc(-c2cccc3[nH]c4ccccc4c23)cc1)c1ccccc1-c1c2ccccc2c(-c2ccccc2[Si](C)(C)C=Cc2ccc(-c3cccc4[nH]c5ccccc5c34)cc2)c2ccccc12,328.0,,CH 2 Cl 2
C[Si](c1ccccc1c1c2ccccc2c(c2c1cc(cc2)C(C)(C)C)c1ccccc1[Si](C=Cc1ccc(cc1)c1cccc2c1c1ccccc1[nH]2)(C)C)(C=Cc1ccc(cc1)c1cccc2c1c1ccccc1[nH]2)C,CC(C)(C)c1ccc2c(-c3ccccc3[Si](C)(C)C=Cc3ccc(-c4cccc5[nH]c6ccccc6c45)cc3)c3ccccc3c(-c3ccccc3[Si](C)(C)C=Cc3ccc(-c4cccc5[nH]c6ccccc6c45)cc3)c2c1,294.0,,CH 2 Cl 2
C[Si](c1ccccc1c1c2ccccc2c(c2c1cccc2)c1ccccc1[Si](c1ccc(cc1)c1cccc2c1c1ccccc1[nH]2)(C)C)(c1ccc(cc1)c1cccc2c1c1ccccc1[nH]2)C,C[Si](C)(c1ccc(-c2cccc3[nH]c4ccccc4c23)cc1)c1ccccc1-c1c2ccccc2c(-c2ccccc2[Si](C)(C)c2ccc(-c3cccc4[nH]c5ccccc5c34)cc2)c2ccccc12,293.0,,CH 2 Cl 2
C[Si](c1ccccc1c1c2ccccc2c(c2c1ccc(c2)C(C)(C)C)c1ccccc1[Si](c1ccc(cc1)c1cccc2c1c1ccccc1[nH]2)(C)C)(c1ccc(cc1)c1cccc2c1c1ccccc1[nH]2)C,CC(C)(C)c1ccc2c(-c3ccccc3[Si](C)(C)c3ccc(-c4cccc5[nH]c6ccccc6c45)cc3)c3ccccc3c(-c3ccccc3[Si](C)(C)c3ccc(-c4cccc5[nH]c6ccccc6c45)cc3)c2c1,295.0,,CH 2 Cl 2
C[Si](c1ccc2c3c1ccc1c3c(cc2)ccc1)(c1ccc(cc1)c1c2ccccc2c(c2c1cccc2)c1ccc(cc1)[Si](c1ccc2c3c1ccc1c3c(cc2)ccc1)(C)C)C,C[Si](C)(c1ccc(-c2c3ccccc3c(-c3ccc([Si](C)(C)c4ccc5ccc6cccc7ccc4c5c67)cc3)c3ccccc23)cc1)c1ccc2ccc3cccc4ccc1c2c34,297.0,,CH 2 Cl 2
C[Si](c1ccc2c3c1ccc1c3c(cc2)ccc1)(c1ccc(cc1)c1c2ccccc2c(c2c1ccc(c2)C(C)(C)C)c1ccc(cc1)[Si](c1ccc2c3c1ccc1c3c(cc2)ccc1)(C)C)C,CC(C)(C)c1ccc2c(-c3ccc([Si](C)(C)c4ccc5ccc6cccc7ccc4c5c67)cc3)c3ccccc3c(-c3ccc([Si](C)(C)c4ccc5ccc6cccc7ccc4c5c67)cc3)c2c1,299.0,,CH 2 Cl 2
[CH-]1C=CC=C1.COc1ccc(cc1)C(=C[C-]1C=CC=C1)C#N.[Fe+2],COc1ccc(C(C#N)=C[c-]2cccc2)cc1.[Fe+2].c1cc[cH-]c1,498.0,2145.0,acetonitrile
[CH-]1C=CC=C1.N#CC(=C[C-]1C=CC=C1)c1ccc(cc1)Cl.[Fe+2],N#CC(=C[c-]1cccc1)c1ccc(Cl)cc1.[Fe+2].c1cc[cH-]c1,502.0,2380.0,acetonitrile
[CH-]1C=CC=C1.N#CC(=C[C-]1C=CC=C1)c1ccc(cc1)C(F)(F)F.[Fe+2],N#CC(=C[c-]1cccc1)c1ccc(C(F)(F)F)cc1.[Fe+2].c1cc[cH-]c1,512.0,2705.0,Chloroform
[CH-]1C=CC=C1.N#CC(=C[C-]1C=CC=C1)c1ccc(cc1)[N+](=O)[O-].[Fe+2],N#CC(=C[c-]1cccc1)c1ccc([N+](=O)[O-])cc1.[Fe+2].c1cc[cH-]c1,542.0,4646.0,Chloroform
[CH-]1C=CC=C1.[CH-]1C=CC=C1.C1=CC=C([CH-]1)C=Cc1ccc(s1)[C-]1C=CC=C1.[Ru+2].[Ru+2],C(=Cc1ccc(-[c-]2cccc2)s1)c1ccc[cH-]1.[Ru+2].[Ru+2].c1cc[cH-]c1.c1cc[cH-]c1,380.0,17000.0,CH 2 Cl 2
[CH-]1C=CC=C1.[CH-]1C=CC=C1.C1=CC=C([CH-]1)C=Cc1cc2c(s1)cc(s2)[C-]1C=CC=C1.[Ru+2].[Ru+2],C(=Cc1cc2sc(-[c-]3cccc3)cc2s1)c1ccc[cH-]1.[Ru+2].[Ru+2].c1cc[cH-]c1.c1cc[cH-]c1,389.0,33500.0,CH 2 Cl 2
C1NNC=C1,C1=CNNC1,352.0,,DMSO
[CH-]1C=CC=C1.Cc1ccc(cc1)C1=C2C=CC(=N2)C(=c2ccc(=C(C3=NC(=C(c4sc1cc4)c1ccc(cc1)C#C[C-]1C=CC=C1)C=C3)c1ccc(cc1)C)s2)c1ccc(cc1)C.[Fe+2],Cc1ccc(-c2c3nc(c(-c4ccc(C)cc4)c4ccc(s4)c(-c4ccc(C#C[c-]5cccc5)cc4)c4nc(c(-c5ccc(C)cc5)c5ccc2s5)C=C4)C=C3)cc1.[Fe+2].c1cc[cH-]c1,437.0,213796.209,toluene
[CH-]1C=CC=C1.Cc1ccc(cc1)C1=C2C=CC(=N2)C(=c2ccc(=C(C3=NC(=C(c4sc1cc4)C#C[C-]1C=CC=C1)C=C3)c1ccc(cc1)C)[nH]2)c1ccc(cc1)C.[Fe+2],Cc1ccc(-c2c3nc(c(C#C[c-]4cccc4)c4ccc(s4)c(-c4ccc(C)cc4)c4nc(c(-c5ccc(C)cc5)c5ccc2[nH]5)C=C4)C=C3)cc1.[Fe+2].c1cc[cH-]c1,440.0,165958.6907,toluene
[CH-]1C=CC=C1.Cc1ccc(cc1)C1=c2ccc(=C(c3ccc(cc3)C)C3=NC(=Cc4sc(C(=C5N=C1C=C5)c1ccc(cc1)C)c(C#C[C-]1C=CC=C1)c4)C=C3)s2.[Fe+2],Cc1ccc(-c2c3nc(cc4cc(C#C[c-]5cccc5)c(s4)c(-c4ccc(C)cc4)c4nc(c(-c5ccc(C)cc5)c5ccc2s5)C=C4)C=C3)cc1.[Fe+2].c1cc[cH-]c1,446.0,229086.7653,toluene
[CH-]1C=CC=C1.[CH-]1C=CC=C1.Oc1ccccc1c1[nH]c(c(n1)C=C[C-]1C=CC=C1)C=C[C-]1C=CC=C1.[Fe+2].[Fe+2],Oc1ccccc1-c1nc(C=C[c-]2cccc2)c(C=C[c-]2cccc2)[nH]1.[Fe+2].[Fe+2].c1cc[cH-]c1.c1cc[cH-]c1,466.2,,
[CH-]1C=CC=C1.[CH-]1C=CC=C1.Clc1cc(Cl)c(c(c1)c1[nH]c(c(n1)C=C[C-]1C=CC=C1)C=C[C-]1C=CC=C1)O.[Fe+2].[Fe+2],Oc1c(Cl)cc(Cl)cc1-c1nc(C=C[c-]2cccc2)c(C=C[c-]2cccc2)[nH]1.[Fe+2].[Fe+2].c1cc[cH-]c1.c1cc[cH-]c1,467.0,,
[CH-]1C=CC=C1.C#Cc1ccc(c(c1)c1cccc2c1cc1ccccc1n2)C#C[C-]1C=CC=C1.[Fe+2],C#Cc1ccc(C#C[c-]2cccc2)c(-c2cccc3nc4ccccc4cc23)c1.[Fe+2].c1cc[cH-]c1,371.0,,
C1=C[C-](C=C1)P(c1ccc[nH]1)c1ccc[nH]1.C1=C[C-](C=C1)P(c1ccc[nH]1)c1ccc[nH]1.[Fe+2],[Fe+2].c1c[nH]c(P(c2ccc[nH]2)[c-]2cccc2)c1.c1c[nH]c(P(c2ccc[nH]2)[c-]2cccc2)c1,231.59,17400.0,dichloromethane
[CH-]1C=CC=C1.[CH-]1C=CC=C1.[CH-]1C=CC=C1.[CH-]1C=CC=C1.C1=C[C-](C=C1)C#Cc1cccc(c1)C1=C2C=CC(=N2)C(=c2ccc(=C(C3=NC(=C(c4[nH]c1cc4)c1cccc(c1)C#C[C-]1C=CC=C1)C=C3)c1cccc(c1)C#C[C-]1C=CC=C1)[nH]2)c1cccc(c1)C#C[C-]1C=CC=C1.[Fe+2].[Fe+2].[Fe+2].[Fe+2],C(#C[c-]1cccc1)c1cccc(-c2c3nc(c(-c4cccc(C#C[c-]5cccc5)c4)c4ccc([nH]4)c(-c4cccc(C#C[c-]5cccc5)c4)c4nc(c(-c5cccc(C#C[c-]6cccc6)c5)c5ccc2[nH]5)C=C4)C=C3)c1.[Fe+2].[Fe+2].[Fe+2].[Fe+2].c1cc[cH-]c1.c1cc[cH-]c1.c1cc[cH-]c1.c1cc[cH-]c1,422.0,,dichloromethane
[CH-]1C=CC=C1.O=C([C-]1C=CC=C1)C=Cc1cc2ccccc2nc1Cl.[Fe+2],O=C(C=Cc1cc2ccccc2nc1Cl)[c-]1cccc1.[Fe+2].c1cc[cH-]c1,323.0,,
[CH-]1C=CC=C1.O=C([C-]1C=CC=C1)C=Cc1cc2cc(C)ccc2nc1Cl.[Fe+2],Cc1ccc2nc(Cl)c(C=CC(=O)[c-]3cccc3)cc2c1.[Fe+2].c1cc[cH-]c1,324.0,,
[CH-]1C=CC=C1.O=C([C-]1C=CC=C1)C=Cc1cc2ccc(cc2nc1Cl)C.[Fe+2],Cc1ccc2cc(C=CC(=O)[c-]3cccc3)c(Cl)nc2c1.[Fe+2].c1cc[cH-]c1,329.0,,
[CH-]1C=CC=C1.O=C([C-]1C=CC=C1)C=Cc1cc2cccc(c2nc1Cl)C.[Fe+2],Cc1cccc2cc(C=CC(=O)[c-]3cccc3)c(Cl)nc12.[Fe+2].c1cc[cH-]c1,324.0,,
[CH-]1C=CC=C1.COc1ccc2c(c1)cc(c(n2)Cl)C=CC(=O)[C-]1C=CC=C1.[Fe+2],COc1ccc2nc(Cl)c(C=CC(=O)[c-]3cccc3)cc2c1.[Fe+2].c1cc[cH-]c1,321.0,,
[CH-]1C=CC=C1.COc1ccc2c(c1)nc(c(c2)C=CC(=O)[C-]1C=CC=C1)Cl.[Fe+2],COc1ccc2cc(C=CC(=O)[c-]3cccc3)c(Cl)nc2c1.[Fe+2].c1cc[cH-]c1,352.0,,
[CH-]1C=CC=C1.Brc1cc(Br)c2c(c1)cc(c(n2)C)C(=O)C(=C)[C-]1C=CC=C1.[Fe+2],C=C(C(=O)c1cc2cc(Br)cc(Br)c2nc1C)[c-]1cccc1.[Fe+2].c1cc[cH-]c1,321.0,,
[CH-]1C=CC=C1.C=C(C(=O)c1c(C)nc2c(c1C)cccc2)[C-]1C=CC=C1.[Fe+2],C=C(C(=O)c1c(C)nc2ccccc2c1C)[c-]1cccc1.[Fe+2].c1cc[cH-]c1,309.0,,
[CH-]1C=CC=C1.C=C(C(=O)c1c(C)nc2c(c1c1ccccc1)cccc2)[C-]1C=CC=C1.[Fe+2],C=C(C(=O)c1c(C)nc2ccccc2c1-c1ccccc1)[c-]1cccc1.[Fe+2].c1cc[cH-]c1,313.0,,
[CH-]1C=CC=C1.Clc1ccc2c(c1)c(c1ccccc1)c(c(n2)C)C(=O)C(=C)[C-]1C=CC=C1.[Fe+2],C=C(C(=O)c1c(C)nc2ccc(Cl)cc2c1-c1ccccc1)[c-]1cccc1.[Fe+2].c1cc[cH-]c1,318.0,,
[CH-]1C=CC=C1.C=C(C(=O)c1c(C)nc2c(c1c1ccccc1)cc(cc2)[N+](=O)[O-])[C-]1C=CC=C1.[Fe+2],C=C(C(=O)c1c(C)nc2ccc([N+](=O)[O-])cc2c1-c1ccccc1)[c-]1cccc1.[Fe+2].c1cc[cH-]c1,316.0,,
[CH-]1C=CC=C1.Clc1ccc2c(c1)c(c(c(n2)C)C(=O)C(=C)[C-]1C=CC=C1)c1ccccc1Cl.[Fe+2],C=C(C(=O)c1c(C)nc2ccc(Cl)cc2c1-c1ccccc1Cl)[c-]1cccc1.[Fe+2].c1cc[cH-]c1,319.0,,
[SiH2]1CC1,C1C[SiH2]1,270.0,,
[CH-]1C=CC=C1.[CH-]1C=CC=C1.O=C1c2cc(C#C[C-]3C=CC=C3)ccc2c2c1cc(C#C[C-]1C=CC=C1)cc2.[Fe+2].[Fe+2],O=C1c2cc(C#C[c-]3cccc3)ccc2-c2ccc(C#C[c-]3cccc3)cc21.[Fe+2].[Fe+2].c1cc[cH-]c1.c1cc[cH-]c1,288.0,,CH 2 Cl 2
[CH-]1C=CC=C1.[CH-]1C=CC=C1.C1=C[C-](C=C1)C#Cc1ccc2c(c1)Cc1c2ccc(c1)C#C[C-]1C=CC=C1.[Fe+2].[Fe+2],C(#C[c-]1cccc1)c1ccc2c(c1)Cc1cc(C#C[c-]3cccc3)ccc1-2.[Fe+2].[Fe+2].c1cc[cH-]c1.c1cc[cH-]c1,342.0,,CH 2 Cl 2
[CH-]1C=CC=C1.[CH-]1C=CC=C1.[CH-]1C=CC=C1.C1=C[C-](C=C1)C=C1c2cc(C#C[C-]3C=CC=C3)ccc2c2c1cc(C#C[C-]1C=CC=C1)cc2.[Fe+2].[Fe+2].[Fe+2],C(#C[c-]1cccc1)c1ccc2c(c1)C(=C[c-]1cccc1)c1cc(C#C[c-]3cccc3)ccc1-2.[Fe+2].[Fe+2].[Fe+2].c1cc[cH-]c1.c1cc[cH-]c1.c1cc[cH-]c1,275.0,,CH 2 Cl 2
[CH-]1C=CC=C1.O=C1NC(=S)NC(=O)C1=C[C-]1C=CC=C1.[Fe+2],O=C1NC(=S)NC(=O)C1=C[c-]1cccc1.[Fe+2].c1cc[cH-]c1,601.0,2600.0,Acetone
[CH-]1C=CC=C1.C1=C[C-](C=C1)C=Cc1nc2c(s1)cccc2.[Fe+2],C(=C[c-]1cccc1)c1nc2ccccc2s1.[Fe+2].c1cc[cH-]c1,480.0,3400.0,Acetone
O=C1C(=C[C-]2C(=C(C(=C2C)C)C)C)C(=O)c2c1cccc2.C[C-]1C(=C(C(=C1C)C)C)C.[Fe+2],Cc1c(C)c(C)[c-](C)c1C.Cc1c(C)c(C)[c-](C=C2C(=O)c3ccccc3C2=O)c1C.[Fe+2],639.0,6400.0,Acetone
[CH-]1C=CC=C1.O=C1C(=C=CC[C-]2C=CC=C2)C(=O)c2c1cccc2.[Fe+2],O=C1C(=C=CC[c-]2cccc2)C(=O)c2ccccc21.[Fe+2].c1cc[cH-]c1,581.0,10000.0,Acetone
[CH-]1C=CC=C1.O=C1NC(=S)NC(=O)C1=CC=C[C-]1C=CC=C1.[Fe+2],O=C1NC(=S)NC(=O)C1=CC=C[c-]1cccc1.[Fe+2].c1cc[cH-]c1,602.0,22300.0,Acetone
[CH-]1C=CC=C1.N#CC(=Cc1ccc(s1)[C-]1C=CC=C1)C#N.[Fe+2],N#CC(C#N)=Cc1ccc(-[c-]2cccc2)s1.[Fe+2].c1cc[cH-]c1,555.0,6500.0,Acetone
[CH-]1C=CC=C1.O=C1C(=Cc2ccc(s2)[C-]2C=CC=C2)C(=O)c2c1cccc2.[Fe+2],O=C1C(=Cc2ccc(-[c-]3cccc3)s2)C(=O)c2ccccc21.[Fe+2].c1cc[cH-]c1,563.0,9000.0,Acetone
[CH-]1C=CC=C1.N#CC(=Cc1ccc(s1)c1ccc(s1)[C-]1C=CC=C1)C#N.[Fe+2],N#CC(C#N)=Cc1ccc(-c2ccc(-[c-]3cccc3)s2)s1.[Fe+2].c1cc[cH-]c1,555.0,10800.0,Acetone
COC(=O)c1c(C(=O)OC)c(C(=O)OC)c(c(c1C(=O)OC)C(=O)OC)C(=O)OC,COC(=O)c1c(C(=O)OC)c(C(=O)OC)c(C(=O)OC)c(C(=O)OC)c1C(=O)OC,526.0,,acetonitrile
Clc1cc(Cl)cc(c1[N+](=O)[O-])Cl,O=[N+]([O-])c1c(Cl)cc(Cl)cc1Cl,330.0,,
[O-][N+](=O)c1c(Cl)cccc1Cl,O=[N+]([O-])c1c(Cl)cccc1Cl,320.0,,
[CH-]1C=CC=C1.[CH-]1C=CC=C1.CC[n+]1c(C=C[C-]2C=CC=C2)cccc1C=C[C-]1C=CC=C1.[Fe+2].[Fe+2].[I-],CC[n+]1c(C=C[c-]2cccc2)cccc1C=C[c-]1cccc1.[Fe+2].[Fe+2].[I-].c1cc[cH-]c1.c1cc[cH-]c1,233.0,,dichloromethane
[CH-]1C=CC=C1.[CH-]1C=CC=C1.[CH-]1C=CC=C1.CC[n+]1c(C=C[C-]2C=CC=C2)cc(cc1C=C[C-]1C=CC=C1)C=C[C-]1C=CC=C1.[Fe+2].[Fe+2].[Fe+2].[I-],CC[n+]1c(C=C[c-]2cccc2)cc(C=C[c-]2cccc2)cc1C=C[c-]1cccc1.[Fe+2].[Fe+2].[Fe+2].[I-].c1cc[cH-]c1.c1cc[cH-]c1.c1cc[cH-]c1,244.0,,dichloromethane
[CH-]1C=CC=C1.[CH-]1C=CC=C1.C[n+]1c(C=CC=C[C-]2C=CC=C2)cccc1C=CC=C[C-]1C=CC=C1.[Fe+2].[Fe+2].[I-],C[n+]1c(C=CC=C[c-]2cccc2)cccc1C=CC=C[c-]1cccc1.[Fe+2].[Fe+2].[I-].c1cc[cH-]c1.c1cc[cH-]c1,240.0,,dichloromethane
[CH-]1C=CC=C1.[CH-]1C=CC=C1.ClC(=CC=Cc1cccc([n+]1C)C=CC=C([C-]1C=CC=C1)Cl)[C-]1C=CC=C1.[Fe+2].[Fe+2].[I-],C[n+]1c(C=CC=C(Cl)[c-]2cccc2)cccc1C=CC=C(Cl)[c-]1cccc1.[Fe+2].[Fe+2].[I-].c1cc[cH-]c1.c1cc[cH-]c1,245.0,,dichloromethane
c1cnnnn1,c1cnnnn1,650.0,,
C1CC=CS1,C1=CSCC1,365.0,,
O=NC(N=O)(F)F,O=NC(F)(F)N=O,800.0,,
CCCCCCCCCCCCCCOS(=O)(=O)[O-].[Na+],CCCCCCCCCCCCCCOS(=O)(=O)[O-].[Na+],354.0,,
Cc1ccc(cc1)N(c1ccc(cc1)C1(c2ccc(cc2)C)c2cc(ccc2c2c1cc(cc2)c1ccccc1)c1ccccc1)c1ccc(cc1)C1(c2ccc(cc2)C)c2cc(ccc2c2c1cc(cc2)c1ccccc1)c1ccccc1,Cc1ccc(N(c2ccc(C3(c4ccc(C)cc4)c4cc(-c5ccccc5)ccc4-c4ccc(-c5ccccc5)cc43)cc2)c2ccc(C3(c4ccc(C)cc4)c4cc(-c5ccccc5)ccc4-c4ccc(-c5ccccc5)cc43)cc2)cc1,421.0,,
COc1ccc(cc1)N(c1ccc(cc1)C1(c2ccc(cc2)C)c2cc(ccc2c2c1cc(cc2)c1ccccc1)c1ccccc1)c1ccc(cc1)C1(c2ccc(cc2)C)c2cc(ccc2c2c1cc(cc2)c1ccccc1)c1ccccc1,COc1ccc(N(c2ccc(C3(c4ccc(C)cc4)c4cc(-c5ccccc5)ccc4-c4ccc(-c5ccccc5)cc43)cc2)c2ccc(C3(c4ccc(C)cc4)c4cc(-c5ccccc5)ccc4-c4ccc(-c5ccccc5)cc43)cc2)cc1,445.0,,
Brc1ccc(cc1)N(c1ccc(cc1)C1(c2ccc(cc2)C)c2cc(ccc2c2c1cc(cc2)c1ccccc1)c1ccccc1)c1ccc(cc1)C1(c2ccc(cc2)C)c2cc(ccc2c2c1cc(cc2)c1ccccc1)c1ccccc1,Cc1ccc(C2(c3ccc(N(c4ccc(Br)cc4)c4ccc(C5(c6ccc(C)cc6)c6cc(-c7ccccc7)ccc6-c6ccc(-c7ccccc7)cc65)cc4)cc3)c3cc(-c4ccccc4)ccc3-c3ccc(-c4ccccc4)cc32)cc1,442.0,,
O=Cc1ccc(cc1)N(c1ccc(cc1)C1(c2ccc(cc2)C)c2cc(ccc2c2c1cc(cc2)c1ccccc1)c1ccccc1)c1ccc(cc1)C1(c2ccc(cc2)C)c2cc(ccc2c2c1cc(cc2)c1ccccc1)c1ccccc1,Cc1ccc(C2(c3ccc(N(c4ccc(C=O)cc4)c4ccc(C5(c6ccc(C)cc6)c6cc(-c7ccccc7)ccc6-c6ccc(-c7ccccc7)cc65)cc4)cc3)c3cc(-c4ccccc4)ccc3-c3ccc(-c4ccccc4)cc32)cc1,525.0,,
N#Cc1ccc(cc1)N(c1ccc(cc1)C1(c2ccc(cc2)C)c2cc(ccc2c2c1cc(cc2)c1ccccc1)c1ccccc1)c1ccc(cc1)C1(c2ccc(cc2)C)c2cc(ccc2c2c1cc(cc2)c1ccccc1)c1ccccc1,Cc1ccc(C2(c3ccc(N(c4ccc(C#N)cc4)c4ccc(C5(c6ccc(C)cc6)c6cc(-c7ccccc7)ccc6-c6ccc(-c7ccccc7)cc65)cc4)cc3)c3cc(-c4ccccc4)ccc3-c3ccc(-c4ccccc4)cc32)cc1,451.0,,
Cc1ccc(cc1)C1(c2ccc(cc2)N(c2ccc(cc2)C2(c3ccc(cc3)C)c3cc(ccc3c3c2cc(cc3)c2ccccc2)c2ccccc2)c2ccc(cc2)[N+](=O)[O-])c2cc(ccc2c2c1cc(cc2)c1ccccc1)c1ccccc1,Cc1ccc(C2(c3ccc(N(c4ccc([N+](=O)[O-])cc4)c4ccc(C5(c6ccc(C)cc6)c6cc(-c7ccccc7)ccc6-c6ccc(-c7ccccc7)cc65)cc4)cc3)c3cc(-c4ccccc4)ccc3-c3ccc(-c4ccccc4)cc32)cc1,549.0,,
N#CC(=Cc1ccc(cc1)N(c1ccc(cc1)C1(c2ccc(cc2)C)c2cc(ccc2c2c1cc(cc2)c1ccccc1)c1ccccc1)c1ccc(cc1)C1(c2ccc(cc2)C)c2cc(ccc2c2c1cc(cc2)c1ccccc1)c1ccccc1)C#N,Cc1ccc(C2(c3ccc(N(c4ccc(C=C(C#N)C#N)cc4)c4ccc(C5(c6ccc(C)cc6)c6cc(-c7ccccc7)ccc6-c6ccc(-c7ccccc7)cc65)cc4)cc3)c3cc(-c4ccccc4)ccc3-c3ccc(-c4ccccc4)cc32)cc1,627.0,,
CC(c1ccc(cc1)c1nnc(o1)c1cccc(c1)c1ccc(cc1)N(c1ccc(cc1)c1cccc(c1)c1nnc(o1)c1ccc(cc1)C(C)(C)C)c1ccc(cc1)c1cccc(c1)c1nnc(o1)c1ccc(cc1)C(C)(C)C)(C)C,CC(C)(C)c1ccc(-c2nnc(-c3cccc(-c4ccc(N(c5ccc(-c6cccc(-c7nnc(-c8ccc(C(C)(C)C)cc8)o7)c6)cc5)c5ccc(-c6cccc(-c7nnc(-c8ccc(C(C)(C)C)cc8)o7)c6)cc5)cc4)c3)o2)cc1,436.0,,
CC(c1ccc(cc1)c1nnc(o1)c1cccc(c1)c1ccc(cc1)N(c1ccc(cc1)c1cccc(c1)c1nnc(o1)c1ccc(cc1)C(C)(C)C)c1ccccc1)(C)C,CC(C)(C)c1ccc(-c2nnc(-c3cccc(-c4ccc(N(c5ccccc5)c5ccc(-c6cccc(-c7nnc(-c8ccc(C(C)(C)C)cc8)o7)c6)cc5)cc4)c3)o2)cc1,428.0,,
[O-][N+](=O)c1cc(ccc1NCCOP(=O)(OP(=O)(O)[O-])O)[N+](=O)[O-].[Be+2].[F-].[F-].[F-],O=[N+]([O-])c1ccc(NCCOP(=O)(O)OP(=O)([O-])O)c([N+](=O)[O-])c1.[Be+2].[F-].[F-].[F-],400.0,,
NNCCO,NNCCO,394.0,,
O=C(N(C)C)Oc1ccc(cc1C)[N+](C)(C)C.[I-],Cc1cc([N+](C)(C)C)ccc1OC(=O)N(C)C.[I-],407.0,53022.0,NMP
CN(C(=O)Oc1ccc(cc1C)N(C)C)C.[Cl-].[H+],Cc1cc(N(C)C)ccc1OC(=O)N(C)C.[Cl-].[H+],397.0,24561.0,NMP
Cc1ccc2c(c1)sc([n+]2C)c1ccc(cc1)N(C)C.[Cl-],Cc1ccc2c(c1)sc(-c1ccc(N(C)C)cc1)[n+]2C.[Cl-],412.0,,
CCNc1cc2[o+]c3c(nc2c2c1cccc2)cc1c2c3CCCN2CCC1,CCNc1cc2[o+]c3c4c5c(cc3nc2c2ccccc12)CCCN5CCC4,750.0,,
CCCCCO,CCCCCO,384.0,38540.0,Toluene
[O-][Cl](=O)(=O)=O.N#Cc1c2cc3CCCN4c3c(c2[o+]c2c1cc1CCCN3c1c2CCC3)CCC4,N#Cc1c2cc3c4c(c2[o+]c2c5c6c(cc12)CCCN6CCC5)CCCN4CCC3.[O-][Cl+3]([O-])([O-])[O-],682.0,,
FC(=C)F,C=C(F)F,444.0,,
CN(c1ccc2c(c1)[o+]c1c(c2)ccc(c1)N(C)C)C.[Cl-],CN(C)c1ccc2cc3ccc(N(C)C)cc3[o+]c2c1.[Cl-],547.0,,
[F-].[Na+],[F-].[Na+],390.0,,
[Na+].[Cl-],[Cl-].[Na+],286.0,,
O=[S+]CCNC(=O)CCNC(=O)[C@@H](C(COP(=O)(OP(=O)(OC[C@H]1O[C@H]([C@@H]([C@@H]1OP(=O)(O)O)O)n1cnc2c1ncnc2N)O)O)(C)C)O,CC(C)(COP(=O)(O)OP(=O)(O)OC[C@H]1O[C@@H](n2cnc3c(N)ncnc32)[C@H](O)[C@@H]1OP(=O)(O)O)[C@@H](O)C(=O)NCCC(=O)NCC[S+]=O,459.0,,
O[C@@H]1[C@@H](O)CN2[C@@H]([C@H]1O)[C@@H](O)CC2,O[C@H]1[C@H](O)[C@@H](O)CN2CC[C@H](O)[C@H]12,458.0,,
OCC[C@H](C(=O)N[C@@H]1[C@@H](C)O[C@@H]([C@H]([C@H]1O)OC)OC)O,CO[C@H]1O[C@H](C)[C@@H](NC(=O)[C@H](O)CCO)[C@H](O)[C@@H]1OC,480.0,,
[Fe][I]I,[Fe][I]I,412.0,,10 − 4–10 − 6 M
I[I][Hg],I[I][Hg],412.0,,10 − 4–10 − 6 M
[K]I,[K][I],411.0,,10 − 4–10 − 6 M
PB[I]I,PB[I]I,411.0,,10 − 4–10 − 6 M
[Ag]I,[Ag][I],425.0,,10 − 4–10 − 6 M
COc1ccc(cc1)C1CC(=NN1c1cccc(c1)S(=O)(=O)c1cccc(c1)N1N=C(CC1c1ccc(cc1)OC)c1ccccc1)c1ccccc1,COc1ccc(C2CC(c3ccccc3)=NN2c2cccc(S(=O)(=O)c3cccc(N4N=C(c5ccccc5)CC4c4ccc(OC)cc4)c3)c2)cc1,346.0,48800.0,dichloromethane
COc1ccc(cc1)C1CC(=NN1c1cccc(c1)S(=O)(=O)c1cccc(c1)N1N=C(CC1c1ccc(cc1)OC)c1ccc(cc1)OC)c1ccc(cc1)OC,COc1ccc(C2=NN(c3cccc(S(=O)(=O)c4cccc(N5N=C(c6ccc(OC)cc6)CC5c5ccc(OC)cc5)c4)c3)C(c3ccc(OC)cc3)C2)cc1,345.0,46000.0,dichloromethane
COc1ccc(cc1)C1CC(=NN1c1cccc(c1)S(=O)(=O)c1cccc(c1)N1N=C(CC1c1ccc(cc1)OC)c1ccc(cc1)Cl)c1ccc(cc1)Cl,COc1ccc(C2CC(c3ccc(Cl)cc3)=NN2c2cccc(S(=O)(=O)c3cccc(N4N=C(c5ccc(Cl)cc5)CC4c4ccc(OC)cc4)c3)c2)cc1,361.0,54100.0,dichloromethane
Nc1ccc2c(c1)nc1c(c2)ccc(c1)[NH3+].[Cl-],Nc1ccc2cc3ccc([NH3+])cc3nc2c1.[Cl-],490.0,,
Nc1ccc2c(c1)[o+]c1c(c2c2ccccc2C(=O)O)ccc(c1)N.[Cl-],Nc1ccc2c(-c3ccccc3C(=O)O)c3ccc(N)cc3[o+]c2c1.[Cl-],515.0,,Water
COC(=O)c1ccccc1c1c2ccc(cc2[o+]c2c1ccc(c2)N)N.[Cl-],COC(=O)c1ccccc1-c1c2ccc(N)cc2[o+]c2cc(N)ccc12.[Cl-],515.0,,Water
Cc1cccc2c1[nH+]ccc2,Cc1cccc2ccc[nH+]c12,340.0,,
Cc1ccc2c(c1)ccc[nH+]2,Cc1ccc2[nH+]cccc2c1,318.0,,
Cc1cc[nH+]c2c1cccc2,Cc1cc[nH+]c2ccccc12,312.0,,
Cc1ccc2c(c1)[nH+]ccc2,Cc1ccc2ccc[nH+]c2c1,317.0,,
C=CCc1ccc(c(c1)OC)O.O=[Zn],C=CCc1ccc(O)c(OC)c1.[O]=[Zn],518.77,,
COC(=O)OC(=O)OC,COC(=O)OC(=O)OC,418.0,400000.0,
CCCCCCCCCCCCCCCCCC(=O)OC[C@@H](OC(=O)CCCCCCCCCCCCCCCCC)COP(=O)(OCC[N+](C)(C)C)[O-],CCCCCCCCCCCCCCCCCC(=O)OC[C@H](COP(=O)([O-])OCC[N+](C)(C)C)OC(=O)CCCCCCCCCCCCCCCCC,418.0,375000.0,
CCCCCCCCC=CCCCCCCCC(=O)OCC(OC(=O)CCCCCCCC=CCCCCCCCC)COP(=O)(OCC[N+](C)(C)C)[O-],CCCCCCCCC=CCCCCCCCC(=O)OCC(COP(=O)([O-])OCC[N+](C)(C)C)OC(=O)CCCCCCCC=CCCCCCCCC,419.0,365000.0,
c1ccc(cc1)c1c2ccccc2c(c2c1cccc2)c1ccc(c2c1cccc2)c1ccc(c2c1cccc2)c1c2ccccc2c(c2c1cccc2)c1ccccc1,c1ccc(-c2c3ccccc3c(-c3ccc(-c4ccc(-c5c6ccccc6c(-c6ccccc6)c6ccccc56)c5ccccc45)c4ccccc34)c3ccccc23)cc1,442.0,,dichloromethane
[O-]C(=O)P(=O)([O-])[O-].[Na+].[Na+].[Na+],O=C([O-])P(=O)([O-])[O-].[Na+].[Na+].[Na+],513.0,,
F[K],[F][K],382.0,,
[Cl-].[Cs+],[Cl-].[Cs+],404.0,,
[Cl-].[Rb+],[Cl-].[Rb+],389.0,,
Cl[K],[Cl][K],400.0,,
[Br-].[Cs+],[Br-].[Cs+],420.0,,
[K]Br,[K][Br],395.0,,
[Na+].[Br-],[Br-].[Na+],410.0,,
[I-].[Cs+],[Cs+].[I-],418.0,,
[Rb+].[I-],[I-].[Rb+],387.0,,
O[C@@H]1[C@H](O)[C@H](O[C@H]1[n+]1cccc(c1)C(=O)N)COP(=O)(OP(=O)(OC[C@H]1O[C@H]([C@@H]([C@@H]1O)O)n1cnc2c1ncnc2N)O)O,NC(=O)c1ccc[n+]([C@@H]2O[C@H](COP(=O)(O)OP(=O)(O)OC[C@H]3O[C@@H](n4cnc5c(N)ncnc54)[C@H](O)[C@@H]3O)[C@@H](O)[C@H]2O)c1,412.0,,
O=[Sr],[O]=[Sr],560.0,,
c1ccc2c(c1)C(C=CC2)C=Cc1ccc(cc1)Oc1ccc2c(c1c1c(ccc3c1cccc3)Oc1ccc(cc1)C=CC1C=CCc3c1cccc3)cccc2,C1=CC(C=Cc2ccc(Oc3ccc4ccccc4c3-c3c(Oc4ccc(C=CC5C=CCc6ccccc65)cc4)ccc4ccccc34)cc2)c2ccccc2C1,336.5,,
B[N]O[B][P][V],B[N]O[B][P][V],328.5,,
CC1(C)c2cc(ccc2c2c1cc(cc2)c1ccc(cc1)[Si](c1ccccc1)(c1ccccc1)c1ccccc1)[Si](c1ccccc1)(c1ccccc1)c1ccccc1,CC1(C)c2cc(-c3ccc([Si](c4ccccc4)(c4ccccc4)c4ccccc4)cc3)ccc2-c2ccc([Si](c3ccccc3)(c3ccccc3)c3ccccc3)cc21,321.0,,
Cc1ccc(cc1)C#Cc1cc(C(=O)c2ccc(cc2)C#Cc2ccc(cc2)C)c2c3c1ccc1c3c(cc2)c(cc1C#Cc1ccc(cc1)C)C#Cc1ccc(cc1)C,Cc1ccc(C#Cc2ccc(C(=O)c3cc(C#Cc4ccc(C)cc4)c4ccc5c(C#Cc6ccc(C)cc6)cc(C#Cc6ccc(C)cc6)c6ccc3c4c56)cc2)cc1,458.0,,hexane
[Cd][Se][I]I,[Cd][Se][I]I,530.0,,
POPOP,POPOP,358.0,,Cyclohexane
OC(=O)[C@H](C(C(=O)O)(C)C)N,CC(C)(C(=O)O)[C@H](N)C(=O)O,460.0,78400.0,
CN1CCc2cc3OCOc3cc2C(=O)Cc2c(C1)c1OCOc1cc2.[Cl-].[H+],CN1CCc2cc3c(cc2C(=O)Cc2ccc4c(c2C1)OCO4)OCO3.[Cl-].[H+],290.0,9700.0,MeOH
[CH2][V],[CH2][V],602.0,,
C1CCN(CC1)CCOc1cccc2c1OCCO2.[Cl-].[H+],[Cl-].[H+].c1cc2c(c(OCCN3CCCCC3)c1)OCCO2,397.0,,
CCCOC(c1ccccc1)(c1ccccc1)C(=O)OC1CC[NH+](CC1)C.[Cl-],CCCOC(C(=O)OC1CC[NH+](C)CC1)(c1ccccc1)c1ccccc1.[Cl-],368.0,,
NC(=N)NCCC[C@@H](C(=O)O)N,N=C(N)NCCC[C@H](N)C(=O)O,497.2,,
CCCC(=O)OCC,CCCC(=O)OCC,221.6,,
CCOC(=O)CCC(=O)OCC,CCOC(=O)CCC(=O)OCC,832.8,,
CC(CCOC(=O)C)C,CC(=O)OCCC(C)C,311.3,,
CCOC(=O)CC,CCOC(=O)CC,290.3,,
CCCCCCCCCC(=O)OCC,CCCCCCCCCC(=O)OCC,327.2,,
[O-]N=O,O=N[O-],814.0,,
O=C(Nc1cccc(c1)C(=O)Nc1cc(ccc1C)C(=O)Nc1ccc(c2c1c(cc(c2)S(=O)(=O)O)S(=O)(=O)O)S(=O)(=O)O)Nc1cccc(c1)C(=O)Nc1cc(ccc1C)C(=O)Nc1ccc(c2c1c(cc(c2)S(=O)(=O)O)S(=O)(=O)O)S(=O)(=O)O,Cc1ccc(C(=O)Nc2ccc(S(=O)(=O)O)c3cc(S(=O)(=O)O)cc(S(=O)(=O)O)c23)cc1NC(=O)c1cccc(NC(=O)Nc2cccc(C(=O)Nc3cc(C(=O)Nc4ccc(S(=O)(=O)O)c5cc(S(=O)(=O)O)cc(S(=O)(=O)O)c45)ccc3C)c2)c1,500.0,,
FC1N(C)C=CC=C1C1=C2C=CC(=N2)C(=c2ccc(=C(C3=NC(=C(c4[nH]c1cc4)C1=CC=CN(C1F)C)C=C3)C1=CC=CN(C1F)C)[nH]2)C1=CC=CN(C1F)C,CN1C=CC=C(c2c3nc(c(C4=CC=CN(C)C4F)c4ccc([nH]4)c(C4=CC=CN(C)C4F)c4nc(c(C5=CC=CN(C)C5F)c5ccc2[nH]5)C=C4)C=C3)C1F,648.0,283000.0,
OS(=O)(=O)O.C=C[C@H]1CN2CCC1C[C@H]2[C@@H](c1ccnc2c1cc(OC)cc2)O.C=C[C@H]1CN2CCC1C[C@H]2[C@@H](c1ccnc2c1cc(OC)cc2)O.O.O,C=C[C@H]1CN2CCC1C[C@H]2[C@H](O)c1ccnc2ccc(OC)cc12.C=C[C@H]1CN2CCC1C[C@H]2[C@H](O)c1ccnc2ccc(OC)cc12.O.O.O=S(=O)(O)O,452.0,,
CN1CCN(CC1)c1ccc2c(c1)CN=C(N2)c1ccc2c(c1)CNC(=C1C=CC(=O)C=C1)N2.O.[Cl-].[Cl-].[Cl-].[H+].[H+].[H+],CN1CCN(c2ccc3c(c2)CN=C(c2ccc4c(c2)CNC(=C2C=CC(=O)C=C2)N4)N3)CC1.O.[Cl-].[Cl-].[Cl-].[H+].[H+].[H+],339.0,,
C#CC1=C(C=O)COc2c1cccc2,C#CC1=C(C=O)COc2ccccc21,210.0,,
C#Cc1ccc2c(n1)cccc2,C#Cc1ccc2ccccc2n1,223.0,,
CN(c1ccc(cc1)C(=O)NC(C)C)C,CC(C)NC(=O)c1ccc(N(C)C)cc1,304.0,,Cl
Cc1ccc(cc1)c1cc2c3c4c1c1ccc5c6c1c(c4ccc3c(=O)n(c2=O)CC(C)CC)ccc6c(=O)n(c5=O)CC(C)CC,CCC(C)CN1C(=O)c2ccc3c4ccc5c6c(cc(-c7ccc(C)cc7)c(c7ccc(c2c37)C1=O)c64)C(=O)N(CC(C)CC)C5=O,536.0,37350.0,
C1=C(C)C(=O)NC1=Cc1[nH]c(c(c1C)C(=O)O)C(c1[nH]c(c(c1C(=O)O)C)C=C1NC(=O)C(=C1CC)C)(C)C,CCC1=C(C)C(=O)NC1=Cc1[nH]c(C(C)(C)c2[nH]c(C=C3C=C(C)C(=O)N3)c(C)c2C(=O)O)c(C(=O)O)c1C,445.0,,Benzene
COC(=O)Cc1c(C)c([nH]c1C(c1[nH]c(c(c1C(=O)OC)C)C=C1NC(=O)C(=C1CC)C)(C)C)C=C1NC(=O)C(=C1CC)C,CCC1=C(C)C(=O)NC1=Cc1[nH]c(C(C)(C)c2[nH]c(C=C3NC(=O)C(C)=C3CC)c(C)c2C(=O)OC)c(CC(=O)OC)c1C,434.0,,Benzene
CCN(c1ccc(cc1)C=C1C(=Cc2ccc(cc2)N(CC)CC)C1=O)CC,CCN(CC)c1ccc(C=c2c(=O)c2=Cc2ccc(N(CC)CC)cc2)cc1,771.0,41000.0,
CN(c1ccc(cc1)C1=C(O)C(=O)C1=O)C,CN(C)c1ccc(-c2c(O)c(=O)c2=O)cc1,565.0,38750.0,barium sulfate
CN(c1ccc(cc1)C(=O)Nc1ccc2c(c1)OCCOCCOCCOCCO2)C,CN(C)c1ccc(C(=O)Nc2ccc3c(c2)OCCOCCOCCOCCO3)cc1,321.5,,DEE
CN(c1ccc(cc1)C=Cc1ccc(cc1)C=Cc1ccccc1)C,CN(C)c1ccc(C=Cc2ccc(C=Cc3ccccc3)cc2)cc1,409.5,,Benzene
CN(c1ccc2c3c1cccc3c1c3c2ccc2c3c(cc1)C(=O)OC2=O)C,CN(C)c1ccc2c3ccc4c5c(ccc(c6cccc1c62)c53)C(=O)OC4=O,563.0,,
CN(c1ccccc1C=O)C,CN(C)c1ccccc1C=O,415.0,,Butanol
CN(c1ccc2c3c1cccc3c1c2nc(c(n1)C(=O)O)C(=O)O)c1ccccc1,CN(c1ccccc1)c1ccc2c3c(cccc13)-c1nc(C(=O)O)c(C(=O)O)nc1-2,450.5,,
CN(c1ccc2c3c1cccc3c1c2nc2c(n1)cc(c(c2)C(=O)O)C(=O)O)c1ccccc1,CN(c1ccccc1)c1ccc2c3c(cccc13)-c1nc3cc(C(=O)O)c(C(=O)O)cc3nc1-2,429.5,,
CN1c2ccc(cc2Sc2c1ccc(c2)C=C1SC(=S)N(C1=O)CC(=O)O)n1c2ccc(cc2c2c1ccc(c2)n1c2ccc(cc2c2c1ccc(c2)C(C)(C)C)C(C)(C)C)n1c2ccc(cc2c2c1ccc(c2)C(C)(C)C)C(C)(C)C,CN1c2ccc(C=C3SC(=S)N(CC(=O)O)C3=O)cc2Sc2cc(-n3c4ccc(-n5c6ccc(C(C)(C)C)cc6c6cc(C(C)(C)C)ccc65)cc4c4cc(-n5c6ccc(C(C)(C)C)cc6c6cc(C(C)(C)C)ccc65)ccc43)ccc21,459.5,35010.0,dichloromethane
CN1c2ccc(cc2Sc2c1cccc2)C=C(C(=O)O)C#N,CN1c2ccccc2Sc2cc(C=C(C#N)C(=O)O)ccc21,442.3333333333333,14334.0,
C[C@H](N(C(=O)c1cc2ccccc2cc1c1cc2ccccc2cc1C(=O)OC)C)C,COC(=O)c1cc2ccccc2cc1-c1cc2ccccc2cc1C(=O)N(C)C(C)C,257.2,18150.0,
C[C@H](NC(=O)c1cc2ccccc2cc1c1cc2ccccc2cc1C(=O)OC)C,COC(=O)c1cc2ccccc2cc1-c1cc2ccccc2cc1C(=O)NC(C)C,226.7,22200.0,
COc1c(OC)c2sc1C(=C1C=CC(=N1)C(=c1ccc(=C(C3=NC(=C2c2ccccc2)C=C3)c2ccccc2)[nH]1)c1ccccc1)c1ccccc1,COc1c(OC)c2sc1c(-c1ccccc1)c1nc(c(-c3ccccc3)c3ccc([nH]3)c(-c3ccccc3)c3nc(c2-c2ccccc2)C=C3)C=C1,678.3333333333334,245880.8467,
COc1c(OC)c2sc1C(=C1C=CC(=N1)C(=c1sc(=C(C3=NC(=C2c2ccccc2)C=C3)c2ccccc2)c(c1OC)OC)c1ccccc1)c1ccccc1,COc1c(OC)c2sc1c(-c1ccccc1)c1nc(c(-c3ccccc3)c3sc(c(OC)c3OC)c(-c3ccccc3)c3nc(c2-c2ccccc2)C=C3)C=C1,704.5,168163.74305,
COc1cc(C=Cc2ccc(cc2)N(c2ccc(cc2)C=Cc2cc(OC)c(c(c2)OC)OC)c2ccc(cc2)C=Cc2cc(OC)c(c(c2)OC)OC)cc(c1OC)OC,COc1cc(C=Cc2ccc(N(c3ccc(C=Cc4cc(OC)c(OC)c(OC)c4)cc3)c3ccc(C=Cc4cc(OC)c(OC)c(OC)c4)cc3)cc2)cc(OC)c1OC,393.0,,
COc1c(OC)c(C#Cc2ccc(c(c2)OC)OC)c2c(c1C#Cc1ccc(c(c1)OC)OC)non2,COc1ccc(C#Cc2c(OC)c(OC)c(C#Cc3ccc(OC)c(OC)c3)c3nonc23)cc1OC,436.0,,
COc1c(OC)c(C#Cc2ccc(cc2)OC)c2c(c1C#Cc1ccc(cc1)OC)non2,COc1ccc(C#Cc2c(OC)c(OC)c(C#Cc3ccc(OC)cc3)c3nonc23)cc1,427.5,,
COc1cc(ccc1OC)C#Cc1ccc(c2c1nsn2)C#Cc1ccc(c(c1)OC)OC,COc1ccc(C#Cc2ccc(C#Cc3ccc(OC)c(OC)c3)c3nsnc23)cc1OC,445.0,,Dichloromethane
COc1ccc(cc1)C1CC(=NN1c1ccc(c(c1)C)C)c1ccc(cc1)Cl,COc1ccc(C2CC(c3ccc(Cl)cc3)=NN2c2ccc(C)c(C)c2)cc1,412.6,,
COc1ccc(cc1)C1CC(=NN1c1ccc(c(c1)C)C)c1ccc(cc1)F,COc1ccc(C2CC(c3ccc(F)cc3)=NN2c2ccc(C)c(C)c2)cc1,349.55555555555554,,
COc1ccc(cc1)C=Cc1nc(C#N)c(nc1C=Cc1ccc(cc1)C=O)C#N,COc1ccc(C=Cc2nc(C#N)c(C#N)nc2C=Cc2ccc(C=O)cc2)cc1,412.6666666666667,,
COc1ccc(cc1)N(c1ccc2c3c1cccc3c1c3c2cccc3c(cc1)C#CC=C(C(=O)O)C#N)c1ccc(cc1)OC,COc1ccc(N(c2ccc(OC)cc2)c2ccc3c4cccc5c(C#CC=C(C#N)C(=O)O)ccc(c6cccc2c63)c54)cc1,499.5,40500.0,toluene
COc1ccc(cc1)N1c2ccccc2Sc2c1ccc(c2)C=C(C(=O)O)C#N,COc1ccc(N2c3ccccc3Sc3cc(C=C(C#N)C(=O)O)ccc32)cc1,459.3333333333333,19320.0,
COc1ccc2c(c1)oc(n2)c1ccc(cc1)OC(=O)c1ccc2c(c1)nc(c(n2)c1ccc(c(c1)OC)OC)c1ccc(c(c1)OC)OC,COc1ccc2nc(-c3ccc(OC(=O)c4ccc5nc(-c6ccc(OC)c(OC)c6)c(-c6ccc(OC)c(OC)c6)nc5c4)cc3)oc2c1,397.0,,
COc1ccccc1c1ccc(cc1)C=Cc1ccc(cc1)c1ccccc1[N+](=O)[O-],COc1ccccc1-c1ccc(C=Cc2ccc(-c3ccccc3[N+](=O)[O-])cc2)cc1,444.0,,
COc1ccccc1c1ccc(cc1)C=Cc1ccc(cc1)S(=O)(=O)OC,COc1ccccc1-c1ccc(C=Cc2ccc(S(=O)(=O)OC)cc2)cc1,340.0,,
Cc1sc2c(c1C1=C(C(=O)CC1)c1cc(sc1C)C)cccc2,Cc1cc(C2=C(c3c(C)sc4ccccc34)CCC2=O)c(C)s1,311.0,,
Cc1ccc(s1)c1sc(c2c1cc1ccccc1c2)c1cccs1,Cc1ccc(-c2sc(-c3cccs3)c3cc4ccccc4cc23)s1,586.5,,CH 2 Cl
Cc1ccc(cc1)C#Cc1c(C#Cc2ccc(cc2)C)c(C#Cc2ccc(cc2)C)c(c(c1C#Cc1ccc(cc1)C)C#Cc1ccc(cc1)C)F,Cc1ccc(C#Cc2c(F)c(C#Cc3ccc(C)cc3)c(C#Cc3ccc(C)cc3)c(C#Cc3ccc(C)cc3)c2C#Cc2ccc(C)cc2)cc1,430.5,,
Cc1ccc(cc1)C#Cc1c(C#Cc2ccc(cc2)C)c(C#Cc2ccc(cc2)C)c(c(c1C#Cc1ccc(cc1)C)F)F,Cc1ccc(C#Cc2c(F)c(F)c(C#Cc3ccc(C)cc3)c(C#Cc3ccc(C)cc3)c2C#Cc2ccc(C)cc2)cc1,422.0,,
CN(c1ccccc1)N=Cc1ccc(cc1)N(c1ccc(cc1)C=C1SC(=S)N(C1=O)CC(=O)O)c1ccc(cc1)C,Cc1ccc(N(c2ccc(C=NN(C)c3ccccc3)cc2)c2ccc(C=C3SC(=S)N(CC(=O)O)C3=O)cc2)cc1,496.5,,
Cc1ccc2c(c1)sc(n2)N=Nc1nc2c(s1)cc(cc2)C,Cc1ccc2nc(N=Nc3nc4ccc(C)cc4s3)sc2c1,461.5,33500.0,
O=C1NC(=O)C(=C1c1c(C)sc2c1cccc2)c1c(C)sc2c1cccc2,Cc1sc2ccccc2c1C1=C(c2c(C)sc3ccccc23)C(=O)NC1=O,396.5,,
Cn1c(nc(c1c1ccccc1)c1ccccc1)c1ccc(cc1)c1nc(c(n1C)c1ccccc1)c1ccccc1,Cn1c(-c2ccc(-c3nc(-c4ccccc4)c(-c4ccccc4)n3C)cc2)nc(-c2ccccc2)c1-c1ccccc1,372.5,,
Cn1c(=S)n(c(c1P(=O)(c1ccccc1)c1ccccc1)P(=O)(c1ccccc1)c1ccccc1)C,Cn1c(P(=O)(c2ccccc2)c2ccccc2)c(P(=O)(c2ccccc2)c2ccccc2)n(C)c1=S,268.5,,
Cn1c(=S)n(c(c1P(=S)(c1ccccc1)c1ccccc1)P(=S)(c1ccccc1)c1ccccc1)C,Cn1c(P(=S)(c2ccccc2)c2ccccc2)c(P(=S)(c2ccccc2)c2ccccc2)n(C)c1=S,268.0,,
Cn1c2ccc(cc2c2c1ccc(c2)c1ccc(o1)C=C(C(=O)O)C#N)c1ccc(cc1)N(c1ccccc1)c1ccccc1,Cn1c2ccc(-c3ccc(N(c4ccccc4)c4ccccc4)cc3)cc2c2cc(-c3ccc(C=C(C#N)C(=O)O)o3)ccc21,468.0,,
Cn1c2ccccc2c2c1cccc2,Cn1c2ccccc2c2ccccc21,349.0,3500.0,
Cn1cc(n(c1=S)C)P(c1ccccc1)c1ccccc1,Cn1cc(P(c2ccccc2)c2ccccc2)n(C)c1=S,240.0,,
[O-][N+](=O)c1ccc(cc1)c1onc2c1c1ncn(c1cc2[N+](=O)[O-])C,Cn1cnc2c3c(-c4ccc([N+](=O)[O-])cc4)onc3c([N+](=O)[O-])cc21,422.5,,
C(=O)NC1=CC(=O)C(=O)c2c1cccc2,O=CNC1=CC(=O)C(=O)c2ccccc21,271.0,,ethanol
[O-][N+](=O)c1ccc(cc1)C1C2N1C(N=C2c1ccccc1)c1cn(c2c1cccc2)Cn1cc(c2c1cccc2)C1N=C(C2N1C2c1ccc(cc1)[N+](=O)[O-])c1ccccc1,O=[N+]([O-])c1ccc(C2C3C(c4ccccc4)=NC(c4cn(Cn5cc(C6N=C(c7ccccc7)C7C(c8ccc([N+](=O)[O-])cc8)N67)c6ccccc65)c5ccccc45)N32)cc1,208.0,,
[O-][N+](=O)c1cccc(c1)C1C2N1C(N=C2c1ccccc1)c1cn(c2c1cccc2)Cn1cc(c2c1cccc2)C1N=C(C2N1C2c1cccc(c1)[N+](=O)[O-])c1ccccc1,O=[N+]([O-])c1cccc(C2C3C(c4ccccc4)=NC(c4cn(Cn5cc(C6N=C(c7ccccc7)C7C(c8cccc([N+](=O)[O-])c8)N67)c6ccccc65)c5ccccc45)N32)c1,217.5,,
OC#Cc1ccc2c(n1)cccc2,OC#Cc1ccc2ccccc2n1,230.0,,
OCOc1c2ccccc2cc2c1cccc2,OCOc1c2ccccc2cc2ccccc12,372.0,,Acetonitrile
C(=NO)c1ccccn1,ON=Cc1ccccn1,274.5,,
C(=NO)c1cccnc1,ON=Cc1cccnc1,240.5,,
c1ccc(nc1)c1[nH]nc(n1)Cc1n[nH]c(n1)c1ccccn1,c1ccc(-c2nc(Cc3n[nH]c(-c4ccccn4)n3)n[nH]2)nc1,242.0,,
