canonical_smi,scaffold,scaffold_group,in_train,in_test
O=C1O[C@H]([C@@H](O)CO)C(O)=C1O,O=C1C=CCO1,O=C1C=CCO1,False,True
O=C(O[C@@H]1Cc2c(O)cc(O)cc2O[C@@H]1c1cc(O)c(O)c(O)c1)c1cc(O)c(O)c(O)c1,O=C(O[C@@H]1Cc2ccccc2O[C@@H]1c1ccccc1)c1ccccc1,O=C(O[C@@H]1Cc2ccccc2O[C@@H]1c1ccccc1)c1ccccc1,True,False
COC(=O)Cc1ccc(OC[C@@H]2CO2)cc1,c1ccc(OC[C@@H]2CO2)cc1,c1ccc(OC[C@@H]2CO2)cc1,True,False
CC1COc2c(N3CCN(C)CC3)c(F)cc3c(=O)c(C(=O)O)cn1c23,O=c1ccn2c3c(c(N4CCNCC4)ccc13)OCC2,O=c1ccn2c3c(c(N4CCNCC4)ccc13)OCC2,True,False
CN(C)c1ncnc2c1ncn2CC(N)C(=O)O,c1ncc2nc[nH]c2n1,c1ncc2nc[nH]c2n1,True,False
NC(Cn1cnc2c(NC3CC3)ncnc21)C(=O)O,c1nc(NC2CC2)c2nc[nH]c2n1,c1nc(NC2CC2)c2nc[nH]c2n1,True,False
NC(Cn1cnc2c(S)ncnc21)C(=O)O,c1ncc2nc[nH]c2n1,c1ncc2nc[nH]c2n1,True,False
CN(C)c1nc(N)nc2c1ncn2CC(N)C(=O)O,c1ncc2nc[nH]c2n1,c1ncc2nc[nH]c2n1,True,False
Nc1nc(NC2CC2)c2ncn(CC(N)C(=O)O)c2n1,c1nc(NC2CC2)c2nc[nH]c2n1,c1nc(NC2CC2)c2nc[nH]c2n1,True,False
Nc1nc2c(ncn2CC(N)C(=O)O)c(=O)[nH]1,O=c1[nH]cnc2[nH]cnc12,O=c1[nH]cnc2[nH]cnc12,True,False
Nc1nc(S)c2ncn(CC(N)C(=O)O)c2n1,c1ncc2nc[nH]c2n1,c1ncc2nc[nH]c2n1,True,False
CC(C)=CCCCC(=O)c1c(O)cc(O)cc1O,c1ccccc1,c1ccccc1,False,True
COc1ccc2c(c1)c(CC(=O)OCC(=O)Nc1ccc3c(c1)OCO3)c(C)n2C(=O)c1ccc(Cl)cc1,O=C(COC(=O)Cc1cn(C(=O)c2ccccc2)c2ccccc12)Nc1ccc2c(c1)OCO2,O=C(COC(=O)Cc1cn(C(=O)c2ccccc2)c2ccccc12)Nc1ccc2c(c1)OCO2,True,False
COC(=O)c1sccc1NC(=O)COC(=O)Cc1c(C)n(C(=O)c2ccc(Cl)cc2)c2ccc(OC)cc12,O=C(COC(=O)Cc1cn(C(=O)c2ccccc2)c2ccccc12)Nc1ccsc1,O=C(COC(=O)Cc1cn(C(=O)c2ccccc2)c2ccccc12)Nc1ccsc1,True,False
COc1ccc2c(c1)c(CC(=O)OCC(=O)NCc1ccccc1)c(C)n2C(=O)c1ccc(Cl)cc1,O=C(COC(=O)Cc1cn(C(=O)c2ccccc2)c2ccccc12)NCc1ccccc1,O=C(COC(=O)Cc1cn(C(=O)c2ccccc2)c2ccccc12)NCc1ccccc1,True,False
COc1ccc2c(c1)c(CC(=O)OCC(=O)N1CCSCC1)c(C)n2C(=O)c1ccc(Cl)cc1,O=C(Cc1cn(C(=O)c2ccccc2)c2ccccc12)OCC(=O)N1CCSCC1,O=C(Cc1cn(C(=O)c2ccccc2)c2ccccc12)OCC(=O)N1CCSCC1,True,False
C(=Cc1ccc2ccccc2n1)c1ccccc1,C(=Cc1ccc2ccccc2n1)c1ccccc1,C(=Cc1ccc2ccccc2n1)c1ccccc1,True,False
Cc1ccc2ccc(C(=O)NCc3ccccc3)c(O)c2n1,O=C(NCc1ccccc1)c1ccc2cccnc2c1,O=C(NCc1ccccc1)c1ccc2cccnc2c1,True,False
COC(=O)C(Cc1ccccc1)NC(=O)C(N)CC(=O)O,c1ccccc1,c1ccccc1,False,True
COc1cc(C[C@@H](CO)[C@H](CO)Cc2ccc(O)c(OC)c2)ccc1O,c1ccc(CCCCc2ccccc2)cc1,c1ccc(CCCCc2ccccc2)cc1,False,True
COc1cc([C@H]2OC[C@H]3[C@@H]2CO[C@@H]3c2ccc(O)c(OC)c2)ccc1O,c1ccc([C@H]2OC[C@H]3[C@@H]2CO[C@@H]3c2ccccc2)cc1,c1ccc([C@H]2OC[C@H]3[C@@H]2CO[C@@H]3c2ccccc2)cc1,True,False
C[C@]12CC[C@@H]3c4ccc(O)cc4CC[C@H]3[C@@H]1CC[C@@H]2O,c1ccc2c(c1)CC[C@@H]1[C@@H]2CCC2CCC[C@H]21,c1ccc2c(c1)CC[C@@H]1[C@@H]2CCC2CCC[C@H]21,True,False
CC(C=CC1=C(C)CCCC1(C)C)=CC=CC(C)=CC(=O)O,C1=CCCCC1,C1=CCCCC1,False,True
CC(C)=CCCC(C)=CC=O,,acyclic_23,True,False
[2H]C#C[C@@]1(O)[C@@H](CO)OC(n2cc(O)c(=O)[nH]c2=O)[C@@H]1O,O=c1ccn(C2CCCO2)c(=O)[nH]1,O=c1ccn(C2CCCO2)c(=O)[nH]1,True,False
[2H]C#C[C@@]1(O)[C@@H](CO)OC(n2cc(Cl)c(=O)[nH]c2=O)[C@@H]1O,O=c1ccn(C2CCCO2)c(=O)[nH]1,O=c1ccn(C2CCCO2)c(=O)[nH]1,True,False
[2H]C#C[C@@]1(O)[C@@H](CO)OC(n2cc(Br)c(=O)[nH]c2=O)[C@@H]1O,O=c1ccn(C2CCCO2)c(=O)[nH]1,O=c1ccn(C2CCCO2)c(=O)[nH]1,True,False
[2H]C#C[C@@]1(O)[C@@H](CO)OC(n2cc(I)c(=O)[nH]c2=O)[C@@H]1O,O=c1ccn(C2CCCO2)c(=O)[nH]1,O=c1ccn(C2CCCO2)c(=O)[nH]1,True,False
[2H]C#C[C@@]1(O)[C@@H](CO)OC(n2ncc(=O)[nH]c2=O)[C@@H]1O,O=c1cnn(C2CCCO2)c(=O)[nH]1,O=c1cnn(C2CCCO2)c(=O)[nH]1,True,False
O=c1[nH]c(=O)n([C@@H]2O[C@H](CO)[C@@H](O)[C@H]2O)cc1O,O=c1ccn([C@H]2CCCO2)c(=O)[nH]1,O=c1ccn([C@H]2CCCO2)c(=O)[nH]1,True,False
O=c1cnn([C@@H]2O[C@H](CO)[C@@H](O)[C@H]2O)c(=O)[nH]1,O=c1cnn([C@H]2CCCO2)c(=O)[nH]1,O=c1cnn([C@H]2CCCO2)c(=O)[nH]1,True,False
O=[N+]([O-])c1cccc(B(O)O)c1,c1ccccc1,c1ccccc1,False,True
Cc1cc2c(n1-c1ccccc1)CCc1cc(S(=O)(=O)c3ccccc3)c(=O)[nH]c1-2,O=c1[nH]c2c(cc1S(=O)(=O)c1ccccc1)CCc1c-2ccn1-c1ccccc1,O=c1[nH]c2c(cc1S(=O)(=O)c1ccccc1)CCc1c-2ccn1-c1ccccc1,True,False
Cc1cc2c(n1-c1ccccc1)CCc1cc(C(=O)c3ccccc3)c(=O)[nH]c1-2,O=C(c1ccccc1)c1cc2c([nH]c1=O)-c1ccn(-c3ccccc3)c1CC2,O=C(c1ccccc1)c1cc2c([nH]c1=O)-c1ccn(-c3ccccc3)c1CC2,True,False
Cc1cc2c(n1-c1ccccc1)CCc1cc(C#N)c(=O)[nH]c1-2,O=c1ccc2c([nH]1)-c1ccn(-c3ccccc3)c1CC2,O=c1ccc2c([nH]1)-c1ccn(-c3ccccc3)c1CC2,False,True
CCOC(=O)c1cc2c([nH]c1=O)-c1cc(C)n(-c3ccccc3)c1CC2,O=c1ccc2c([nH]1)-c1ccn(-c3ccccc3)c1CC2,O=c1ccc2c([nH]1)-c1ccn(-c3ccccc3)c1CC2,False,True
Cc1cc2c(n1C)CCc1cc(S(=O)(=O)c3ccccc3)c(=O)[nH]c1-2,O=c1[nH]c2c(cc1S(=O)(=O)c1ccccc1)CCc1[nH]ccc1-2,O=c1[nH]c2c(cc1S(=O)(=O)c1ccccc1)CCc1[nH]ccc1-2,False,True
Cc1cc2c(n1C)CCc1cc(C(=O)c3ccccc3)c(=O)[nH]c1-2,O=C(c1ccccc1)c1cc2c([nH]c1=O)-c1cc[nH]c1CC2,O=C(c1ccccc1)c1cc2c([nH]c1=O)-c1cc[nH]c1CC2,True,False
Cc1cc2c(n1Cc1ccccc1)CCc1cc(S(=O)(=O)c3ccccc3)c(=O)[nH]c1-2,O=c1[nH]c2c(cc1S(=O)(=O)c1ccccc1)CCc1c-2ccn1Cc1ccccc1,O=c1[nH]c2c(cc1S(=O)(=O)c1ccccc1)CCc1c-2ccn1Cc1ccccc1,True,False
O=C(c1ccccc1)c1cc2c([nH]c1=O)-c1ccn(Cc3ccccc3)c1CC2,O=C(c1ccccc1)c1cc2c([nH]c1=O)-c1ccn(Cc3ccccc3)c1CC2,O=C(c1ccccc1)c1cc2c([nH]c1=O)-c1ccn(Cc3ccccc3)c1CC2,True,False
Cc1cc2c(ccc3c(C)cc(=O)[nH]c32)[nH]1,O=c1ccc2ccc3[nH]ccc3c2[nH]1,O=c1ccc2ccc3[nH]ccc3c2[nH]1,False,True
Cc1cnc(O[Si](C)(C)C)nc1O[Si](C)(C)C,c1cncnc1,c1cncnc1,False,True
O=C1OC2(c3ccc(O)cc3Oc3cc(O)ccc32)c2ccc(N=C=S)cc21,O=C1OC2(c3ccccc3Oc3ccccc32)c2ccccc21,O=C1OC2(c3ccccc3Oc3ccccc32)c2ccccc21,False,True
CCc1cc(=O)c2cc(O)ccc2o1,O=c1ccoc2ccccc12,O=c1ccoc2ccccc12,False,True
CCCc1cc(=O)c2cc(O)ccc2o1,O=c1ccoc2ccccc12,O=c1ccoc2ccccc12,False,True
CC(C)c1cc(=O)c2cc(O)ccc2o1,O=c1ccoc2ccccc12,O=c1ccoc2ccccc12,False,True
CC(C)Cc1cc(=O)c2cc(O)ccc2o1,O=c1ccoc2ccccc12,O=c1ccoc2ccccc12,False,True
CC(C)(C)c1cc(=O)c2cc(O)ccc2o1,O=c1ccoc2ccccc12,O=c1ccoc2ccccc12,False,True
Cc1cc(=O)c2cc(O)ccc2o1,O=c1ccoc2ccccc12,O=c1ccoc2ccccc12,False,True
CCCc1cc(=O)c2ccc(O)cc2o1,O=c1ccoc2ccccc12,O=c1ccoc2ccccc12,False,True
CC(C)c1cc(=O)c2ccc(O)cc2o1,O=c1ccoc2ccccc12,O=c1ccoc2ccccc12,False,True
CC(C)Cc1cc(=O)c2ccc(O)cc2o1,O=c1ccoc2ccccc12,O=c1ccoc2ccccc12,False,True
CC(C)(C)c1cc(=O)c2ccc(O)cc2o1,O=c1ccoc2ccccc12,O=c1ccoc2ccccc12,False,True
Cc1cc(=O)c2ccc(O)cc2o1,O=c1ccoc2ccccc12,O=c1ccoc2ccccc12,False,True
CC(C)(C)c1cc(=O)c2cc3c(cc2o1)OCO3,O=c1ccoc2cc3c(cc12)OCO3,O=c1ccoc2cc3c(cc12)OCO3,True,False
CC(C)Cc1cc(=O)c2cc3c(cc2o1)OCO3,O=c1ccoc2cc3c(cc12)OCO3,O=c1ccoc2cc3c(cc12)OCO3,True,False
O=C(NCCOCCOCCNC(=O)c1cc2cc(Cl)ccc2[nH]1)c1cc2cc(Cl)ccc2[nH]1,O=C(NCCOCCOCCNC(=O)c1cc2ccccc2[nH]1)c1cc2ccccc2[nH]1,O=C(NCCOCCOCCNC(=O)c1cc2ccccc2[nH]1)c1cc2ccccc2[nH]1,True,False
Cc1c2[nH]c(c1CCC(=O)O)Cc1[nH]c(c(CCC(=O)O)c1C)Cc1[nH]c(c(CCC(=O)O)c1C)Cc1[nH]c(c(C)c1CCC(=O)O)C2,c1cc2[nH]c1Cc1ccc([nH]1)Cc1ccc([nH]1)Cc1ccc([nH]1)C2,c1cc2[nH]c1Cc1ccc([nH]1)Cc1ccc([nH]1)Cc1ccc([nH]1)C2,True,False
C[C@@H](Cl)CCl,,acyclic_58,True,False
CCOc1nc(-c2ccc(Cl)cc2)cc(-c2ccc(N3CCOCC3)cc2)c1C#N,c1ccc(-c2cc(-c3ccc(N4CCOCC4)cc3)ccn2)cc1,c1ccc(-c2cc(-c3ccc(N4CCOCC4)cc3)ccn2)cc1,True,False
N#Cc1ccc(-c2ccc(F)cc2)nc1,c1ccc(-c2ccccn2)cc1,c1ccc(-c2ccccn2)cc1,True,False
CCOc1nc(-c2ccc(F)cc2)cc(-c2ccc(N3CCOCC3)cc2)c1C#N,c1ccc(-c2cc(-c3ccc(N4CCOCC4)cc3)ccn2)cc1,c1ccc(-c2cc(-c3ccc(N4CCOCC4)cc3)ccn2)cc1,True,False
CCOc1nc(-c2ccc(C)cc2)cc(-c2ccc(N3CCOCC3)cc2)c1C#N,c1ccc(-c2cc(-c3ccc(N4CCOCC4)cc3)ccn2)cc1,c1ccc(-c2cc(-c3ccc(N4CCOCC4)cc3)ccn2)cc1,True,False
CCOc1nc(-c2ccc(OC)cc2)cc(-c2ccc(N3CCOCC3)cc2)c1C#N,c1ccc(-c2cc(-c3ccc(N4CCOCC4)cc3)ccn2)cc1,c1ccc(-c2cc(-c3ccc(N4CCOCC4)cc3)ccn2)cc1,True,False
CCOc1nc(-c2cccs2)cc(-c2ccc(N3CCOCC3)cc2)c1C#N,c1csc(-c2cc(-c3ccc(N4CCOCC4)cc3)ccn2)c1,c1csc(-c2cc(-c3ccc(N4CCOCC4)cc3)ccn2)c1,True,False
CCOc1nc(-c2ccco2)cc(-c2ccc(N3CCOCC3)cc2)c1C#N,c1coc(-c2cc(-c3ccc(N4CCOCC4)cc3)ccn2)c1,c1coc(-c2cc(-c3ccc(N4CCOCC4)cc3)ccn2)c1,True,False
CCOc1nc2c(c(-c3ccc(N4CCOCC4)cc3)c1C#N)Cc1ccccc1-2,c1ccc2c(c1)Cc1c(-c3ccc(N4CCOCC4)cc3)ccnc1-2,c1ccc2c(c1)Cc1c(-c3ccc(N4CCOCC4)cc3)ccnc1-2,True,False
CCOc1nc2c(c(-c3ccc(N4CCOCC4)cc3)c1C#N)CSc1ccccc1-2,c1ccc2c(c1)SCc1c(-c3ccc(N4CCOCC4)cc3)ccnc1-2,c1ccc2c(c1)SCc1c(-c3ccc(N4CCOCC4)cc3)ccnc1-2,False,True
O=c1cc(CO)c2cc(Br)c(O)cc2o1,O=c1ccc2ccccc2o1,O=c1ccc2ccccc2o1,False,True
OCCNCCNc1ccc(NCCNCCO)c2c(O)c3c(O)ccc(O)c3c(O)c12,c1ccc2cc3ccccc3cc2c1,c1ccc2cc3ccccc3cc2c1,False,True
O=C(Cl)OC(Cl)(Cl)Cl,,acyclic_70,True,False
Cc1cn(C2CC(O)C(CO)O2)c(=O)[nH]c1=O,O=c1ccn(C2CCCO2)c(=O)[nH]1,O=c1ccn(C2CCCO2)c(=O)[nH]1,True,False
c1ccc(N2CCNCC2)cc1,c1ccc(N2CCNCC2)cc1,c1ccc(N2CCNCC2)cc1,True,False
CC(Cc1ccc2c(c1)OCO2)S(C)=O,c1ccc2c(c1)OCO2,c1ccc2c(c1)OCO2,True,False
O=C(O)CI,,acyclic_74,True,False
COc1ccc(-c2nc3ccc(-c4nc5ccc(N6CCN(C)CC6)cc5[nH]4)cc3[nH]2)cc1I,c1ccc(-c2nc3ccc(-c4nc5ccc(N6CCNCC6)cc5[nH]4)cc3[nH]2)cc1,c1ccc(-c2nc3ccc(-c4nc5ccc(N6CCNCC6)cc5[nH]4)cc3[nH]2)cc1,True,False
CC(C)N1CCC(NC(=O)c2cc3ccccc3n2Cc2cc(-c3ccc(Cl)s3)on2)CC1,O=C(NC1CCNCC1)c1cc2ccccc2n1Cc1cc(-c2cccs2)on1,O=C(NC1CCNCC1)c1cc2ccccc2n1Cc1cc(-c2cccs2)on1,False,True
Cc1cccc2c(C#N)c(C(=O)NC3CCN(C(C)C)CC3)n(Cc3cc(-c4ccc(Cl)s4)on3)c12,O=C(NC1CCNCC1)c1cc2ccccc2n1Cc1cc(-c2cccs2)on1,O=C(NC1CCNCC1)c1cc2ccccc2n1Cc1cc(-c2cccs2)on1,False,True
CC(C)CC(=O)O,,acyclic_78,False,True
COc1cc(C(=O)OCCN2CCN(CCCN3c4ccccc4Sc4ccc(Cl)cc43)CC2)cc(OC)c1OC,O=C(OCCN1CCN(CCCN2c3ccccc3Sc3ccccc32)CC1)c1ccccc1,O=C(OCCN1CCN(CCCN2c3ccccc3Sc3ccccc32)CC1)c1ccccc1,True,False
C[C@H]1O[C@@H](O[C@H]2[C@@H](O)C[C@H](O[C@H]3[C@@H](O)C[C@H](O[C@H]4CC[C@@]5(C)[C@H](CC[C@@H]6[C@@H]5CC[C@]5(C)[C@H](C7=CC(=O)OC7)CC[C@]65O)C4)O[C@@H]3C)O[C@@H]2C)C[C@H](O)[C@@H]1O,O=C1C=C([C@@H]2CCC3C2CC[C@@H]2C4CC[C@H](O[C@H]5CC[C@H](O[C@H]6CC[C@H](O[C@H]7CCCCO7)CO6)CO5)C[C@H]4CC[C@@H]32)CO1,O=C1C=C([C@@H]2CCC3C2CC[C@@H]2C4CC[C@H](O[C@H]5CC[C@H](O[C@H]6CC[C@H](O[C@H]7CCCCO7)CO6)CO5)C[C@H]4CC[C@@H]32)CO1,True,False
C[C@]12CC[C@H](O)C[C@H]1CC[C@@H]1[C@@H]2CC[C@]2(C)[C@@H](C3=CC(=O)OC3)CC[C@]12O,O=C1C=C([C@H]2CCC3C2CC[C@@H]2C4CCCC[C@H]4CC[C@@H]32)CO1,O=C1C=C([C@H]2CCC3C2CC[C@@H]2C4CCCC[C@H]4CC[C@@H]32)CO1,True,False
C=C1CC[C@H](O)CC1=CC=C1CCC[C@]2(C)[C@@H]([C@H](C)CCCC(C)C)CC[C@@H]12,C=C1CCCCC1=CC=C1CCCC2CCC[C@@H]12,C=C1CCCCC1=CC=C1CCCC2CCC[C@@H]12,True,False
CCOC(=O)C(C)(C)Oc1ccc(Cl)cc1,c1ccccc1,c1ccccc1,False,True
CC(C)CCC[C@@H](C)[C@H]1CC[C@H]2[C@@H]3CC=C4C[C@@H](O)CC[C@]4(C)[C@H]3CC[C@]12C,C1=C2CCCCC2[C@H]2CCC3CCC[C@H]3[C@@H]2C1,C1=C2CCCCC2[C@H]2CCC3CCC[C@H]3[C@@H]2C1,True,False
c1ccc(-c2cc3ccccc3[nH]2)c(-c2cc3ccccc3[nH]2)c1,c1ccc(-c2cc3ccccc3[nH]2)c(-c2cc3ccccc3[nH]2)c1,c1ccc(-c2cc3ccccc3[nH]2)c(-c2cc3ccccc3[nH]2)c1,False,True
CCN(CC)c1ccc(C=C(C#N)C#N)c(OCOc2cc(N(CC)CC)ccc2C=C2C([N+](=O)[O-])c3ccccc3C2[N+](=O)[O-])c1,C(=C1Cc2ccccc2C1)c1ccccc1OCOc1ccccc1,C(=C1Cc2ccccc2C1)c1ccccc1OCOc1ccccc1,True,False
NCC[C@H](CC(=O)O)[C@@H](CN)CCC(=O)O,,acyclic_87,True,False
Cc1cccc(CNC(=O)c2cc(C(=O)NCc3cccc(C)c3)ncn2)c1,O=C(NCc1ccccc1)c1cc(C(=O)NCc2ccccc2)ncn1,O=C(NCc1ccccc1)c1cc(C(=O)NCc2ccccc2)ncn1,False,True
Cc1cc(CNC(=O)c2cc(C(=O)NCc3ccc(F)c(C)c3)ncn2)ccc1F,O=C(NCc1ccccc1)c1cc(C(=O)NCc2ccccc2)ncn1,O=C(NCc1ccccc1)c1cc(C(=O)NCc2ccccc2)ncn1,False,True
N=C(N)c1ccc(OCOc2ccc(C(=N)N)cc2)cc1,c1ccc(OCOc2ccccc2)cc1,c1ccc(OCOc2ccccc2)cc1,True,False
c1ccc(-c2ccc(-c3ccccc3)cc2)cc1,c1ccc(-c2ccc(-c3ccccc3)cc2)cc1,c1ccc(-c2ccc(-c3ccccc3)cc2)cc1,False,True
c1csc(-c2ccsc2-c2cccs2)c1,c1csc(-c2ccsc2-c2cccs2)c1,c1csc(-c2ccsc2-c2cccs2)c1,True,False
C1=CCSC=C1,C1=CCSC=C1,C1=CCSC=C1,True,False
c1ccc(-c2[nH]ncc2-c2ccnc3ccccc23)nc1,c1ccc(-c2[nH]ncc2-c2ccnc3ccccc23)nc1,c1ccc(-c2[nH]ncc2-c2ccnc3ccccc23)nc1,True,False
SCc1cccnc1,c1ccncc1,c1ccncc1,False,True
COc1ccc2nc(S(=O)Cc3ncc(C)c(OC)c3C)[nH]c2c1,O=S(Cc1ccccn1)c1nc2ccccc2[nH]1,O=S(Cc1ccccn1)c1nc2ccccc2[nH]1,True,False
CC(C)(C)NCC(O)c1cc(Cl)c(N)c(Cl)c1.[Cl-].[H+],c1ccccc1,c1ccccc1,False,True
Cc1nccn1CC1CCc2c(c3ccccc3n2C)C1=O.O.O.[Cl-].[H+],O=C1c2c([nH]c3ccccc23)CCC1Cn1ccnc1,O=C1c2c([nH]c3ccccc23)CCC1Cn1ccnc1,True,False
CCN(CC)c1ccc(N=Nc2ccc(S(=O)(=O)O)cc2)c(C)c1,c1ccc(N=Nc2ccccc2)cc1,c1ccc(N=Nc2ccccc2)cc1,False,True
C(=Cc1ccc(C=Cc2ccccc2)c(-c2cc(C=Cc3ccccc3)ccc2C=Cc2ccccc2)c1)c1ccccc1,C(=Cc1ccc(C=Cc2ccccc2)c(-c2cc(C=Cc3ccccc3)ccc2C=Cc2ccccc2)c1)c1ccccc1,C(=Cc1ccc(C=Cc2ccccc2)c(-c2cc(C=Cc3ccccc3)ccc2C=Cc2ccccc2)c1)c1ccccc1,True,False
Oc1ccccc1-c1nc2ccccc2s1,c1ccc(-c2nc3ccccc3s2)cc1,c1ccc(-c2nc3ccccc3s2)cc1,True,False
Fc1ccc2nc(-c3ccccc3OCc3ccccc3)sc2c1,c1ccc(COc2ccccc2-c2nc3ccccc3s2)cc1,c1ccc(COc2ccccc2-c2nc3ccccc3s2)cc1,True,False
O=c1[nH]c(=O)n(C2CCCO2)cc1F,O=c1ccn(C2CCCO2)c(=O)[nH]1,O=c1ccn(C2CCCO2)c(=O)[nH]1,True,False
Cc1c(C)c(N(C)C)c(C)c(C)c1N(C)C,c1ccccc1,c1ccccc1,False,True
CC(Cc1ccccc1)NC(C#N)c1ccccc1,c1ccc(CCNCc2ccccc2)cc1,c1ccc(CCNCc2ccccc2)cc1,True,False
POS,,acyclic_106,True,False
Cc1[nH]c2ccccc2c1N=Nc1nncs1,c1ccc2c(N=Nc3nncs3)c[nH]c2c1,c1ccc2c(N=Nc3nncs3)c[nH]c2c1,False,True
Cc1c(N=Nc2nncs2)c2ccccc2n1C,c1ccc2c(N=Nc3nncs3)c[nH]c2c1,c1ccc2c(N=Nc3nncs3)c[nH]c2c1,False,True
c1ccc(-c2[nH]c3ccccc3c2N=Nc2nncs2)cc1,c1ccc(-c2[nH]c3ccccc3c2N=Nc2nncs2)cc1,c1ccc(-c2[nH]c3ccccc3c2N=Nc2nncs2)cc1,True,False
Cn1c(-c2ccccc2)c(N=Nc2nncs2)c2ccccc21,c1ccc(-c2[nH]c3ccccc3c2N=Nc2nncs2)cc1,c1ccc(-c2[nH]c3ccccc3c2N=Nc2nncs2)cc1,True,False
CSc1nnc(N=Nc2c(C)[nH]c3ccccc23)s1,c1ccc2c(N=Nc3nncs3)c[nH]c2c1,c1ccc2c(N=Nc3nncs3)c[nH]c2c1,False,True
CSc1nnc(N=Nc2c(C)n(C)c3ccccc23)s1,c1ccc2c(N=Nc3nncs3)c[nH]c2c1,c1ccc2c(N=Nc3nncs3)c[nH]c2c1,False,True
CSc1nnc(N=Nc2c(-c3ccccc3)[nH]c3ccccc23)s1,c1ccc(-c2[nH]c3ccccc3c2N=Nc2nncs2)cc1,c1ccc(-c2[nH]c3ccccc3c2N=Nc2nncs2)cc1,True,False
CSc1nnc(N=Nc2c(-c3ccccc3)n(C)c3ccccc23)s1,c1ccc(-c2[nH]c3ccccc3c2N=Nc2nncs2)cc1,c1ccc(-c2[nH]c3ccccc3c2N=Nc2nncs2)cc1,True,False
CN(C)C=O,,acyclic_115,True,False
CCc1nnc(N=Nc2c(C)n(C)c3ccccc23)s1,c1ccc2c(N=Nc3nncs3)c[nH]c2c1,c1ccc2c(N=Nc3nncs3)c[nH]c2c1,False,True
CCc1nnc(N=Nc2c(-c3ccccc3)[nH]c3ccccc23)s1,c1ccc(-c2[nH]c3ccccc3c2N=Nc2nncs2)cc1,c1ccc(-c2[nH]c3ccccc3c2N=Nc2nncs2)cc1,True,False
CCc1nnc(N=Nc2c(-c3ccccc3)n(C)c3ccccc23)s1,c1ccc(-c2[nH]c3ccccc3c2N=Nc2nncs2)cc1,c1ccc(-c2[nH]c3ccccc3c2N=Nc2nncs2)cc1,True,False
Cc1[nH]c2ccccc2c1N=Nc1n[nH]c(S)n1,c1ccc2c(N=Nc3nc[nH]n3)c[nH]c2c1,c1ccc2c(N=Nc3nc[nH]n3)c[nH]c2c1,True,False
Cc1c(N=Nc2n[nH]c(S)n2)c2ccccc2n1C,c1ccc2c(N=Nc3nc[nH]n3)c[nH]c2c1,c1ccc2c(N=Nc3nc[nH]n3)c[nH]c2c1,True,False
Sc1nc(N=Nc2c(-c3ccccc3)[nH]c3ccccc23)n[nH]1,c1ccc(-c2[nH]c3ccccc3c2N=Nc2nc[nH]n2)cc1,c1ccc(-c2[nH]c3ccccc3c2N=Nc2nc[nH]n2)cc1,False,True
Cn1c(-c2ccccc2)c(N=Nc2n[nH]c(S)n2)c2ccccc21,c1ccc(-c2[nH]c3ccccc3c2N=Nc2nc[nH]n2)cc1,c1ccc(-c2[nH]c3ccccc3c2N=Nc2nc[nH]n2)cc1,False,True
N=C(N)c1ccc(OCCOCCOc2ccc(C(=N)N)cc2)cc1,c1ccc(OCCOCCOc2ccccc2)cc1,c1ccc(OCCOCCOc2ccccc2)cc1,True,False
O=C(c1ccccc1)c1cccc(O)c1O,O=C(c1ccccc1)c1ccccc1,O=C(c1ccccc1)c1ccccc1,True,False
COC(=O)C1=C(C)NC2=C(C(=O)C(C)(C)CC2)C1c1ccccc1Cl,O=C1CCCC2=C1C(c1ccccc1)C=CN2,O=C1CCCC2=C1C(c1ccccc1)C=CN2,True,False
COC(=O)C1=C(C)NC2=C(C(=O)C(C)(C)CC2)C1c1cccc(Cl)c1,O=C1CCCC2=C1C(c1ccccc1)C=CN2,O=C1CCCC2=C1C(c1ccccc1)C=CN2,True,False
COC(=O)C1=C(C)NC2=C(C(=O)C(C)(C)CC2)C1c1cccc(Cl)c1Cl,O=C1CCCC2=C1C(c1ccccc1)C=CN2,O=C1CCCC2=C1C(c1ccccc1)C=CN2,True,False
c1ccc2c(c1)CCN2,c1ccc2c(c1)CCN2,c1ccc2c(c1)CCN2,True,False
O=C(O)C=Cc1ccccc1,c1ccccc1,c1ccccc1,False,True
O=C(O)c1cc(O)c(O)c(O)c1,c1ccccc1,c1ccccc1,False,True
COc1cc(C(=O)O)ccc1O,c1ccccc1,c1ccccc1,False,True
O=C(O)C=Cc1ccc(O)cc1,c1ccccc1,c1ccccc1,False,True
COc1cc(C=CC(=O)O)ccc1O,c1ccccc1,c1ccccc1,False,True
O=c1cc(-c2ccc(O)cc2)oc2cc(O)cc(O)c12,O=c1cc(-c2ccccc2)oc2ccccc12,O=c1cc(-c2ccccc2)oc2ccccc12,True,False
O=c1cc(-c2ccc(O)c(O)c2)oc2cc(O)cc(O)c12,O=c1cc(-c2ccccc2)oc2ccccc12,O=c1cc(-c2ccccc2)oc2ccccc12,True,False
OCCc1ccc(O)cc1,c1ccccc1,c1ccccc1,False,True
O=C(O)COc1cc2cc(-c3ncc(C(=O)O)o3)oc2cc1N(CC(=O)O)CC(=O)O,c1ccc2oc(-c3ncco3)cc2c1,c1ccc2oc(-c3ncco3)cc2c1,True,False
CNc1ccccc1,c1ccccc1,c1ccccc1,False,True
Nc1ccccc1,c1ccccc1,c1ccccc1,False,True
O=C(O)c1ccccc1Nc1cccc(C(F)(F)F)c1,c1ccc(Nc2ccccc2)cc1,c1ccc(Nc2ccccc2)cc1,True,False
O=C(O)c1ccccc1C(=O)Nc1cccc2ccccc12,O=C(Nc1cccc2ccccc12)c1ccccc1,O=C(Nc1cccc2ccccc12)c1ccccc1,False,True
OCCNCCO,,acyclic_142,True,False
CCc1cccc(CC)c1NC(=O)n1cc2c(c1)C(=NC(=O)c1ccc(N3CCN(C)CC3)cc1)N=N2,O=C(N=C1N=Nc2cn(C(=O)Nc3ccccc3)cc21)c1ccc(N2CCNCC2)cc1,O=C(N=C1N=Nc2cn(C(=O)Nc3ccccc3)cc21)c1ccc(N2CCNCC2)cc1,True,False
C[Si](C)(C)N1CCCC1,C1CCNC1,C1CCNC1,True,False
CN(C)[Si](C)(C)C,,acyclic_145,True,False
CCCNCCC,,acyclic_146,False,True
CCN(CC)CC,,acyclic_147,True,False
CN1CCCCC1,C1CCNCC1,C1CCNCC1,True,False
C[Si](C)(C)N[Si](C)(C)C,,acyclic_149,False,True
CN([Si](C)(C)C)[Si](C)(C)C,,acyclic_150,True,False
O=C(O)Cc1ccc([N+](=O)[O-])cc1,c1ccccc1,c1ccccc1,False,True
O=[N+]([O-])c1ccc(O)cc1,c1ccccc1,c1ccccc1,False,True
Nc1ccc([N+](=O)[O-])cc1,c1ccccc1,c1ccccc1,False,True
O=C(c1ccccc1)c1ccccc1,O=C(c1ccccc1)c1ccccc1,O=C(c1ccccc1)c1ccccc1,True,False
Brc1ccc(-c2ccc(-c3ccccc3)cc2)cc1,c1ccc(-c2ccc(-c3ccccc3)cc2)cc1,c1ccc(-c2ccc(-c3ccccc3)cc2)cc1,False,True
CCOc1ccccc1C(=O)C(=O)c1ccccc1OCC,O=C(C(=O)c1ccccc1)c1ccccc1,O=C(C(=O)c1ccccc1)c1ccccc1,True,False
c1ccc2ccccc2c1,c1ccc2ccccc2c1,c1ccc2ccccc2c1,True,False
OC1c2ccccc2C=Cc2ccccc21,C1=Cc2ccccc2Cc2ccccc21,C1=Cc2ccccc2Cc2ccccc21,True,False
C1=C(c2ccccc2)Cc2ccccc21,C1=C(c2ccccc2)Cc2ccccc21,C1=C(c2ccccc2)Cc2ccccc21,True,False
O=c1c2ccccc2sc2ccccc12,O=c1c2ccccc2sc2ccccc12,O=c1c2ccccc2sc2ccccc12,False,True
O=c1c2ccccc2oc2ccccc12,O=c1c2ccccc2oc2ccccc12,O=c1c2ccccc2oc2ccccc12,True,False
O=C(C(=O)c1ccccc1)c1ccccc1,O=C(C(=O)c1ccccc1)c1ccccc1,O=C(C(=O)c1ccccc1)c1ccccc1,True,False
CCC(C)(C)c1ccc2oc3ccccc3c(=O)c2c1,O=c1c2ccccc2oc2ccccc12,O=c1c2ccccc2oc2ccccc12,True,False
CCC(C)(C)c1ccc2oc3ccccc3c(=O)c2c1C(C)(C)CC,O=c1c2ccccc2oc2ccccc12,O=c1c2ccccc2oc2ccccc12,True,False
O=C(c1ccccc1)c1cc2ccccc2oc1=O,O=C(c1ccccc1)c1cc2ccccc2oc1=O,O=C(c1ccccc1)c1cc2ccccc2oc1=O,True,False
COC(=O)c1ccccc1C(=O)OC,c1ccccc1,c1ccccc1,False,True
COC(=O)c1ccc(C(=O)OC)c(C(=O)OC)c1,c1ccccc1,c1ccccc1,False,True
c1ccc2c(c1)oc1ccccc12,c1ccc2c(c1)oc1ccccc12,c1ccc2c(c1)oc1ccccc12,True,False
Clc1ccccc1-c1ccccc1,c1ccc(-c2ccccc2)cc1,c1ccc(-c2ccccc2)cc1,True,False
O=C([O-])Cc1ccccc1-c1ccccc1,c1ccc(-c2ccccc2)cc1,c1ccc(-c2ccccc2)cc1,True,False
Brc1ccc(-c2ccc(Br)cc2)cc1,c1ccc(-c2ccccc2)cc1,c1ccc(-c2ccccc2)cc1,True,False
Brc1ccc2c(c1)Cc1cc(Br)ccc1-2,c1ccc2c(c1)Cc1ccccc1-2,c1ccc2c(c1)Cc1ccccc1-2,True,False
C(#Cc1ccccc1)c1ccccc1,C(#Cc1ccccc1)c1ccccc1,C(#Cc1ccccc1)c1ccccc1,True,False
c1cnc2c(c1)ccc1cccnc12,c1cnc2c(c1)ccc1cccnc12,c1cnc2c(c1)ccc1cccnc12,False,True
c1ccc2c(c1)cnc1ccccc12,c1ccc2c(c1)cnc1ccccc12,c1ccc2c(c1)cnc1ccccc12,True,False
Brc1ccccc1-c1ccc(-c2ccccc2)cc1,c1ccc(-c2ccc(-c3ccccc3)cc2)cc1,c1ccc(-c2ccc(-c3ccccc3)cc2)cc1,False,True
CCOC(=O)c1ccc2ccccc2c1,c1ccc2ccccc2c1,c1ccc2ccccc2c1,True,False
N#Cc1cc2ccccc2c2ccccc12,c1ccc2c(c1)ccc1ccccc12,c1ccc2c(c1)ccc1ccccc12,True,False
CCOC(=O)c1cccc2ccccc12,c1ccc2ccccc2c1,c1ccc2ccccc2c1,True,False
N#Cc1cccc2ccccc12,c1ccc2ccccc2c1,c1ccc2ccccc2c1,True,False
c1ccc(-c2cnc(-c3ccccc3)o2)cc1,c1ccc(-c2cnc(-c3ccccc3)o2)cc1,c1ccc(-c2cnc(-c3ccccc3)o2)cc1,True,False
c1ccc2c(c1)-c1cccc3cccc-2c13,c1ccc2c(c1)-c1cccc3cccc-2c13,c1ccc2c(c1)-c1cccc3cccc-2c13,True,False
Cc1cc(C)c(Nc2c([N+](=O)[O-])cc3c4c(cccc24)C(=O)N(c2c(C)cc(C)cc2C)C3=O)c(C)c1,O=C1c2cccc3c(Nc4ccccc4)ccc(c23)C(=O)N1c1ccccc1,O=C1c2cccc3c(Nc4ccccc4)ccc(c23)C(=O)N1c1ccccc1,True,False
CC(C)c1cccc(C(C)C)c1Nc1c([N+](=O)[O-])cc2c3c(cccc13)C(=O)N(c1c(C(C)C)cccc1C(C)C)C2=O,O=C1c2cccc3c(Nc4ccccc4)ccc(c23)C(=O)N1c1ccccc1,O=C1c2cccc3c(Nc4ccccc4)ccc(c23)C(=O)N1c1ccccc1,True,False
CNc1c([N+](=O)[O-])cc2c3c(cccc13)C(=O)N(C)C2=O,O=C1NC(=O)c2cccc3cccc1c23,O=C1NC(=O)c2cccc3cccc1c23,True,False
CC(C)(C)Nc1c([N+](=O)[O-])cc2c3c(cccc13)C(=O)N(C(C)(C)C)C2=O,O=C1NC(=O)c2cccc3cccc1c23,O=C1NC(=O)c2cccc3cccc1c23,True,False
N#CCC#N,,acyclic_187,True,False
O=c1cc[nH]c2ccccc12,O=c1cc[nH]c2ccccc12,O=c1cc[nH]c2ccccc12,True,False
O=C1C=CN=CC1,O=C1C=CN=CC1,O=C1C=CN=CC1,True,False
CCOC(=O)c1c[nH]c2c([N+](=O)[O-])cc(F)cc2c1=O,O=c1cc[nH]c2ccccc12,O=c1cc[nH]c2ccccc12,True,False
Brc1nc2cscc2nc1Br,c1cnc2cscc2n1,c1cnc2cscc2n1,True,False
CCCCCCC(N)=O,,acyclic_192,False,True
O=c1nc[nH]c2c1NCN2[C@@H]1O[C@H](CO)[C@@H](O)[C@H]1O,O=c1nc[nH]c2c1NCN2[C@H]1CCCO1,O=c1nc[nH]c2c1NCN2[C@H]1CCCO1,True,False
N#CC(=Cc1ccc(-c2ccc(-c3ccc(-c4ccc(N(c5ccccc5)c5ccccc5)cc4)s3)s2)s1)C(=O)O,c1ccc(N(c2ccccc2)c2ccc(-c3ccc(-c4ccc(-c5cccs5)s4)s3)cc2)cc1,c1ccc(N(c2ccccc2)c2ccc(-c3ccc(-c4ccc(-c5cccs5)s4)s3)cc2)cc1,True,False
Cc1cc(C=C(C#N)C(=O)O)sc1-c1ccc(-c2sc(-c3ccc(N(c4ccccc4)c4ccccc4)cc3)cc2C)s1,c1ccc(N(c2ccccc2)c2ccc(-c3ccc(-c4ccc(-c5cccs5)s4)s3)cc2)cc1,c1ccc(N(c2ccccc2)c2ccc(-c3ccc(-c4ccc(-c5cccs5)s4)s3)cc2)cc1,True,False
CCCSSC(CCO)=C(C)N(C=O)Cc1cnc(C)nc1N,c1cncnc1,c1cncnc1,False,True
NC1NC(N)C2C[C@@H](CN3CCC4CCCCC43)CCC2N1,C1CCC2C(C1)CCN2C[C@H]1CCC2NCNCC2C1,C1CCC2C(C1)CCN2C[C@H]1CCC2NCNCC2C1,True,False
Cc1ccc(C(C)(C)C)cc1,c1ccccc1,c1ccccc1,False,True
c1ccc(C(=C(c2ccccc2)c2ccccc2)c2ccccc2)cc1,c1ccc(C(=C(c2ccccc2)c2ccccc2)c2ccccc2)cc1,c1ccc(C(=C(c2ccccc2)c2ccccc2)c2ccccc2)cc1,False,True
CN1[C@@H]2CC[C@H]1CC(=O)C2,O=C1C[C@H]2CC[C@@H](C1)N2,O=C1C[C@H]2CC[C@@H](C1)N2,True,False
CO[C@@H]1[C@H](O)[C@@H](COP(=O)(O)O)O[C@H]1n1ccc(N)nc1=O,O=c1ncccn1[C@H]1CCCO1,O=c1ncccn1[C@H]1CCCO1,True,False
Nc1ccc(O)c2c1C(=O)c1c(O)ccc(NC(=O)c3ccccc3)c1C2=O,O=C(Nc1cccc2c1C(=O)c1ccccc1C2=O)c1ccccc1,O=C(Nc1cccc2c1C(=O)c1ccccc1C2=O)c1ccccc1,True,False
C[C@@H](O)CNc1ncnc2[nH]c(-c3ccccc3)c(-c3ccccc3)c12,c1ccc(-c2[nH]c3ncncc3c2-c2ccccc2)cc1,c1ccc(-c2[nH]c3ncncc3c2-c2ccccc2)cc1,True,False
OC[C@H](O)CNc1ncnc2[nH]c(-c3ccccc3)c(-c3ccccc3)c12,c1ccc(-c2[nH]c3ncncc3c2-c2ccccc2)cc1,c1ccc(-c2[nH]c3ncncc3c2-c2ccccc2)cc1,True,False
COC(=O)c1c(C(=O)OC)c2ccc(C)nn2c1C,c1cnn2cccc2c1,c1cnn2cccc2c1,True,False
CCc1c(C(=O)OC)c(C(=O)OC)c2ccc(-c3ccccc3)nn12,c1ccc(-c2ccc3cccn3n2)cc1,c1ccc(-c2ccc3cccn3n2)cc1,True,False
COc1cc(OC)c2cc(-c3ccccc3)c(=O)oc2c1,O=c1oc2ccccc2cc1-c1ccccc1,O=c1oc2ccccc2cc1-c1ccccc1,True,False
COc1ccc2cc(-c3ccsc3)c(=O)oc2c1,O=c1oc2ccccc2cc1-c1ccsc1,O=c1oc2ccccc2cc1-c1ccsc1,True,False
N=C1Cc2ccccc2OC1=O,N=C1Cc2ccccc2OC1=O,N=C1Cc2ccccc2OC1=O,True,False
N=C1C(=N)c2ccccc2OC1=O,N=C1C(=N)c2ccccc2OC1=O,N=C1C(=N)c2ccccc2OC1=O,False,True
CCN(CC)c1ccc2c(-c3ccccc3C(=O)O)c3ccc(N(CC)CC)cc3[o+]c2c1.[Cl-],c1ccc(-c2c3ccccc3[o+]c3ccccc23)cc1,c1ccc(-c2c3ccccc3[o+]c3ccccc23)cc1,True,False
O=C(CCS)Nc1ccc2ncnc(Nc3ccccc3)c2c1,c1ccc(Nc2ncnc3ccccc23)cc1,c1ccc(Nc2ncnc3ccccc23)cc1,True,False
C1=CC(c2ccccc2)(c2ccccc2)C(c2ccccc2)(c2ccccc2)B1c1ccccc1,C1=CC(c2ccccc2)(c2ccccc2)C(c2ccccc2)(c2ccccc2)B1c1ccccc1,C1=CC(c2ccccc2)(c2ccccc2)C(c2ccccc2)(c2ccccc2)B1c1ccccc1,True,False
O=C(O)c1ccnc(N=Cc2cc(N=Nc3ccc([N+](=O)[O-])cc3)ccc2O)c1,C(=Nc1ccccn1)c1cccc(N=Nc2ccccc2)c1,C(=Nc1ccccn1)c1cccc(N=Nc2ccccc2)c1,True,False
CC(C)c1cc(S(=O)(=O)O)cc(C(C)C)c1N=Cc1cc(N=Nc2ccc([N+](=O)[O-])cc2)ccc1O,C(=Nc1ccccc1)c1cccc(N=Nc2ccccc2)c1,C(=Nc1ccccc1)c1cccc(N=Nc2ccccc2)c1,False,True
COc1cc2c(cc1C=CC(=C(C#N)C#N)c1ccccc1)c1ccccc1n2C,C=C(C=Cc1ccc2[nH]c3ccccc3c2c1)c1ccccc1,C=C(C=Cc1ccc2[nH]c3ccccc3c2c1)c1ccccc1,True,False
COc1cc2c(cc1C=C(C#N)c1nc3ccccc3s1)c1ccccc1n2C,C(=Cc1nc2ccccc2s1)c1ccc2[nH]c3ccccc3c2c1,C(=Cc1nc2ccccc2s1)c1ccc2[nH]c3ccccc3c2c1,True,False
S=C=S,,acyclic_218,True,False
COc1ccc2cc(C(C)(C)C)ccc2c1-c1c(OC)ccc2cc(C(C)(C)C)ccc12,c1ccc2c(-c3cccc4ccccc34)cccc2c1,c1ccc2c(-c3cccc4ccccc34)cccc2c1,True,False
c1cc2cccc3c4cccc5cccc(c(c1)c23)c54,c1cc2cccc3c4cccc5cccc(c(c1)c23)c54,c1cc2cccc3c4cccc5cccc(c(c1)c23)c54,False,True
CC[NH+](CC)CCON=C(C)c1ccc(C)cc1.[Cl-],c1ccccc1,c1ccccc1,False,True
CCN(CC)C(=O)[C@@H]1C=C2c3cccc4[nH]cc(c34)C[C@H]2N(C)C1,C1=C2c3cccc4[nH]cc(c34)C[C@H]2NCC1,C1=C2c3cccc4[nH]cc(c34)C[C@H]2NCC1,True,False
O=C(O)[C@H]1O[C@@H](Oc2cc(O)c3c(=O)cc(-c4ccc(O)c(O)c4)oc3c2)[C@H](O)[C@@H](O)[C@@H]1O,O=c1cc(-c2ccccc2)oc2cc(O[C@H]3CCCCO3)ccc12,O=c1cc(-c2ccccc2)oc2cc(O[C@H]3CCCCO3)ccc12,True,False
O=C(O)C=Cc1ccc(O)c(O)c1,c1ccccc1,c1ccccc1,False,True
O=C(O)C(O)C(O)(C(=O)O)C(=O)C=Cc1ccc(O)cc1,c1ccccc1,c1ccccc1,False,True
O=C(C=Cc1ccc(O)c(O)c1)O[C@H](Cc1ccc(O)c(O)c1)C(=O)O,O=C(C=Cc1ccccc1)OCCc1ccccc1,O=C(C=Cc1ccccc1)OCCc1ccccc1,True,False
c1ccc(-c2nnc(-c3ccc(-c4nnc(-c5ccccc5)c(-c5ccccc5)n4)cc3)nc2-c2ccccc2)cc1,c1ccc(-c2nnc(-c3ccc(-c4nnc(-c5ccccc5)c(-c5ccccc5)n4)cc3)nc2-c2ccccc2)cc1,c1ccc(-c2nnc(-c3ccc(-c4nnc(-c5ccccc5)c(-c5ccccc5)n4)cc3)nc2-c2ccccc2)cc1,True,False
c1ccc2oc(-c3ccc(-c4nc5c6ccccc6c6ccccc6c5[nH]4)cc3)nc2c1,c1ccc2oc(-c3ccc(-c4nc5c6ccccc6c6ccccc6c5[nH]4)cc3)nc2c1,c1ccc2oc(-c3ccc(-c4nc5c6ccccc6c6ccccc6c5[nH]4)cc3)nc2c1,False,True
c1ccc(-c2nc(-c3ccc(-c4nc5ccccc5o4)cc3)[nH]c2-c2ccccc2)cc1,c1ccc(-c2nc(-c3ccc(-c4nc5ccccc5o4)cc3)[nH]c2-c2ccccc2)cc1,c1ccc(-c2nc(-c3ccc(-c4nc5ccccc5o4)cc3)[nH]c2-c2ccccc2)cc1,True,False
C(=Cc1nc2c3ccccc3c3ccccc3c2[nH]1)c1ccccc1,C(=Cc1nc2c3ccccc3c3ccccc3c2[nH]1)c1ccccc1,C(=Cc1nc2c3ccccc3c3ccccc3c2[nH]1)c1ccccc1,True,False
Cc1sc2ccccc2c1C1=C(c2c(C)sc3ccccc23)C(=O)OC1=O,O=C1OC(=O)C(c2csc3ccccc23)=C1c1csc2ccccc12,O=C1OC(=O)C(c2csc3ccccc23)=C1c1csc2ccccc12,False,True
Cc1sc2ccccc2c1C1=C(c2c(C)sc3ccccc23)C(=O)N(C)C1=O,O=C1NC(=O)C(c2csc3ccccc23)=C1c1csc2ccccc12,O=C1NC(=O)C(c2csc3ccccc23)=C1c1csc2ccccc12,True,False
Cc1[nH]c2ccccc2c1C1=C(c2c(C)sc3ccccc23)C(=O)N(C)C1=O,O=C1NC(=O)C(c2csc3ccccc23)=C1c1c[nH]c2ccccc12,O=C1NC(=O)C(c2csc3ccccc23)=C1c1c[nH]c2ccccc12,True,False
CCCn1c(C)c(C2=C(c3c(C)sc4ccccc34)C(=O)N(C)C2=O)c2ccccc21,O=C1NC(=O)C(c2csc3ccccc23)=C1c1c[nH]c2ccccc12,O=C1NC(=O)C(c2csc3ccccc23)=C1c1c[nH]c2ccccc12,True,False
COc1ccc2cc(C=Cc3ccnc(-c4ccccc4)n3)ccc2c1,C(=Cc1ccnc(-c2ccccc2)n1)c1ccc2ccccc2c1,C(=Cc1ccnc(-c2ccccc2)n1)c1ccc2ccccc2c1,True,False
CN(C)c1ccc2nc3ccc(N(C)C)cc3[s+]c2c1.[Cl-],c1ccc2[s+]c3ccccc3nc2c1,c1ccc2[s+]c3ccccc3nc2c1,True,False
O=C(O)CNC(=O)[C@@H](CS)Cc1ccccc1,c1ccccc1,c1ccccc1,False,True
CCCCO,,acyclic_238,False,True
CCCCCN1C(=O)C2=C(c3cccs3)N(C(C)CC)C(=O)C2=C1c1cccs1,O=C1NC(c2cccs2)=C2C(=O)NC(c3cccs3)=C12,O=C1NC(c2cccs2)=C2C(=O)NC(c3cccs3)=C12,True,False
COc1ccc(-c2ccc(C3=C4C(=O)N(C)C(c5ccc(-c6ccc(OC)cc6)s5)=C4C(=O)N3C)s2)cc1,O=C1NC(c2ccc(-c3ccccc3)s2)=C2C(=O)NC(c3ccc(-c4ccccc4)s3)=C12,O=C1NC(c2ccc(-c3ccccc3)s2)=C2C(=O)NC(c3ccc(-c4ccccc4)s3)=C12,True,False
CCCCCN1C(=O)C2=C(c3ccc(-c4ccc(OC)cc4)s3)N(C(C)CC)C(=O)C2=C1c1ccc(-c2ccc(OC)cc2)s1,O=C1NC(c2ccc(-c3ccccc3)s2)=C2C(=O)NC(c3ccc(-c4ccccc4)s3)=C12,O=C1NC(c2ccc(-c3ccccc3)s2)=C2C(=O)NC(c3ccc(-c4ccccc4)s3)=C12,True,False
Nc1nc(=O)c2ncn(C(F)(F)P(=O)(O)O)c2[nH]1,O=c1nc[nH]c2[nH]cnc12,O=c1nc[nH]c2[nH]cnc12,True,False
O=c1ccc2ccccc2[nH]1,O=c1ccc2ccccc2[nH]1,O=c1ccc2ccccc2[nH]1,True,False
c1ccc(-c2ccc3cc4ccccc4cc3c2)cc1,c1ccc(-c2ccc3cc4ccccc4cc3c2)cc1,c1ccc(-c2ccc3cc4ccccc4cc3c2)cc1,True,False
CC1(C)c2ccccc2-c2cc3cc4ccccc4cc3cc21,c1ccc2c(c1)Cc1cc3cc4ccccc4cc3cc1-2,c1ccc2c(c1)Cc1cc3cc4ccccc4cc3cc1-2,True,False
c1ccc2cc3cc4c(cc3cc2c1)oc1ccccc14,c1ccc2cc3cc4c(cc3cc2c1)oc1ccccc14,c1ccc2cc3cc4c(cc3cc2c1)oc1ccccc14,True,False
c1ccc2cc3cc4c(cc3cc2c1)sc1ccccc14,c1ccc2cc3cc4c(cc3cc2c1)sc1ccccc14,c1ccc2cc3cc4c(cc3cc2c1)sc1ccccc14,True,False
CCCc1ccc2c(c1)c1cc3cc4ccccc4cc3cc1n2CC,c1ccc2cc3cc4c(cc3cc2c1)[nH]c1ccccc14,c1ccc2cc3cc4c(cc3cc2c1)[nH]c1ccccc14,False,True
CCOC(=O)c1ccn2c(c1)nc1ccccc12,c1ccc2c(c1)nc1ccccn12,c1ccc2c(c1)nc1ccccn12,True,False
CCOC(=O)c1cc2nc3ccccc3n2cc1C,c1ccc2c(c1)nc1ccccn12,c1ccc2c(c1)nc1ccccn12,True,False
CCOC(=O)c1ccn2c(nc3ccccc32)c1C,c1ccc2c(c1)nc1ccccn12,c1ccc2c(c1)nc1ccccn12,True,False
CCOC(=O)c1c(C)cn2c(nc3ccccc32)c1C,c1ccc2c(c1)nc1ccccn12,c1ccc2c(c1)nc1ccccn12,True,False
CCOC(=O)c1ccn2c(nc3ccccc32)c1-c1ccccc1,c1ccc(-c2cccn3c2nc2ccccc23)cc1,c1ccc(-c2cccn3c2nc2ccccc23)cc1,True,False
CCOC(=O)c1c(C)cn2c(nc3ccccc32)c1-c1ccccc1,c1ccc(-c2cccn3c2nc2ccccc23)cc1,c1ccc(-c2cccn3c2nc2ccccc23)cc1,True,False
CCOC(=O)c1ccn2c(nc3cc(C)c(C)cc32)c1C,c1ccc2c(c1)nc1ccccn12,c1ccc2c(c1)nc1ccccn12,True,False
CCOC(=O)c1c(C)cn2c(nc3cc(C)c(C)cc32)c1C,c1ccc2c(c1)nc1ccccn12,c1ccc2c(c1)nc1ccccn12,True,False
CCOC(=O)c1ccn2c(nc3cc(C)c(C)cc32)c1-c1ccccc1,c1ccc(-c2cccn3c2nc2ccccc23)cc1,c1ccc(-c2cccn3c2nc2ccccc23)cc1,True,False
CCOC(=O)c1c(C)cn2c(nc3cc(C)c(C)cc32)c1-c1ccccc1,c1ccc(-c2cccn3c2nc2ccccc23)cc1,c1ccc(-c2cccn3c2nc2ccccc23)cc1,True,False
C[n+]1c2cc(N)ccc2cc2ccc(N)cc21.[Cl-],c1ccc2[nH+]c3ccccc3cc2c1,c1ccc2[nH+]c3ccccc3cc2c1,True,False
O=c1[nH]cc(F)c(=O)[nH]1,O=c1cc[nH]c(=O)[nH]1,O=c1cc[nH]c(=O)[nH]1,False,True
CN(C)[C@@H]1C(=O)C(=C(N)O)C(=O)[C@@]2(O)C(=O)C3=C(O)c4c(O)cccc4[C@@](C)(O)[C@H]3C[C@@H]12,C=C1C(=O)C[C@@H]2C[C@@H]3Cc4ccccc4C=C3C(=O)C2C1=O,C=C1C(=O)C[C@@H]2C[C@@H]3Cc4ccccc4C=C3C(=O)C2C1=O,True,False
Cc1cc(O)c2c(c1)C(=O)c1cc(O)cc(O)c1C2=O,O=C1c2ccccc2C(=O)c2ccccc21,O=C1c2ccccc2C(=O)c2ccccc21,True,False
c1ccc2c(c1)Cc1c-2c2c(c3c1-c1ccccc1C3)-c1ccccc1C2,c1ccc2c(c1)Cc1c-2c2c(c3c1-c1ccccc1C3)-c1ccccc1C2,c1ccc2c(c1)Cc1c-2c2c(c3c1-c1ccccc1C3)-c1ccccc1C2,False,True
O=C1c2ccccc2C(=O)c2c1ccc(O)c2O,O=C1c2ccccc2C(=O)c2ccccc21,O=C1c2ccccc2C(=O)c2ccccc21,True,False
O=C1c2ccccc2C(=O)c2c(O)c(O)cc(O)c21,O=C1c2ccccc2C(=O)c2ccccc21,O=C1c2ccccc2C(=O)c2ccccc21,True,False
CCOc1ccc2c(c1O)C(=O)c1ccccc1C2=O,O=C1c2ccccc2C(=O)c2ccccc21,O=C1c2ccccc2C(=O)c2ccccc21,True,False
O=C1c2ccccc2C(=O)c2c1ccc(OCc1ccccc1)c2O,O=C1c2ccccc2C(=O)c2cc(OCc3ccccc3)ccc21,O=C1c2ccccc2C(=O)c2cc(OCc3ccccc3)ccc21,False,True
O=C1c2ccccc2C(=O)c2c1ccc(OCc1ccccc1)c2OCc1ccccc1,O=C1c2ccccc2C(=O)c2c1ccc(OCc1ccccc1)c2OCc1ccccc1,O=C1c2ccccc2C(=O)c2c1ccc(OCc1ccccc1)c2OCc1ccccc1,False,True
COC(=O)CCCOc1ccc2c(c1O)C(=O)c1ccccc1C2=O,O=C1c2ccccc2C(=O)c2ccccc21,O=C1c2ccccc2C(=O)c2ccccc21,True,False
O=C1c2ccccc2C(=O)c2c(O)c(OCc3ccccc3)cc(O)c21,O=C1c2ccccc2C(=O)c2cc(OCc3ccccc3)ccc21,O=C1c2ccccc2C(=O)c2cc(OCc3ccccc3)ccc21,False,True
O=C1c2ccccc2C(=O)c2c(OCc3ccccc3)c(OCc3ccccc3)cc(O)c21,O=C1c2ccccc2C(=O)c2c1ccc(OCc1ccccc1)c2OCc1ccccc1,O=C1c2ccccc2C(=O)c2c1ccc(OCc1ccccc1)c2OCc1ccccc1,False,True
COC(=O)CCCOc1cc(O)c2c(c1O)C(=O)c1ccccc1C2=O,O=C1c2ccccc2C(=O)c2ccccc21,O=C1c2ccccc2C(=O)c2ccccc21,True,False
O=C(Nc1ccccc1)Nc1cccc2cc3ccccc3cc12,O=C(Nc1ccccc1)Nc1cccc2cc3ccccc3cc12,O=C(Nc1ccccc1)Nc1cccc2cc3ccccc3cc12,True,False
O=C(Nc1ccccc1)Nc1ccc2cc3ccccc3cc2c1,O=C(Nc1ccccc1)Nc1ccc2cc3ccccc3cc2c1,O=C(Nc1ccccc1)Nc1ccc2cc3ccccc3cc2c1,True,False
c1ccc(-c2nc(-c3ccc(-c4nc(-c5ccccc5)c(-c5ccccc5)[nH]4)s3)[nH]c2-c2ccccc2)cc1,c1ccc(-c2nc(-c3ccc(-c4nc(-c5ccccc5)c(-c5ccccc5)[nH]4)s3)[nH]c2-c2ccccc2)cc1,c1ccc(-c2nc(-c3ccc(-c4nc(-c5ccccc5)c(-c5ccccc5)[nH]4)s3)[nH]c2-c2ccccc2)cc1,False,True
Cn1c(-c2ccc(-c3nc(-c4ccccc4)c(-c4ccccc4)n3C)s2)nc(-c2ccccc2)c1-c1ccccc1,c1ccc(-c2nc(-c3ccc(-c4nc(-c5ccccc5)c(-c5ccccc5)[nH]4)s3)[nH]c2-c2ccccc2)cc1,c1ccc(-c2nc(-c3ccc(-c4nc(-c5ccccc5)c(-c5ccccc5)[nH]4)s3)[nH]c2-c2ccccc2)cc1,False,True
c1ccc(-c2nc(-c3ccccc3)c(-c3ccccc3)[nH]2)cc1,c1ccc(-c2nc(-c3ccccc3)c(-c3ccccc3)[nH]2)cc1,c1ccc(-c2nc(-c3ccccc3)c(-c3ccccc3)[nH]2)cc1,False,True
O=C(O)c1ccc2ccc3cccc4ccc1c2c34,c1cc2ccc3cccc4ccc(c1)c2c34,c1cc2ccc3cccc4ccc(c1)c2c34,True,False
OCc1ccc2ccc3cccc4ccc1c2c34,c1cc2ccc3cccc4ccc(c1)c2c34,c1cc2ccc3cccc4ccc(c1)c2c34,True,False
c1ccncc1,c1ccncc1,c1ccncc1,False,True
Cc1ncc(COP(=O)(O)O)c(CN[C@@H](CCC(=O)O)C(=O)O)c1O,c1ccncc1,c1ccncc1,False,True
CN(C)c1ccc(C=CC2=CC(=C(C#N)C(=O)O)C=C(C=Cc3ccc(N(C)C)cc3)O2)cc1,C=C1C=C(C=Cc2ccccc2)OC(C=Cc2ccccc2)=C1,C=C1C=C(C=Cc2ccccc2)OC(C=Cc2ccccc2)=C1,True,False
N#CC(C(=O)O)=C1C=C(C=Cc2ccc(N(c3ccccc3)c3ccccc3)cc2)OC(C=Cc2ccc(N(c3ccccc3)c3ccccc3)cc2)=C1,C=C1C=C(C=Cc2ccc(N(c3ccccc3)c3ccccc3)cc2)OC(C=Cc2ccc(N(c3ccccc3)c3ccccc3)cc2)=C1,C=C1C=C(C=Cc2ccc(N(c3ccccc3)c3ccccc3)cc2)OC(C=Cc2ccc(N(c3ccccc3)c3ccccc3)cc2)=C1,True,False
O=C(c1ccccc1)c1ccc2oc3ccccc3c(=O)c2c1,O=C(c1ccccc1)c1ccc2oc3ccccc3c(=O)c2c1,O=C(c1ccccc1)c1ccc2oc3ccccc3c(=O)c2c1,False,True
COc1ccc(C=Nc2ccccc2)c(O)c1,C(=Nc1ccccc1)c1ccccc1,C(=Nc1ccccc1)c1ccccc1,False,True
CCCCOc1cc(C=Cc2ccc(N(C)C)cc2)c(OCC(C)CC)cc1C=Cc1ccc(N(C)C)cc1,C(=Cc1ccc(C=Cc2ccccc2)cc1)c1ccccc1,C(=Cc1ccc(C=Cc2ccccc2)cc1)c1ccccc1,True,False
CCCCOc1cc(C=Cc2ccc(OC)cc2)c(OCC(C)CC)cc1C=Cc1ccc(OC)cc1,C(=Cc1ccc(C=Cc2ccccc2)cc1)c1ccccc1,C(=Cc1ccc(C=Cc2ccccc2)cc1)c1ccccc1,True,False
CCCCOc1cc(C=Cc2ccc(C)cc2)c(OCC(C)CC)cc1C=Cc1ccc(C)cc1,C(=Cc1ccc(C=Cc2ccccc2)cc1)c1ccccc1,C(=Cc1ccc(C=Cc2ccccc2)cc1)c1ccccc1,True,False
CCCCOc1cc(C=Cc2ccc(Cl)cc2)c(OCC(C)CC)cc1C=Cc1ccc(Cl)cc1,C(=Cc1ccc(C=Cc2ccccc2)cc1)c1ccccc1,C(=Cc1ccc(C=Cc2ccccc2)cc1)c1ccccc1,True,False
CCCCOc1cc(C=Cc2ccc(C#N)cc2)c(OCC(C)CC)cc1C=Cc1ccc(C#N)cc1,C(=Cc1ccc(C=Cc2ccccc2)cc1)c1ccccc1,C(=Cc1ccc(C=Cc2ccccc2)cc1)c1ccccc1,True,False
CCCCOc1cc(C=Cc2ccc([N+](=O)[O-])cc2)c(OCC(C)CC)cc1C=Cc1ccc([N+](=O)[O-])cc1,C(=Cc1ccc(C=Cc2ccccc2)cc1)c1ccccc1,C(=Cc1ccc(C=Cc2ccccc2)cc1)c1ccccc1,True,False
Cc1cc(NS(=O)(=O)c2ccc(N)cc2)no1,O=S(=O)(Nc1ccon1)c1ccccc1,O=S(=O)(Nc1ccon1)c1ccccc1,True,False
CNCCC(Oc1ccc(C(F)(F)F)cc1)c1ccccc1,c1ccc(COc2ccccc2)cc1,c1ccc(COc2ccccc2)cc1,True,False
Cc1ccc(C)c(OC(C)(C)C(=O)O)c1,c1ccccc1,c1ccccc1,False,True
COc1ccc2cc(C(C)C(=O)O)ccc2c1,c1ccc2ccccc2c1,c1ccc2ccccc2c1,True,False
Cc1ncc([N+](=O)[O-])n1CCO,c1c[nH]cn1,c1c[nH]cn1,False,True
CC(C)(Oc1ccc(Cl)cc1)C(=O)O,c1ccccc1,c1ccccc1,False,True
CNC(=C[N+](=O)[O-])NCCSCc1ccc(CN(C)C)o1,c1ccoc1,c1ccoc1,True,False
c1ccc2c(c1)Cc1ccccc1-2,c1ccc2c(c1)Cc1ccccc1-2,c1ccc2c(c1)Cc1ccccc1-2,True,False
CN=Cc1cccs1,c1ccsc1,c1ccsc1,True,False
CN=Cc1ccc2c(c1)Cc1ccccc1-2,c1ccc2c(c1)Cc1ccccc1-2,c1ccc2c(c1)Cc1ccccc1-2,True,False
CN=Cc1ccc2c(c1)C(C)c1cc(C=NC)ccc1-2,c1ccc2c(c1)Cc1ccccc1-2,c1ccc2c(c1)Cc1ccccc1-2,True,False
C(=NCc1ccccc1)c1ccc2c(c1)Cc1ccccc1-2,C(=NCc1ccccc1)c1ccc2c(c1)Cc1ccccc1-2,C(=NCc1ccccc1)c1ccc2c(c1)Cc1ccccc1-2,True,False
CCn1cc(C(=O)O)c(=O)c2cc(F)c(N3CCNCC3)cc21,O=c1cc[nH]c2cc(N3CCNCC3)ccc12,O=c1cc[nH]c2cc(N3CCNCC3)ccc12,False,True
FC1(F)C(c2cc(-c3ccccc3)sc2C#Cc2ccccc2)=C(c2cc(-c3ccccc3)sc2C#Cc2ccccc2)C(F)(F)C1(F)F,C(#Cc1sc(-c2ccccc2)cc1C1=C(c2cc(-c3ccccc3)sc2C#Cc2ccccc2)CCC1)c1ccccc1,C(#Cc1sc(-c2ccccc2)cc1C1=C(c2cc(-c3ccccc3)sc2C#Cc2ccccc2)CCC1)c1ccccc1,True,False
Cc1ccc(-c2cc(C3=C(c4cc(-c5ccc(C)cc5)sc4C#Cc4ccccc4)C(F)(F)C(F)(F)C3(F)F)c(C#Cc3ccccc3)s2)cc1,C(#Cc1sc(-c2ccccc2)cc1C1=C(c2cc(-c3ccccc3)sc2C#Cc2ccccc2)CCC1)c1ccccc1,C(#Cc1sc(-c2ccccc2)cc1C1=C(c2cc(-c3ccccc3)sc2C#Cc2ccccc2)CCC1)c1ccccc1,True,False
C=C(C)C(=O)Nc1csc(-c2ccc(C(=O)c3ccccc3)cc2)c1,O=C(c1ccccc1)c1ccc(-c2cccs2)cc1,O=C(c1ccccc1)c1ccc(-c2cccs2)cc1,False,True
C=C(C)C(=O)Nc1csc(-c2ccc(C(=O)c3ccc(Cl)cc3)cc2)c1,O=C(c1ccccc1)c1ccc(-c2cccs2)cc1,O=C(c1ccccc1)c1ccc(-c2cccs2)cc1,False,True
CN(C)CCC=C1c2ccccc2Sc2ccc(Cl)cc21,C=C1c2ccccc2Sc2ccccc21,C=C1c2ccccc2Sc2ccccc21,True,False
CN(C)c1ccc(C=Cc2ccc([N+](=O)[O-])c(O)c2)cc1,C(=Cc1ccccc1)c1ccccc1,C(=Cc1ccccc1)c1ccccc1,False,True
C(=Cc1ccccc1)c1ccccc1,C(=Cc1ccccc1)c1ccccc1,C(=Cc1ccccc1)c1ccccc1,False,True
CCCCCCCCCCCCOS(=O)(=O)[O-].[Na+],,acyclic_312,True,False
CC(C)(C)CC(C)(C)c1ccc(OCCO)cc1,c1ccccc1,c1ccccc1,False,True
CCCCCCCCCCCCCCCC[N+](C)(C)C.[Br-],,acyclic_314,True,False
CCN1c2cc(C)sc2C(C)(C)C12C=Cc1cc([N+](=O)[O-])ccc1O2,C1=CC2(Cc3sccc3N2)Oc2ccccc21,C1=CC2(Cc3sccc3N2)Oc2ccccc21,True,False
COC(=O)c1c(C)sc2c1N(C)C1(C=Cc3c(ccc4ccccc34)O1)C2(C)C,C1=CC2(Cc3sccc3N2)Oc2ccc3ccccc3c21,C1=CC2(Cc3sccc3N2)Oc2ccc3ccccc3c21,True,False
Cc1ccc(OP(=O)(Oc2ccc(C)cc2)Oc2ccc(C)cc2)cc1,O=P(Oc1ccccc1)(Oc1ccccc1)Oc1ccccc1,O=P(Oc1ccccc1)(Oc1ccccc1)Oc1ccccc1,True,False
c1ccc(N(c2ccccc2)c2ccccc2)cc1,c1ccc(N(c2ccccc2)c2ccccc2)cc1,c1ccc(N(c2ccccc2)c2ccccc2)cc1,True,False
Cc1cc2nc3[nH]c(=O)[nH]c(=O)c3nc2cc1C,O=c1[nH]c(=O)c2nc3ccccc3nc2[nH]1,O=c1[nH]c(=O)c2nc3ccccc3nc2[nH]1,False,True
Cc1nc2csc([Si](C)(C)C)c2nc1C,c1cnc2cscc2n1,c1cnc2cscc2n1,True,False
Cc1nc2c(-c3cccs3)sc(-c3cccs3)c2nc1C,c1csc(-c2sc(-c3cccs3)c3nccnc23)c1,c1csc(-c2sc(-c3cccs3)c3nccnc23)c1,True,False
Cc1nc2c(-c3ccc(-c4sc([Si](C)(C)C)c5nc(C)c(C)nc45)s3)sc([Si](C)(C)C)c2nc1C,c1cnc2c(-c3ccc(-c4scc5nccnc45)s3)scc2n1,c1cnc2c(-c3ccc(-c4scc5nccnc45)s3)scc2n1,True,False
Cc1nc2c(-c3scc4c3OCCO4)sc(-c3scc4c3OCCO4)c2nc1C,c1cnc2c(-c3scc4c3OCCO4)sc(-c3scc4c3OCCO4)c2n1,c1cnc2c(-c3scc4c3OCCO4)sc(-c3scc4c3OCCO4)c2n1,True,False
Cc1nc2c(-c3sc(-c4sc([Si](C)(C)C)c5nc(C)c(C)nc45)c4c3OCCO4)sc([Si](C)(C)C)c2nc1C,c1cnc2c(-c3sc(-c4scc5nccnc45)c4c3OCCO4)scc2n1,c1cnc2c(-c3sc(-c4scc5nccnc45)c4c3OCCO4)scc2n1,True,False
C[n+]1c(-c2ccccc2)c2cc(N)ccc2c2ccc(N)cc21,c1ccc(-c2[nH+]c3ccccc3c3ccccc23)cc1,c1ccc(-c2[nH+]c3ccccc3c3ccccc23)cc1,True,False
c1cn[n-]c1,c1cn[n-]c1,c1cn[n-]c1,True,False
CCC1(CC)c2cc(C#Cc3ccc(C=C(C#N)C(=O)O)cc3)ccc2-c2ccc(N(c3ccccc3)c3ccccc3)cc21,C(#Cc1ccc2c(c1)Cc1cc(N(c3ccccc3)c3ccccc3)ccc1-2)c1ccccc1,C(#Cc1ccc2c(c1)Cc1cc(N(c3ccccc3)c3ccccc3)ccc1-2)c1ccccc1,True,False
CCC1(CC)c2cc(C#Cc3cccc(C=C(C#N)C(=O)O)c3)ccc2-c2ccc(N(c3ccccc3)c3ccccc3)cc21,C(#Cc1ccc2c(c1)Cc1cc(N(c3ccccc3)c3ccccc3)ccc1-2)c1ccccc1,C(#Cc1ccc2c(c1)Cc1cc(N(c3ccccc3)c3ccccc3)ccc1-2)c1ccccc1,True,False
CCC1(CC)c2cc(C#Cc3ccc(C=C(C#N)C#N)cc3)ccc2-c2ccc(N(c3ccccc3)c3ccccc3)cc21,C(#Cc1ccc2c(c1)Cc1cc(N(c3ccccc3)c3ccccc3)ccc1-2)c1ccccc1,C(#Cc1ccc2c(c1)Cc1cc(N(c3ccccc3)c3ccccc3)ccc1-2)c1ccccc1,True,False
CCC1(CC)c2cc(C#Cc3ccc(C=C(C#N)C#N)s3)ccc2-c2ccc(N(c3ccccc3)c3ccccc3)cc21,C(#Cc1cccs1)c1ccc2c(c1)Cc1cc(N(c3ccccc3)c3ccccc3)ccc1-2,C(#Cc1cccs1)c1ccc2c(c1)Cc1cc(N(c3ccccc3)c3ccccc3)ccc1-2,False,True
O=C1NC(c2ccccn2)Nc2ccccc21,O=C1NC(c2ccccn2)Nc2ccccc21,O=C1NC(c2ccccn2)Nc2ccccc21,True,False
O=C1NC(c2cccnc2)Nc2ccccc21,O=C1NC(c2cccnc2)Nc2ccccc21,O=C1NC(c2cccnc2)Nc2ccccc21,True,False
O=C1NC(c2ccncc2)Nc2ccccc21,O=C1NC(c2ccncc2)Nc2ccccc21,O=C1NC(c2ccncc2)Nc2ccccc21,False,True
Cc1ccc(C2NC(=O)c3ccccc3N2)o1,O=C1NC(c2ccco2)Nc2ccccc21,O=C1NC(c2ccco2)Nc2ccccc21,True,False
NC1=NC(=O)C(c2ccccc2)O1,O=C1N=COC1c1ccccc1,O=C1N=COC1c1ccccc1,True,False
CSC[C@H]1O[C@@H](n2ccc3c(N)ncnc32)[C@H](O)[C@@H]1O,c1ncc2ccn([C@H]3CCCO3)c2n1,c1ncc2ccn([C@H]3CCCO3)c2n1,False,True
CC(O)Cn1cnc2c1c(=O)n(C)c(=O)n2C,O=c1[nH]c(=O)c2[nH]cnc2[nH]1,O=c1[nH]c(=O)c2[nH]cnc2[nH]1,False,True
[SiH2]=[Mo]=[SiH2],,acyclic_338,True,False
O=C(O)C(=O)O,,acyclic_339,True,False
Cc1occc(=O)c1O,O=c1ccocc1,O=c1ccocc1,False,True
O=c1cc(CO)occ1O,O=c1ccocc1,O=c1ccocc1,False,True
CC(=O)CC(O)c1ccc(Br)cc1,c1ccccc1,c1ccccc1,False,True
CC(=O)CC(O)c1ccccc1,c1ccccc1,c1ccccc1,False,True
CC(=O)CC(O)c1cccc2ccccc12,c1ccc2ccccc2c1,c1ccc2ccccc2c1,True,False
C[S+](C)CC(=O)[O-],,acyclic_345,True,False
[N-]=[N+]=CC(=O)OCc1cccc(SSc2ccccn2)c1,c1ccc(SSc2ccccn2)cc1,c1ccc(SSc2ccccn2)cc1,True,False
[N-]=[N+]=CC(=O)OCc1ccc(SSc2ccccn2)cc1,c1ccc(SSc2ccccn2)cc1,c1ccc(SSc2ccccn2)cc1,True,False
COC(=O)C1=C(C(=O)OC)SC(=C(c2ccccn2)c2ccccn2)S1,C1=CSC(=C(c2ccccn2)c2ccccn2)S1,C1=CSC(=C(c2ccccn2)c2ccccn2)S1,True,False
Nc1ccc(-c2ccc(N)c(N)c2)cc1N.[Cl-].[Cl-].[Cl-].[Cl-].[H+].[H+].[H+].[H+],c1ccc(-c2ccccc2)cc1,c1ccc(-c2ccccc2)cc1,True,False
NC(=O)[C@@H](N)Cc1cc(NNc2ccccn2)c(O)cc1O,c1ccc(NNc2ccccn2)cc1,c1ccc(NNc2ccccn2)cc1,True,False
COc1ccc(C(=C(Br)Br)c2ccc(OC)c(OC)c2)cc1OC,C=C(c1ccccc1)c1ccccc1,C=C(c1ccccc1)c1ccccc1,True,False
c1ccc(-c2cn(C3CCCCC3)nn2)nc1,c1ccc(-c2cn(C3CCCCC3)nn2)nc1,c1ccc(-c2cn(C3CCCCC3)nn2)nc1,True,False
FC(F)(F)c1ccccc1-n1cc(-c2ccccn2)nn1,c1ccc(-n2cc(-c3ccccn3)nn2)cc1,c1ccc(-n2cc(-c3ccccn3)nn2)cc1,True,False
Cc1ccc(-n2cc(-c3ccccn3)nn2)cc1,c1ccc(-n2cc(-c3ccccn3)nn2)cc1,c1ccc(-n2cc(-c3ccccn3)nn2)cc1,True,False
SCc1ccccc1-n1cc(-c2ccccn2)nn1,c1ccc(-n2cc(-c3ccccn3)nn2)cc1,c1ccc(-n2cc(-c3ccccn3)nn2)cc1,True,False
O=C(CO)CCc1ccc([N+](=O)[O-])cc1,c1ccccc1,c1ccccc1,False,True
O=C(CO)CCc1ccccc1[N+](=O)[O-],c1ccccc1,c1ccccc1,False,True
O=C(CO)CCc1cccc([N+](=O)[O-])c1,c1ccccc1,c1ccccc1,False,True
O=C(CO)CCc1cc([N+](=O)[O-])ccc1Cl,c1ccccc1,c1ccccc1,False,True
O=C(O)C1=[NH+][C@H](C(=O)O)CC(C=CN2c3cc(O)c(O[C@@H]4O[C@H](CO)[C@@H](O)[C@H](O)[C@H]4O)cc3C[C@H]2C(=O)[O-])=C1,C(=CN1CCc2cc(O[C@H]3CCCCO3)ccc21)C1=CC=[NH+]CC1,C(=CN1CCc2cc(O[C@H]3CCCCO3)ccc21)C1=CC=[NH+]CC1,False,True
O=CC=C1C=C(C(=O)O)N[C@H](C(=O)O)C1,C=C1C=CNCC1,C=C1C=CNCC1,True,False
O=C(O)C1=[NH+][C@@H](C(=O)O)CC(C=CN2c3cc(O)c(O[C@@H]4O[C@H](CO)[C@@H](O)[C@H](O)[C@H]4O)cc3C[C@H]2C(=O)[O-])=C1,C(=CN1CCc2cc(O[C@H]3CCCCO3)ccc21)C1=CC=[NH+]CC1,C(=CN1CCc2cc(O[C@H]3CCCCO3)ccc21)C1=CC=[NH+]CC1,False,True
Cc1ccc(Nc2ccc3cc(S(=O)(=O)[O-])ccc3c2)cc1.[K+],c1ccc(Nc2ccc3ccccc3c2)cc1,c1ccc(Nc2ccc3ccccc3c2)cc1,True,False
CC(=O)Nc1ccccc1,c1ccccc1,c1ccccc1,False,True
CN1N=C(N)c2cn([C@@H]3O[C@H](CO)[C@@H](O)[C@H]3O)c3ncnc1c23,C1=NNc2ncnc3c2c1cn3[C@H]1CCCO1,C1=NNc2ncnc3c2c1cn3[C@H]1CCCO1,True,False
O=Cc1ccc2cn[nH]c2c1,c1ccc2[nH]ncc2c1,c1ccc2[nH]ncc2c1,True,False
Cc1nc[nH]c1C=O,c1c[nH]cn1,c1c[nH]cn1,False,True
O=Cc1c(O)ccc2ccccc12,c1ccc2ccccc2c1,c1ccc2ccccc2c1,True,False
Oc1cccc2cc3c(nc12)-c1ccccc1OC3,c1ccc2c(c1)OCc1cc3ccccc3nc1-2,c1ccc2c(c1)OCc1cc3ccccc3nc1-2,True,False
Oc1cc(F)cc2cc3c(nc12)-c1ccccc1OC3,c1ccc2c(c1)OCc1cc3ccccc3nc1-2,c1ccc2c(c1)OCc1cc3ccccc3nc1-2,True,False
Oc1cc(Cl)cc2cc3c(nc12)-c1ccccc1OC3,c1ccc2c(c1)OCc1cc3ccccc3nc1-2,c1ccc2c(c1)OCc1cc3ccccc3nc1-2,True,False
Oc1cccc2cc3c(nc12)-c1cc(Br)ccc1OC3,c1ccc2c(c1)OCc1cc3ccccc3nc1-2,c1ccc2c(c1)OCc1cc3ccccc3nc1-2,True,False
Oc1cc(F)cc2cc3c(nc12)-c1cc(Br)ccc1OC3,c1ccc2c(c1)OCc1cc3ccccc3nc1-2,c1ccc2c(c1)OCc1cc3ccccc3nc1-2,True,False
Oc1cccc2cc3c(nc12)-c1ccccc1OCC3,c1ccc2c(c1)OCCc1cc3ccccc3nc1-2,c1ccc2c(c1)OCCc1cc3ccccc3nc1-2,True,False
Oc1cc(F)cc2cc3c(nc12)-c1ccccc1OCC3,c1ccc2c(c1)OCCc1cc3ccccc3nc1-2,c1ccc2c(c1)OCCc1cc3ccccc3nc1-2,True,False
O=C1NC(=O)c2cccc3cccc1c23,O=C1NC(=O)c2cccc3cccc1c23,O=C1NC(=O)c2cccc3cccc1c23,True,False
c1cc(OC[C@@H]2CO2)ccc1CCOCC1CC1,c1cc(OC[C@@H]2CO2)ccc1CCOCC1CC1,c1cc(OC[C@@H]2CO2)ccc1CCOCC1CC1,True,False
CCOC(=O)c1ccc(NC(=O)CN(C)C)cc1,c1ccccc1,c1ccccc1,False,True
CCOC(=O)c1ccc(NC(=O)CCN(C)C)cc1.[Cl-].[H+],c1ccccc1,c1ccccc1,False,True
CC(C=C=C1C(C)(C)C[C@H](O)C[C@@]1(C)O)=CC=CC(C)=CC=CC=C(C)C=CC=C(C)C=C[C@@]12O[C@]1(C)C[C@@H](O)CC2(C)C,C(=CC=CC=CC=CC=CC=CC=CC=CC=C[C@]12CCCCC1O2)=C1CCCCC1,C(=CC=CC=CC=CC=CC=CC=CC=CC=C[C@]12CCCCC1O2)=C1CCCCC1,True,False
CC(C=CC=C(C)C=CC1=C(C)C(=O)CCC1(C)C)=CC=CC=C(C)C=CC=C(C)C=CC1=C(C)C(=O)CCC1(C)C,O=C1C=C(C=CC=CC=CC=CC=CC=CC=CC=CC=CC2=CC(=O)CCC2)CCC1,O=C1C=C(C=CC=CC=CC=CC=CC=CC=CC=CC=CC2=CC(=O)CCC2)CCC1,False,True
CC(=O)O[C@H]1CC(C)(C)C(=C=CC(C)=CC=CC(C)=CC=CC=C(C)C=CC=C(C)C(=O)C[C@@]23O[C@]2(C)C[C@@H](O)CC3(C)C)[C@](C)(O)C1,O=C(C=CC=CC=CC=CC=CC=CC=CC=C=C1CCCCC1)C[C@]12CCCCC1O2,O=C(C=CC=CC=CC=CC=CC=CC=CC=C=C1CCCCC1)C[C@]12CCCCC1O2,False,True
CC(C#CC1=C(C)C[C@@H](O)CC1(C)C)=CC=CC(C)=CC=CC=C(C)C=CC=C(C)C=C[C@@]12O[C@]1(C)C[C@@H](O)CC2(C)C,C(#CC1=CCCCC1)C=CC=CC=CC=CC=CC=CC=CC=C[C@]12CCCCC1O2,C(#CC1=CCCCC1)C=CC=CC=CC=CC=CC=CC=CC=C[C@]12CCCCC1O2,False,True
CC(C=CC=C(C)C=CC1=C(C)CCCC1(C)C)=CC=CC=C(C)C=CC=C(C)C=CC1=C(C)C(=O)CCC1(C)C,O=C1C=C(C=CC=CC=CC=CC=CC=CC=CC=CC=CC2=CCCCC2)CCC1,O=C1C=C(C=CC=CC=CC=CC=CC=CC=CC=CC=CC2=CCCCC2)CCC1,True,False
CC(C=CC=C(C)C=CC1=C(C)C[C@@H](O)CC1(C)C)=CC=CC=C(C)C=CC=C(C)C=C[C@H]1C(C)=C[C@H](O)CC1(C)C,C(=CC=CC=CC=CC=C[C@H]1C=CCCC1)C=CC=CC=CC=CC1=CCCCC1,C(=CC=CC=CC=CC=C[C@H]1C=CCCC1)C=CC=CC=CC=CC1=CCCCC1,True,False
CC(C=CC=C(C)C=C[C@@]12O[C@]1(C)C[C@@H](O)CC2(C)C)=CC=CC=C(C)C=CC=C(C)C=C[C@@]12O[C@]1(C)C[C@@H](O)CC2(C)C,C(=CC=CC=CC=CC=C[C@]12CCCCC1O2)C=CC=CC=CC=C[C@]12CCCCC1O2,C(=CC=CC=CC=CC=C[C@]12CCCCC1O2)C=CC=CC=CC=C[C@]12CCCCC1O2,True,False
CC(C=CC=C(C)C=CC1=C(C)C[C@@H](O)CC1(C)C)=CC=CC=C(C)C=CC=C(C)C=CC1=C(C)C[C@@H](O)CC1(C)C,C(=CC=CC=CC=CC=CC1=CCCCC1)C=CC=CC=CC=CC1=CCCCC1,C(=CC=CC=CC=CC=CC1=CCCCC1)C=CC=CC=CC=CC1=CCCCC1,True,False
O=C1C=CC(=CC2=c3[nH]c4ccccc4c3=C(C3=c4c([nH]c5ccccc45)=C(C=C4C=CC(=O)C=C4)C3=O)C2=O)C=C1,O=C1C=CC(=CC2=c3[nH]c4ccccc4c3=C(C3=c4c([nH]c5ccccc45)=C(C=C4C=CC(=O)C=C4)C3=O)C2=O)C=C1,O=C1C=CC(=CC2=c3[nH]c4ccccc4c3=C(C3=c4c([nH]c5ccccc45)=C(C=C4C=CC(=O)C=C4)C3=O)C2=O)C=C1,True,False
Oc1ccccc1,c1ccccc1,c1ccccc1,False,True
CC(=O)Oc1ccc2oc3ccccc3c2c1,c1ccc2c(c1)oc1ccccc12,c1ccc2c(c1)oc1ccccc12,True,False
CC(=O)c1cc2oc3ccccc3c2cc1O,c1ccc2c(c1)oc1ccccc12,c1ccc2c(c1)oc1ccccc12,True,False
CC(=O)c1ccc2oc3ccc(O)cc3c2c1,c1ccc2c(c1)oc1ccccc12,c1ccc2c(c1)oc1ccccc12,True,False
CC(=O)c1c(O)ccc2oc3ccccc3c12,c1ccc2c(c1)oc1ccccc12,c1ccc2c(c1)oc1ccccc12,True,False
CC(=O)Oc1ccc2oc3ccc(C(C)=O)cc3c2c1,c1ccc2c(c1)oc1ccccc12,c1ccc2c(c1)oc1ccccc12,True,False
CC(C)NCC(O)COc1ccc(COCCOC(C)C)cc1,c1ccccc1,c1ccccc1,False,True
CCOC(=O)C1=C(COCCN)NC(C)=C(C(=O)OC)C1c1ccccc1Cl.O=S(=O)(O)c1ccccc1,C1=CC(c2ccccc2)C=CN1.c1ccccc1,C1=CC(c2ccccc2)C=CN1.c1ccccc1,False,True
NCCCC[C@H](N[C@@H](CCc1ccccc1)C(=O)O)C(=O)N1CCC[C@H]1C(=O)O.O.O,O=C(CNCCCc1ccccc1)N1CCCC1,O=C(CNCCCc1ccccc1)N1CCCC1,False,True
COCCc1ccc(OCC(O)CNC(C)C)cc1.COCCc1ccc(OCC(O)CNC(C)C)cc1.O=C(O)[C@H](O)[C@@H](O)C(=O)O,c1ccccc1.c1ccccc1,c1ccccc1.c1ccccc1,True,False
COC(=O)C1=C(C)NC(C)=C(C(=O)OC)C1c1ccccc1[N+](=O)[O-],C1=CC(c2ccccc2)C=CN1,C1=CC(c2ccccc2)C=CN1,True,False
O=C(O)C=CC(=O)O.O=C(O)C=CC(=O)O.OCCOCCN1CCN(C2=Nc3ccccc3Sc3ccccc32)CC1,c1ccc2c(c1)N=C(N1CCNCC1)c1ccccc1S2,c1ccc2c(c1)N=C(N1CCNCC1)c1ccccc1S2,True,False
CC(=O)Oc1cc2c(s1)CCN(C(C(=O)C1CC1)c1ccccc1F)C2,O=C(C1CC1)C(c1ccccc1)N1CCc2sccc2C1,O=C(C1CC1)C(c1ccccc1)N1CCc2sccc2C1,False,True
CCOC(=O)[C@H](CCc1ccccc1)N[C@@H](C)C(=O)N1[C@H](C(=O)O)C[C@@H]2CCC[C@@H]21,O=C(CNCCCc1ccccc1)N1CC[C@@H]2CCC[C@@H]21,O=C(CNCCCc1ccccc1)N1CC[C@@H]2CCC[C@@H]21,True,False
COc1ccc(CCN(C)CCCC(C#N)(c2ccc(OC)c(OC)c2)C(C)C)cc1OC.[Cl-].[H+],c1ccc(CCCCNCCc2ccccc2)cc1,c1ccc(CCCCNCCc2ccccc2)cc1,True,False
Cc1ccccc1,c1ccccc1,c1ccccc1,False,True
COC(=O)C1=C(C(=O)OC)SC(=c2ccc3c(c2)C=CC2OC(c4ccccc4)(c4ccccc4)C=CC=32)S1,C1=CSC(=c2ccc3c(c2)C=CC2OC(c4ccccc4)(c4ccccc4)C=CC=32)S1,C1=CSC(=c2ccc3c(c2)C=CC2OC(c4ccccc4)(c4ccccc4)C=CC=32)S1,False,True
C1=Cc2c(ccc3ccccc23)OC1,C1=Cc2c(ccc3ccccc23)OC1,C1=Cc2c(ccc3ccccc23)OC1,True,False
OCCc1ccc(OC[C@@H]2CO2)cc1,c1ccc(OC[C@@H]2CO2)cc1,c1ccc(OC[C@@H]2CO2)cc1,True,False
CC(=O)C[C@@H](O)c1ccc([N+](=O)[O-])cc1[N+](=O)[O-],c1ccccc1,c1ccccc1,False,True
CC(=O)C[C@@H](O)c1cccc(C#N)c1,c1ccccc1,c1ccccc1,False,True
CC(C)(O)C#CC1=C(C=O)COc2ccccc21,C1=Cc2ccccc2OC1,C1=Cc2ccccc2OC1,False,True
O=CC1=C(C#CCCO)c2ccccc2OC1,C1=Cc2ccccc2OC1,C1=Cc2ccccc2OC1,False,True
O=CC1=C(C#CO)c2ccccc2OC1,C1=Cc2ccccc2OC1,C1=Cc2ccccc2OC1,False,True
CC(O)C#CC1=C(C=O)COc2ccccc21,C1=Cc2ccccc2OC1,C1=Cc2ccccc2OC1,False,True
O=CC1=C(C#CC2(O)CCCCC2)c2ccccc2OC1,C(#CC1CCCCC1)C1=CCOc2ccccc21,C(#CC1CCCCC1)C1=CCOc2ccccc21,False,True
O=CC1=C(C#CCl)c2ccccc2OC1,C1=Cc2ccccc2OC1,C1=Cc2ccccc2OC1,False,True
O=CC1=C(C#Cc2ccccc2)c2ccccc2OC1,C(#Cc1ccccc1)C1=CCOc2ccccc21,C(#Cc1ccccc1)C1=CCOc2ccccc21,False,True
C#CC1=C(C=O)CCOc2ccccc21,C1=Cc2ccccc2OCC1,C1=Cc2ccccc2OCC1,True,False
C#C[C@]1(OC(C)=O)CC[C@H]2[C@@H]3CCC4=CC(=NO)CC[C@@H]4[C@H]3CC[C@@]21CC,N=C1C=C2CC[C@@H]3[C@H](CCC4CCC[C@H]43)[C@H]2CC1,N=C1C=C2CC[C@@H]3[C@H](CCC4CCC[C@H]43)[C@H]2CC1,True,False
Cc1c(Cl)cccc1-n1c(C)nc2ccccc2c1=O,O=c1c2ccccc2ncn1-c1ccccc1,O=c1c2ccccc2ncn1-c1ccccc1,True,False
O=S(=O)(c1ccccc1)n1ccc2c(Cl)ccnc21,O=S(=O)(c1ccccc1)n1ccc2cccnc21,O=S(=O)(c1ccccc1)n1ccc2cccnc21,True,False
O=S(=O)(c1ccccc1)n1c(C#CCCO)cc2c(Cl)ccnc21,O=S(=O)(c1ccccc1)n1ccc2cccnc21,O=S(=O)(c1ccccc1)n1ccc2cccnc21,True,False
CC(O)C#Cc1cc2c(Cl)ccnc2n1S(=O)(=O)c1ccccc1,O=S(=O)(c1ccccc1)n1ccc2cccnc21,O=S(=O)(c1ccccc1)n1ccc2cccnc21,True,False
CC(C)(O)C#Cc1cc2c(Cl)ccnc2n1S(=O)(=O)c1ccccc1,O=S(=O)(c1ccccc1)n1ccc2cccnc21,O=S(=O)(c1ccccc1)n1ccc2cccnc21,True,False
O=S(=O)(c1ccccc1)n1c(C#CO)cc2c(Cl)ccnc21,O=S(=O)(c1ccccc1)n1ccc2cccnc21,O=S(=O)(c1ccccc1)n1ccc2cccnc21,True,False
CC(O)CC#Cc1cc2c(Cl)ccnc2n1S(=O)(=O)c1ccccc1,O=S(=O)(c1ccccc1)n1ccc2cccnc21,O=S(=O)(c1ccccc1)n1ccc2cccnc21,True,False
O=S(=O)(c1ccccc1)n1c(C#Cc2ccccc2)cc2c(Cl)ccnc21,O=S(=O)(c1ccccc1)n1c(C#Cc2ccccc2)cc2cccnc21,O=S(=O)(c1ccccc1)n1c(C#Cc2ccccc2)cc2cccnc21,False,True
Cc1ccc(C#Cc2cc3c(Cl)ccnc3n2S(=O)(=O)c2ccccc2)cc1,O=S(=O)(c1ccccc1)n1c(C#Cc2ccccc2)cc2cccnc21,O=S(=O)(c1ccccc1)n1c(C#Cc2ccccc2)cc2cccnc21,False,True
Nc1cccc(C#Cc2cc3c(Cl)ccnc3n2S(=O)(=O)c2ccccc2)c1,O=S(=O)(c1ccccc1)n1c(C#Cc2ccccc2)cc2cccnc21,O=S(=O)(c1ccccc1)n1c(C#Cc2ccccc2)cc2cccnc21,False,True
O=S(=O)(c1ccccc1)n1c(C#Cc2ccccc2)cc2c(-c3ccccc3)ccnc21,O=S(=O)(c1ccccc1)n1c(C#Cc2ccccc2)cc2c(-c3ccccc3)ccnc21,O=S(=O)(c1ccccc1)n1c(C#Cc2ccccc2)cc2c(-c3ccccc3)ccnc21,True,False
CCOC(=O)Cc1cc2ccccc2[nH]1,c1ccc2[nH]ccc2c1,c1ccc2[nH]ccc2c1,True,False
C#CCOC(=O)Cc1cc2ccccc2[nH]1,c1ccc2[nH]ccc2c1,c1ccc2[nH]ccc2c1,True,False
O=C(Cc1cc2ccccc2[nH]1)N1CCOC1=O,O=C(Cc1cc2ccccc2[nH]1)N1CCOC1=O,O=C(Cc1cc2ccccc2[nH]1)N1CCOC1=O,False,True
O=C1CCCN1C(=O)Cc1cc2ccccc2[nH]1,O=C1CCCN1C(=O)Cc1cc2ccccc2[nH]1,O=C1CCCN1C(=O)Cc1cc2ccccc2[nH]1,True,False
CCOC(=O)Cc1cc2cc(OCc3ccccc3)ccc2[nH]1,c1ccc(COc2ccc3[nH]ccc3c2)cc1,c1ccc(COc2ccc3[nH]ccc3c2)cc1,True,False
O=C(Cc1cc2ccccc2[nH]1)N1CCCOC1=O,O=C(Cc1cc2ccccc2[nH]1)N1CCCOC1=O,O=C(Cc1cc2ccccc2[nH]1)N1CCCOC1=O,True,False
O=C(Cc1cc2ccccc2[nH]1)N1C(=O)OC[C@@H]1Cc1ccccc1,O=C(Cc1cc2ccccc2[nH]1)N1C(=O)OC[C@@H]1Cc1ccccc1,O=C(Cc1cc2ccccc2[nH]1)N1C(=O)OC[C@@H]1Cc1ccccc1,False,True
C#CCN1C(=O)C=CC1=O,O=C1C=CC(=O)N1,O=C1C=CC(=O)N1,True,False
COC(=O)C(C(=O)OC)=C(O)Cc1ccccc1[N+](=O)[O-],c1ccccc1,c1ccccc1,False,True
CC1(C)OC(=O)C(=C(O)Cc2cc(OCc3ccccc3)ccc2[N+](=O)[O-])C(=O)O1,O=C1OCOC(=O)C1=CCc1cccc(OCc2ccccc2)c1,O=C1OCOC(=O)C1=CCc1cccc(OCc2ccccc2)c1,True,False
CCOC(=O)CC(=O)Cc1ccccc1[N+](=O)[O-],c1ccccc1,c1ccccc1,False,True
C#CCOC(=O)CC(=O)Cc1ccccc1[N+](=O)[O-],c1ccccc1,c1ccccc1,False,True
O=C(CC(=O)NC(=O)OCc1ccccc1)Cc1ccccc1[N+](=O)[O-],O=C(CC(=O)NC(=O)OCc1ccccc1)Cc1ccccc1,O=C(CC(=O)NC(=O)OCc1ccccc1)Cc1ccccc1,True,False
O=C(CC(=O)N1CCOC1=O)Cc1ccccc1[N+](=O)[O-],O=C(CC(=O)N1CCOC1=O)Cc1ccccc1,O=C(CC(=O)N1CCOC1=O)Cc1ccccc1,False,True
CCOC(=O)CC(=O)Cc1cc(OCc2ccccc2)ccc1[N+](=O)[O-],c1ccc(COc2ccccc2)cc1,c1ccc(COc2ccccc2)cc1,True,False
O=C(CC(=O)N1CCCOC1=O)Cc1ccccc1[N+](=O)[O-],O=C(CC(=O)N1CCCOC1=O)Cc1ccccc1,O=C(CC(=O)N1CCCOC1=O)Cc1ccccc1,True,False
O=C(CC(=O)N1C(=O)OC[C@@H]1Cc1ccccc1)Cc1ccccc1[N+](=O)[O-],O=C(CC(=O)N1C(=O)OC[C@@H]1Cc1ccccc1)Cc1ccccc1,O=C(CC(=O)N1C(=O)OC[C@@H]1Cc1ccccc1)Cc1ccccc1,True,False
COc1cc([C@H]2c3c([nH]c4ccccc34)[C@@H](C(=O)N3C(=O)OCC3Cc3ccccc3)C3C(=O)N(c4ccccc4)C(=O)[C@H]32)cc(OC)c1O,O=C1C2[C@H](C(=O)N3C(=O)OCC3Cc3ccccc3)c3[nH]c4ccccc4c3[C@H](c3ccccc3)[C@@H]2C(=O)N1c1ccccc1,O=C1C2[C@H](C(=O)N3C(=O)OCC3Cc3ccccc3)c3[nH]c4ccccc4c3[C@H](c3ccccc3)[C@@H]2C(=O)N1c1ccccc1,True,False
COc1cc([C@@H]2c3c([nH]c4ccccc34)[C@H](C(=O)N3C(=O)OCC3Cc3ccccc3)C3C(=O)N(c4ccccc4)C(=O)[C@@H]32)cc(OC)c1O,O=C1C2[C@@H](C(=O)N3C(=O)OCC3Cc3ccccc3)c3[nH]c4ccccc4c3[C@@H](c3ccccc3)[C@H]2C(=O)N1c1ccccc1,O=C1C2[C@@H](C(=O)N3C(=O)OCC3Cc3ccccc3)c3[nH]c4ccccc4c3[C@@H](c3ccccc3)[C@H]2C(=O)N1c1ccccc1,False,True
CCCNC1=NN=C(c2ccc(Cl)cc2)CS1,C1=NN=C(c2ccccc2)CS1,C1=NN=C(c2ccccc2)CS1,False,True
COc1ccc(CN(CCS(C)(=O)=O)C[C@@H](Cl)c2cccc(C(F)(F)F)c2)cc1,c1ccc(CCNCc2ccccc2)cc1,c1ccc(CCNCc2ccccc2)cc1,True,False
COC(=O)[C@@]1(C)[C@H](CO)[C@@H](C)ON1Cc1ccccc1,c1ccc(CN2CCCO2)cc1,c1ccc(CN2CCCO2)cc1,True,False
CCOC(=O)[C@@]1(C)[C@H](CO)[C@@H](C)ON1Cc1ccccc1,c1ccc(CN2CCCO2)cc1,c1ccc(CN2CCCO2)cc1,True,False
C[C@H]1ON(Cc2ccccc2)[C@@](C)(C(=O)OCc2ccccc2)[C@@H]1CO,O=C(OCc1ccccc1)C1CCON1Cc1ccccc1,O=C(OCc1ccccc1)C1CCON1Cc1ccccc1,True,False
CCOC(=O)[C@@]1(C)[C@H](CO)CON1Cc1ccccc1,c1ccc(CN2CCCO2)cc1,c1ccc(CN2CCCO2)cc1,True,False
CCOC(=O)[C@@]1(C)[C@H](CO)[C@@H](CC)ON1Cc1ccccc1,c1ccc(CN2CCCO2)cc1,c1ccc(CN2CCCO2)cc1,True,False
CC1CCN(c2ncc3c(=O)nc4n(c3n2)CCS4)CC1,O=c1nc2n(c3nc(N4CCCCC4)ncc13)CCS2,O=c1nc2n(c3nc(N4CCCCC4)ncc13)CCS2,True,False
O=c1nc2n(c3nc(N4CCOCC4)ncc13)CCS2,O=c1nc2n(c3nc(N4CCOCC4)ncc13)CCS2,O=c1nc2n(c3nc(N4CCOCC4)ncc13)CCS2,False,True
CN1CCN(c2ncc3c(=O)nc4n(c3n2)CCS4)CC1,O=c1nc2n(c3nc(N4CCNCC4)ncc13)CCS2,O=c1nc2n(c3nc(N4CCNCC4)ncc13)CCS2,True,False
CCN1CCN(c2ncc3c(=O)nc4n(c3n2)CCS4)CC1,O=c1nc2n(c3nc(N4CCNCC4)ncc13)CCS2,O=c1nc2n(c3nc(N4CCNCC4)ncc13)CCS2,True,False
Clc1c(Cl)c(Cl)c(Cl)c(Cl)c1Cl,c1ccccc1,c1ccccc1,False,True
Oc1ccc(O)c(Cl)c1Cl,c1ccccc1,c1ccccc1,False,True
Oc1c(Cl)c(Cl)c(Cl)c(Cl)c1Cl,c1ccccc1,c1ccccc1,False,True
O=[N+]([O-])c1c(Cl)c(Cl)c(Cl)c(Cl)c1Cl,c1ccccc1,c1ccccc1,False,True
Oc1cccc(Cl)c1Cl,c1ccccc1,c1ccccc1,False,True
Oc1ccc(Cl)c(Cl)c1Cl,c1ccccc1,c1ccccc1,False,True
Oc1cc(Cl)c(Cl)c(Cl)c1Cl,c1ccccc1,c1ccccc1,False,True
Clc1cccc(Cl)c1Cl,c1ccccc1,c1ccccc1,False,True
Clc1ccccc1Cl,c1ccccc1,c1ccccc1,False,True
Clc1ccccc1N(Cl)Cl,c1ccccc1,c1ccccc1,False,True
ClN(Cl)c1ccccc1,c1ccccc1,c1ccccc1,False,True
Clc1cc(Cl)c(Cl)c(Cl)c1Cl,c1ccccc1,c1ccccc1,False,True
Nc1c(Cl)c(Cl)c(Cl)c(Cl)c1Cl,c1ccccc1,c1ccccc1,False,True
Clc1cccc(N(Cl)Cl)c1Cl,c1ccccc1,c1ccccc1,False,True
Clc1ccc(Cl)c(Cl)c1Cl,c1ccccc1,c1ccccc1,False,True
Oc1c(Cl)c(Cl)c(O)c(Cl)c1Cl,c1ccccc1,c1ccccc1,False,True
O=[N+]([O-])c1ccc(Cl)c(Cl)c1,c1ccccc1,c1ccccc1,False,True
CC1=C(C(=O)Nc2ccccc2)SCCO1,O=C(Nc1ccccc1)C1=COCCS1,O=C(Nc1ccccc1)C1=COCCS1,True,False
Nc1ccccc1O,c1ccccc1,c1ccccc1,False,True
CC(=O)Nc1ccccc1O,c1ccccc1,c1ccccc1,False,True
O=C1C(O)Oc2ccccc2N1O,O=C1COc2ccccc2N1,O=C1COc2ccccc2N1,True,False
O=C1COc2ccccc2N1O,O=C1COc2ccccc2N1,O=C1COc2ccccc2N1,True,False
O=c1nc(Br)[nH]c2nc[nH]c12,O=c1nc[nH]c2nc[nH]c12,O=c1nc[nH]c2nc[nH]c12,True,False
O=P(N1CC1)(N1CC1)N1CC1,O=P(N1CC1)(N1CC1)N1CC1,O=P(N1CC1)(N1CC1)N1CC1,True,False
F[P-](F)(F)(F)(F)F.F[P-](F)(F)(F)(F)F.[Fe+2],,acyclic_484,False,True
C1CCSCC1,C1CCSCC1,C1CCSCC1,True,False
Nc1ccc(S(=O)(=O)NC=O)cc1,c1ccccc1,c1ccccc1,False,True
CCOC(=O)[C@@H](CCc1ccccc1)N=[N+]=[N-],c1ccccc1,c1ccccc1,False,True
O=C([O-])[C@@H](O)CCc1ccccc1,c1ccccc1,c1ccccc1,False,True
CS(=O)(=O)O[C@@H](CCc1ccccc1)C(=O)[O-],c1ccccc1,c1ccccc1,False,True
CCN1CCO[C@@H]2c3cccc4[nH]cc(c34)C[C@H]21,c1cc2c3c(c[nH]c3c1)C[C@H]1NCCO[C@H]21,c1cc2c3c(c[nH]c3c1)C[C@H]1NCCO[C@H]21,False,True
O=C(O)c1c(CCO)cccc1-c1c2nc(c(-c3ccccc3)c3ccc(cc4nc(c(-c5ccccc5)c5ccc1[nH]5)C=C4)[nH]3)C=C2,C1=Cc2nc1cc1ccc([nH]1)c(-c1ccccc1)c1nc(c(-c3ccccc3)c3ccc([nH]3)c2-c2ccccc2)C=C1,C1=Cc2nc1cc1ccc([nH]1)c(-c1ccccc1)c1nc(c(-c3ccccc3)c3ccc([nH]3)c2-c2ccccc2)C=C1,True,False
CCN1Cc2cc3nc4cc5c(cc4[o+]c3cc21)N(C(=O)O)C(C)(C)CC5CS(=O)(=O)[O-],c1c2c(cc3[o+]c4cc5c(cc4nc13)CN5)NCCC2,c1c2c(cc3[o+]c4cc5c(cc4nc13)CN5)NCCC2,True,False
C=C1C=CC=C1C(=O)O,C=C1C=CC=C1,C=C1C=CC=C1,True,False
CC(=O)NO,,acyclic_494,False,True
COc1ccc2ccc3c(c(COC(=O)[C@H](C)NC(=O)OCc4ccccc4)cc(=O)n3C)c2c1,O=C(CNC(=O)OCc1ccccc1)OCc1cc(=O)[nH]c2ccc3ccccc3c12,O=C(CNC(=O)OCc1ccccc1)OCc1cc(=O)[nH]c2ccc3ccccc3c12,False,True
COC(=O)CCC(NC(=O)OCc1ccccc1)C(=O)OCc1cc(=O)n(C)c2ccc3ccc(OC)cc3c12,O=C(CNC(=O)OCc1ccccc1)OCc1cc(=O)[nH]c2ccc3ccccc3c12,O=C(CNC(=O)OCc1ccccc1)OCc1cc(=O)[nH]c2ccc3ccccc3c12,False,True
C#CCCCCCC,,acyclic_497,True,False
CC(C)(O)C#Cc1ccc2ccccc2n1,c1ccc2ncccc2c1,c1ccc2ncccc2c1,False,True
OCC#Cc1ccc2ccccc2n1,c1ccc2ncccc2c1,c1ccc2ncccc2c1,False,True
OCCC#Cc1ccc2ccccc2n1,c1ccc2ncccc2c1,c1ccc2ncccc2c1,False,True
CC(O)CC#Cc1ccc2ccccc2n1,c1ccc2ncccc2c1,c1ccc2ncccc2c1,False,True
C(#Cc1ccc2ccccc2n1)c1ccccc1,C(#Cc1ccc2ccccc2n1)c1ccccc1,C(#Cc1ccc2ccccc2n1)c1ccccc1,False,True
Cc1ccc(CCc2ccc3ccccc3n2)cc1,c1ccc(CCc2ccc3ccccc3n2)cc1,c1ccc(CCc2ccc3ccccc3n2)cc1,True,False
Cc1ccc(C#Cc2ccc3ccccc3n2)cc1,C(#Cc1ccc2ccccc2n1)c1ccccc1,C(#Cc1ccc2ccccc2n1)c1ccccc1,False,True
Fc1cccc(C#Cc2ccc3ccccc3n2)c1,C(#Cc1ccc2ccccc2n1)c1ccccc1,C(#Cc1ccc2ccccc2n1)c1ccccc1,False,True
C(#Cc1ccc2ccccc2n1)CCc1ccccc1,C(#Cc1ccc2ccccc2n1)CCc1ccccc1,C(#Cc1ccc2ccccc2n1)CCc1ccccc1,True,False
Nc1ccn([C@@H]2O[C@H](COP(=O)(O)OP(=O)(O)OCCOC(=O)c3ccccc3N)[C@@H](O)[C@H]2O)c(=O)n1,O=C(OCCO[PH](=O)O[PH](=O)OC[C@@H]1CC[C@H](n2cccnc2=O)O1)c1ccccc1,O=C(OCCO[PH](=O)O[PH](=O)OC[C@@H]1CC[C@H](n2cccnc2=O)O1)c1ccccc1,True,False
COC1=CSN(c2ccccn2)C=C1C1=C(C2=CN(c3ccccn3)SC=C2OC)C(F)(F)C(F)(F)C1(F)F,C1=CC(C2=C(C3=CN(c4ccccn4)SC=C3)CCC2)=CN(c2ccccn2)S1,C1=CC(C2=C(C3=CN(c4ccccn4)SC=C3)CCC2)=CN(c2ccccn2)S1,True,False
COC1=CSN(c2cccnc2)C=C1C1=C(C2=CN(c3ccccn3)SC=C2OC)C(F)(F)C(F)(F)C1(F)F,C1=CC(C2=C(C3=CN(c4ccccn4)SC=C3)CCC2)=CN(c2cccnc2)S1,C1=CC(C2=C(C3=CN(c4ccccn4)SC=C3)CCC2)=CN(c2cccnc2)S1,True,False
COC1=CSN(c2ccncc2)C=C1C1=C(C2=CN(c3cccnc3)SC=C2OC)C(F)(F)C(F)(F)C1(F)F,C1=CC(C2=C(C3=CN(c4cccnc4)SC=C3)CCC2)=CN(c2ccncc2)S1,C1=CC(C2=C(C3=CN(c4cccnc4)SC=C3)CCC2)=CN(c2ccncc2)S1,True,False
CC(C)CC[C@@H](O)[C@](C)(O)[C@H]1CC[C@@]2(O)C3=CC(=O)[C@@H]4C[C@@H](O)[C@@H](O)C[C@]4(C)[C@H]3CC[C@]12C,O=C1C=C2C3CCCC3CC[C@@H]2C2CCCC[C@@H]12,O=C1C=C2C3CCCC3CC[C@@H]2C2CCCC[C@@H]12,True,False
CC1=C(C(=O)O)N2C(=O)[C@@H](NC(=O)CCC[C@@H](N)C(=O)O)[C@H]2SC1,O=C1C[C@H]2SCC=CN12,O=C1C[C@H]2SCC=CN12,True,False
O=c1nc[nH]c2c([C@@H]3O[C@H](CO)[C@H]4O[C@@H](CP(=O)(O)O)O[C@H]43)c[nH]c12,O=c1nc[nH]c2c([C@@H]3OC[C@H]4OCO[C@H]43)c[nH]c12,O=c1nc[nH]c2c([C@@H]3OC[C@H]4OCO[C@H]43)c[nH]c12,True,False
O=NC=C1C=CC=CN1,C=C1C=CC=CN1,C=C1C=CC=CN1,False,True
O=C(O)c1ccccc1Nc1cc(Cl)c(OOO)c(Cl)c1,c1ccc(Nc2ccccc2)cc1,c1ccc(Nc2ccccc2)cc1,True,False
CC(Cc1ccccc1)Nc1ncnc2c1ncn2[C@@H]1O[C@H](CO)[C@@H](O)[C@H]1O,c1ccc(CCNc2ncnc3c2ncn3[C@H]2CCCO2)cc1,c1ccc(CCNc2ncnc3c2ncn3[C@H]2CCCO2)cc1,True,False
O=C1c2ccccc2C(=O)C1c1ccccc1,O=C1c2ccccc2C(=O)C1c1ccccc1,O=C1c2ccccc2C(=O)C1c1ccccc1,True,False
C[I]P,,acyclic_518,True,False
CCCC(=O)OC[C@@H](COP(=O)(O)O[C@@H]1[C@H](O)[C@H](OP(=O)(O)O)[C@@H](O)[C@H](O)[C@H]1O)OC(=O)CCC,C1CCCCC1,C1CCCCC1,True,False
C[C@@H]1O[C@@H](OC[C@H]2O[C@@H](Oc3c(-c4ccc(O)c(O)c4)oc4cc(O)cc(O)c4c3=O)[C@H](O)[C@@H](O)[C@@H]2O)[C@H](O)[C@H](O)[C@H]1O,O=c1c(O[C@H]2CCC[C@@H](CO[C@H]3CCCCO3)O2)c(-c2ccccc2)oc2ccccc12,O=c1c(O[C@H]2CCC[C@@H](CO[C@H]3CCCCO3)O2)c(-c2ccccc2)oc2ccccc12,False,True
CC1OC(Oc2c(-c3ccc(O)c(O)c3)oc3cc(O)cc(O)c3c2=O)C(O)C(O)C1O,O=c1c(OC2CCCCO2)c(-c2ccccc2)oc2ccccc12,O=c1c(OC2CCCCO2)c(-c2ccccc2)oc2ccccc12,False,True
NCNS(=O)(=O)c1cccc2ccccc12,c1ccc2ccccc2c1,c1ccc2ccccc2c1,True,False
NCNS(=O)(=O)c1cccc2c(Cl)cccc12,c1ccc2ccccc2c1,c1ccc2ccccc2c1,True,False
O=S(=O)([O-])c1cc(S(=O)(=O)Cl)ccc1-c1c2cc3c4c(c2[o+]c2c5c6c(cc12)CCCN6CCC5)CCCN4CCC3,c1ccc(-c2c3cc4c5c(c3[o+]c3c6c7c(cc23)CCCN7CCC6)CCCN5CCC4)cc1,c1ccc(-c2c3cc4c5c(c3[o+]c3c6c7c(cc23)CCCN7CCC6)CCCN5CCC4)cc1,True,False
CC1CC=C2SCC(NC(=O)c3coc(n3)CC(O)CC(O)C=CC=CCNC2=O)C(=O)O1,O=C1NCC=CC=CCCCCc2nc(co2)C(=O)NC2CSC1=CCCOC2=O,O=C1NCC=CC=CCCCCc2nc(co2)C(=O)NC2CSC1=CCCOC2=O,True,False
CCC1=C(CC)c2cc3[nH]c(cc4nc(cc5[nH]c(cc1n2)c(CC)c5CC)C(CC)=C4CC)c(CC)c3CC,C1=Cc2cc3ccc(cc4nc(cc5ccc(cc1n2)[nH]5)C=C4)[nH]3,C1=Cc2cc3ccc(cc4nc(cc5ccc(cc1n2)[nH]5)C=C4)[nH]3,True,False
C=Cc1c2[nH]c(c1C)C=c1[nH]c(c(CCC(=O)OC)c1C)=Cc1[nH]c(c(C)c1CCC(=O)OC)C=c1[nH]c(c(C)c1C=C)=C2,C1=c2ccc([nH]2)=Cc2ccc([nH]2)C=c2ccc([nH]2)=Cc2ccc1[nH]2,C1=c2ccc([nH]2)=Cc2ccc([nH]2)C=c2ccc([nH]2)=Cc2ccc1[nH]2,True,False
CCNc1cc2[o+]c3cc(NCC)c(C)cc3c(-c3ccc(C(=O)NCCCCCCO)cc3C(=O)O)c2cc1C,c1ccc(-c2c3ccccc3[o+]c3ccccc23)cc1,c1ccc(-c2c3ccccc3[o+]c3ccccc23)cc1,True,False
ClC(=NNc1ccccc1)c1ccccc1,C(=NNc1ccccc1)c1ccccc1,C(=NNc1ccccc1)c1ccccc1,True,False
Cc1ccc2ccoc(=O)c2c1,O=c1occc2ccccc12,O=c1occc2ccccc12,False,True
O=c1occc2c(C(F)(F)F)cccc12,O=c1occc2ccccc12,O=c1occc2ccccc12,False,True
Cc1ccc2ccsc(=O)c2c1,O=c1sccc2ccccc12,O=c1sccc2ccccc12,False,True
O=c1sccc2c(C(F)(F)F)cccc12,O=c1sccc2ccccc12,O=c1sccc2ccccc12,False,True
O=C1CC[C@@H](Cc2ccccc2)O1,O=C1CC[C@@H](Cc2ccccc2)O1,O=C1CC[C@@H](Cc2ccccc2)O1,True,False
Nc1ncc(Br)nc1-c1ccc(F)cc1,c1ccc(-c2cnccn2)cc1,c1ccc(-c2cnccn2)cc1,False,True
Nc1ncc(Br)nc1-c1ccc(C(F)(F)F)cc1,c1ccc(-c2cnccn2)cc1,c1ccc(-c2cnccn2)cc1,False,True
Cc1ccc(-c2nc(Br)cnc2N)cc1,c1ccc(-c2cnccn2)cc1,c1ccc(-c2cnccn2)cc1,False,True
Nc1ncc(Br)nc1-c1ccccc1,c1ccc(-c2cnccn2)cc1,c1ccc(-c2cnccn2)cc1,False,True
Nc1ncc(Br)nc1Cc1ccccc1,c1ccc(Cc2cnccn2)cc1,c1ccc(Cc2cnccn2)cc1,False,True
CCOC(=O)CCCOc1ccc(Cc2nc(Br)cnc2N)cc1,c1ccc(Cc2cnccn2)cc1,c1ccc(Cc2cnccn2)cc1,False,True
CCOC(=O)CCC#Cc1nc(Br)cnc1N,c1cnccn1,c1cnccn1,True,False
Nc1ncc(-c2ccc(F)cc2)nc1-c1ccc(F)cc1,c1ccc(-c2cncc(-c3ccccc3)n2)cc1,c1ccc(-c2cncc(-c3ccccc3)n2)cc1,True,False
Nc1ncc(-c2ccc(C(F)(F)F)cc2)nc1-c1ccc(C(F)(F)F)cc1,c1ccc(-c2cncc(-c3ccccc3)n2)cc1,c1ccc(-c2cncc(-c3ccccc3)n2)cc1,True,False
Cc1ccc(-c2cnc(N)c(-c3ccc(C)cc3)n2)cc1,c1ccc(-c2cncc(-c3ccccc3)n2)cc1,c1ccc(-c2cncc(-c3ccccc3)n2)cc1,True,False
Nc1ncc(-c2ccccc2)nc1-c1ccccc1,c1ccc(-c2cncc(-c3ccccc3)n2)cc1,c1ccc(-c2cncc(-c3ccccc3)n2)cc1,True,False
CC(C)(C)[Si](C)(C)Oc1ccc(-c2cnc(N)c(-c3ccc(F)cc3)n2)cc1,c1ccc(-c2cncc(-c3ccccc3)n2)cc1,c1ccc(-c2cncc(-c3ccccc3)n2)cc1,True,False
CC(C)(C)[Si](C)(C)Oc1ccc(-c2cnc(N)c(-c3ccc(C(F)(F)F)cc3)n2)cc1,c1ccc(-c2cncc(-c3ccccc3)n2)cc1,c1ccc(-c2cncc(-c3ccccc3)n2)cc1,True,False
Cc1ccc(-c2nc(-c3ccc(O[Si](C)(C)C(C)(C)C)cc3)cnc2N)cc1,c1ccc(-c2cncc(-c3ccccc3)n2)cc1,c1ccc(-c2cncc(-c3ccccc3)n2)cc1,True,False
CC(C)(C)[Si](C)(C)Oc1ccc(-c2cnc(N)c(-c3ccccc3)n2)cc1,c1ccc(-c2cncc(-c3ccccc3)n2)cc1,c1ccc(-c2cncc(-c3ccccc3)n2)cc1,True,False
CCOC(=O)CCCOc1ccc(Cc2nc(-c3ccc(O[Si](C)(C)C(C)(C)C)cc3)cnc2N)cc1,c1ccc(Cc2cncc(-c3ccccc3)n2)cc1,c1ccc(Cc2cncc(-c3ccccc3)n2)cc1,True,False
CCOC(=O)CCC#Cc1nc(-c2ccc(O[Si](C)(C)C(C)(C)C)cc2)cnc1N,c1ccc(-c2cnccn2)cc1,c1ccc(-c2cnccn2)cc1,False,True
O=c1c(Cc2ccc(O)cc2)nc2c(-c3ccc(O)cc3)[nH]c(-c3ccc(O)cc3)cn1-2,O=c1c(Cc2ccccc2)nc2c(-c3ccccc3)[nH]c(-c3ccccc3)cn1-2,O=c1c(Cc2ccccc2)nc2c(-c3ccccc3)[nH]c(-c3ccccc3)cn1-2,True,False
O=c1c(Cc2ccc(O)cc2)nc2c(-c3ccc(F)cc3)[nH]c(-c3ccc(F)cc3)cn1-2,O=c1c(Cc2ccccc2)nc2c(-c3ccccc3)[nH]c(-c3ccccc3)cn1-2,O=c1c(Cc2ccccc2)nc2c(-c3ccccc3)[nH]c(-c3ccccc3)cn1-2,True,False
O=c1c(Cc2ccc(O)cc2)nc2c(-c3ccc(C(F)(F)F)cc3)[nH]c(-c3ccc(C(F)(F)F)cc3)cn1-2,O=c1c(Cc2ccccc2)nc2c(-c3ccccc3)[nH]c(-c3ccccc3)cn1-2,O=c1c(Cc2ccccc2)nc2c(-c3ccccc3)[nH]c(-c3ccccc3)cn1-2,True,False
Cc1ccc(-c2cn3c(=O)c(Cc4ccc(O)cc4)nc-3c(-c3ccc(C)cc3)[nH]2)cc1,O=c1c(Cc2ccccc2)nc2c(-c3ccccc3)[nH]c(-c3ccccc3)cn1-2,O=c1c(Cc2ccccc2)nc2c(-c3ccccc3)[nH]c(-c3ccccc3)cn1-2,True,False
O=c1c(Cc2ccc(O)cc2)nc2c(-c3ccccc3)[nH]c(-c3ccccc3)cn1-2,O=c1c(Cc2ccccc2)nc2c(-c3ccccc3)[nH]c(-c3ccccc3)cn1-2,O=c1c(Cc2ccccc2)nc2c(-c3ccccc3)[nH]c(-c3ccccc3)cn1-2,True,False
O=c1c(Cc2ccc(O)cc2)nc2c(-c3ccc(F)cc3)[nH]c(-c3ccc(O)cc3)cn1-2,O=c1c(Cc2ccccc2)nc2c(-c3ccccc3)[nH]c(-c3ccccc3)cn1-2,O=c1c(Cc2ccccc2)nc2c(-c3ccccc3)[nH]c(-c3ccccc3)cn1-2,True,False
O=c1c(Cc2ccc(O)cc2)nc2c(-c3ccc(C(F)(F)F)cc3)[nH]c(-c3ccc(O)cc3)cn1-2,O=c1c(Cc2ccccc2)nc2c(-c3ccccc3)[nH]c(-c3ccccc3)cn1-2,O=c1c(Cc2ccccc2)nc2c(-c3ccccc3)[nH]c(-c3ccccc3)cn1-2,True,False
Cc1ccc(-c2[nH]c(-c3ccc(O)cc3)cn3c(=O)c(Cc4ccc(O)cc4)nc2-3)cc1,O=c1c(Cc2ccccc2)nc2c(-c3ccccc3)[nH]c(-c3ccccc3)cn1-2,O=c1c(Cc2ccccc2)nc2c(-c3ccccc3)[nH]c(-c3ccccc3)cn1-2,True,False
O=c1c(Cc2ccc(O)cc2)nc2c(-c3ccccc3)[nH]c(-c3ccc(O)cc3)cn1-2,O=c1c(Cc2ccccc2)nc2c(-c3ccccc3)[nH]c(-c3ccccc3)cn1-2,O=c1c(Cc2ccccc2)nc2c(-c3ccccc3)[nH]c(-c3ccccc3)cn1-2,True,False
O=C(O)CCCc1[nH]c(-c2ccc(O)cc2)cn2c(=O)c(Cc3ccc(O)cc3)nc1-2,O=c1c(Cc2ccccc2)nc2c[nH]c(-c3ccccc3)cn1-2,O=c1c(Cc2ccccc2)nc2c[nH]c(-c3ccccc3)cn1-2,True,False
O=C(O)CCCOc1ccc(Cc2[nH]c(-c3ccc(O)cc3)cn3c(=O)c(Cc4ccc(O)cc4)nc2-3)cc1,O=c1c(Cc2ccccc2)nc2c(Cc3ccccc3)[nH]c(-c3ccccc3)cn1-2,O=c1c(Cc2ccccc2)nc2c(Cc3ccccc3)[nH]c(-c3ccccc3)cn1-2,False,True
NC(=O)NC(Cc1cnc[nH]1)C(=O)O,c1c[nH]cn1,c1c[nH]cn1,False,True
Cc1cn([C@H]2C[C@H](O)[C@@H](COP(=O)(O)OP(=O)(O)O[C@H]3O[C@@H](C)[C@H](O)[C@@H](O)[C@H]3O)O2)c(=O)[nH]c1=O,O=c1ccn([C@H]2CC[C@@H](CO[PH](=O)O[PH](=O)O[C@@H]3CCCCO3)O2)c(=O)[nH]1,O=c1ccn([C@H]2CC[C@@H](CO[PH](=O)O[PH](=O)O[C@@H]3CCCCO3)O2)c(=O)[nH]1,False,True
O=C([O-])C(O)C(O)C(=O)[O-],,acyclic_565,True,False
O=C1CC[C@@H](C(=O)N[C@@H](CC2C=NC=N2)C(=O)O)N1,O=C1CC[C@@H](C(=O)NCCC2C=NC=N2)N1,O=C1CC[C@@H](C(=O)NCCC2C=NC=N2)N1,True,False
O=C1CC[C@@H](C(=O)N[C@@H](CC2C=NC=N2)C(=O)N2CCC[C@H]2C(=O)O)N1,O=C1CC[C@@H](C(=O)N[C@@H](CC2C=NC=N2)C(=O)N2CCCC2)N1,O=C1CC[C@@H](C(=O)N[C@@H](CC2C=NC=N2)C(=O)N2CCCC2)N1,True,False
Cc1cc(C2=NOC(c3cc(Cl)c(Cl)c(Cl)c3)(C(F)(F)F)C2)ccc1C(=O)NCc1ccc2c(c1)B(O)OC2(C)C,O=C(NCc1ccc2c(c1)BOC2)c1ccc(C2=NOC(c3ccccc3)C2)cc1,O=C(NCc1ccc2c(c1)BOC2)c1ccc(C2=NOC(c3ccccc3)C2)cc1,True,False
Cc1ccc2c(C)ccc(C(C)C)c2c1,c1ccc2ccccc2c1,c1ccc2ccccc2c1,True,False
ClC(Oc1ccccc1)[C@@H]1CO1,c1ccc(OC[C@@H]2CO2)cc1,c1ccc(OC[C@@H]2CO2)cc1,True,False
ClC(c1cccc2cc3cc4cc5ccccc5cc4cc3cc12)c1cccc2cc3cc4cc5ccccc5cc4cc3cc12,c1ccc2cc3cc4cc5c(Cc6cccc7cc8cc9cc%10ccccc%10cc9cc8cc67)cccc5cc4cc3cc2c1,c1ccc2cc3cc4cc5c(Cc6cccc7cc8cc9cc%10ccccc%10cc9cc8cc67)cccc5cc4cc3cc2c1,True,False
O=[NH+]C=C1C=CN(CCOCCN2C=CC(=C[NH+]=O)C=C2)C=C1.[Br-].[Br-],C=C1C=CN(CCOCCN2C=CC(=C)C=C2)C=C1,C=C1C=CN(CCOCCN2C=CC(=C)C=C2)C=C1,True,False
CCN(CC)C(=O)c1ccccc1,c1ccccc1,c1ccccc1,False,True
CC(C)c1ccccc1,c1ccccc1,c1ccccc1,False,True
COc1ccc(C(C(N)=O)N(C)C)cc1,c1ccccc1,c1ccccc1,False,True
O=[NH+]C=C1C=CN(CCOCCOCCN2C=CC(=C[NH+]=O)C=C2)C=C1.[Br-].[Br-],C=C1C=CN(CCOCCOCCN2C=CC(=C)C=C2)C=C1,C=C1C=CN(CCOCCOCCN2C=CC(=C)C=C2)C=C1,True,False
Nc1ncn[nH]1,c1nc[nH]n1,c1nc[nH]n1,True,False
CC(C)(C)OOC(C)(C)CCC(C)(C)OOC(C)(C)C,,acyclic_578,True,False
O=c1[nH]c(=O)n([C@H]2C[C@H](O)[C@@H](CO)O2)cc1-c1ccc(Br)s1,O=c1[nH]c(=O)n([C@H]2CCCO2)cc1-c1cccs1,O=c1[nH]c(=O)n([C@H]2CCCO2)cc1-c1cccs1,True,False
Oc1cc(O)c(O)cc1O,c1ccccc1,c1ccccc1,False,True
OCCCCCCCCCCCCBr,,acyclic_581,False,True
COc1ccc2[nH]cc(CCNCC3COc4ccccc4O3)c2c1,c1ccc2c(c1)OCC(CNCCc1c[nH]c3ccccc13)O2,c1ccc2c(c1)OCC(CNCCc1c[nH]c3ccccc13)O2,True,False
O=C1Cc2ccccc2C(=O)N1c1ccccc1Cl,O=C1Cc2ccccc2C(=O)N1c1ccccc1,O=C1Cc2ccccc2C(=O)N1c1ccccc1,True,False
O=C1Cc2ccccc2C(=O)N1c1cccc(Cl)c1Cl,O=C1Cc2ccccc2C(=O)N1c1ccccc1,O=C1Cc2ccccc2C(=O)N1c1ccccc1,True,False
O=C1Cc2ccccc2C(=O)N1c1ccc(Cl)cc1Cl,O=C1Cc2ccccc2C(=O)N1c1ccccc1,O=C1Cc2ccccc2C(=O)N1c1ccccc1,True,False
O=C1Cc2ccccc2C(=O)N1c1cc(Cl)ccc1Cl,O=C1Cc2ccccc2C(=O)N1c1ccccc1,O=C1Cc2ccccc2C(=O)N1c1ccccc1,True,False
O=C1Cc2ccccc2C(=O)N1c1c(Cl)cccc1Cl,O=C1Cc2ccccc2C(=O)N1c1ccccc1,O=C1Cc2ccccc2C(=O)N1c1ccccc1,True,False
Cc1ccc(N2C(=O)Cc3ccccc3C2=O)c(Br)c1,O=C1Cc2ccccc2C(=O)N1c1ccccc1,O=C1Cc2ccccc2C(=O)N1c1ccccc1,True,False
O=C1Cc2ccccc2C(=O)N1c1ccccc1Br,O=C1Cc2ccccc2C(=O)N1c1ccccc1,O=C1Cc2ccccc2C(=O)N1c1ccccc1,True,False
O=C1Cc2ccccc2C(=O)N1Cc1ccccc1Cl,O=C1Cc2ccccc2C(=O)N1Cc1ccccc1,O=C1Cc2ccccc2C(=O)N1Cc1ccccc1,False,True
O=c1c2ccccc2cc2oc3ccccc3n12,O=c1c2ccccc2cc2oc3ccccc3n12,O=c1c2ccccc2cc2oc3ccccc3n12,True,False
O=c1c2ccccc2cc2oc3c(Cl)cccc3n12,O=c1c2ccccc2cc2oc3ccccc3n12,O=c1c2ccccc2cc2oc3ccccc3n12,True,False
O=c1c2ccccc2cc2oc3cc(Cl)ccc3n12,O=c1c2ccccc2cc2oc3ccccc3n12,O=c1c2ccccc2cc2oc3ccccc3n12,True,False
O=c1c2ccccc2cc2oc3ccc(Cl)cc3n12,O=c1c2ccccc2cc2oc3ccccc3n12,O=c1c2ccccc2cc2oc3ccccc3n12,True,False
O=c1c2ccccc2cc2oc3cccc(Cl)c3n12,O=c1c2ccccc2cc2oc3ccccc3n12,O=c1c2ccccc2cc2oc3ccccc3n12,True,False
Cc1ccc2c(c1)oc1cc3ccccc3c(=O)n12,O=c1c2ccccc2cc2oc3ccccc3n12,O=c1c2ccccc2cc2oc3ccccc3n12,True,False
N[C@@H](CCSC[C@H]1O[C@@H](n2cnc3c(=O)nc[nH]c32)[C@H](O)[C@@H]1O)C(=O)O,O=c1nc[nH]c2c1ncn2[C@H]1CCCO1,O=c1nc[nH]c2c1ncn2[C@H]1CCCO1,True,False
Cc1ccc(S(=O)(=O)N2CCC[C@@H]2C(=O)NCCS)cc1,O=S(=O)(c1ccccc1)N1CCCC1,O=S(=O)(c1ccccc1)N1CCCC1,True,False
CC(C)(C(=O)O)c1ccc(C(=O)CCCN2CCC(C(O)(c3ccccc3)c3ccccc3)CC2)cc1,O=C(CCCN1CCC(C(c2ccccc2)c2ccccc2)CC1)c1ccccc1,O=C(CCCN1CCC(C(c2ccccc2)c2ccccc2)CC1)c1ccccc1,True,False
O=Cc1ccc(O)c(F)c1F,c1ccccc1,c1ccccc1,False,True
O=C(C[C@H](O)C(=O)Oc1cccc2ccccc12)Oc1cccc2ccccc12,O=C(CCC(=O)Oc1cccc2ccccc12)Oc1cccc2ccccc12,O=C(CCC(=O)Oc1cccc2ccccc12)Oc1cccc2ccccc12,False,True
O=C(C[C@@H](O)C(=O)Oc1cccc2ccccc12)Oc1cccc2ccccc12,O=C(CCC(=O)Oc1cccc2ccccc12)Oc1cccc2ccccc12,O=C(CCC(=O)Oc1cccc2ccccc12)Oc1cccc2ccccc12,False,True
O=C(CC1(S(=O)(=O)c2ccc(Oc3ccccc3)cc2)CCOCC1)NO,O=S(=O)(c1ccc(Oc2ccccc2)cc1)C1CCOCC1,O=S(=O)(c1ccc(Oc2ccccc2)cc1)C1CCOCC1,True,False
O=C(NO)C1(CS(=O)(=O)c2ccc(Oc3ccc(Cl)cc3)cc2)CCOCC1,O=S(=O)(CC1CCOCC1)c1ccc(Oc2ccccc2)cc1,O=S(=O)(CC1CCOCC1)c1ccc(Oc2ccccc2)cc1,True,False
CCOC(=O)[C@](O)(c1ccc([Si](C)(C)C)o1)C(F)(F)F,c1ccoc1,c1ccoc1,True,False
CCOC(=O)[C@](O)(c1ccco1)C(F)(F)F,c1ccoc1,c1ccoc1,True,False
CCOC(=O)[C@](O)(c1ccc(C)o1)C(F)(F)F,c1ccoc1,c1ccoc1,True,False
CCOC(=O)[C@](O)(c1ccc(-c2ccccc2)o1)C(F)(F)F,c1ccc(-c2ccco2)cc1,c1ccc(-c2ccco2)cc1,False,True
CCOC(=O)[C@](O)(c1ccc(CO[Si](c2ccccc2)(c2ccccc2)C(C)(C)C)o1)C(F)(F)F,c1ccc([SiH](OCc2ccco2)c2ccccc2)cc1,c1ccc([SiH](OCc2ccco2)c2ccccc2)cc1,True,False
CCOC(=O)[C@](O)(c1oc(-c2ccccc2)cc1-c1ccccc1)C(F)(F)F,c1ccc(-c2coc(-c3ccccc3)c2)cc1,c1ccc(-c2coc(-c3ccccc3)c2)cc1,True,False
CCOC(=O)[C@](O)(c1cccs1)C(F)(F)F,c1ccsc1,c1ccsc1,True,False
CCOC(=O)[C@](O)(c1ccc(C)s1)C(F)(F)F,c1ccsc1,c1ccsc1,True,False
CCOC(=O)[C@](O)(c1ccc[nH]1)C(F)(F)F,c1cc[nH]c1,c1cc[nH]c1,True,False
CCOC(=O)[C@H](O)c1ccc(C)o1,c1ccoc1,c1ccoc1,True,False
CCOC(=O)[C@H](O)c1ccc(-c2ccccc2)o1,c1ccc(-c2ccco2)cc1,c1ccc(-c2ccco2)cc1,False,True
CCOC(=O)[C@H](O)c1ccc(CO[Si](c2ccccc2)(c2ccccc2)C(C)(C)C)o1,c1ccc([SiH](OCc2ccco2)c2ccccc2)cc1,c1ccc([SiH](OCc2ccco2)c2ccccc2)cc1,True,False
CCOC(=O)[C@H](O)c1oc(-c2ccccc2)cc1-c1ccccc1,c1ccc(-c2coc(-c3ccccc3)c2)cc1,c1ccc(-c2coc(-c3ccccc3)c2)cc1,True,False
CCOC(=O)[C@H](O)c1cc(-c2ccccc2)c(-c2ccccc2)o1,c1ccc(-c2ccoc2-c2ccccc2)cc1,c1ccc(-c2ccoc2-c2ccccc2)cc1,False,True
CCOC(=O)[C@@H](O)c1ccc(C)s1,c1ccsc1,c1ccsc1,True,False
CCOC(=O)[C@@H](O)c1ccc(-c2ccccc2)s1,c1ccc(-c2cccs2)cc1,c1ccc(-c2cccs2)cc1,True,False
CC(C=O)C(C[N+](=O)[O-])c1ccccc1,c1ccccc1,c1ccccc1,False,True
CCC(C=O)C(C[N+](=O)[O-])c1ccccc1,c1ccccc1,c1ccccc1,False,True
CCC(C=O)C(C[N+](=O)[O-])c1ccc(Br)cc1,c1ccccc1,c1ccccc1,False,True
O=CCC(C[N+](=O)[O-])c1ccccc1,c1ccccc1,c1ccccc1,False,True
COc1ccc(C(CC=O)C[N+](=O)[O-])cc1,c1ccccc1,c1ccccc1,False,True
O=CCC(C[N+](=O)[O-])c1ccc(Br)cc1,c1ccccc1,c1ccccc1,False,True
CC(C)C(C=O)C(C[N+](=O)[O-])c1ccccc1,c1ccccc1,c1ccccc1,False,True
CC(C)C(C=O)C(C[N+](=O)[O-])c1ccc(Br)cc1,c1ccccc1,c1ccccc1,False,True
CC(C)(C=O)C(C[N+](=O)[O-])c1ccc(Br)cc1,c1ccccc1,c1ccccc1,False,True
Cc1ccc2c(CCl)cc(=O)oc2c1,O=c1ccc2ccccc2o1,O=c1ccc2ccccc2o1,False,True
Cc1cc2oc(=O)cc(CCl)c2cc1[N+](=O)[O-],O=c1ccc2ccccc2o1,O=c1ccc2ccccc2o1,False,True
Cc1cc(=O)n(C)c2ccccc12,O=c1ccc2ccccc2[nH]1,O=c1ccc2ccccc2[nH]1,True,False
Cc1ccc2c(c1)c(C)cc(=O)n2C,O=c1ccc2ccccc2[nH]1,O=c1ccc2ccccc2[nH]1,True,False
COc1ccc2c(c1)c(C)cc(=O)n2C,O=c1ccc2ccccc2[nH]1,O=c1ccc2ccccc2[nH]1,True,False
Cn1c(=O)cc(C=O)c2ccccc21,O=c1ccc2ccccc2[nH]1,O=c1ccc2ccccc2[nH]1,True,False
Cc1ccc2c(c1)c(C=O)cc(=O)n2C,O=c1ccc2ccccc2[nH]1,O=c1ccc2ccccc2[nH]1,True,False
COc1ccc2c(c1)c(C=O)cc(=O)n2C,O=c1ccc2ccccc2[nH]1,O=c1ccc2ccccc2[nH]1,True,False
Cn1c(=O)cc(CO)c2ccccc21,O=c1ccc2ccccc2[nH]1,O=c1ccc2ccccc2[nH]1,True,False
Cc1ccc2c(c1)c(CO)cc(=O)n2C,O=c1ccc2ccccc2[nH]1,O=c1ccc2ccccc2[nH]1,True,False
COc1ccc2c(c1)c(CO)cc(=O)n2C,O=c1ccc2ccccc2[nH]1,O=c1ccc2ccccc2[nH]1,True,False
Cn1c(=O)cc(CCl)c2ccccc21,O=c1ccc2ccccc2[nH]1,O=c1ccc2ccccc2[nH]1,True,False
Cc1ccc2c(c1)c(CCl)cc(=O)n2C,O=c1ccc2ccccc2[nH]1,O=c1ccc2ccccc2[nH]1,True,False
COc1ccc2c(c1)c(CCl)cc(=O)n2C,O=c1ccc2ccccc2[nH]1,O=c1ccc2ccccc2[nH]1,True,False
Cc1ccc2c(c(CCl)cc(=O)n2C)c1[N+](=O)[O-],O=c1ccc2ccccc2[nH]1,O=c1ccc2ccccc2[nH]1,True,False
Cc1ccc2c(COC(=O)[C@H](Cc3ccccc3)NC(=O)OCc3ccccc3)cc(=O)oc2c1,O=C(N[C@@H](Cc1ccccc1)C(=O)OCc1cc(=O)oc2ccccc12)OCc1ccccc1,O=C(N[C@@H](Cc1ccccc1)C(=O)OCc1cc(=O)oc2ccccc12)OCc1ccccc1,True,False
Cc1cc2oc(=O)cc(COC(=O)[C@H](Cc3ccccc3)NC(=O)OCc3ccccc3)c2cc1[N+](=O)[O-],O=C(N[C@@H](Cc1ccccc1)C(=O)OCc1cc(=O)oc2ccccc12)OCc1ccccc1,O=C(N[C@@H](Cc1ccccc1)C(=O)OCc1cc(=O)oc2ccccc12)OCc1ccccc1,True,False
Cn1c(=O)cc(COC(=O)[C@H](Cc2ccccc2)NC(=O)OCc2ccccc2)c2ccccc21,O=C(N[C@@H](Cc1ccccc1)C(=O)OCc1cc(=O)[nH]c2ccccc12)OCc1ccccc1,O=C(N[C@@H](Cc1ccccc1)C(=O)OCc1cc(=O)[nH]c2ccccc12)OCc1ccccc1,True,False
Cc1ccc2c(c1)c(COC(=O)[C@H](Cc1ccccc1)NC(=O)OCc1ccccc1)cc(=O)n2C,O=C(N[C@@H](Cc1ccccc1)C(=O)OCc1cc(=O)[nH]c2ccccc12)OCc1ccccc1,O=C(N[C@@H](Cc1ccccc1)C(=O)OCc1cc(=O)[nH]c2ccccc12)OCc1ccccc1,True,False
COc1ccc2c(c1)c(COC(=O)[C@H](Cc1ccccc1)NC(=O)OCc1ccccc1)cc(=O)n2C,O=C(N[C@@H](Cc1ccccc1)C(=O)OCc1cc(=O)[nH]c2ccccc12)OCc1ccccc1,O=C(N[C@@H](Cc1ccccc1)C(=O)OCc1cc(=O)[nH]c2ccccc12)OCc1ccccc1,True,False
Cc1ccc2c(c(COC(=O)[C@H](Cc3ccccc3)NC(=O)OCc3ccccc3)cc(=O)n2C)c1[N+](=O)[O-],O=C(N[C@@H](Cc1ccccc1)C(=O)OCc1cc(=O)[nH]c2ccccc12)OCc1ccccc1,O=C(N[C@@H](Cc1ccccc1)C(=O)OCc1cc(=O)[nH]c2ccccc12)OCc1ccccc1,True,False
O=[N+]([O-])C[C@@H](O)c1ccccc1,c1ccccc1,c1ccccc1,False,True
COc1ccccc1[C@H](O)C[N+](=O)[O-],c1ccccc1,c1ccccc1,False,True
COc1cccc([C@H](O)C[N+](=O)[O-])c1,c1ccccc1,c1ccccc1,False,True
Cc1ccc([C@H](O)C[N+](=O)[O-])cc1,c1ccccc1,c1ccccc1,False,True
O=[N+]([O-])C[C@@H](O)c1ccccc1Cl,c1ccccc1,c1ccccc1,False,True
O=[N+]([O-])CC(O)c1cccc(Cl)c1,c1ccccc1,c1ccccc1,False,True
O=[N+]([O-])C[C@@H](O)c1ccc(Cl)cc1,c1ccccc1,c1ccccc1,False,True
O=[N+]([O-])CC(O)c1ccccc1Br,c1ccccc1,c1ccccc1,False,True
O=[N+]([O-])CC(O)c1cccc(Br)c1,c1ccccc1,c1ccccc1,False,True
O=[N+]([O-])C[C@@H](O)c1ccc(Br)cc1,c1ccccc1,c1ccccc1,False,True
O=[N+]([O-])C[C@@H](O)c1ccc(F)cc1,c1ccccc1,c1ccccc1,False,True
O=[N+]([O-])C[C@@H](O)c1cccc2ccccc12,c1ccc2ccccc2c1,c1ccc2ccccc2c1,True,False
O=[N+]([O-])C[C@@H](O)c1ccc2ccccc2c1,c1ccc2ccccc2c1,c1ccc2ccccc2c1,True,False
O=[N+]([O-])C[C@@H](O)Cc1ccco1,c1ccoc1,c1ccoc1,True,False
O=[N+]([O-])C[C@@H](O)c1ccccc1[N+](=O)[O-],c1ccccc1,c1ccccc1,False,True
O=[N+]([O-])C[C@@H](O)c1cccc([N+](=O)[O-])c1,c1ccccc1,c1ccccc1,False,True
O=[N+]([O-])C[C@@H](O)c1ccc([N+](=O)[O-])cc1,c1ccccc1,c1ccccc1,False,True
O=[N+]([O-])CC(O)c1cccc(O)c1,c1ccccc1,c1ccccc1,False,True
O=[N+]([O-])C[C@@H](O)C1CCCCC1,C1CCCCC1,C1CCCCC1,True,False
CC(C)[C@H](O)C[N+](=O)[O-],,acyclic_670,True,False
CC(C)C[C@H](O)C[N+](=O)[O-],,acyclic_671,True,False
COc1c(O)c2c3ccccc3n(C)c2c2c1c1ccccc1n2C,c1ccc2c(c1)[nH]c1c2ccc2c3ccccc3[nH]c21,c1ccc2c(c1)[nH]c1c2ccc2c3ccccc3[nH]c21,True,False
CC1=CC(=C(c2ccc(N)c(S(=O)(=O)[O-])c2)c2ccc(N)c(S(=O)(=O)O)c2)C=C(S(=O)(=O)[O-])C1=N.[Na+].[Na+],N=C1C=CC(=C(c2ccccc2)c2ccccc2)C=C1,N=C1C=CC(=C(c2ccccc2)c2ccccc2)C=C1,True,False
CCN(CC)c1cc2[o+]c3cc(N(CC)CC)c(C)cc3c(-c3ccc(S(=O)(=O)[O-])cc3S(=O)(=O)[O-])c2cc1C.[Na+],c1ccc(-c2c3ccccc3[o+]c3ccccc23)cc1,c1ccc(-c2c3ccccc3[o+]c3ccccc23)cc1,True,False
O=S(=O)([O-])c1cc(O)c2ccc3c(S(=O)(=O)[O-])cc(S(=O)(=O)[O-])c4ccc1c2c34.[Na+].[Na+].[Na+],c1cc2ccc3cccc4ccc(c1)c2c34,c1cc2ccc3cccc4ccc(c1)c2c34,True,False
Nc1ccc2c(S(=O)(=O)[O-])cccc2c1S(=O)(=O)[O-],c1ccc2ccccc2c1,c1ccc2ccccc2c1,True,False
Nc1ccc2ccccc2c1S(=O)(=O)[O-],c1ccc2ccccc2c1,c1ccc2ccccc2c1,True,False
Nc1ccccc1S(=O)(=O)[O-],c1ccccc1,c1ccccc1,False,True
O=C1C(S(=O)(=O)[O-])=Cc2cc(S(=O)(=O)[O-])ccc2C1=NNc1ccc(S(=O)(=O)[O-])c2ccccc12.[Na+].[Na+].[Na+],O=C1C=Cc2ccccc2C1=NNc1cccc2ccccc12,O=C1C=Cc2ccccc2C1=NNc1cccc2ccccc12,True,False
O=C1C(=NNc2ccc([N+](=O)[O-])cc2)C(S(=O)(=O)[O-])=Cc2cc(S(=O)(=O)[O-])cc(O)c21.[Na+].[Na+],O=C1C(=NNc2ccccc2)C=Cc2ccccc21,O=C1C(=NNc2ccccc2)C=Cc2ccccc21,True,False
Nc1ncnc2c1c(Cl)cn2[C@@H]1O[C@H](CO)[C@@H](O)[C@H]1O,c1ncc2ccn([C@H]3CCCO3)c2n1,c1ncc2ccn([C@H]3CCCO3)c2n1,False,True
Nc1ncnc2c1c(Br)cn2[C@@H]1O[C@H](CO)[C@@H](O)[C@H]1O,c1ncc2ccn([C@H]3CCCO3)c2n1,c1ncc2ccn([C@H]3CCCO3)c2n1,False,True
Nc1ncnc2c1c(I)cn2[C@@H]1O[C@H](CO)[C@@H](O)[C@H]1O,c1ncc2ccn([C@H]3CCCO3)c2n1,c1ncc2ccn([C@H]3CCCO3)c2n1,False,True
CC#Cc1cn([C@@H]2O[C@H](CO)[C@@H](O)[C@H]2O)c2ncnc(N)c12,c1ncc2ccn([C@H]3CCCO3)c2n1,c1ncc2ccn([C@H]3CCCO3)c2n1,False,True
Nc1ncnc2c1c(C#CCN1C(=O)c3ccccc3C1=O)cn2[C@@H]1O[C@H](CO)[C@@H](O)[C@H]1O,O=C1c2ccccc2C(=O)N1CC#Cc1cn([C@H]2CCCO2)c2ncncc12,O=C1c2ccccc2C(=O)N1CC#Cc1cn([C@H]2CCCO2)c2ncncc12,False,True
O=c1nc[nH]c2c1ccn2C1OC(CO)C(O)C1O,O=c1nc[nH]c2c1ccn2C1CCCO1,O=c1nc[nH]c2c1ccn2C1CCCO1,True,False
O=c1[nH]cnc2c1c(F)cn2[C@@H]1O[C@H](CO)[C@@H](O)[C@H]1O,O=c1[nH]cnc2c1ccn2[C@H]1CCCO1,O=c1[nH]cnc2c1ccn2[C@H]1CCCO1,True,False
O=c1[nH]cnc2c1c(Cl)cn2[C@@H]1O[C@H](CO)[C@@H](O)[C@H]1O,O=c1[nH]cnc2c1ccn2[C@H]1CCCO1,O=c1[nH]cnc2c1ccn2[C@H]1CCCO1,True,False
O=c1[nH]cnc2c1c(Br)cn2[C@@H]1O[C@H](CO)[C@@H](O)[C@H]1O,O=c1[nH]cnc2c1ccn2[C@H]1CCCO1,O=c1[nH]cnc2c1ccn2[C@H]1CCCO1,True,False
Nc1ccc(C(=O)Oc2ccccc2)c(O)c1,O=C(Oc1ccccc1)c1ccccc1,O=C(Oc1ccccc1)c1ccccc1,False,True
CC(C(=O)O)c1cccc(C(=O)c2ccccc2)c1,O=C(c1ccccc1)c1ccccc1,O=C(c1ccccc1)c1ccccc1,True,False
CCn1cc(C(=O)O)c(=O)c2ccc(C)nc21,O=c1cc[nH]c2ncccc12,O=c1cc[nH]c2ncccc12,True,False
CCN(CC)CCOc1c(I)cc(C(=O)c2c(C)oc3ccccc23)cc1I,O=C(c1ccccc1)c1coc2ccccc12,O=C(c1ccccc1)c1coc2ccccc12,True,False
CN(C)[C@@H]1C(=O)C(=C(N)O)C(=O)[C@@]2(O)C(=O)C3=C(O)c4c(O)cccc4[C@@](C)(O)[C@H]3[C@H](O)[C@@H]12.O.O,C=C1C(=O)C[C@@H]2C[C@@H]3Cc4ccccc4C=C3C(=O)C2C1=O,C=C1C(=O)C[C@@H]2C[C@@H]3Cc4ccccc4C=C3C(=O)C2C1=O,True,False
CC(C=CC1=C(C)CCCC1(C)C)=CC=CC(C)=CCO,C1=CCCCC1,C1=CCCCC1,False,True
CN(C)CCCN1c2ccccc2Sc2ccc(Cl)cc21,c1ccc2c(c1)Nc1ccccc1S2,c1ccc2c(c1)Nc1ccccc1S2,True,False
COc1ccc2c(c1)c(CC(=O)O)c(C)n2C(=O)c1ccc(Cl)cc1,O=C(c1ccccc1)n1ccc2ccccc21,O=C(c1ccccc1)n1ccc2ccccc21,True,False
CCOC(=O)C1=C(C)NC(C)=C(C(=O)OC)C1c1cccc([N+](=O)[O-])c1,C1=CC(c2ccccc2)C=CN1,C1=CC(c2ccccc2)C=CN1,True,False
O=C1NC(=O)C(c2ccccc2)(c2ccccc2)N1,O=C1NC(=O)C(c2ccccc2)(c2ccccc2)N1,O=C1NC(=O)C(c2ccccc2)(c2ccccc2)N1,True,False
CC(=O)Oc1ccccc1C(=O)O,c1ccccc1,c1ccccc1,False,True
O=C(OOC(=O)c1ccccc1)c1ccccc1,O=C(OOC(=O)c1ccccc1)c1ccccc1,O=C(OOC(=O)c1ccccc1)c1ccccc1,True,False
CCOC(=O)c1ccc(N)cc1,c1ccccc1,c1ccccc1,False,True
CCC(=C(c1ccccc1)c1ccc(OCCN(C)C)cc1)c1ccccc1,C(=C(c1ccccc1)c1ccccc1)c1ccccc1,C(=C(c1ccccc1)c1ccccc1)c1ccccc1,True,False
C=C[C@H]1CN2CC[C@@H]1C[C@H]2[C@H](O)c1ccnc2ccc(OC)cc12,c1ccc2c(C[C@@H]3CC4CCN3CC4)ccnc2c1,c1ccc2c(C[C@@H]3CC4CCN3CC4)ccnc2c1,True,False
NS(=O)(=O)c1cc(C(=O)O)c(NCc2ccco2)cc1Cl,c1ccc(NCc2ccco2)cc1,c1ccc(NCc2ccco2)cc1,True,False
O=C([O-])C(=CO[PH](=O)O)c1ccccc1,c1ccccc1,c1ccccc1,False,True
CCc1nc(N)nc(N)c1-c1ccc(Cl)cc1,c1ccc(-c2cncnc2)cc1,c1ccc(-c2cncnc2)cc1,True,False
O=C[C@H](O)[C@@H](O)[C@@H](O)[C@H](O)C(=O)O,,acyclic_708,True,False
O=c1ccn([C@@H]2O[C@H](COP(=O)(O)OP(=O)(O)O[C@H]3O[C@H](CO)[C@@H](O)[C@H](O)[C@H]3O)[C@@H](O)[C@H]2O)c(=O)[nH]1,O=c1ccn([C@H]2CC[C@@H](CO[PH](=O)O[PH](=O)O[C@@H]3CCCCO3)O2)c(=O)[nH]1,O=c1ccn([C@H]2CC[C@@H](CO[PH](=O)O[PH](=O)O[C@@H]3CCCCO3)O2)c(=O)[nH]1,False,True
COC1(c2cccc(OP(=O)(O)O)c2)OOC12C1CC3CC2CC(Cl)(C3)C1,c1ccc(C2OOC23C2CC4CC(C2)CC3C4)cc1,c1ccc(C2OOC23C2CC4CC(C2)CC3C4)cc1,True,False
NC(N)=NCCCSSCCCN=C(N)N.[Br-].[Br-].[H+].[H+],,acyclic_711,True,False
O=C(O)C1=CC(=CC=[N+]2c3cc(O)c(O[C@@H]4O[C@H](CO)[C@@H](O)[C@H](O)[C@H]4O[C@@H]4O[C@H](CO)[C@@H](O)[C@H](O)[C@H]4O)cc3C[C@H]2C(=O)[O-])C[C@@H](C(=O)O)N1,C1=CC(=CC=[N+]2CCc3cc(O[C@@H]4OCCC[C@H]4O[C@H]4CCCCO4)ccc32)CCN1,C1=CC(=CC=[N+]2CCc3cc(O[C@@H]4OCCC[C@H]4O[C@H]4CCCCO4)ccc32)CCN1,True,False
O=C(O)C1=CC(=CC=[N+]2c3cc(O)c(O[C@@H]4O[C@H](CO)[C@@H](O)[C@H](O)[C@H]4O[C@@H]4O[C@H](C(=O)O)[C@@H](O)[C@H](O)[C@H]4O)cc3C[C@H]2C(=O)[O-])C[C@@H](C(=O)O)N1,C1=CC(=CC=[N+]2CCc3cc(O[C@@H]4OCCC[C@H]4O[C@H]4CCCCO4)ccc32)CCN1,C1=CC(=CC=[N+]2CCc3cc(O[C@@H]4OCCC[C@H]4O[C@H]4CCCCO4)ccc32)CCN1,True,False
O=C(O)C1=[NH+][C@H](C(=O)O)CC(C=CN2c3cc(O)c(O)cc3C[C@H]2C(=O)[O-])=C1,C(=CN1CCc2ccccc21)C1=CC=[NH+]CC1,C(=CN1CCc2ccccc21)C1=CC=[NH+]CC1,True,False
COc1cc(C=CC(=O)O[C@H]2[C@H](O[C@H]3[C@H](Oc4cc5c(cc4O)[N+](=CC=C4C=C(C(=O)O)N[C@H](C(=O)O)C4)[C@H](C(=O)[O-])C5)O[C@H](CO)[C@@H](O)[C@@H]3O)O[C@H](C(=O)O)[C@@H](O)[C@@H]2O)ccc1O,O=C(C=Cc1ccccc1)O[C@@H]1CCCO[C@H]1O[C@@H]1CCCO[C@H]1Oc1ccc2c(c1)CC[N+]2=CC=C1C=CNCC1,O=C(C=Cc1ccccc1)O[C@@H]1CCCO[C@H]1O[C@@H]1CCCO[C@H]1Oc1ccc2c(c1)CC[N+]2=CC=C1C=CNCC1,False,True
O=C(C=Cc1ccc(O)cc1)OC[C@H]1O[C@@H](Oc2cc3c(cc2O)C[C@@H](C(=O)[O-])N3C=CC2=CC(C(=O)O)=[NH+][C@H](C(=O)O)C2)[C@H](O)[C@@H](O)[C@@H]1O,O=C(C=Cc1ccccc1)OC[C@@H]1CCC[C@H](Oc2ccc3c(c2)N(C=CC2=CC=[NH+]CC2)CC3)O1,O=C(C=Cc1ccccc1)OC[C@@H]1CCC[C@H](Oc2ccc3c(c2)N(C=CC2=CC=[NH+]CC2)CC3)O1,True,False
B[I][I]I,,acyclic_717,True,False
CNCc1ccc(-c2ncnc3nc[nH]c23)cc1,c1ccc(-c2ncnc3nc[nH]c23)cc1,c1ccc(-c2ncnc3nc[nH]c23)cc1,True,False
B[I]I,,acyclic_719,True,False
C=C1C(CC=C2CCC[C@]3(C)[C@@H](C(CCCC(C)(C)O)CCCC(C)(C)O)CC[C@@H]23)=C[C@@H](O)C[C@@H]1O,C=C1CCCC=C1CC=C1CCCC2CCC[C@@H]12,C=C1CCCC=C1CC=C1CCCC2CCC[C@@H]12,True,False
[BH2][V][I][I]I,,acyclic_721,False,True
[BH2][V][I]I,,acyclic_722,True,False
C1=CC=C2C=CC=CC(=C1)C2,C1=CC=C2C=CC=CC(=C1)C2,C1=CC=C2C=CC=CC(=C1)C2,True,False
COc1c2ccoc2c(OC)c2oc(=O)ccc12,O=c1ccc2cc3ccoc3cc2o1,O=c1ccc2cc3ccoc3cc2o1,True,False
COc1c2ccoc2cc2oc(=O)ccc12,O=c1ccc2cc3ccoc3cc2o1,O=c1ccc2cc3ccoc3cc2o1,True,False
CC(C)C(=O)COc1c2ccoc2cc2oc(=O)ccc12,O=c1ccc2cc3ccoc3cc2o1,O=c1ccc2cc3ccoc3cc2o1,True,False
CC(C)=CCOc1c2occc2cc2ccc(=O)oc12,O=c1ccc2cc3ccoc3cc2o1,O=c1ccc2cc3ccoc3cc2o1,True,False
COc1c2ccoc2c(OCC=C(C)C)c2oc(=O)ccc12,O=c1ccc2cc3ccoc3cc2o1,O=c1ccc2cc3ccoc3cc2o1,True,False
CC(C)=CCOc1c2ccoc2cc2oc(=O)ccc12,O=c1ccc2cc3ccoc3cc2o1,O=c1ccc2cc3ccoc3cc2o1,True,False
O=C(O)c1ccc(NC(=O)C(Cc2ccc(O)cc2)NC(=O)c2ccccc2)cc1,O=C(NC(Cc1ccccc1)C(=O)Nc1ccccc1)c1ccccc1,O=C(NC(Cc1ccccc1)C(=O)Nc1ccccc1)c1ccccc1,True,False
COc1cc2c(CCl)cc(=O)oc2c2ccccc12,O=c1ccc2ccc3ccccc3c2o1,O=c1ccc2ccc3ccccc3c2o1,True,False
COc1cc2c(C)cc(=O)oc2c2ccccc12,O=c1ccc2ccc3ccccc3c2o1,O=c1ccc2ccc3ccccc3c2o1,True,False
Cc1cc(=O)oc2c1cc(O)c1ccccc12,O=c1ccc2ccc3ccccc3c2o1,O=c1ccc2ccc3ccccc3c2o1,True,False
COc1cc2c(C=O)cc(=O)oc2c2ccccc12,O=c1ccc2ccc3ccccc3c2o1,O=c1ccc2ccc3ccccc3c2o1,True,False
COc1cc2c(CO)cc(=O)oc2c2ccccc12,O=c1ccc2ccc3ccccc3c2o1,O=c1ccc2ccc3ccccc3c2o1,True,False
COc1cc2c(COC(=O)[C@H](C)NC(=O)OCc3ccccc3)cc(=O)oc2c2ccccc12,O=C(CNC(=O)OCc1ccccc1)OCc1cc(=O)oc2c1ccc1ccccc12,O=C(CNC(=O)OCc1ccccc1)OCc1cc(=O)oc2c1ccc1ccccc12,True,False
Br.COc1cc2c(COC(=O)[C@H](C)N)cc(=O)oc2c2ccccc12,O=c1ccc2ccc3ccccc3c2o1,O=c1ccc2ccc3ccccc3c2o1,True,False
COC(=O)CCNC(=O)OCc1cc(=O)oc2c1cc(OC)c1ccccc12,O=c1ccc2ccc3ccccc3c2o1,O=c1ccc2ccc3ccccc3c2o1,True,False
COc1cc2c(COC(=O)NCCC(=O)O)cc(=O)oc2c2ccccc12,O=c1ccc2ccc3ccccc3c2o1,O=c1ccc2ccc3ccccc3c2o1,True,False
OCC1OC(n2cnc3c(=S)nc[nH]c32)C(O)C1O,S=c1nc[nH]c2c1ncn2C1CCCO1,S=c1nc[nH]c2c1ncn2C1CCCO1,True,False
CCOC(=O)C1=C(C)NC(=S)N[C@H]1c1cccc(O)c1,S=C1NC=C[C@H](c2ccccc2)N1,S=C1NC=C[C@H](c2ccccc2)N1,True,False
COc1ccc2c(COC(=O)[C@H](Cc3ccccc3)NC(=O)OCc3ccccc3)cc(=O)oc2c1,O=C(N[C@@H](Cc1ccccc1)C(=O)OCc1cc(=O)oc2ccccc12)OCc1ccccc1,O=C(N[C@@H](Cc1ccccc1)C(=O)OCc1cc(=O)oc2ccccc12)OCc1ccccc1,True,False
COc1ccc2c(COC(=O)[C@H](Cc3ccccc3)NC(=O)OCc3ccccc3)cc(=O)n(C)c2c1,O=C(N[C@@H](Cc1ccccc1)C(=O)OCc1cc(=O)[nH]c2ccccc12)OCc1ccccc1,O=C(N[C@@H](Cc1ccccc1)C(=O)OCc1cc(=O)[nH]c2ccccc12)OCc1ccccc1,True,False
COc1ccc2c(c1)c(COC(=O)[C@H](C)NC(=O)OCc1ccccc1)cc(=O)n2C,O=C(CNC(=O)OCc1ccccc1)OCc1cc(=O)[nH]c2ccccc12,O=C(CNC(=O)OCc1ccccc1)OCc1cc(=O)[nH]c2ccccc12,False,True
Cc1ccc2c(COC(=O)[C@H](Cc3ccccc3)NC(=O)OCc3ccccc3)cc(=S)oc2c1,O=C(N[C@@H](Cc1ccccc1)C(=O)OCc1cc(=S)oc2ccccc12)OCc1ccccc1,O=C(N[C@@H](Cc1ccccc1)C(=O)OCc1cc(=S)oc2ccccc12)OCc1ccccc1,True,False
COc1ccc2c(COC(=O)[C@H](Cc3ccccc3)NC(=O)OCc3ccccc3)cc(=S)oc2c1,O=C(N[C@@H](Cc1ccccc1)C(=O)OCc1cc(=S)oc2ccccc12)OCc1ccccc1,O=C(N[C@@H](Cc1ccccc1)C(=O)OCc1cc(=S)oc2ccccc12)OCc1ccccc1,True,False
COc1ccc2c(COC(=O)[C@H](Cc3ccccc3)NC(=O)OCc3ccccc3)cc(=S)n(C)c2c1,O=C(N[C@@H](Cc1ccccc1)C(=O)OCc1cc(=S)[nH]c2ccccc12)OCc1ccccc1,O=C(N[C@@H](Cc1ccccc1)C(=O)OCc1cc(=S)[nH]c2ccccc12)OCc1ccccc1,True,False
Cn1c(=S)cc(COC(=O)[C@H](Cc2ccccc2)NC(=O)OCc2ccccc2)c2ccccc21,O=C(N[C@@H](Cc1ccccc1)C(=O)OCc1cc(=S)[nH]c2ccccc12)OCc1ccccc1,O=C(N[C@@H](Cc1ccccc1)C(=O)OCc1cc(=S)[nH]c2ccccc12)OCc1ccccc1,True,False
Cc1ccc2c(c1)c(COC(=O)[C@H](Cc1ccccc1)NC(=O)OCc1ccccc1)cc(=S)n2C,O=C(N[C@@H](Cc1ccccc1)C(=O)OCc1cc(=S)[nH]c2ccccc12)OCc1ccccc1,O=C(N[C@@H](Cc1ccccc1)C(=O)OCc1cc(=S)[nH]c2ccccc12)OCc1ccccc1,True,False
COc1ccc2c(c1)c(COC(=O)[C@H](Cc1ccccc1)NC(=O)OCc1ccccc1)cc(=S)n2C,O=C(N[C@@H](Cc1ccccc1)C(=O)OCc1cc(=S)[nH]c2ccccc12)OCc1ccccc1,O=C(N[C@@H](Cc1ccccc1)C(=O)OCc1cc(=S)[nH]c2ccccc12)OCc1ccccc1,True,False
COc1ccc2c(c1)c(COC(=O)[C@H](C)NC(=O)OCc1ccccc1)cc(=S)n2C,O=C(CNC(=O)OCc1ccccc1)OCc1cc(=S)[nH]c2ccccc12,O=C(CNC(=O)OCc1ccccc1)OCc1cc(=S)[nH]c2ccccc12,True,False
CN(C)CCCN1c2ccccc2CCc2ccccc21,c1ccc2c(c1)CCc1ccccc1N2,c1ccc2c(c1)CCc1ccccc1N2,True,False
NS(=O)(=O)c1cc2c(cc1Cl)NC=NS2(=O)=O,O=S1(=O)N=CNc2ccccc21,O=S1(=O)N=CNc2ccccc21,True,False
COc1cc(O)c(C(=O)c2ccccc2)cc1S(=O)(=O)O,O=C(c1ccccc1)c1ccccc1,O=C(c1ccccc1)c1ccccc1,True,False
c1ccc2cc3ccccc3cc2c1,c1ccc2cc3ccccc3cc2c1,c1ccc2cc3ccccc3cc2c1,False,True
O=C(CCCN1CCC(O)(c2ccc(Cl)cc2)CC1)c1ccc(F)cc1,O=C(CCCN1CCC(c2ccccc2)CC1)c1ccccc1,O=C(CCCN1CCC(c2ccccc2)CC1)c1ccccc1,False,True
Nc1ncnc2c1NNC2C1OC(CO)C(O)C1O,c1ncc2c(n1)C(C1CCCO1)NN2,c1ncc2c(n1)C(C1CCCO1)NN2,True,False
NC(CC(=O)c1cccc2oc3cc(=O)c4[nH]c(C(=O)O)cc(=O)c4c-3nc12)C(=O)O,O=c1cc2oc3ccccc3nc-2c2c(=O)cc[nH]c12,O=c1cc2oc3ccccc3nc-2c2c(=O)cc[nH]c12,False,True
O=C(O)c1cc(=O)c2ccccc2[nH]1,O=c1cc[nH]c2ccccc12,O=c1cc[nH]c2ccccc12,True,False
Nc1c(O)cccc1C(=O)CC(N)C(=O)O,c1ccccc1,c1ccccc1,False,True
Nc1ccccc1C(=O)CC(N)C(=O)O,c1ccccc1,c1ccccc1,False,True
CC(=O)c1c2c(nn1C)N(c1ccc(Cl)cc1)C1=CC(c3ccccc3)N=CC1=C2,C1=NC(c2ccccc2)C=C2C1=Cc1c[nH]nc1N2c1ccccc1,C1=NC(c2ccccc2)C=C2C1=Cc1c[nH]nc1N2c1ccccc1,False,True
CC(=O)c1c2c(nn1C)N(c1ccc(Br)cc1)C1=CC(c3ccccc3)N=CC1=C2,C1=NC(c2ccccc2)C=C2C1=Cc1c[nH]nc1N2c1ccccc1,C1=NC(c2ccccc2)C=C2C1=Cc1c[nH]nc1N2c1ccccc1,False,True
CCOC(=O)c1c2c(nn1C)N(c1ccc(Cl)cc1)C1=CC(c3ccccc3)N=CC1=C2,C1=NC(c2ccccc2)C=C2C1=Cc1c[nH]nc1N2c1ccccc1,C1=NC(c2ccccc2)C=C2C1=Cc1c[nH]nc1N2c1ccccc1,False,True
Cn1cc2c(n1)N(c1ccc(Cl)cc1)C1=CC(c3ccccc3)N=CC1=C2,C1=NC(c2ccccc2)C=C2C1=Cc1c[nH]nc1N2c1ccccc1,C1=NC(c2ccccc2)C=C2C1=Cc1c[nH]nc1N2c1ccccc1,False,True
Cn1cc2c(n1)N(c1ccc(Br)cc1)C1=CC(c3ccccc3)N=CC1=C2,C1=NC(c2ccccc2)C=C2C1=Cc1c[nH]nc1N2c1ccccc1,C1=NC(c2ccccc2)C=C2C1=Cc1c[nH]nc1N2c1ccccc1,False,True
Clc1ccc(-c2nn(-c3ccccc3)c3ncc4cc5c(nc4c23)CCC5)cc1,c1ccc(-c2nn(-c3ccccc3)c3ncc4cc5c(nc4c23)CCC5)cc1,c1ccc(-c2nn(-c3ccccc3)c3ncc4cc5c(nc4c23)CCC5)cc1,True,False
Brc1ccc(-c2nn(-c3ccccc3)c3ncc4cc5c(nc4c23)CCC5)cc1,c1ccc(-c2nn(-c3ccccc3)c3ncc4cc5c(nc4c23)CCC5)cc1,c1ccc(-c2nn(-c3ccccc3)c3ncc4cc5c(nc4c23)CCC5)cc1,True,False
Clc1ccc(-c2nn(-c3ccccc3)c3ncc4cc5c(nc4c23)C5)cc1,c1ccc(-c2nn(-c3ccccc3)c3ncc4cc5c(nc4c23)C5)cc1,c1ccc(-c2nn(-c3ccccc3)c3ncc4cc5c(nc4c23)C5)cc1,True,False
Brc1ccc(-c2nn(-c3ccccc3)c3ncc4cc5c(nc4c23)C5)cc1,c1ccc(-c2nn(-c3ccccc3)c3ncc4cc5c(nc4c23)C5)cc1,c1ccc(-c2nn(-c3ccccc3)c3ncc4cc5c(nc4c23)C5)cc1,True,False
CC1CCCc2cc3cnc4c(c(-c5ccc(Cl)cc5)nn4-c4ccccc4)c3nc21,c1ccc(-c2nn(-c3ccccc3)c3ncc4cc5c(nc4c23)CCCC5)cc1,c1ccc(-c2nn(-c3ccccc3)c3ncc4cc5c(nc4c23)CCCC5)cc1,False,True
CC1CCc2cc3cnc4c(c(-c5ccc(Cl)cc5)nn4-c4ccccc4)c3nc2C1,c1ccc(-c2nn(-c3ccccc3)c3ncc4cc5c(nc4c23)CCCC5)cc1,c1ccc(-c2nn(-c3ccccc3)c3ncc4cc5c(nc4c23)CCCC5)cc1,False,True
CC1CCc2cc3cnc4c(c(-c5ccc(Br)cc5)nn4-c4ccccc4)c3nc2C1,c1ccc(-c2nn(-c3ccccc3)c3ncc4cc5c(nc4c23)CCCC5)cc1,c1ccc(-c2nn(-c3ccccc3)c3ncc4cc5c(nc4c23)CCCC5)cc1,False,True
CCOC(=O)C1CCCc2cc3cnc4c(c(-c5ccc(Cl)cc5)nn4-c4ccccc4)c3nc21,c1ccc(-c2nn(-c3ccccc3)c3ncc4cc5c(nc4c23)CCCC5)cc1,c1ccc(-c2nn(-c3ccccc3)c3ncc4cc5c(nc4c23)CCCC5)cc1,False,True
CCOC(=O)C1CCCc2cc3cnc4c(c(-c5ccc(Br)cc5)nn4-c4ccccc4)c3nc21,c1ccc(-c2nn(-c3ccccc3)c3ncc4cc5c(nc4c23)CCCC5)cc1,c1ccc(-c2nn(-c3ccccc3)c3ncc4cc5c(nc4c23)CCCC5)cc1,False,True
O=C1CCc2cc3cnc4c(c(-c5ccc(Cl)cc5)nn4-c4ccccc4)c3nc2C1,O=C1CCc2cc3cnc4c(c(-c5ccccc5)nn4-c4ccccc4)c3nc2C1,O=C1CCc2cc3cnc4c(c(-c5ccccc5)nn4-c4ccccc4)c3nc2C1,False,True
O=C1CCc2cc3cnc4c(c(-c5ccc(Br)cc5)nn4-c4ccccc4)c3nc2C1,O=C1CCc2cc3cnc4c(c(-c5ccccc5)nn4-c4ccccc4)c3nc2C1,O=C1CCc2cc3cnc4c(c(-c5ccccc5)nn4-c4ccccc4)c3nc2C1,False,True
CC1(C)CC(=O)Cc2nc3c(cnc4c3c(-c3ccc(Cl)cc3)nn4-c3ccccc3)cc21,O=C1CCc2cc3cnc4c(c(-c5ccccc5)nn4-c4ccccc4)c3nc2C1,O=C1CCc2cc3cnc4c(c(-c5ccccc5)nn4-c4ccccc4)c3nc2C1,False,True
Clc1ccc(-c2nn(-c3ccccc3)c3ncc4cc5c(nc4c23)-c2ccccc2CC5)cc1,c1ccc(-c2nn(-c3ccccc3)c3ncc4cc5c(nc4c23)-c2ccccc2CC5)cc1,c1ccc(-c2nn(-c3ccccc3)c3ncc4cc5c(nc4c23)-c2ccccc2CC5)cc1,False,True
Brc1ccc(-c2nn(-c3ccccc3)c3ncc4cc5c(nc4c23)-c2ccccc2CC5)cc1,c1ccc(-c2nn(-c3ccccc3)c3ncc4cc5c(nc4c23)-c2ccccc2CC5)cc1,c1ccc(-c2nn(-c3ccccc3)c3ncc4cc5c(nc4c23)-c2ccccc2CC5)cc1,False,True
COc1ccc2c(c1)CCc1cc3cnc4c(c(-c5ccc(Cl)cc5)nn4-c4ccccc4)c3nc1-2,c1ccc(-c2nn(-c3ccccc3)c3ncc4cc5c(nc4c23)-c2ccccc2CC5)cc1,c1ccc(-c2nn(-c3ccccc3)c3ncc4cc5c(nc4c23)-c2ccccc2CC5)cc1,False,True
Clc1ccc(-c2nn(-c3ccccc3)c3ncc4cc5c(nc4c23)-c2ccccc2C5)cc1,c1ccc(-c2nn(-c3ccccc3)c3ncc4cc5c(nc4c23)-c2ccccc2C5)cc1,c1ccc(-c2nn(-c3ccccc3)c3ncc4cc5c(nc4c23)-c2ccccc2C5)cc1,True,False
Brc1ccc(-c2nn(-c3ccccc3)c3ncc4cc5c(nc4c23)-c2ccccc2C5)cc1,c1ccc(-c2nn(-c3ccccc3)c3ncc4cc5c(nc4c23)-c2ccccc2C5)cc1,c1ccc(-c2nn(-c3ccccc3)c3ncc4cc5c(nc4c23)-c2ccccc2C5)cc1,True,False
COc1cc2c(cc1OC)-c1nc3c(cnc4c3c(-c3ccc(Cl)cc3)nn4-c3ccccc3)cc1C2,c1ccc(-c2nn(-c3ccccc3)c3ncc4cc5c(nc4c23)-c2ccccc2C5)cc1,c1ccc(-c2nn(-c3ccccc3)c3ncc4cc5c(nc4c23)-c2ccccc2C5)cc1,True,False
COc1cc2c(cc1OC)-c1nc3c(cnc4c3c(-c3ccc(Br)cc3)nn4-c3ccccc3)cc1C2,c1ccc(-c2nn(-c3ccccc3)c3ncc4cc5c(nc4c23)-c2ccccc2C5)cc1,c1ccc(-c2nn(-c3ccccc3)c3ncc4cc5c(nc4c23)-c2ccccc2C5)cc1,True,False
Clc1ccc(-c2nn(-c3ccccc3)c3ncc4cc5c(nc4c23)-c2ccccc2C(c2ccc(Cl)c(Cl)c2)C5)cc1,c1ccc(-c2nn(-c3ccccc3)c3ncc4cc5c(nc4c23)-c2ccccc2C(c2ccccc2)C5)cc1,c1ccc(-c2nn(-c3ccccc3)c3ncc4cc5c(nc4c23)-c2ccccc2C(c2ccccc2)C5)cc1,True,False
Clc1ccc(C2Cc3cc4cnc5c(c(-c6ccc(Br)cc6)nn5-c5ccccc5)c4nc3-c3ccccc32)cc1Cl,c1ccc(-c2nn(-c3ccccc3)c3ncc4cc5c(nc4c23)-c2ccccc2C(c2ccccc2)C5)cc1,c1ccc(-c2nn(-c3ccccc3)c3ncc4cc5c(nc4c23)-c2ccccc2C(c2ccccc2)C5)cc1,True,False
O=Cc1cccc(O)c1O,c1ccccc1,c1ccccc1,False,True
COc1ccc([C@@H]2CC(=O)c3c(O)cc(O[C@@H]4O[C@H](CO)[C@@H](O)[C@H](O)[C@H]4O[C@@H]4O[C@@H](C)[C@H](O)[C@@H](O)[C@H]4O)cc3O2)cc1,O=C1C[C@@H](c2ccccc2)Oc2cc(O[C@@H]3OCCC[C@H]3O[C@H]3CCCCO3)ccc21,O=C1C[C@@H](c2ccccc2)Oc2cc(O[C@@H]3OCCC[C@H]3O[C@H]3CCCCO3)ccc21,True,False
c1ccc2sc(N=Nc3nc4ccccc4s3)nc2c1,c1ccc2sc(N=Nc3nc4ccccc4s3)nc2c1,c1ccc2sc(N=Nc3nc4ccccc4s3)nc2c1,True,False
c1cnc2c(c1)ccc1cc(-c3ccsc3)cnc12,c1cnc2c(c1)ccc1cc(-c3ccsc3)cnc12,c1cnc2c(c1)ccc1cc(-c3ccsc3)cnc12,True,False
CN(C)CCNC(=N)Nc1ccc2c(Nc3ccc(N(C)C)cc3)c3ccc(NC(=N)NCCN(C)C)cc3nc2c1,c1ccc(Nc2c3ccccc3nc3ccccc23)cc1,c1ccc(Nc2c3ccccc3nc3ccccc23)cc1,True,False
CCOC(=O)c1[nH]c(C)c(C(=NN)C(=O)c2cc([N+](=O)[O-])cc([N+](=O)[O-])c2)c1C,N=C(C(=O)c1ccccc1)c1cc[nH]c1,N=C(C(=O)c1ccccc1)c1cc[nH]c1,False,True
CN(C)c1ccc(-c2nc(-c3ccc(C#Cc4ccc(C#N)cc4)cc3)[nH]c2-c2ccc(N(C)C)cc2)cc1,C(#Cc1ccc(-c2nc(-c3ccccc3)c(-c3ccccc3)[nH]2)cc1)c1ccccc1,C(#Cc1ccc(-c2nc(-c3ccccc3)c(-c3ccccc3)[nH]2)cc1)c1ccccc1,True,False
O=C(O)c1ccc(C(=O)O)nc1,c1ccncc1,c1ccncc1,False,True
c1ccc(Cn2c(-c3ccco3)nc(-c3ccco3)c2-c2ccco2)cc1,c1ccc(Cn2c(-c3ccco3)nc(-c3ccco3)c2-c2ccco2)cc1,c1ccc(Cn2c(-c3ccco3)nc(-c3ccco3)c2-c2ccco2)cc1,True,False
N#Cc1ccc(Oc2ccc(N=Nc3ccc(O)c(C=O)c3)cc2)cc1C#N,c1ccc(N=Nc2ccc(Oc3ccccc3)cc2)cc1,c1ccc(N=Nc2ccc(Oc3ccccc3)cc2)cc1,True,False
CCNC(=O)Nc1ccc2c(c1)c(C)nc1ccccc12,c1ccc2c(c1)cnc1ccccc12,c1ccc2c(c1)cnc1ccccc12,True,False
CCN1CCN(CC)c2cc3oc(=O)c(C#N)cc3cc21,O=c1ccc2cc3c(cc2o1)NCCN3,O=c1ccc2cc3c(cc2o1)NCCN3,True,False
Cc1ccc(C(=O)OCc2ccc3c4cccc5cccc(c6cccc2c63)c54)cc1,O=C(OCc1ccc2c3cccc4cccc(c5cccc1c52)c43)c1ccccc1,O=C(OCc1ccc2c3cccc4cccc(c5cccc1c52)c43)c1ccccc1,True,False
Cc1ccccn1,c1ccncc1,c1ccncc1,False,True
c1ccc(-c2ccc(-c3ccc(-c4ccc(-c5ccc(-c6ccccc6)cc5)s4)s3)cc2)cc1,c1ccc(-c2ccc(-c3ccc(-c4ccc(-c5ccc(-c6ccccc6)cc5)s4)s3)cc2)cc1,c1ccc(-c2ccc(-c3ccc(-c4ccc(-c5ccc(-c6ccccc6)cc5)s4)s3)cc2)cc1,True,False
Cc1ccc(C=Cc2ccc(-c3nc(-c4ccccc4)c(-c4ccccc4)n3-c3ccc(Cl)cc3)cc2)cc1,C(=Cc1ccc(-c2nc(-c3ccccc3)c(-c3ccccc3)n2-c2ccccc2)cc1)c1ccccc1,C(=Cc1ccc(-c2nc(-c3ccccc3)c(-c3ccccc3)n2-c2ccccc2)cc1)c1ccccc1,False,True
CC(C)CC(C(=O)Nc1ccc(S(=O)(=O)c2ccc(N)cc2)cc1)N1C(=O)c2cccc3c(NCCN(C)C)ccc(c23)C1=O,O=C(CN1C(=O)c2cccc3cccc(c23)C1=O)Nc1ccc(S(=O)(=O)c2ccccc2)cc1,O=C(CN1C(=O)c2cccc3cccc(c23)C1=O)Nc1ccc(S(=O)(=O)c2ccccc2)cc1,True,False
c1ccc2snnc2c1,c1ccc2snnc2c1,c1ccc2snnc2c1,False,True
CCN(CC)c1ccc(C=Cc2ccn3cc(-c4ccc(OC)cc4)nc3c2)cc1,C(=Cc1ccn2cc(-c3ccccc3)nc2c1)c1ccccc1,C(=Cc1ccn2cc(-c3ccccc3)nc2c1)c1ccccc1,False,True
c1ccc(-c2ccc(-c3c4ccccc4c(-c4ccc(-c5ccccc5)cc4)c4cc(-c5ccccc5)ccc34)cc2)cc1,c1ccc(-c2ccc(-c3c4ccccc4c(-c4ccc(-c5ccccc5)cc4)c4cc(-c5ccccc5)ccc34)cc2)cc1,c1ccc(-c2ccc(-c3c4ccccc4c(-c4ccc(-c5ccccc5)cc4)c4cc(-c5ccccc5)ccc34)cc2)cc1,True,False
c1csc(-c2cnc(-c3cccs3)cn2)c1,c1csc(-c2cnc(-c3cccs3)cn2)c1,c1csc(-c2cnc(-c3cccs3)cn2)c1,True,False
c1csc(-c2cccs2)c1,c1csc(-c2cccs2)c1,c1csc(-c2cccs2)c1,True,False
CN1c2ccccc2C(C)(C)C12C=Nc1c(ccc3cc(C=Cc4cc5ccccc5c5c4OC(c4ccccc4)(c4ccccc4)C=C5)ccc13)O2,C(=Cc1cc2ccccc2c2c1OC(c1ccccc1)(c1ccccc1)C=C2)c1ccc2c3c(ccc2c1)OC1(C=N3)Cc2ccccc2N1,C(=Cc1cc2ccccc2c2c1OC(c1ccccc1)(c1ccccc1)C=C2)c1ccc2c3c(ccc2c1)OC1(C=N3)Cc2ccccc2N1,True,False
COc1ccccc1N=Nc1nc2ccc([N+](=O)[O-])cc2s1,c1ccc(N=Nc2nc3ccccc3s2)cc1,c1ccc(N=Nc2nc3ccccc3s2)cc1,False,True
Cc1ccc(-n2c(-c3ccc(F)cc3)nc3c4ccccc4c4ccccc4c32)cc1,c1ccc(-c2nc3c4ccccc4c4ccccc4c3n2-c2ccccc2)cc1,c1ccc(-c2nc3c4ccccc4c4ccccc4c3n2-c2ccccc2)cc1,False,True
O=C(c1ccc(Cl)cc1)[C@@H]1O[C@H]1c1ccc(Cl)cc1,O=C(c1ccccc1)[C@@H]1O[C@H]1c1ccccc1,O=C(c1ccccc1)[C@@H]1O[C@H]1c1ccccc1,True,False
COc1ccccc1C=CC=NN=Cc1ccc([N+](=O)[O-])cc1,C(=Cc1ccccc1)C=NN=Cc1ccccc1,C(=Cc1ccccc1)C=NN=Cc1ccccc1,True,False
O=c1c2c(O)ccc(O)c2c(=O)c2c1c(F)c(F)c1oc3ccccc3oc12,O=c1c2ccccc2c(=O)c2c1ccc1oc3ccccc3oc12,O=c1c2ccccc2c(=O)c2c1ccc1oc3ccccc3oc12,False,True
N#CC(=Cc1ccc(N(c2ccccc2)c2ccccc2)cc1)c1ccc(Br)cc1,C(=Cc1ccc(N(c2ccccc2)c2ccccc2)cc1)c1ccccc1,C(=Cc1ccc(N(c2ccccc2)c2ccccc2)cc1)c1ccccc1,False,True
COc1ccc(-c2nnc(-c3ccn4c(nc5ccccc54)c3-c3ccccc3)o2)cc1,c1ccc(-c2nnc(-c3ccn4c(nc5ccccc54)c3-c3ccccc3)o2)cc1,c1ccc(-c2nnc(-c3ccn4c(nc5ccccc54)c3-c3ccccc3)o2)cc1,True,False
COC1OC(=O)C(Br)=C1NCc1ccccc1Cl,O=C1C=C(NCc2ccccc2)CO1,O=C1C=C(NCc2ccccc2)CO1,True,False
Fc1c(C(F)(F)F)c(F)c2nc3c(F)c(F)c(C(F)(F)F)c(F)c3nc2c1F,c1ccc2nc3ccccc3nc2c1,c1ccc2nc3ccccc3nc2c1,True,False
CCCOc1ccc(C2CC(c3ccc(Cl)cc3)=NN2c2ccc(C)c(C)c2)cc1,c1ccc(C2=NN(c3ccccc3)C(c3ccccc3)C2)cc1,c1ccc(C2=NN(c3ccccc3)C(c3ccccc3)C2)cc1,True,False
Oc1ccc(N=Nc2nccs2)c2cccnc12,c1cc(N=Nc2nccs2)c2cccnc2c1,c1cc(N=Nc2nccs2)c2cccnc2c1,True,False
O=c1cc(O)c2cccc(O)c2o1,O=c1ccc2ccccc2o1,O=c1ccc2ccccc2o1,False,True
Cc1c(C(N)=O)c(=O)oc2cc3c(cc12)nc(Nc1cccc(F)c1)n3CCCn1ccnc1,O=c1ccc2cc3nc(Nc4ccccc4)n(CCCn4ccnc4)c3cc2o1,O=c1ccc2cc3nc(Nc4ccccc4)n(CCCn4ccnc4)c3cc2o1,False,True
CC1c2cc3nc(C=Cc4ccccc4)[nH]c3cc2-c2cc3[nH]c(C=Cc4ccccc4)nc3cc21,C(=Cc1nc2cc3c(cc2[nH]1)-c1cc2[nH]c(C=Cc4ccccc4)nc2cc1C3)c1ccccc1,C(=Cc1nc2cc3c(cc2[nH]1)-c1cc2[nH]c(C=Cc4ccccc4)nc2cc1C3)c1ccccc1,False,True
c1csc(-c2cc(-c3cccs3)ncn2)c1,c1csc(-c2cc(-c3cccs3)ncn2)c1,c1csc(-c2cc(-c3cccs3)ncn2)c1,True,False
Cc1cc(-c2ccc(-c3nc4ccccc4[nH]3)cc2)ccc1-c1ccc(-c2nc3ccccc3[nH]2)cc1,c1ccc2[nH]c(-c3ccc(-c4ccc(-c5ccc(-c6nc7ccccc7[nH]6)cc5)cc4)cc3)nc2c1,c1ccc2[nH]c(-c3ccc(-c4ccc(-c5ccc(-c6nc7ccccc7[nH]6)cc5)cc4)cc3)nc2c1,True,False
O=COCc1ccccc1[N+](=O)[O-],c1ccccc1,c1ccccc1,False,True
Cc1cc(C2=C(c3cc(C)sc3C)C(=O)CC2)c(C)s1,O=C1CCC(c2ccsc2)=C1c1ccsc1,O=C1CCC(c2ccsc2)=C1c1ccsc1,True,False
COC(=O)c1c(=O)oc2cc3c(cc12)[n-]c(-c1ccccc1)n[n+]3-c1ccccc1,O=c1cc2cc3[n-]c(-c4ccccc4)n[n+](-c4ccccc4)c3cc2o1,O=c1cc2cc3[n-]c(-c4ccccc4)n[n+](-c4ccccc4)c3cc2o1,True,False
C(=Cc1ccccc1C=Cc1ccccc1)c1ccccc1,C(=Cc1ccccc1C=Cc1ccccc1)c1ccccc1,C(=Cc1ccccc1C=Cc1ccccc1)c1ccccc1,True,False
Oc1cccc2cccnc12,c1ccc2ncccc2c1,c1ccc2ncccc2c1,False,True
C(=Cc1cnccn1)C=C1C=C(c2ccccc2)OC(c2ccccc2)=C1,C(=Cc1cnccn1)C=C1C=C(c2ccccc2)OC(c2ccccc2)=C1,C(=Cc1cnccn1)C=C1C=C(c2ccccc2)OC(c2ccccc2)=C1,True,False
C=CC(C)c1ccc(O)cc1,c1ccccc1,c1ccccc1,False,True
Cc1cccc(N=Nc2ccc(O)c(C=O)c2)c1,c1ccc(N=Nc2ccccc2)cc1,c1ccc(N=Nc2ccccc2)cc1,False,True
O=c1ccc2cc(N=Cc3ccc(-c4ccc([N+](=O)[O-])cc4)o3)ccc2o1,O=c1ccc2cc(N=Cc3ccc(-c4ccccc4)o3)ccc2o1,O=c1ccc2cc(N=Cc3ccc(-c4ccccc4)o3)ccc2o1,False,True
Cn1c(-c2ccccn2)nc2c3ccccc3c3ccccc3c21,c1ccc(-c2nc3c4ccccc4c4ccccc4c3[nH]2)nc1,c1ccc(-c2nc3c4ccccc4c4ccccc4c3[nH]2)nc1,True,False
CC(C)(C)c1cc(-c2nc3c4ccccc4c4ccccc4c3o2)c(O)c(C(C)(C)C)c1,c1ccc(-c2nc3c4ccccc4c4ccccc4c3o2)cc1,c1ccc(-c2nc3c4ccccc4c4ccccc4c3o2)cc1,True,False
CCn1c2ccccc2c2cc(N(c3ccc(C#N)cc3)c3ccc(C#N)cc3)ccc21,c1ccc(N(c2ccccc2)c2ccc3[nH]c4ccccc4c3c2)cc1,c1ccc(N(c2ccccc2)c2ccc3[nH]c4ccccc4c3c2)cc1,True,False
Nc1c(N=Nc2ccccc2)c(=O)[nH]c2nc3ccccc3n12,O=c1[nH]c2nc3ccccc3n2cc1N=Nc1ccccc1,O=c1[nH]c2nc3ccccc3n2cc1N=Nc1ccccc1,False,True
O=C(O)CN1C(=O)C(=Cc2cc(-c3ccc(-c4ccc(-c5ccc(N(c6ccccc6)c6ccccc6)cc5)s4)s3)on2)SC1=S,O=C1NC(=S)SC1=Cc1cc(-c2ccc(-c3ccc(-c4ccc(N(c5ccccc5)c5ccccc5)cc4)s3)s2)on1,O=C1NC(=S)SC1=Cc1cc(-c2ccc(-c3ccc(-c4ccc(N(c5ccccc5)c5ccccc5)cc4)s3)s2)on1,True,False
COc1ccc(-c2ccc(-c3ccc4ccccc4n3)nc2)cc1,c1ccc(-c2ccc(-c3ccc4ccccc4n3)nc2)cc1,c1ccc(-c2ccc(-c3ccc4ccccc4n3)nc2)cc1,False,True
c1ccc(-c2nc3c4ccccc4c4ccccc4c3n2-c2ccccc2)cc1,c1ccc(-c2nc3c4ccccc4c4ccccc4c3n2-c2ccccc2)cc1,c1ccc(-c2nc3c4ccccc4c4ccccc4c3n2-c2ccccc2)cc1,False,True
COc1cc(-c2nc3c(c4c2-c2ccc(Br)cc2CC4)-c2ccc(Br)cc2CC3)cc(OC)c1OC,c1ccc(-c2nc3c(c4c2-c2ccccc2CC4)-c2ccccc2CC3)cc1,c1ccc(-c2nc3c(c4c2-c2ccccc2CC4)-c2ccccc2CC3)cc1,True,False
CCOC(=O)c1cc(=O)c2cc(OC)ccc2o1,O=c1ccoc2ccccc12,O=c1ccoc2ccccc12,False,True
COC(=O)c1ccc2c(c1)c(-c1cc(C)sc1C)c(-c1cc(C)sc1C)c1cc(C(=O)OC)ccc12,c1ccc2c(c1)c(-c1ccsc1)c(-c1ccsc1)c1ccccc12,c1ccc2c(c1)c(-c1ccsc1)c(-c1ccsc1)c1ccccc12,False,True
N[C@@H](Cc1c[nH]c2ccccc12)C(=O)NO,c1ccc2[nH]ccc2c1,c1ccc2[nH]ccc2c1,True,False
COc1ccc(N(c2ccc(OC)cc2)c2c3ccccc3c(C=O)c3ccccc23)cc1,c1ccc(N(c2ccccc2)c2c3ccccc3cc3ccccc23)cc1,c1ccc(N(c2ccccc2)c2c3ccccc3cc3ccccc23)cc1,True,False
O=[N+]([O-])c1ccc(C=Cc2ccc(-c3nnc(-c4c5ccccc5cc5ccccc45)o3)cc2)cc1,C(=Cc1ccc(-c2nnc(-c3c4ccccc4cc4ccccc34)o2)cc1)c1ccccc1,C(=Cc1ccc(-c2nnc(-c3c4ccccc4cc4ccccc34)o2)cc1)c1ccccc1,True,False
CCn1c(O)c(N=Nc2nc3ccccc3s2)c(C)c(C#N)c1=O,O=c1ccc(N=Nc2nc3ccccc3s2)c[nH]1,O=c1ccc(N=Nc2nc3ccccc3s2)c[nH]1,True,False
Cc1ccc(Nc2nc(C#N)c(C#N)nc2CC(=O)C2=Nc3c(cc(C#N)n3C#N)N(c3ccc(C)cc3)C2C)cc1,O=C(Cc1nccnc1Nc1ccccc1)C1=Nc2[nH]ccc2N(c2ccccc2)C1,O=C(Cc1nccnc1Nc1ccccc1)C1=Nc2[nH]ccc2N(c2ccccc2)C1,True,False
C#Cc1ccc2c(c1-c1cn([C@H]3C[C@H](O)[C@@H](CO)O3)c(=O)[nH]c1=O)C(=O)c1ccccc1-2,O=C1c2ccccc2-c2cccc(-c3cn([C@H]4CCCO4)c(=O)[nH]c3=O)c21,O=C1c2ccccc2-c2cccc(-c3cn([C@H]4CCCO4)c(=O)[nH]c3=O)c21,True,False
CC(C)(C=Cc1c2ccccc2cc2ccccc12)C=Cc1c2ccccc2cc2ccccc12,C(=Cc1c2ccccc2cc2ccccc12)CC=Cc1c2ccccc2cc2ccccc12,C(=Cc1c2ccccc2cc2ccccc12)CC=Cc1c2ccccc2cc2ccccc12,True,False
CN(C)c1ccc(C=Cc2ccc([N+](=O)[O-])cc2)cc1,C(=Cc1ccccc1)c1ccccc1,C(=Cc1ccccc1)c1ccccc1,False,True
Cc1nccnc1C(=O)C=Cc1ccc(N(C)C)cc1,O=C(C=Cc1ccccc1)c1cnccn1,O=C(C=Cc1ccccc1)c1cnccn1,True,False
COc1cccc(C=Nc2nc(-c3cc4ccccc4oc3=O)cs2)c1O,O=c1oc2ccccc2cc1-c1csc(N=Cc2ccccc2)n1,O=c1oc2ccccc2cc1-c1csc(N=Cc2ccccc2)n1,True,False
CN1C(=O)C(N=Nc2nc(-c3cc4ccccc4oc3=O)cs2)C(=O)N(C)C1=O,O=C1NC(=O)C(N=Nc2nc(-c3cc4ccccc4oc3=O)cs2)C(=O)N1,O=C1NC(=O)C(N=Nc2nc(-c3cc4ccccc4oc3=O)cs2)C(=O)N1,True,False
CC(C)N(c1ccccc1)c1cc(=O)[nH]c(-c2ccccc2)n1,O=c1cc(Nc2ccccc2)nc(-c2ccccc2)[nH]1,O=c1cc(Nc2ccccc2)nc(-c2ccccc2)[nH]1,True,False
O=C1C(=C2Nc3c(Br)cc(Br)cc3C2=O)Nc2c(Br)cc(Br)cc21,O=C1C(=C2Nc3ccccc3C2=O)Nc2ccccc21,O=C1C(=C2Nc3ccccc3C2=O)Nc2ccccc21,True,False
CCOC(=O)C1=C(c2ccc3ccccc3c2)NC(=O)C1=NNc1ccc([N+](=O)[O-])cc1O,O=C1NC(c2ccc3ccccc3c2)=CC1=NNc1ccccc1,O=C1NC(c2ccc3ccccc3c2)=CC1=NNc1ccccc1,True,False
COc1ccc(-c2ccc(-c3cc(-c4ccccn4)nc(-c4ccccn4)c3)cc2)cc1,c1ccc(-c2ccc(-c3cc(-c4ccccn4)nc(-c4ccccn4)c3)cc2)cc1,c1ccc(-c2ccc(-c3cc(-c4ccccn4)nc(-c4ccccn4)c3)cc2)cc1,False,True
C#Cc1ccc(-c2sc(-c3ccc(C#C)s3)c3nc(-c4ccc(OC)cc4)c(-c4ccc(OC)cc4)nc23)s1,c1ccc(-c2nc3c(-c4cccs4)sc(-c4cccs4)c3nc2-c2ccccc2)cc1,c1ccc(-c2nc3c(-c4cccs4)sc(-c4cccs4)c3nc2-c2ccccc2)cc1,False,True
COc1cc2c(cc1OC)-c1cc3cc4ccccc4nc3nc1C2,c1ccc2c(c1)Cc1nc3nc4ccccc4cc3cc1-2,c1ccc2c(c1)Cc1nc3nc4ccccc4cc3cc1-2,True,False
O=C(N=c1nc2c3ccccc3ncn2c2ccccc12)Nc1ccccc1,O=C(N=c1nc2c3ccccc3ncn2c2ccccc12)Nc1ccccc1,O=C(N=c1nc2c3ccccc3ncn2c2ccccc12)Nc1ccccc1,True,False
O=C1CSC(=NN(c2ccccc2)c2ccccc2)N1c1c2ccccc2nc2ccccc12,O=C1CSC(=NN(c2ccccc2)c2ccccc2)N1c1c2ccccc2nc2ccccc12,O=C1CSC(=NN(c2ccccc2)c2ccccc2)N1c1c2ccccc2nc2ccccc12,True,False
O=C1c2ccccc2C(=O)c2c(Cl)cccc21,O=C1c2ccccc2C(=O)c2ccccc21,O=C1c2ccccc2C(=O)c2ccccc21,True,False
O=c1ccn(C2OC[C@](O)(CO)[C@H]2O)c(=O)[nH]1,O=c1ccn(C2CCCO2)c(=O)[nH]1,O=c1ccn(C2CCCO2)c(=O)[nH]1,True,False
c1ccc(-c2ccc3c(c2)C(c2c4ccccc4cc4ccccc24)c2ccccc2-3)cc1,c1ccc(-c2ccc3c(c2)C(c2c4ccccc4cc4ccccc24)c2ccccc2-3)cc1,c1ccc(-c2ccc3c(c2)C(c2c4ccccc4cc4ccccc24)c2ccccc2-3)cc1,True,False
Oc1ccccc1-c1nc2c(c3c1-c1ccccc1CC3)-c1ccccc1CC2,c1ccc(-c2nc3c(c4c2-c2ccccc2CC4)-c2ccccc2CC3)cc1,c1ccc(-c2nc3c(c4c2-c2ccccc2CC4)-c2ccccc2CC3)cc1,True,False
O=S(=O)(c1ccc(-c2ccc(N(c3ccccc3)c3ccccc3)cc2)cc1)c1ccc(-c2ccc(N(c3ccccc3)c3ccccc3)cc2)cc1,O=S(=O)(c1ccc(-c2ccc(N(c3ccccc3)c3ccccc3)cc2)cc1)c1ccc(-c2ccc(N(c3ccccc3)c3ccccc3)cc2)cc1,O=S(=O)(c1ccc(-c2ccc(N(c3ccccc3)c3ccccc3)cc2)cc1)c1ccc(-c2ccc(N(c3ccccc3)c3ccccc3)cc2)cc1,True,False
CC1c2cc(-c3ccccc3)ccc2-c2cc3nc4c5ccccc5c5ccccc5c4nc3cc21,c1ccc(-c2ccc3c(c2)Cc2cc4nc5c6ccccc6c6ccccc6c5nc4cc2-3)cc1,c1ccc(-c2ccc3c(c2)Cc2cc4nc5c6ccccc6c6ccccc6c5nc4cc2-3)cc1,False,True
Cc1ccsc1-c1sc(-c2c(C)sc3ccccc23)c2ccccc12,c1csc(-c2sc(-c3csc4ccccc34)c3ccccc23)c1,c1csc(-c2sc(-c3csc4ccccc34)c3ccccc23)c1,False,True
CCN(CC)c1ccc(Nc2cc3oc(-c4ccc(C#N)cc4)nc3c3ccccc23)cc1,c1ccc(Nc2cc3oc(-c4ccccc4)nc3c3ccccc23)cc1,c1ccc(Nc2cc3oc(-c4ccccc4)nc3c3ccccc23)cc1,True,False
C#Cc1ccc2cc3c(C)cc(=O)oc3cc2c1,O=c1ccc2cc3ccccc3cc2o1,O=c1ccc2cc3ccccc3cc2o1,True,False
O=c1ccc2ccccc2o1,O=c1ccc2ccccc2o1,O=c1ccc2ccccc2o1,False,True
O=c1ccn([C@H]2C[C@H](O)[C@@H](CO)S2)c(=O)[nH]1,O=c1ccn([C@H]2CCCS2)c(=O)[nH]1,O=c1ccn([C@H]2CCCS2)c(=O)[nH]1,True,False
CC(C)(C)c1ccc(Cn2nc(-c3ccc(Cl)cc3)cc2-c2nnc(COc3ccc(Cl)cc3Cl)o2)cc1,c1ccc(Cn2nc(-c3ccccc3)cc2-c2nnc(COc3ccccc3)o2)cc1,c1ccc(Cn2nc(-c3ccccc3)cc2-c2nnc(COc3ccccc3)o2)cc1,True,False
CCOC(=O)Cc1csc(N=Nc2ccc(O)c3ncccc23)n1,c1cc(N=Nc2nccs2)c2cccnc2c1,c1cc(N=Nc2nccs2)c2cccnc2c1,True,False
C1=CCc2c(cc(C=Nc3ccc4ccccc4c3)c3c2CC=CC3)C1,C1=CCc2c(cc(C=Nc3ccc4ccccc4c3)c3c2CC=CC3)C1,C1=CCc2c(cc(C=Nc3ccc4ccccc4c3)c3c2CC=CC3)C1,True,False
CCN(CC)c1ccc(-c2nc3cc(C(=O)OC)c(C(=O)OC)cc3[nH]2)c(O)c1,c1ccc(-c2nc3ccccc3[nH]2)cc1,c1ccc(-c2nc3ccccc3[nH]2)cc1,True,False
CCN(CC)c1ccc2cc3c(nc(=Nc4ccc(Br)cc4)n4c5ccccc5nc34)oc2c1,c1ccc(N=c2nc3oc4ccccc4cc3c3nc4ccccc4n23)cc1,c1ccc(N=c2nc3oc4ccccc4cc3c3nc4ccccc4n23)cc1,True,False
Oc1ccc(-c2nc3c(o2)c(-c2nc4ccccc4s2)cc2ccccc23)c(O)c1,c1ccc(-c2nc3c(o2)c(-c2nc4ccccc4s2)cc2ccccc23)cc1,c1ccc(-c2nc3c(o2)c(-c2nc4ccccc4s2)cc2ccccc23)cc1,True,False
C1=C2CCC(=Cc3ccc([nH]3)C=c3ccc([nH]3)=Cc3ccc1[nH]3)N2,C1=C2CCC(=Cc3ccc([nH]3)C=c3ccc([nH]3)=Cc3ccc1[nH]3)N2,C1=C2CCC(=Cc3ccc([nH]3)C=c3ccc([nH]3)=Cc3ccc1[nH]3)N2,False,True
Cc1ccc(-c2ccc(-c3ccccn3)nc2)cc1,c1ccc(-c2ccc(-c3ccccn3)nc2)cc1,c1ccc(-c2ccc(-c3ccccn3)nc2)cc1,True,False
COc1cc2cc(C#N)c3ccccc3c2cc1OC,c1ccc2c(c1)ccc1ccccc12,c1ccc2c(c1)ccc1ccccc12,True,False
Cc1c(-c2sc(-c3ccc(C=O)s3)c3ccccc23)oc2ccccc12,c1csc(-c2sc(-c3cc4ccccc4o3)c3ccccc23)c1,c1csc(-c2sc(-c3cc4ccccc4o3)c3ccccc23)c1,True,False
CC1(C)OC(=O)C(=Cc2ccc(N(c3ccccc3)c3ccccc3)cc2)C(=O)O1,O=C1OCOC(=O)C1=Cc1ccc(N(c2ccccc2)c2ccccc2)cc1,O=C1OCOC(=O)C1=Cc1ccc(N(c2ccccc2)c2ccccc2)cc1,True,False
O=C1Nc2ccccc2C1=O,O=C1Nc2ccccc2C1=O,O=C1Nc2ccccc2C1=O,True,False
NC(=O)C[C@H](Nc1nc2ccc(F)cc2s1)C(=O)OCc1ccccc1,O=C(CNc1nc2ccccc2s1)OCc1ccccc1,O=C(CNc1nc2ccccc2s1)OCc1ccccc1,True,False
COc1ccc2cc(C#N)c3ccccc3c2c1,c1ccc2c(c1)ccc1ccccc12,c1ccc2c(c1)ccc1ccccc12,True,False
CCN(CC)c1ccc(C(=O)Nc2ccc3c(c2)OCCOCCOCCOCCO3)cc1,O=C(Nc1ccc2c(c1)OCCOCCOCCOCCO2)c1ccccc1,O=C(Nc1ccc2c(c1)OCCOCCOCCOCCO2)c1ccccc1,False,True
C#Cc1ccc(S(=O)c2ccc(C#C)cc2)cc1,O=S(c1ccccc1)c1ccccc1,O=S(c1ccccc1)c1ccccc1,True,False
N#Cc1nc(N)c(N)nc1C#N,c1cnccn1,c1cnccn1,True,False
Clc1ccc(N=NC(=NNc2ccccc2)c2ccccc2)c(Cl)c1,c1ccc(N=NC(=NNc2ccccc2)c2ccccc2)cc1,c1ccc(N=NC(=NNc2ccccc2)c2ccccc2)cc1,True,False
CN=C1C(C#N)=C(C#N)c2c(C#N)c(C#N)c(N)n21,N=C1C=Cc2cccn21,N=C1C=Cc2cccn21,True,False
O=C1NC(c2ccc(Cl)cc2)=C2C(=O)OC(c3ccc(Cl)cc3)=C12,O=C1NC(c2ccccc2)=C2C(=O)OC(c3ccccc3)=C12,O=C1NC(c2ccccc2)=C2C(=O)OC(c3ccccc3)=C12,False,True
Cc1ccc(-n2cc(-c3ccc4c(c3)C(C)c3ccccc3-4)nn2)cc1,c1ccc(-n2cc(-c3ccc4c(c3)Cc3ccccc3-4)nn2)cc1,c1ccc(-n2cc(-c3ccc4c(c3)Cc3ccccc3-4)nn2)cc1,False,True
Oc1ccc(C=Cc2cc(O)cc(O)c2)cc1,C(=Cc1ccccc1)c1ccccc1,C(=Cc1ccccc1)c1ccccc1,False,True
c1ccc(-c2ccc(-c3ccccn3)nc2)nc1,c1ccc(-c2ccc(-c3ccccn3)nc2)nc1,c1ccc(-c2ccc(-c3ccccn3)nc2)nc1,False,True
COC(=O)c1cc2ccccc2cc1-c1cc2ccccc2cc1C(=O)N[C@@H]1C[C@@H]2C[C@H]([C@H]1C)C2(C)C,O=C(N[C@H]1C[C@H]2C[C@H](C2)C1)c1cc2ccccc2cc1-c1ccc2ccccc2c1,O=C(N[C@H]1C[C@H]2C[C@H](C2)C1)c1cc2ccccc2cc1-c1ccc2ccccc2c1,True,False
O=CCc1ccccc1,c1ccccc1,c1ccccc1,False,True
CN(C)CCNC(=O)c1cc2nc(-c3ccccc3)sc2c2ccccc12,c1ccc(-c2nc3ccc4ccccc4c3s2)cc1,c1ccc(-c2nc3ccc4ccccc4c3s2)cc1,True,False
c1ccc([Si](c2ccccc2)(c2ccccc2)c2ccc(-c3cccc([Si](c4ccccc4)(c4ccccc4)c4ccccc4)c3)cc2)cc1,c1ccc([Si](c2ccccc2)(c2ccccc2)c2ccc(-c3cccc([Si](c4ccccc4)(c4ccccc4)c4ccccc4)c3)cc2)cc1,c1ccc([Si](c2ccccc2)(c2ccccc2)c2ccc(-c3cccc([Si](c4ccccc4)(c4ccccc4)c4ccccc4)c3)cc2)cc1,True,False
CCn1c2ccccc2c2cc(-c3ccc(-c4ncncc4-c4ccc5c(c4)c4ccccc4n5CC)s3)ccc21,c1ccc2c(c1)[nH]c1ccc(-c3ccc(-c4ncncc4-c4ccc5[nH]c6ccccc6c5c4)s3)cc12,c1ccc2c(c1)[nH]c1ccc(-c3ccc(-c4ncncc4-c4ccc5[nH]c6ccccc6c5c4)s3)cc12,False,True
O=[N+]([O-])c1ccc(N=Nc2nc3ccc([N+](=O)[O-])cc3s2)cc1,c1ccc(N=Nc2nc3ccccc3s2)cc1,c1ccc(N=Nc2nc3ccccc3s2)cc1,False,True
O=C(O)C=Cc1ccccc1[N+](=O)[O-],c1ccccc1,c1ccccc1,False,True
N#Cc1ccccc1C#N,c1ccccc1,c1ccccc1,False,True
NC(=S)NN=Cc1c[nH]c2ccccc12,c1ccc2[nH]ccc2c1,c1ccc2[nH]ccc2c1,True,False
CCn1c2ccccc2c2nc3ccc(C(=O)OC)c(C(=O)OC)c3nc21,c1ccc2nc3c(nc2c1)[nH]c1ccccc13,c1ccc2nc3c(nc2c1)[nH]c1ccccc13,True,False
C=CCOC1CN1c1ccnnn1,c1cc(N2CC2)nnn1,c1cc(N2CC2)nnn1,True,False
O=S1(=O)c2ccccc2C2(c3ccc(N4CCOCC4)cc3Oc3cc(N4CCOCC4)ccc32)N1CCO,O=S1(=O)NC2(c3ccc(N4CCOCC4)cc3Oc3cc(N4CCOCC4)ccc32)c2ccccc21,O=S1(=O)NC2(c3ccc(N4CCOCC4)cc3Oc3cc(N4CCOCC4)ccc32)c2ccccc21,True,False
CCCSC1=C(SCCC)SC(=c2sc3cnc(=C4SC(C(=O)OC)=C(C(=O)OC)S4)c=3s2)S1,C1=CSC(=c2sc3cnc(=C4SC=CS4)c=3s2)S1,C1=CSC(=c2sc3cnc(=C4SC=CS4)c=3s2)S1,True,False
COc1ccc(C(=Cc2ccc(C=C(C#N)c3ccccc3)cc2)c2ccc(OC)cc2)cc1,C(=Cc1ccc(C=C(c2ccccc2)c2ccccc2)cc1)c1ccccc1,C(=Cc1ccc(C=C(c2ccccc2)c2ccccc2)cc1)c1ccccc1,True,False
Oc1cc(O)c2c(c1)O[C@H](c1ccc(O)c(O)c1)[C@H](O)C2,c1ccc([C@@H]2CCc3ccccc3O2)cc1,c1ccc([C@@H]2CCc3ccccc3O2)cc1,True,False
N#CC(=Cc1ccc(-c2ccc(-c3ccc4ccc5cccc6ccc3c4c56)s2)s1)C(=O)O,c1csc(-c2ccc(-c3ccc4ccc5cccc6ccc3c4c56)s2)c1,c1csc(-c2ccc(-c3ccc4ccc5cccc6ccc3c4c56)s2)c1,True,False
C=C(c1[nH]c2ccccc2c1CCNS(=O)(=O)c1ccccc1[N+](=O)[O-])c1cc2ccccc2oc1=O,C=C(c1[nH]c2ccccc2c1CCNS(=O)(=O)c1ccccc1)c1cc2ccccc2oc1=O,C=C(c1[nH]c2ccccc2c1CCNS(=O)(=O)c1ccccc1)c1cc2ccccc2oc1=O,True,False
COc1ccc2nc3[nH]c(=O)c(C#N)cc3cc2c1,O=c1ccc2cc3ccccc3nc2[nH]1,O=c1ccc2cc3ccccc3nc2[nH]1,True,False
Cc1ccc(Cl)cc1,c1ccccc1,c1ccccc1,False,True
O=c1c(O)c(-c2ccc(O)c(O)c2)oc2cc(O)ccc12,O=c1cc(-c2ccccc2)oc2ccccc12,O=c1cc(-c2ccccc2)oc2ccccc12,True,False
c1ccc(-c2cc(-c3ccc(-n4c5ccccc5c5ccccc54)cc3)nc3ccc(-n4c5ccccc5c5ccccc54)cc23)cc1,c1ccc(-c2cc(-c3ccc(-n4c5ccccc5c5ccccc54)cc3)nc3ccc(-n4c5ccccc5c5ccccc54)cc23)cc1,c1ccc(-c2cc(-c3ccc(-n4c5ccccc5c5ccccc54)cc3)nc3ccc(-n4c5ccccc5c5ccccc54)cc23)cc1,True,False
CC1c2ccccc2-c2ccc(-c3sc(-c4cccs4)c4ccccc34)cc21,c1csc(-c2sc(-c3ccc4c(c3)Cc3ccccc3-4)c3ccccc23)c1,c1csc(-c2sc(-c3ccc4c(c3)Cc3ccccc3-4)c3ccccc23)c1,True,False
Clc1ccc(-c2cc(-c3nnc(-c4ccccc4)o3)n(Cc3ccccc3)n2)cc1,c1ccc(Cn2nc(-c3ccccc3)cc2-c2nnc(-c3ccccc3)o2)cc1,c1ccc(Cn2nc(-c3ccccc3)cc2-c2nnc(-c3ccccc3)o2)cc1,True,False
O=C1CCC(c2ccc(N3CCOCC3)cc2)=C1c1ccc(N2CCOCC2)cc1,O=C1CCC(c2ccc(N3CCOCC3)cc2)=C1c1ccc(N2CCOCC2)cc1,O=C1CCC(c2ccc(N3CCOCC3)cc2)=C1c1ccc(N2CCOCC2)cc1,True,False
Cc1nn(C)c2nc3c(F)c(F)c(F)c(F)c3cc12,c1ccc2nc3[nH]ncc3cc2c1,c1ccc2nc3[nH]ncc3cc2c1,True,False
CN1c2ccc([N+](=O)[O-])cc2C(C)(C)C12C=Cc1c(c(-c3nc4ccccc4s3)cc3ccccc13)O2,C1=CC2(Cc3ccccc3N2)Oc2c(-c3nc4ccccc4s3)cc3ccccc3c21,C1=CC2(Cc3ccccc3N2)Oc2c(-c3nc4ccccc4s3)cc3ccccc3c21,True,False
CCCN1c2ccccc2Sc2cc(C=Cc3cc(=O)oc4ccc(C)cc34)ccc21,O=c1cc(C=Cc2ccc3c(c2)Sc2ccccc2N3)c2ccccc2o1,O=c1cc(C=Cc2ccc3c(c2)Sc2ccccc2N3)c2ccccc2o1,False,True
CNC(C)Cc1ccccc1Cl,c1ccccc1,c1ccccc1,False,True
CCC1=C(C)c2cc3[nH]c(c(C)c3CC)c(-c3cc(O)cc(O)c3)c3nc(cc4[nH]c(cc1n2)c(CC)c4C)C(CC)=C3C,C1=Cc2cc3ccc([nH]3)c(-c3ccccc3)c3nc(cc4ccc(cc1n2)[nH]4)C=C3,C1=Cc2cc3ccc([nH]3)c(-c3ccccc3)c3nc(cc4ccc(cc1n2)[nH]4)C=C3,True,False
Cc1ccc(-c2ccc(C(C#N)=Cc3ccc(-c4csc(C=C(C#N)c5ccccc5)c4)cc3)cc2)cc1,C(=Cc1cc(-c2ccc(C=Cc3ccc(-c4ccccc4)cc3)cc2)cs1)c1ccccc1,C(=Cc1cc(-c2ccc(C=Cc3ccc(-c4ccccc4)cc3)cc2)cs1)c1ccccc1,True,False
Cc1ccc(C(=O)Oc2c([N+](=O)[O-])cc([N+](=O)[O-])cc2[N+](=O)[O-])cc1,O=C(Oc1ccccc1)c1ccccc1,O=C(Oc1ccccc1)c1ccccc1,False,True
c1cc(-c2ccc3c4ccccc4c4ccccc4c3c2)cc(-c2cccc3c2sc2ccccc23)c1,c1cc(-c2ccc3c4ccccc4c4ccccc4c3c2)cc(-c2cccc3c2sc2ccccc23)c1,c1cc(-c2ccc3c4ccccc4c4ccccc4c3c2)cc(-c2cccc3c2sc2ccccc23)c1,True,False
C1=C(c2ccccc2)[Si](c2ccccc2)(c2ccccc2)C(c2ccccc2)=C1,C1=C(c2ccccc2)[Si](c2ccccc2)(c2ccccc2)C(c2ccccc2)=C1,C1=C(c2ccccc2)[Si](c2ccccc2)(c2ccccc2)C(c2ccccc2)=C1,True,False
Cc1cc(C)c2ccc(NC(=O)CCl)nc2n1,c1cnc2ncccc2c1,c1cnc2ncccc2c1,True,False
O=[N+]([O-])c1ccc(C=NN=Cc2ccc3ccccc3c2)cc1,C(=NN=Cc1ccc2ccccc2c1)c1ccccc1,C(=NN=Cc1ccc2ccccc2c1)c1ccccc1,True,False
Cc1ccc(N(c2ccc(C=NN(c3ccccc3)c3ccccc3)cc2)c2ccc(C=C3SC(=S)N(CC(=O)O)C3=O)cc2)cc1,O=C1NC(=S)SC1=Cc1ccc(N(c2ccccc2)c2ccc(C=NN(c3ccccc3)c3ccccc3)cc2)cc1,O=C1NC(=S)SC1=Cc1ccc(N(c2ccccc2)c2ccc(C=NN(c3ccccc3)c3ccccc3)cc2)cc1,False,True
CN(C)c1ccc(-c2c(F)c(F)c(-c3ccc(N(C)C)cc3)c(F)c2F)cc1,c1ccc(-c2ccc(-c3ccccc3)cc2)cc1,c1ccc(-c2ccc(-c3ccccc3)cc2)cc1,False,True
COc1ccc(N(c2ccc(C)cc2)c2ccc(C=CC(=O)c3cc(C)sc3C)cc2)cc1,O=C(C=Cc1ccc(N(c2ccccc2)c2ccccc2)cc1)c1ccsc1,O=C(C=Cc1ccc(N(c2ccccc2)c2ccccc2)cc1)c1ccsc1,True,False
CC1=NN(c2ccccc2)C(=O)C1=CC=C1C=CN(CC(O)CO)C=C1,O=C1C(=CC=C2C=CNC=C2)C=NN1c1ccccc1,O=C1C(=CC=C2C=CNC=C2)C=NN1c1ccccc1,True,False
Cc1ccc(-c2sc(-c3ccc4c(c3)c3ccccc3n4-c3ccccc3)c3ccccc23)s1,c1ccc(-n2c3ccccc3c3cc(-c4sc(-c5cccs5)c5ccccc45)ccc32)cc1,c1ccc(-n2c3ccccc3c3cc(-c4sc(-c5cccs5)c5ccccc45)ccc32)cc1,True,False
CN(C)c1ccc(-c2nc(-c3ccccc3)c(-c3ccccc3)n2-c2ccccc2)c2ccccc12,c1ccc(-c2nc(-c3cccc4ccccc34)n(-c3ccccc3)c2-c2ccccc2)cc1,c1ccc(-c2nc(-c3cccc4ccccc34)n(-c3ccccc3)c2-c2ccccc2)cc1,False,True
N#Cc1c(N)sc(N=Nc2ccc([N+](=O)[O-])cc2)c1-c1ccc(Cl)cc1,c1ccc(N=Nc2sccc2-c2ccccc2)cc1,c1ccc(N=Nc2sccc2-c2ccccc2)cc1,True,False
C(=Nc1ccc(Cc2ccc(N=Cc3ccccn3)cc2)cc1)c1ccccn1,C(=Nc1ccc(Cc2ccc(N=Cc3ccccn3)cc2)cc1)c1ccccn1,C(=Nc1ccc(Cc2ccc(N=Cc3ccccn3)cc2)cc1)c1ccccn1,True,False
Nc1c(S(=O)(=O)O)cc2c3c(cc(S(=O)(=O)O)cc13)C(=O)N(NC(=O)NN=Cc1cccc(C=O)c1)C2=O,O=C(NN=Cc1ccccc1)NN1C(=O)c2cccc3cccc(c23)C1=O,O=C(NN=Cc1ccccc1)NN1C(=O)c2cccc3cccc(c23)C1=O,True,False
BrCc1ccccc1CBr,c1ccccc1,c1ccccc1,False,True
CC(=O)OCc1nc2ccc3cc(Br)ccc3c2o1,c1ccc2c(c1)ccc1ncoc12,c1ccc2c(c1)ccc1ncoc12,True,False
CC(C)(C)c1ccc2c(N(c3ccccc3)c3cccc4ccccc34)c3cc(C(C)(C)C)ccc3c(-c3cccs3)c2c1,c1ccc(N(c2cccc3ccccc23)c2c3ccccc3c(-c3cccs3)c3ccccc23)cc1,c1ccc(N(c2cccc3ccccc23)c2c3ccccc3c(-c3cccs3)c3ccccc23)cc1,False,True
Cc1ccc(NC(C2=C(O)C(=O)c3ccccc3C2=O)c2ccc(C)cc2)cc1,O=C1C=C(C(Nc2ccccc2)c2ccccc2)C(=O)c2ccccc21,O=C1C=C(C(Nc2ccccc2)c2ccccc2)C(=O)c2ccccc21,False,True
CCC(C)CN1c2ccccc2Sc2cc(-c3ccc(-c4cc(C)c(C=C(C#N)C(=O)O)s4)c4nsnc34)ccc21,c1csc(-c2ccc(-c3ccc4c(c3)Sc3ccccc3N4)c3nsnc23)c1,c1csc(-c2ccc(-c3ccc4c(c3)Sc3ccccc3N4)c3nsnc23)c1,True,False
COc1ccc(-c2cnc(-c3ccc(-c4nc5ccccc5n4C)cc3)n2C)cc1,c1ccc(-c2cnc(-c3ccc(-c4nc5ccccc5[nH]4)cc3)[nH]2)cc1,c1ccc(-c2cnc(-c3ccc(-c4nc5ccccc5[nH]4)cc3)[nH]2)cc1,True,False
Nc1ccc(S(N)(=O)=O)cc1,c1ccccc1,c1ccccc1,False,True
CC(C)=CCc1c(O)c(CC=C(C)C)c2c(c1O)C(=O)C[C@H](c1ccc(O)cc1O)O2,O=C1C[C@H](c2ccccc2)Oc2ccccc21,O=C1C[C@H](c2ccccc2)Oc2ccccc21,True,False
CCc1c(C)[nH]c(=O)c2c1C(=N)NC2=O,N=C1NC(=O)c2c1cc[nH]c2=O,N=C1NC(=O)c2c1cc[nH]c2=O,True,False
CCCn1cnc2c3c(-c4ccc([N+](=O)[O-])cc4)onc3c([N+](=O)[O-])cc21,c1ccc(-c2onc3ccc4[nH]cnc4c23)cc1,c1ccc(-c2onc3ccc4[nH]cnc4c23)cc1,False,True
CN1C(=O)C2=C(c3ccccc3-c3c4ccccc4cc4ccccc34)N(C)C(=O)C2=C1c1ccccc1-c1c2ccccc2cc2ccccc12,O=C1NC(c2ccccc2-c2c3ccccc3cc3ccccc23)=C2C(=O)NC(c3ccccc3-c3c4ccccc4cc4ccccc34)=C12,O=C1NC(c2ccccc2-c2c3ccccc3cc3ccccc23)=C2C(=O)NC(c3ccccc3-c3c4ccccc4cc4ccccc34)=C12,True,False
Clc1ccc(Nc2nnc(-c3cnccn3)s2)c(Cl)c1,c1ccc(Nc2nnc(-c3cnccn3)s2)cc1,c1ccc(Nc2nnc(-c3cnccn3)s2)cc1,False,True
c1ccc2nccnc2c1,c1ccc2nccnc2c1,c1ccc2nccnc2c1,True,False
CC(C)(C)C1=CC(=CC=Cc2ccncn2)C=C(C(C)(C)C)O1,C(=Cc1ccncn1)C=C1C=COC=C1,C(=Cc1ccncn1)C=C1C=COC=C1,True,False
CCOc1ccccc1N=Nc1ccc(O)c(C=Nc2ccccc2S)c1,C(=Nc1ccccc1)c1cccc(N=Nc2ccccc2)c1,C(=Nc1ccccc1)c1cccc(N=Nc2ccccc2)c1,False,True
C=C(c1ccc2c(ccn2S(=O)(=O)c2ccc(C)cc2)c1)c1[nH]c2ccccc2c1CCNS(=O)(=O)c1ccccc1[N+](=O)[O-],C=C(c1ccc2c(ccn2S(=O)(=O)c2ccccc2)c1)c1[nH]c2ccccc2c1CCNS(=O)(=O)c1ccccc1,C=C(c1ccc2c(ccn2S(=O)(=O)c2ccccc2)c1)c1[nH]c2ccccc2c1CCNS(=O)(=O)c1ccccc1,False,True
COc1ccc(-c2sc(=S)n(O)c2C)cc1,S=c1[nH]cc(-c2ccccc2)s1,S=c1[nH]cc(-c2ccccc2)s1,True,False
CN(C)c1ccc(C=CC2=C(C#N)C(=C(C#N)C#N)OC2(C)C)cc1,C=C1C=C(C=Cc2ccccc2)CO1,C=C1C=C(C=Cc2ccccc2)CO1,True,False
CN(Cc1ccccc1)c1ncnc2c1cc(C=Cc1ccc(C#N)cc1)n2Cc1ccccc1,C(=Cc1cc2c(NCc3ccccc3)ncnc2n1Cc1ccccc1)c1ccccc1,C(=Cc1cc2c(NCc3ccccc3)ncnc2n1Cc1ccccc1)c1ccccc1,False,True
CO[Si](CCCSC(=O)c1ccncc1)(OC)OC,c1ccncc1,c1ccncc1,False,True
COc1ccc(Cn2c(Nc3ccc(I)cc3)nc3cc4c(C)c(C(N)=O)c(=O)oc4cc32)c(OC)c1,O=c1ccc2cc3nc(Nc4ccccc4)n(Cc4ccccc4)c3cc2o1,O=c1ccc2cc3nc(Nc4ccccc4)n(Cc4ccccc4)c3cc2o1,True,False
Fc1ccc(-c2nc3c(c4c2-c2ccccc2CC4)-c2ccccc2CC3)cc1,c1ccc(-c2nc3c(c4c2-c2ccccc2CC4)-c2ccccc2CC3)cc1,c1ccc(-c2nc3c(c4c2-c2ccccc2CC4)-c2ccccc2CC3)cc1,True,False
O=C(ON1C(=O)c2cccc3cccc(c23)C1=S)c1ccco1,O=C(ON1C(=O)c2cccc3cccc(c23)C1=S)c1ccco1,O=C(ON1C(=O)c2cccc3cccc(c23)C1=S)c1ccco1,True,False
Cn1cc(C(=O)c2ccccc2Cc2ccccc2)c(=O)c2cc(F)ccc21,O=C(c1ccccc1Cc1ccccc1)c1c[nH]c2ccccc2c1=O,O=C(c1ccccc1Cc1ccccc1)c1c[nH]c2ccccc2c1=O,True,False
CC(=O)c1ccc2c(c1)C(=O)CC=N2,O=C1CC=Nc2ccccc21,O=C1CC=Nc2ccccc21,False,True
CN(C)c1ccc(-c2nc3c(c4c2-c2ccccc2CC4)-c2ccccc2CC3)cc1,c1ccc(-c2nc3c(c4c2-c2ccccc2CC4)-c2ccccc2CC3)cc1,c1ccc(-c2nc3c(c4c2-c2ccccc2CC4)-c2ccccc2CC3)cc1,True,False
Cc1cc(O)c(C(C)C)cc1O,c1ccccc1,c1ccccc1,False,True
O=Cc1ccc(-c2ccc(C3=CCC(c4ccccc4)CC3)s2)s1,C1=C(c2ccc(-c3cccs3)s2)CCC(c2ccccc2)C1,C1=C(c2ccc(-c3cccs3)s2)CCC(c2ccccc2)C1,True,False
CC(C)n1c(P(c2ccccc2)c2ccccc2)c(P(=S)(c2ccccc2)c2ccccc2)n(C)c1=S,S=c1[nH]c(P(c2ccccc2)c2ccccc2)c(P(=S)(c2ccccc2)c2ccccc2)[nH]1,S=c1[nH]c(P(c2ccccc2)c2ccccc2)c(P(=S)(c2ccccc2)c2ccccc2)[nH]1,True,False
C#Cc1cccc2c(C#Cc3cccc4c(C#Cc5cccc6c(N(C)C)cccc56)cccc34)cccc12,C(#Cc1cccc2c(C#Cc3cccc4ccccc34)cccc12)c1cccc2ccccc12,C(#Cc1cccc2c(C#Cc3cccc4ccccc34)cccc12)c1cccc2ccccc12,False,True
COc1cccc(-c2ccn(C)c2)c1,c1ccc(-c2cc[nH]c2)cc1,c1ccc(-c2cc[nH]c2)cc1,True,False
CC1(C)S[C@@H]2[C@H](NC(=O)[C@@H](N)c3ccccc3)C(=O)N2[C@H]1C(=O)O,O=C(Cc1ccccc1)N[C@@H]1C(=O)N2CCS[C@H]12,O=C(Cc1ccccc1)N[C@@H]1C(=O)N2CCS[C@H]12,True,False
CCOc1nc2nc(-c3ccccc3)ccc2c(-c2ccccc2)c1C#N,c1ccc(-c2ccc3c(-c4ccccc4)ccnc3n2)cc1,c1ccc(-c2ccc3c(-c4ccccc4)ccnc3n2)cc1,False,True
CC1(C)c2ccc[n+]([O-])c2-c2c1ccc[n+]2[O-],c1c[nH+]c2c(c1)Cc1ccc[nH+]c1-2,c1c[nH+]c2c(c1)Cc1ccc[nH+]c1-2,True,False
COc1c2ccccc2c(OC)c2c1c1cc(F)ccc1n2C,c1ccc2cc3c(cc2c1)[nH]c1ccccc13,c1ccc2cc3c(cc2c1)[nH]c1ccccc13,True,False
O=[N+]([O-])c1ccc(-c2nc3c(c4c2-c2ccc(Br)cc2CC4)-c2ccc(Br)cc2CC3)cc1,c1ccc(-c2nc3c(c4c2-c2ccccc2CC4)-c2ccccc2CC3)cc1,c1ccc(-c2nc3c(c4c2-c2ccccc2CC4)-c2ccccc2CC3)cc1,True,False
N#Cc1c(N)sc2c1-c1ccccc1C2=Nc1ccc([N+](=O)[O-])cc1,c1ccc(N=C2c3ccccc3-c3ccsc32)cc1,c1ccc(N=C2c3ccccc3-c3ccsc32)cc1,False,True
Cc1ccc(N(c2ccc(C)cc2)c2ccc(C=Cc3sc(C=C(C#N)C(=O)O)cc3C)cc2)cc1,C(=Cc1cccs1)c1ccc(N(c2ccccc2)c2ccccc2)cc1,C(=Cc1cccs1)c1ccc(N(c2ccccc2)c2ccccc2)cc1,True,False
CCc1nccnc1C(=O)C=Cc1ccc(N(C)C)cc1,O=C(C=Cc1ccccc1)c1cnccn1,O=C(C=Cc1ccccc1)c1cnccn1,True,False
O=[N+]([O-])c1ccc(-c2nnc(-c3ccc(-n4c5ccccc5c5ccccc54)cc3)o2)cc1,c1ccc(-c2nnc(-c3ccc(-n4c5ccccc5c5ccccc54)cc3)o2)cc1,c1ccc(-c2nnc(-c3ccc(-n4c5ccccc5c5ccccc54)cc3)o2)cc1,True,False
CCN(CC)c1ccc(-c2oc3ccccc3c(=O)c2O)cc1,O=c1cc(-c2ccccc2)oc2ccccc12,O=c1cc(-c2ccccc2)oc2ccccc12,True,False
CC(=O)c1cccc([N+]([O-])=Cc2ccc3c(c2)Sc2ccccc2N3C)c1,C(=[NH+]c1ccccc1)c1ccc2c(c1)Sc1ccccc1N2,C(=[NH+]c1ccccc1)c1ccc2c(c1)Sc1ccccc1N2,False,True
c1ccc2c(c1)Cc1nc3nc4ccccc4cc3cc1-2,c1ccc2c(c1)Cc1nc3nc4ccccc4cc3cc1-2,c1ccc2c(c1)Cc1nc3nc4ccccc4cc3cc1-2,True,False
CCN(CC)c1ccc2cc3c(oc2c1)c(C#N)c(=NC1=CC(=S(=O)=O)C(C(=O)O)C=C1)n1c2ccccc2nc31,S=C1C=C(N=c2cc3oc4ccccc4cc3c3nc4ccccc4n23)C=CC1,S=C1C=C(N=c2cc3oc4ccccc4cc3c3nc4ccccc4n23)C=CC1,True,False
O=[N+]([O-])c1ccc(O)c(-c2nc3c(c4c2-c2ccccc2CC4)-c2ccccc2CC3)c1,c1ccc(-c2nc3c(c4c2-c2ccccc2CC4)-c2ccccc2CC3)cc1,c1ccc(-c2nc3c(c4c2-c2ccccc2CC4)-c2ccccc2CC3)cc1,True,False
O=C[C@H](O)[C@@H](O)[C@H](OC(=O)C=Cc1ccc(O)c(O)c1)[C@H](O)CO,c1ccccc1,c1ccccc1,False,True
COc1ccc(C#Cc2c(OC)c(OC)c(C#Cc3ccc(OC)c(OC)c3)c3nsnc23)cc1OC,C(#Cc1ccc(C#Cc2ccccc2)c2nsnc12)c1ccccc1,C(#Cc1ccc(C#Cc2ccccc2)c2nsnc12)c1ccccc1,True,False
CC(C)(C)c1ccc2c(c1)C(=O)C(c1ccc3cccc(N4C(=O)c5ccc(C(C)(C)C)cc5C4=O)c3n1)C2=O,O=C1c2ccccc2C(=O)C1c1ccc2cccc(N3C(=O)c4ccccc4C3=O)c2n1,O=C1c2ccccc2C(=O)C1c1ccc2cccc(N3C(=O)c4ccccc4C3=O)c2n1,True,False
COC(=O)CN1C(=O)c2cccc3c(Nc4cccc(F)c4)ccc(c23)C1=O,O=C1NC(=O)c2ccc(Nc3ccccc3)c3cccc1c23,O=C1NC(=O)c2ccc(Nc3ccccc3)c3cccc1c23,True,False
COc1cccc2cc(C(C)=O)c(=O)oc12,O=c1ccc2ccccc2o1,O=c1ccc2ccccc2o1,False,True
Cc1cn([C@H]2C[C@H](O)[C@@H](C(O)n3cc(CNC(=O)Cc4cc(=O)oc5ccc6ccccc6c45)nn3)O2)c(=O)[nH]c1=O,O=C(Cc1cc(=O)oc2ccc3ccccc3c12)NCc1cn(C[C@@H]2CC[C@H](n3ccc(=O)[nH]c3=O)O2)nn1,O=C(Cc1cc(=O)oc2ccc3ccccc3c12)NCc1cn(C[C@@H]2CC[C@H](n3ccc(=O)[nH]c3=O)O2)nn1,False,True
Clc1cc(Cl)c2[nH]c3c(Cl)cc(Cl)cc3c2c1,c1ccc2c(c1)[nH]c1ccccc12,c1ccc2c(c1)[nH]c1ccccc12,True,False
CCn1c2ccc(N=Nc3nc4ccc([N+](=O)[O-])cc4s3)cc2c2cc(N=Nc3nc4ccc([N+](=O)[O-])cc4s3)ccc21,c1ccc2sc(N=Nc3ccc4[nH]c5ccc(N=Nc6nc7ccccc7s6)cc5c4c3)nc2c1,c1ccc2sc(N=Nc3ccc4[nH]c5ccc(N=Nc6nc7ccccc7s6)cc5c4c3)nc2c1,True,False
O=c1nc2cccccc-2s1,O=c1nc2cccccc-2s1,O=c1nc2cccccc-2s1,True,False
Cc1cccc(O)c1,c1ccccc1,c1ccccc1,False,True
Cc1nn2c(N=Nc3ccccc3)c(-c3ccccc3)[nH]c2c1N=Nc1ccc([N+](=O)[O-])cc1,c1ccc(N=Nc2cnn3c(N=Nc4ccccc4)c(-c4ccccc4)[nH]c23)cc1,c1ccc(N=Nc2cnn3c(N=Nc4ccccc4)c(-c4ccccc4)[nH]c23)cc1,True,False
Cn1c2ccc(-c3ccc(-c4ccccc4)s3)cc2c2cc(-c3ccc(-c4ccccc4)s3)ccc21,c1ccc(-c2ccc(-c3ccc4[nH]c5ccc(-c6ccc(-c7ccccc7)s6)cc5c4c3)s2)cc1,c1ccc(-c2ccc(-c3ccc4[nH]c5ccc(-c6ccc(-c7ccccc7)s6)cc5c4c3)s2)cc1,True,False
c1ccc(-c2cc3nn(-c4ccccc4)cc3c3nc4ccccc4n23)cc1,c1ccc(-c2cc3nn(-c4ccccc4)cc3c3nc4ccccc4n23)cc1,c1ccc(-c2cc3nn(-c4ccccc4)cc3c3nc4ccccc4n23)cc1,True,False
COc1ccc(N(c2ccc(C=C(C#N)C(=O)O)cc2)c2ccc(OC)cc2)cc1,c1ccc(N(c2ccccc2)c2ccccc2)cc1,c1ccc(N(c2ccccc2)c2ccccc2)cc1,True,False
N#CC(=Cc1ccc(-c2ccc(-c3ccc(N(c4ccc(C#Cc5ccccc5)cc4)c4ccc(C#Cc5ccccc5)cc4)cc3)s2)s1)C(=O)O,C(#Cc1ccc(N(c2ccc(C#Cc3ccccc3)cc2)c2ccc(-c3ccc(-c4cccs4)s3)cc2)cc1)c1ccccc1,C(#Cc1ccc(N(c2ccc(C#Cc3ccccc3)cc2)c2ccc(-c3ccc(-c4cccs4)s3)cc2)cc1)c1ccccc1,True,False
COc1ccc2c(CNc3ccccc3)cc(=O)oc2c1,O=c1cc(CNc2ccccc2)c2ccccc2o1,O=c1cc(CNc2ccccc2)c2ccccc2o1,True,False
O=[N+]([O-])c1ccc2nc3cc(Nc4nc5ccc(CCO)cc5s4)ccc3cc2c1,c1ccc2nc3cc(Nc4nc5ccccc5s4)ccc3cc2c1,c1ccc2nc3cc(Nc4nc5ccccc5s4)ccc3cc2c1,True,False
N#Cc1ccc(C2=C3C(=O)NC(c4ccc(C#N)cc4)=C3C(=O)N2)cc1,O=C1NC(c2ccccc2)=C2C(=O)NC(c3ccccc3)=C12,O=C1NC(c2ccccc2)=C2C(=O)NC(c3ccccc3)=C12,True,False
Nc1nc(-c2ccc(NC(=O)c3ccccc3)cc2)c(N=Nc2ccc([N+](=O)[O-])cc2)s1,O=C(Nc1ccc(-c2ncsc2N=Nc2ccccc2)cc1)c1ccccc1,O=C(Nc1ccc(-c2ncsc2N=Nc2ccccc2)cc1)c1ccccc1,True,False
COc1ccc(-c2cc3cc(-c4nnc(-c5ccccc5)o4)ccn3n2)cc1OC,c1ccc(-c2cc3cc(-c4nnc(-c5ccccc5)o4)ccn3n2)cc1,c1ccc(-c2cc3cc(-c4nnc(-c5ccccc5)o4)ccn3n2)cc1,True,False
Nc1c(N=Nc2ccccc2[N+](=O)[O-])c(=O)[nH]c2nc3ccccc3n12,O=c1[nH]c2nc3ccccc3n2cc1N=Nc1ccccc1,O=c1[nH]c2nc3ccccc3n2cc1N=Nc1ccccc1,False,True
O=C1C(=O)c2ccccc2-c2ccccc21,O=C1C(=O)c2ccccc2-c2ccccc21,O=C1C(=O)c2ccccc2-c2ccccc21,True,False
COc1ccc2c(c1)sc(=Nc1sc3ccc(OC)cc3[n+]1CCCS(=O)(=O)[O-])n2C,c1ccc2sc(=Nc3[nH+]c4ccccc4s3)[nH]c2c1,c1ccc2sc(=Nc3[nH+]c4ccccc4s3)[nH]c2c1,True,False
COc1cc(-c2ccc(-c3ccc(N(c4ccccc4)c4ccccc4)cc3)s2)c(OC)cc1C1=CC=C(C=C(C#N)C(=O)O)C1,C1=CCC(c2ccc(-c3ccc(-c4ccc(N(c5ccccc5)c5ccccc5)cc4)s3)cc2)=C1,C1=CCC(c2ccc(-c3ccc(-c4ccc(N(c5ccccc5)c5ccccc5)cc4)s3)cc2)=C1,True,False
CCOc1ccccc1N=Nc1ccc(O)c(C=Nc2ccccc2O)c1,C(=Nc1ccccc1)c1cccc(N=Nc2ccccc2)c1,C(=Nc1ccccc1)c1cccc(N=Nc2ccccc2)c1,False,True
Nc1nc2c(N=Nc3nccs3)c(N)nn2c(N)c1N=Nc1ccccc1Cl,c1ccc(N=Nc2cnc3c(N=Nc4nccs4)cnn3c2)cc1,c1ccc(N=Nc2cnc3c(N=Nc4nccs4)cnn3c2)cc1,False,True
O=C(ON1C(=O)c2cccc3cccc(c23)C1=S)c1ccc(Cl)cc1,O=C(ON1C(=O)c2cccc3cccc(c23)C1=S)c1ccccc1,O=C(ON1C(=O)c2cccc3cccc(c23)C1=S)c1ccccc1,True,False
Nc1ncnc2c1ncn2[C@@H]1O[C@H](COP(=O)(O)OP(=O)(O)OP(=O)(O)O)[C@@H](O)[C@H]1O,c1ncc2ncn([C@H]3CCCO3)c2n1,c1ncc2ncn([C@H]3CCCO3)c2n1,False,True
Cc1ccc2nc(N=Nc3c(N)nn4c(N)c(N=Nc5nc6ccccc6s5)c(N)nc34)sc2c1,c1ccc2sc(N=Nc3cnc4c(N=Nc5nc6ccccc6s5)cnn4c3)nc2c1,c1ccc2sc(N=Nc3cnc4c(N=Nc5nc6ccccc6s5)cnn4c3)nc2c1,True,False
CCN(CC)c1ccc2c(O)c(N=Nc3ccc([N+](=O)[O-])cc3)c(=O)oc2c1,O=c1oc2ccccc2cc1N=Nc1ccccc1,O=c1oc2ccccc2cc1N=Nc1ccccc1,True,False
O=[N+]([O-])c1ccc2nc(-c3ccc(-c4nc5ccc([N+](=O)[O-])cc5o4)nc3)oc2c1,c1ccc2oc(-c3ccc(-c4nc5ccccc5o4)nc3)nc2c1,c1ccc2oc(-c3ccc(-c4nc5ccccc5o4)nc3)nc2c1,False,True
O=C1c2ccccc2-c2ccc(NCCCl)c3cccc1c23,O=C1c2ccccc2-c2cccc3cccc1c23,O=C1c2ccccc2-c2cccc3cccc1c23,True,False
COc1ccc(C=c2oc(=Cc3ccc(N(C)C)cc3)c3ccccc23)cc1,C(c1ccccc1)=c1oc(=Cc2ccccc2)c2ccccc12,C(c1ccccc1)=c1oc(=Cc2ccccc2)c2ccccc12,True,False
Fc1ccccc1C1(c2ccccc2)C=Cc2c(ccc3ccccc23)O1,C1=CC(c2ccccc2)(c2ccccc2)Oc2ccc3ccccc3c21,C1=CC(c2ccccc2)(c2ccccc2)Oc2ccc3ccccc3c21,False,True
Nc1ncnc2c1ncn2[C@@H]1O[C@H](COP(=O)(O)OS(=O)(=O)O)[C@@H](OP(=O)(O)O)[C@H]1O,c1ncc2ncn([C@H]3CCCO3)c2n1,c1ncc2ncn([C@H]3CCCO3)c2n1,False,True
CCC[Si](CCC)(CCC)c1cc2ccc3cccc4ccc(c1C(=O)NC(C)(C)C)c2c34,c1cc2ccc3cccc4ccc(c1)c2c34,c1cc2ccc3cccc4ccc(c1)c2c34,True,False
Cc1sc2ccccc2c1C1=C(c2c(C)sc3ccccc23)C(=O)N(Cc2ccccc2)C1=O,O=C1C(c2csc3ccccc23)=C(c2csc3ccccc23)C(=O)N1Cc1ccccc1,O=C1C(c2csc3ccccc23)=C(c2csc3ccccc23)C(=O)N1Cc1ccccc1,True,False
Cc1ccc2nc(-c3ccc(-c4nc5ccc(C)cc5o4)c4ccccc34)oc2c1,c1ccc2oc(-c3ccc(-c4nc5ccccc5o4)c4ccccc34)nc2c1,c1ccc2oc(-c3ccc(-c4nc5ccccc5o4)c4ccccc34)nc2c1,True,False
S=c1n(-c2ccccc2)cc(P(=S)(c2ccccc2)c2ccccc2)n1-c1ccccc1,S=c1n(-c2ccccc2)cc(P(=S)(c2ccccc2)c2ccccc2)n1-c1ccccc1,S=c1n(-c2ccccc2)cc(P(=S)(c2ccccc2)c2ccccc2)n1-c1ccccc1,False,True
CC(C)n1cc(P(c2ccccc2)c2ccccc2)n(C(C)C)c1=S,S=c1[nH]cc(P(c2ccccc2)c2ccccc2)[nH]1,S=c1[nH]cc(P(c2ccccc2)c2ccccc2)[nH]1,True,False
C[Si](C)(C1=C(c2ccccc2)C(c2ccccc2)=C([Si](C)(C)c2ccccc2)[Si]1(C)c1ccccc1)c1ccccc1,c1ccc([SiH2]C2=C(c3ccccc3)C(c3ccccc3)=C([SiH2]c3ccccc3)[SiH]2c2ccccc2)cc1,c1ccc([SiH2]C2=C(c3ccccc3)C(c3ccccc3)=C([SiH2]c3ccccc3)[SiH]2c2ccccc2)cc1,True,False
CCOC(=O)C1=C(c2ccc3ccccc3c2)NC(=O)C1=NNc1ccccc1O,O=C1NC(c2ccc3ccccc3c2)=CC1=NNc1ccccc1,O=C1NC(c2ccc3ccccc3c2)=CC1=NNc1ccccc1,True,False
CC(=O)CC(=O)c1ccc(-c2nc3ccccc3n2C)o1,c1coc(-c2nc3ccccc3[nH]2)c1,c1coc(-c2nc3ccccc3[nH]2)c1,True,False
Cc1ccc2cc3c4ccc(-c5ccc(-c6ccc(C=C(C#N)C(=O)O)s6)s5)cc4c4ccccc4n3c2c1,c1csc(-c2ccc(-c3ccc4c(c3)c3ccccc3n3c5ccccc5cc43)s2)c1,c1csc(-c2ccc(-c3ccc4c(c3)c3ccccc3n3c5ccccc5cc43)s2)c1,True,False
COc1ccc(-c2cc3c(C#N)c4c5c(oc(=O)c4c(=N)n3[nH]2)-c2ccccc2SC5)cc1,N=c1c2c(=O)oc3c(c2cc2cc(-c4ccccc4)[nH]n12)CSc1ccccc1-3,N=c1c2c(=O)oc3c(c2cc2cc(-c4ccccc4)[nH]n12)CSc1ccccc1-3,False,True
c1cc2c(s1)sc1ccsc12,c1cc2c(s1)sc1ccsc12,c1cc2c(s1)sc1ccsc12,True,False
CCN1c2cc(C#N)n(C#N)c2N=C(C(O)Cc2nc(C#N)c(C#N)nc2Nc2ccc(C)cc2)C1C,c1ccc(Nc2nccnc2CCC2=Nc3[nH]ccc3NC2)cc1,c1ccc(Nc2nccnc2CCC2=Nc3[nH]ccc3NC2)cc1,False,True
O=C(Nc1ccc(Cl)cc1)Nc1ccc(Cl)c(C(F)(F)F)c1,O=C(Nc1ccccc1)Nc1ccccc1,O=C(Nc1ccccc1)Nc1ccccc1,True,False
CCn1c2ccc(-c3cccs3)cc2c2cc(-c3ccc(-c4nc5ccccc5n4-c4ccccc4)s3)ccc21,c1ccc(-n2c(-c3ccc(-c4ccc5[nH]c6ccc(-c7cccs7)cc6c5c4)s3)nc3ccccc32)cc1,c1ccc(-n2c(-c3ccc(-c4ccc5[nH]c6ccc(-c7cccs7)cc6c5c4)s3)nc3ccccc32)cc1,True,False
Nc1ccc2c(C(F)(F)F)cc(=O)oc2c1,O=c1ccc2ccccc2o1,O=c1ccc2ccccc2o1,False,True
O=[N+]([O-])c1ccc(N=Cc2c(O)ccc3ccccc23)c(O)c1,C(=Nc1ccccc1)c1cccc2ccccc12,C(=Nc1ccccc1)c1cccc2ccccc12,True,False
COc1ccc2nc(N=Nc3c(N)nc4c(N=Nc5nccs5)c(N)nn4c3N)sc2c1,c1ccc2sc(N=Nc3cnc4c(N=Nc5nccs5)cnn4c3)nc2c1,c1ccc2sc(N=Nc3cnc4c(N=Nc5nccs5)cnn4c3)nc2c1,True,False
O=c1cc2n(-c3ccccc3)nc(-c3ccccc3)nc-2cc1Nc1ccccc1Nc1ccccc1,O=c1cc2n(-c3ccccc3)nc(-c3ccccc3)nc-2cc1Nc1ccccc1Nc1ccccc1,O=c1cc2n(-c3ccccc3)nc(-c3ccccc3)nc-2cc1Nc1ccccc1Nc1ccccc1,True,False
COC(=O)c1ccccc1C(=O)O,c1ccccc1,c1ccccc1,False,True
O=S(=O)(O)c1ccc(N=Nc2c(-c3ccc(Cl)cc3)nn(-c3ccccc3)c2Nc2nc(Cl)nc(Cl)n2)cc1,c1ccc(N=Nc2c(-c3ccccc3)nn(-c3ccccc3)c2Nc2ncncn2)cc1,c1ccc(N=Nc2c(-c3ccccc3)nn(-c3ccccc3)c2Nc2ncncn2)cc1,True,False
Nc1cccc(N)n1,c1ccncc1,c1ccncc1,False,True
Cc1cc(C2=C(c3cc(C)sc3C)C(=NO)C(=NO)C2)c(C)s1,N=C1CC(c2ccsc2)=C(c2ccsc2)C1=N,N=C1CC(c2ccsc2)=C(c2ccsc2)C1=N,True,False
CCCCn1c2ccccc2c2cc(-c3sc(-c4cccs4)c4ccccc34)ccc21,c1csc(-c2sc(-c3ccc4[nH]c5ccccc5c4c3)c3ccccc23)c1,c1csc(-c2sc(-c3ccc4[nH]c5ccccc5c4c3)c3ccccc23)c1,True,False
N#Cc1ccc2c(c1)c1cc(-c3ccc4c(c3)c3ccccc3n4-c3ccccc3)ccc1n2-c1ccccc1,c1ccc(-n2c3ccccc3c3cc(-c4ccc5c(c4)c4ccccc4n5-c4ccccc4)ccc32)cc1,c1ccc(-n2c3ccccc3c3cc(-c4ccc5c(c4)c4ccccc4n5-c4ccccc4)ccc32)cc1,False,True
CCOC(=O)C=c1sc2n(c1=O)C(c1cccc(Cl)c1)C1=C(N=2)C1=Cc1cccc(Cl)c1,C=c1sc2n(c1=O)C(c1ccccc1)C1=C(N=2)C1=Cc1ccccc1,C=c1sc2n(c1=O)C(c1ccccc1)C1=C(N=2)C1=Cc1ccccc1,True,False
Cc1ccc(C(=O)CC(=O)c2cccc(C(=O)CC(=O)c3ccc(C)cc3)n2)cc1,O=C(CC(=O)c1cccc(C(=O)CC(=O)c2ccccc2)n1)c1ccccc1,O=C(CC(=O)c1cccc(C(=O)CC(=O)c2ccccc2)n1)c1ccccc1,True,False
O=C(O)c1ccc(N=Nc2ccc(O)c3ncccc23)cc1,c1ccc(N=Nc2cccc3ncccc23)cc1,c1ccc(N=Nc2cccc3ncccc23)cc1,True,False
CC(=O)Oc1ccc(N=NC(=NNc2ccccc2)c2ccccc2)cc1,c1ccc(N=NC(=NNc2ccccc2)c2ccccc2)cc1,c1ccc(N=NC(=NNc2ccccc2)c2ccccc2)cc1,True,False
CC(C)(C)c1ccc(C=Cc2sccc2-c2ccsc2C=Cc2ccc(C(C)(C)C)cc2)cc1,C(=Cc1sccc1-c1ccsc1C=Cc1ccccc1)c1ccccc1,C(=Cc1sccc1-c1ccsc1C=Cc1ccccc1)c1ccccc1,True,False
O=C1c2ccccc2C(=O)c2c(N=Nc3cccc4c3C(=O)c3ccccc3C4=O)cccc21,O=C1c2ccccc2C(=O)c2c(N=Nc3cccc4c3C(=O)c3ccccc3C4=O)cccc21,O=C1c2ccccc2C(=O)c2c(N=Nc3cccc4c3C(=O)c3ccccc3C4=O)cccc21,True,False
CN(C)c1cccc2c(C#Cc3cccc4c(C#Cc5cccc6c(C#Cc7cccc8c(N(C)C)cccc78)cccc56)cccc34)cccc12,C(#Cc1cccc2c(C#Cc3cccc4c(C#Cc5cccc6ccccc56)cccc34)cccc12)c1cccc2ccccc12,C(#Cc1cccc2c(C#Cc3cccc4c(C#Cc5cccc6ccccc56)cccc34)cccc12)c1cccc2ccccc12,True,False
Oc1ccc(N=Nn2cc(S)nn2)c2cccnc12,c1cc(N=Nn2ccnn2)c2cccnc2c1,c1cc(N=Nn2ccnn2)c2cccnc2c1,True,False
CC(=O)Nc1ccc(S(=O)(=O)Nc2ccccc2)cc1,O=S(=O)(Nc1ccccc1)c1ccccc1,O=S(=O)(Nc1ccccc1)c1ccccc1,True,False
Clc1ccc2c(c1)nc1c3cn(-c4ccccc4)nc3cc(-c3ccccc3)n21,c1ccc(-c2cc3nn(-c4ccccc4)cc3c3nc4ccccc4n23)cc1,c1ccc(-c2cc3nn(-c4ccccc4)cc3c3nc4ccccc4n23)cc1,True,False
O=C(O)c1ccc(N=Cc2ccccc2)cc1,C(=Nc1ccccc1)c1ccccc1,C(=Nc1ccccc1)c1ccccc1,False,True
COc1ccc(C#Cc2sc(C#Cc3ccc(OC)s3)c([N+](=O)[O-])c2[N+](=O)[O-])s1,C(#Cc1ccc(C#Cc2cccs2)s1)c1cccs1,C(#Cc1ccc(C#Cc2cccs2)s1)c1cccs1,True,False
CC(C)CCOc1cc2nc(C=Cc3ccc(NC=O)cc3)c(C=Cc3ccc(NC=O)cc3)nc2cc1OCCC(C)C,C(=Cc1nc2ccccc2nc1C=Cc1ccccc1)c1ccccc1,C(=Cc1nc2ccccc2nc1C=Cc1ccccc1)c1ccccc1,True,False
C=CCN1C(=O)C(C2(C=Cc3ccccc3)C=CC=CC2c2ccc(N(C)C)cc2)=C(C#N)C1=C(C#N)C#N,C=C1C=C(C2(C=Cc3ccccc3)C=CC=CC2c2ccccc2)C(=O)N1,C=C1C=C(C2(C=Cc3ccccc3)C=CC=CC2c2ccccc2)C(=O)N1,True,False
c1ccc2sccc2c1,c1ccc2sccc2c1,c1ccc2sccc2c1,True,False
c1ccc(-c2ccccc2-c2ccccc2)cc1,c1ccc(-c2ccccc2-c2ccccc2)cc1,c1ccc(-c2ccccc2-c2ccccc2)cc1,True,False
N#CC(=Cc1c2ccccc2cc2ccccc12)c1ccc(N(c2ccccc2)c2ccccc2)cc1,C(=Cc1c2ccccc2cc2ccccc12)c1ccc(N(c2ccccc2)c2ccccc2)cc1,C(=Cc1c2ccccc2cc2ccccc12)c1ccc(N(c2ccccc2)c2ccccc2)cc1,True,False
CC(C)(c1ccc(O)cc1)c1cc(C(=O)O)oc(=O)c1,O=c1cc(Cc2ccccc2)cco1,O=c1cc(Cc2ccccc2)cco1,True,False
Cc1nc2ccccc2c2ccc(NC(=O)NCNC(=O)Nc3ccc4c(c3)c(C)nc3ccccc34)cc12,O=C(NCNC(=O)Nc1ccc2c(cnc3ccccc32)c1)Nc1ccc2c(cnc3ccccc32)c1,O=C(NCNC(=O)Nc1ccc2c(cnc3ccccc32)c1)Nc1ccc2c(cnc3ccccc32)c1,True,False
O=c1oc2ccccc2cc1-c1ccc(-c2ccc(-c3cc4ccccc4oc3=O)cc2)cc1,O=c1oc2ccccc2cc1-c1ccc(-c2ccc(-c3cc4ccccc4oc3=O)cc2)cc1,O=c1oc2ccccc2cc1-c1ccc(-c2ccc(-c3cc4ccccc4oc3=O)cc2)cc1,True,False
O=C1OC(c2ccccc2)=NC1=Cc1ccc(C=Cc2nc3ccccc3[nH]2)cc1,O=C1OC(c2ccccc2)=NC1=Cc1ccc(C=Cc2nc3ccccc3[nH]2)cc1,O=C1OC(c2ccccc2)=NC1=Cc1ccc(C=Cc2nc3ccccc3[nH]2)cc1,True,False
CC(C)(C)C1=CC(=CC=CC=CC=C2c3cc([N+](=O)[O-])cc([N+](=O)[O-])c3-c3c2cc([N+](=O)[O-])cc3[N+](=O)[O-])C=C(C(C)(C)C)O1,C(C=CC=C1c2ccccc2-c2ccccc21)=CC=C1C=COC=C1,C(C=CC=C1c2ccccc2-c2ccccc21)=CC=C1C=COC=C1,True,False
CCOC(=O)c1cc2c(n1Cc1ccc(C)cc1)-c1[nH]c(=O)c(S(=O)(=O)c3ccccc3)cc1CC2,O=c1[nH]c2c(cc1S(=O)(=O)c1ccccc1)CCc1ccn(Cc3ccccc3)c1-2,O=c1[nH]c2c(cc1S(=O)(=O)c1ccccc1)CCc1ccn(Cc3ccccc3)c1-2,True,False
Cc1ccc2nc(-c3ccc(-c4ccc(-c5ccc(-c6nc7ccc(C)cc7[nH]6)cc5)c(C)c4)cc3)[nH]c2c1,c1ccc2[nH]c(-c3ccc(-c4ccc(-c5ccc(-c6nc7ccccc7[nH]6)cc5)cc4)cc3)nc2c1,c1ccc2[nH]c(-c3ccc(-c4ccc(-c5ccc(-c6nc7ccccc7[nH]6)cc5)cc4)cc3)nc2c1,True,False
c1cc(-c2scc3c2OCCO3)ccc1-c1scc2c1OCCO2,c1cc(-c2scc3c2OCCO3)ccc1-c1scc2c1OCCO2,c1cc(-c2scc3c2OCCO3)ccc1-c1scc2c1OCCO2,False,True
O=[N+]([O-])c1ccc(-c2nc3c(c4c2-c2ccccc2CC4)-c2ccccc2CC3)cc1,c1ccc(-c2nc3c(c4c2-c2ccccc2CC4)-c2ccccc2CC3)cc1,c1ccc(-c2nc3c(c4c2-c2ccccc2CC4)-c2ccccc2CC3)cc1,True,False
Clc1ccc(-c2cc(-c3nnc(-c4cccc(Br)c4)o3)n(Cc3ccc(Cl)nc3)n2)cc1,c1ccc(-c2cc(-c3nnc(-c4ccccc4)o3)n(Cc3cccnc3)n2)cc1,c1ccc(-c2cc(-c3nnc(-c4ccccc4)o3)n(Cc3cccnc3)n2)cc1,True,False
Cc1ccc(N=NC(=NNc2ccccc2)c2ccccc2)cc1,c1ccc(N=NC(=NNc2ccccc2)c2ccccc2)cc1,c1ccc(N=NC(=NNc2ccccc2)c2ccccc2)cc1,True,False
CN1C(=CC2=C([O-])C(=Cc3sc4ccccc4[n+]3C)C2=O)Sc2ccccc21,O=C1C(C=C2Nc3ccccc3S2)=CC1=Cc1[nH+]c2ccccc2s1,O=C1C(C=C2Nc3ccccc3S2)=CC1=Cc1[nH+]c2ccccc2s1,False,True
Oc1ccc2ccc3cccc4ccc1c2c34,c1cc2ccc3cccc4ccc(c1)c2c34,c1cc2ccc3cccc4ccc(c1)c2c34,True,False
Cc1ccccc1C=Cc1ccc(C=Cc2ccccc2C)cc1,C(=Cc1ccc(C=Cc2ccccc2)cc1)c1ccccc1,C(=Cc1ccc(C=Cc2ccccc2)cc1)c1ccccc1,True,False
CC(C)c1ccc(C2C3=C(CC(C)(C)CC3=O)Oc3ccc4ccc(OCCCNCCCNc5ccnc6cc(Cl)ccc56)cc4c32)cc1,O=C1CCCC2=C1C(c1ccccc1)c1c(ccc3ccc(OCCCNCCCNc4ccnc5ccccc45)cc13)O2,O=C1CCCC2=C1C(c1ccccc1)c1c(ccc3ccc(OCCCNCCCNc4ccnc5ccccc45)cc13)O2,True,False
C(=Cc1c2ccccc2cc2ccccc12)c1ccccc1,C(=Cc1c2ccccc2cc2ccccc12)c1ccccc1,C(=Cc1c2ccccc2cc2ccccc12)c1ccccc1,True,False
CNC(=S)NN=Cc1c[nH]c2ccccc12,c1ccc2[nH]ccc2c1,c1ccc2[nH]ccc2c1,True,False
Clc1ccc(-c2nc3c(c4c2-c2ccccc2CC4)-c2ccccc2CC3)cc1,c1ccc(-c2nc3c(c4c2-c2ccccc2CC4)-c2ccccc2CC3)cc1,c1ccc(-c2nc3c(c4c2-c2ccccc2CC4)-c2ccccc2CC3)cc1,True,False
Cc1ccc(C=NCCN=Cc2ccc(C)cc2)cc1,C(=NCCN=Cc1ccccc1)c1ccccc1,C(=NCCN=Cc1ccccc1)c1ccccc1,True,False
CN1C(=CC2=C([O-])C(=CC3=[N+](C)c4ccccc4C3(C)C)C2=O)C(C)(C)c2ccccc21,O=C1C(C=C2Cc3ccccc3N2)=CC1=CC1=[NH+]c2ccccc2C1,O=C1C(C=C2Cc3ccccc3N2)=CC1=CC1=[NH+]c2ccccc2C1,True,False
Nc1n[nH]c(N)c1N=Nc1ccc([N+](=O)[O-])cc1,c1ccc(N=Nc2cn[nH]c2)cc1,c1ccc(N=Nc2cn[nH]c2)cc1,True,False
Fc1c(F)c(F)c2nc3c(F)c(F)c(F)c(F)c3nc2c1F,c1ccc2nc3ccccc3nc2c1,c1ccc2nc3ccccc3nc2c1,True,False
BrCCOc1ccc(N=Nc2ccc(Br)cc2)cc1,c1ccc(N=Nc2ccccc2)cc1,c1ccc(N=Nc2ccccc2)cc1,False,True
C[SiH](C)c1cc(-c2ccccc2)c2ccc3c([SiH](C)C)cc(-c4ccccc4)c4ccc1c2c43,c1ccc(-c2ccc3ccc4c(-c5ccccc5)ccc5ccc2c3c54)cc1,c1ccc(-c2ccc3ccc4c(-c5ccccc5)ccc5ccc2c3c54)cc1,False,True
Cc1ccc(CNS(=O)(=O)c2ccc(S(N)(=O)=O)s2)cc1,O=S(=O)(NCc1ccccc1)c1cccs1,O=S(=O)(NCc1ccccc1)c1cccs1,True,False
Cc1ccc2cccnc2c1O,c1ccc2ncccc2c1,c1ccc2ncccc2c1,False,True
N#Cc1ccc(-c2nc3c(c4c2-c2ccc(Br)cc2CC4)-c2ccc(Br)cc2CC3)cc1,c1ccc(-c2nc3c(c4c2-c2ccccc2CC4)-c2ccccc2CC3)cc1,c1ccc(-c2nc3c(c4c2-c2ccccc2CC4)-c2ccccc2CC3)cc1,True,False
O=S(=O)(c1cccc(N2N=C(c3ccco3)CC2c2ccccc2)c1)c1cccc(N2N=C(c3ccco3)CC2c2ccccc2)c1,O=S(=O)(c1cccc(N2N=C(c3ccco3)CC2c2ccccc2)c1)c1cccc(N2N=C(c3ccco3)CC2c2ccccc2)c1,O=S(=O)(c1cccc(N2N=C(c3ccco3)CC2c2ccccc2)c1)c1cccc(N2N=C(c3ccco3)CC2c2ccccc2)c1,True,False
O=[N+]([O-])c1ccc(N=Nc2ccc(O)cc2)cc1,c1ccc(N=Nc2ccccc2)cc1,c1ccc(N=Nc2ccccc2)cc1,False,True
O=c1[nH]c2c(cc1S(=O)(=O)c1ccccc1)CCc1cc[nH]c1-2,O=c1[nH]c2c(cc1S(=O)(=O)c1ccccc1)CCc1cc[nH]c1-2,O=c1[nH]c2c(cc1S(=O)(=O)c1ccccc1)CCc1cc[nH]c1-2,True,False
CCn1c2nc(-c3ccccc3)nc(=O)c-2[n+]([O-])c2cc(C)ccc21,O=c1nc(-c2ccccc2)nc2[nH]c3ccccc3[nH+]c1-2,O=c1nc(-c2ccccc2)nc2[nH]c3ccccc3[nH+]c1-2,True,False
CN(C)c1ccc(C=CC=C2N=C(c3ccccc3)OC2=O)cc1,O=C1OC(c2ccccc2)=NC1=CC=Cc1ccccc1,O=C1OC(c2ccccc2)=NC1=CC=Cc1ccccc1,True,False
Nc1cccc([N+](=O)[O-])c1,c1ccccc1,c1ccccc1,False,True
Nc1nc(=O)c2nc(CNc3ccc(C(=O)O)cc3)cnc2[nH]1,O=c1nc[nH]c2ncc(CNc3ccccc3)nc12,O=c1nc[nH]c2ncc(CNc3ccccc3)nc12,True,False
O=c1ccc2cc(N=Cc3ccc(O)cc3)ccc2o1,O=c1ccc2cc(N=Cc3ccccc3)ccc2o1,O=c1ccc2cc(N=Cc3ccccc3)ccc2o1,False,True
COc1ccc(C2(C)c3cc(C#C[Si](C)(C)C)ccc3-c3ccc(C#C[Si](C)(C)C)cc32)cc1,c1ccc(C2c3ccccc3-c3ccccc32)cc1,c1ccc(C2c3ccccc3-c3ccccc32)cc1,True,False
Clc1ccc(-c2ccc3cc4ccccc4nc3n2)cc1,c1ccc(-c2ccc3cc4ccccc4nc3n2)cc1,c1ccc(-c2ccc3cc4ccccc4nc3n2)cc1,True,False
CC(C)N1CCC(NC(=O)c2cc3ccccc3n2CC(=O)Nc2ccc(Cl)cc2)CC1,O=C(Cn1c(C(=O)NC2CCNCC2)cc2ccccc21)Nc1ccccc1,O=C(Cn1c(C(=O)NC2CCNCC2)cc2ccccc21)Nc1ccccc1,True,False
Cn1cc(P(=O)(c2ccccc2)c2ccccc2)n(C)c1=S,O=P(c1ccccc1)(c1ccccc1)c1c[nH]c(=S)[nH]1,O=P(c1ccccc1)(c1ccccc1)c1c[nH]c(=S)[nH]1,True,False
Cn1c(C=Cc2ccccc2)nc(C#N)c1C#N,C(=Cc1ncc[nH]1)c1ccccc1,C(=Cc1ncc[nH]1)c1ccccc1,True,False
C1=CC(c2ccccc2)(c2ccccc2)Oc2cc(N3CCOCC3)c3ccccc3c21,C1=CC(c2ccccc2)(c2ccccc2)Oc2cc(N3CCOCC3)c3ccccc3c21,C1=CC(c2ccccc2)(c2ccccc2)Oc2cc(N3CCOCC3)c3ccccc3c21,True,False
Cc1c(C(N)=O)c(=O)oc2cc3c(cc12)nc(Nc1cccc2ccccc12)n3CCN1CCOCC1,O=c1ccc2cc3nc(Nc4cccc5ccccc45)n(CCN4CCOCC4)c3cc2o1,O=c1ccc2cc3nc(Nc4cccc5ccccc45)n(CCN4CCOCC4)c3cc2o1,True,False
Oc1ccc(Cl)cc1,c1ccccc1,c1ccccc1,False,True
CO[Si](CCCSC(=O)c1cccs1)(OC)OC,c1ccsc1,c1ccsc1,True,False
CCC1(CC)c2cc(C=C(C#N)C#N)ccc2-c2ccc(N(c3ccccc3)c3ccccc3)cc21,c1ccc(N(c2ccccc2)c2ccc3c(c2)Cc2ccccc2-3)cc1,c1ccc(N(c2ccccc2)c2ccc3c(c2)Cc2ccccc2-3)cc1,True,False
O=S1(=O)N(Cc2ccccc2)[C@H](COc2ccccc2)[C@H](O)[C@@H](O)[C@@H](COc2ccccc2)N1Cc1ccccc1,O=S1(=O)N(Cc2ccccc2)[C@H](COc2ccccc2)CC[C@@H](COc2ccccc2)N1Cc1ccccc1,O=S1(=O)N(Cc2ccccc2)[C@H](COc2ccccc2)CC[C@@H](COc2ccccc2)N1Cc1ccccc1,True,False
Cc1cc(C2=C(c3ccccc3)CCC2=O)c(C)s1,O=C1CCC(c2ccccc2)=C1c1ccsc1,O=C1CCC(c2ccccc2)=C1c1ccsc1,True,False
S=c1[nH]c2ccccc2o1,S=c1[nH]c2ccccc2o1,S=c1[nH]c2ccccc2o1,True,False
O=c1c(O)c(-c2ccccc2)oc2ccccc12,O=c1cc(-c2ccccc2)oc2ccccc12,O=c1cc(-c2ccccc2)oc2ccccc12,True,False
c1ccc(P(CCP(c2ccccc2)c2ccccc2)c2ccccc2)cc1,c1ccc(P(CCP(c2ccccc2)c2ccccc2)c2ccccc2)cc1,c1ccc(P(CCP(c2ccccc2)c2ccccc2)c2ccccc2)cc1,True,False
CC(=O)Nc1ccc(N=Nc2nc3ccc([N+](=O)[O-])cc3s2)cc1,c1ccc(N=Nc2nc3ccccc3s2)cc1,c1ccc(N=Nc2nc3ccccc3s2)cc1,False,True
Cc1ccc(C=C(C#N)c2ccc(N(c3ccccc3)c3ccccc3)cc2)cc1,C(=Cc1ccc(N(c2ccccc2)c2ccccc2)cc1)c1ccccc1,C(=Cc1ccc(N(c2ccccc2)c2ccccc2)cc1)c1ccccc1,False,True
Oc1ccc(N=Nc2cccnc2)c2cccnc12,c1cncc(N=Nc2cccc3ncccc23)c1,c1cncc(N=Nc2cccc3ncccc23)c1,False,True
C(=Cc1ccncn1)C=C1C=C(c2ccccc2)OC(c2ccccc2)=C1,C(=Cc1ccncn1)C=C1C=C(c2ccccc2)OC(c2ccccc2)=C1,C(=Cc1ccncn1)C=C1C=C(c2ccccc2)OC(c2ccccc2)=C1,True,False
CC1(C)c2ccccc2-c2cc3c(C#Cc4ccccc4)c4ccccc4c(C#Cc4ccccc4)c3cc21,C(#Cc1c2ccccc2c(C#Cc2ccccc2)c2cc3c(cc12)Cc1ccccc1-3)c1ccccc1,C(#Cc1c2ccccc2c(C#Cc2ccccc2)c2cc3c(cc12)Cc1ccccc1-3)c1ccccc1,True,False
CCN(CC)c1ccc(-c2nc3ccc(-n4nc5ccc6cccc(S(=O)(=O)O)c6c5n4)cc3[nH]2)c(O)c1,c1ccc(-c2nc3ccc(-n4nc5ccc6ccccc6c5n4)cc3[nH]2)cc1,c1ccc(-c2nc3ccc(-n4nc5ccc6ccccc6c5n4)cc3[nH]2)cc1,True,False
Nc1ccc2ncccc2c1,c1ccc2ncccc2c1,c1ccc2ncccc2c1,False,True
Cc1ccc(-c2nc3cc4c(CCl)cc(=O)oc4cc3o2)cc1N,O=c1ccc2cc3nc(-c4ccccc4)oc3cc2o1,O=c1ccc2cc3nc(-c4ccccc4)oc3cc2o1,True,False
Cc1sc(=S)n(O)c1C,S=c1[nH]ccs1,S=c1[nH]ccs1,True,False
Nc1nc2c(N=Nc3ccc(Cl)cc3)c(N)nn2c(N)c1N=Nc1ccc([N+](=O)[O-])cc1,c1ccc(N=Nc2cnc3c(N=Nc4ccccc4)cnn3c2)cc1,c1ccc(N=Nc2cnc3c(N=Nc4ccccc4)cnn3c2)cc1,False,True
NS(=O)(=O)c1ccc(-n2cccc2)cc1N1CCOCCOCCOCCOCC1,c1cc(N2CCOCCOCCOCCOCC2)cc(-n2cccc2)c1,c1cc(N2CCOCCOCCOCCOCC2)cc(-n2cccc2)c1,True,False
COc1c2ccccc2c(OC)c2c1c1ccc(F)cc1n2C,c1ccc2cc3c(cc2c1)[nH]c1ccccc13,c1ccc2cc3c(cc2c1)[nH]c1ccccc13,True,False
COc1ccccc1-c1nc(-c2ccccc2)c2ccccn12,c1ccc(-c2nc(-c3ccccc3)n3ccccc23)cc1,c1ccc(-c2nc(-c3ccccc3)n3ccccc23)cc1,False,True
CCOC(=O)C1C(=O)C=C(c2ccco2)CC1c1ccccc1OC,O=C1C=C(c2ccco2)CC(c2ccccc2)C1,O=C1C=C(c2ccco2)CC(c2ccccc2)C1,False,True
Cc1ccc(-c2nnc(-c3cc(-c4ccc(Cl)cc4)nn3Cc3ccc(C(C)(C)C)cc3)o2)cc1,c1ccc(Cn2nc(-c3ccccc3)cc2-c2nnc(-c3ccccc3)o2)cc1,c1ccc(Cn2nc(-c3ccccc3)cc2-c2nnc(-c3ccccc3)o2)cc1,True,False
CN(C)c1ccc(C=C(C#N)c2ccc(F)cc2)cc1,C(=Cc1ccccc1)c1ccccc1,C(=Cc1ccccc1)c1ccccc1,False,True
CC(=O)C=NNc1snc2ccc([N+](=O)[O-])cc12,c1ccc2nscc2c1,c1ccc2nscc2c1,True,False
O=C1CN=C(c2ccccc2Cl)c2cc(Cl)ccc2N1,O=C1CN=C(c2ccccc2)c2ccccc2N1,O=C1CN=C(c2ccccc2)c2ccccc2N1,True,False
O=C1c2ccccc2C(=O)C1c1ccc2cccc(N3C(=O)c4ccccc4C3=O)c2n1,O=C1c2ccccc2C(=O)C1c1ccc2cccc(N3C(=O)c4ccccc4C3=O)c2n1,O=C1c2ccccc2C(=O)C1c1ccc2cccc(N3C(=O)c4ccccc4C3=O)c2n1,True,False
Cc1nccnc1C(=O)C=Cc1ccc(Br)cc1,O=C(C=Cc1ccccc1)c1cnccn1,O=C(C=Cc1ccccc1)c1cnccn1,True,False
c1ccc(-c2nc(-c3ccccc3)c3ccn(-c4ccccc4)c3n2)cc1,c1ccc(-c2nc(-c3ccccc3)c3ccn(-c4ccccc4)c3n2)cc1,c1ccc(-c2nc(-c3ccccc3)c3ccn(-c4ccccc4)c3n2)cc1,False,True
C=CCN1c2ccc(OC)cc2C(C)(C)C12C=Cc1c(c(-c3nc(-c4ccccc4)c(-c4ccccc4)o3)cc3cc(OC)ccc13)O2,C1=CC2(Cc3ccccc3N2)Oc2c(-c3nc(-c4ccccc4)c(-c4ccccc4)o3)cc3ccccc3c21,C1=CC2(Cc3ccccc3N2)Oc2c(-c3nc(-c4ccccc4)c(-c4ccccc4)o3)cc3ccccc3c21,True,False
Cc1ccc(N(c2ccc(C)cc2)c2ccc3c(c2)C(C)c2cc(-c4ccc(C=C(C#N)C(=O)O)cc4)ccc2-3)cc1,c1ccc(-c2ccc3c(c2)Cc2cc(N(c4ccccc4)c4ccccc4)ccc2-3)cc1,c1ccc(-c2ccc3c(c2)Cc2cc(N(c4ccccc4)c4ccccc4)ccc2-3)cc1,True,False
COc1ccc(N(c2ccc(OC)cc2)c2ccc(-c3ccc(C=C(C#N)C#N)cc3)cc2)cc1,c1ccc(-c2ccc(N(c3ccccc3)c3ccccc3)cc2)cc1,c1ccc(-c2ccc(N(c3ccccc3)c3ccccc3)cc2)cc1,True,False
CSc1ccc2c3c(cccc13)C1=NC(=O)C(C#N)=C12,O=C1C=C2C(=N1)c1cccc3cccc2c13,O=C1C=C2C(=N1)c1cccc3cccc2c13,True,False
O=C(c1ccccc1)[C@@H]1O[C@H]1c1ccc([N+](=O)[O-])cc1,O=C(c1ccccc1)[C@@H]1O[C@H]1c1ccccc1,O=C(c1ccccc1)[C@@H]1O[C@H]1c1ccccc1,True,False
CN(C)c1ccc(C=CC=CC=C(C#N)C(=O)NC(CO)(CO)CO)cc1,c1ccccc1,c1ccccc1,False,True
C#Cc1ccc2c(c1)C(=O)c1cc(C(C)=O)ccc1-2,O=C1c2ccccc2-c2ccccc21,O=C1c2ccccc2-c2ccccc21,True,False
COc1ccc(-c2sc(-c3cccs3)c3cc4ccccc4cc23)cc1,c1ccc(-c2sc(-c3cccs3)c3cc4ccccc4cc23)cc1,c1ccc(-c2sc(-c3cccs3)c3cc4ccccc4cc23)cc1,True,False
Cc1ccc2c(N=Nc3ccc([N+](=O)[O-])cc3)ccc(OC(=O)c3ccccc3)c2n1,O=C(Oc1ccc(N=Nc2ccccc2)c2cccnc12)c1ccccc1,O=C(Oc1ccc(N=Nc2ccccc2)c2cccnc12)c1ccccc1,True,False
CC1=CC(C)=[N+]2C1=C(C(=O)NCNc1c3ccccc3nc3c1oc1ccc(OCCN(C)C)cc13)c1c(C)cc(C)n1[B-]2(F)F,O=C(NCNc1c2ccccc2nc2c1oc1ccccc12)C1=C2C=CC=[N+]2[BH2-]n2cccc21,O=C(NCNc1c2ccccc2nc2c1oc1ccccc12)C1=C2C=CC=[N+]2[BH2-]n2cccc21,True,False
COc1ccccc1OCC(O)COC(=O)c1cccnc1,O=C(OCCCOc1ccccc1)c1cccnc1,O=C(OCCCOc1ccccc1)c1cccnc1,False,True
Nc1nc2c(N=Nc3ccc([N+](=O)[O-])cc3)c(N)nn2c(N)c1N=Nc1ccc([N+](=O)[O-])cc1,c1ccc(N=Nc2cnc3c(N=Nc4ccccc4)cnn3c2)cc1,c1ccc(N=Nc2cnc3c(N=Nc4ccccc4)cnn3c2)cc1,False,True
O=[N+]([O-])c1ccc(C#Cc2ccc(-n3c4ccccc4c4ccccc43)cc2)cc1,C(#Cc1ccc(-n2c3ccccc3c3ccccc32)cc1)c1ccccc1,C(#Cc1ccc(-n2c3ccccc3c3ccccc32)cc1)c1ccccc1,True,False
COCCNc1ncnc2c1nc(C=Cc1ccc(C#N)cc1)n2Cc1ccccc1,C(=Cc1nc2cncnc2n1Cc1ccccc1)c1ccccc1,C(=Cc1nc2cncnc2n1Cc1ccccc1)c1ccccc1,False,True
CCN(CC)c1ccc(N=Nc2nc3ccccc3s2)c(O)c1,c1ccc(N=Nc2nc3ccccc3s2)cc1,c1ccc(N=Nc2nc3ccccc3s2)cc1,False,True
CN(C)c1ccc(-c2nc3cc4c(CCl)cc(=O)oc4cc3o2)cc1,O=c1ccc2cc3nc(-c4ccccc4)oc3cc2o1,O=c1ccc2cc3nc(-c4ccccc4)oc3cc2o1,True,False
c1ccc2c(-c3ccc(-n4c5ccccc5c5ccccc54)cc3)cc(-c3ccc(-n4c5ccccc5c5ccccc54)cc3)nc2c1,c1ccc2c(-c3ccc(-n4c5ccccc5c5ccccc54)cc3)cc(-c3ccc(-n4c5ccccc5c5ccccc54)cc3)nc2c1,c1ccc2c(-c3ccc(-n4c5ccccc5c5ccccc54)cc3)cc(-c3ccc(-n4c5ccccc5c5ccccc54)cc3)nc2c1,True,False
C(=Cc1ccnc(-n2ccnc2)n1)c1ccc(N(c2ccccc2)c2ccccc2)cc1,C(=Cc1ccnc(-n2ccnc2)n1)c1ccc(N(c2ccccc2)c2ccccc2)cc1,C(=Cc1ccnc(-n2ccnc2)n1)c1ccc(N(c2ccccc2)c2ccccc2)cc1,True,False
CCCOc1c(C=C(c2ccccc2)c2ccccc2)cc2c3ccccc3n(CCC)c2c1C=C(c1ccccc1)c1ccccc1,C(=C(c1ccccc1)c1ccccc1)c1cc(C=C(c2ccccc2)c2ccccc2)c2[nH]c3ccccc3c2c1,C(=C(c1ccccc1)c1ccccc1)c1cc(C=C(c2ccccc2)c2ccccc2)c2[nH]c3ccccc3c2c1,True,False
CN1C=CC=CC1=CC=C1C=C(Cl)c2cccnc2C1=O,O=C1C(=CC=C2C=CC=CN2)C=Cc2cccnc21,O=C1C(=CC=C2C=CC=CN2)C=Cc2cccnc21,True,False
Cc1nc2c(-c3ccc(N(c4ccccc4)c4ccccc4)cc3)ccc(-c3ccc(C=C(C#N)C(=O)O)s3)c2s1,c1ccc(N(c2ccccc2)c2ccc(-c3ccc(-c4cccs4)c4scnc34)cc2)cc1,c1ccc(N(c2ccccc2)c2ccc(-c3ccc(-c4cccs4)c4scnc34)cc2)cc1,True,False
Cc1ccc(N=NC(=NNc2ccccc2)c2ccc([N+](=O)[O-])cc2)cc1,c1ccc(N=NC(=NNc2ccccc2)c2ccccc2)cc1,c1ccc(N=NC(=NNc2ccccc2)c2ccccc2)cc1,True,False
N#Cc1c(N)nc(N)c(C#N)c1-c1ccccc1Cl,c1ccc(-c2ccncc2)cc1,c1ccc(-c2ccncc2)cc1,True,False
Cn1c2ccccc2c2cc(C(c3ccc(-n4c5ccccc5c5ccccc54)cc3)c3ccc4c(c3)c3ccccc3n4C)ccc21,c1ccc2c(c1)[nH]c1ccc(C(c3ccc(-n4c5ccccc5c5ccccc54)cc3)c3ccc4[nH]c5ccccc5c4c3)cc12,c1ccc2c(c1)[nH]c1ccc(C(c3ccc(-n4c5ccccc5c5ccccc54)cc3)c3ccc4[nH]c5ccccc5c4c3)cc12,False,True
COc1ccc(-c2cnc(-c3ccc(-c4nc5ccc(C=O)cc5s4)cc3)n2C)cc1,c1ccc(-c2cnc(-c3ccc(-c4nc5ccccc5s4)cc3)[nH]2)cc1,c1ccc(-c2cnc(-c3ccc(-c4nc5ccccc5s4)cc3)[nH]2)cc1,True,False
c1ccc(P(CP(c2ccccc2)c2ccccc2)c2ccccc2)cc1,c1ccc(P(CP(c2ccccc2)c2ccccc2)c2ccccc2)cc1,c1ccc(P(CP(c2ccccc2)c2ccccc2)c2ccccc2)cc1,True,False
O=[N+]([O-])c1ccc(C=Cc2c3ccccc3nc3ccccc23)cc1,C(=Cc1c2ccccc2nc2ccccc12)c1ccccc1,C(=Cc1c2ccccc2nc2ccccc12)c1ccccc1,True,False
O=C(Oc1c([N+](=O)[O-])cc([N+](=O)[O-])cc1[N+](=O)[O-])c1ccccc1,O=C(Oc1ccccc1)c1ccccc1,O=C(Oc1ccccc1)c1ccccc1,False,True
Cc1c(-c2ccccc2)sc(=S)n1O,S=c1[nH]cc(-c2ccccc2)s1,S=c1[nH]cc(-c2ccccc2)s1,True,False
C(#Cc1ccc(-n2c3ccccc3c3ccccc32)cc1)c1ccc(-n2c3ccccc3c3ccccc32)cc1,C(#Cc1ccc(-n2c3ccccc3c3ccccc32)cc1)c1ccc(-n2c3ccccc3c3ccccc32)cc1,C(#Cc1ccc(-n2c3ccccc3c3ccccc32)cc1)c1ccc(-n2c3ccccc3c3ccccc32)cc1,True,False
N#CC(C#N)c1cccs1,c1ccsc1,c1ccsc1,True,False
O=C1OC(OCc2ccccc2)C(Nc2ccc(Cl)cc2)=C1Br,O=C1C=C(Nc2ccccc2)C(OCc2ccccc2)O1,O=C1C=C(Nc2ccccc2)C(OCc2ccccc2)O1,False,True
N#CC(=Cc1cccc2ccccc12)c1ccc(N(c2ccccc2)c2ccc3ccccc3c2)cc1,C(=Cc1cccc2ccccc12)c1ccc(N(c2ccccc2)c2ccc3ccccc3c2)cc1,C(=Cc1cccc2ccccc12)c1ccc(N(c2ccccc2)c2ccc3ccccc3c2)cc1,True,False
CC(C)n1cc(P(=S)(c2ccccc2)c2ccccc2)n(C)c1=S,S=c1[nH]cc(P(=S)(c2ccccc2)c2ccccc2)[nH]1,S=c1[nH]cc(P(=S)(c2ccccc2)c2ccccc2)[nH]1,True,False
Cc1ccc(C#Cc2ccc(N(C)C)cc2)cc1,C(#Cc1ccccc1)c1ccccc1,C(#Cc1ccccc1)c1ccccc1,True,False
CCc1cc(N(CC)CC)ccc1C=C1CCC(=Cc2ccc(N(C)C)cc2)C1=O,O=C1C(=Cc2ccccc2)CCC1=Cc1ccccc1,O=C1C(=Cc2ccccc2)CCC1=Cc1ccccc1,True,False
c1ccc2[nH]c(-c3ccncc3)nc2c1,c1ccc2[nH]c(-c3ccncc3)nc2c1,c1ccc2[nH]c(-c3ccncc3)nc2c1,True,False
CCCn1c(N=Nc2nc3ccc(C)cc3s2)ccc1-c1cccs1,c1csc(-c2ccc(N=Nc3nc4ccccc4s3)[nH]2)c1,c1csc(-c2ccc(N=Nc3nc4ccccc4s3)[nH]2)c1,True,False
c1ccc(-n2c(-c3ccc(-c4cccnc4)cc3)nc3c4ccccc4c4ccccc4c32)cc1,c1ccc(-n2c(-c3ccc(-c4cccnc4)cc3)nc3c4ccccc4c4ccccc4c32)cc1,c1ccc(-n2c(-c3ccc(-c4cccnc4)cc3)nc3c4ccccc4c4ccccc4c32)cc1,True,False
c1ccc(-c2ccccc2)cc1,c1ccc(-c2ccccc2)cc1,c1ccc(-c2ccccc2)cc1,True,False
Cc1cccc(-c2nc3c4cccnc4c4ncccc4c3[nH]2)n1,c1ccc(-c2nc3c4cccnc4c4ncccc4c3[nH]2)nc1,c1ccc(-c2nc3c4cccnc4c4ncccc4c3[nH]2)nc1,False,True
CC1(C)c2cc(-c3ccccc3)cc(-c3ccccc3)c2N2CC(=O)NC21C,O=C1CN2c3c(cc(-c4ccccc4)cc3-c3ccccc3)CC2N1,O=C1CN2c3c(cc(-c4ccccc4)cc3-c3ccccc3)CC2N1,True,False
C=C(C)C(O)Cc1c(O)cc2oc3ccc(O)cc3c(=O)c2c1O,O=c1c2ccccc2oc2ccccc12,O=c1c2ccccc2oc2ccccc12,True,False
Oc1ccc2ccccc2c1-c1nc2c(c3c1-c1ccccc1CC3)-c1ccccc1CC2,c1ccc2c(c1)CCc1nc(-c3cccc4ccccc34)c3c(c1-2)CCc1ccccc1-3,c1ccc2c(c1)CCc1nc(-c3cccc4ccccc34)c3c(c1-2)CCc1ccccc1-3,True,False
Cn1c2ccccc2c2cc(-c3cccc4c3Oc3c(-c5ccc6c(c5)c5ccccc5n6C)cccc3C4(C)C)ccc21,c1cc2c(c(-c3ccc4[nH]c5ccccc5c4c3)c1)Oc1c(cccc1-c1ccc3[nH]c4ccccc4c3c1)C2,c1cc2c(c(-c3ccc4[nH]c5ccccc5c4c3)c1)Oc1c(cccc1-c1ccc3[nH]c4ccccc4c3c1)C2,True,False
COC(=O)c1ccc(OS(N)(=O)=O)cc1,c1ccccc1,c1ccccc1,False,True
Nc1ccc2cc3ccccc3cc2c1,c1ccc2cc3ccccc3cc2c1,c1ccc2cc3ccccc3cc2c1,False,True
COc1ccc(-n2c(N=Nc3ccc4ncsc4c3)ccc2-c2cccs2)cc1,c1ccc(-n2c(N=Nc3ccc4ncsc4c3)ccc2-c2cccs2)cc1,c1ccc(-n2c(N=Nc3ccc4ncsc4c3)ccc2-c2cccs2)cc1,True,False
CCCN1c2ccccc2Sc2cc(C=Cc3cc(=O)oc4cc(C)ccc34)ccc21,O=c1cc(C=Cc2ccc3c(c2)Sc2ccccc2N3)c2ccccc2o1,O=c1cc(C=Cc2ccc3c(c2)Sc2ccccc2N3)c2ccccc2o1,False,True
COc1cc2ccccc2cc1C=Cc1cc2ccccc2c2c1OC1(C=N2)N(C)c2ccccc2C1(C)C,C(=Cc1cc2ccccc2c2c1OC1(C=N2)Cc2ccccc2N1)c1ccc2ccccc2c1,C(=Cc1cc2ccccc2c2c1OC1(C=N2)Cc2ccccc2N1)c1ccc2ccccc2c1,True,False
Cn1ccc(-c2ccc(C(F)(F)F)cc2)c1,c1ccc(-c2cc[nH]c2)cc1,c1ccc(-c2cc[nH]c2)cc1,True,False
c1ccc(-c2nc3c(c4c2-c2ccccc2CC4)-c2ccccc2CC3)cc1,c1ccc(-c2nc3c(c4c2-c2ccccc2CC4)-c2ccccc2CC3)cc1,c1ccc(-c2nc3c(c4c2-c2ccccc2CC4)-c2ccccc2CC3)cc1,True,False
CC1CC=C(c2ccc(-c3cccs3)s2)CC1,C1=C(c2ccc(-c3cccs3)s2)CCCC1,C1=C(c2ccc(-c3cccs3)s2)CCCC1,False,True
CC1=NC(=Cc2ccc(O)cc2)C(=O)N1C,O=C1NC=NC1=Cc1ccccc1,O=C1NC=NC1=Cc1ccccc1,True,False
Cc1cc(C2=C(c3cc(C)sc3C)C3=C(c4cc(C)sc4C)C(=O)CC3C2)c(C)s1,O=C1CC2CC(c3ccsc3)=C(c3ccsc3)C2=C1c1ccsc1,O=C1CC2CC(c3ccsc3)=C(c3ccsc3)C2=C1c1ccsc1,True,False
Cc1ccc(C=c2oc(=Cc3ccc(N(C)C)cc3)c3ccccc23)cc1,C(c1ccccc1)=c1oc(=Cc2ccccc2)c2ccccc12,C(c1ccccc1)=c1oc(=Cc2ccccc2)c2ccccc12,True,False
ClC(Cl)(Cl)C(c1ccccc1)c1ccccc1,c1ccc(Cc2ccccc2)cc1,c1ccc(Cc2ccccc2)cc1,False,True
N#CC(=Cc1cc(-c2ccc(C=C(C#N)c3ccc(-c4ccc5ccccc5c4)cc3)cc2)cs1)c1ccccc1,C(=Cc1cc(-c2ccc(C=Cc3ccc(-c4ccc5ccccc5c4)cc3)cc2)cs1)c1ccccc1,C(=Cc1cc(-c2ccc(C=Cc3ccc(-c4ccc5ccccc5c4)cc3)cc2)cs1)c1ccccc1,True,False
COC(=O)[C@H](Cc1ccc2oc(-c3ccc(C)cc3)nc2c1)NC(=O)OC(C)(C)C,c1ccc(-c2nc3ccccc3o2)cc1,c1ccc(-c2nc3ccccc3o2)cc1,True,False
COc1ccc(-c2cc3c(C#N)c4c5c(oc(=O)c4c(=N)n3[nH]2)-c2ccccc2CC5)cc1,N=c1c2c(=O)oc3c(c2cc2cc(-c4ccccc4)[nH]n12)CCc1ccccc1-3,N=c1c2c(=O)oc3c(c2cc2cc(-c4ccccc4)[nH]n12)CCc1ccccc1-3,True,False
c1ccc(-c2cc(-c3ccccc3)cc(-c3nnc(-c4cc(-c5ccccc5)cc(-c5ccccc5)c4)o3)c2)cc1,c1ccc(-c2cc(-c3ccccc3)cc(-c3nnc(-c4cc(-c5ccccc5)cc(-c5ccccc5)c4)o3)c2)cc1,c1ccc(-c2cc(-c3ccccc3)cc(-c3nnc(-c4cc(-c5ccccc5)cc(-c5ccccc5)c4)o3)c2)cc1,True,False
c1ccc2cc3cc4cc5ccccc5cc4cc3cc2c1,c1ccc2cc3cc4cc5ccccc5cc4cc3cc2c1,c1ccc2cc3cc4cc5ccccc5cc4cc3cc2c1,True,False
O=C1c2ccccc2C(=C2SC(CBr)=C(CBr)S2)c2ccccc21,O=C1c2ccccc2C(=C2SC=CS2)c2ccccc21,O=C1c2ccccc2C(=C2SC=CS2)c2ccccc21,True,False
c1ccc(-n2ccc3c(-c4ccc(-n5c6ccccc6c6ccccc65)cc4)nc(-c4ccc(-n5c6ccccc6c6ccccc65)cc4)nc32)cc1,c1ccc(-n2ccc3c(-c4ccc(-n5c6ccccc6c6ccccc65)cc4)nc(-c4ccc(-n5c6ccccc6c6ccccc65)cc4)nc32)cc1,c1ccc(-n2ccc3c(-c4ccc(-n5c6ccccc6c6ccccc65)cc4)nc(-c4ccc(-n5c6ccccc6c6ccccc65)cc4)nc32)cc1,True,False
C(c1ccccc1)=c1oc(=Cc2ccc(N3CCCCC3)cc2)c2ccccc12,C(c1ccccc1)=c1oc(=Cc2ccc(N3CCCCC3)cc2)c2ccccc12,C(c1ccccc1)=c1oc(=Cc2ccc(N3CCCCC3)cc2)c2ccccc12,True,False
Cc1ccccc1Cl,c1ccccc1,c1ccccc1,False,True
COc1ccc2ccc3occ(CC(=O)O)c3c2c1,c1ccc2c(c1)ccc1occc12,c1ccc2c(c1)ccc1occc12,True,False
CSc1ccc(C=c2oc(=Cc3ccccc3)c3ccccc23)cc1,C(c1ccccc1)=c1oc(=Cc2ccccc2)c2ccccc12,C(c1ccccc1)=c1oc(=Cc2ccccc2)c2ccccc12,True,False
Cc1nc2c(-c3ccc(C=C(C#N)C(=O)O)s3)ccc(-c3ccc(-c4ccc(N(c5ccccc5)c5ccccc5)cc4)s3)c2nc1C,c1ccc(N(c2ccccc2)c2ccc(-c3ccc(-c4ccc(-c5cccs5)c5nccnc45)s3)cc2)cc1,c1ccc(N(c2ccccc2)c2ccc(-c3ccc(-c4ccc(-c5cccs5)c5nccnc45)s3)cc2)cc1,True,False
Cc1ccc(C2=C3C(=O)N(C)C(c4ccc(-c5ccc(C6=C7C(=O)N(C)C(c8ccc(C)s8)=C7C(=O)N6C)s5)s4)=C3C(=O)N2C)s1,O=C1NC(c2ccc(-c3ccc(C4=C5C(=O)NC(c6cccs6)=C5C(=O)N4)s3)s2)=C2C(=O)NC(c3cccs3)=C12,O=C1NC(c2ccc(-c3ccc(C4=C5C(=O)NC(c6cccs6)=C5C(=O)N4)s3)s2)=C2C(=O)NC(c3cccs3)=C12,True,False
CCCCOc1c(C#N)c(-c2ccccc2)c(OC)c(C#N)c1-c1ccccc1,c1ccc(-c2ccc(-c3ccccc3)cc2)cc1,c1ccc(-c2ccc(-c3ccccc3)cc2)cc1,False,True
Cn1c2ccccc2c2cc(C=C(C#N)c3ccc(C=C(C#N)C(=O)O)s3)ccc21,C(=Cc1cccs1)c1ccc2[nH]c3ccccc3c2c1,C(=Cc1cccs1)c1ccc2[nH]c3ccccc3c2c1,True,False
COc1ccc(C#Cc2ccc(N(c3ccc(C#Cc4ccc(OC)nn4)cc3)c3ccc(C#Cc4ccc(OC)nn4)cc3)cc2)nn1,C(#Cc1cccnn1)c1ccc(N(c2ccc(C#Cc3cccnn3)cc2)c2ccc(C#Cc3cccnn3)cc2)cc1,C(#Cc1cccnn1)c1ccc(N(c2ccc(C#Cc3cccnn3)cc2)c2ccc(C#Cc3cccnn3)cc2)cc1,True,False
Nc1ccc2nc3c(nc2c1)-c1cccc2cccc-3c12,c1cc2c3c(cccc3c1)-c1nc3ccccc3nc1-2,c1cc2c3c(cccc3c1)-c1nc3ccccc3nc1-2,True,False
COc1ccc(C(=Cc2ccc(C#N)cc2)c2ccc(OC)cc2)cc1,C(=C(c1ccccc1)c1ccccc1)c1ccccc1,C(=C(c1ccccc1)c1ccccc1)c1ccccc1,True,False
CCN(CC)c1ccc2cc(C=CC(=O)c3c(O)c4ccc(N(CC)CC)cc4oc3=O)c(=O)oc2c1,O=C(C=Cc1cc2ccccc2oc1=O)c1cc2ccccc2oc1=O,O=C(C=Cc1cc2ccccc2oc1=O)c1cc2ccccc2oc1=O,False,True
COc1ccc(C=Cc2nc3c(=O)[nH]c(N)nc3n2C2OC(CO)C(O)C2O)cc1,O=c1[nH]cnc2c1nc(C=Cc1ccccc1)n2C1CCCO1,O=c1[nH]cnc2c1nc(C=Cc1ccccc1)n2C1CCCO1,True,False
FC(F)(F)c1nn(-c2ccccc2)c2nc3ccc(Cl)cc3cc12,c1ccc(-n2ncc3cc4ccccc4nc32)cc1,c1ccc(-n2ncc3cc4ccccc4nc32)cc1,True,False
COc1cc(F)c2[nH]cc(CCN)c2c1,c1ccc2[nH]ccc2c1,c1ccc2[nH]ccc2c1,True,False
COc1ccc(-c2ccc3c(c2)Sc2cc(-c4ccc(C=C(C#N)C(=O)O)o4)ccc2N3c2ccc(OC)cc2)cc1,c1ccc(-c2ccc3c(c2)Sc2cc(-c4ccco4)ccc2N3c2ccccc2)cc1,c1ccc(-c2ccc3c(c2)Sc2cc(-c4ccco4)ccc2N3c2ccccc2)cc1,True,False
Clc1ccc(Cn2c(-c3ccccc3)nc(-c3ccco3)c2-c2ccco2)cc1,c1ccc(Cn2c(-c3ccccc3)nc(-c3ccco3)c2-c2ccco2)cc1,c1ccc(Cn2c(-c3ccccc3)nc(-c3ccco3)c2-c2ccco2)cc1,True,False
CC1(C)C2CC[C@]1(C)C(=Nc1ccc([N+](=O)[O-])cc1)C2,c1ccc(N=C2CC3CCC2C3)cc1,c1ccc(N=C2CC3CCC2C3)cc1,True,False
COc1ccc([C@@H](C)NCNC(c2ccccc2)c2ccccc2)cc1OC,c1ccc(CNCNC(c2ccccc2)c2ccccc2)cc1,c1ccc(CNCNC(c2ccccc2)c2ccccc2)cc1,True,False
Cc1ccc2c(C=Cc3ccc4c(c3)c3ccccc3n4C)cc(=O)oc2c1,O=c1cc(C=Cc2ccc3[nH]c4ccccc4c3c2)c2ccccc2o1,O=c1cc(C=Cc2ccc3[nH]c4ccccc4c3c2)c2ccccc2o1,True,False
CN1c2ccccc2C(C)(C)C12C=Nc1c(c(C=Cc3ccc4c5c(ccc4c3)OC(c3ccccc3)(c3ccccc3)C=C5)cc3ccccc13)O2,C(=Cc1cc2ccccc2c2c1OC1(C=N2)Cc2ccccc2N1)c1ccc2c3c(ccc2c1)OC(c1ccccc1)(c1ccccc1)C=C3,C(=Cc1cc2ccccc2c2c1OC1(C=N2)Cc2ccccc2N1)c1ccc2c3c(ccc2c1)OC(c1ccccc1)(c1ccccc1)C=C3,False,True
Cc1cccc(-c2nc3c4ccccc4c4ccccc4c3o2)n1,c1ccc(-c2nc3c4ccccc4c4ccccc4c3o2)nc1,c1ccc(-c2nc3c4ccccc4c4ccccc4c3o2)nc1,True,False
O=C(O)c1ccc(-c2cccs2)s1,c1csc(-c2cccs2)c1,c1csc(-c2cccs2)c1,True,False
CN=C1CN(O)C(c2ccccc2)=c2cc(Cl)ccc2=N1,N=C1CNC(c2ccccc2)=c2ccccc2=N1,N=C1CNC(c2ccccc2)=c2ccccc2=N1,False,True
CN(C)c1ccc(C=Nc2ccc3oc(=O)ccc3c2)cc1,O=c1ccc2cc(N=Cc3ccccc3)ccc2o1,O=c1ccc2cc(N=Cc3ccccc3)ccc2o1,False,True
Cc1ccc(C#Cc2cccc(-c3cccc(C#Cc4ccc(C)s4)n3)n2)s1,C(#Cc1cccs1)c1cccc(-c2cccc(C#Cc3cccs3)n2)n1,C(#Cc1cccs1)c1cccc(-c2cccc(C#Cc3cccs3)n2)n1,True,False
O=C1C(O)=C(C(Nc2nc3ccccc3[nH]2)c2ccccc2)C(=O)c2ccccc21,O=C1C=C(C(Nc2nc3ccccc3[nH]2)c2ccccc2)C(=O)c2ccccc21,O=C1C=C(C(Nc2nc3ccccc3[nH]2)c2ccccc2)C(=O)c2ccccc21,True,False
Nc1n[nH]c(N)c1N=Nc1ccc(Cl)cc1,c1ccc(N=Nc2cn[nH]c2)cc1,c1ccc(N=Nc2cn[nH]c2)cc1,True,False
C(=Cc1cnccn1)c1ccc(N(Cc2ccccn2)Cc2ccccn2)cc1,C(=Cc1cnccn1)c1ccc(N(Cc2ccccn2)Cc2ccccn2)cc1,C(=Cc1cnccn1)c1ccc(N(Cc2ccccn2)Cc2ccccn2)cc1,True,False
COc1ccc(-c2ccc(C3=C4C(=O)N(C(=O)OC(C)(C)C)C(c5ccc(-c6ccc(OC)cc6)cc5)=C4C(=O)N3C(=O)OC(C)(C)C)cc2)cc1,O=C1NC(c2ccc(-c3ccccc3)cc2)=C2C(=O)NC(c3ccc(-c4ccccc4)cc3)=C12,O=C1NC(c2ccc(-c3ccccc3)cc2)=C2C(=O)NC(c3ccc(-c4ccccc4)cc3)=C12,True,False
Fc1c(C#Cc2ccccc2)c(F)c(C#Cc2ccccc2)c(C#Cc2ccccc2)c1C#Cc1ccccc1,C(#Cc1cc(C#Cc2ccccc2)c(C#Cc2ccccc2)c(C#Cc2ccccc2)c1)c1ccccc1,C(#Cc1cc(C#Cc2ccccc2)c(C#Cc2ccccc2)c(C#Cc2ccccc2)c1)c1ccccc1,True,False
C[Si](C)(O)c1ccc2ccc3c([Si](C)(C)O)ccc4ccc1c2c43,c1cc2ccc3cccc4ccc(c1)c2c34,c1cc2ccc3cccc4ccc(c1)c2c34,True,False
C=CCN1c2ccccc2C(C)(C)C12C=Cc1c(c(-c3nc(-c4ccccc4)c(-c4ccccc4)o3)cc3ccccc13)O2,C1=CC2(Cc3ccccc3N2)Oc2c(-c3nc(-c4ccccc4)c(-c4ccccc4)o3)cc3ccccc3c21,C1=CC2(Cc3ccccc3N2)Oc2c(-c3nc(-c4ccccc4)c(-c4ccccc4)o3)cc3ccccc3c21,True,False
Nc1ccnc(=O)[nH]1,O=c1nccc[nH]1,O=c1nccc[nH]1,True,False
C[S@](=O)c1ccc(-c2nc(-c3ccc(F)cc3)c(-c3ccncc3)[nH]2)cc1,c1ccc(-c2nc(-c3ccccc3)c(-c3ccncc3)[nH]2)cc1,c1ccc(-c2nc(-c3ccccc3)c(-c3ccncc3)[nH]2)cc1,True,False
Nc1nc(=O)n([C@H]2C[C@H](O)[C@@H](CO)O2)cc1-c1ccco1,O=c1ncc(-c2ccco2)cn1[C@H]1CCCO1,O=c1ncc(-c2ccco2)cn1[C@H]1CCCO1,True,False
O=C1C=CC=C2C1=Cc1ccccc12,O=C1C=CC=C2C1=Cc1ccccc12,O=C1C=CC=C2C1=Cc1ccccc12,False,True
CCOc1c(F)c(F)c(C2=C(C)C(=O)n3c2cc2c(C)cc(C)n2c3=O)c(F)c1F,O=C1C=C(c2ccccc2)c2cc3cccn3c(=O)n21,O=C1C=C(c2ccccc2)c2cc3cccn3c(=O)n21,True,False
CC(=O)C(=NNc1cccnc1)C(C)=O,c1ccncc1,c1ccncc1,False,True
CCOC(=O)C1=C(c2ccccc2)N(C)C(=O)C1=Cc1ccc(-c2ccccc2)cc1,O=C1NC(c2ccccc2)=CC1=Cc1ccc(-c2ccccc2)cc1,O=C1NC(c2ccccc2)=CC1=Cc1ccc(-c2ccccc2)cc1,True,False
COc1ccc(N=Nc2ccc(O)c3ncccc23)cc1,c1ccc(N=Nc2cccc3ncccc23)cc1,c1ccc(N=Nc2cccc3ncccc23)cc1,True,False
COc1ccc2c(COc3c(C)cccc3C)cc(=O)oc2c1,O=c1cc(COc2ccccc2)c2ccccc2o1,O=c1cc(COc2ccccc2)c2ccccc2o1,True,False
CN(C)c1ccc(C=Cc2ccn3cc(-c4ccccc4)nc3c2)cc1,C(=Cc1ccn2cc(-c3ccccc3)nc2c1)c1ccccc1,C(=Cc1ccn2cc(-c3ccccc3)nc2c1)c1ccccc1,False,True
C(=NNc1ncnc2nc[nH]c12)c1ccccc1,C(=NNc1ncnc2nc[nH]c12)c1ccccc1,C(=NNc1ncnc2nc[nH]c12)c1ccccc1,True,False
c1ccc(-c2c3ccccc3c(-c3cccc(-c4c5ccccc5c(-c5ccccc5)c5ccccc45)c3)c3ccccc23)cc1,c1ccc(-c2c3ccccc3c(-c3cccc(-c4c5ccccc5c(-c5ccccc5)c5ccccc45)c3)c3ccccc23)cc1,c1ccc(-c2c3ccccc3c(-c3cccc(-c4c5ccccc5c(-c5ccccc5)c5ccccc45)c3)c3ccccc23)cc1,True,False
Cc1cc(=O)[nH]c(C(=NNc2ccc(Cl)cc2)C(=O)c2ccccc2)n1,O=C(C(=NNc1ccccc1)c1nccc(=O)[nH]1)c1ccccc1,O=C(C(=NNc1ccccc1)c1nccc(=O)[nH]1)c1ccccc1,False,True
CCOC(=O)c1cc2cc3ccccc3nc2nc1C,c1ccc2nc3ncccc3cc2c1,c1ccc2nc3ncccc3cc2c1,True,False
Cc1cc(=O)oc2cc3[nH]c(C=Cc4ccccc4)nc3cc12,O=c1ccc2cc3nc(C=Cc4ccccc4)[nH]c3cc2o1,O=c1ccc2cc3nc(C=Cc4ccccc4)[nH]c3cc2o1,True,False
CC1=NN(c2ccccc2)C(=O)C1=Cc1cn(Cc2ccccc2)c2ccccc12,O=C1C(=Cc2cn(Cc3ccccc3)c3ccccc23)C=NN1c1ccccc1,O=C1C(=Cc2cn(Cc3ccccc3)c3ccccc23)C=NN1c1ccccc1,False,True
CSc1cn(N=Nc2ccc(O)c3ncccc23)nn1,c1cc(N=Nn2ccnn2)c2cccnc2c1,c1cc(N=Nn2ccnn2)c2cccnc2c1,True,False
C=Cc1ccc(C=Cc2sc3cc(-c4nc5ccccc5s4)sc3c2C)cc1,C(=Cc1cc2sc(-c3nc4ccccc4s3)cc2s1)c1ccccc1,C(=Cc1cc2sc(-c3nc4ccccc4s3)cc2s1)c1ccccc1,True,False
c1ccc(CN[C@@H]2CCCC[C@H]2NCc2ccccn2)nc1,c1ccc(CN[C@@H]2CCCC[C@H]2NCc2ccccn2)nc1,c1ccc(CN[C@@H]2CCCC[C@H]2NCc2ccccn2)nc1,True,False
O=C1C[C@@H](c2ccc(O)cc2)Oc2cc(O)cc(O)c21,O=C1C[C@@H](c2ccccc2)Oc2ccccc21,O=C1C[C@@H](c2ccccc2)Oc2ccccc21,True,False
CN(C)c1cccc2c(C#Cc3ccc(C#Cc4cccc5c(N(C)C)cccc45)cc3)cccc12,C(#Cc1cccc2ccccc12)c1ccc(C#Cc2cccc3ccccc23)cc1,C(#Cc1cccc2ccccc12)c1ccc(C#Cc2cccc3ccccc23)cc1,True,False
Cc1cccc2cc3c(=O)nc(-c4ccccc4)nc-3n(C)c12,O=c1nc(-c2ccccc2)nc2[nH]c3ccccc3cc1-2,O=c1nc(-c2ccccc2)nc2[nH]c3ccccc3cc1-2,True,False
c1ccc(-c2ccc(-c3cccs3)cn2)nc1,c1ccc(-c2ccc(-c3cccs3)cn2)nc1,c1ccc(-c2ccc(-c3cccs3)cn2)nc1,True,False
O=Cc1ccccc1Cl,c1ccccc1,c1ccccc1,False,True
CC1(C)c2ccccc2-c2cc3c(C#Cc4ccc(C(F)(F)F)cc4)c4ccccc4c(C#Cc4ccc(C(F)(F)F)cc4)c3cc21,C(#Cc1c2ccccc2c(C#Cc2ccccc2)c2cc3c(cc12)Cc1ccccc1-3)c1ccccc1,C(#Cc1c2ccccc2c(C#Cc2ccccc2)c2cc3c(cc12)Cc1ccccc1-3)c1ccccc1,True,False
Nc1ccc(Nc2nc(N3CCOCC3)nc(N3CCOCC3)n2)cc1,c1ccc(Nc2nc(N3CCOCC3)nc(N3CCOCC3)n2)cc1,c1ccc(Nc2nc(N3CCOCC3)nc(N3CCOCC3)n2)cc1,True,False
N#CC(=Cc1cc(-c2ccc(N(c3ccccc3)c3ccccc3)cc2)c(-c2ccc(N(c3ccccc3)c3ccccc3)cc2)s1)C(=O)O,c1ccc(N(c2ccccc2)c2ccc(-c3ccsc3-c3ccc(N(c4ccccc4)c4ccccc4)cc3)cc2)cc1,c1ccc(N(c2ccccc2)c2ccc(-c3ccsc3-c3ccc(N(c4ccccc4)c4ccccc4)cc3)cc2)cc1,True,False
Cc1ccnc2c1ccc1c(C)ccnc12,c1cnc2c(c1)ccc1cccnc12,c1cnc2c(c1)ccc1cccnc12,False,True
CCOP(=O)(OCC)c1ccc(C2(c3ccccc3)C=Cc3c(ccc4ccccc34)O2)cc1,C1=CC(c2ccccc2)(c2ccccc2)Oc2ccc3ccccc3c21,C1=CC(c2ccccc2)(c2ccccc2)Oc2ccc3ccccc3c21,False,True
Cc1cc2sc(-c3ccc4cc5ccccc5cc4c3)cc2s1,c1ccc2cc3cc(-c4cc5sccc5s4)ccc3cc2c1,c1ccc2cc3cc(-c4cc5sccc5s4)ccc3cc2c1,True,False
Cn1ccc2ncnc(Oc3ccc(NC(=O)Nc4ccccc4)cc3)c21,O=C(Nc1ccccc1)Nc1ccc(Oc2ncnc3cc[nH]c23)cc1,O=C(Nc1ccccc1)Nc1ccc(Oc2ncnc3cc[nH]c23)cc1,True,False
CN(C)c1ccc(C2=C3C(=O)NC(c4ccc(N(C)C)cc4)=C3C(=O)N2)cc1,O=C1NC(c2ccccc2)=C2C(=O)NC(c3ccccc3)=C12,O=C1NC(c2ccccc2)=C2C(=O)NC(c3ccccc3)=C12,True,False
Cc1ccccc1N=Nc1c(N)n2c(nc3ccccc32)[nH]c1=O,O=c1[nH]c2nc3ccccc3n2cc1N=Nc1ccccc1,O=c1[nH]c2nc3ccccc3n2cc1N=Nc1ccccc1,False,True
Cc1c(-c2ccc3c(c2)c2ccccc2n3-c2ccccc2)cccc1-c1nc(-c2ccccc2)nc(-c2ccccc2)n1,c1ccc(-c2nc(-c3ccccc3)nc(-c3cccc(-c4ccc5c(c4)c4ccccc4n5-c4ccccc4)c3)n2)cc1,c1ccc(-c2nc(-c3ccccc3)nc(-c3cccc(-c4ccc5c(c4)c4ccccc4n5-c4ccccc4)c3)n2)cc1,True,False
CC(C)(C)c1ccc(Cn2nc(-c3ccc(Cl)cc3)cc2-c2nnc(-c3cccc(Br)c3)o2)cc1,c1ccc(Cn2nc(-c3ccccc3)cc2-c2nnc(-c3ccccc3)o2)cc1,c1ccc(Cn2nc(-c3ccccc3)cc2-c2nnc(-c3ccccc3)o2)cc1,True,False
CCCN1C(=O)C2=C(c3ccc(Br)s3)N(CC(C)C)C(=O)C2=C1c1cccs1,O=C1NC(c2cccs2)=C2C(=O)NC(c3cccs3)=C12,O=C1NC(c2cccs2)=C2C(=O)NC(c3cccs3)=C12,True,False
COc1ccc(C2CC(=O)C(=O)C3=CC=CC4=CN=C5SC(C)=NN5C432)cc1O,O=C1CC(c2ccccc2)C23C(=CN=C4SC=NN42)C=CC=C3C1=O,O=C1CC(c2ccccc2)C23C(=CN=C4SC=NN42)C=CC=C3C1=O,False,True
C#CCNC(=O)c1cc(C(=O)c2ccccc2)n2ccc(-c3ccncc3)cc12,O=C(c1ccccc1)c1ccc2cc(-c3ccncc3)ccn12,O=C(c1ccccc1)c1ccc2cc(-c3ccncc3)ccn12,True,False
Cc1ccc(-c2cc(-c3nnc(-c4ccn5c(C)nc(Cl)c5c4)o3)n(Cc3ccc([N+](=O)[O-])cc3)n2)cc1,c1ccc(Cn2nc(-c3ccccc3)cc2-c2nnc(-c3ccn4cncc4c3)o2)cc1,c1ccc(Cn2nc(-c3ccccc3)cc2-c2nnc(-c3ccn4cncc4c3)o2)cc1,True,False
CC(=O)c1sc(-c2sc(C=O)c(C#N)c2C#N)c(C#N)c1C#N,c1csc(-c2cccs2)c1,c1csc(-c2cccs2)c1,True,False
C=CCn1c(-c2ccco2)nc(-c2ccco2)c1-c1ccco1,c1coc(-c2nc(-c3ccco3)c(-c3ccco3)[nH]2)c1,c1coc(-c2nc(-c3ccco3)c(-c3ccco3)[nH]2)c1,True,False
Cc1ccc2oc(=O)cc(C=Cc3ccc4c(c3)Sc3ccccc3N4C)c2c1,O=c1cc(C=Cc2ccc3c(c2)Sc2ccccc2N3)c2ccccc2o1,O=c1cc(C=Cc2ccc3c(c2)Sc2ccccc2N3)c2ccccc2o1,False,True
Cc1ccc(-c2nnc(-c3cc(-c4ccc(Cl)cc4)nn3Cc3ccc(Cl)nc3)o2)cc1,c1ccc(-c2cc(-c3nnc(-c4ccccc4)o3)n(Cc3cccnc3)n2)cc1,c1ccc(-c2cc(-c3nnc(-c4ccccc4)o3)n(Cc3cccnc3)n2)cc1,True,False
CCOC(=O)C1=C(c2ccc3ccccc3c2)NC(=O)C1=NNc1ccc(O)cc1,O=C1NC(c2ccc3ccccc3c2)=CC1=NNc1ccccc1,O=C1NC(c2ccc3ccccc3c2)=CC1=NNc1ccccc1,True,False
COc1cc(-c2ccc(NC(=O)C(CC(C)C)N3C(=O)c4cccc5c(NCCSc6ccccc6)ccc(c45)C3=O)c(OC)c2)ccc1N,O=C(CN1C(=O)c2cccc3c(NCCSc4ccccc4)ccc(c23)C1=O)Nc1ccc(-c2ccccc2)cc1,O=C(CN1C(=O)c2cccc3c(NCCSc4ccccc4)ccc(c23)C1=O)Nc1ccc(-c2ccccc2)cc1,True,False
Cc1nc(Cl)c2cc(-c3nnc(-c4cc(-c5ccccc5)nn4Cc4ccc(F)cc4)o3)ccn12,c1ccc(Cn2nc(-c3ccccc3)cc2-c2nnc(-c3ccn4cncc4c3)o2)cc1,c1ccc(Cn2nc(-c3ccccc3)cc2-c2nnc(-c3ccn4cncc4c3)o2)cc1,True,False
Oc1cccc2ccc(-c3nc4ccccc4[nH]3)nc12,c1ccc2nc(-c3nc4ccccc4[nH]3)ccc2c1,c1ccc2nc(-c3nc4ccccc4[nH]3)ccc2c1,False,True
O=C(Cc1ccccc1)OCc1ccc2c3cccc4cccc(c5cccc1c52)c43,O=C(Cc1ccccc1)OCc1ccc2c3cccc4cccc(c5cccc1c52)c43,O=C(Cc1ccccc1)OCc1ccc2c3cccc4cccc(c5cccc1c52)c43,True,False
Cc1c(-c2nnc(C=Cc3ccccc3)o2)sc2sc(-c3nnc(C=Cc4ccccc4)o3)c(C)c12,C(=Cc1nnc(-c2cc3cc(-c4nnc(C=Cc5ccccc5)o4)sc3s2)o1)c1ccccc1,C(=Cc1nnc(-c2cc3cc(-c4nnc(C=Cc5ccccc5)o4)sc3s2)o1)c1ccccc1,True,False
CC(=O)Nc1ccc(C=Cc2ccc(N(c3ccccc3)c3ccccc3)cc2)cc1,C(=Cc1ccc(N(c2ccccc2)c2ccccc2)cc1)c1ccccc1,C(=Cc1ccc(N(c2ccccc2)c2ccccc2)cc1)c1ccccc1,False,True
c1cc2ccc3cccc4ccc(c1)c2c34,c1cc2ccc3cccc4ccc(c1)c2c34,c1cc2ccc3cccc4ccc(c1)c2c34,True,False
C#Cc1ccc2ccc3c(C(=O)O)ccc4ccc1c2c43,c1cc2ccc3cccc4ccc(c1)c2c34,c1cc2ccc3cccc4ccc(c1)c2c34,True,False
N#Cc1ccc(N(c2ccc(-c3cccs3)cc2)c2ccc(-c3cccs3)cc2)cc1,c1ccc(N(c2ccc(-c3cccs3)cc2)c2ccc(-c3cccs3)cc2)cc1,c1ccc(N(c2ccc(-c3cccs3)cc2)c2ccc(-c3cccs3)cc2)cc1,True,False
COC(=O)[C@H](Cc1ccc2oc(-c3cc4ccccc4cn3)nc2c1)NC(=O)OC(C)(C)C,c1ccc2cc(-c3nc4ccccc4o3)ncc2c1,c1ccc2cc(-c3nc4ccccc4o3)ncc2c1,False,True
Cc1ccc(N=Nc2ccc(O)c3ncccc23)cc1,c1ccc(N=Nc2cccc3ncccc23)cc1,c1ccc(N=Nc2cccc3ncccc23)cc1,True,False
CCOC(=O)c1c(N)sc(N=Nc2ccc(OC)cc2)c1-c1ccccc1,c1ccc(N=Nc2sccc2-c2ccccc2)cc1,c1ccc(N=Nc2sccc2-c2ccccc2)cc1,True,False
CN(C)c1ccc(-c2nc(C=CC=Cc3ccc([N+](=O)[O-])cc3)[nH]c2-c2ccc(N(C)C)cc2)cc1,C(C=Cc1nc(-c2ccccc2)c(-c2ccccc2)[nH]1)=Cc1ccccc1,C(C=Cc1nc(-c2ccccc2)c(-c2ccccc2)[nH]1)=Cc1ccccc1,True,False
O=C(c1ccccc1Cc1ccccc1)c1cn(-c2ccc([N+](=O)[O-])cc2[N+](=O)[O-])c2ccccc2c1=O,O=C(c1ccccc1Cc1ccccc1)c1cn(-c2ccccc2)c2ccccc2c1=O,O=C(c1ccccc1Cc1ccccc1)c1cn(-c2ccccc2)c2ccccc2c1=O,False,True
CN1c2ccccc2C(C)(C)C12C=Cc1cc(Br)cc(-c3nc(-c4ccccc4)c(-c4ccccc4)n3Cc3ccccc3)c1O2,C1=CC2(Cc3ccccc3N2)Oc2c1cccc2-c1nc(-c2ccccc2)c(-c2ccccc2)n1Cc1ccccc1,C1=CC2(Cc3ccccc3N2)Oc2c1cccc2-c1nc(-c2ccccc2)c(-c2ccccc2)n1Cc1ccccc1,True,False
CC(C)c1cccc(C(C)C)c1N=C1N=C2C=CC=CN2C1=Nc1c(C(C)C)cccc1C(C)C,C1=CC2=NC(=Nc3ccccc3)C(=Nc3ccccc3)N2C=C1,C1=CC2=NC(=Nc3ccccc3)C(=Nc3ccccc3)N2C=C1,True,False
Cc1ccccc1N1CCc2c(C)nc3c(C#N)cnn3c21,c1ccc(N2CCc3cnc4ccnn4c32)cc1,c1ccc(N2CCc3cnc4ccnn4c32)cc1,False,True
O=c1c2cc3ccc4cccc5ccc(c2c(=O)n1-c1ccccc1)c3c45,O=c1c2cc3ccc4cccc5ccc(c2c(=O)n1-c1ccccc1)c3c45,O=c1c2cc3ccc4cccc5ccc(c2c(=O)n1-c1ccccc1)c3c45,True,False
CC1CCCc2cc3cc4ccccc4nc3nc21,c1ccc2nc3nc4c(cc3cc2c1)CCCC4,c1ccc2nc3nc4c(cc3cc2c1)CCCC4,True,False
COc1ccc(C(=O)CC(=O)c2ccncc2)cc1,O=C(CC(=O)c1ccncc1)c1ccccc1,O=C(CC(=O)c1ccncc1)c1ccccc1,True,False
Cn1c2ccccc2c2ccc(-c3cccc4c3Oc3c(-c5ccc6c7ccccc7n(C)c6c5)cccc3C4(C)C)cc21,c1cc2c(c(-c3ccc4c(c3)[nH]c3ccccc34)c1)Oc1c(cccc1-c1ccc3c(c1)[nH]c1ccccc13)C2,c1cc2c(c(-c3ccc4c(c3)[nH]c3ccccc34)c1)Oc1c(cccc1-c1ccc3c(c1)[nH]c1ccccc13)C2,False,True
CCc1ccc2c(c1N)C(=O)c1ccccc1C2=O,O=C1c2ccccc2C(=O)c2ccccc21,O=C1c2ccccc2C(=O)c2ccccc21,True,False
Cc1nccnc1C(=O)C=Cc1ccc(Cl)cc1,O=C(C=Cc1ccccc1)c1cnccn1,O=C(C=Cc1ccccc1)c1cnccn1,True,False
O=C1C=CC(=O)C(Nc2ccc(N3CCOCC3)cc2)=C1,O=C1C=CC(=O)C(Nc2ccc(N3CCOCC3)cc2)=C1,O=C1C=CC(=O)C(Nc2ccc(N3CCOCC3)cc2)=C1,True,False
COP(=S)(OC)Oc1ccc(SC)c(C)c1,c1ccccc1,c1ccccc1,False,True
CC=C(c1ccccc1)c1[nH]c2ccccc2c1CCNS(=O)(=O)c1ccccc1[N+](=O)[O-],C=C(c1ccccc1)c1[nH]c2ccccc2c1CCNS(=O)(=O)c1ccccc1,C=C(c1ccccc1)c1[nH]c2ccccc2c1CCNS(=O)(=O)c1ccccc1,True,False
C=C(C)C(CC=C(C)C)Cc1c(O)cc2oc(-c3ccc(O)cc3O)cc(=O)c2c1O,O=c1cc(-c2ccccc2)oc2ccccc12,O=c1cc(-c2ccccc2)oc2ccccc12,True,False
O=c1[nH][nH]c2c1cnc1c2c(-c2ccc(Cl)cc2)nn1-c1ccccc1,O=c1[nH][nH]c2c1cnc1c2c(-c2ccccc2)nn1-c1ccccc1,O=c1[nH][nH]c2c1cnc1c2c(-c2ccccc2)nn1-c1ccccc1,True,False
Cn1cc(-c2sc(-c3ccc(-c4ccc(-c5sc(-c6cn(C)c7ccccc67)c6ccccc56)s4)s3)c3ccccc23)c2ccccc21,c1ccc2c(-c3sc(-c4ccc(-c5ccc(-c6sc(-c7c[nH]c8ccccc78)c7ccccc67)s5)s4)c4ccccc34)c[nH]c2c1,c1ccc2c(-c3sc(-c4ccc(-c5ccc(-c6sc(-c7c[nH]c8ccccc78)c7ccccc67)s5)s4)c4ccccc34)c[nH]c2c1,False,True
Brc1ccc2nc(-c3ccc(-c4ccc(-c5ccc(-c6nc7ccc(Br)cc7[nH]6)cc5)cc4)cc3)[nH]c2c1,c1ccc2[nH]c(-c3ccc(-c4ccc(-c5ccc(-c6nc7ccccc7[nH]6)cc5)cc4)cc3)nc2c1,c1ccc2[nH]c(-c3ccc(-c4ccc(-c5ccc(-c6nc7ccccc7[nH]6)cc5)cc4)cc3)nc2c1,True,False
CCN(CC)c1ccc(C=C2CCC(=Cc3ccc(N(C)C)cc3)C2=O)cc1,O=C1C(=Cc2ccccc2)CCC1=Cc1ccccc1,O=C1C(=Cc2ccccc2)CCC1=Cc1ccccc1,True,False
CC(=O)Oc1ccc2c(c1)[nH]c1ccccc12,c1ccc2c(c1)[nH]c1ccccc12,c1ccc2c(c1)[nH]c1ccccc12,True,False
O=C(c1ccccc1)c1c(-c2ccccc2)[n+]([O-])c2ccccc2[n+]1[O-],O=C(c1ccccc1)c1[nH+]c2ccccc2[nH+]c1-c1ccccc1,O=C(c1ccccc1)c1[nH+]c2ccccc2[nH+]c1-c1ccccc1,True,False
CNC(=O)N(C)c1nc2ccccc2s1,c1ccc2scnc2c1,c1ccc2scnc2c1,True,False
CC1(C)CC(C=Cc2ccc(N(c3ccccc3)c3ccc(CO)cc3)cc2)=CC(=C(C#N)C#N)C1,C=C1C=C(C=Cc2ccc(N(c3ccccc3)c3ccccc3)cc2)CCC1,C=C1C=C(C=Cc2ccc(N(c3ccccc3)c3ccccc3)cc2)CCC1,True,False
FC(F)(F)c1cccc(-c2ccc(-c3ccc(-c4cccc(C(F)(F)F)c4)s3)s2)c1,c1ccc(-c2ccc(-c3ccc(-c4ccccc4)s3)s2)cc1,c1ccc(-c2ccc(-c3ccc(-c4ccccc4)s3)s2)cc1,False,True
Cc1ccc(C#Cc2c(F)c(C#Cc3ccc(C)cc3)c(C#Cc3ccc(C)cc3)c(F)c2C#Cc2ccc(C)cc2)cc1,C(#Cc1cc(C#Cc2ccccc2)c(C#Cc2ccccc2)cc1C#Cc1ccccc1)c1ccccc1,C(#Cc1cc(C#Cc2ccccc2)c(C#Cc2ccccc2)cc1C#Cc1ccccc1)c1ccccc1,False,True
CCCn1c(=O)c2c(nc(Br)n2CCCCl)n(CCC)c1=O,O=c1[nH]c(=O)c2[nH]cnc2[nH]1,O=c1[nH]c(=O)c2[nH]cnc2[nH]1,False,True
COC(=O)c1c(C(=O)OC)c2ccc(-c3ccc(OC)cc3)nn2c1C(=O)OC,c1ccc(-c2ccc3cccn3n2)cc1,c1ccc(-c2ccc3cccn3n2)cc1,True,False
Cc1c(-c2ccc(Cl)cc2)sc(=S)n1O,S=c1[nH]cc(-c2ccccc2)s1,S=c1[nH]cc(-c2ccccc2)s1,True,False
CC[Si](C)(C)c1cc2ccc3cccc4ccc(c1C(=O)NC(C)(C)C)c2c34,c1cc2ccc3cccc4ccc(c1)c2c34,c1cc2ccc3cccc4ccc(c1)c2c34,True,False
C(=Cc1cccnn1)c1ccc(N(Cc2ccccn2)Cc2ccccn2)cc1,C(=Cc1cccnn1)c1ccc(N(Cc2ccccn2)Cc2ccccn2)cc1,C(=Cc1cccnn1)c1ccc(N(Cc2ccccn2)Cc2ccccn2)cc1,True,False
F[B-]1(F)[O+]=c2c(c3ccccc3n2Cc2ccccc2)=NN1c1ccccc1,[BH2-]1[O+]=c2c(c3ccccc3n2Cc2ccccc2)=NN1c1ccccc1,[BH2-]1[O+]=c2c(c3ccccc3n2Cc2ccccc2)=NN1c1ccccc1,False,True
c1cc2c(-c3ccsc3)ccc(-c3ccsc3)c2[nH]1,c1cc2c(-c3ccsc3)ccc(-c3ccsc3)c2[nH]1,c1cc2c(-c3ccsc3)ccc(-c3ccsc3)c2[nH]1,True,False
COc1ncccc1-c1ccc2c(c1)c1ccccc1n2Cn1c2ccccc2c2cc(-c3cccnc3OC)ccc21,c1cncc(-c2ccc3c(c2)c2ccccc2n3Cn2c3ccccc3c3cc(-c4cccnc4)ccc32)c1,c1cncc(-c2ccc3c(c2)c2ccccc2n3Cn2c3ccccc3c3cc(-c4cccnc4)ccc32)c1,False,True
O=C1c2ccccc2C(=O)c2c1ccc1nc(-c3ccc(F)cc3)c(-c3ccc(F)cc3)nc21,O=C1c2ccccc2C(=O)c2c1ccc1nc(-c3ccccc3)c(-c3ccccc3)nc21,O=C1c2ccccc2C(=O)c2c1ccc1nc(-c3ccccc3)c(-c3ccccc3)nc21,True,False
CC(=O)N(C(C)=O)N(c1ccccc1)c1ccccc1[N+](=O)[O-],c1ccc(Nc2ccccc2)cc1,c1ccc(Nc2ccccc2)cc1,True,False
CC1=NC(=Cc2ccc(Cl)cc2)C(=O)N1Cc1ccccc1,O=C1C(=Cc2ccccc2)N=CN1Cc1ccccc1,O=C1C(=Cc2ccccc2)N=CN1Cc1ccccc1,False,True
CC1=CC(C)=[N+]2C1=C(C(=O)NCNc1c3ccccc3nc3c1oc1ccccc13)c1c(C)cc(C)n1[B-]2(F)F,O=C(NCNc1c2ccccc2nc2c1oc1ccccc12)C1=C2C=CC=[N+]2[BH2-]n2cccc21,O=C(NCNc1c2ccccc2nc2c1oc1ccccc12)C1=C2C=CC=[N+]2[BH2-]n2cccc21,True,False
COc1ccc2c(COc3ccccc3OC)cc(=O)oc2c1,O=c1cc(COc2ccccc2)c2ccccc2o1,O=c1cc(COc2ccccc2)c2ccccc2o1,True,False
N#Cc1ccc(-c2nc3c(c4c2-c2ccccc2CC4)-c2ccccc2CC3)cc1,c1ccc(-c2nc3c(c4c2-c2ccccc2CC4)-c2ccccc2CC3)cc1,c1ccc(-c2nc3c(c4c2-c2ccccc2CC4)-c2ccccc2CC3)cc1,True,False
Cc1csc2c1S(=O)(=O)c1c(C)csc1-2,O=S1(=O)c2ccsc2-c2sccc21,O=S1(=O)c2ccsc2-c2sccc21,False,True
CC(=O)Nc1ccc(N=Nc2nc3ccccc3s2)cc1,c1ccc(N=Nc2nc3ccccc3s2)cc1,c1ccc(N=Nc2nc3ccccc3s2)cc1,False,True
O=C1NC(c2ccccc2)=C2C(=O)OC(c3ccc(Br)cc3)=C12,O=C1NC(c2ccccc2)=C2C(=O)OC(c3ccccc3)=C12,O=C1NC(c2ccccc2)=C2C(=O)OC(c3ccccc3)=C12,False,True
Cc1ccc(C=Cc2ccc(-c3nc(-c4ccccc4)c(-c4ccccc4)n3-c3ccccc3)cc2)o1,C(=Cc1ccco1)c1ccc(-c2nc(-c3ccccc3)c(-c3ccccc3)n2-c2ccccc2)cc1,C(=Cc1ccco1)c1ccc(-c2nc(-c3ccccc3)c(-c3ccccc3)n2-c2ccccc2)cc1,False,True
CN1c2ccc3ccccc3c2C(C)(C)C1N,c1ccc2c3c(ccc2c1)NCC3,c1ccc2c3c(ccc2c1)NCC3,True,False
c1ccc(-c2ccc(-c3c4ccccc4c(-c4ccccc4)c4ccccc34)cc2)cc1,c1ccc(-c2ccc(-c3c4ccccc4c(-c4ccccc4)c4ccccc34)cc2)cc1,c1ccc(-c2ccc(-c3c4ccccc4c(-c4ccccc4)c4ccccc34)cc2)cc1,True,False
C[C@@H]1O[C@@H](Oc2c(-c3ccc(O)c(O)c3)oc3cc(O)cc(O)c3c2=O)[C@H](O)[C@H](O)[C@H]1O,O=c1c(O[C@H]2CCCCO2)c(-c2ccccc2)oc2ccccc12,O=c1c(O[C@H]2CCCCO2)c(-c2ccccc2)oc2ccccc12,True,False
Cc1ccc(C(C#N)=C2N=C3C=CC(Cl)=CN3C2=NO)cc1,N=C1C(=Cc2ccccc2)N=C2C=CC=CN12,N=C1C(=Cc2ccccc2)N=C2C=CC=CN12,True,False
O=S(=O)(O)Cc1ccccc1,c1ccccc1,c1ccccc1,False,True
COc1cc(N=Nc2ccccc2)cc(C=Nn2cc(C(=O)c3ccccc3)c(-c3ccccc3)nc2=O)c1O,O=C(c1ccccc1)c1cn(N=Cc2cccc(N=Nc3ccccc3)c2)c(=O)nc1-c1ccccc1,O=C(c1ccccc1)c1cn(N=Cc2cccc(N=Nc3ccccc3)c2)c(=O)nc1-c1ccccc1,True,False
CC1(C)CC(C=Cc2ccc(N(c3ccccc3)c3ccc(-c4nc5ccccc5s4)cc3)cc2)=CC(=C(C#N)C#N)C1,C=C1C=C(C=Cc2ccc(N(c3ccccc3)c3ccc(-c4nc5ccccc5s4)cc3)cc2)CCC1,C=C1C=C(C=Cc2ccc(N(c3ccccc3)c3ccc(-c4nc5ccccc5s4)cc3)cc2)CCC1,False,True
CCn1c2ccccc2c2cc(-c3nc(-c4ccccc4)c(-c4ccccc4)n3-c3ccc(OC)cc3)ccc21,c1ccc(-c2nc(-c3ccc4[nH]c5ccccc5c4c3)n(-c3ccccc3)c2-c2ccccc2)cc1,c1ccc(-c2nc(-c3ccc4[nH]c5ccccc5c4c3)n(-c3ccccc3)c2-c2ccccc2)cc1,False,True
Cc1cccc(N2CCc3c(C)nc4c(C#N)cnn4c32)c1,c1ccc(N2CCc3cnc4ccnn4c32)cc1,c1ccc(N2CCc3cnc4ccnn4c32)cc1,False,True
NS(=O)(=O)c1ccc([N+](=O)[O-])cc1,c1ccccc1,c1ccccc1,False,True
C(=Cc1c2ccccc2cc2ccccc12)c1ccc(-c2ccnc(-c3cccc(-c4ccccc4)n3)c2)cc1,C(=Cc1c2ccccc2cc2ccccc12)c1ccc(-c2ccnc(-c3cccc(-c4ccccc4)n3)c2)cc1,C(=Cc1c2ccccc2cc2ccccc12)c1ccc(-c2ccnc(-c3cccc(-c4ccccc4)n3)c2)cc1,True,False
N[C@@H](Cc1ccccc1)C(=O)Nc1cccc(-c2cccc(-c3ccccn3)n2)n1,O=C(CCc1ccccc1)Nc1cccc(-c2cccc(-c3ccccn3)n2)n1,O=C(CCc1ccccc1)Nc1cccc(-c2cccc(-c3ccccn3)n2)n1,True,False
CCOC(=O)c1c(C(=O)OCC)c2cccc(-c3ccccn3)n2c1C(=O)c1ccc(Br)cc1,O=C(c1ccccc1)c1ccc2cccc(-c3ccccn3)n12,O=C(c1ccccc1)c1ccc2cccc(-c3ccccn3)n12,True,False
N#Cc1ccc([N+](=O)[O-])cc1C#N,c1ccccc1,c1ccccc1,False,True
CN1c2ccccc2Sc2cc(C=[N+]([O-])c3cccc(Br)c3)ccc21,C(=[NH+]c1ccccc1)c1ccc2c(c1)Sc1ccccc1N2,C(=[NH+]c1ccccc1)c1ccc2c(c1)Sc1ccccc1N2,False,True
Cc1cc(C2=C(c3cc(C)sc3C)C(=O)N(Cc3ccccc3)C2=O)c(C)s1,O=C1C(c2ccsc2)=C(c2ccsc2)C(=O)N1Cc1ccccc1,O=C1C(c2ccsc2)=C(c2ccsc2)C(=O)N1Cc1ccccc1,True,False
O=[N+]([O-])c1cc(Br)cc2c1NCC2,c1ccc2c(c1)CCN2,c1ccc2c(c1)CCN2,True,False
CCOc1ccc(N=Nc2ccc(O)c3ncccc23)cc1,c1ccc(N=Nc2cccc3ncccc23)cc1,c1ccc(N=Nc2cccc3ncccc23)cc1,True,False
Cc1ccc(C#Cc2ccc(-n3c4ccccc4c4ccccc43)cc2)cc1,C(#Cc1ccc(-n2c3ccccc3c3ccccc32)cc1)c1ccccc1,C(#Cc1ccc(-n2c3ccccc3c3ccccc32)cc1)c1ccccc1,True,False
O=c1ccc(=O)c2c(=O)oc(=O)c3[nH]cnc3[nH]c1=2,O=c1ccc(=O)c2c(=O)oc(=O)c3[nH]cnc3[nH]c1=2,O=c1ccc(=O)c2c(=O)oc(=O)c3[nH]cnc3[nH]c1=2,True,False
CCc1ccc([N+](=O)[O-])cc1,c1ccccc1,c1ccccc1,False,True
Oc1ccccc1-c1sc(-c2ccccn2)nc1O,c1ccc(-c2cnc(-c3ccccn3)s2)cc1,c1ccc(-c2cnc(-c3ccccn3)s2)cc1,True,False
O=C(O)C1=C2Nc3ccccc3C(=O)NC2(O)C=CC1=O,O=C1C=CC2NC(=O)c3ccccc3NC2=C1,O=C1C=CC2NC(=O)c3ccccc3NC2=C1,True,False
CC1=CC(C)(C)N(C)c2ccc(C)cc21,C1=Cc2ccccc2NC1,C1=Cc2ccccc2NC1,True,False
COc1ccc(C(=O)ON2C(=O)c3cccc4cccc(c34)C2=S)cc1,O=C(ON1C(=O)c2cccc3cccc(c23)C1=S)c1ccccc1,O=C(ON1C(=O)c2cccc3cccc(c23)C1=S)c1ccccc1,True,False
O=C(Oc1c([N+](=O)[O-])cc([N+](=O)[O-])cc1[N+](=O)[O-])c1ccc([N+](=O)[O-])cc1,O=C(Oc1ccccc1)c1ccccc1,O=C(Oc1ccccc1)c1ccccc1,False,True
CNc1ccc2c3c(cccc13)C(=O)N(C(=O)OC)C2=O,O=C1NC(=O)c2cccc3cccc1c23,O=C1NC(=O)c2cccc3cccc1c23,True,False
Cc1cc(-c2ccc(-c3nc4ccccc4[nH]3)cc2)c(C)cc1-c1ccc(-c2nc3ccccc3[nH]2)cc1,c1ccc2[nH]c(-c3ccc(-c4ccc(-c5ccc(-c6nc7ccccc7[nH]6)cc5)cc4)cc3)nc2c1,c1ccc2[nH]c(-c3ccc(-c4ccc(-c5ccc(-c6nc7ccccc7[nH]6)cc5)cc4)cc3)nc2c1,True,False
CN(C)c1ccc(C=Nc2nc(C#N)c(N=Cc3ccc(N(C)C)cc3)nc2C#N)cc1,C(=Nc1cnc(N=Cc2ccccc2)cn1)c1ccccc1,C(=Nc1cnc(N=Cc2ccccc2)cn1)c1ccccc1,True,False
Cc1nccnc1C(=O)C=Cc1ccc(F)cc1,O=C(C=Cc1ccccc1)c1cnccn1,O=C(C=Cc1ccccc1)c1cnccn1,True,False
Cc1ccc(-c2cnc(-c3ccc(-c4nc5ccccc5s4)cc3)n2C)cc1,c1ccc(-c2cnc(-c3ccc(-c4nc5ccccc5s4)cc3)[nH]2)cc1,c1ccc(-c2cnc(-c3ccc(-c4nc5ccccc5s4)cc3)[nH]2)cc1,True,False
O=C(Nc1ccccc1)Nc1ccccc1-c1nc(-c2ccccc2)cs1,O=C(Nc1ccccc1)Nc1ccccc1-c1nc(-c2ccccc2)cs1,O=C(Nc1ccccc1)Nc1ccccc1-c1nc(-c2ccccc2)cs1,True,False
Nc1nc(-c2ccccc2)c(-c2ccccc2)s1,c1ccc(-c2ncsc2-c2ccccc2)cc1,c1ccc(-c2ncsc2-c2ccccc2)cc1,True,False
O=C(O)[C@@H](Cc1c[nH]c2ccccc12)NS(=O)(=O)c1ccc(N2CCC(c3ccccc3)CC2)cc1,O=S(=O)(NCCc1c[nH]c2ccccc12)c1ccc(N2CCC(c3ccccc3)CC2)cc1,O=S(=O)(NCCc1c[nH]c2ccccc12)c1ccc(N2CCC(c3ccccc3)CC2)cc1,True,False
Cc1cc(Br)c2c(c1N)C(=O)c1ccccc1C2=O,O=C1c2ccccc2C(=O)c2ccccc21,O=C1c2ccccc2C(=O)c2ccccc21,True,False
c1csc(-c2ccc(N=Nc3nc4ccccc4s3)n2-c2cccc3ccccc23)c1,c1csc(-c2ccc(N=Nc3nc4ccccc4s3)n2-c2cccc3ccccc23)c1,c1csc(-c2ccc(N=Nc3nc4ccccc4s3)n2-c2cccc3ccccc23)c1,True,False
C[Si](C)(O)c1ccc([Si](C)(C)O)c2ccccc12,c1ccc2ccccc2c1,c1ccc2ccccc2c1,True,False
COc1cc(-n2cc(-c3ccc(N(c4ccccc4)c4ccccc4)cc3)nn2)c(OC)cc1C=C(C#N)C(=O)O,c1ccc(N(c2ccccc2)c2ccc(-c3cn(-c4ccccc4)nn3)cc2)cc1,c1ccc(N(c2ccccc2)c2ccc(-c3cn(-c4ccccc4)nn3)cc2)cc1,True,False
CC1c2ccccc2-c2cc3c(C#Cc4ccccc4)c4ccccc4c(C#Cc4ccccc4)c3cc21,C(#Cc1c2ccccc2c(C#Cc2ccccc2)c2cc3c(cc12)Cc1ccccc1-3)c1ccccc1,C(#Cc1c2ccccc2c(C#Cc2ccccc2)c2cc3c(cc12)Cc1ccccc1-3)c1ccccc1,True,False
Cn1c2ccc(C(C#N)=Cc3ccc(C#N)cc3)cc2c2ccc(C(C#N)=Cc3ccc(C#N)cc3)cc21,C(=Cc1ccc2c(c1)[nH]c1ccc(C=Cc3ccccc3)cc12)c1ccccc1,C(=Cc1ccc2c(c1)[nH]c1ccc(C=Cc3ccccc3)cc12)c1ccccc1,True,False
COc1nc(NN=Cc2cccc(OC)c2O)nc(NN=Cc2cccc(OC)c2O)n1,C(=NNc1ncnc(NN=Cc2ccccc2)n1)c1ccccc1,C(=NNc1ncnc(NN=Cc2ccccc2)n1)c1ccccc1,True,False
CC1(C)c2cc(-c3ccccc3)ccc2N2CC(=O)NC21C,O=C1CN2c3ccc(-c4ccccc4)cc3CC2N1,O=C1CN2c3ccc(-c4ccccc4)cc3CC2N1,True,False
CN(C)C(=CC=Cc1ccccc1)c1ccc(C#N)cc1,C(C=Cc1ccccc1)=Cc1ccccc1,C(C=Cc1ccccc1)=Cc1ccccc1,True,False
COc1ccc(C=O)cc1O,c1ccccc1,c1ccccc1,False,True
CC(=O)C(=O)c1ccccc1,c1ccccc1,c1ccccc1,False,True
c1ccc(-c2ccc(-c3cncnc3)s2)cc1,c1ccc(-c2ccc(-c3cncnc3)s2)cc1,c1ccc(-c2ccc(-c3cncnc3)s2)cc1,True,False
C#Cc1ccc(Nc2c(C(=O)NOCCO)ccc(F)c2F)c(F)c1,c1ccc(Nc2ccccc2)cc1,c1ccc(Nc2ccccc2)cc1,True,False
CN1c2ccccc2Sc2ccc(C=Nc3ccc4ccccc4c3)cc21,C(=Nc1ccc2ccccc2c1)c1ccc2c(c1)Nc1ccccc1S2,C(=Nc1ccc2ccccc2c1)c1ccc2c(c1)Nc1ccccc1S2,False,True
O=c1cc(O)c2ccccc2n1-c1ccccc1,O=c1ccc2ccccc2n1-c1ccccc1,O=c1ccc2ccccc2n1-c1ccccc1,False,True
COc1ccc2c(c1)cc1c(=O)nc(-c3ccccc3)nc-1n2C,O=c1nc(-c2ccccc2)nc2[nH]c3ccccc3cc1-2,O=c1nc(-c2ccccc2)nc2[nH]c3ccccc3cc1-2,True,False
COc1ccccc1,c1ccccc1,c1ccccc1,False,True
COC(=O)[C@H](Cc1ccc2oc(-c3ccnc4ccccc34)nc2c1)NC(=O)OC(C)(C)C,c1ccc2oc(-c3ccnc4ccccc34)nc2c1,c1ccc2oc(-c3ccnc4ccccc34)nc2c1,False,True
Cc1ccc(C=C(C#N)c2ccc(N(c3ccccc3)c3ccc4ccccc4c3)cc2)cc1,C(=Cc1ccc(N(c2ccccc2)c2ccc3ccccc3c2)cc1)c1ccccc1,C(=Cc1ccc(N(c2ccccc2)c2ccc3ccccc3c2)cc1)c1ccccc1,True,False
CN(C)c1ccc2cc3ccc(N(C)C)cc3nc2c1,c1ccc2nc3ccccc3cc2c1,c1ccc2nc3ccccc3cc2c1,False,True
Cc1ccc(-n2cc(-c3nc4ccccc4[nH]3)cn2)cc1,c1ccc(-n2cc(-c3nc4ccccc4[nH]3)cn2)cc1,c1ccc(-n2cc(-c3nc4ccccc4[nH]3)cn2)cc1,True,False
CN(C)c1ccc(C=C2CCC(=Cc3ccc(N(C)C)cc3)C2=O)cc1,O=C1C(=Cc2ccccc2)CCC1=Cc1ccccc1,O=C1C(=Cc2ccccc2)CCC1=Cc1ccccc1,True,False
CC(C)CN1C(=O)c2cccc3c(N(C)CCO)ccc(c23)C1=O,O=C1NC(=O)c2cccc3cccc1c23,O=C1NC(=O)c2cccc3cccc1c23,True,False
Cc1cc(N=Nc2nc3ccccc3s2)c2c(C)ccc(C(C)C)cc1-2,c1ccc2ccc(N=Nc3nc4ccccc4s3)c-2cc1,c1ccc2ccc(N=Nc3nc4ccccc4s3)c-2cc1,True,False
CC(=O)n1c2ccc(Cl)cc2c2cc(Cl)ccc21,c1ccc2c(c1)[nH]c1ccccc12,c1ccc2c(c1)[nH]c1ccccc12,True,False
Cc1ccc(Cn2ccc3c2-c2[nH]c(=O)c(S(=O)(=O)c4ccccc4)cc2CC3)cc1,O=c1[nH]c2c(cc1S(=O)(=O)c1ccccc1)CCc1ccn(Cc3ccccc3)c1-2,O=c1[nH]c2c(cc1S(=O)(=O)c1ccccc1)CCc1ccn(Cc3ccccc3)c1-2,True,False
CC1=C(NC(Cc2ccccc2)C(=O)O)C(=O)C=C(NC(Cc2ccccc2)C(=O)O)C1=O,O=C1C=C(NCCc2ccccc2)C(=O)C=C1NCCc1ccccc1,O=C1C=C(NCCc2ccccc2)C(=O)C=C1NCCc1ccccc1,True,False
Cc1cc(C2=C(c3cc(C)sc3C)C(=O)C(Sc3ccccc3)C2)c(C)s1,O=C1C(c2ccsc2)=C(c2ccsc2)CC1Sc1ccccc1,O=C1C(c2ccsc2)=C(c2ccsc2)CC1Sc1ccccc1,True,False
CCN(CCO)c1ccc(N=Nc2ncc([N+](=O)[O-])s2)c(C)c1,c1ccc(N=Nc2nccs2)cc1,c1ccc(N=Nc2nccs2)cc1,False,True
c1cnc2c(c1)c1nc3ccc4ccc(N5CCOCC5)cc4c3nc1c1cccnc12,c1cnc2c(c1)c1nc3ccc4ccc(N5CCOCC5)cc4c3nc1c1cccnc12,c1cnc2c(c1)c1nc3ccc4ccc(N5CCOCC5)cc4c3nc1c1cccnc12,True,False
Cc1ccc(O)c(C)c1,c1ccccc1,c1ccccc1,False,True
Cc1ccc(N=Nc2ccc(O)c(C=Nc3ccc(C(=O)O)cc3)c2)cc1,C(=Nc1ccccc1)c1cccc(N=Nc2ccccc2)c1,C(=Nc1ccccc1)c1cccc(N=Nc2ccccc2)c1,False,True
c1ccc2[nH]c(-c3ccc(-c4ccc(-c5ccc(-c6nc7ccccc7[nH]6)cc5)cc4)cc3)nc2c1,c1ccc2[nH]c(-c3ccc(-c4ccc(-c5ccc(-c6nc7ccccc7[nH]6)cc5)cc4)cc3)nc2c1,c1ccc2[nH]c(-c3ccc(-c4ccc(-c5ccc(-c6nc7ccccc7[nH]6)cc5)cc4)cc3)nc2c1,True,False
Cc1nn2c(N=Nc3ccc([N+](=O)[O-])cc3)c(-c3ccccc3)[nH]c2c1N=Nc1ccc([N+](=O)[O-])cc1,c1ccc(N=Nc2cnn3c(N=Nc4ccccc4)c(-c4ccccc4)[nH]c23)cc1,c1ccc(N=Nc2cnn3c(N=Nc4ccccc4)c(-c4ccccc4)[nH]c23)cc1,True,False
O=C1OC(OCc2ccccc2)C(Nc2ccc(Br)cc2)=C1Br,O=C1C=C(Nc2ccccc2)C(OCc2ccccc2)O1,O=C1C=C(Nc2ccccc2)C(OCc2ccccc2)O1,False,True
CC(=O)Nc1ccc(-c2sc(=S)n(O)c2C)cc1,S=c1[nH]cc(-c2ccccc2)s1,S=c1[nH]cc(-c2ccccc2)s1,True,False
Nc1nc2c(N=Nc3nccs3)c(N)nn2c(N)c1N=Nc1ccccc1[N+](=O)[O-],c1ccc(N=Nc2cnc3c(N=Nc4nccs4)cnn3c2)cc1,c1ccc(N=Nc2cnc3c(N=Nc4nccs4)cnn3c2)cc1,False,True
O=[N+]([O-])c1ccc(C=Cc2ccc(C=Cc3ccc4c(=C5SC=CS5)c5ccccc5c(=C5SC=CS5)c4c3)s2)cc1,C1=CSC(=c2c3ccccc3c(=C3SC=CS3)c3cc(C=Cc4ccc(C=Cc5ccccc5)s4)ccc23)S1,C1=CSC(=c2c3ccccc3c(=C3SC=CS3)c3cc(C=Cc4ccc(C=Cc5ccccc5)s4)ccc23)S1,True,False
Cc1nc2c(C#N)cnn2c2c1CCN2c1cccc(Cl)c1,c1ccc(N2CCc3cnc4ccnn4c32)cc1,c1ccc(N2CCc3cnc4ccnn4c32)cc1,False,True
C(=Nc1ccc2ccccc2c1)c1ccc2ccccc2c1,C(=Nc1ccc2ccccc2c1)c1ccc2ccccc2c1,C(=Nc1ccc2ccccc2c1)c1ccc2ccccc2c1,True,False
c1ccc(N(c2cccc(-n3c4ccccc4c4ccccc43)c2)c2ccccn2)nc1,c1ccc(N(c2cccc(-n3c4ccccc4c4ccccc43)c2)c2ccccn2)nc1,c1ccc(N(c2cccc(-n3c4ccccc4c4ccccc43)c2)c2ccccn2)nc1,True,False
c1ccc(-c2cnc(-c3ccccc3)cn2)cc1,c1ccc(-c2cnc(-c3ccccc3)cn2)cc1,c1ccc(-c2cnc(-c3ccccc3)cn2)cc1,True,False
CC1(C)c2ccccc2-c2ccc(-n3c4ccccc4c4cc(-c5ccc(-c6ccc(C=C(C#N)C(=O)O)s6)s5)ccc43)cc21,c1csc(-c2ccc(-c3ccc4c(c3)c3ccccc3n4-c3ccc4c(c3)Cc3ccccc3-4)s2)c1,c1csc(-c2ccc(-c3ccc4c(c3)c3ccccc3n4-c3ccc4c(c3)Cc3ccccc3-4)s2)c1,True,False
CC(=O)Nc1cc(S(=O)(=O)O)cc2cc(S(=O)(=O)O)cc(O)c12,c1ccc2ccccc2c1,c1ccc2ccccc2c1,True,False
N#CC(=Cc1ccc(C#Cc2ccc3c4c(cccc24)-c2c-3c(-c3ccccc3)c3ccccc3c2-c2ccccc2)cc1)C(=O)O,C(#Cc1ccc2c3c(cccc13)-c1c-2c(-c2ccccc2)c2ccccc2c1-c1ccccc1)c1ccccc1,C(#Cc1ccc2c3c(cccc13)-c1c-2c(-c2ccccc2)c2ccccc2c1-c1ccccc1)c1ccccc1,True,False
Cc1nc2c(C#N)cnn2c2c1CCN2c1ccc(F)cc1,c1ccc(N2CCc3cnc4ccnn4c32)cc1,c1ccc(N2CCc3cnc4ccnn4c32)cc1,False,True
N#CC(C#N)c1ccc2c(c1)Cc1ccccc1-2,c1ccc2c(c1)Cc1ccccc1-2,c1ccc2c(c1)Cc1ccccc1-2,True,False
c1ccc(-c2cccc3c2-c2ccccc2C32c3ccccc3-c3ccccc32)cc1,c1ccc(-c2cccc3c2-c2ccccc2C32c3ccccc3-c3ccccc32)cc1,c1ccc(-c2cccc3c2-c2ccccc2C32c3ccccc3-c3ccccc32)cc1,True,False
FC1(F)c2cccnc2-c2ncc(Br)cc21,c1cnc2c(c1)Cc1cccnc1-2,c1cnc2c(c1)Cc1cccnc1-2,True,False
COC(=O)c1cc2ccccc2cc1-c1cc2ccccc2cc1C(=O)N[C@H]1C[C@H]2C[C@@H]([C@@H]1C)C2(C)C,O=C(N[C@H]1C[C@H]2C[C@H](C2)C1)c1cc2ccccc2cc1-c1ccc2ccccc2c1,O=C(N[C@H]1C[C@H]2C[C@H](C2)C1)c1cc2ccccc2cc1-c1ccc2ccccc2c1,True,False
O=C1Cc2ccccc2C1=O,O=C1Cc2ccccc2C1=O,O=C1Cc2ccccc2C1=O,False,True
O=C1C(c2ccccc2)=C2C(=C(c3ccccc3)C(=O)N2c2ccccc2)N1c1ccccc1,O=C1C(c2ccccc2)=C2C(=C(c3ccccc3)C(=O)N2c2ccccc2)N1c1ccccc1,O=C1C(c2ccccc2)=C2C(=C(c3ccccc3)C(=O)N2c2ccccc2)N1c1ccccc1,True,False
CCOc1ccc(-c2ccc(N=Nc3nccs3)s2)s1,c1csc(-c2ccc(N=Nc3nccs3)s2)c1,c1csc(-c2ccc(N=Nc3nccs3)s2)c1,True,False
c1ccc2c(c1)-c1ccccc1C21c2ccc(-n3c4ccccc4c4ccccc43)cc2-c2cc(-n3c4ccccc4c4ccccc43)ccc21,c1ccc2c(c1)-c1ccccc1C21c2ccc(-n3c4ccccc4c4ccccc43)cc2-c2cc(-n3c4ccccc4c4ccccc43)ccc21,c1ccc2c(c1)-c1ccccc1C21c2ccc(-n3c4ccccc4c4ccccc43)cc2-c2cc(-n3c4ccccc4c4ccccc43)ccc21,True,False
O=C1C(Br)=CC(=Nc2ccc(O)cc2)C=C1Br,O=C1C=CC(=Nc2ccccc2)C=C1,O=C1C=CC(=Nc2ccccc2)C=C1,True,False
Cc1c(C(N)=O)c(=O)oc2cc3c(cc12)nc(Nc1ccc(Cl)c(Cl)c1)n3CCCN1CCCC1=O,O=C1CCCN1CCCn1c(Nc2ccccc2)nc2cc3ccc(=O)oc3cc21,O=C1CCCN1CCCn1c(Nc2ccccc2)nc2cc3ccc(=O)oc3cc21,False,True
COc1c(F)c(F)cc2c1c(=O)c(C(=O)c1ccccc1Cc1ccccc1)cn2C,O=C(c1ccccc1Cc1ccccc1)c1c[nH]c2ccccc2c1=O,O=C(c1ccccc1Cc1ccccc1)c1c[nH]c2ccccc2c1=O,True,False
Cc1ccc2nc(Cl)cc(N)c2c1,c1ccc2ncccc2c1,c1ccc2ncccc2c1,False,True
N#CC(=Cc1ccc2ccccc2c1)c1ccc(N(c2ccccc2)c2ccccc2)cc1,C(=Cc1ccc2ccccc2c1)c1ccc(N(c2ccccc2)c2ccccc2)cc1,C(=Cc1ccc2ccccc2c1)c1ccc(N(c2ccccc2)c2ccccc2)cc1,True,False
COc1ccc(CNc2ncnc3[nH]c(C=Cc4ccc(C#N)cc4)nc23)cc1,C(=Cc1nc2c(NCc3ccccc3)ncnc2[nH]1)c1ccccc1,C(=Cc1nc2c(NCc3ccccc3)ncnc2[nH]1)c1ccccc1,True,False
CC1(C)c2ccccc2-c2cc3c(C#C[Si](C)(C)C)c4ccccc4c(C#C[Si](C)(C)C)c3cc21,c1ccc2c(c1)Cc1cc3cc4ccccc4cc3cc1-2,c1ccc2c(c1)Cc1cc3cc4ccccc4cc3cc1-2,True,False
Clc1ccccc1N=NC(=NNc1nc2ccccc2s1)c1cccs1,c1ccc(N=NC(=NNc2nc3ccccc3s2)c2cccs2)cc1,c1ccc(N=NC(=NNc2nc3ccccc3s2)c2cccs2)cc1,True,False
c1ccc2c(c1)sc1ccccc12,c1ccc2c(c1)sc1ccccc12,c1ccc2c(c1)sc1ccccc12,True,False
O=C1OC(OCc2ccccc2)C(Nc2cccc3ccccc23)=C1Br,O=C1C=C(Nc2cccc3ccccc23)C(OCc2ccccc2)O1,O=C1C=C(Nc2cccc3ccccc23)C(OCc2ccccc2)O1,True,False
COc1ccc(N=Nc2nc3ccc([N+](=O)[O-])cc3s2)cc1,c1ccc(N=Nc2nc3ccccc3s2)cc1,c1ccc(N=Nc2nc3ccccc3s2)cc1,False,True
CCOC(=O)C1=C(c2ccccc2)NC(=O)C1=NNc1ccccc1O,O=C1NC(c2ccccc2)=CC1=NNc1ccccc1,O=C1NC(c2ccccc2)=CC1=NNc1ccccc1,True,False
CCN(CC)c1cc(NC(C)=O)c(N=Nc2ccc3c(=O)[nH][nH]c(=O)c3c2[N+](=O)[O-])cc1OC,O=c1[nH][nH]c(=O)c2cc(N=Nc3ccccc3)ccc12,O=c1[nH][nH]c(=O)c2cc(N=Nc3ccccc3)ccc12,False,True
O=Cc1cc(N=Nc2ccccc2)ccc1O,c1ccc(N=Nc2ccccc2)cc1,c1ccc(N=Nc2ccccc2)cc1,False,True
O=c1[nH][nH]c(=O)c2c1ccc1[nH]c(-c3ccc(O)cc3O)nc12,O=c1[nH][nH]c(=O)c2c1ccc1[nH]c(-c3ccccc3)nc12,O=c1[nH][nH]c(=O)c2c1ccc1[nH]c(-c3ccccc3)nc12,True,False
Cc1cc(C)n(-c2nc3ccccc3s2)n1,c1ccc2sc(-n3cccn3)nc2c1,c1ccc2sc(-n3cccn3)nc2c1,True,False
C(#Cc1ccc2c(c1)Cc1ccccc1-2)c1ccc(N=Nc2ccc(C#Cc3ccc4c(c3)Cc3ccccc3-4)cc2)cc1,C(#Cc1ccc2c(c1)Cc1ccccc1-2)c1ccc(N=Nc2ccc(C#Cc3ccc4c(c3)Cc3ccccc3-4)cc2)cc1,C(#Cc1ccc2c(c1)Cc1ccccc1-2)c1ccc(N=Nc2ccc(C#Cc3ccc4c(c3)Cc3ccccc3-4)cc2)cc1,True,False
Oc1cccc2ccc(OCc3ccccc3COc3ccc4cccc(O)c4n3)nc12,c1ccc(COc2ccc3ccccc3n2)c(COc2ccc3ccccc3n2)c1,c1ccc(COc2ccc3ccccc3n2)c(COc2ccc3ccccc3n2)c1,True,False
CN1c2ccccc2Sc2cc(N=Cc3cccc4c3Sc3ccccc3N4C)ccc21,C(=Nc1ccc2c(c1)Sc1ccccc1N2)c1cccc2c1Sc1ccccc1N2,C(=Nc1ccc2c(c1)Sc1ccccc1N2)c1cccc2c1Sc1ccccc1N2,False,True
N#Cc1cc(-c2ccc(N(c3ccccc3)c3ccccc3)cc2)c(-c2cccs2)nc1N,c1ccc(N(c2ccccc2)c2ccc(-c3cccnc3-c3cccs3)cc2)cc1,c1ccc(N(c2ccccc2)c2ccc(-c3cccnc3-c3cccs3)cc2)cc1,True,False
c1ccc(Oc2nc(Oc3ccccc3)nc(-c3ccc4c(c3)c3ccccc3n4-c3ccccc3)n2)cc1,c1ccc(Oc2nc(Oc3ccccc3)nc(-c3ccc4c(c3)c3ccccc3n4-c3ccccc3)n2)cc1,c1ccc(Oc2nc(Oc3ccccc3)nc(-c3ccc4c(c3)c3ccccc3n4-c3ccccc3)n2)cc1,True,False
Fc1c(F)c(F)c2nc3c(F)c(NCCNc4c(F)c(F)c5nc6c(F)c(F)c(F)c(F)c6nc5c4F)c(F)c(F)c3nc2c1F,c1ccc2nc3cc(NCCNc4ccc5nc6ccccc6nc5c4)ccc3nc2c1,c1ccc2nc3cc(NCCNc4ccc5nc6ccccc6nc5c4)ccc3nc2c1,True,False
CC1c2ccccc2-c2cc3[nH]c(-c4ccccc4)nc3cc21,c1ccc(-c2nc3cc4c(cc3[nH]2)-c2ccccc2C4)cc1,c1ccc(-c2nc3cc4c(cc3[nH]2)-c2ccccc2C4)cc1,True,False
CC1=NC(=Cc2ccc(Br)cc2)C(=O)N1Cc1ccccc1,O=C1C(=Cc2ccccc2)N=CN1Cc1ccccc1,O=C1C(=Cc2ccccc2)N=CN1Cc1ccccc1,False,True
CSc1nc(-c2ccc(-n3c4ccccc4c4ccccc43)cc2)cc(-c2ccc(-n3c4ccccc4c4ccccc43)cc2)n1,c1ccc2c(c1)c1ccccc1n2-c1ccc(-c2cc(-c3ccc(-n4c5ccccc5c5ccccc54)cc3)ncn2)cc1,c1ccc2c(c1)c1ccccc1n2-c1ccc(-c2cc(-c3ccc(-n4c5ccccc5c5ccccc54)cc3)ncn2)cc1,True,False
O=C1C=CC2=C3c4cc(O)c(O)cc4CC3(O)COC2=C1,O=C1C=CC2=C3c4ccccc4CC3COC2=C1,O=C1C=CC2=C3c4ccccc4CC3COC2=C1,True,False
O=C1C(Cl)=C(N(Cc2ccccc2)Cc2ccccc2)C(=O)C(Cl)=C1N(Cc1ccccc1)Cc1ccccc1,O=C1C=C(N(Cc2ccccc2)Cc2ccccc2)C(=O)C=C1N(Cc1ccccc1)Cc1ccccc1,O=C1C=C(N(Cc2ccccc2)Cc2ccccc2)C(=O)C=C1N(Cc1ccccc1)Cc1ccccc1,False,True
CCN(CC)c1ccc(C=C(C#N)c2ccc(-c3nc4ccc(C(=O)O)cc4[nH]3)s2)cc1,C(=Cc1ccc(-c2nc3ccccc3[nH]2)s1)c1ccccc1,C(=Cc1ccc(-c2nc3ccccc3[nH]2)s1)c1ccccc1,True,False
COc1ccc(-c2nc(O)c(-c3ccccc3O)s2)cc1,c1ccc(-c2cnc(-c3ccccc3)s2)cc1,c1ccc(-c2cnc(-c3ccccc3)s2)cc1,True,False
c1ccc(-c2ccc(-c3ccc(-c4ccc(-c5ccc(-c6ccccc6)cc5)o4)o3)cc2)cc1,c1ccc(-c2ccc(-c3ccc(-c4ccc(-c5ccc(-c6ccccc6)cc5)o4)o3)cc2)cc1,c1ccc(-c2ccc(-c3ccc(-c4ccc(-c5ccc(-c6ccccc6)cc5)o4)o3)cc2)cc1,True,False
Cc1cc(C2=C(c3cc(C)sc3C)C(=NO)CC2)c(C)s1,N=C1CCC(c2ccsc2)=C1c1ccsc1,N=C1CCC(c2ccsc2)=C1c1ccsc1,True,False
NCCc1c[nH]c2ccccc12,c1ccc2[nH]ccc2c1,c1ccc2[nH]ccc2c1,True,False
CC1(C)c2ccccc2-c2ccc(-n3c4ccccc4c4cc(-c5ccc(C=Cc6ccc(C=C(C#N)C(=O)O)s6)s5)ccc43)cc21,C(=Cc1ccc(-c2ccc3c(c2)c2ccccc2n3-c2ccc3c(c2)Cc2ccccc2-3)s1)c1cccs1,C(=Cc1ccc(-c2ccc3c(c2)c2ccccc2n3-c2ccc3c(c2)Cc2ccccc2-3)s1)c1cccs1,True,False
Oc1ccc(N=Nc2nc(-c3ccc(Cl)cc3)cs2)c2cccnc12,c1ccc(-c2csc(N=Nc3cccc4ncccc34)n2)cc1,c1ccc(-c2csc(N=Nc3cccc4ncccc34)n2)cc1,True,False
C1=C(c2ccc(-c3cccs3)s2)CCC(c2ccccc2)C1,C1=C(c2ccc(-c3cccs3)s2)CCC(c2ccccc2)C1,C1=C(c2ccc(-c3cccs3)s2)CCC(c2ccccc2)C1,True,False
Cc1ccccc1[C@@H]1O[C@H]1C(=O)c1ccccc1,O=C(c1ccccc1)[C@@H]1O[C@H]1c1ccccc1,O=C(c1ccccc1)[C@@H]1O[C@H]1c1ccccc1,True,False
Brc1ccc2nc3c(nc2c1)Nc1ccccc1N3,c1ccc2c(c1)Nc1nc3ccccc3nc1N2,c1ccc2c(c1)Nc1nc3ccccc3nc1N2,True,False
COc1cc2[nH]c3ccsc3c2cc1OC,c1ccc2c(c1)[nH]c1ccsc12,c1ccc2c(c1)[nH]c1ccsc12,False,True
FC(F)(F)c1cccc(C2(c3cccc(C(F)(F)F)c3)C=C3c4ccccc4C=CC3OC2)c1,C1=CC2OCC(c3ccccc3)(c3ccccc3)C=C2c2ccccc21,C1=CC2OCC(c3ccccc3)(c3ccccc3)C=C2c2ccccc21,True,False
c1ccc2c(c1)ccc1c3ccccc3ccc21,c1ccc2c(c1)ccc1c3ccccc3ccc21,c1ccc2c(c1)ccc1c3ccccc3ccc21,True,False
O=c1c2cc(O)c(O)cc2oc2cc(O)c([C@@H]3O[C@H](CO)[C@@H](O)[C@H](O)[C@H]3O)c(O)c12,O=c1c2ccccc2oc2ccc([C@H]3CCCCO3)cc12,O=c1c2ccccc2oc2ccc([C@H]3CCCCO3)cc12,True,False
Brc1ccc(-c2cn3ccc(C=Cc4cccs4)cc3n2)cc1,C(=Cc1cccs1)c1ccn2cc(-c3ccccc3)nc2c1,C(=Cc1cccs1)c1ccn2cc(-c3ccccc3)nc2c1,True,False
Cc1cc(C)c(N=Nc2snc3ccc([N+](=O)[O-])cc23)c(C)c1,c1ccc(N=Nc2snc3ccccc23)cc1,c1ccc(N=Nc2snc3ccccc23)cc1,True,False
COc1ccc2c(c1)C(=O)CC=N2,O=C1CC=Nc2ccccc21,O=C1CC=Nc2ccccc21,False,True
O=C(C(=CC=C(c1ccc(Cl)cc1)c1ccc(Cl)cc1)C(=O)C(F)(F)F)C(F)(F)F,C=C(c1ccccc1)c1ccccc1,C=C(c1ccccc1)c1ccccc1,True,False
CN(C)c1ccc(C#Cc2ccc(C=C(C#N)C(=O)O)s2)cc1,C(#Cc1cccs1)c1ccccc1,C(#Cc1cccs1)c1ccccc1,True,False
O=C1ON=C(c2ccccc2)C1=CC=C1C=CN(CC(O)CO)C=C1,O=C1ON=C(c2ccccc2)C1=CC=C1C=CNC=C1,O=C1ON=C(c2ccccc2)C1=CC=C1C=CNC=C1,True,False
CCn1c(=NN=c2sc3cc(S(=O)(=O)O)ccc3n2CC)sc2cc(S(=O)(=O)O)ccc21,c1ccc2sc(=NN=c3[nH]c4ccccc4s3)[nH]c2c1,c1ccc2sc(=NN=c3[nH]c4ccccc4s3)[nH]c2c1,False,True
CCOC(=O)c1ccc(-c2ccc(C#Cc3ccc(OC)cc3)s2)cc1,C(#Cc1ccc(-c2ccccc2)s1)c1ccccc1,C(#Cc1ccc(-c2ccccc2)s1)c1ccccc1,True,False
CN=Cc1cc2sc(-c3nc4ccccc4s3)c(C)c2s1,c1ccc2sc(-c3cc4sccc4s3)nc2c1,c1ccc2sc(-c3cc4sccc4s3)nc2c1,True,False
COc1ccccc1C1CC(c2ccc3c(c2)C2(c4ccccc4-c4ccccc42)c2ccccc2-3)=NN1c1ccccc1,c1ccc(C2CC(c3ccc4c(c3)C3(c5ccccc5-c5ccccc53)c3ccccc3-4)=NN2c2ccccc2)cc1,c1ccc(C2CC(c3ccc4c(c3)C3(c5ccccc5-c5ccccc53)c3ccccc3-4)=NN2c2ccccc2)cc1,True,False
N#Cc1cc(Cl)c(Oc2ccc(CO)cc2)cc1C#N,c1ccc(Oc2ccccc2)cc1,c1ccc(Oc2ccccc2)cc1,True,False
CN(C)c1ccc(C=Cc2c(F)c(F)c(C=Cc3ccc(N(C)C)cc3)c(F)c2F)cc1,C(=Cc1ccc(C=Cc2ccccc2)cc1)c1ccccc1,C(=Cc1ccc(C=Cc2ccccc2)cc1)c1ccccc1,True,False
CC12CCC3c4ccc(O)cc4CCC3C1CCC2=O,O=C1CCC2C1CCC1c3ccccc3CCC12,O=C1CCC2C1CCC1c3ccccc3CCC12,True,False
COC1CC(c2cc(C)sc2C)=C(c2cc(C)sc2C)C1=O,O=C1CCC(c2ccsc2)=C1c1ccsc1,O=C1CCC(c2ccsc2)=C1c1ccsc1,True,False
Cc1cc(C(C)(C)C)c(O)c(C)c1CC1=NCCN1,c1ccc(CC2=NCCN2)cc1,c1ccc(CC2=NCCN2)cc1,True,False
Nc1ccc2c3cccc4cccc(c5cccc1c52)c43,c1cc2cccc3c4cccc5cccc(c(c1)c23)c54,c1cc2cccc3c4cccc5cccc(c(c1)c23)c54,False,True
CCn1c2ccccc2c2nc3ccc4c(=O)[nH][nH]c(=O)c4c3nc21,O=c1[nH][nH]c(=O)c2c1ccc1nc3c(nc12)[nH]c1ccccc13,O=c1[nH][nH]c(=O)c2c1ccc1nc3c(nc12)[nH]c1ccccc13,True,False
Cc1cc(C)c(B(c2ccc(B3N(C(C)(C)C)CCN3C(C)(C)C)s2)c2c(C)cc(C)cc2C)c(C)c1,c1ccc(B(c2ccccc2)c2ccc(B3NCCN3)s2)cc1,c1ccc(B(c2ccccc2)c2ccc(B3NCCN3)s2)cc1,True,False
O=c1cc(CCl)c2cc3nc(-c4ccccc4)oc3cc2o1,O=c1ccc2cc3nc(-c4ccccc4)oc3cc2o1,O=c1ccc2cc3nc(-c4ccccc4)oc3cc2o1,True,False
c1cc(-c2ccncc2)ccn1,c1cc(-c2ccncc2)ccn1,c1cc(-c2ccncc2)ccn1,True,False
COC(=O)c1c(C(=O)OC)c2ccc(C#Cc3ccc(F)cc3)nn2c1C(=O)OC,C(#Cc1ccc2cccn2n1)c1ccccc1,C(#Cc1ccc2cccn2n1)c1ccccc1,True,False
CN(c1ccccc1)c1ccc(C=CSC=Cc2ccc(N(C)c3ccccc3)cc2)cc1,C(=Cc1ccc(Nc2ccccc2)cc1)SC=Cc1ccc(Nc2ccccc2)cc1,C(=Cc1ccc(Nc2ccccc2)cc1)SC=Cc1ccc(Nc2ccccc2)cc1,True,False
COC(=O)CN1C(=O)c2cccc3c(N4CCOCC4)ccc(c23)C1=O,O=C1NC(=O)c2ccc(N3CCOCC3)c3cccc1c23,O=C1NC(=O)c2ccc(N3CCOCC3)c3cccc1c23,True,False
C#Cc1c(C#Cc2ccc(C#Cc3cc([Si](C)(C)C)cc([Si](C)(C)C)c3C#C)s2)cc([Si](C)(C)C)cc1[Si](C)(C)C,C(#Cc1ccc(C#Cc2ccccc2)s1)c1ccccc1,C(#Cc1ccc(C#Cc2ccccc2)s1)c1ccccc1,True,False
COc1ccc(-c2nc3c(c4c2-c2ccc(C#N)cc2CC4)-c2ccc(C#N)cc2CC3)cc1,c1ccc(-c2nc3c(c4c2-c2ccccc2CC4)-c2ccccc2CC3)cc1,c1ccc(-c2nc3c(c4c2-c2ccccc2CC4)-c2ccccc2CC3)cc1,True,False
c1ccc(Cn2c(-c3ccccc3)nc(-c3ccco3)c2-c2ccco2)cc1,c1ccc(Cn2c(-c3ccccc3)nc(-c3ccco3)c2-c2ccco2)cc1,c1ccc(Cn2c(-c3ccccc3)nc(-c3ccco3)c2-c2ccco2)cc1,True,False
N[C@@H](Cc1ccc2ccccc2c1)C(=O)O,c1ccc2ccccc2c1,c1ccc2ccccc2c1,True,False
Cc1cn([C@H]2C[C@H](O)[C@@H](CO)O2)c(=O)[nH]c1=S,O=c1[nH]c(=S)ccn1[C@H]1CCCO1,O=c1[nH]c(=S)ccn1[C@H]1CCCO1,True,False
CC1c2cc(Br)ccc2-c2cc3c(C#Cc4ccccc4)c4ccccc4c(C#Cc4ccccc4)c3cc21,C(#Cc1c2ccccc2c(C#Cc2ccccc2)c2cc3c(cc12)Cc1ccccc1-3)c1ccccc1,C(#Cc1c2ccccc2c(C#Cc2ccccc2)c2cc3c(cc12)Cc1ccccc1-3)c1ccccc1,True,False
CCOCCCn1c(Nc2ccc([N+](=O)[O-])cc2)nc2cc3c(C)c(C(N)=O)c(=O)oc3cc21,O=c1ccc2cc3nc(Nc4ccccc4)[nH]c3cc2o1,O=c1ccc2cc3nc(Nc4ccccc4)[nH]c3cc2o1,False,True
Nc1c(N=Nc2ccccc2Cl)c(=O)[nH]c2nc3ccccc3n12,O=c1[nH]c2nc3ccccc3n2cc1N=Nc1ccccc1,O=c1[nH]c2nc3ccccc3n2cc1N=Nc1ccccc1,False,True
Cc1nc2c(-c3ccc(C=C(C#N)C(=O)O)s3)ccc(-c3ccc(N(c4ccccc4)c4ccccc4)cc3)c2s1,c1ccc(N(c2ccccc2)c2ccc(-c3ccc(-c4cccs4)c4ncsc34)cc2)cc1,c1ccc(N(c2ccccc2)c2ccc(-c3ccc(-c4cccs4)c4ncsc34)cc2)cc1,True,False
Cn1cc(C=C2C(=O)NC(=O)NC2=O)c2cc(-c3ccc(N(c4ccccc4)c4ccccc4)cc3)ccc21,O=C1NC(=O)C(=Cc2c[nH]c3ccc(-c4ccc(N(c5ccccc5)c5ccccc5)cc4)cc23)C(=O)N1,O=C1NC(=O)C(=Cc2c[nH]c3ccc(-c4ccc(N(c5ccccc5)c5ccccc5)cc4)cc23)C(=O)N1,True,False
C(=Cc1cnc2ccccc2n1)c1ccc(N(Cc2ccccn2)Cc2ccccn2)cc1,C(=Cc1cnc2ccccc2n1)c1ccc(N(Cc2ccccn2)Cc2ccccn2)cc1,C(=Cc1cnc2ccccc2n1)c1ccc(N(Cc2ccccn2)Cc2ccccn2)cc1,True,False
CC1(C)c2cc(-c3cccc4c3sc3ccccc34)ccc2N2CC(=O)NC21C,O=C1CN2c3ccc(-c4cccc5c4sc4ccccc45)cc3CC2N1,O=C1CN2c3ccc(-c4cccc5c4sc4ccccc45)cc3CC2N1,True,False
O=C1C=C(NC(Cc2ccccc2)C(=O)O)C(=O)C=C1NC(Cc1ccccc1)C(=O)O,O=C1C=C(NCCc2ccccc2)C(=O)C=C1NCCc1ccccc1,O=C1C=C(NCCc2ccccc2)C(=O)C=C1NCCc1ccccc1,True,False
c1ccc2sc(-c3ccc(-c4ccc(-n5c6ccccc6c6ccccc65)cc4)cc3)nc2c1,c1ccc2sc(-c3ccc(-c4ccc(-n5c6ccccc6c6ccccc65)cc4)cc3)nc2c1,c1ccc2sc(-c3ccc(-c4ccc(-n5c6ccccc6c6ccccc65)cc4)cc3)nc2c1,True,False
c1ccc(N(c2ccccc2)c2ccc(-c3nc4c5ccccc5c5ccccc5c4[nH]3)cc2)cc1,c1ccc(N(c2ccccc2)c2ccc(-c3nc4c5ccccc5c5ccccc5c4[nH]3)cc2)cc1,c1ccc(N(c2ccccc2)c2ccc(-c3nc4c5ccccc5c5ccccc5c4[nH]3)cc2)cc1,True,False
Cc1cc2nc(N=Nc3c(C)n(C)c4ccccc34)sc2cc1C,c1ccc2sc(N=Nc3c[nH]c4ccccc34)nc2c1,c1ccc2sc(N=Nc3c[nH]c4ccccc34)nc2c1,True,False
Cc1c(C(=O)C=Cc2ccco2)nnn1-c1ccnc2cc(Cl)ccc12,O=C(C=Cc1ccco1)c1cn(-c2ccnc3ccccc23)nn1,O=C(C=Cc1ccco1)c1cn(-c2ccnc3ccccc23)nn1,True,False
Cc1sc(-c2sc(C)c(C#N)c2C#N)c(C#N)c1C#N,c1csc(-c2cccs2)c1,c1csc(-c2cccs2)c1,True,False
O=C(c1ccccc1)c1c2[nH]c3ncccc3nc-2n(CCc2ccccc2)c1=O,O=C(c1ccccc1)c1c2[nH]c3ncccc3nc-2n(CCc2ccccc2)c1=O,O=C(c1ccccc1)c1c2[nH]c3ncccc3nc-2n(CCc2ccccc2)c1=O,False,True
Cn1c2ccccc2c2cc(-c3nnn[nH]3)ccc21,c1ccc2c(c1)[nH]c1ccc(-c3nnn[nH]3)cc12,c1ccc2c(c1)[nH]c1ccc(-c3nnn[nH]3)cc12,True,False
CC(C)(C)c1ccc(-c2ccc(-c3ccc(-c4ccc(C(C)(C)C)cc4)s3)s2)cc1,c1ccc(-c2ccc(-c3ccc(-c4ccccc4)s3)s2)cc1,c1ccc(-c2ccc(-c3ccc(-c4ccccc4)s3)s2)cc1,False,True
CC1=C(c2ccc(CN[C@@H]3C[C@H]3NCc3ccc(C4=CCC4C)s3)s2)CC1,C1=C(c2ccc(CN[C@@H]3C[C@H]3NCc3ccc(C4=CCC4)s3)s2)CC1,C1=C(c2ccc(CN[C@@H]3C[C@H]3NCc3ccc(C4=CCC4)s3)s2)CC1,True,False
Nc1nc2c(nc(-c3ccco3)n2[C@@H]2O[C@H](CO)[C@@H](O)[C@H]2O)c(=O)[nH]1,O=c1[nH]cnc2c1nc(-c1ccco1)n2[C@H]1CCCO1,O=c1[nH]cnc2c1nc(-c1ccco1)n2[C@H]1CCCO1,True,False
O=[N+]([O-])c1ccc(C=CC=Cc2ccc3c(=C4SC=CS4)c4ccccc4c(=C4SC=CS4)c3c2)cc1,C(C=Cc1ccc2c(=C3SC=CS3)c3ccccc3c(=C3SC=CS3)c2c1)=Cc1ccccc1,C(C=Cc1ccc2c(=C3SC=CS3)c3ccccc3c(=C3SC=CS3)c2c1)=Cc1ccccc1,False,True
CC1(C)c2cccnc2-c2ncccc21,c1cnc2c(c1)Cc1cccnc1-2,c1cnc2c(c1)Cc1cccnc1-2,True,False
CC(=NNc1ccc(C=C(C#N)C#N)cc1)c1ccc(Br)cc1,C(=NNc1ccccc1)c1ccccc1,C(=NNc1ccccc1)c1ccccc1,True,False
CC(=O)c1ccc(N=NC=C2N(C)c3ccccc3C2(C)C)cc1,C(N=Nc1ccccc1)=C1Cc2ccccc2N1,C(N=Nc1ccccc1)=C1Cc2ccccc2N1,False,True
CN1c2ccccc2C(C)(C)C12C=Nc1c(c(C=Cc3cc4ccccc4c4c3OC(c3ccccc3)(c3ccccc3)C=C4)cc3ccccc13)O2,C(=Cc1cc2ccccc2c2c1OC1(C=N2)Cc2ccccc2N1)c1cc2ccccc2c2c1OC(c1ccccc1)(c1ccccc1)C=C2,C(=Cc1cc2ccccc2c2c1OC1(C=N2)Cc2ccccc2N1)c1cc2ccccc2c2c1OC(c1ccccc1)(c1ccccc1)C=C2,False,True
CN(C)c1ccc(C=Cc2ccn3cc(-c4ccccc4-c4ccc(Br)cc4)nc3c2)cc1,C(=Cc1ccn2cc(-c3ccccc3-c3ccccc3)nc2c1)c1ccccc1,C(=Cc1ccn2cc(-c3ccccc3-c3ccccc3)nc2c1)c1ccccc1,True,False
CC1c2ccccc2-c2ccc(-c3cn(-c4ccccc4)nn3)cc21,c1ccc(-n2cc(-c3ccc4c(c3)Cc3ccccc3-4)nn2)cc1,c1ccc(-n2cc(-c3ccc4c(c3)Cc3ccccc3-4)nn2)cc1,False,True
COc1ccc(C=CC=Cc2ccccc2)cc1,C(C=Cc1ccccc1)=Cc1ccccc1,C(C=Cc1ccccc1)=Cc1ccccc1,True,False
Fc1ccc(-n2c(N=Nc3ccc4ncsc4c3)ccc2-c2cccs2)cc1,c1ccc(-n2c(N=Nc3ccc4ncsc4c3)ccc2-c2cccs2)cc1,c1ccc(-n2c(N=Nc3ccc4ncsc4c3)ccc2-c2cccs2)cc1,True,False
COc1ccc(-c2cc3c(=O)[nH]c(-c4ccc(Cl)cc4)cn3n2)cc1,O=c1[nH]c(-c2ccccc2)cn2nc(-c3ccccc3)cc12,O=c1[nH]c(-c2ccccc2)cn2nc(-c3ccccc3)cc12,False,True
Cc1c(-c2nc3ccccc3s2)sc2cc(C=NNc3ccccc3)sc12,C(=NNc1ccccc1)c1cc2sc(-c3nc4ccccc4s3)cc2s1,C(=NNc1ccccc1)c1cc2sc(-c3nc4ccccc4s3)cc2s1,True,False
O=C(O)Cc1ccccc1F,c1ccccc1,c1ccccc1,False,True
CCOC(=O)c1cc(C(=O)OCC)c2cccccc1-2,c1ccc2cccc-2cc1,c1ccc2cccc-2cc1,True,False
O=c1ncn(C2CC2)c2ncccc12,O=c1ncn(C2CC2)c2ncccc12,O=c1ncn(C2CC2)c2ncccc12,False,True
c1ccc(-c2ccc(-c3ccc(-c4ccccc4)s3)s2)cc1,c1ccc(-c2ccc(-c3ccc(-c4ccccc4)s3)s2)cc1,c1ccc(-c2ccc(-c3ccc(-c4ccccc4)s3)s2)cc1,False,True
c1ccc(C2=N[C@H](c3ccccc3)CO2)cc1,c1ccc(C2=N[C@H](c3ccccc3)CO2)cc1,c1ccc(C2=N[C@H](c3ccccc3)CO2)cc1,True,False
CN1C(=O)C(c2ccc3c(c2)[nH]c2ccccc23)=C(c2c[nH]c3ccccc23)C1=O,O=C1NC(=O)C(c2c[nH]c3ccccc23)=C1c1ccc2c(c1)[nH]c1ccccc12,O=C1NC(=O)C(c2c[nH]c3ccccc23)=C1c1ccc2c(c1)[nH]c1ccccc12,True,False
CCc1ccc(-n2c(-c3cccc([N+](=O)[O-])c3)nc(-c3ccccc3)c2-c2ccccc2)cc1,c1ccc(-c2nc(-c3ccccc3)n(-c3ccccc3)c2-c2ccccc2)cc1,c1ccc(-c2nc(-c3ccccc3)n(-c3ccccc3)c2-c2ccccc2)cc1,True,False
COc1ccc2c(c1)C(c1ccccc1)(c1ccccc1)c1cc(OC)ccc1N2,c1ccc(C2(c3ccccc3)c3ccccc3Nc3ccccc32)cc1,c1ccc(C2(c3ccccc3)c3ccccc3Nc3ccccc32)cc1,True,False
Cc1nn2c(N=Nc3ccccc3)c(-c3ccccc3)nc2c2c(-c3ccccc3)n(-c3ccccc3)nc12,c1ccc(N=Nc2c(-c3ccccc3)nc3c4c(-c5ccccc5)n(-c5ccccc5)nc4cnn23)cc1,c1ccc(N=Nc2c(-c3ccccc3)nc3c4c(-c5ccccc5)n(-c5ccccc5)nc4cnn23)cc1,False,True
COc1ccc(C=c2oc(=Cc3ccccc3)c3ccccc23)cc1OC,C(c1ccccc1)=c1oc(=Cc2ccccc2)c2ccccc12,C(c1ccccc1)=c1oc(=Cc2ccccc2)c2ccccc12,True,False
O=Cc1c(-c2ccccc2)[n+]([O-])c2ccccc2[n+]1[O-],c1ccc(-c2c[nH+]c3ccccc3[nH+]2)cc1,c1ccc(-c2c[nH+]c3ccccc3[nH+]2)cc1,True,False
Cc1ccc(C)c(N=Cc2ccccn2)c1,C(=Nc1ccccc1)c1ccccn1,C(=Nc1ccccc1)c1ccccn1,True,False
Cc1ccc(CNC2=C(Br)C(=O)OC2OCc2ccccc2)cc1,O=C1C=C(NCc2ccccc2)C(OCc2ccccc2)O1,O=C1C=C(NCc2ccccc2)C(OCc2ccccc2)O1,False,True
Nc1ncc2ccccc2c1-c1ccccc1,c1ccc(-c2cncc3ccccc23)cc1,c1ccc(-c2cncc3ccccc23)cc1,True,False
CCCCn1c2cc(C=C(C#N)C(=O)O)sc2c2sc(-c3ccc(N(c4ccccc4)c4ccccc4)cc3)cc21,c1ccc(N(c2ccccc2)c2ccc(-c3cc4[nH]c5ccsc5c4s3)cc2)cc1,c1ccc(N(c2ccccc2)c2ccc(-c3cc4[nH]c5ccsc5c4s3)cc2)cc1,True,False
CN(C)CCNc1c2ccccc2nc2c1cc1c3c(cccc32)C(=O)N(CCN(C)C)C1=O,O=C1NC(=O)c2cc3cc4ccccc4nc3c3cccc1c23,O=C1NC(=O)c2cc3cc4ccccc4nc3c3cccc1c23,True,False
Clc1ccc(C=Cc2ccc(-c3nc(-c4ccccc4)c(-c4ccccc4)n3-c3ccccc3)cc2)cc1,C(=Cc1ccc(-c2nc(-c3ccccc3)c(-c3ccccc3)n2-c2ccccc2)cc1)c1ccccc1,C(=Cc1ccc(-c2nc(-c3ccccc3)c(-c3ccccc3)n2-c2ccccc2)cc1)c1ccccc1,False,True
Cc1ccc(C=CC(=O)c2nnn(-c3ccnc4cc(Cl)ccc34)c2C)cc1,O=C(C=Cc1ccccc1)c1cn(-c2ccnc3ccccc23)nn1,O=C(C=Cc1ccccc1)c1cn(-c2ccnc3ccccc23)nn1,True,False
CCOC(=O)C1=C(c2ccccc2)NC(=O)C1=Cc1ccc(-c2cccs2)s1,O=C1NC(c2ccccc2)=CC1=Cc1ccc(-c2cccs2)s1,O=C1NC(c2ccccc2)=CC1=Cc1ccc(-c2cccs2)s1,True,False
c1ccc2c(c1)c1ccccc1c1ccccc21,c1ccc2c(c1)c1ccccc1c1ccccc21,c1ccc2c(c1)c1ccccc1c1ccccc21,True,False
CCN(CC)c1ccc(-c2nc3ccc(-n4nc5ccc6ccccc6c5n4)cc3[nH]2)c(O)c1,c1ccc(-c2nc3ccc(-n4nc5ccc6ccccc6c5n4)cc3[nH]2)cc1,c1ccc(-c2nc3ccc(-n4nc5ccc6ccccc6c5n4)cc3[nH]2)cc1,True,False
CC1=CC(=O)NC2(NC(=O)c3cccnc3N2C2CC2)C1=O,O=C1C=CC(=O)C2(N1)NC(=O)c1cccnc1N2C1CC1,O=C1C=CC(=O)C2(N1)NC(=O)c1cccnc1N2C1CC1,True,False
O=COCc1cc(=O)oc2cc3oc(-c4ccccc4)nc3cc12,O=c1ccc2cc3nc(-c4ccccc4)oc3cc2o1,O=c1ccc2cc3nc(-c4ccccc4)oc3cc2o1,True,False
O=[N+]([O-])c1cccc(C=NNC(=Cc2ccc3ccccc3n2)c2ccccc2)c1,C(=NNC(=Cc1ccc2ccccc2n1)c1ccccc1)c1ccccc1,C(=NNC(=Cc1ccc2ccccc2n1)c1ccccc1)c1ccccc1,False,True
c1ccc(-c2ccc(-c3c4ccccc4c(-c4ccc(-n5c6ccccc6c6ccccc65)cc4)c4cc(-c5ccccc5)ccc34)cc2)cc1,c1ccc(-c2ccc(-c3c4ccccc4c(-c4ccc(-n5c6ccccc6c6ccccc65)cc4)c4cc(-c5ccccc5)ccc34)cc2)cc1,c1ccc(-c2ccc(-c3c4ccccc4c(-c4ccc(-n5c6ccccc6c6ccccc65)cc4)c4cc(-c5ccccc5)ccc34)cc2)cc1,False,True
CO[Si](CCCSC(=O)c1cccnc1C(=O)SCCC[Si](OC)(OC)OC)(OC)OC,c1ccncc1,c1ccncc1,False,True
Clc1ccc(Cn2c(C=Cc3ccccc3)nc(-c3ccco3)c2-c2ccco2)cc1,C(=Cc1nc(-c2ccco2)c(-c2ccco2)n1Cc1ccccc1)c1ccccc1,C(=Cc1nc(-c2ccco2)c(-c2ccco2)n1Cc1ccccc1)c1ccccc1,True,False
c1ccc2c(-c3c4ccccc4c(-c4cccc5ccccc45)c4ccccc34)cccc2c1,c1ccc2c(-c3c4ccccc4c(-c4cccc5ccccc45)c4ccccc34)cccc2c1,c1ccc2c(-c3c4ccccc4c(-c4cccc5ccccc45)c4ccccc34)cccc2c1,True,False
O=C(NN=C(c1ccccc1)c1ccccn1)c1ccccc1,O=C(NN=C(c1ccccc1)c1ccccn1)c1ccccc1,O=C(NN=C(c1ccccc1)c1ccccn1)c1ccccc1,True,False
CCOC(=O)c1cc2cc3cc(OC)ccc3nc2[nH]c1=O,O=c1ccc2cc3ccccc3nc2[nH]1,O=c1ccc2cc3ccccc3nc2[nH]1,True,False
c1cc(-c2nc3ccccc3o2)nc(-c2nc3ccccc3o2)c1,c1cc(-c2nc3ccccc3o2)nc(-c2nc3ccccc3o2)c1,c1cc(-c2nc3ccccc3o2)nc(-c2nc3ccccc3o2)c1,True,False
CC1c2cc(-c3ccc(C=C(C#N)C(=O)O)s3)ccc2-c2ccc(N(c3ccccc3)c3ccccc3)cc21,c1ccc(N(c2ccccc2)c2ccc3c(c2)Cc2cc(-c4cccs4)ccc2-3)cc1,c1ccc(N(c2ccccc2)c2ccc3c(c2)Cc2cc(-c4cccs4)ccc2-3)cc1,True,False
CC(C)(C)c1cc(Cl)cc(C(=O)Nc2ccc([N+](=O)[O-])cc2Cl)c1O,O=C(Nc1ccccc1)c1ccccc1,O=C(Nc1ccccc1)c1ccccc1,True,False
Cc1ccc(N=Nc2ccc(O)c(C=O)c2)cc1,c1ccc(N=Nc2ccccc2)cc1,c1ccc(N=Nc2ccccc2)cc1,False,True
O=C1C(=C2Sc3ccccc3C2=O)Sc2ccccc21,O=C1C(=C2Sc3ccccc3C2=O)Sc2ccccc21,O=C1C(=C2Sc3ccccc3C2=O)Sc2ccccc21,True,False
CCCOc1ccc(C=CC(=C=O)CC(C=Cc2ccc(OCCC)c(OC)c2)OCCC)cc1OC,C=C(C=Cc1ccccc1)CCC=Cc1ccccc1,C=C(C=Cc1ccccc1)CCC=Cc1ccccc1,True,False
O=C1NC(=O)c2ccccc21,O=C1NC(=O)c2ccccc21,O=C1NC(=O)c2ccccc21,True,False
c1ccc(Nc2nc(Nc3ccccc3)nc(Nc3ccc4cc5ccccc5cc4c3)n2)cc1,c1ccc(Nc2nc(Nc3ccccc3)nc(Nc3ccc4cc5ccccc5cc4c3)n2)cc1,c1ccc(Nc2nc(Nc3ccccc3)nc(Nc3ccc4cc5ccccc5cc4c3)n2)cc1,True,False
COc1ccccc1[N+](=O)[O-],c1ccccc1,c1ccccc1,False,True
N=C(O)c1c(C(=O)O)c2c(C(=O)O)ccc3c4cccc5cccc(c(c1C(=N)O)c23)c54,c1cc2cccc3c4cccc5cccc(c(c1)c23)c54,c1cc2cccc3c4cccc5cccc(c(c1)c23)c54,False,True
CN1C(=O)C2=C(c3ccc(-c4ccc(C5=C6C(=O)N(C)C(c7ccccc7)=C6C(=O)N5C)s4)s3)N(C)C(=O)C2=C1c1ccccc1,O=C1NC(c2ccc(-c3ccc(C4=C5C(=O)NC(c6ccccc6)=C5C(=O)N4)s3)s2)=C2C(=O)NC(c3ccccc3)=C12,O=C1NC(c2ccc(-c3ccc(C4=C5C(=O)NC(c6ccccc6)=C5C(=O)N4)s3)s2)=C2C(=O)NC(c3ccccc3)=C12,True,False
CCN(CC)c1ccc(C=Cc2ccc(C=Cc3ccccc3)cc2)cc1,C(=Cc1ccc(C=Cc2ccccc2)cc1)c1ccccc1,C(=Cc1ccc(C=Cc2ccccc2)cc1)c1ccccc1,True,False
CC(=C1C(=O)OC(=C(C#N)C#N)C1=C(c1ccc(F)cc1)c1ccc(F)cc1)c1cc(C)oc1C,C=C1OC(=O)C(=Cc2ccoc2)C1=C(c1ccccc1)c1ccccc1,C=C1OC(=O)C(=Cc2ccoc2)C1=C(c1ccccc1)c1ccccc1,True,False
Cc1nc(C)c(C(=O)CC(=O)c2ccccc2Cl)cc1C(=O)CC(=O)c1ccccc1Cl,O=C(CC(=O)c1cncc(C(=O)CC(=O)c2ccccc2)c1)c1ccccc1,O=C(CC(=O)c1cncc(C(=O)CC(=O)c2ccccc2)c1)c1ccccc1,True,False
O=Cc1ccc2cc(C#Cc3ccc(N(c4ccccc4)c4ccccc4)cc3)cc(Br)c2n1,C(#Cc1ccc2ncccc2c1)c1ccc(N(c2ccccc2)c2ccccc2)cc1,C(#Cc1ccc2ncccc2c1)c1ccc(N(c2ccccc2)c2ccccc2)cc1,True,False
CC(C)(C)c1ccc(Cn2nc(-c3ccccc3)cc2-c2nnc(-c3ccccc3)o2)cc1,c1ccc(Cn2nc(-c3ccccc3)cc2-c2nnc(-c3ccccc3)o2)cc1,c1ccc(Cn2nc(-c3ccccc3)cc2-c2nnc(-c3ccccc3)o2)cc1,True,False
CCCN1c2ccccc2Sc2cc(C=Cc3cc(=O)oc4c(O)c(O)ccc34)ccc21,O=c1cc(C=Cc2ccc3c(c2)Sc2ccccc2N3)c2ccccc2o1,O=c1cc(C=Cc2ccc3c(c2)Sc2ccccc2N3)c2ccccc2o1,False,True
CC(=O)c1ccc(N=Nc2ccc(O)c3ncccc23)cc1,c1ccc(N=Nc2cccc3ncccc23)cc1,c1ccc(N=Nc2cccc3ncccc23)cc1,True,False
N#Cc1ccccc1-c1c(C#N)c(N)nc(N)c1C#N,c1ccc(-c2ccncc2)cc1,c1ccc(-c2ccncc2)cc1,True,False
C(=Cc1ccc(N(c2ccccc2)c2ccccc2)cc1)c1ccc(N(c2ccccc2)c2ccccc2)cc1,C(=Cc1ccc(N(c2ccccc2)c2ccccc2)cc1)c1ccc(N(c2ccccc2)c2ccccc2)cc1,C(=Cc1ccc(N(c2ccccc2)c2ccccc2)cc1)c1ccc(N(c2ccccc2)c2ccccc2)cc1,False,True
O=S(=O)(c1cccc(N2N=C(c3cccs3)CC2c2ccccc2)c1)c1cccc(N2N=C(c3cccs3)CC2c2ccccc2)c1,O=S(=O)(c1cccc(N2N=C(c3cccs3)CC2c2ccccc2)c1)c1cccc(N2N=C(c3cccs3)CC2c2ccccc2)c1,O=S(=O)(c1cccc(N2N=C(c3cccs3)CC2c2ccccc2)c1)c1cccc(N2N=C(c3cccs3)CC2c2ccccc2)c1,False,True
CCNC(=O)N=c1oc2cc(N(CC)CC)ccc2cc1C#N,N=c1ccc2ccccc2o1,N=c1ccc2ccccc2o1,True,False
CN(C)c1ccc(C(=Cc2ccc(C=C(C#N)c3ccccc3)cc2)c2ccc(N(C)C)cc2)cc1,C(=Cc1ccc(C=C(c2ccccc2)c2ccccc2)cc1)c1ccccc1,C(=Cc1ccc(C=C(c2ccccc2)c2ccccc2)cc1)c1ccccc1,True,False
Cc1c(O)ccc(N=Nc2ccc([N+](=O)[O-])cc2[N+](=O)[O-])c1O,c1ccc(N=Nc2ccccc2)cc1,c1ccc(N=Nc2ccccc2)cc1,False,True
CCOC(=O)c1[nH]c(C)c(C(=NN)C(=O)CC(=O)Nc2ccccc2)c1C,N=C(C(=O)CC(=O)Nc1ccccc1)c1cc[nH]c1,N=C(C(=O)CC(=O)Nc1ccccc1)c1cc[nH]c1,True,False
C(=Cc1cc2ccccc2o1)c1ccc(C=Cc2cc3ccccc3o2)cc1,C(=Cc1cc2ccccc2o1)c1ccc(C=Cc2cc3ccccc3o2)cc1,C(=Cc1cc2ccccc2o1)c1ccc(C=Cc2cc3ccccc3o2)cc1,True,False
O=C1C(=CC=CC=C2C=C(c3ccccc3)OC(c3ccccc3)=C2)C(=O)c2cscc21,O=C1C(=CC=CC=C2C=C(c3ccccc3)OC(c3ccccc3)=C2)C(=O)c2cscc21,O=C1C(=CC=CC=C2C=C(c3ccccc3)OC(c3ccccc3)=C2)C(=O)c2cscc21,False,True
CCN(CC)c1ccc(C=C(C#N)c2ccc(C(C#N)=Cc3ccc(N(CC)CC)cc3)cc2)cc1,C(=Cc1ccc(C=Cc2ccccc2)cc1)c1ccccc1,C(=Cc1ccc(C=Cc2ccccc2)cc1)c1ccccc1,True,False
COc1ccc(-c2nc3cc4c(cc3[nH]2)-c2cc3[nH]c(-c5ccc(OC)cc5)nc3cc2C4C)cc1,c1ccc(-c2nc3cc4c(cc3[nH]2)-c2cc3[nH]c(-c5ccccc5)nc3cc2C4)cc1,c1ccc(-c2nc3cc4c(cc3[nH]2)-c2cc3[nH]c(-c5ccccc5)nc3cc2C4)cc1,True,False
C(#Cc1cccs1)c1ccc(-n2c3ccccc3c3ccccc32)cc1,C(#Cc1cccs1)c1ccc(-n2c3ccccc3c3ccccc32)cc1,C(#Cc1cccs1)c1ccc(-n2c3ccccc3c3ccccc32)cc1,True,False
N#CC(=Cc1ccc(C=C2c3ccccc3-c3ccccc32)s1)C(=O)O,C(=C1c2ccccc2-c2ccccc21)c1cccs1,C(=C1c2ccccc2-c2ccccc21)c1cccs1,True,False
CN1c2ccc(C=C(C#N)C(=O)O)cc2Oc2c(C=C(C#N)C(=O)O)cccc21,c1ccc2c(c1)Nc1ccccc1O2,c1ccc2c(c1)Nc1ccccc1O2,True,False
Cc1cc(C)c(B(c2ccc(C#Cc3cc4ccccc4n3C)cc2)c2c(C)cc(C)cc2C)c(C)c1,C(#Cc1cc2ccccc2[nH]1)c1ccc(B(c2ccccc2)c2ccccc2)cc1,C(#Cc1cc2ccccc2[nH]1)c1ccc(B(c2ccccc2)c2ccccc2)cc1,True,False
O=[N+]([O-])c1ccc(-c2c3nc(c(-c4ccccc4)c4ccc([nH]4)c(-c4ccccc4)c4nc(c(-c5ccccc5)c5ccc2[nH]5)C=C4)C=C3)cc1,C1=Cc2nc1c(-c1ccccc1)c1ccc([nH]1)c(-c1ccccc1)c1nc(c(-c3ccccc3)c3ccc([nH]3)c2-c2ccccc2)C=C1,C1=Cc2nc1c(-c1ccccc1)c1ccc([nH]1)c(-c1ccccc1)c1nc(c(-c3ccccc3)c3ccc([nH]3)c2-c2ccccc2)C=C1,True,False
c1ccc2c(CC3=NCCN3)cccc2c1,c1ccc2c(CC3=NCCN3)cccc2c1,c1ccc2c(CC3=NCCN3)cccc2c1,False,True
O=C(NCC12CC3CC(C1)CC(CNC(=O)Nc1c4ccccc4cc4ccccc14)(C3)C2)Nc1c2ccccc2cc2ccccc12,O=C(NCC12CC3CC(C1)CC(CNC(=O)Nc1c4ccccc4cc4ccccc14)(C3)C2)Nc1c2ccccc2cc2ccccc12,O=C(NCC12CC3CC(C1)CC(CNC(=O)Nc1c4ccccc4cc4ccccc14)(C3)C2)Nc1c2ccccc2cc2ccccc12,True,False
Sc1ccccc1,c1ccccc1,c1ccccc1,False,True
COC(=O)c1c(C(=O)OC)c2cccnn2c1C(=O)c1ccc(F)cc1,O=C(c1ccccc1)c1ccc2cccnn12,O=C(c1ccccc1)c1ccc2cccnn12,True,False
Cc1c(C)c2cccnc2c2ncccc12,c1cnc2c(c1)ccc1cccnc12,c1cnc2c(c1)ccc1cccnc12,False,True
Oc1ccc2ccccc2c1C=NN=Cc1ccc2ccc3cccc4ccc1c2c34,C(=NN=Cc1ccc2ccc3cccc4ccc1c2c34)c1cccc2ccccc12,C(=NN=Cc1ccc2ccc3cccc4ccc1c2c34)c1cccc2ccccc12,True,False
O=C1C=Cc2ccccc2C1=NNc1ccc(N=Nc2ccccc2)cc1,O=C1C=Cc2ccccc2C1=NNc1ccc(N=Nc2ccccc2)cc1,O=C1C=Cc2ccccc2C1=NNc1ccc(N=Nc2ccccc2)cc1,True,False
NCC(=O)CC(=O)Nc1ccc(C(=O)O)cc1,c1ccccc1,c1ccccc1,False,True
CCN=c1cc2oc3cc(NCC)c(C)cc3c(-c3ccccc3C(=O)O)c-2cc1C,N=c1ccc2c(-c3ccccc3)c3ccccc3oc-2c1,N=c1ccc2c(-c3ccccc3)c3ccccc3oc-2c1,True,False
Oc1ccccc1-c1nc2c(o1)c(-c1nc3ccccc3s1)cc1ccccc12,c1ccc(-c2nc3c(o2)c(-c2nc4ccccc4s2)cc2ccccc23)cc1,c1ccc(-c2nc3c(o2)c(-c2nc4ccccc4s2)cc2ccccc23)cc1,True,False
COc1ccc2[nH]c3ccccc3c2c1,c1ccc2c(c1)[nH]c1ccccc12,c1ccc2c(c1)[nH]c1ccccc12,True,False
COc1ccc(-c2ccc(C=Nn3c(C)nn(CN4CCOCC4)c3=S)o2)c([N+](=O)[O-])c1,S=c1n(N=Cc2ccc(-c3ccccc3)o2)cnn1CN1CCOCC1,S=c1n(N=Cc2ccc(-c3ccccc3)o2)cnn1CN1CCOCC1,True,False
COCCSc1cccc2c1C(=O)c1c(Cl)cccc1C2=O,O=C1c2ccccc2C(=O)c2ccccc21,O=C1c2ccccc2C(=O)c2ccccc21,True,False
Brc1ccc(C2(c3ccc(Br)cc3)C=Cc3c(ccc4cc(Br)ccc34)O2)cc1,C1=CC(c2ccccc2)(c2ccccc2)Oc2ccc3ccccc3c21,C1=CC(c2ccccc2)(c2ccccc2)Oc2ccc3ccccc3c21,False,True
COc1cc(C=Cc2ccc([N+](=O)[O-])cc2)ccc1OCCO,C(=Cc1ccccc1)c1ccccc1,C(=Cc1ccccc1)c1ccccc1,False,True
c1ccc(-c2nc3ccccc3s2)nc1,c1ccc(-c2nc3ccccc3s2)nc1,c1ccc(-c2nc3ccccc3s2)nc1,True,False
FC1(F)C(c2c3ccccc3cc3ccccc23)=C(c2c3ccccc3cc3ccccc23)C(F)(F)C1(F)F,c1ccc2c(C3=C(c4c5ccccc5cc5ccccc45)CCC3)c3ccccc3cc2c1,c1ccc2c(C3=C(c4c5ccccc5cc5ccccc45)CCC3)c3ccccc3cc2c1,True,False
CC1c2cc(-c3ccc4ccc5cccc6ccc3c4c56)ccc2-c2cc3nc4c5cccc6ccc7cccc(c4nc3cc21)c7c65,c1cc2ccc3ccc(-c4ccc5c(c4)Cc4cc6nc7c8cccc9ccc%10cccc(c7nc6cc4-5)c%10c98)c4ccc(c1)c2c34,c1cc2ccc3ccc(-c4ccc5c(c4)Cc4cc6nc7c8cccc9ccc%10cccc(c7nc6cc4-5)c%10c98)c4ccc(c1)c2c34,False,True
COc1ccc(C(=O)ON2C(=O)c3cccc4cccc(c34)C2=S)cc1OC,O=C(ON1C(=O)c2cccc3cccc(c23)C1=S)c1ccccc1,O=C(ON1C(=O)c2cccc3cccc(c23)C1=S)c1ccccc1,True,False
Oc1ccc(N=Nn2ccnn2)c2cccnc12,c1cc(N=Nn2ccnn2)c2cccnc2c1,c1cc(N=Nn2ccnn2)c2cccnc2c1,True,False
C=C(C)C1CC=C(C=Nc2ccc(O)cc2)CC1,C(=Nc1ccccc1)C1=CCCCC1,C(=Nc1ccccc1)C1=CCCCC1,True,False
C#Cc1ccc(C2(C#C)CC=CS2)s1,C1=CSC(c2cccs2)C1,C1=CSC(c2cccs2)C1,True,False
Cc1cc(=O)oc2ccc3ccc(O)cc3c12,O=c1ccc2c(ccc3ccccc32)o1,O=c1ccc2c(ccc3ccccc32)o1,True,False
CN(C)c1cccc2c(C#Cc3cccc4c(C#Cc5cccc6c(N(C)C)cccc56)cccc34)cccc12,C(#Cc1cccc2c(C#Cc3cccc4ccccc34)cccc12)c1cccc2ccccc12,C(#Cc1cccc2c(C#Cc3cccc4ccccc34)cccc12)c1cccc2ccccc12,False,True
Sc1ncnc2nc[nH]c12,c1ncc2[nH]cnc2n1,c1ncc2[nH]cnc2n1,True,False
CN(C)c1c(F)c(F)c2nc3c(F)c(F)c(F)c(F)c3nc2c1F,c1ccc2nc3ccccc3nc2c1,c1ccc2nc3ccccc3nc2c1,True,False
N#CC(=Cc1ccc(N(c2ccccc2)c2ccccc2)cc1)c1ccccc1,C(=Cc1ccc(N(c2ccccc2)c2ccccc2)cc1)c1ccccc1,C(=Cc1ccc(N(c2ccccc2)c2ccccc2)cc1)c1ccccc1,False,True
Nc1nc(-c2ccc(NC(=O)c3ccccc3)cc2)c(N=Nc2ccccc2[N+](=O)[O-])s1,O=C(Nc1ccc(-c2ncsc2N=Nc2ccccc2)cc1)c1ccccc1,O=C(Nc1ccc(-c2ncsc2N=Nc2ccccc2)cc1)c1ccccc1,True,False
Cc1c(-c2nnc(-c3cccs3)o2)sc2sc(-c3nnc(-c4cccs4)o3)c(C)c12,c1csc(-c2nnc(-c3cc4cc(-c5nnc(-c6cccs6)o5)sc4s3)o2)c1,c1csc(-c2nnc(-c3cc4cc(-c5nnc(-c6cccs6)o5)sc4s3)o2)c1,False,True
Cc1ccc(-c2sc(-c3ccc4c(c3)C(C)(C)c3ccccc3-4)c3ccccc23)s1,c1csc(-c2sc(-c3ccc4c(c3)Cc3ccccc3-4)c3ccccc23)c1,c1csc(-c2sc(-c3ccc4c(c3)Cc3ccccc3-4)c3ccccc23)c1,True,False
CC(=O)c1ccc2ccc3cccc4ccc1c2c34,c1cc2ccc3cccc4ccc(c1)c2c34,c1cc2ccc3cccc4ccc(c1)c2c34,True,False
Clc1ccc2[nH]c3c(Cl)cccc3c2c1,c1ccc2c(c1)[nH]c1ccccc12,c1ccc2c(c1)[nH]c1ccccc12,True,False
Cc1ccc(C2=C3C(=O)N(C)C(c4ccc(Br)s4)=C3C(=O)N2C)s1,O=C1NC(c2cccs2)=C2C(=O)NC(c3cccs3)=C12,O=C1NC(c2cccs2)=C2C(=O)NC(c3cccs3)=C12,True,False
O=C(O)c1cc([N+](=O)[O-])cc([N+](=O)[O-])c1,c1ccccc1,c1ccccc1,False,True
Cc1cc(-c2sc(=S)sc2-c2cc(C)sc2C)c(C)s1,S=c1sc(-c2ccsc2)c(-c2ccsc2)s1,S=c1sc(-c2ccsc2)c(-c2ccsc2)s1,True,False
Cc1nc2c3c(-c4ccccc4)n(-c4ccccc4)nc3c(C)nn2c1N=Nc1ccc([N+](=O)[O-])cc1,c1ccc(N=Nc2cnc3c4c(-c5ccccc5)n(-c5ccccc5)nc4cnn23)cc1,c1ccc(N=Nc2cnc3c4c(-c5ccccc5)n(-c5ccccc5)nc4cnn23)cc1,True,False
S=c1cccc[nH]1,S=c1cccc[nH]1,S=c1cccc[nH]1,True,False
Fc1ccc(-c2cc3cc(-c4nnc(-c5ccccc5)o4)ccn3n2)cc1,c1ccc(-c2cc3cc(-c4nnc(-c5ccccc5)o4)ccn3n2)cc1,c1ccc(-c2cc3cc(-c4nnc(-c5ccccc5)o4)ccn3n2)cc1,True,False
CCOC(=O)CC(C)=NNc1ccc([N+](=O)[O-])cc1[N+](=O)[O-],c1ccccc1,c1ccccc1,False,True
Oc1c(Cl)cc(-c2ccc(Cl)c(Cl)c2)cc1Cl,c1ccc(-c2ccccc2)cc1,c1ccc(-c2ccccc2)cc1,True,False
Cc1ccc(C(=Cc2ccc3ccccc3n2)NN=Cc2ccc([N+](=O)[O-])cc2)cc1,C(=NNC(=Cc1ccc2ccccc2n1)c1ccccc1)c1ccccc1,C(=NNC(=Cc1ccc2ccccc2n1)c1ccccc1)c1ccccc1,False,True
O=C(ON1C(=O)c2cccc3cccc(c23)C1=S)c1ccc(F)cc1,O=C(ON1C(=O)c2cccc3cccc(c23)C1=S)c1ccccc1,O=C(ON1C(=O)c2cccc3cccc(c23)C1=S)c1ccccc1,True,False
O=c1[nH][nH]c(=O)c2cc3nc(-c4ccccc4)c(-c4ccccc4)nc3cc12,O=c1[nH][nH]c(=O)c2cc3nc(-c4ccccc4)c(-c4ccccc4)nc3cc12,O=c1[nH][nH]c(=O)c2cc3nc(-c4ccccc4)c(-c4ccccc4)nc3cc12,True,False
COC(=O)c1c(C(=O)OC)c2ccc(C=Cc3ccc(OC)cc3)nn2c1C(=O)OC,C(=Cc1ccc2cccn2n1)c1ccccc1,C(=Cc1ccc2cccn2n1)c1ccccc1,True,False
Cc1cc2c3sc(=O)ccc3ccc2n1C,O=c1ccc2ccc3[nH]ccc3c2s1,O=c1ccc2ccc3[nH]ccc3c2s1,True,False
Nc1ccc(C=C2Oc3ccccc3C2=O)cc1,O=C1C(=Cc2ccccc2)Oc2ccccc21,O=C1C(=Cc2ccccc2)Oc2ccccc21,False,True
CC(=O)NC(=O)[C@@H](N)Cc1c[nH]c2ccccc12,c1ccc2[nH]ccc2c1,c1ccc2[nH]ccc2c1,True,False
CCN1CCN(CC)c2cc3oc(=O)c(-c4nc5ccccc5s4)cc3cc21,O=c1oc2cc3c(cc2cc1-c1nc2ccccc2s1)NCCN3,O=c1oc2cc3c(cc2cc1-c1nc2ccccc2s1)NCCN3,True,False
N#CC(=Cc1cc2c3c(c1)CCCN3CCC2)C(=O)O,c1cc2c3c(c1)CCCN3CCC2,c1cc2c3c(c1)CCCN3CCC2,False,True
O=[N+]([O-])c1ccc(-c2nc3ncccn3c2CO)cc1,c1ccc(-c2cn3cccnc3n2)cc1,c1ccc(-c2cn3cccnc3n2)cc1,True,False
O=P(c1ccccc1)(c1ccccc1)c1c2ccccc2c(P(=O)(c2ccccc2)c2ccccc2)c2ccccc12,O=P(c1ccccc1)(c1ccccc1)c1c2ccccc2c(P(=O)(c2ccccc2)c2ccccc2)c2ccccc12,O=P(c1ccccc1)(c1ccccc1)c1c2ccccc2c(P(=O)(c2ccccc2)c2ccccc2)c2ccccc12,False,True
Cn1c(-c2ccc(-c3nc4ccccc4s3)cc2)nc(-c2ccccc2)c1-c1ccccc1,c1ccc(-c2nc(-c3ccc(-c4nc5ccccc5s4)cc3)[nH]c2-c2ccccc2)cc1,c1ccc(-c2nc(-c3ccc(-c4nc5ccccc5s4)cc3)[nH]c2-c2ccccc2)cc1,True,False
COc1ccc(Oc2c3c4c(cc(=O)oc4c4ccccc24)-c2ccccc2C3=O)cc1,O=C1c2ccccc2-c2cc(=O)oc3c2c1c(Oc1ccccc1)c1ccccc13,O=C1c2ccccc2-c2cc(=O)oc3c2c1c(Oc1ccccc1)c1ccccc13,False,True
COC(=O)[C@H](Cc1ccc(O[C@@H]2O[C@H](CO)[C@@H](O[C@@H]3O[C@H](CO)[C@H](O)[C@@](O)(S(=O)(=O)O)[C@H]3O)[C@H](O)[C@H]2O)c([N+](=O)[O-])c1)NC=O,c1ccc(O[C@H]2CC[C@H](O[C@H]3CCCCO3)CO2)cc1,c1ccc(O[C@H]2CC[C@H](O[C@H]3CCCCO3)CO2)cc1,True,False
N#Cc1c2c3c(oc(=O)c2c(=N)n2[nH]c(-c4ccc(F)cc4)cc12)-c1ccccc1SC3,N=c1c2c(=O)oc3c(c2cc2cc(-c4ccccc4)[nH]n12)CSc1ccccc1-3,N=c1c2c(=O)oc3c(c2cc2cc(-c4ccccc4)[nH]n12)CSc1ccccc1-3,False,True
COc1ccc(Nc2c(F)c(F)c3nc4c(F)c(F)c(F)c(F)c4nc3c2F)cc1,c1ccc(Nc2ccc3nc4ccccc4nc3c2)cc1,c1ccc(Nc2ccc3nc4ccccc4nc3c2)cc1,True,False
C=CCCc1c2ccccc2cc2ccccc12,c1ccc2cc3ccccc3cc2c1,c1ccc2cc3ccccc3cc2c1,False,True
Fc1ccc(C=Cc2ccc3c4c(ccc3c2)OC(c2ccccc2)(c2ccccc2)C4=C=C(c2ccccc2)c2ccccc2)cc1,C(=C(c1ccccc1)c1ccccc1)=C1c2c(ccc3cc(C=Cc4ccccc4)ccc23)OC1(c1ccccc1)c1ccccc1,C(=C(c1ccccc1)c1ccccc1)=C1c2c(ccc3cc(C=Cc4ccccc4)ccc23)OC1(c1ccccc1)c1ccccc1,True,False
CC1C(=O)c2cccc3cc(N=Cc4ccc(-c5ccc(C=Nc6cc7c8c(cccc8c6)C(=O)CC7=O)s5)s4)cc(c23)C1=O,O=C1CC(=O)c2cc(N=Cc3ccc(-c4ccc(C=Nc5cc6c7c(cccc7c5)C(=O)CC6=O)s4)s3)cc3cccc1c23,O=C1CC(=O)c2cc(N=Cc3ccc(-c4ccc(C=Nc5cc6c7c(cccc7c5)C(=O)CC6=O)s4)s3)cc3cccc1c23,True,False
S=c1n(-c2ccccc2)c(P(c2ccccc2)c2ccccc2)c(P(=S)(c2ccccc2)c2ccccc2)n1-c1ccccc1,S=c1n(-c2ccccc2)c(P(c2ccccc2)c2ccccc2)c(P(=S)(c2ccccc2)c2ccccc2)n1-c1ccccc1,S=c1n(-c2ccccc2)c(P(c2ccccc2)c2ccccc2)c(P(=S)(c2ccccc2)c2ccccc2)n1-c1ccccc1,True,False
CCOC(=O)c1cc(C(=O)OCC)c2ccc(N)ccc1-2,c1ccc2cccc-2cc1,c1ccc2cccc-2cc1,True,False
COC(=O)c1ccc(-c2ccc(-c3ccc4ccccc4c3)cn2)nc1,c1ccc(-c2ccc(-c3ccc4ccccc4c3)cn2)nc1,c1ccc(-c2ccc(-c3ccc4ccccc4c3)cn2)nc1,True,False
c1ccc(N(Cc2cccc(CN(c3ccccn3)c3ccccn3)c2)c2ccccn2)nc1,c1ccc(N(Cc2cccc(CN(c3ccccn3)c3ccccn3)c2)c2ccccn2)nc1,c1ccc(N(Cc2cccc(CN(c3ccccn3)c3ccccn3)c2)c2ccccn2)nc1,True,False
Cc1ccc(C(=O)C=Cc2ccc(N(c3ccccc3)c3ccccc3)cc2)s1,O=C(C=Cc1ccc(N(c2ccccc2)c2ccccc2)cc1)c1cccs1,O=C(C=Cc1ccc(N(c2ccccc2)c2ccccc2)cc1)c1cccs1,False,True
CN1C(=O)c2cccc3cc(N=Cc4ccc(-c5cccs5)s4)cc(c23)C1=O,O=C1NC(=O)c2cc(N=Cc3ccc(-c4cccs4)s3)cc3cccc1c23,O=C1NC(=O)c2cc(N=Cc3ccc(-c4cccs4)s3)cc3cccc1c23,True,False
CC(C)(C)[Si](OCc1cc(C=C2C=C(c3ccccc3)OC(c3ccccc3)=C2)sc1C=C(C#N)C(=O)O)(c1ccccc1)c1ccccc1,C(=C1C=C(c2ccccc2)OC(c2ccccc2)=C1)c1cc(CO[SiH](c2ccccc2)c2ccccc2)cs1,C(=C1C=C(c2ccccc2)OC(c2ccccc2)=C1)c1cc(CO[SiH](c2ccccc2)c2ccccc2)cs1,True,False
CCOC(=O)c1cc(C(N)=O)n2ncccc12,c1cnn2cccc2c1,c1cnn2cccc2c1,True,False
Nc1cccc2ccc3cccnc3c12,c1ccc2c(c1)ccc1cccnc12,c1ccc2c(c1)ccc1cccnc12,True,False
Sc1ccc(-c2ccc(-n3c4ccccc4c4ccccc43)s2)s1,c1csc(-c2ccc(-n3c4ccccc4c4ccccc43)s2)c1,c1csc(-c2ccc(-n3c4ccccc4c4ccccc43)s2)c1,True,False
O=c1[nH]cccc1O,O=c1cccc[nH]1,O=c1cccc[nH]1,True,False
CCN(CC)c1ccc2c(c1)OC1=NC(c3ccccc3)n3c(nc4ccccc43)C1=C2,C1=C2C(=NC(c3ccccc3)n3c2nc2ccccc23)Oc2ccccc21,C1=C2C(=NC(c3ccccc3)n3c2nc2ccccc23)Oc2ccccc21,False,True
Oc1ccccc1-c1nc2c(ccc3c4ccccc4ccc32)[nH]1,c1ccc(-c2nc3c(ccc4c5ccccc5ccc43)[nH]2)cc1,c1ccc(-c2nc3c(ccc4c5ccccc5ccc43)[nH]2)cc1,False,True
Clc1ccc(C#Cc2c3c(c4cccc5cccc2c54)=C(c2ccccc2)c2ccccc2-3)cc1,C(#Cc1c2c(c3cccc4cccc1c43)=C(c1ccccc1)c1ccccc1-2)c1ccccc1,C(#Cc1c2c(c3cccc4cccc1c43)=C(c1ccccc1)c1ccccc1-2)c1ccccc1,True,False
Cc1ccc(C(=O)ON2C(=O)c3cccc4cccc(c34)C2=S)cc1,O=C(ON1C(=O)c2cccc3cccc(c23)C1=S)c1ccccc1,O=C(ON1C(=O)c2cccc3cccc(c23)C1=S)c1ccccc1,True,False
N#Cc1ccc(-n2ccc3c(-c4ccccc4)nc(-c4ccc(-c5ccccc5)cc4)nc32)cc1,c1ccc(-c2ccc(-c3nc(-c4ccccc4)c4ccn(-c5ccccc5)c4n3)cc2)cc1,c1ccc(-c2ccc(-c3nc(-c4ccccc4)c4ccn(-c5ccccc5)c4n3)cc2)cc1,True,False
O=C1C(=Cc2cc3c4c(c2)CCCN4CCC3)Oc2ccccc21,O=C1C(=Cc2cc3c4c(c2)CCCN4CCC3)Oc2ccccc21,O=C1C(=Cc2cc3c4c(c2)CCCN4CCC3)Oc2ccccc21,True,False
Cc1ccn2c3c(c(C(=O)c4ccccc4C(=O)O)c2c1)C(=O)c1ccccc1C3=O,O=C1c2ccccc2C(=O)c2c1c(C(=O)c1ccccc1)c1ccccn21,O=C1c2ccccc2C(=O)c2c1c(C(=O)c1ccccc1)c1ccccn21,False,True
c1ccc2c(-c3cc(-c4c5ccccc5cc5ccccc45)cc(-c4c5ccccc5cc5ccccc45)c3)c3ccccc3cc2c1,c1ccc2c(-c3cc(-c4c5ccccc5cc5ccccc45)cc(-c4c5ccccc5cc5ccccc45)c3)c3ccccc3cc2c1,c1ccc2c(-c3cc(-c4c5ccccc5cc5ccccc45)cc(-c4c5ccccc5cc5ccccc45)c3)c3ccccc3cc2c1,False,True
CCOC(=O)c1cc(C(=O)c2ccc(C)cc2)n2ncccc12,O=C(c1ccccc1)c1ccc2cccnn12,O=C(c1ccccc1)c1ccc2cccnn12,True,False
O=c1[nH]c(=O)n(C2OC[C@](O)(CO)[C@H]2O)cc1F,O=c1ccn(C2CCCO2)c(=O)[nH]1,O=c1ccn(C2CCCO2)c(=O)[nH]1,True,False
COc1c2ccccc2c(OC)c2c1c1cccc(OC)c1n2C,c1ccc2cc3c(cc2c1)[nH]c1ccccc13,c1ccc2cc3c(cc2c1)[nH]c1ccccc13,True,False
Oc1c2cccc1Cc1cccc(c1O)Cc1cccc(c1O)Cc1cccc(c1O)C2,c1cc2cc(c1)Cc1cccc(c1)Cc1cccc(c1)Cc1cccc(c1)C2,c1cc2cc(c1)Cc1cccc(c1)Cc1cccc(c1)Cc1cccc(c1)C2,True,False
Nc1ncnc2c1nc(-c1ccco1)n2C1CC(O)C(CO)O1,c1coc(-c2nc3cncnc3n2C2CCCO2)c1,c1coc(-c2nc3cncnc3n2C2CCCO2)c1,True,False
Cc1nc2c(C#N)cnn2c2c1CCN2c1ccccc1,c1ccc(N2CCc3cnc4ccnn4c32)cc1,c1ccc(N2CCc3cnc4ccnn4c32)cc1,False,True
c1ccc(N(c2ccccc2)c2ccc(-c3ccc(-c4ccc(-c5ccncn5)s4)cc3)cc2)cc1,c1ccc(N(c2ccccc2)c2ccc(-c3ccc(-c4ccc(-c5ccncn5)s4)cc3)cc2)cc1,c1ccc(N(c2ccccc2)c2ccc(-c3ccc(-c4ccc(-c5ccncn5)s4)cc3)cc2)cc1,True,False
NS(=O)(=O)c1ccc(-c2[nH]c3ccc(O)cc3c2-c2ccc(F)cc2)cc1,c1ccc(-c2[nH]c3ccccc3c2-c2ccccc2)cc1,c1ccc(-c2[nH]c3ccccc3c2-c2ccccc2)cc1,True,False
NC(=S)NC(=O)c1cccc2ccccc12,c1ccc2ccccc2c1,c1ccc2ccccc2c1,True,False
O=Cc1ccc(O)cc1,c1ccccc1,c1ccccc1,False,True
COc1cc2c(OC)c(OC)c3cc(OC)cc4c(OC)c(OC)c(c1)c2c34,c1cc2ccc3cccc4ccc(c1)c2c34,c1cc2ccc3cccc4ccc(c1)c2c34,True,False
COc1ccc(-n2cc(-c3ccc4c(c3)C(C)c3ccccc3-4)nn2)cc1,c1ccc(-n2cc(-c3ccc4c(c3)Cc3ccccc3-4)nn2)cc1,c1ccc(-n2cc(-c3ccc4c(c3)Cc3ccccc3-4)nn2)cc1,False,True
CN(C)c1ccc(-c2nc3c(c4c2-c2ccc(C#N)cc2CC4)-c2ccc(C#N)cc2CC3)cc1,c1ccc(-c2nc3c(c4c2-c2ccccc2CC4)-c2ccccc2CC3)cc1,c1ccc(-c2nc3c(c4c2-c2ccccc2CC4)-c2ccccc2CC3)cc1,True,False
Cc1ccc(N=Cc2cccn2C)c(O)c1,C(=Nc1ccccc1)c1ccc[nH]1,C(=Nc1ccccc1)c1ccc[nH]1,True,False
Clc1ccc(-c2cc(-c3nnc(COc4ccc(Cl)cc4Cl)o3)n(Cc3ccc(Cl)nc3)n2)cc1,c1ccc(OCc2nnc(-c3cc(-c4ccccc4)nn3Cc3cccnc3)o2)cc1,c1ccc(OCc2nnc(-c3cc(-c4ccccc4)nn3Cc3cccnc3)o2)cc1,False,True
O=[N+]([O-])c1ccc(-c2cnc3cc(O)c(-c4nc5cc([N+](=O)[O-])ccc5[nH]4)cc3c2)cc1,c1ccc(-c2cnc3ccc(-c4nc5ccccc5[nH]4)cc3c2)cc1,c1ccc(-c2cnc3ccc(-c4nc5ccccc5[nH]4)cc3c2)cc1,True,False
O=C1NC(=O)C(c2cccc(Cl)c2)=C1Nc1ccc(Cl)c(C(=O)O)c1,O=C1NC(=O)C(c2ccccc2)=C1Nc1ccccc1,O=C1NC(=O)C(c2ccccc2)=C1Nc1ccccc1,True,False
c1ccc(-c2nnc(-c3cccc(-c4nnc(-c5ccccc5)c(-c5ccccc5)n4)c3)nc2-c2ccccc2)cc1,c1ccc(-c2nnc(-c3cccc(-c4nnc(-c5ccccc5)c(-c5ccccc5)n4)c3)nc2-c2ccccc2)cc1,c1ccc(-c2nnc(-c3cccc(-c4nnc(-c5ccccc5)c(-c5ccccc5)n4)c3)nc2-c2ccccc2)cc1,False,True
CCOC(=O)c1cc2cc(C(=O)c3ccccc3)cn2cc1-c1cccs1,O=C(c1ccccc1)c1cc2ccc(-c3cccs3)cn2c1,O=C(c1ccccc1)c1cc2ccc(-c3cccs3)cn2c1,True,False
Cc1sc(-c2ccccc2)c(C)c1C1=C(c2c(C)sc(-c3ccccc3)c2C)C(F)(F)C(F)(F)C1(F)F,c1ccc(-c2cc(C3=C(c4csc(-c5ccccc5)c4)CCC3)cs2)cc1,c1ccc(-c2cc(C3=C(c4csc(-c5ccccc5)c4)CCC3)cs2)cc1,False,True
C(=Nc1ccc2ccccc2c1)c1ccc(C=Nc2ccc3ccccc3c2)cc1,C(=Nc1ccc2ccccc2c1)c1ccc(C=Nc2ccc3ccccc3c2)cc1,C(=Nc1ccc2ccccc2c1)c1ccc(C=Nc2ccc3ccccc3c2)cc1,True,False
Nc1ccccc1[N+](=O)[O-],c1ccccc1,c1ccccc1,False,True
CCN(CCO)c1ccc(N=Nc2nc(-c3ccc(Cl)cc3Cl)cs2)cc1,c1ccc(N=Nc2nc(-c3ccccc3)cs2)cc1,c1ccc(N=Nc2nc(-c3ccccc3)cs2)cc1,True,False
Cc1sc2ccccc2c1-c1sc(-c2ccsc2)c2ccccc12,c1ccc2c(-c3sc(-c4ccsc4)c4ccccc34)csc2c1,c1ccc2c(-c3sc(-c4ccsc4)c4ccccc34)csc2c1,False,True
CCOC(=O)C(C#N)=C1c2ccccc2-c2c1sc(N)c2C#N,C=C1c2ccccc2-c2ccsc21,C=C1c2ccccc2-c2ccsc21,True,False
c1ccc2c(c1)Nc1cc3ccccc3cc1S2,c1ccc2c(c1)Nc1cc3ccccc3cc1S2,c1ccc2c(c1)Nc1cc3ccccc3cc1S2,True,False
COc1cc2c(=O)c(C(=O)c3ccccc3Cc3ccccc3)cn(C)c2cc1OC,O=C(c1ccccc1Cc1ccccc1)c1c[nH]c2ccccc2c1=O,O=C(c1ccccc1Cc1ccccc1)c1c[nH]c2ccccc2c1=O,True,False
Oc1c(Cl)cc(Cl)cc1C=Nc1nc2ccccc2s1,C(=Nc1nc2ccccc2s1)c1ccccc1,C(=Nc1nc2ccccc2s1)c1ccccc1,True,False
Cc1ccc2nc(N=Nc3ccc4cccccc3-4)sc2c1,c1ccc2ccc(N=Nc3nc4ccccc4s3)c-2cc1,c1ccc2ccc(N=Nc3nc4ccccc4s3)c-2cc1,True,False
Clc1ccc2[nH]c3c(Cl)cc(Cl)cc3c2c1,c1ccc2c(c1)[nH]c1ccccc12,c1ccc2c(c1)[nH]c1ccccc12,True,False
N#CC(=Cc1ccc(-c2ccc(N3c4ccccc4C=Cc4ccccc43)cc2)s1)C(=O)O,C1=Cc2ccccc2N(c2ccc(-c3cccs3)cc2)c2ccccc21,C1=Cc2ccccc2N(c2ccc(-c3cccs3)cc2)c2ccccc21,False,True
COC(=O)c1c(C(=O)OC)c2cccnn2c1C(=O)c1ccc(C)cc1,O=C(c1ccccc1)c1ccc2cccnn12,O=C(c1ccccc1)c1ccc2cccnn12,True,False
COc1cc2nc(C=Cc3ccc(C)cc3)c(C=Cc3ccc(-c4cc(-c5ccccn5)nc(-c5ccccn5)c4)cc3)nc2cc1OC,C(=Cc1nc2ccccc2nc1C=Cc1ccc(-c2cc(-c3ccccn3)nc(-c3ccccn3)c2)cc1)c1ccccc1,C(=Cc1nc2ccccc2nc1C=Cc1ccc(-c2cc(-c3ccccn3)nc(-c3ccccn3)c2)cc1)c1ccccc1,False,True
COC1OC(=O)C(Br)=C1Nc1ccc(F)cc1,O=C1C=C(Nc2ccccc2)CO1,O=C1C=C(Nc2ccccc2)CO1,True,False
O=C1C(O)=C(C(Nc2ccccc2)c2ccc(O)cc2)C(=O)c2ccccc21,O=C1C=C(C(Nc2ccccc2)c2ccccc2)C(=O)c2ccccc21,O=C1C=C(C(Nc2ccccc2)c2ccccc2)C(=O)c2ccccc21,False,True
COc1ccc(-c2ccc(-c3ccc(-c4cccc5ccccc45)s3)s2)cc1,c1ccc(-c2ccc(-c3ccc(-c4cccc5ccccc45)s3)s2)cc1,c1ccc(-c2ccc(-c3ccc(-c4cccc5ccccc45)s3)s2)cc1,False,True
COc1ccc(C(C#N)=Cc2ccc(-c3csc(C=C(C#N)c4ccccc4)c3)cc2)cc1OC,C(=Cc1ccc(-c2csc(C=Cc3ccccc3)c2)cc1)c1ccccc1,C(=Cc1ccc(-c2csc(C=Cc3ccccc3)c2)cc1)c1ccccc1,True,False
COc1ccc(-c2nc3c(c4c2-c2ccc(Br)cc2CC4)-c2ccc(Br)cc2CC3)cc1,c1ccc(-c2nc3c(c4c2-c2ccccc2CC4)-c2ccccc2CC3)cc1,c1ccc(-c2nc3c(c4c2-c2ccccc2CC4)-c2ccccc2CC3)cc1,True,False
CC1c2cc(-c3ccc(-c4cccs4)s3)ccc2-c2ccc([N+](=O)[O-])cc21,c1csc(-c2ccc(-c3ccc4c(c3)Cc3ccccc3-4)s2)c1,c1csc(-c2ccc(-c3ccc4c(c3)Cc3ccccc3-4)s2)c1,True,False
COc1c2ccccc2c(OC)c2ccccc12,c1ccc2cc3ccccc3cc2c1,c1ccc2cc3ccccc3cc2c1,False,True
Cn1c2ccccc2c2cc(C=O)ccc21,c1ccc2c(c1)[nH]c1ccccc12,c1ccc2c(c1)[nH]c1ccccc12,True,False
COc1cc(NS(=O)(=O)c2ccc(N=Nc3ccc(N=Nc4ccc(N(C)CCO)cc4)cc3)cc2)nc(OC)n1,O=S(=O)(Nc1ccncn1)c1ccc(N=Nc2ccc(N=Nc3ccccc3)cc2)cc1,O=S(=O)(Nc1ccncn1)c1ccc(N=Nc2ccc(N=Nc3ccccc3)cc2)cc1,False,True
O=S(=O)(O)c1ccc2ccccc2c1,c1ccc2ccccc2c1,c1ccc2ccccc2c1,True,False
Cc1ccc(-c2nnc(-c3ccn4c(nc5ccccc54)c3-c3ccccc3)o2)cc1,c1ccc(-c2nnc(-c3ccn4c(nc5ccccc54)c3-c3ccccc3)o2)cc1,c1ccc(-c2nnc(-c3ccn4c(nc5ccccc54)c3-c3ccccc3)o2)cc1,True,False
O=c1nc2c(-c3ccccc3)c(-c3ccccc3)nc-2c1=O,O=c1nc2c(-c3ccccc3)c(-c3ccccc3)nc-2c1=O,O=c1nc2c(-c3ccccc3)c(-c3ccccc3)nc-2c1=O,True,False
CC(=O)c1ccc2cc(O)ccc2c1,c1ccc2ccccc2c1,c1ccc2ccccc2c1,True,False
CC1c2cc(-c3ccc(-c4ccc(-c5ccc(-c6cccs6)s5)s4)s3)ccc2-c2ccc([N+](=O)[O-])cc21,c1csc(-c2ccc(-c3ccc(-c4ccc(-c5ccc6c(c5)Cc5ccccc5-6)s4)s3)s2)c1,c1csc(-c2ccc(-c3ccc(-c4ccc(-c5ccc6c(c5)Cc5ccccc5-6)s4)s3)s2)c1,True,False
C=Cc1ccc(CN2c3ccccc3Oc3ccccc32)cc1,c1ccc(CN2c3ccccc3Oc3ccccc32)cc1,c1ccc(CN2c3ccccc3Oc3ccccc32)cc1,True,False
O=C1C(=CC=C2C=C(c3ccccc3)SC(c3ccccc3)=C2)C(=O)c2ccccc21,O=C1C(=CC=C2C=C(c3ccccc3)SC(c3ccccc3)=C2)C(=O)c2ccccc21,O=C1C(=CC=C2C=C(c3ccccc3)SC(c3ccccc3)=C2)C(=O)c2ccccc21,True,False
Clc1nc(Cl)nc(Nc2ccc3cc4ccccc4cc3c2)n1,c1ccc2cc3cc(Nc4ncncn4)ccc3cc2c1,c1ccc2cc3cc(Nc4ncncn4)ccc3cc2c1,False,True
Clc1ccc2[nH]c3ccccc3c2c1,c1ccc2c(c1)[nH]c1ccccc12,c1ccc2c(c1)[nH]c1ccccc12,True,False
Cc1cc2nn(-c3ccccc3)cc2c2nc3ccccc3n12,c1ccc(-n2cc3c(ccn4c5ccccc5nc34)n2)cc1,c1ccc(-n2cc3c(ccn4c5ccccc5nc34)n2)cc1,False,True
OC1(c2ccc(-c3cccs3)s2)CCC(c2ccccc2)CC1,c1ccc(C2CCC(c3ccc(-c4cccs4)s3)CC2)cc1,c1ccc(C2CCC(c3ccc(-c4cccs4)s3)CC2)cc1,True,False
NCc1ccccc1-c1ccccc1-c1nc2ccccc2s1,c1ccc(-c2ccccc2-c2nc3ccccc3s2)cc1,c1ccc(-c2ccccc2-c2nc3ccccc3s2)cc1,False,True
CCCOc1cc2c(cc1C=C(c1ccccc1)c1ccccc1)c1cc(C=C(c3ccccc3)c3ccccc3)ccc1n2CCC,C(=C(c1ccccc1)c1ccccc1)c1ccc2[nH]c3ccc(C=C(c4ccccc4)c4ccccc4)cc3c2c1,C(=C(c1ccccc1)c1ccccc1)c1ccc2[nH]c3ccc(C=C(c4ccccc4)c4ccccc4)cc3c2c1,True,False
CC(C)(C)C1CCC(=CSC=Cc2ccc(C=CSC=C3CCC(C(C)(C)C)CC3)cc2)CC1,C(=Cc1ccc(C=CSC=C2CCCCC2)cc1)SC=C1CCCCC1,C(=Cc1ccc(C=CSC=C2CCCCC2)cc1)SC=C1CCCCC1,False,True
O=[N+]([O-])c1cc2c(c([N+](=O)[O-])c1)-c1c(cc([N+](=O)[O-])cc1[N+](=O)[O-])C2=CC=CC=c1c2cccc3cccc(c32)n1Cc1ccccc1,C(=CC=c1c2cccc3cccc(c32)n1Cc1ccccc1)C=C1c2ccccc2-c2ccccc21,C(=CC=c1c2cccc3cccc(c32)n1Cc1ccccc1)C=C1c2ccccc2-c2ccccc21,True,False
CCOC(=O)c1[nH]c(C)c(C(C)=O)c1C,c1cc[nH]c1,c1cc[nH]c1,True,False
O=C1c2ccccc2C(=O)c2c1ccc1nc(-c3ccccc3)c(-c3ccccc3)nc21,O=C1c2ccccc2C(=O)c2c1ccc1nc(-c3ccccc3)c(-c3ccccc3)nc21,O=C1c2ccccc2C(=O)c2c1ccc1nc(-c3ccccc3)c(-c3ccccc3)nc21,True,False
CC(C)CC(C(=O)Nc1ccc(S(=O)(=O)c2ccc(N)cc2)cc1)N1C(=O)c2cccc3c(NCCSc4ccccc4)ccc(c23)C1=O,O=C(CN1C(=O)c2cccc3c(NCCSc4ccccc4)ccc(c23)C1=O)Nc1ccc(S(=O)(=O)c2ccccc2)cc1,O=C(CN1C(=O)c2cccc3c(NCCSc4ccccc4)ccc(c23)C1=O)Nc1ccc(S(=O)(=O)c2ccccc2)cc1,True,False
Cc1nc2c3c(-c4ccccc4)n(-c4ccccc4)nc3c(C)nn2c1N=Nc1ccc(Cl)cc1,c1ccc(N=Nc2cnc3c4c(-c5ccccc5)n(-c5ccccc5)nc4cnn23)cc1,c1ccc(N=Nc2cnc3c4c(-c5ccccc5)n(-c5ccccc5)nc4cnn23)cc1,True,False
c1ccc2ocnc2c1,c1ccc2ocnc2c1,c1ccc2ocnc2c1,True,False
Cc1cccc(Nc2ccccc2C(=O)O)c1C,c1ccc(Nc2ccccc2)cc1,c1ccc(Nc2ccccc2)cc1,True,False
c1ccc(-c2nc(CCCc3n[nH]c(-c4ccccn4)n3)n[nH]2)nc1,c1ccc(-c2nc(CCCc3n[nH]c(-c4ccccn4)n3)n[nH]2)nc1,c1ccc(-c2nc(CCCc3n[nH]c(-c4ccccn4)n3)n[nH]2)nc1,True,False
O=c1oc2ccccc2cc1-c1csc(N=Nc2ccc(Nc3ccccc3)cc2)n1,O=c1oc2ccccc2cc1-c1csc(N=Nc2ccc(Nc3ccccc3)cc2)n1,O=c1oc2ccccc2cc1-c1csc(N=Nc2ccc(Nc3ccccc3)cc2)n1,True,False
CC(C)(C)NC(=O)c1c([Si](C)(C)C)cc2ccc3cccc4ccc1c2c34,c1cc2ccc3cccc4ccc(c1)c2c34,c1cc2ccc3cccc4ccc(c1)c2c34,True,False
Cc1cccc(N=Cc2ccccn2)c1C,C(=Nc1ccccc1)c1ccccn1,C(=Nc1ccccc1)c1ccccn1,True,False
COc1ccccc1OCc1nnc(-c2cc(-c3ccc(Cl)cc3)nn2Cc2ccc(C(C)(C)C)cc2)o1,c1ccc(Cn2nc(-c3ccccc3)cc2-c2nnc(COc3ccccc3)o2)cc1,c1ccc(Cn2nc(-c3ccccc3)cc2-c2nnc(COc3ccccc3)o2)cc1,True,False
Fc1ccc(-c2c3ccccc3c(C3c4ccccc4-c4ccccc43)c3ccccc23)cc1,c1ccc(-c2c3ccccc3c(C3c4ccccc4-c4ccccc43)c3ccccc23)cc1,c1ccc(-c2c3ccccc3c(C3c4ccccc4-c4ccccc43)c3ccccc23)cc1,True,False
CN(C)c1ccc(C=Cc2ccn3cc(-c4ccccc4-c4ccc(Cl)cc4)nc3c2)cc1,C(=Cc1ccn2cc(-c3ccccc3-c3ccccc3)nc2c1)c1ccccc1,C(=Cc1ccn2cc(-c3ccccc3-c3ccccc3)nc2c1)c1ccccc1,True,False
O=Cc1ccc(C=NNC(=O)c2ccc(Cn3c4ccccc4c4ccccc43)cc2)cc1,O=C(NN=Cc1ccccc1)c1ccc(Cn2c3ccccc3c3ccccc32)cc1,O=C(NN=Cc1ccccc1)c1ccc(Cn2c3ccccc3c3ccccc32)cc1,False,True
Cc1ccc(-c2nnc(-c3ccn4c(C)nc(Cl)c4c3)o2)cc1,c1ccc(-c2nnc(-c3ccn4cncc4c3)o2)cc1,c1ccc(-c2nnc(-c3ccn4cncc4c3)o2)cc1,True,False
c1ccc(-c2ccc(C(=C(c3ccc(-c4ccccc4)cc3)c3ccc(-c4ccccc4)cc3)c3ccc(-c4ccccc4)cc3)cc2)cc1,c1ccc(-c2ccc(C(=C(c3ccc(-c4ccccc4)cc3)c3ccc(-c4ccccc4)cc3)c3ccc(-c4ccccc4)cc3)cc2)cc1,c1ccc(-c2ccc(C(=C(c3ccc(-c4ccccc4)cc3)c3ccc(-c4ccccc4)cc3)c3ccc(-c4ccccc4)cc3)cc2)cc1,True,False
Nc1nn2c(-c3ccccc3)ccnc2c1N=Nc1ccccc1,c1ccc(N=Nc2cnn3c(-c4ccccc4)ccnc23)cc1,c1ccc(N=Nc2cnn3c(-c4ccccc4)ccnc23)cc1,False,True
Cc1ccc(-c2sc(-c3cccs3)c3cc4ccccc4cc23)cc1,c1ccc(-c2sc(-c3cccs3)c3cc4ccccc4cc23)cc1,c1ccc(-c2sc(-c3cccs3)c3cc4ccccc4cc23)cc1,True,False
O=C1C(O)=C(C(Nc2ccccn2)c2ccccc2)C(=O)c2ccccc21,O=C1C=C(C(Nc2ccccn2)c2ccccc2)C(=O)c2ccccc21,O=C1C=C(C(Nc2ccccn2)c2ccccc2)C(=O)c2ccccc21,True,False
O=C(O)c1cc([N+](=O)[O-])c(N=Nc2ccc(O)c3ccccc23)c([N+](=O)[O-])c1,c1ccc(N=Nc2cccc3ccccc23)cc1,c1ccc(N=Nc2cccc3ccccc23)cc1,True,False
O=Cc1ccccc1[N+](=O)[O-],c1ccccc1,c1ccccc1,False,True
COc1ccc2c3ccccc3c3c(OC)c(OC)c(OC)c(OC)c3c2c1OC,c1ccc2c(c1)c1ccccc1c1ccccc21,c1ccc2c(c1)c1ccccc1c1ccccc21,True,False
CN(C)c1ccc(C(=Cc2ccc(C=Cc3ccc(C#N)cc3)cc2)c2ccc(N(C)C)cc2)cc1,C(=Cc1ccc(C=C(c2ccccc2)c2ccccc2)cc1)c1ccccc1,C(=Cc1ccc(C=C(c2ccccc2)c2ccccc2)cc1)c1ccccc1,True,False
C(#Cc1ccccc1-c1ccccc1)c1ccccc1,C(#Cc1ccccc1-c1ccccc1)c1ccccc1,C(#Cc1ccccc1-c1ccccc1)c1ccccc1,True,False
CNC(=O)c1cc(=O)c2cc(OC)ccc2o1,O=c1ccoc2ccccc12,O=c1ccoc2ccccc12,False,True
CCN1c2ccc(C=C(C#N)C(=O)O)cc2Sc2cc(-c3ccc(OC)cc3)ccc21,c1ccc(-c2ccc3c(c2)Sc2ccccc2N3)cc1,c1ccc(-c2ccc3c(c2)Sc2ccccc2N3)cc1,False,True
N#Cc1cc(-c2cccc(C(F)(F)F)c2)sc1-c1sc(-c2cccc(C(F)(F)F)c2)cc1C#N,c1ccc(-c2ccc(-c3ccc(-c4ccccc4)s3)s2)cc1,c1ccc(-c2ccc(-c3ccc(-c4ccccc4)s3)s2)cc1,False,True
C#Cc1nc(C=Cc2ccc(N(C)C)cc2)cc(C=Cc2ccc(N(C)C)cc2)n1,C(=Cc1cc(C=Cc2ccccc2)ncn1)c1ccccc1,C(=Cc1cc(C=Cc2ccccc2)ncn1)c1ccccc1,True,False
CCN(CC)CCOc1ccc(C(O)(Cc2ccc(Cl)cc2)c2ccc(C)cc2)cc1,c1ccc(CC(c2ccccc2)c2ccccc2)cc1,c1ccc(CC(c2ccccc2)c2ccccc2)cc1,False,True
CC(CNC(=O)c1cccc2c1ccc1sc3ccccc3c12)N(C)C,c1ccc2c(c1)ccc1sc3ccccc3c12,c1ccc2c(c1)ccc1sc3ccccc3c12,False,True
COc1ccc2c(c1)[Si](c1ccccc1)(c1ccccc1)c1cc(OC)ccc1N2,c1ccc([Si]2(c3ccccc3)c3ccccc3Nc3ccccc32)cc1,c1ccc([Si]2(c3ccccc3)c3ccccc3Nc3ccccc32)cc1,False,True
COc1ccc(-c2ccc3c(c2)C(C)(C)C2(C)NC(=O)CN32)cc1,O=C1CN2c3ccc(-c4ccccc4)cc3CC2N1,O=C1CN2c3ccc(-c4ccccc4)cc3CC2N1,True,False
CO[Si](CCCSC(=O)c1ccc(-c2ccccc2)cc1)(OC)OC,c1ccc(-c2ccccc2)cc1,c1ccc(-c2ccccc2)cc1,True,False
COC(=O)c1ccc2nc3c4ccccc4c4ccccc4c3nc2c1C(=O)OC,c1ccc2nc3c4ccccc4c4ccccc4c3nc2c1,c1ccc2nc3c4ccccc4c4ccccc4c3nc2c1,True,False
Cc1ccc(-c2nc3ccc4c(c3nc2-c2ccc(C)cc2)C(=O)c2ccccc2C4=O)cc1,O=C1c2ccccc2C(=O)c2c1ccc1nc(-c3ccccc3)c(-c3ccccc3)nc21,O=C1c2ccccc2C(=O)c2c1ccc1nc(-c3ccccc3)c(-c3ccccc3)nc21,True,False
Cc1cc(C)c(Cn2ccnc2)c(C)c1Cn1ccnc1,c1cc(Cn2ccnc2)cc(Cn2ccnc2)c1,c1cc(Cn2ccnc2)cc(Cn2ccnc2)c1,True,False
Cc1ccc2cc3ccccc3nc2n1,c1ccc2nc3ncccc3cc2c1,c1ccc2nc3ncccc3cc2c1,True,False
COc1cccc(Nc2cc(CO)c(N)c3c2C(=O)c2ccccc2C3=O)c1,O=C1c2ccccc2C(=O)c2c(Nc3ccccc3)cccc21,O=C1c2ccccc2C(=O)c2c(Nc3ccccc3)cccc21,False,True
Cc1ccc2ccc3c(C(=O)O)ccc4ccc1c2c43,c1cc2ccc3cccc4ccc(c1)c2c34,c1cc2ccc3cccc4ccc(c1)c2c34,True,False
Cn1c(-c2ccc(C#N)cc2)cnc1-c1ccc(-c2nc3ccccc3n2C)cc1,c1ccc(-c2cnc(-c3ccc(-c4nc5ccccc5[nH]4)cc3)[nH]2)cc1,c1ccc(-c2cnc(-c3ccc(-c4nc5ccccc5[nH]4)cc3)[nH]2)cc1,True,False
Oc1cccnc1,c1ccncc1,c1ccncc1,False,True
COc1cc(-c2ccc(C#N)cc2)c(OC)cc1-c1ccc(C#N)cc1,c1ccc(-c2ccc(-c3ccccc3)cc2)cc1,c1ccc(-c2ccc(-c3ccccc3)cc2)cc1,False,True
Cc1cc2sccc2c2cc(C#N)ccc12,c1ccc2c(c1)ccc1sccc12,c1ccc2c(c1)ccc1sccc12,True,False
N#Cc1c(N)nc(N)c(C#N)c1-c1cccc([N+](=O)[O-])c1,c1ccc(-c2ccncc2)cc1,c1ccc(-c2ccncc2)cc1,True,False
CCn1c2ccccc2c2cc(C#Cc3cccs3)ccc21,C(#Cc1cccs1)c1ccc2[nH]c3ccccc3c2c1,C(#Cc1cccs1)c1ccc2[nH]c3ccccc3c2c1,False,True
COC(=O)c1c(C(=O)OC)c2cc(C)ccn2c1-c1nc(C#N)c(C#N)nc1-c1ccccc1,c1ccc(-c2nccnc2-c2ccc3ccccn23)cc1,c1ccc(-c2nccnc2-c2ccc3ccccn23)cc1,True,False
CN[C@H](C(=O)NC(=O)[C@H](Cc1ccccc1)N[C@@H](Cc1ccc(O)cc1)P(=O)(O)O)C(C)C,c1ccc(CCNCCc2ccccc2)cc1,c1ccc(CCNCCc2ccccc2)cc1,True,False
Cc1ccc2c(-c3cc(-c4cc5c(ccc6ccccc65)oc4=O)nc(-c4cc5c(ccc6ccccc65)oc4=O)c3)cc(=O)oc2c1,O=c1cc(-c2cc(-c3cc4c(ccc5ccccc54)oc3=O)nc(-c3cc4c(ccc5ccccc54)oc3=O)c2)c2ccccc2o1,O=c1cc(-c2cc(-c3cc4c(ccc5ccccc54)oc3=O)nc(-c3cc4c(ccc5ccccc54)oc3=O)c2)c2ccccc2o1,True,False
Nc1c(Br)cc(Nc2ccc(Nc3ccccc3)c(S(=O)(=O)O)c2)c2c1C(=O)c1ccccc1C2=O,O=C1c2ccccc2C(=O)c2c(Nc3ccc(Nc4ccccc4)cc3)cccc21,O=C1c2ccccc2C(=O)c2c(Nc3ccc(Nc4ccccc4)cc3)cccc21,False,True
CC(=O)C(=NNc1ccccc1C(=O)O)C(=O)c1ccccc1,O=C(C=NNc1ccccc1)c1ccccc1,O=C(C=NNc1ccccc1)c1ccccc1,True,False
O=S(=O)(O)c1c(N=Nc2ccc3ccccc3c2O)ccc2ccccc12,c1ccc2cc(N=Nc3ccc4ccccc4c3)ccc2c1,c1ccc2cc(N=Nc3ccc4ccccc4c3)ccc2c1,True,False
O=C1c2cc3ccc([N+](=O)[O-])cc3cc2C(=O)N1c1ccccc1,O=C1c2cc3ccccc3cc2C(=O)N1c1ccccc1,O=C1c2cc3ccccc3cc2C(=O)N1c1ccccc1,True,False
COc1ccc(N(c2ccc(OC)cc2)c2ccc3nc(C=C(C#N)C(=O)O)ncc3c2)cc1,c1ccc(N(c2ccccc2)c2ccc3ncncc3c2)cc1,c1ccc(N(c2ccccc2)c2ccc3ncncc3c2)cc1,True,False
CCOC(=O)c1cc2cc3cc(OC)ccc3nc2nc1C,c1ccc2nc3ncccc3cc2c1,c1ccc2nc3ncccc3cc2c1,True,False
O=C(NCCC[Si]12OCCN(CCO1)CCO2)c1ccc(-c2ccccc2)cc1,O=C(NCCC[Si]12OCCN(CCO1)CCO2)c1ccc(-c2ccccc2)cc1,O=C(NCCC[Si]12OCCN(CCO1)CCO2)c1ccc(-c2ccccc2)cc1,False,True
Cn1c2ccccc2c2cc3c(cc21)c1ccccc1n3C,c1ccc2c(c1)[nH]c1cc3c(cc12)[nH]c1ccccc13,c1ccc2c(c1)[nH]c1cc3c(cc12)[nH]c1ccccc13,True,False
COc1c(-c2nnc(-c3ccccc3)o2)sc(-c2nnc(-c3ccccc3)o2)c1OC,c1ccc(-c2nnc(-c3ccc(-c4nnc(-c5ccccc5)o4)s3)o2)cc1,c1ccc(-c2nnc(-c3ccc(-c4nnc(-c5ccccc5)o4)s3)o2)cc1,False,True
CC1(C)C2=CC(=O)CCN2c2ccc3ccccc3c21,O=C1C=C2Cc3c(ccc4ccccc34)N2CC1,O=C1C=C2Cc3c(ccc4ccccc34)N2CC1,True,False
Cc1ccc(-c2nc3ncccn3c2CO)cc1,c1ccc(-c2cn3cccnc3n2)cc1,c1ccc(-c2cn3cccnc3n2)cc1,True,False
CCOC(=O)C1=C(c2ccccc2)NC(=O)C1=Cc1cccs1,O=C1NC(c2ccccc2)=CC1=Cc1cccs1,O=C1NC(c2ccccc2)=CC1=Cc1cccs1,True,False
CC1(C)CC(c2ccccc2)C(CO[N+](=O)[O-])=NO1,C1=NOCCC1c1ccccc1,C1=NOCCC1c1ccccc1,False,True
COc1ccc(-n2nc(C#N)c(N3CCN(c4ccccn4)CC3)n2)cc1,c1ccc(-n2ncc(N3CCN(c4ccccn4)CC3)n2)cc1,c1ccc(-n2ncc(N3CCN(c4ccccn4)CC3)n2)cc1,True,False
CC(C)(c1ccc(O)c(O)c1)c1ccc(O)c(O)c1,c1ccc(Cc2ccccc2)cc1,c1ccc(Cc2ccccc2)cc1,False,True
CC(C)(C)c1cc2ccc3ccc(-c4ccc5ccc6cccc7ccc4c5c67)c4ccc(c1)c2c34,c1cc2ccc3ccc(-c4ccc5ccc6cccc7ccc4c5c67)c4ccc(c1)c2c34,c1cc2ccc3ccc(-c4ccc5ccc6cccc7ccc4c5c67)c4ccc(c1)c2c34,True,False
CCn1c2ccc(-c3ccccc3)cc2c2c1c1c3cc(-c4ccccc4)ccc3n(CC)c1c1c3cc(-c4ccccc4)ccc3n(CC)c21,c1ccc(-c2ccc3[nH]c4c(c3c2)c2[nH]c3ccc(-c5ccccc5)cc3c2c2[nH]c3ccc(-c5ccccc5)cc3c42)cc1,c1ccc(-c2ccc3[nH]c4c(c3c2)c2[nH]c3ccc(-c5ccccc5)cc3c2c2[nH]c3ccc(-c5ccccc5)cc3c42)cc1,False,True
CCOC(=O)C1C(=O)C=C(c2ccco2)CC1c1ccc(OC)cc1,O=C1C=C(c2ccco2)CC(c2ccccc2)C1,O=C1C=C(c2ccco2)CC(c2ccccc2)C1,False,True
O=C1NNC(O)c2ccc3nc(-c4ccccc4)c(-c4ccccc4)nc3c21,O=C1NNCc2ccc3nc(-c4ccccc4)c(-c4ccccc4)nc3c21,O=C1NNCc2ccc3nc(-c4ccccc4)c(-c4ccccc4)nc3c21,True,False
c1ccc2nc3nc4c(cc3cc2c1)CCC4,c1ccc2nc3nc4c(cc3cc2c1)CCC4,c1ccc2nc3nc4c(cc3cc2c1)CCC4,True,False
CCCOC(=O)c1ccncc1C(=O)OCCC,c1ccncc1,c1ccncc1,False,True
CN(C)c1ccc(C=C(C#N)[N+](=O)[O-])cc1,c1ccccc1,c1ccccc1,False,True
COc1ccc(C=Cc2ccc(-c3nc(-c4ccccc4)c(-c4ccccc4)n3-c3ccc(Cl)cc3)cc2)cc1,C(=Cc1ccc(-c2nc(-c3ccccc3)c(-c3ccccc3)n2-c2ccccc2)cc1)c1ccccc1,C(=Cc1ccc(-c2nc(-c3ccccc3)c(-c3ccccc3)n2-c2ccccc2)cc1)c1ccccc1,False,True
Nc1ccc(Br)c2c1C(=O)c1ccccc1C2=O,O=C1c2ccccc2C(=O)c2ccccc21,O=C1c2ccccc2C(=O)c2ccccc21,True,False
Nc1nc2c(N=Nc3ccccc3Cl)c(N)nn2c(N)c1N=Nc1nc2ccccc2s1,c1ccc(N=Nc2cnn3cc(N=Nc4nc5ccccc5s4)cnc23)cc1,c1ccc(N=Nc2cnn3cc(N=Nc4nc5ccccc5s4)cnc23)cc1,True,False
CO[Si](CCCSC(=O)c1ccccn1)(OC)OC,c1ccncc1,c1ccncc1,False,True
CN(C)c1ccc(C#Cc2cc(C#Cc3ccc(N(C)C)cc3)nc(Cl)n2)cc1,C(#Cc1cc(C#Cc2ccccc2)ncn1)c1ccccc1,C(#Cc1cc(C#Cc2ccccc2)ncn1)c1ccccc1,True,False
Nc1nc2c(N=Nc3ccccc3)c(N)nn2c(N)c1N=Nc1ccc(Cl)cc1,c1ccc(N=Nc2cnc3c(N=Nc4ccccc4)cnn3c2)cc1,c1ccc(N=Nc2cnc3c(N=Nc4ccccc4)cnn3c2)cc1,False,True
O=c1[nH][nH]c(=O)c2cc3nc4c5ccccc5c5ccccc5c4nc3cc12,O=c1[nH][nH]c(=O)c2cc3nc4c5ccccc5c5ccccc5c4nc3cc12,O=c1[nH][nH]c(=O)c2cc3nc4c5ccccc5c5ccccc5c4nc3cc12,True,False
COc1cc2c(cc1Cl)c1ccccc1n2C,c1ccc2c(c1)[nH]c1ccccc12,c1ccc2c(c1)[nH]c1ccccc12,True,False
O=C(NN=Cc1ccccc1)c1ccc(Cn2c3ccccc3c3ccccc32)cc1,O=C(NN=Cc1ccccc1)c1ccc(Cn2c3ccccc3c3ccccc32)cc1,O=C(NN=Cc1ccccc1)c1ccc(Cn2c3ccccc3c3ccccc32)cc1,False,True
C(=NNc1ccccc1)c1cccc2ccccc12,C(=NNc1ccccc1)c1cccc2ccccc12,C(=NNc1ccccc1)c1cccc2ccccc12,True,False
CCOC(=O)Cn1cc(C(=O)c2ccccc2Cc2ccccc2)c(=O)c2ccccc21,O=C(c1ccccc1Cc1ccccc1)c1c[nH]c2ccccc2c1=O,O=C(c1ccccc1Cc1ccccc1)c1c[nH]c2ccccc2c1=O,True,False
CN(C)c1cccc(-c2nc3cc4c(CCl)cc(=O)oc4cc3o2)c1,O=c1ccc2cc3nc(-c4ccccc4)oc3cc2o1,O=c1ccc2cc3nc(-c4ccccc4)oc3cc2o1,True,False
Cc1ccc(N=Nc2c(N)n3c(nc4ccccc43)[nH]c2=O)cc1,O=c1[nH]c2nc3ccccc3n2cc1N=Nc1ccccc1,O=c1[nH]c2nc3ccccc3n2cc1N=Nc1ccccc1,False,True
O=S(=O)(Nc1cc(-c2cccs2)nn1-c1ccc(F)cc1)c1cc(C(F)(F)F)cc(C(F)(F)F)c1,O=S(=O)(Nc1cc(-c2cccs2)nn1-c1ccccc1)c1ccccc1,O=S(=O)(Nc1cc(-c2cccs2)nn1-c1ccccc1)c1ccccc1,True,False
C#Cc1c2ccccc2c(C#C)c2ccccc12,c1ccc2cc3ccccc3cc2c1,c1ccc2cc3ccccc3cc2c1,False,True
CCN1C(=O)C(=Cc2ccc(N(C)CCO)cc2)C(=O)N(CC)C1=S,O=C1NC(=S)NC(=O)C1=Cc1ccccc1,O=C1NC(=S)NC(=O)C1=Cc1ccccc1,False,True
CONc1c([N+](=O)[O-])cc(C(=O)NCC2COCCOCCOCCOCCOCCO2)cc1[N+](=O)[O-],O=C(NCC1COCCOCCOCCOCCOCCO1)c1ccccc1,O=C(NCC1COCCOCCOCCOCCOCCO1)c1ccccc1,False,True
COC(=O)c1cc2c3cc(OC)c(OC)cc3c3cc(OC)c(OC)cc3c2cc1C(=O)OC,c1ccc2c(c1)c1ccccc1c1ccccc21,c1ccc2c(c1)c1ccccc1c1ccccc21,True,False
COc1ccc(C=Cc2sc(C=Cc3ccc(OC)s3)c([N+](=O)[O-])c2[N+](=O)[O-])s1,C(=Cc1ccc(C=Cc2cccs2)s1)c1cccs1,C(=Cc1ccc(C=Cc2cccs2)s1)c1cccs1,True,False
CC1(C)c2ccccc2C(C)(C)c2ccccc21,c1ccc2c(c1)Cc1ccccc1C2,c1ccc2c(c1)Cc1ccccc1C2,True,False
COc1ccc(C2(c3ccc(OC)cc3OC)C=C3c4ccccc4C=CC3OC2)c(OC)c1,C1=CC2OCC(c3ccccc3)(c3ccccc3)C=C2c2ccccc21,C1=CC2OCC(c3ccccc3)(c3ccccc3)C=C2c2ccccc21,True,False
COC(=O)c1cc2ccccc2cc1-c1cc2ccccc2cc1C(=O)N[C@H](C)C(C)(C)C,c1ccc2cc(-c3ccc4ccccc4c3)ccc2c1,c1ccc2cc(-c3ccc4ccccc4c3)ccc2c1,True,False
O=C1c2cccc(Cl)c2C(=O)c2c(Cl)cccc21,O=C1c2ccccc2C(=O)c2ccccc21,O=C1c2ccccc2C(=O)c2ccccc21,True,False
COc1ccc(C(=O)OCc2ccc3c4cccc5cccc(c6cccc2c63)c54)cc1,O=C(OCc1ccc2c3cccc4cccc(c5cccc1c52)c43)c1ccccc1,O=C(OCc1ccc2c3cccc4cccc(c5cccc1c52)c43)c1ccccc1,True,False
COc1ccc(-c2nc(C#N)c(C#N)nc2-c2ccc(OC)cc2)cc1,c1ccc(-c2nccnc2-c2ccccc2)cc1,c1ccc(-c2nccnc2-c2ccccc2)cc1,False,True
COc1ccc(C=CC(=O)O)cc1,c1ccccc1,c1ccccc1,False,True
N#CC1=C2C(=NC1=O)c1cccc3c(O)ccc2c13,O=C1C=C2C(=N1)c1cccc3cccc2c13,O=C1C=C2C(=N1)c1cccc3cccc2c13,True,False
C(=Cc1cc(C=CC=C2C=C(c3ccccc3)OC(c3ccccc3)=C2)ncn1)C=C1C=C(c2ccccc2)OC(c2ccccc2)=C1,C(=Cc1cc(C=CC=C2C=C(c3ccccc3)OC(c3ccccc3)=C2)ncn1)C=C1C=C(c2ccccc2)OC(c2ccccc2)=C1,C(=Cc1cc(C=CC=C2C=C(c3ccccc3)OC(c3ccccc3)=C2)ncn1)C=C1C=C(c2ccccc2)OC(c2ccccc2)=C1,True,False
COc1ccc(-c2cn3ccc(C=Cc4ccccc4)cc3n2)cc1,C(=Cc1ccn2cc(-c3ccccc3)nc2c1)c1ccccc1,C(=Cc1ccn2cc(-c3ccccc3)nc2c1)c1ccccc1,False,True
CNc1nn(-c2ccc(OC)cc2)nc1C#N,c1ccc(-n2nccn2)cc1,c1ccc(-n2nccn2)cc1,True,False
COc1ccc(C#Cc2c(OC)c(OC)c(C#Cc3ccc(OC)cc3)c3nsnc23)cc1,C(#Cc1ccc(C#Cc2ccccc2)c2nsnc12)c1ccccc1,C(#Cc1ccc(C#Cc2ccccc2)c2nsnc12)c1ccccc1,True,False
C(=Cc1cc2ccccc2c2ccccc12)c1cc2ccccc2c2ccccc12,C(=Cc1cc2ccccc2c2ccccc12)c1cc2ccccc2c2ccccc12,C(=Cc1cc2ccccc2c2ccccc12)c1cc2ccccc2c2ccccc12,False,True
c1ncc2[nH]cnc2n1,c1ncc2[nH]cnc2n1,c1ncc2[nH]cnc2n1,True,False
CCOC(=O)c1c(O)c(N=Nc2ccc(OC)cc2)c2ccccc2c1O,c1ccc(N=Nc2cccc3ccccc23)cc1,c1ccc(N=Nc2cccc3ccccc23)cc1,True,False
Nc1nc2c(N=Nc3ccccc3)c(N)nn2c(N)c1N=Nc1ccccc1,c1ccc(N=Nc2cnc3c(N=Nc4ccccc4)cnn3c2)cc1,c1ccc(N=Nc2cnc3c(N=Nc4ccccc4)cnn3c2)cc1,False,True
c1cc(-c2cccc(-n3c4ccccc4c4ccccc43)c2)cc(-n2c3ccccc3c3ccccc32)c1,c1cc(-c2cccc(-n3c4ccccc4c4ccccc43)c2)cc(-n2c3ccccc3c3ccccc32)c1,c1cc(-c2cccc(-n3c4ccccc4c4ccccc43)c2)cc(-n2c3ccccc3c3ccccc32)c1,True,False
Clc1cccc(-n2cccc2)c1,c1ccc(-n2cccc2)cc1,c1ccc(-n2cccc2)cc1,True,False
CC(C)(C)c1ccc(C=c2oc(=Cc3ccccc3)c3ccccc23)cc1,C(c1ccccc1)=c1oc(=Cc2ccccc2)c2ccccc12,C(c1ccccc1)=c1oc(=Cc2ccccc2)c2ccccc12,True,False
CC(C)(C)[Si](C)(C)OC[C@H]1OC(n2ccc(=O)[nH]c2=O)=C(F)[C@@H]1O[Si](C)(C)C(C)(C)C,O=c1ccn(C2=CCCO2)c(=O)[nH]1,O=c1ccn(C2=CCCO2)c(=O)[nH]1,True,False
C(#Cc1cccc2nsnc12)c1ccc(-n2c3ccccc3c3ccccc32)cc1,C(#Cc1cccc2nsnc12)c1ccc(-n2c3ccccc3c3ccccc32)cc1,C(#Cc1cccc2nsnc12)c1ccc(-n2c3ccccc3c3ccccc32)cc1,False,True
CCCSC(=O)c1ccc(C(=O)SCCC)nc1,c1ccncc1,c1ccncc1,False,True
Cc1nc(C)c(C(=O)CC(=O)c2ccc(F)cc2)cc1C(=O)CC(=O)c1ccc(F)cc1,O=C(CC(=O)c1cncc(C(=O)CC(=O)c2ccccc2)c1)c1ccccc1,O=C(CC(=O)c1cncc(C(=O)CC(=O)c2ccccc2)c1)c1ccccc1,True,False
COc1ccc(-n2c3cc(C=C(C#N)C(=O)O)sc3c3sc(-c4ccc(N(c5ccccc5)c5ccccc5)cc4)cc32)cc1,c1ccc(N(c2ccccc2)c2ccc(-c3cc4c(s3)c3sccc3n4-c3ccccc3)cc2)cc1,c1ccc(N(c2ccccc2)c2ccc(-c3cc4c(s3)c3sccc3n4-c3ccccc3)cc2)cc1,True,False
Cc1ccc(C)n1-c1ccc(C(=O)O)c(O)c1,c1ccc(-n2cccc2)cc1,c1ccc(-n2cccc2)cc1,True,False
CCN(CC)c1ccc(N=Nc2nc3ccc(C)cc3s2)c(O)c1,c1ccc(N=Nc2nc3ccccc3s2)cc1,c1ccc(N=Nc2nc3ccccc3s2)cc1,False,True
c1cc(-c2noc(-c3cccc(-n4c5ccccc5c5ccccc54)c3)n2)cc(-n2c3ccccc3c3ccccc32)c1,c1cc(-c2noc(-c3cccc(-n4c5ccccc5c5ccccc54)c3)n2)cc(-n2c3ccccc3c3ccccc32)c1,c1cc(-c2noc(-c3cccc(-n4c5ccccc5c5ccccc54)c3)n2)cc(-n2c3ccccc3c3ccccc32)c1,True,False
O=P(Cl)(Oc1ccccc1)Oc1ccccc1,O=[PH](Oc1ccccc1)Oc1ccccc1,O=[PH](Oc1ccccc1)Oc1ccccc1,True,False
C(=CC=C1C=C(c2ccccc2)OC(c2ccccc2)=C1)C=Cc1ccncn1,C(=CC=C1C=C(c2ccccc2)OC(c2ccccc2)=C1)C=Cc1ccncn1,C(=CC=C1C=C(c2ccccc2)OC(c2ccccc2)=C1)C=Cc1ccncn1,True,False
COc1ccc(-c2c(-c3ccc(S(=O)(=O)NC(C)=O)cc3)[nH]c3ccccc23)cc1,c1ccc(-c2[nH]c3ccccc3c2-c2ccccc2)cc1,c1ccc(-c2[nH]c3ccccc3c2-c2ccccc2)cc1,True,False
Clc1ccc(-n2c(-c3ccc(C=Cc4ccccc4)cc3)nc(-c3ccccc3)c2-c2ccccc2)cc1,C(=Cc1ccc(-c2nc(-c3ccccc3)c(-c3ccccc3)n2-c2ccccc2)cc1)c1ccccc1,C(=Cc1ccc(-c2nc(-c3ccccc3)c(-c3ccccc3)n2-c2ccccc2)cc1)c1ccccc1,False,True
C(=Cc1ccc(-c2nc(-c3ccccc3)c(-c3ccccc3)n2-c2ccccc2)cc1)c1ccccc1,C(=Cc1ccc(-c2nc(-c3ccccc3)c(-c3ccccc3)n2-c2ccccc2)cc1)c1ccccc1,C(=Cc1ccc(-c2nc(-c3ccccc3)c(-c3ccccc3)n2-c2ccccc2)cc1)c1ccccc1,False,True
Oc1cc2ccccc2cc1O,c1ccc2ccccc2c1,c1ccc2ccccc2c1,True,False
COC(=O)[C@H](Cc1ccc2oc(-c3ncc[nH]3)nc2c1)NC(=O)OC(C)(C)C,c1ccc2oc(-c3ncc[nH]3)nc2c1,c1ccc2oc(-c3ncc[nH]3)nc2c1,True,False
O=C(CC(=O)c1cccs1)c1cccs1,O=C(CC(=O)c1cccs1)c1cccs1,O=C(CC(=O)c1cccs1)c1cccs1,True,False
COC(=O)COc1nc(-c2ccc3ccc4cccnc4c3n2)sc1C,c1cnc2c(c1)ccc1ccc(-c3nccs3)nc12,c1cnc2c(c1)ccc1ccc(-c3nccs3)nc12,True,False
COc1ccc(C=NNC(=O)c2ccc(Cn3c4ccccc4c4ccccc43)cc2)cc1,O=C(NN=Cc1ccccc1)c1ccc(Cn2c3ccccc3c3ccccc32)cc1,O=C(NN=Cc1ccccc1)c1ccc(Cn2c3ccccc3c3ccccc32)cc1,False,True
c1csc(-c2ccc3ccc4c(-c5cccs5)ccc5ccc2c3c54)c1,c1csc(-c2ccc3ccc4c(-c5cccs5)ccc5ccc2c3c54)c1,c1csc(-c2ccc3ccc4c(-c5cccs5)ccc5ccc2c3c54)c1,True,False
CC1c2ccccc2-c2ccc(C#Cc3ccc4ccc5c(C#Cc6ccc7c(c6)C(C)(C)c6ccccc6-7)ccc6ccc3c4c65)cc21,C(#Cc1ccc2ccc3c(C#Cc4ccc5c(c4)Cc4ccccc4-5)ccc4ccc1c2c43)c1ccc2c(c1)Cc1ccccc1-2,C(#Cc1ccc2ccc3c(C#Cc4ccc5c(c4)Cc4ccccc4-5)ccc4ccc1c2c43)c1ccc2c(c1)Cc1ccccc1-2,True,False
CC1c2cc3nc(-c4ccc(C(F)(F)F)cc4)[nH]c3cc2-c2cc3[nH]c(-c4ccc(C(F)(F)F)cc4)nc3cc21,c1ccc(-c2nc3cc4c(cc3[nH]2)-c2cc3[nH]c(-c5ccccc5)nc3cc2C4)cc1,c1ccc(-c2nc3cc4c(cc3[nH]2)-c2cc3[nH]c(-c5ccccc5)nc3cc2C4)cc1,True,False
Cc1c(-c2nc3ccccc3s2)sc2cc(C=O)sc12,c1ccc2sc(-c3cc4sccc4s3)nc2c1,c1ccc2sc(-c3cc4sccc4s3)nc2c1,True,False
CCN1C(=O)C(=CC=c2c3cccc4cccc(c43)n2Cc2ccccc2)C(=O)N(CC)C1=S,O=C1NC(=S)NC(=O)C1=CC=c1c2cccc3cccc(c32)n1Cc1ccccc1,O=C1NC(=S)NC(=O)C1=CC=c1c2cccc3cccc(c32)n1Cc1ccccc1,True,False
CCC1(CC)c2ccccc2-c2ccc(C3=C(c4ccc5c(c4)C(CC)(CC)c4ccccc4-5)C(F)(F)C(F)(F)C3(F)F)cc21,c1ccc2c(c1)Cc1cc(C3=C(c4ccc5c(c4)Cc4ccccc4-5)CCC3)ccc1-2,c1ccc2c(c1)Cc1cc(C3=C(c4ccc5c(c4)Cc4ccccc4-5)CCC3)ccc1-2,False,True
Cn1c(-c2ccc(C#N)cc2)cnc1-c1ccc(-c2nc3ccccc3s2)cc1,c1ccc(-c2cnc(-c3ccc(-c4nc5ccccc5s4)cc3)[nH]2)cc1,c1ccc(-c2cnc(-c3ccc(-c4nc5ccccc5s4)cc3)[nH]2)cc1,True,False
Nc1ncnc2c1ncn2[C@H]1C[C@H](O)[C@@H](COP(=O)(O)OP(=O)(O)OP(=O)(O)O)O1,c1ncc2ncn([C@H]3CCCO3)c2n1,c1ncc2ncn([C@H]3CCCO3)c2n1,False,True
Cc1ccc2nc(N=Cc3cc(Cl)cc(Cl)c3O)sc2c1,C(=Nc1nc2ccccc2s1)c1ccccc1,C(=Nc1nc2ccccc2s1)c1ccccc1,True,False
CC(=C1C(=O)OC(=C(C#N)C#N)C1=C(c1ccccc1)c1ccccc1)c1cc(C)oc1C,C=C1OC(=O)C(=Cc2ccoc2)C1=C(c1ccccc1)c1ccccc1,C=C1OC(=O)C(=Cc2ccoc2)C1=C(c1ccccc1)c1ccccc1,True,False
Cc1nn2c(N=Nc3ccc(Cl)cc3)c(-c3ccccc3)[nH]c2c1N=Nc1ccccc1,c1ccc(N=Nc2cnn3c(N=Nc4ccccc4)c(-c4ccccc4)[nH]c23)cc1,c1ccc(N=Nc2cnn3c(N=Nc4ccccc4)c(-c4ccccc4)[nH]c23)cc1,True,False
Cc1cn([C@H]2C[C@@](O)(n3cc(CNC(=O)Cc4cc(=O)oc5ccc6ccccc6c45)nn3)[C@@H](CO)O2)c(=O)[nH]c1=O,O=C(Cc1cc(=O)oc2ccc3ccccc3c12)NCc1cn(C2CO[C@@H](n3ccc(=O)[nH]c3=O)C2)nn1,O=C(Cc1cc(=O)oc2ccc3ccccc3c12)NCc1cn(C2CO[C@@H](n3ccc(=O)[nH]c3=O)C2)nn1,True,False
Cn1cc(C(=O)c2ccccc2Cc2ccccc2)c(=O)c2c(F)c(F)c(F)cc21,O=C(c1ccccc1Cc1ccccc1)c1c[nH]c2ccccc2c1=O,O=C(c1ccccc1Cc1ccccc1)c1c[nH]c2ccccc2c1=O,True,False
Cc1ccsc1-c1sc(-c2csc3ccccc23)c2ccccc12,c1csc(-c2sc(-c3csc4ccccc34)c3ccccc23)c1,c1csc(-c2sc(-c3csc4ccccc34)c3ccccc23)c1,False,True
O=c1cc(-c2cc(-c3cc4ccccc4oc3=O)nc(-c3cc4ccccc4oc3=O)c2)c2ccc3ccccc3c2o1,O=c1cc(-c2cc(-c3cc4ccccc4oc3=O)nc(-c3cc4ccccc4oc3=O)c2)c2ccc3ccccc3c2o1,O=c1cc(-c2cc(-c3cc4ccccc4oc3=O)nc(-c3cc4ccccc4oc3=O)c2)c2ccc3ccccc3c2o1,True,False
O=C(C=Cc1ccc(O)cc1)C=Cc1ccc(O)cc1,O=C(C=Cc1ccccc1)C=Cc1ccccc1,O=C(C=Cc1ccccc1)C=Cc1ccccc1,True,False
CCOC(=O)C1=C(c2ccccc2)N(C)C(=O)C1=Cc1ccccc1,O=C1NC(c2ccccc2)=CC1=Cc1ccccc1,O=C1NC(c2ccccc2)=CC1=Cc1ccccc1,False,True
Oc1ccccc1C1=NCCO1,c1ccc(C2=NCCO2)cc1,c1ccc(C2=NCCO2)cc1,True,False
Cc1ccc(-c2ccc(O)cc2)cc1,c1ccc(-c2ccccc2)cc1,c1ccc(-c2ccccc2)cc1,True,False
Oc1ccc(N=Nc2ccc(Cl)cc2)c2cccnc12,c1ccc(N=Nc2cccc3ncccc23)cc1,c1ccc(N=Nc2cccc3ncccc23)cc1,True,False
COc1cc2oc3cc(O)c(O)cc3c(=O)c2c(O)c1O[C@@H]1O[C@H](CO)[C@@H](O)[C@H](O)[C@H]1O,O=c1c2ccccc2oc2ccc(O[C@H]3CCCCO3)cc12,O=c1c2ccccc2oc2ccc(O[C@H]3CCCCO3)cc12,False,True
COc1ccc(C=Cc2ccn3cc(-c4ccccc4)nc3c2)cc1,C(=Cc1ccn2cc(-c3ccccc3)nc2c1)c1ccccc1,C(=Cc1ccn2cc(-c3ccccc3)nc2c1)c1ccccc1,False,True
O=c1c2ccccc2c(=O)c2c3oc4ccccc4oc3c3oc4ccccc4oc3c12,O=c1c2ccccc2c(=O)c2c3oc4ccccc4oc3c3oc4ccccc4oc3c12,O=c1c2ccccc2c(=O)c2c3oc4ccccc4oc3c3oc4ccccc4oc3c12,False,True
Nc1ccc2c(c1)C(=O)NC2=O,O=C1NC(=O)c2ccccc21,O=C1NC(=O)c2ccccc21,True,False
C#Cc1cccc2c(C#Cc3cccc4c(N(C)C)cccc34)cccc12,C(#Cc1cccc2ccccc12)c1cccc2ccccc12,C(#Cc1cccc2ccccc12)c1cccc2ccccc12,True,False
COC(=O)c1cc2ccccc2cc1-c1cc2ccccc2cc1C(=O)N[C@@H](C)C(C)(C)C,c1ccc2cc(-c3ccc4ccccc4c3)ccc2c1,c1ccc2cc(-c3ccc4ccccc4c3)ccc2c1,True,False
Nc1cccc(-c2nc3cc4c(CCl)cc(=O)oc4cc3o2)c1,O=c1ccc2cc3nc(-c4ccccc4)oc3cc2o1,O=c1ccc2cc3nc(-c4ccccc4)oc3cc2o1,True,False
CN1C(=CN=Nc2ccc(C=C(C#N)C#N)cc2)C(C)(C)c2ccccc21,C(N=Nc1ccccc1)=C1Cc2ccccc2N1,C(N=Nc1ccccc1)=C1Cc2ccccc2N1,False,True
Cc1nc2c3c(-c4ccccc4)n(-c4ccccc4)nc3c(C)nn2c1N=Nc1cccc(Cl)c1,c1ccc(N=Nc2cnc3c4c(-c5ccccc5)n(-c5ccccc5)nc4cnn23)cc1,c1ccc(N=Nc2cnc3c4c(-c5ccccc5)n(-c5ccccc5)nc4cnn23)cc1,True,False
CCN(CC)c1ccc(-c2nc3ccc(-n4nc5ccc6ccc(S(=O)(=O)O)cc6c5n4)cc3[nH]2)c(O)c1,c1ccc(-c2nc3ccc(-n4nc5ccc6ccccc6c5n4)cc3[nH]2)cc1,c1ccc(-c2nc3ccc(-n4nc5ccc6ccccc6c5n4)cc3[nH]2)cc1,True,False
COc1cc(OC)c2c(CC(=O)NCc3cn([C@]4(O)C[C@H](n5cc(C)c(=O)[nH]c5=O)O[C@@H]4CO)nn3)cc(=O)oc2c1,O=C(Cc1cc(=O)oc2ccccc12)NCc1cn(C2CO[C@@H](n3ccc(=O)[nH]c3=O)C2)nn1,O=C(Cc1cc(=O)oc2ccccc12)NCc1cn(C2CO[C@@H](n3ccc(=O)[nH]c3=O)C2)nn1,True,False
NN=C(C(=O)c1ccccc1O)c1ccc[nH]1,N=C(C(=O)c1ccccc1)c1ccc[nH]1,N=C(C(=O)c1ccccc1)c1ccc[nH]1,False,True
N#CC(=Cc1cccc2ccccc12)c1ccc(N(c2ccccc2)c2ccccc2)cc1,C(=Cc1cccc2ccccc12)c1ccc(N(c2ccccc2)c2ccccc2)cc1,C(=Cc1cccc2ccccc12)c1ccc(N(c2ccccc2)c2ccccc2)cc1,True,False
N#Cc1ccc(C=C(c2ccccc2)c2ccccc2)cc1,C(=C(c1ccccc1)c1ccccc1)c1ccccc1,C(=C(c1ccccc1)c1ccccc1)c1ccccc1,True,False
C#Cn1c(-c2cccs2)ccc1-c1cccs1,c1csc(-c2ccc(-c3cccs3)[nH]2)c1,c1csc(-c2ccc(-c3cccs3)[nH]2)c1,True,False
O=[N+]([O-])c1cc2c(c([N+](=O)[O-])c1)-c1c(cc([N+](=O)[O-])cc1[N+](=O)[O-])C2=CC=CC=CC=C1N(c2ccccc2)c2ccccc2N1c1ccccc1,C(C=CC=C1N(c2ccccc2)c2ccccc2N1c1ccccc1)=CC=C1c2ccccc2-c2ccccc21,C(C=CC=C1N(c2ccccc2)c2ccccc2N1c1ccccc1)=CC=C1c2ccccc2-c2ccccc21,True,False
COc1ccsc1C1=C(c2nc(-c3ccccc3)sc2OC)C(F)(F)C(F)(F)C1(F)F,c1ccc(-c2nc(C3=C(c4cccs4)CCC3)cs2)cc1,c1ccc(-c2nc(C3=C(c4cccs4)CCC3)cs2)cc1,True,False
c1cnc2[nH]ccc2c1,c1cnc2[nH]ccc2c1,c1cnc2[nH]ccc2c1,True,False
COc1cccc(N2C=Cc3cc(S(N)(=O)=O)sc3S2(=O)=O)c1,O=S1(=O)c2sccc2C=CN1c1ccccc1,O=S1(=O)c2sccc2C=CN1c1ccccc1,True,False
O=c1c2c(O)ccc(O)c2c(=O)c2c(F)c3oc4ccccc4oc3c(F)c12,O=c1c2ccccc2c(=O)c2cc3oc4ccccc4oc3cc12,O=c1c2ccccc2c(=O)c2cc3oc4ccccc4oc3cc12,True,False
CN1C(=CN=Nc2ccc(C=C3C(=C(C#N)C#N)CC(C)(C)CC3=C(C#N)C#N)cc2)C(C)(C)c2ccccc21,C=C1CCCC(=C)C1=Cc1ccc(N=NC=C2Cc3ccccc3N2)cc1,C=C1CCCC(=C)C1=Cc1ccc(N=NC=C2Cc3ccccc3N2)cc1,True,False
Cc1cc(C=C(C#N)C(=O)O)sc1C=Cc1ccc(N(c2ccccc2)c2ccccc2)cc1,C(=Cc1cccs1)c1ccc(N(c2ccccc2)c2ccccc2)cc1,C(=Cc1cccs1)c1ccc(N(c2ccccc2)c2ccccc2)cc1,True,False
COc1ccc(C#Cc2ccc(-c3c(F)c(F)c(-c4ccc(C#Cc5ccc(OC)cc5)cc4)c(F)c3F)cc2)cc1,C(#Cc1ccc(-c2ccc(-c3ccc(C#Cc4ccccc4)cc3)cc2)cc1)c1ccccc1,C(#Cc1ccc(-c2ccc(-c3ccc(C#Cc4ccccc4)cc3)cc2)cc1)c1ccccc1,True,False
COc1ccc(C(Cl)C(C)=O)cc1,c1ccccc1,c1ccccc1,False,True
COC(=O)Cc1cc(=O)oc2cc(O)ccc12,O=c1ccc2ccccc2o1,O=c1ccc2ccccc2o1,False,True
COC(=O)C=c1sc2n(c1=O)C(c1ccccc1Cl)C1=C(N=2)C1=Cc1ccccc1Cl,C=c1sc2n(c1=O)C(c1ccccc1)C1=C(N=2)C1=Cc1ccccc1,C=c1sc2n(c1=O)C(c1ccccc1)C1=C(N=2)C1=Cc1ccccc1,True,False
C=C(COc1ccc(C(=O)c2ccccc2)cc1)C(=O)O,O=C(c1ccccc1)c1ccccc1,O=C(c1ccccc1)c1ccccc1,True,False
CCN1c2ccc(C=C(C#N)C(=O)O)cc2Sc2cc(-c3ccc(O)cc3)ccc21,c1ccc(-c2ccc3c(c2)Sc2ccccc2N3)cc1,c1ccc(-c2ccc3c(c2)Sc2ccccc2N3)cc1,False,True
O=C(O)CN1C(=O)C(=Cc2ccc(N(c3ccccc3)c3ccccc3)cc2)SC1=S,O=C1NC(=S)SC1=Cc1ccc(N(c2ccccc2)c2ccccc2)cc1,O=C1NC(=S)SC1=Cc1ccc(N(c2ccccc2)c2ccccc2)cc1,True,False
COc1ccc(C2(c3ccc(OC)cc3)c3ccc[n+]([O-])c3-c3c2ccc[n+]3[O-])cc1,c1ccc(C2(c3ccccc3)c3ccc[nH+]c3-c3[nH+]cccc32)cc1,c1ccc(C2(c3ccccc3)c3ccc[nH+]c3-c3[nH+]cccc32)cc1,False,True
C[Si](C)(C#CC1=C(c2ccccc2)C(c2ccccc2)=C(C#C[Si](C)(C)c2ccccc2)[Si]1(C)c1ccccc1)c1ccccc1,C(#CC1=C(c2ccccc2)C(c2ccccc2)=C(C#C[SiH2]c2ccccc2)[SiH]1c1ccccc1)[SiH2]c1ccccc1,C(#CC1=C(c2ccccc2)C(c2ccccc2)=C(C#C[SiH2]c2ccccc2)[SiH]1c1ccccc1)[SiH2]c1ccccc1,True,False
O=c1oc2ccccc2c(O)c1N=Nc1nc(-c2ccccc2)cs1,O=c1oc2ccccc2cc1N=Nc1nc(-c2ccccc2)cs1,O=c1oc2ccccc2cc1N=Nc1nc(-c2ccccc2)cs1,False,True
c1cnc2cc3nccnc3cc2n1,c1cnc2cc3nccnc3cc2n1,c1cnc2cc3nccnc3cc2n1,True,False
CC1(C)CC(C=Cc2ccc(N(c3ccc(-c4nc5ccccc5s4)cc3)c3cccc4ccccc34)cc2)=CC(=C(C#N)C#N)C1,C=C1C=C(C=Cc2ccc(N(c3ccc(-c4nc5ccccc5s4)cc3)c3cccc4ccccc34)cc2)CCC1,C=C1C=C(C=Cc2ccc(N(c3ccc(-c4nc5ccccc5s4)cc3)c3cccc4ccccc34)cc2)CCC1,True,False
c1ccc(-c2nc3ccc(-c4ccc5nc(-c6ccccc6)oc5c4)cc3o2)cc1,c1ccc(-c2nc3ccc(-c4ccc5nc(-c6ccccc6)oc5c4)cc3o2)cc1,c1ccc(-c2nc3ccc(-c4ccc5nc(-c6ccccc6)oc5c4)cc3o2)cc1,True,False
O=[N+]([O-])c1ccc2nc(N=Nc3ccccc3Cl)sc2c1,c1ccc(N=Nc2nc3ccccc3s2)cc1,c1ccc(N=Nc2nc3ccccc3s2)cc1,False,True
O=C(O)c1ccc(O)c(O)c1,c1ccccc1,c1ccccc1,False,True
O=C1CSC(=Nc2c3ccccc3nc3ccccc23)N1N(c1ccccc1)c1ccccc1,O=C1CSC(=Nc2c3ccccc3nc3ccccc23)N1N(c1ccccc1)c1ccccc1,O=C1CSC(=Nc2c3ccccc3nc3ccccc23)N1N(c1ccccc1)c1ccccc1,True,False
CN1C(=CC2=C([O-])C(=CC3=[N+](C)c4ccc(-c5ccccc5)cc4C3(C)C)C2=O)C(C)(C)c2cc(-c3ccccc3)ccc21,O=C1C(C=C2Cc3cc(-c4ccccc4)ccc3N2)=CC1=CC1=[NH+]c2ccc(-c3ccccc3)cc2C1,O=C1C(C=C2Cc3cc(-c4ccccc4)ccc3N2)=CC1=CC1=[NH+]c2ccc(-c3ccccc3)cc2C1,True,False
C1=CC(c2ccccc2)(c2ccc(Oc3cccc4ccccc34)cc2)Oc2ccc3ccccc3c21,C1=CC(c2ccccc2)(c2ccc(Oc3cccc4ccccc34)cc2)Oc2ccc3ccccc3c21,C1=CC(c2ccccc2)(c2ccc(Oc3cccc4ccccc34)cc2)Oc2ccc3ccccc3c21,False,True
Cc1cc(=O)oc2cc(OCN=[N+]=[N-])ccc12,O=c1ccc2ccccc2o1,O=c1ccc2ccccc2o1,False,True
Nc1ncnc2c1ncn2[C@@H]1O[C@H](COP(=O)(O)OC[C@@H]2SC[C@@H]3NC(=O)N[C@@H]32)[C@@H](O)[C@H]1O,O=C1N[C@H]2[C@H](CS[C@H]2CO[PH](=O)OC[C@@H]2CC[C@H](n3cnc4cncnc43)O2)N1,O=C1N[C@H]2[C@H](CS[C@H]2CO[PH](=O)OC[C@@H]2CC[C@H](n3cnc4cncnc43)O2)N1,True,False
O=Cc1ccc(O)c(O)c1,c1ccccc1,c1ccccc1,False,True
Cc1ccc2c(=Cc3ccc(N(C)C)cc3)oc(=Cc3ccccc3)c2c1,C(c1ccccc1)=c1oc(=Cc2ccccc2)c2ccccc12,C(c1ccccc1)=c1oc(=Cc2ccccc2)c2ccccc12,True,False
Nc1c(N=Nc2ccc(Cl)cc2)c(=O)[nH]c2nc3ccccc3n12,O=c1[nH]c2nc3ccccc3n2cc1N=Nc1ccccc1,O=c1[nH]c2nc3ccccc3n2cc1N=Nc1ccccc1,False,True
CCOC(O)C(=O)c1ccccc1,c1ccccc1,c1ccccc1,False,True
CCn1c2ccccc2c2cc(-c3ccc(-c4ccncn4)s3)ccc21,c1ccc2c(c1)[nH]c1ccc(-c3ccc(-c4ccncn4)s3)cc12,c1ccc2c(c1)[nH]c1ccc(-c3ccc(-c4ccncn4)s3)cc12,False,True
Cc1ccc(C=c2oc(=Cc3ccccc3)c3ccccc23)cc1,C(c1ccccc1)=c1oc(=Cc2ccccc2)c2ccccc12,C(c1ccccc1)=c1oc(=Cc2ccccc2)c2ccccc12,True,False
O=C(OC1=CC=CC(=COc2ccc(C=Cc3ccc([N+](=O)[O-])cc3)cc2)C1)c1ccc(C(=O)c2ccccc2)cc1,O=C(OC1=CC=CC(=COc2ccc(C=Cc3ccccc3)cc2)C1)c1ccc(C(=O)c2ccccc2)cc1,O=C(OC1=CC=CC(=COc2ccc(C=Cc3ccccc3)cc2)C1)c1ccc(C(=O)c2ccccc2)cc1,True,False
Nc1nc(=S)c2ncn(C3CC(O)C(CO)O3)c2[nH]1,S=c1nc[nH]c2c1ncn2C1CCCO1,S=c1nc[nH]c2c1ncn2C1CCCO1,True,False
Cc1nc(-c2ccc(-n3c4ccccc4c4ccccc43)cc2)cc(-c2ccc(-n3c4ccccc4c4ccccc43)cc2)n1,c1ccc2c(c1)c1ccccc1n2-c1ccc(-c2cc(-c3ccc(-n4c5ccccc5c5ccccc54)cc3)ncn2)cc1,c1ccc2c(c1)c1ccccc1n2-c1ccc(-c2cc(-c3ccc(-n4c5ccccc5c5ccccc54)cc3)ncn2)cc1,True,False
O=[N+]([O-])c1ccccc1-c1scc2c1OCCO2,c1ccc(-c2scc3c2OCCO3)cc1,c1ccc(-c2scc3c2OCCO3)cc1,True,False
c1ccc(-c2ccccc2-c2ccc3c(-c4ccc5ccccc5c4)c4ccccc4c(-c4ccc5ccccc5c4)c3c2)cc1,c1ccc(-c2ccccc2-c2ccc3c(-c4ccc5ccccc5c4)c4ccccc4c(-c4ccc5ccccc5c4)c3c2)cc1,c1ccc(-c2ccccc2-c2ccc3c(-c4ccc5ccccc5c4)c4ccccc4c(-c4ccc5ccccc5c4)c3c2)cc1,True,False
Cn1c2cc(C=C(C#N)C(=O)O)ccc2c2ccc(-c3ccc(N(c4ccc(C(C)(C)C)cc4)c4ccc(C(C)(C)C)cc4)cc3)cc21,c1ccc(N(c2ccccc2)c2ccc(-c3ccc4c(c3)[nH]c3ccccc34)cc2)cc1,c1ccc(N(c2ccccc2)c2ccc(-c3ccc4c(c3)[nH]c3ccccc34)cc2)cc1,True,False
O=C1C(=Cc2ccccc2)N=C(c2ccccc2)N1Cc1ccccc1,O=C1C(=Cc2ccccc2)N=C(c2ccccc2)N1Cc1ccccc1,O=C1C(=Cc2ccccc2)N=C(c2ccccc2)N1Cc1ccccc1,False,True
Nc1ccc(-c2c3nc(c(-c4ccccc4)c4ccc([nH]4)c(-c4ccccc4)c4nc(c(-c5ccccc5)c5ccc2[nH]5)C=C4)C=C3)cc1,C1=Cc2nc1c(-c1ccccc1)c1ccc([nH]1)c(-c1ccccc1)c1nc(c(-c3ccccc3)c3ccc([nH]3)c2-c2ccccc2)C=C1,C1=Cc2nc1c(-c1ccccc1)c1ccc([nH]1)c(-c1ccccc1)c1nc(c(-c3ccccc3)c3ccc([nH]3)c2-c2ccccc2)C=C1,True,False
O=[N+]([O-])c1ccc2nc3cc(Nc4nc5ccccc5s4)ccc3cc2c1,c1ccc2nc3cc(Nc4nc5ccccc5s4)ccc3cc2c1,c1ccc2nc3cc(Nc4nc5ccccc5s4)ccc3cc2c1,True,False
COc1ccc2oc(=O)cc(-c3cc(-c4cc5ccccc5oc4=O)nc(-c4cc5ccccc5oc4=O)c3)c2c1,O=c1cc(-c2cc(-c3cc4ccccc4oc3=O)nc(-c3cc4ccccc4oc3=O)c2)c2ccccc2o1,O=c1cc(-c2cc(-c3cc4ccccc4oc3=O)nc(-c3cc4ccccc4oc3=O)c2)c2ccccc2o1,True,False
Nc1ccc(S(=O)(=O)Nc2ccccc2)cc1,O=S(=O)(Nc1ccccc1)c1ccccc1,O=S(=O)(Nc1ccccc1)c1ccccc1,True,False
Cc1sc2ccccc2c1-c1sc(=S)sc1-c1c(C)sc2ccccc12,S=c1sc(-c2csc3ccccc23)c(-c2csc3ccccc23)s1,S=c1sc(-c2csc3ccccc23)c(-c2csc3ccccc23)s1,True,False
CC(C)(C)C1=CC(=CC=Cc2cnc3ccccc3n2)C=C(C(C)(C)C)O1,C(=Cc1cnc2ccccc2n1)C=C1C=COC=C1,C(=Cc1cnc2ccccc2n1)C=C1C=COC=C1,True,False
Fc1c(F)c(F)c2nc3c(cc2c1F)c(-c1ccccc1)nn3-c1ccccc1,c1ccc(-c2nn(-c3ccccc3)c3nc4ccccc4cc23)cc1,c1ccc(-c2nn(-c3ccccc3)c3nc4ccccc4cc23)cc1,True,False
CC(C)(C)[Si](C)(C)OC[C@H]1OC(n2ccc(=O)[nH]c2=O)=C(c2ccccc2)[C@@H]1O[Si](C)(C)C(C)(C)C,O=c1ccn(C2=C(c3ccccc3)CCO2)c(=O)[nH]1,O=c1ccn(C2=C(c3ccccc3)CCO2)c(=O)[nH]1,True,False
CCn1c2ccccc2c2cc(-c3c4ccccc4c(-c4ccc5c(c4)c4ccccc4n5CC)c4cc(C(C)(C)C)ccc34)ccc21,c1ccc2c(c1)[nH]c1ccc(-c3c4ccccc4c(-c4ccc5[nH]c6ccccc6c5c4)c4ccccc34)cc12,c1ccc2c(c1)[nH]c1ccc(-c3c4ccccc4c(-c4ccc5[nH]c6ccccc6c5c4)c4ccccc34)cc12,True,False
c1ncc2ccc3nc[nH]c3c2n1,c1ncc2ccc3nc[nH]c3c2n1,c1ncc2ccc3nc[nH]c3c2n1,False,True
Cc1ccc(-c2cc3cc(-c4ccc(-c5ccc(C=C(C#N)C(=O)O)s5)s4)ccc3n2-c2ccc3c(c2)C(C)(C)c2ccccc2-3)cc1,c1ccc(-c2cc3cc(-c4ccc(-c5cccs5)s4)ccc3n2-c2ccc3c(c2)Cc2ccccc2-3)cc1,c1ccc(-c2cc3cc(-c4ccc(-c5cccs5)s4)ccc3n2-c2ccc3c(c2)Cc2ccccc2-3)cc1,True,False
Cc1cc(-c2cc(C)c(N)c(C)c2)cc(C)c1N,c1ccc(-c2ccccc2)cc1,c1ccc(-c2ccccc2)cc1,True,False
CCCn1c(N=Nc2nc3ccccc3s2)ccc1-c1cccs1,c1csc(-c2ccc(N=Nc3nc4ccccc4s3)[nH]2)c1,c1csc(-c2ccc(N=Nc3nc4ccccc4s3)[nH]2)c1,True,False
CCN(CCO)c1ccc(N=Nc2ccc(C=O)cc2)cc1,c1ccc(N=Nc2ccccc2)cc1,c1ccc(N=Nc2ccccc2)cc1,False,True
O=S1(=O)OC(c2ccc(O)c(O)c2)(c2ccc(O)c(O)c2)c2ccccc21,O=S1(=O)OC(c2ccccc2)(c2ccccc2)c2ccccc21,O=S1(=O)OC(c2ccccc2)(c2ccccc2)c2ccccc21,False,True
COC(=O)c1ccc(C(=O)OC)cc1,c1ccccc1,c1ccccc1,False,True
C=COCCN(N=Cc1ccc2c(c1)c1ccccc1n2CC)c1ccccc1,C(=NNc1ccccc1)c1ccc2[nH]c3ccccc3c2c1,C(=NNc1ccccc1)c1ccc2[nH]c3ccccc3c2c1,True,False
COc1ccc2c(c1)n(C)c1nc(-c3ccccc3)nc(=O)c-1[n+]2[O-],O=c1nc(-c2ccccc2)nc2[nH]c3ccccc3[nH+]c1-2,O=c1nc(-c2ccccc2)nc2[nH]c3ccccc3[nH+]c1-2,True,False
COc1ccc(N=Cc2ccc(OC(=O)c3ccc4nc(-c5ccc(OC)c(OC)c5)c(-c5ccc(OC)c(OC)c5)nc4c3)cc2)c(O)c1,O=C(Oc1ccc(C=Nc2ccccc2)cc1)c1ccc2nc(-c3ccccc3)c(-c3ccccc3)nc2c1,O=C(Oc1ccc(C=Nc2ccccc2)cc1)c1ccc2nc(-c3ccccc3)c(-c3ccccc3)nc2c1,True,False
Cc1ccc(-c2nn(-c3ccccc3)c(Nc3nc(Cl)nc(Cl)n3)c2N=Nc2ccc(S(=O)(=O)O)cc2)cc1,c1ccc(N=Nc2c(-c3ccccc3)nn(-c3ccccc3)c2Nc2ncncn2)cc1,c1ccc(N=Nc2c(-c3ccccc3)nn(-c3ccccc3)c2Nc2ncncn2)cc1,True,False
Cc1ccc(C2C3=C(CC(C)(C)CC3=O)Oc3ccc4ccc(OCCCNCCCNc5ccnc6cc(Cl)ccc56)cc4c32)cc1,O=C1CCCC2=C1C(c1ccccc1)c1c(ccc3ccc(OCCCNCCCNc4ccnc5ccccc45)cc13)O2,O=C1CCCC2=C1C(c1ccccc1)c1c(ccc3ccc(OCCCNCCCNc4ccnc5ccccc45)cc13)O2,True,False
COC(=O)CNP(=O)(NCC(=O)OC)C(Cc1cccnc1)C(=O)O,c1ccncc1,c1ccncc1,False,True
COc1ccc(Cc2nnc3sc(-c4ccc(-c5ccccc5)cc4)nn23)cc1,c1ccc(Cc2nnc3sc(-c4ccc(-c5ccccc5)cc4)nn23)cc1,c1ccc(Cc2nnc3sc(-c4ccc(-c5ccccc5)cc4)nn23)cc1,True,False
O=[N+]([O-])c1ccc2nc(N=Nc3ccc(I)cc3)sc2c1,c1ccc(N=Nc2nc3ccccc3s2)cc1,c1ccc(N=Nc2nc3ccccc3s2)cc1,False,True
CS(=O)(=O)c1ccc(-c2c(-c3ccc(F)cc3)[nH]c3ccccc23)cc1,c1ccc(-c2[nH]c3ccccc3c2-c2ccccc2)cc1,c1ccc(-c2[nH]c3ccccc3c2-c2ccccc2)cc1,True,False
COC(=O)c1ccc2nc(-c3ccccc3)c(-c3ccccc3)nc2c1C(=O)OC,c1ccc(-c2nc3ccccc3nc2-c2ccccc2)cc1,c1ccc(-c2nc3ccccc3nc2-c2ccccc2)cc1,True,False
COc1ccc2cc(-c3sc(C=C(C#N)c4cccs4)c4c3OCCO4)ccc2c1,C(=Cc1sc(-c2ccc3ccccc3c2)c2c1OCCO2)c1cccs1,C(=Cc1sc(-c2ccc3ccccc3c2)c2c1OCCO2)c1cccs1,True,False
c1ccc2c(c1)c1ccccc1n2-c1ccc2nc(Nc3ccc4cc(-n5c6ccccc6c6ccccc65)ccc4n3)ccc2c1,c1ccc2c(c1)c1ccccc1n2-c1ccc2nc(Nc3ccc4cc(-n5c6ccccc6c6ccccc65)ccc4n3)ccc2c1,c1ccc2c(c1)c1ccccc1n2-c1ccc2nc(Nc3ccc4cc(-n5c6ccccc6c6ccccc65)ccc4n3)ccc2c1,True,False
O=c1c(O)c(-c2ccc(O)cc2O)oc2cc(O)cc(O)c12,O=c1cc(-c2ccccc2)oc2ccccc12,O=c1cc(-c2ccccc2)oc2ccccc12,True,False
CN(C)c1ccc(C=c2oc(=Cc3ccc(Cl)cc3)c3ccccc23)cc1,C(c1ccccc1)=c1oc(=Cc2ccccc2)c2ccccc12,C(c1ccccc1)=c1oc(=Cc2ccccc2)c2ccccc12,True,False
O=Cc1ccc2c(c1)Sc1ccccc1N2,c1ccc2c(c1)Nc1ccccc1S2,c1ccc2c(c1)Nc1ccccc1S2,True,False
c1csc(-c2ccc(N=Nc3nc4ccccc4s3)s2)c1,c1csc(-c2ccc(N=Nc3nc4ccccc4s3)s2)c1,c1csc(-c2ccc(N=Nc3nc4ccccc4s3)s2)c1,True,False
C(=Cc1c2ccccc2cc2ccccc12)c1ccc(-c2nnc(-c3c4ccccc4cc4ccccc34)o2)cc1,C(=Cc1c2ccccc2cc2ccccc12)c1ccc(-c2nnc(-c3c4ccccc4cc4ccccc34)o2)cc1,C(=Cc1c2ccccc2cc2ccccc12)c1ccc(-c2nnc(-c3c4ccccc4cc4ccccc34)o2)cc1,True,False
Cc1nccnc1C(=O)C=Cc1ccc(OCc2ccccc2)cc1,O=C(C=Cc1ccc(OCc2ccccc2)cc1)c1cnccn1,O=C(C=Cc1ccc(OCc2ccccc2)cc1)c1cnccn1,True,False
CCN1C(=O)C(=CC=CC=CC=c2c3cccc4cccc(c43)n2Cc2ccccc2)C(=O)N(CC)C1=S,O=C1NC(=S)NC(=O)C1=CC=CC=CC=c1c2cccc3cccc(c32)n1Cc1ccccc1,O=C1NC(=S)NC(=O)C1=CC=CC=CC=c1c2cccc3cccc(c32)n1Cc1ccccc1,True,False
CC(C)(C)c1cc(C=Nc2ccc(O)cc2)c(O)c(C(C)(C)C)c1,C(=Nc1ccccc1)c1ccccc1,C(=Nc1ccccc1)c1ccccc1,False,True
Cc1ccc2nc(N=Nc3c(N)nc4c(N=Nc5nc6ccc(C)cc6s5)c(N)nn4c3N)sc2c1,c1ccc2sc(N=Nc3cnc4c(N=Nc5nc6ccccc6s5)cnn4c3)nc2c1,c1ccc2sc(N=Nc3cnc4c(N=Nc5nc6ccccc6s5)cnn4c3)nc2c1,True,False
COc1ccc(N(c2ccc(-c3ccc(C=C(C#N)C(=O)O)o3)cc2)c2ccc(OC)c(OC)c2)cc1OC,c1ccc(N(c2ccccc2)c2ccc(-c3ccco3)cc2)cc1,c1ccc(N(c2ccccc2)c2ccc(-c3ccco3)cc2)cc1,True,False
CCn1c(SCC(=O)NN=Cc2cccc(OC)c2)nnc1-c1ccco1,O=C(CSc1nnc(-c2ccco2)[nH]1)NN=Cc1ccccc1,O=C(CSc1nnc(-c2ccco2)[nH]1)NN=Cc1ccccc1,True,False
C#Cc1ccc(Oc2ccc(C#C)cc2)cc1,c1ccc(Oc2ccccc2)cc1,c1ccc(Oc2ccccc2)cc1,True,False
CCOC(=O)C(C#N)=C1C=C(C=Cc2ccc(N(c3cccc(OC)c3)c3cccc(OC)c3)cc2OC)CC(C)(C)C1,C=C1C=C(C=Cc2ccc(N(c3ccccc3)c3ccccc3)cc2)CCC1,C=C1C=C(C=Cc2ccc(N(c3ccccc3)c3ccccc3)cc2)CCC1,True,False
COC(=O)C(C#N)=CNc1cccc(F)c1,c1ccccc1,c1ccccc1,False,True
CCOC(=O)c1cc(C(=O)c2ccc(F)cc2)n2ncccc12,O=C(c1ccccc1)c1ccc2cccnn12,O=C(c1ccccc1)c1ccc2cccnn12,True,False
Cc1cc(C2=C(c3c(C)sc4ccccc34)C(=O)CC2)c(C)s1,O=C1CCC(c2ccsc2)=C1c1csc2ccccc12,O=C1CCC(c2ccsc2)=C1c1csc2ccccc12,True,False
Nc1ccc2c(c1)C(=O)N(CCc1ccccn1)C2=O,O=C1c2ccccc2C(=O)N1CCc1ccccn1,O=C1c2ccccc2C(=O)N1CCc1ccccn1,False,True
Cn1cc(C=C(C#N)c2ccc(C=C(C#N)C(=O)O)s2)c2ccccc21,C(=Cc1c[nH]c2ccccc12)c1cccs1,C(=Cc1c[nH]c2ccccc12)c1cccs1,True,False
O=c1c2c(Cl)ccc(Cl)c2c(=O)c2c1c(F)c(F)c1sc3ccccc3[nH]c12,O=c1c2ccccc2c(=O)c2c1ccc1sc3ccccc3[nH]c12,O=c1c2ccccc2c(=O)c2c1ccc1sc3ccccc3[nH]c12,True,False
CC1(C)CC(=O)C(=NNc2ccccc2C(=O)O)C(=O)C1,O=C1CCCC(=O)C1=NNc1ccccc1,O=C1CCCC(=O)C1=NNc1ccccc1,True,False
CC1c2cc(-c3cccc4ccccc34)ccc2-c2cc3nc4c5cccc6ccc7cccc(c4nc3cc21)c7c65,c1ccc2c(-c3ccc4c(c3)Cc3cc5nc6c7cccc8ccc9cccc(c6nc5cc3-4)c9c87)cccc2c1,c1ccc2c(-c3ccc4c(c3)Cc3cc5nc6c7cccc8ccc9cccc(c6nc5cc3-4)c9c87)cccc2c1,True,False
O=[N+]([O-])c1ccc(C=NN=Cc2cccs2)cc1,C(=NN=Cc1cccs1)c1ccccc1,C(=NN=Cc1cccs1)c1ccccc1,True,False
Oc1c(-c2nc3ccccc3o2)sc(-c2nc3ccccc3o2)c1O,c1ccc2oc(-c3ccc(-c4nc5ccccc5o4)s3)nc2c1,c1ccc2oc(-c3ccc(-c4nc5ccccc5o4)s3)nc2c1,True,False
COC(=O)c1c(C(=O)OC)c2ccc(-c3ccc(Cl)cc3)nn2c1C(=O)OC,c1ccc(-c2ccc3cccn3n2)cc1,c1ccc(-c2ccc3cccn3n2)cc1,True,False
CN1C(=CN=Nc2ccc(C=CC3=C(C#N)C(=C(C#N)C#N)OC3(C)C)cc2)C(C)(C)c2ccccc21,C=C1C=C(C=Cc2ccc(N=NC=C3Cc4ccccc4N3)cc2)CO1,C=C1C=C(C=Cc2ccc(N=NC=C3Cc4ccccc4N3)cc2)CO1,True,False
N#CC(=Cc1ccc(N(c2ccc(C#Cc3cccnc3)cc2)c2ccc(C#Cc3cccnc3)cc2)cc1)C(=O)O,C(#Cc1cccnc1)c1ccc(N(c2ccccc2)c2ccc(C#Cc3cccnc3)cc2)cc1,C(#Cc1cccnc1)c1ccc(N(c2ccccc2)c2ccc(C#Cc3cccnc3)cc2)cc1,True,False
COc1cc(C#Cc2ccc(C#C[Si](C)(C)C)cc2)c(OC)cc1C#Cc1ccc(C#C[Si](C)(C)C)cc1,C(#Cc1ccc(C#Cc2ccccc2)cc1)c1ccccc1,C(#Cc1ccc(C#Cc2ccccc2)cc1)c1ccccc1,True,False
CC1=CC(=O)C(NC(C(=O)NC2C(=O)N3[C@@H]2SC(C)(C)[C@@H]3C(=O)O)c2ccccc2)=CC1=O,O=C1C=CC(=O)C(NC(C(=O)NC2C(=O)N3CCS[C@H]23)c2ccccc2)=C1,O=C1C=CC(=O)C(NC(C(=O)NC2C(=O)N3CCS[C@H]23)c2ccccc2)=C1,True,False
CCCCN(CC(C)CC)c1ccc2nn(-c3ccccc3)nc2c1,c1ccc(-n2nc3ccccc3n2)cc1,c1ccc(-n2nc3ccccc3n2)cc1,True,False
O=C1CC(=O)C(P(c2ccccc2)c2ccccc2)=C1P(c1ccccc1)c1ccccc1,O=C1CC(=O)C(P(c2ccccc2)c2ccccc2)=C1P(c1ccccc1)c1ccccc1,O=C1CC(=O)C(P(c2ccccc2)c2ccccc2)=C1P(c1ccccc1)c1ccccc1,True,False
CCN(CC)c1ccc(C=Cc2cc(C#N)c(C=Cc3ccc(N(CC)CC)cc3)cc2C#N)cc1,C(=Cc1ccc(C=Cc2ccccc2)cc1)c1ccccc1,C(=Cc1ccc(C=Cc2ccccc2)cc1)c1ccccc1,True,False
CCN(CC)c1ccc(-c2ccc3ccc4nc5c6cccnc6c6ncccc6c5nc4c3c2)cc1,c1ccc(-c2ccc3ccc4nc5c6cccnc6c6ncccc6c5nc4c3c2)cc1,c1ccc(-c2ccc3ccc4nc5c6cccnc6c6ncccc6c5nc4c3c2)cc1,True,False
Nc1cccc2c1C(=O)c1cccc(N)c1C2=O,O=C1c2ccccc2C(=O)c2ccccc21,O=C1c2ccccc2C(=O)c2ccccc21,True,False
COc1cccc(Nc2nc3cc4c(C)c(C(N)=O)c(=O)oc4cc3n2CCc2ccc(Cl)cc2)c1,O=c1ccc2cc3nc(Nc4ccccc4)n(CCc4ccccc4)c3cc2o1,O=c1ccc2cc3nc(Nc4ccccc4)n(CCc4ccccc4)c3cc2o1,True,False
C(=Cc1cccs1)c1ccc(-c2nc(-c3ccccc3)c(-c3ccccc3)n2-c2ccccc2)cc1,C(=Cc1cccs1)c1ccc(-c2nc(-c3ccccc3)c(-c3ccccc3)n2-c2ccccc2)cc1,C(=Cc1cccs1)c1ccc(-c2nc(-c3ccccc3)c(-c3ccccc3)n2-c2ccccc2)cc1,True,False
Oc1ccc(N=Nc2ccc(Cl)cc2Cl)c2cccnc12,c1ccc(N=Nc2cccc3ncccc23)cc1,c1ccc(N=Nc2cccc3ncccc23)cc1,True,False
C=Cc1ccc(CNc2ccc3c(c2)C(=O)c2ccccc2C3=O)cc1,O=C1c2ccccc2C(=O)c2cc(NCc3ccccc3)ccc21,O=C1c2ccccc2C(=O)c2cc(NCc3ccccc3)ccc21,True,False
COC(=O)c1c(C(=O)OC)c2ccc(-c3ccc(F)cc3)nn2c1C(=O)OC,c1ccc(-c2ccc3cccn3n2)cc1,c1ccc(-c2ccc3cccn3n2)cc1,True,False
COc1ccc(C#Cc2c(F)c(F)c(C#Cc3ccc(OC)cc3)c(C#Cc3ccc(OC)cc3)c2C#Cc2ccc(OC)cc2)cc1,C(#Cc1ccc(C#Cc2ccccc2)c(C#Cc2ccccc2)c1C#Cc1ccccc1)c1ccccc1,C(#Cc1ccc(C#Cc2ccccc2)c(C#Cc2ccccc2)c1C#Cc1ccccc1)c1ccccc1,True,False
CC(C)(C)c1ccn2c3c(c(C(=O)c4ccccc4C(=O)O)c2c1)C(=O)c1ccccc1C3=O,O=C1c2ccccc2C(=O)c2c1c(C(=O)c1ccccc1)c1ccccn21,O=C1c2ccccc2C(=O)c2c1c(C(=O)c1ccccc1)c1ccccn21,False,True
O=c1c(=O)c2cc(Br)cc3c2-c2c1cc(Br)cc2c(=O)c3=O,O=c1c(=O)c2cccc3c2-c2c1cccc2c(=O)c3=O,O=c1c(=O)c2cccc3c2-c2c1cccc2c(=O)c3=O,True,False
COc1c(Cl)cc2c3cc(Cl)ccc3n(C)c2c1Cl,c1ccc2c(c1)[nH]c1ccccc12,c1ccc2c(c1)[nH]c1ccccc12,True,False
C(=C(c1nnn[nH]1)c1nnn[nH]1)c1ccc(N(c2ccccc2)c2ccccc2)cc1,C(=C(c1nnn[nH]1)c1nnn[nH]1)c1ccc(N(c2ccccc2)c2ccccc2)cc1,C(=C(c1nnn[nH]1)c1nnn[nH]1)c1ccc(N(c2ccccc2)c2ccccc2)cc1,False,True
Cc1ccc(N=C2N=C3C=CC=CN3C2=Nc2ccc(C)cc2)cc1,C1=CC2=NC(=Nc3ccccc3)C(=Nc3ccccc3)N2C=C1,C1=CC2=NC(=Nc3ccccc3)C(=Nc3ccccc3)N2C=C1,True,False
N#CC(=Cc1ccc(C=Cc2ccc(N3c4ccccc4CCc4ccccc43)cc2)s1)C(=O)O,C(=Cc1cccs1)c1ccc(N2c3ccccc3CCc3ccccc32)cc1,C(=Cc1cccs1)c1ccc(N2c3ccccc3CCc3ccccc32)cc1,True,False
Cc1ccc2c(C=Cc3ccc4c(c3)Sc3cc(C=Cc5cc(=O)oc6cc(C)ccc56)ccc3N4C)cc(=O)oc2c1,O=c1cc(C=Cc2ccc3c(c2)Sc2cc(C=Cc4cc(=O)oc5ccccc45)ccc2N3)c2ccccc2o1,O=c1cc(C=Cc2ccc3c(c2)Sc2cc(C=Cc4cc(=O)oc5ccccc45)ccc2N3)c2ccccc2o1,True,False
COc1ccc2cc3c(=O)nc(-c4ccccc4)nc-3[nH]c2c1,O=c1nc(-c2ccccc2)nc2[nH]c3ccccc3cc1-2,O=c1nc(-c2ccccc2)nc2[nH]c3ccccc3cc1-2,True,False
Cc1c(C(=O)C=Cc2ccc3c(c2)OCO3)nnn1-c1ccnc2cc(Cl)ccc12,O=C(C=Cc1ccc2c(c1)OCO2)c1cn(-c2ccnc3ccccc23)nn1,O=C(C=Cc1ccc2c(c1)OCO2)c1cn(-c2ccnc3ccccc23)nn1,True,False
Oc1ccc(N=Nc2nc(-c3ccccc3)cs2)c2cccnc12,c1ccc(-c2csc(N=Nc3cccc4ncccc34)n2)cc1,c1ccc(-c2csc(N=Nc3cccc4ncccc34)n2)cc1,True,False
O=C(NN=Cc1ccc(O)cc1)c1ccc(Cn2c3ccccc3c3ccccc32)cc1,O=C(NN=Cc1ccccc1)c1ccc(Cn2c3ccccc3c3ccccc32)cc1,O=C(NN=Cc1ccccc1)c1ccc(Cn2c3ccccc3c3ccccc32)cc1,False,True
Nc1ccn(C2CC(O)C(COP(=O)(O)O)O2)c(=O)n1,O=c1ncccn1C1CCCO1,O=c1ncccn1C1CCCO1,True,False
CCOC(=O)C(C#N)=CNc1cccc(F)c1,c1ccccc1,c1ccccc1,False,True
CCOC(=O)Cc1cc(=O)oc2cc(O)ccc12,O=c1ccc2ccccc2o1,O=c1ccc2ccccc2o1,False,True
C(=Cc1cc2ccccc2c2c1OC(c1ccccc1)(c1ccccc1)C=C2)c1ccc2c3c(ccc2c1)OC(c1ccccc1)(c1ccccc1)C=C3,C(=Cc1cc2ccccc2c2c1OC(c1ccccc1)(c1ccccc1)C=C2)c1ccc2c3c(ccc2c1)OC(c1ccccc1)(c1ccccc1)C=C3,C(=Cc1cc2ccccc2c2c1OC(c1ccccc1)(c1ccccc1)C=C2)c1ccc2c3c(ccc2c1)OC(c1ccccc1)(c1ccccc1)C=C3,True,False
O=C(NCCC[Si]12OCCN(CCO1)CCO2)c1ccccn1,O=C(NCCC[Si]12OCCN(CCO1)CCO2)c1ccccn1,O=C(NCCC[Si]12OCCN(CCO1)CCO2)c1ccccn1,True,False
O=c1[nH]c(=O)n([C@H]2C[C@H](O)[C@@H](CO)O2)cc1-c1ccco1,O=c1[nH]c(=O)n([C@H]2CCCO2)cc1-c1ccco1,O=c1[nH]c(=O)n([C@H]2CCCO2)cc1-c1ccco1,False,True
N#Cc1ccc(Cn2c(C=Cc3ccco3)nc(-c3ccco3)c2-c2ccco2)cc1,C(=Cc1nc(-c2ccco2)c(-c2ccco2)n1Cc1ccccc1)c1ccco1,C(=Cc1nc(-c2ccco2)c(-c2ccco2)n1Cc1ccccc1)c1ccco1,True,False
Cc1cccc(Cl)c1,c1ccccc1,c1ccccc1,False,True
COc1ccc(C=c2oc(=Cc3ccccc3)c3ccccc23)cc1,C(c1ccccc1)=c1oc(=Cc2ccccc2)c2ccccc12,C(c1ccccc1)=c1oc(=Cc2ccccc2)c2ccccc12,True,False
CC1c2cc(-c3ccc(C#N)cc3)ccc2-c2ccc(-n3c4ccccc4c4ccccc43)cc21,c1ccc(-c2ccc3c(c2)Cc2cc(-n4c5ccccc5c5ccccc54)ccc2-3)cc1,c1ccc(-c2ccc3c(c2)Cc2cc(-n4c5ccccc5c5ccccc54)ccc2-3)cc1,True,False
Cc1ccc(N(c2ccc(C)cc2)c2ccc(-c3ccc(C=C(C#N)C#N)cc3)cc2)cc1,c1ccc(-c2ccc(N(c3ccccc3)c3ccccc3)cc2)cc1,c1ccc(-c2ccc(N(c3ccccc3)c3ccccc3)cc2)cc1,True,False
Nc1nc2nc[nH]c2c(=S)[nH]1,S=c1[nH]cnc2nc[nH]c12,S=c1[nH]cnc2nc[nH]c12,True,False
COc1nc(Nc2ccc3cc4ccccc4cc3c2)nc(OC)n1,c1ccc2cc3cc(Nc4ncncn4)ccc3cc2c1,c1ccc2cc3cc(Nc4ncncn4)ccc3cc2c1,False,True
N#Cc1c(C#N)c2ccc3ccc4ccccc4c3c2c2c1ccc1ccc3ccccc3c12,c1ccc2c(c1)ccc1ccc3ccc4ccc5ccc6ccccc6c5c4c3c12,c1ccc2c(c1)ccc1ccc3ccc4ccc5ccc6ccccc6c5c4c3c12,True,False
N#Cc1cc(Nc2cccc3ccccc23)c2c(c1N)C(=O)c1ccccc1C2=O,O=C1c2ccccc2C(=O)c2c(Nc3cccc4ccccc34)cccc21,O=C1c2ccccc2C(=O)c2c(Nc3cccc4ccccc34)cccc21,True,False
N#CC(=Cc1cccc2ccccc12)c1ccc(N(c2ccccc2)c2cccc3ccccc23)cc1,C(=Cc1cccc2ccccc12)c1ccc(N(c2ccccc2)c2cccc3ccccc23)cc1,C(=Cc1cccc2ccccc12)c1ccc(N(c2ccccc2)c2cccc3ccccc23)cc1,True,False
CN1c2ccccc2Sc2c(C=Nc3ccc4ccccc4c3)cccc21,C(=Nc1ccc2ccccc2c1)c1cccc2c1Sc1ccccc1N2,C(=Nc1ccc2ccccc2c1)c1cccc2c1Sc1ccccc1N2,False,True
N#Cc1nc(-c2ccc(O)cc2)c(-c2ccc(O)cc2)nc1C#N,c1ccc(-c2nccnc2-c2ccccc2)cc1,c1ccc(-c2nccnc2-c2ccccc2)cc1,False,True
CN(C)c1ccc2c3c(oc2c1)-c1ccccc1C(Cc1ccccc1)(Cc1ccccc1)C3=O,O=C1c2c(oc3ccccc23)-c2ccccc2C1(Cc1ccccc1)Cc1ccccc1,O=C1c2c(oc3ccccc23)-c2ccccc2C1(Cc1ccccc1)Cc1ccccc1,False,True
O=c1[nH]c(=O)c2[nH]nnc2[nH]1,O=c1[nH]c(=O)c2[nH]nnc2[nH]1,O=c1[nH]c(=O)c2[nH]nnc2[nH]1,False,True
Cc1cn([C@H]2C[C@@](O)(n3cc(COc4ccc5ccc(=O)oc5c4)nn3)[C@@H](CO)O2)c(=O)[nH]c1=O,O=c1ccn([C@H]2CC(n3cc(COc4ccc5ccc(=O)oc5c4)nn3)CO2)c(=O)[nH]1,O=c1ccn([C@H]2CC(n3cc(COc4ccc5ccc(=O)oc5c4)nn3)CO2)c(=O)[nH]1,True,False
c1ccc(C2=NN(c3ccccc3)c3cc4c(cc3=N2)[N-]c2ccccc2[N+]=4c2ccccc2)cc1,c1ccc(C2=NN(c3ccccc3)c3cc4c(cc3=N2)[N-]c2ccccc2[N+]=4c2ccccc2)cc1,c1ccc(C2=NN(c3ccccc3)c3cc4c(cc3=N2)[N-]c2ccccc2[N+]=4c2ccccc2)cc1,True,False
O=c1ccc2cc(N=Cc3ccccc3)ccc2o1,O=c1ccc2cc(N=Cc3ccccc3)ccc2o1,O=c1ccc2cc(N=Cc3ccccc3)ccc2o1,False,True
FC(F)(F)c1ccc(NC(=S)NCc2c3ccccc3cc3ccccc23)cc1,S=C(NCc1c2ccccc2cc2ccccc12)Nc1ccccc1,S=C(NCc1c2ccccc2cc2ccccc12)Nc1ccccc1,True,False
Oc1nc(-c2ccccc2)sc1-c1ccccc1,c1ccc(-c2cnc(-c3ccccc3)s2)cc1,c1ccc(-c2cnc(-c3ccccc3)s2)cc1,True,False
CCN(CC)c1ccc(C=Nc2nc(C#N)c(N)nc2C#N)cc1,C(=Nc1cnccn1)c1ccccc1,C(=Nc1cnccn1)c1ccccc1,True,False
CCOC(=O)C1=C(c2ccccc2)N(C)C(=O)C1=CC=Cc1ccccc1,O=C1NC(c2ccccc2)=CC1=CC=Cc1ccccc1,O=C1NC(c2ccccc2)=CC1=CC=Cc1ccccc1,True,False
Cc1ccc(N=Nc2c(-c3ccc4ccccc4c3)nc3c4c(-c5ccccc5)n(-c5ccccc5)nc4c(C)nn23)cc1,c1ccc(N=Nc2c(-c3ccc4ccccc4c3)nc3c4c(-c5ccccc5)n(-c5ccccc5)nc4cnn23)cc1,c1ccc(N=Nc2c(-c3ccc4ccccc4c3)nc3c4c(-c5ccccc5)n(-c5ccccc5)nc4cnn23)cc1,True,False
CCCCN1c2ccccc2Sc2cc(C=Cc3cccc(C=Cc4ccc5c(c4)Sc4ccccc4N5CC(C)CC)c3)ccc21,C(=Cc1ccc2c(c1)Sc1ccccc1N2)c1cccc(C=Cc2ccc3c(c2)Sc2ccccc2N3)c1,C(=Cc1ccc2c(c1)Sc1ccccc1N2)c1cccc(C=Cc2ccc3c(c2)Sc2ccccc2N3)c1,True,False
CCC(=O)NC1=CC(=O)C(=O)c2ccccc21,O=C1C=Cc2ccccc2C1=O,O=C1C=Cc2ccccc2C1=O,True,False
Nc1cc2ccccc2oc1=O,O=c1ccc2ccccc2o1,O=c1ccc2ccccc2o1,False,True
N#Cc1ccc2cc(C#N)c3ccccc3c2c1,c1ccc2c(c1)ccc1ccccc12,c1ccc2c(c1)ccc1ccccc12,True,False
CCOC(=O)c1cc2c(n1C)-c1[nH]c(=O)c(S(=O)(=O)c3ccccc3)cc1CC2,O=c1[nH]c2c(cc1S(=O)(=O)c1ccccc1)CCc1cc[nH]c1-2,O=c1[nH]c2c(cc1S(=O)(=O)c1ccccc1)CCc1cc[nH]c1-2,True,False
O=C1OC(=O)c2cccc3cccc1c23,O=C1OC(=O)c2cccc3cccc1c23,O=C1OC(=O)c2cccc3cccc1c23,False,True
CN1c2ccc(C=C(C#N)C(=O)O)cc2Sc2cc(-c3ccc(N(c4ccccc4)c4ccc(C=C(C#N)C(=O)O)cc4)cc3)ccc21,c1ccc(N(c2ccccc2)c2ccc(-c3ccc4c(c3)Sc3ccccc3N4)cc2)cc1,c1ccc(N(c2ccccc2)c2ccc(-c3ccc4c(c3)Sc3ccccc3N4)cc2)cc1,True,False
COC(=O)[C@H](Cc1ccc2oc(-c3cnc4ccccc4c3)nc2c1)NC(=O)OC(C)(C)C,c1ccc2ncc(-c3nc4ccccc4o3)cc2c1,c1ccc2ncc(-c3nc4ccccc4o3)cc2c1,True,False
C(=Cc1ccc(N2CCOCC2)c2nsnc12)c1ccncc1,C(=Cc1ccc(N2CCOCC2)c2nsnc12)c1ccncc1,C(=Cc1ccc(N2CCOCC2)c2nsnc12)c1ccncc1,True,False
c1ccc(-c2nnc(-c3ccn4nc(-c5ccc6ccccc6c5)cc4c3)o2)cc1,c1ccc(-c2nnc(-c3ccn4nc(-c5ccc6ccccc6c5)cc4c3)o2)cc1,c1ccc(-c2nnc(-c3ccn4nc(-c5ccc6ccccc6c5)cc4c3)o2)cc1,True,False
CN(C)c1ccc(C=O)cc1,c1ccccc1,c1ccccc1,False,True
Cc1cc(O)c(C(C)C)cc1C1(c2cc(C(C)C)c(O)cc2C)OS(=O)(=O)c2ccccc21,O=S1(=O)OC(c2ccccc2)(c2ccccc2)c2ccccc21,O=S1(=O)OC(c2ccccc2)(c2ccccc2)c2ccccc21,False,True
Cc1ccc(C(=C(C#N)C#N)C(c2ccc(N(C)C)cc2)=c2ccc(=C(C#N)C#N)cc2)cc1,C=C(C(c1ccccc1)=c1ccc(=C)cc1)c1ccccc1,C=C(C(c1ccccc1)=c1ccc(=C)cc1)c1ccccc1,True,False
CC(C)c1nc(-c2ccccc2)cc(-c2ccc(F)cc2)c1C=C[C@@H]1C[C@@H](O)CC(=O)O1,O=C1CCC[C@@H](C=Cc2cnc(-c3ccccc3)cc2-c2ccccc2)O1,O=C1CCC[C@@H](C=Cc2cnc(-c3ccccc3)cc2-c2ccccc2)O1,False,True
Cn1ccc(-c2ccc(F)cc2)c1,c1ccc(-c2cc[nH]c2)cc1,c1ccc(-c2cc[nH]c2)cc1,True,False
C#CCCn1c(-c2cccs2)ccc1-c1cccs1,c1csc(-c2ccc(-c3cccs3)[nH]2)c1,c1csc(-c2ccc(-c3cccs3)[nH]2)c1,True,False
c1ccc(-c2nc3c4ccccc4c4ccccc4c3n2-c2ccc(-c3cccnc3)cc2)cc1,c1ccc(-c2nc3c4ccccc4c4ccccc4c3n2-c2ccc(-c3cccnc3)cc2)cc1,c1ccc(-c2nc3c4ccccc4c4ccccc4c3n2-c2ccc(-c3cccnc3)cc2)cc1,True,False
COc1ccc2c3c(c(-c4nc(-c5ccccc5)c(-c5ccccc5)o4)cc2c1)OC1(C=C3)N(CC(C)C)c2ccccc2C1(C)C,C1=CC2(Cc3ccccc3N2)Oc2c(-c3nc(-c4ccccc4)c(-c4ccccc4)o3)cc3ccccc3c21,C1=CC2(Cc3ccccc3N2)Oc2c(-c3nc(-c4ccccc4)c(-c4ccccc4)o3)cc3ccccc3c21,True,False
OCc1ccc2cc(C#Cc3ccc(N(c4ccccc4)c4ccccc4)cc3)cc(Br)c2n1,C(#Cc1ccc2ncccc2c1)c1ccc(N(c2ccccc2)c2ccccc2)cc1,C(#Cc1ccc2ncccc2c1)c1ccc(N(c2ccccc2)c2ccccc2)cc1,True,False
Cc1cc(N=Nc2ccc(O)c3ncccc23)no1,c1cc(N=Nc2ccon2)c2cccnc2c1,c1cc(N=Nc2ccon2)c2cccnc2c1,True,False
S=C(Nc1ccccc1)Nc1ccc(-c2nnc(Nc3ccc(Cl)cc3)s2)cc1,S=C(Nc1ccccc1)Nc1ccc(-c2nnc(Nc3ccccc3)s2)cc1,S=C(Nc1ccccc1)Nc1ccc(-c2nnc(Nc3ccccc3)s2)cc1,True,False
C1=CC(c2ccccc2)(c2ccccc2)Oc2ccc3ccccc3c21,C1=CC(c2ccccc2)(c2ccccc2)Oc2ccc3ccccc3c21,C1=CC(c2ccccc2)(c2ccccc2)Oc2ccc3ccccc3c21,False,True
Oc1ccc(Cl)cc1C=Nc1ccccc1,C(=Nc1ccccc1)c1ccccc1,C(=Nc1ccccc1)c1ccccc1,False,True
CC(=O)C(=NNc1ccccc1C(=O)O)C(C)=O,c1ccccc1,c1ccccc1,False,True
COc1ccc2nc3nc(C)c(C(C)=O)cc3cc2c1,c1ccc2nc3ncccc3cc2c1,c1ccc2nc3ncccc3cc2c1,True,False
COC(=O)[C@H](Cc1c[nH]c2ccccc12)NC(=O)CNC(=O)C(F)(F)F,c1ccc2[nH]ccc2c1,c1ccc2[nH]ccc2c1,True,False
Nc1ccc(N)c2c1C(=O)c1ccccc1C2=O,O=C1c2ccccc2C(=O)c2ccccc21,O=C1c2ccccc2C(=O)c2ccccc21,True,False
CC(=O)N=c1nc2c3ccccc3ncn2c2ccccc12,N=c1nc2c3ccccc3ncn2c2ccccc12,N=c1nc2c3ccccc3ncn2c2ccccc12,True,False
CN1C(=O)c2cccc3c(-c4ccc(-c5ccc6c7c(cccc57)C(=O)N(C)C6=O)s4)ccc(c23)C1=O,O=C1NC(=O)c2ccc(-c3ccc(-c4ccc5c6c(cccc46)C(=O)NC5=O)s3)c3cccc1c23,O=C1NC(=O)c2ccc(-c3ccc(-c4ccc5c6c(cccc46)C(=O)NC5=O)s3)c3cccc1c23,False,True
CCNc1c(C(F)(F)F)c(F)c(F)c2nc3c(F)c(C(F)(F)F)c(F)c(F)c3nc12,c1ccc2nc3ccccc3nc2c1,c1ccc2nc3ccccc3nc2c1,True,False
CCOC(=O)c1c(N)sc(N=Nc2ccc(C#N)cc2)c1-c1ccccc1,c1ccc(N=Nc2sccc2-c2ccccc2)cc1,c1ccc(N=Nc2sccc2-c2ccccc2)cc1,True,False
c1ccc2[nH]nnc2c1,c1ccc2[nH]nnc2c1,c1ccc2[nH]nnc2c1,True,False
Clc1ccc(C(c2ccc(Cl)cc2)C(Cl)(Cl)Cl)cc1,c1ccc(Cc2ccccc2)cc1,c1ccc(Cc2ccccc2)cc1,False,True
CCc1cccc(CC)c1N=Cc1cc(C)cc(C(c2ccccc2)c2ccccc2)c1O,C(=Nc1ccccc1)c1cccc(C(c2ccccc2)c2ccccc2)c1,C(=Nc1ccccc1)c1cccc(C(c2ccccc2)c2ccccc2)c1,True,False
C#Cc1ccc(C#C)s1,c1ccsc1,c1ccsc1,True,False
O=S(=O)(O)c1ccc(N=Nc2c(S(=O)(=O)O)cc3ccc(NC4=CC(Nc5ccc(S(=O)(=O)O)cc5)=NN(Cl)N4)cc3c2O)cc1,C1=C(Nc2ccc3ccc(N=Nc4ccccc4)cc3c2)NNN=C1Nc1ccccc1,C1=C(Nc2ccc3ccc(N=Nc4ccccc4)cc3c2)NNN=C1Nc1ccccc1,True,False
Cc1ccc2c(c1)N=CCC2=O,O=C1CC=Nc2ccccc21,O=C1CC=Nc2ccccc21,False,True
CN(C)CCNc1ccc2c3c(cccc13)-c1nc3cc([N+](=O)[O-])ccc3nc1-2,c1cc2c3c(cccc3c1)-c1nc3ccccc3nc1-2,c1cc2c3c(cccc3c1)-c1nc3ccccc3nc1-2,True,False
COc1nc(C#N)c(C#N)n1C,c1c[nH]cn1,c1c[nH]cn1,False,True
COc1ccc2nc3nc4c(cc3cc2c1)-c1cc(OC)c(OC)cc1C4,c1ccc2c(c1)Cc1nc3nc4ccccc4cc3cc1-2,c1ccc2c(c1)Cc1nc3nc4ccccc4cc3cc1-2,True,False
N#Cc1cc2cc3ccccc3nc2nc1N,c1ccc2nc3ncccc3cc2c1,c1ccc2nc3ncccc3cc2c1,True,False
O=C1C(O)=C(C(Nc2ccccc2)c2ccc([N+](=O)[O-])cc2)C(=O)c2ccccc21,O=C1C=C(C(Nc2ccccc2)c2ccccc2)C(=O)c2ccccc21,O=C1C=C(C(Nc2ccccc2)c2ccccc2)C(=O)c2ccccc21,False,True
CCN(CC)c1ccc2c(C#N)c3c(oc2c1)c(C#N)c(=N)n1c2ccccc2nc31,N=c1cc2oc3ccccc3cc2c2nc3ccccc3n12,N=c1cc2oc3ccccc3cc2c2nc3ccccc3n12,True,False
Cc1ccc(-c2c3cc(Br)sc3c(-c3ccc(C)s3)c3cc(Br)sc23)s1,c1csc(-c2c3ccsc3c(-c3cccs3)c3ccsc23)c1,c1csc(-c2c3ccsc3c(-c3cccs3)c3ccsc23)c1,True,False
O=c1c(=O)c2cccc3c2-c2c1cccc2c(=O)c3=O,O=c1c(=O)c2cccc3c2-c2c1cccc2c(=O)c3=O,O=c1c(=O)c2cccc3c2-c2c1cccc2c(=O)c3=O,True,False
CCN(CC)c1ccc(C=Cc2ccn3cc(-c4ccccc4)nc3c2)cc1,C(=Cc1ccn2cc(-c3ccccc3)nc2c1)c1ccccc1,C(=Cc1ccn2cc(-c3ccccc3)nc2c1)c1ccccc1,False,True
COc1ccc(N(c2ccccc2)c2ccc3c(c2)c2cc(N(c4ccc(C=C(C#N)C(=O)O)cc4)c4ccc(OC)cc4)ccc2n3C)cc1,c1ccc(N(c2ccccc2)c2ccc3[nH]c4ccc(N(c5ccccc5)c5ccccc5)cc4c3c2)cc1,c1ccc(N(c2ccccc2)c2ccc3[nH]c4ccc(N(c5ccccc5)c5ccccc5)cc4c3c2)cc1,True,False
COc1cc2c3cc(OC)c(OC)cc3c3cc4c(cc3c2cc1OC)C(=O)N(C)C4=O,O=C1NC(=O)c2cc3c4ccccc4c4ccccc4c3cc21,O=C1NC(=O)c2cc3c4ccccc4c4ccccc4c3cc21,True,False
O=Cc1ccccc1,c1ccccc1,c1ccccc1,False,True
CC1c2cc(C=C(C#N)c3cccs3)ccc2-c2ccc(C=C(C#N)c3cccs3)cc21,C(=Cc1cccs1)c1ccc2c(c1)Cc1cc(C=Cc3cccs3)ccc1-2,C(=Cc1cccs1)c1ccc2c(c1)Cc1cc(C=Cc3cccs3)ccc1-2,True,False
O=Cc1ccc(N(c2ccccc2)c2c3ccccc3cc3ccccc23)cc1,c1ccc(N(c2ccccc2)c2c3ccccc3cc3ccccc23)cc1,c1ccc(N(c2ccccc2)c2c3ccccc3cc3ccccc23)cc1,True,False
c1ccc2c(-n3cccc3)cccc2c1,c1ccc2c(-n3cccc3)cccc2c1,c1ccc2c(-n3cccc3)cccc2c1,True,False
CCc1nccnc1C(=O)C=Cc1ccc(F)cc1,O=C(C=Cc1ccccc1)c1cnccn1,O=C(C=Cc1ccccc1)c1cnccn1,True,False
C=Cc1ccccn1,c1ccncc1,c1ccncc1,False,True
CCOC(=O)c1[nH]c(C)c(C(=O)CBr)c1C,c1cc[nH]c1,c1cc[nH]c1,True,False
c1ccc(-c2ccc3c(-c4ccc5ccccc5c4)c4ccccc4c(-c4cccc5c4ccc4cc6ccccc6cc45)c3c2)cc1,c1ccc(-c2ccc3c(-c4ccc5ccccc5c4)c4ccccc4c(-c4cccc5c4ccc4cc6ccccc6cc45)c3c2)cc1,c1ccc(-c2ccc3c(-c4ccc5ccccc5c4)c4ccccc4c(-c4cccc5c4ccc4cc6ccccc6cc45)c3c2)cc1,True,False
O=C1C=C(NC(=O)c2cccnc2)c2ccccc2C1=O,O=C1C=C(NC(=O)c2cccnc2)c2ccccc2C1=O,O=C1C=C(NC(=O)c2cccnc2)c2ccccc2C1=O,True,False
Cc1c(C(=O)C=Cc2ccc(F)cc2)nnn1-c1ccnc2cc(Cl)ccc12,O=C(C=Cc1ccccc1)c1cn(-c2ccnc3ccccc23)nn1,O=C(C=Cc1ccccc1)c1cn(-c2ccnc3ccccc23)nn1,True,False
Clc1ccccc1N=NC(=NNc1nc2ccccc2s1)c1ccccn1,c1ccc(N=NC(=NNc2nc3ccccc3s2)c2ccccn2)cc1,c1ccc(N=NC(=NNc2nc3ccccc3s2)c2ccccn2)cc1,True,False
COc1ccc(-c2cc(C)c(C3=C(c4sc(-c5ccc(OC)cc5)cc4C)C(F)(F)C(F)(F)C3(F)F)s2)cc1,c1ccc(-c2ccc(C3=C(c4ccc(-c5ccccc5)s4)CCC3)s2)cc1,c1ccc(-c2ccc(C3=C(c4ccc(-c5ccccc5)s4)CCC3)s2)cc1,False,True
CC(C)(C)C1=CC(=CC=Cc2cccnn2)C=C(C(C)(C)C)O1,C(=Cc1cccnn1)C=C1C=COC=C1,C(=Cc1cccnn1)C=C1C=COC=C1,True,False
O=C1OC(=O)c2ccc3c4ccc5c6c(ccc(c7ccc1c2c73)c64)C(=O)OC5=O,O=C1OC(=O)c2ccc3c4ccc5c6c(ccc(c7ccc1c2c73)c64)C(=O)OC5=O,O=C1OC(=O)c2ccc3c4ccc5c6c(ccc(c7ccc1c2c73)c64)C(=O)OC5=O,True,False
CCOC(=O)c1ccc(C(=O)OCC)nc1,c1ccncc1,c1ccncc1,False,True
CCn1c2ccccc2c2cc(C=CC(=O)c3c(O)c4ccccc4oc3=O)ccc21,O=C(C=Cc1ccc2[nH]c3ccccc3c2c1)c1cc2ccccc2oc1=O,O=C(C=Cc1ccc2[nH]c3ccccc3c2c1)c1cc2ccccc2oc1=O,True,False
CC1CCN(C(C)C(=O)Nc2ccc(S(N)(=O)=O)cc2)CC1,O=C(CN1CCCCC1)Nc1ccccc1,O=C(CN1CCCCC1)Nc1ccccc1,True,False
OCCC#Cc1cc(C#Cc2ccccc2)c2nc(-c3ccccc3)nc(C#Cc3ccc(Cl)cc3)c2c1,C(#Cc1nc(-c2ccccc2)nc2c(C#Cc3ccccc3)cccc12)c1ccccc1,C(#Cc1nc(-c2ccccc2)nc2c(C#Cc3ccccc3)cccc12)c1ccccc1,True,False
O=[N+]([O-])c1ccc(OCc2nnc(-c3cc(-c4ccc(Cl)cc4)nn3Cc3ccc(Cl)nc3)o2)cc1,c1ccc(OCc2nnc(-c3cc(-c4ccccc4)nn3Cc3cccnc3)o2)cc1,c1ccc(OCc2nnc(-c3cc(-c4ccccc4)nn3Cc3cccnc3)o2)cc1,False,True
CN(C)c1ccc(C=c2oc(=Cc3ccccc3)c3ccccc23)cc1,C(c1ccccc1)=c1oc(=Cc2ccccc2)c2ccccc12,C(c1ccccc1)=c1oc(=Cc2ccccc2)c2ccccc12,True,False
CC1c2cc(-c3ccc(-n4c5ccccc5c5ccccc54)s3)ccc2-c2ccc(-c3ccc(-n4c5ccccc5c5ccccc54)s3)cc21,c1ccc2c(c1)c1ccccc1n2-c1ccc(-c2ccc3c(c2)Cc2cc(-c4ccc(-n5c6ccccc6c6ccccc65)s4)ccc2-3)s1,c1ccc2c(c1)c1ccccc1n2-c1ccc(-c2ccc3c(c2)Cc2cc(-c4ccc(-n5c6ccccc6c6ccccc65)s4)ccc2-3)s1,False,True
CN1c2ccccc2Sc2cc(N=Cc3cccc4c3N(C)c3ccccc3S4)ccc21,C(=Nc1ccc2c(c1)Sc1ccccc1N2)c1cccc2c1Nc1ccccc1S2,C(=Nc1ccc2c(c1)Sc1ccccc1N2)c1cccc2c1Nc1ccccc1S2,True,False
Cn1c2ccccc2c2cc(C(c3ccc4c(c3)c3ccccc3n4C)c3ccccc3N(c3ccccc3)c3ccccc3)ccc21,c1ccc(N(c2ccccc2)c2ccccc2C(c2ccc3[nH]c4ccccc4c3c2)c2ccc3[nH]c4ccccc4c3c2)cc1,c1ccc(N(c2ccccc2)c2ccccc2C(c2ccc3[nH]c4ccccc4c3c2)c2ccc3[nH]c4ccccc4c3c2)cc1,False,True
O=[N+]([O-])c1cc([N+](=O)[O-])cc([N+](=O)[O-])c1,c1ccccc1,c1ccccc1,False,True
COC(=O)c1c(C(=O)OC)c2ccc(-c3ccc(Br)cc3)nn2c1C(=O)OC,c1ccc(-c2ccc3cccn3n2)cc1,c1ccc(-c2ccc3cccn3n2)cc1,True,False
CC(C)(C)c1ccc(C(=O)CC(=O)c2ccc(OCc3ccccc3)cc2)cc1,O=C(CC(=O)c1ccc(OCc2ccccc2)cc1)c1ccccc1,O=C(CC(=O)c1ccc(OCc2ccccc2)cc1)c1ccccc1,True,False
COc1ccc(C#Cc2c3ccccc3c(C#Cc3ccc(OC)cc3)c3cc4c(cc23)-c2ccccc2C4(C)C)cc1,C(#Cc1c2ccccc2c(C#Cc2ccccc2)c2cc3c(cc12)Cc1ccccc1-3)c1ccccc1,C(#Cc1c2ccccc2c(C#Cc2ccccc2)c2cc3c(cc12)Cc1ccccc1-3)c1ccccc1,True,False
CCN(CC)c1ccc2cc(C#N)c(=NC(=O)Nc3ccc(C)cc3)oc2c1,O=C(N=c1ccc2ccccc2o1)Nc1ccccc1,O=C(N=c1ccc2ccccc2o1)Nc1ccccc1,True,False
O=C1OC(OCc2ccccc2)C(NCc2ccccc2Cl)=C1Br,O=C1C=C(NCc2ccccc2)C(OCc2ccccc2)O1,O=C1C=C(NCc2ccccc2)C(OCc2ccccc2)O1,False,True
CC(C)Cn1cnc2c3c(-c4ccc([N+](=O)[O-])cc4)onc3c([N+](=O)[O-])cc21,c1ccc(-c2onc3ccc4[nH]cnc4c23)cc1,c1ccc(-c2onc3ccc4[nH]cnc4c23)cc1,False,True
O=c1c2cccc3cccc(c32)c2nc3ccccc3n12,O=c1c2cccc3cccc(c32)c2nc3ccccc3n12,O=c1c2cccc3cccc(c32)c2nc3ccccc3n12,True,False
C=Cc1c2ccccc2cc2ccccc12,c1ccc2cc3ccccc3cc2c1,c1ccc2cc3ccccc3cc2c1,False,True
Oc1cc(O)c2c(c1)O[C@H](c1ccc(O)c(O)c1)[C@@H](O)C2,c1ccc([C@@H]2CCc3ccccc3O2)cc1,c1ccc([C@@H]2CCc3ccccc3O2)cc1,True,False
C(#Cc1ccc2c(c1)c1cc(C#Cc3ccncc3)ccc1n2Cc1ccccc1)c1ccncc1,C(#Cc1ccc2c(c1)c1cc(C#Cc3ccncc3)ccc1n2Cc1ccccc1)c1ccncc1,C(#Cc1ccc2c(c1)c1cc(C#Cc3ccncc3)ccc1n2Cc1ccccc1)c1ccncc1,True,False
COc1cc2nc(C=Cc3ccc(-c4cc(-c5ccccn5)nc(-c5ccccn5)c4)cc3)c(C=Cc3ccc(N(C)C)cc3)nc2cc1OC,C(=Cc1nc2ccccc2nc1C=Cc1ccc(-c2cc(-c3ccccn3)nc(-c3ccccn3)c2)cc1)c1ccccc1,C(=Cc1nc2ccccc2nc1C=Cc1ccc(-c2cc(-c3ccccn3)nc(-c3ccccn3)c2)cc1)c1ccccc1,False,True
Cn1c2cc(-c3ccc(C=O)s3)ccc2c2ccc(N(c3ccccc3)c3ccc4c(c3)C(C)(C)c3ccccc3-4)cc21,c1ccc(N(c2ccc3c(c2)Cc2ccccc2-3)c2ccc3c(c2)[nH]c2cc(-c4cccs4)ccc23)cc1,c1ccc(N(c2ccc3c(c2)Cc2ccccc2-3)c2ccc3c(c2)[nH]c2cc(-c4cccs4)ccc23)cc1,False,True
COC1OC(=O)C(Br)=C1Nc1cccc2ccccc12,O=C1C=C(Nc2cccc3ccccc23)CO1,O=C1C=C(Nc2cccc3ccccc23)CO1,True,False
Cc1cc(C2(c3cc(C)c(O)c(Br)c3)OS(=O)(=O)c3ccccc32)cc(Br)c1O,O=S1(=O)OC(c2ccccc2)(c2ccccc2)c2ccccc21,O=S1(=O)OC(c2ccccc2)(c2ccccc2)c2ccccc21,False,True
O=[N+]([O-])c1ccc(C=CC=CC=Cc2ccc3c(=C4SC=CS4)c4ccccc4c(=C4SC=CS4)c3c2)cc1,C(=CC=Cc1ccc2c(=C3SC=CS3)c3ccccc3c(=C3SC=CS3)c2c1)C=Cc1ccccc1,C(=CC=Cc1ccc2c(=C3SC=CS3)c3ccccc3c(=C3SC=CS3)c2c1)C=Cc1ccccc1,False,True
Cc1c([N+](=O)[O-])cc([N+](=O)[O-])cc1[N+](=O)[O-],c1ccccc1,c1ccccc1,False,True
O=[N+]([O-])c1ccc2nc3c(nc2c1)-c1cccc2cccc-3c12,c1cc2c3c(cccc3c1)-c1nc3ccccc3nc1-2,c1cc2c3c(cccc3c1)-c1nc3ccccc3nc1-2,True,False
C=C(c1ccc(-c2ccc(C(=C)c3ccc(N(CC)CC)cc3)cc2)cc1)c1ccc(N(CC)CC)cc1,C=C(c1ccccc1)c1ccc(-c2ccc(C(=C)c3ccccc3)cc2)cc1,C=C(c1ccccc1)c1ccc(-c2ccc(C(=C)c3ccccc3)cc2)cc1,True,False
Cc1c(C(=O)C=Cc2cc(Cl)cc(Cl)c2)nnn1-c1ccnc2cc(Cl)ccc12,O=C(C=Cc1ccccc1)c1cn(-c2ccnc3ccccc23)nn1,O=C(C=Cc1ccccc1)c1cn(-c2ccnc3ccccc23)nn1,True,False
COc1ccc(C(=CC=C(C(=O)C(F)(F)F)C(=O)C(F)(F)F)c2ccc(OC)cc2)cc1,C=C(c1ccccc1)c1ccccc1,C=C(c1ccccc1)c1ccccc1,True,False
CC(C)CN1C(=O)c2cccc3c(OCCO)ccc(c23)C1=O,O=C1NC(=O)c2cccc3cccc1c23,O=C1NC(=O)c2cccc3cccc1c23,True,False
COc1ccc2nc(N=Nc3c(N)nn4c(N)c(N=Nc5nc6ccc(C)cc6s5)c(N)nc34)sc2c1,c1ccc2sc(N=Nc3cnc4c(N=Nc5nc6ccccc6s5)cnn4c3)nc2c1,c1ccc2sc(N=Nc3cnc4c(N=Nc5nc6ccccc6s5)cnn4c3)nc2c1,True,False
CCC1=C(C)c2cc3[nH]c(c(C)c3CC)c(-c3cccc(O)c3)c3nc(cc4[nH]c(cc1n2)c(CC)c4C)C(CC)=C3C,C1=Cc2cc3ccc([nH]3)c(-c3ccccc3)c3nc(cc4ccc(cc1n2)[nH]4)C=C3,C1=Cc2cc3ccc([nH]3)c(-c3ccccc3)c3nc(cc4ccc(cc1n2)[nH]4)C=C3,True,False
Cc1ccc(N(c2ccccc2)c2ccc(C=CC(=O)c3cc(C)sc3C)cc2)cc1,O=C(C=Cc1ccc(N(c2ccccc2)c2ccccc2)cc1)c1ccsc1,O=C(C=Cc1ccc(N(c2ccccc2)c2ccccc2)cc1)c1ccsc1,True,False
C[C@@]12CCCC(C1)C(c1ccccc1)N(N=O)C2c1ccccc1,c1ccc(C2NC(c3ccccc3)C3CCCC2C3)cc1,c1ccc(C2NC(c3ccccc3)C3CCCC2C3)cc1,False,True
O=[N+]([O-])c1ccccc1O,c1ccccc1,c1ccccc1,False,True
CCOC(=O)C1=C(c2ccccc2)NC(=O)C1=NNc1ccc([N+](=O)[O-])cc1O,O=C1NC(c2ccccc2)=CC1=NNc1ccccc1,O=C1NC(c2ccccc2)=CC1=NNc1ccccc1,True,False
O=[N+]([O-])c1ccc(N=NC(=NNc2ccccc2)c2ccccc2)cc1,c1ccc(N=NC(=NNc2ccccc2)c2ccccc2)cc1,c1ccc(N=NC(=NNc2ccccc2)c2ccccc2)cc1,True,False
Oc1cccc(O)c1-c1nc2ccccc2s1,c1ccc(-c2nc3ccccc3s2)cc1,c1ccc(-c2nc3ccccc3s2)cc1,True,False
O=[N+]([O-])c1cc2c(c([N+](=O)[O-])c1)-c1c(cc([N+](=O)[O-])cc1[N+](=O)[O-])C2=CC=CC=CC=C1C=C(c2ccccc2)OC(c2ccccc2)=C1,C(C=CC=C1c2ccccc2-c2ccccc21)=CC=C1C=C(c2ccccc2)OC(c2ccccc2)=C1,C(C=CC=C1c2ccccc2-c2ccccc21)=CC=C1C=C(c2ccccc2)OC(c2ccccc2)=C1,True,False
Cc1ccc(Cn2c(-c3ccco3)nc(-c3ccco3)c2-c2ccco2)cc1,c1ccc(Cn2c(-c3ccco3)nc(-c3ccco3)c2-c2ccco2)cc1,c1ccc(Cn2c(-c3ccco3)nc(-c3ccco3)c2-c2ccco2)cc1,True,False
CN(C)c1ccc2c3c(oc2c1)-c1ccccc1C(C)(C)C3=O,O=C1Cc2ccccc2-c2oc3ccccc3c21,O=C1Cc2ccccc2-c2oc3ccccc3c21,True,False
COc1ccc(-c2ccnc3nc(NC(C)=O)ccc23)cc1,c1ccc(-c2ccnc3ncccc23)cc1,c1ccc(-c2ccnc3ncccc23)cc1,True,False
O=C1OC(=O)c2ccc3c4cccc5cccc(c6ccc1c2c63)c54,O=C1OC(=O)c2ccc3c4cccc5cccc(c6ccc1c2c63)c54,O=C1OC(=O)c2ccc3c4cccc5cccc(c6ccc1c2c63)c54,True,False
c1ccc2c(c1)Nc1ccccc1O2,c1ccc2c(c1)Nc1ccccc1O2,c1ccc2c(c1)Nc1ccccc1O2,True,False
O=S(=O)(NCCNCC=Cc1ccc(Br)cc1)c1cccc2cnccc12,O=S(=O)(NCCNCC=Cc1ccccc1)c1cccc2cnccc12,O=S(=O)(NCCNCC=Cc1ccccc1)c1cccc2cnccc12,True,False
Cn1c(=O)c(C=O)c(O)c2ccccc21,O=c1ccc2ccccc2[nH]1,O=c1ccc2ccccc2[nH]1,True,False
Nc1c(Br)cc(Nc2ccccc2)c2c1C(=O)c1ccccc1C2=O,O=C1c2ccccc2C(=O)c2c(Nc3ccccc3)cccc21,O=C1c2ccccc2C(=O)c2c(Nc3ccccc3)cccc21,False,True
CC(C)(C)[Si](OCc1cc(C=C(C#N)C(=O)O)sc1C=C1C=C(c2ccccc2)OC(c2ccccc2)=C1)(c1ccccc1)c1ccccc1,C(=C1C=C(c2ccccc2)OC(c2ccccc2)=C1)c1sccc1CO[SiH](c1ccccc1)c1ccccc1,C(=C1C=C(c2ccccc2)OC(c2ccccc2)=C1)c1sccc1CO[SiH](c1ccccc1)c1ccccc1,False,True
CSc1ccc(C=Cc2ccc3c(c2)c2ccccc2n3C)cc1,C(=Cc1ccc2[nH]c3ccccc3c2c1)c1ccccc1,C(=Cc1ccc2[nH]c3ccccc3c2c1)c1ccccc1,True,False
Cc1nn2c(N=Nc3cccc(Cl)c3)c(-c3ccccc3)[nH]c2c1N=Nc1ccccc1,c1ccc(N=Nc2cnn3c(N=Nc4ccccc4)c(-c4ccccc4)[nH]c23)cc1,c1ccc(N=Nc2cnn3c(N=Nc4ccccc4)c(-c4ccccc4)[nH]c23)cc1,True,False
N#CC(=C(C#N)c1ccc(-n2ccc3ccccc32)cc1)c1ccc(-n2ccc3ccccc32)cc1,C(=Cc1ccc(-n2ccc3ccccc32)cc1)c1ccc(-n2ccc3ccccc32)cc1,C(=Cc1ccc(-n2ccc3ccccc32)cc1)c1ccc(-n2ccc3ccccc32)cc1,True,False
CCN(CC)c1ccc2c3c(c(=O)oc2c1)C(c1ccc([N+](=O)[O-])cc1)C(C#N)=C(N)O3,O=c1oc2ccccc2c2c1C(c1ccccc1)C=CO2,O=c1oc2ccccc2c2c1C(c1ccccc1)C=CO2,True,False
CC1=CC(=O)C(NC(C(=O)NC2C(=O)N3[C@@H]2SC(C)(C)[C@@H]3C(=O)O)c2ccc(O)cc2)=CC1=O,O=C1C=CC(=O)C(NC(C(=O)NC2C(=O)N3CCS[C@H]23)c2ccccc2)=C1,O=C1C=CC(=O)C(NC(C(=O)NC2C(=O)N3CCS[C@H]23)c2ccccc2)=C1,True,False
CCN(CC)c1ccc2cc(-c3ccccn3)c(=O)oc2c1,O=c1oc2ccccc2cc1-c1ccccn1,O=c1oc2ccccc2cc1-c1ccccn1,True,False
Cc1ccccc1OCc1nnc(-c2ccn3c(C)nc(Cl)c3c2)o1,c1ccc(OCc2nnc(-c3ccn4cncc4c3)o2)cc1,c1ccc(OCc2nnc(-c3ccn4cncc4c3)o2)cc1,True,False
CC1(C)c2ccccc2N(c2ccccc2)c2ccc(-c3ccc(-c4nc(-c5ccccc5)c(-c5ccccc5)n4-c4ccccc4)cc3)cc21,c1ccc(-c2nc(-c3ccc(-c4ccc5c(c4)Cc4ccccc4N5c4ccccc4)cc3)n(-c3ccccc3)c2-c2ccccc2)cc1,c1ccc(-c2nc(-c3ccc(-c4ccc5c(c4)Cc4ccccc4N5c4ccccc4)cc3)n(-c3ccccc3)c2-c2ccccc2)cc1,True,False
O=c1cc(O)c2cc(O)ccc2o1,O=c1ccc2ccccc2o1,O=c1ccc2ccccc2o1,False,True
Cn1c(-c2ccc(-c3ccccc3)cc2)nc(C#N)c1C#N,c1ccc(-c2ccc(-c3ncc[nH]3)cc2)cc1,c1ccc(-c2ccc(-c3ncc[nH]3)cc2)cc1,True,False
CCOC(=O)c1cc(=O)c2c(OC)cccc2o1,O=c1ccoc2ccccc12,O=c1ccoc2ccccc12,False,True
O=[N+]([O-])c1ccc2[nH]c3ccc(Cl)cc3c2c1,c1ccc2c(c1)[nH]c1ccccc12,c1ccc2c(c1)[nH]c1ccccc12,True,False
C(#Cc1ccc(N=Nc2ccc(C#Cc3ccccc3)cc2)cc1)c1ccccc1,C(#Cc1ccc(N=Nc2ccc(C#Cc3ccccc3)cc2)cc1)c1ccccc1,C(#Cc1ccc(N=Nc2ccc(C#Cc3ccccc3)cc2)cc1)c1ccccc1,True,False
CCOC(=O)c1cc2ccc(OCCN(CC(=O)O)CC(=O)O)c(CN(CC(=O)O)CC(=O)O)c2oc1=O,O=c1ccc2ccccc2o1,O=c1ccc2ccccc2o1,False,True
CCC(CC)Nc1cc(C(=O)O)ccc1N1C(=O)CCC1(CO)CO,O=C1CCCN1c1ccccc1,O=C1CCCN1c1ccccc1,True,False
Cc1ccc2ccccc2n1,c1ccc2ncccc2c1,c1ccc2ncccc2c1,False,True
Cc1ccc(NN=C(C(=O)c2ccccc2)c2nc(C)cc(=O)[nH]2)cc1,O=C(C(=NNc1ccccc1)c1nccc(=O)[nH]1)c1ccccc1,O=C(C(=NNc1ccccc1)c1nccc(=O)[nH]1)c1ccccc1,False,True
CCN(CC)c1cccc([N+](=O)[O-])c1,c1ccccc1,c1ccccc1,False,True
Clc1ccccc1N=Nc1nc2ccccc2s1,c1ccc(N=Nc2nc3ccccc3s2)cc1,c1ccc(N=Nc2nc3ccccc3s2)cc1,False,True
CCOC(=O)C1=C(c2ccccc2)NC(=O)C1=NNc1ccc(C#N)cc1,O=C1NC(c2ccccc2)=CC1=NNc1ccccc1,O=C1NC(c2ccccc2)=CC1=NNc1ccccc1,True,False
CCOc1ccc(C=Cc2nc3cc(OCCC(C)C)c(OCCC(C)C)cc3nc2C=Cc2ccc(OCC)cc2)cc1,C(=Cc1nc2ccccc2nc1C=Cc1ccccc1)c1ccccc1,C(=Cc1nc2ccccc2nc1C=Cc1ccccc1)c1ccccc1,True,False
Cc1nc(Cl)c2cc(-c3nnc(-c4ccccc4)o3)ccn12,c1ccc(-c2nnc(-c3ccn4cncc4c3)o2)cc1,c1ccc(-c2nnc(-c3ccn4cncc4c3)o2)cc1,True,False
O=C1c2ccc[n+]([O-])c2-c2c1ccc[n+]2[O-],O=C1c2ccc[nH+]c2-c2[nH+]cccc21,O=C1c2ccc[nH+]c2-c2[nH+]cccc21,False,True
CN(N=C1C(=O)C(=O)C1=NN(C)c1ccccc1)c1ccccc1,O=C1C(=O)C(=NNc2ccccc2)C1=NNc1ccccc1,O=C1C(=O)C(=NNc2ccccc2)C1=NNc1ccccc1,False,True
C(c1ccccc1)=c1oc(=Cc2ccc(N3CCOCC3)cc2)c2ccccc12,C(c1ccccc1)=c1oc(=Cc2ccc(N3CCOCC3)cc2)c2ccccc12,C(c1ccccc1)=c1oc(=Cc2ccc(N3CCOCC3)cc2)c2ccccc12,True,False
CC1=NC(=Cc2ccc(N(C)C)cc2)C(=O)N1CCN1C(=O)C(=Cc2ccc(N(C)C)cc2)N=C1C,O=C1C(=Cc2ccccc2)N=CN1CCN1C=NC(=Cc2ccccc2)C1=O,O=C1C(=Cc2ccccc2)N=CN1CCN1C=NC(=Cc2ccccc2)C1=O,True,False
CCN1BN(CCc2cccs2)c2ccccc21,B1Nc2ccccc2N1CCc1cccs1,B1Nc2ccccc2N1CCc1cccs1,True,False
CCCCn1c2ccccc2c2cc(-c3ccc(-c4ccc(C=C(C#N)C(=O)O)s4)c4nsnc34)ccc21,c1csc(-c2ccc(-c3ccc4[nH]c5ccccc5c4c3)c3nsnc23)c1,c1csc(-c2ccc(-c3ccc4[nH]c5ccccc5c4c3)c3nsnc23)c1,True,False
Cc1ccc(C(Nc2ccccc2)C2=C(O)C(=O)c3ccccc3C2=O)cc1,O=C1C=C(C(Nc2ccccc2)c2ccccc2)C(=O)c2ccccc21,O=C1C=C(C(Nc2ccccc2)c2ccccc2)C(=O)c2ccccc21,False,True
O=c1cc[nH]c(=O)[nH]1,O=c1cc[nH]c(=O)[nH]1,O=c1cc[nH]c(=O)[nH]1,False,True
CCN(CC)c1ccc2cc(C#N)c(=NC(=O)NCNC(=O)N=c3oc4cc(N(CC)CC)ccc4cc3C#N)oc2c1,O=C(N=c1ccc2ccccc2o1)NCNC(=O)N=c1ccc2ccccc2o1,O=C(N=c1ccc2ccccc2o1)NCNC(=O)N=c1ccc2ccccc2o1,True,False
CCn1c2ccc(N(c3ccc(C)cc3)c3ccc(C)cc3)cc2c2cc(N(c3ccc(C)cc3)c3ccc(C)cc3)ccc21,c1ccc(N(c2ccccc2)c2ccc3[nH]c4ccc(N(c5ccccc5)c5ccccc5)cc4c3c2)cc1,c1ccc(N(c2ccccc2)c2ccc3[nH]c4ccc(N(c5ccccc5)c5ccccc5)cc4c3c2)cc1,True,False
c1ccc(-n2c3ccccc3c3cc(-c4sc(-c5cccs5)c5ccccc45)ccc32)cc1,c1ccc(-n2c3ccccc3c3cc(-c4sc(-c5cccs5)c5ccccc45)ccc32)cc1,c1ccc(-n2c3ccccc3c3cc(-c4sc(-c5cccs5)c5ccccc45)ccc32)cc1,True,False
COc1ccc(-c2c(-c3ccc(S(C)(=O)=O)cc3)[nH]c3ccccc23)cc1,c1ccc(-c2[nH]c3ccccc3c2-c2ccccc2)cc1,c1ccc(-c2[nH]c3ccccc3c2-c2ccccc2)cc1,True,False
CCN(CC)c1ccc(C=CC(=O)O)cc1,c1ccccc1,c1ccccc1,False,True
CN(C)c1c[nH]c(=O)[nH]c1=O,O=c1cc[nH]c(=O)[nH]1,O=c1cc[nH]c(=O)[nH]1,False,True
O=c1oc2c(O)c(O)cc3c(=O)oc4c(O)c(O)cc1c4c23,O=c1oc2cccc3c(=O)oc4cccc1c4c23,O=c1oc2cccc3c(=O)oc4cccc1c4c23,True,False
COc1cc(C=CC(=O)c2cc3ccccc3oc2=O)cc(OC)c1OC,O=C(C=Cc1ccccc1)c1cc2ccccc2oc1=O,O=C(C=Cc1ccccc1)c1cc2ccccc2oc1=O,True,False
CSc1ccc(-c2cc(-c3ccc(SC)cc3)c3ccc4c(-c5ccc(SC)cc5)cc(-c5ccc(SC)cc5)c5ccc2c3c54)cc1,c1ccc(-c2cc(-c3ccccc3)c3ccc4c(-c5ccccc5)cc(-c5ccccc5)c5ccc2c3c54)cc1,c1ccc(-c2cc(-c3ccccc3)c3ccc4c(-c5ccccc5)cc(-c5ccccc5)c5ccc2c3c54)cc1,True,False
NC(=O)C[C@H](Nc1nc2ccc(F)cc2s1)C(=O)O,c1ccc2scnc2c1,c1ccc2scnc2c1,True,False
O=c1c(-c2ccc(O)cc2)coc2cc(O)cc(O)c12,O=c1c(-c2ccccc2)coc2ccccc12,O=c1c(-c2ccccc2)coc2ccccc12,False,True
c1cnc2c(ccc3nccnc32)n1,c1cnc2c(ccc3nccnc32)n1,c1cnc2c(ccc3nccnc32)n1,True,False
O=Cc1ccc([N+](=O)[O-])cc1,c1ccccc1,c1ccccc1,False,True
O=c1cc2cc(O)c3cccc4ccc(o1)c2c43,O=c1cc2ccc3cccc4ccc(o1)c2c34,O=c1cc2ccc3cccc4ccc(o1)c2c34,True,False
Cc1cc(N=Nc2nc3ccc([N+](=O)[O-])cc3s2)c2c(C)ccc(C(C)C)cc1-2,c1ccc2ccc(N=Nc3nc4ccccc4s3)c-2cc1,c1ccc2ccc(N=Nc3nc4ccccc4s3)c-2cc1,True,False
Cc1ccc2c(c1)C(=O)CC=N2,O=C1CC=Nc2ccccc21,O=C1CC=Nc2ccccc21,False,True
CNc1ccc([N+](=O)[O-])cc1,c1ccccc1,c1ccccc1,False,True
N=C1N=C(c2ccccc2)C(c2csc(-c3ccccc3)c2)=C1c1cccn1-c1cccs1,N=C1N=C(c2ccccc2)C(c2csc(-c3ccccc3)c2)=C1c1cccn1-c1cccs1,N=C1N=C(c2ccccc2)C(c2csc(-c3ccccc3)c2)=C1c1cccn1-c1cccs1,True,False
N#CC(=Cc1ccc(-c2ccc3ccc4cccc5ccc2c3c45)s1)C(=O)O,c1csc(-c2ccc3ccc4cccc5ccc2c3c45)c1,c1csc(-c2ccc3ccc4cccc5ccc2c3c45)c1,True,False
CCn1c2ccc(C(C)(C)C)cc2c2cc(C(C)(C)C)cc(N(c3ccccc3)c3ccccc3)c21,c1ccc(N(c2ccccc2)c2cccc3c2[nH]c2ccccc23)cc1,c1ccc(N(c2ccccc2)c2cccc3c2[nH]c2ccccc23)cc1,True,False
C#Cc1ccc2c(C)cc(=O)oc2c1,O=c1ccc2ccccc2o1,O=c1ccc2ccccc2o1,False,True
COc1cc(OC)c2c(CC(=O)NCc3cn(C(O)[C@H]4O[C@@H](n5ccc(=O)[nH]c5=O)[C@H](O)[C@@H]4O)nn3)cc(=O)oc2c1,O=C(Cc1cc(=O)oc2ccccc12)NCc1cn(C[C@@H]2CC[C@H](n3ccc(=O)[nH]c3=O)O2)nn1,O=C(Cc1cc(=O)oc2ccccc12)NCc1cn(C[C@@H]2CC[C@H](n3ccc(=O)[nH]c3=O)O2)nn1,True,False
CC1(C)C2=CCCC(=O)N2c2ccc3ccccc3c21,O=C1CCC=C2Cc3c(ccc4ccccc34)N12,O=C1CCC=C2Cc3c(ccc4ccccc34)N12,True,False
c1ccc2c(c1)-c1ccccc1C2(c1ccc(-n2c3ccccc3c3ccccc32)cc1)c1ccc(-n2c3ccccc3c3ccccc32)cc1,c1ccc2c(c1)-c1ccccc1C2(c1ccc(-n2c3ccccc3c3ccccc32)cc1)c1ccc(-n2c3ccccc3c3ccccc32)cc1,c1ccc2c(c1)-c1ccccc1C2(c1ccc(-n2c3ccccc3c3ccccc32)cc1)c1ccc(-n2c3ccccc3c3ccccc32)cc1,True,False
Cc1cc(C=Nc2c(C(C)C)cccc2C(C)C)c(O)c(C(c2ccccc2)c2ccccc2)c1,C(=Nc1ccccc1)c1cccc(C(c2ccccc2)c2ccccc2)c1,C(=Nc1ccccc1)c1cccc(C(c2ccccc2)c2ccccc2)c1,True,False
COc1ccc(C2C(c3ccnc4ccccc34)C(c3ccc(OC)c(OC)c3)C2c2ccnc3ccccc23)cc1OC,c1ccc(C2C(c3ccnc4ccccc34)C(c3ccccc3)C2c2ccnc3ccccc23)cc1,c1ccc(C2C(c3ccnc4ccccc34)C(c3ccccc3)C2c2ccnc3ccccc23)cc1,True,False
COc1ccc2nc(N=Nc3c(-c4ccccc4)[nH]c4ccccc34)sc2c1,c1ccc(-c2[nH]c3ccccc3c2N=Nc2nc3ccccc3s2)cc1,c1ccc(-c2[nH]c3ccccc3c2N=Nc2nc3ccccc3s2)cc1,True,False
Nc1ccc2c3c(cccc13)-c1nc3ccccc3nc1-2,c1cc2c3c(cccc3c1)-c1nc3ccccc3nc1-2,c1cc2c3c(cccc3c1)-c1nc3ccccc3nc1-2,True,False
CCN(CC)C1(N=Nc2nc3ccccc3[nH]2)NC(c2ccccc2)=CS1,C1=C(c2ccccc2)NC(N=Nc2nc3ccccc3[nH]2)S1,C1=C(c2ccccc2)NC(N=Nc2nc3ccccc3[nH]2)S1,False,True
CSC1=C(SC)SC(=Cc2ccc(C=Cc3ccc([N+](=O)[O-])cc3)s2)S1,C1=CSC(=Cc2ccc(C=Cc3ccccc3)s2)S1,C1=CSC(=Cc2ccc(C=Cc3ccccc3)s2)S1,True,False
CCOC(=O)C=Cc1cc2ccc(-c3cn(Cc4ccccc4)nn3)cc2oc1=O,O=c1ccc2ccc(-c3cn(Cc4ccccc4)nn3)cc2o1,O=c1ccc2ccc(-c3cn(Cc4ccccc4)nn3)cc2o1,True,False
N#CC(=Cc1ncc2cc(N(c3ccccc3)c3ccccc3)ccc2n1)C(=O)O,c1ccc(N(c2ccccc2)c2ccc3ncncc3c2)cc1,c1ccc(N(c2ccccc2)c2ccc3ncncc3c2)cc1,True,False
C=C(c1ccc(F)cc1)c1[nH]c2ccccc2c1CCNS(=O)(=O)c1ccccc1[N+](=O)[O-],C=C(c1ccccc1)c1[nH]c2ccccc2c1CCNS(=O)(=O)c1ccccc1,C=C(c1ccccc1)c1[nH]c2ccccc2c1CCNS(=O)(=O)c1ccccc1,True,False
FC(F)(F)c1ccc(-c2cccc3ccccc23)nc1,c1ccc(-c2cccc3ccccc23)nc1,c1ccc(-c2cccc3ccccc23)nc1,True,False
C=CC1=C(C)C(=Cc2[nH]c(Cc3[nH]c(C=C4NC(=O)C(C)=C4C=C)c(C)c3CCC(=O)O)c(CCC(=O)O)c2C)NC1=O,O=C1C=CC(=Cc2ccc(Cc3ccc(C=C4C=CC(=O)N4)[nH]3)[nH]2)N1,O=C1C=CC(=Cc2ccc(Cc3ccc(C=C4C=CC(=O)N4)[nH]3)[nH]2)N1,False,True
Oc1ccc(N=Nc2ccccn2)c(O)c1,c1ccc(N=Nc2ccccn2)cc1,c1ccc(N=Nc2ccccn2)cc1,True,False
c1ccc2c(c1)c1ccccc1c1cc(-c3cc(-n4c5ccccc5c5ccccc54)cc(-n4c5ccccc5c5ccccc54)c3)ccc21,c1ccc2c(c1)c1ccccc1c1cc(-c3cc(-n4c5ccccc5c5ccccc54)cc(-n4c5ccccc5c5ccccc54)c3)ccc21,c1ccc2c(c1)c1ccccc1c1cc(-c3cc(-n4c5ccccc5c5ccccc54)cc(-n4c5ccccc5c5ccccc54)c3)ccc21,True,False
CCN(CC)c1ccc(-c2ccc(C(=C(C#N)C#N)c3ccc(-c4ccc(N(CC)CC)cc4)cc3)cc2)cc1,C=C(c1ccc(-c2ccccc2)cc1)c1ccc(-c2ccccc2)cc1,C=C(c1ccc(-c2ccccc2)cc1)c1ccc(-c2ccccc2)cc1,True,False
N#CC(=Cc1ccc(C(C#N)=Cc2ccc3ccc4cccc5ccc2c3c45)s1)C(=O)O,C(=Cc1ccc2ccc3cccc4ccc1c2c34)c1cccs1,C(=Cc1ccc2ccc3cccc4ccc1c2c34)c1cccs1,True,False
C(=Cc1ccc(-c2cnc3c(ccc4cc(-c5ccc(C=Cc6cccs6)s5)cnc43)c2)s1)c1cccs1,C(=Cc1ccc(-c2cnc3c(ccc4cc(-c5ccc(C=Cc6cccs6)s5)cnc43)c2)s1)c1cccs1,C(=Cc1ccc(-c2cnc3c(ccc4cc(-c5ccc(C=Cc6cccs6)s5)cnc43)c2)s1)c1cccs1,True,False
C(#Cc1ccc2ccccc2c1)c1ccc(N=Nc2ccc(C#Cc3ccc4ccccc4c3)cc2)cc1,C(#Cc1ccc2ccccc2c1)c1ccc(N=Nc2ccc(C#Cc3ccc4ccccc4c3)cc2)cc1,C(#Cc1ccc2ccccc2c1)c1ccc(N=Nc2ccc(C#Cc3ccc4ccccc4c3)cc2)cc1,True,False
Nc1nc(-c2ccc(NC(=O)c3ccccc3)cc2)c(N=Nc2ccccc2)s1,O=C(Nc1ccc(-c2ncsc2N=Nc2ccccc2)cc1)c1ccccc1,O=C(Nc1ccc(-c2ncsc2N=Nc2ccccc2)cc1)c1ccccc1,True,False
N#CC(=Cc1cn(-c2ccccc2)nc1-c1ccccc1)c1nc2ccccc2s1,C(=Cc1cn(-c2ccccc2)nc1-c1ccccc1)c1nc2ccccc2s1,C(=Cc1cn(-c2ccccc2)nc1-c1ccccc1)c1nc2ccccc2s1,False,True
C=CCOc1nc(Nc2ccc3nn(-c4ccccc4O)nc3c2)nc(N2C(C)(C)CC(OCC=C)CC2(C)C)n1,c1ccc(-n2nc3ccc(Nc4ncnc(N5CCCCC5)n4)cc3n2)cc1,c1ccc(-n2nc3ccc(Nc4ncnc(N5CCCCC5)n4)cc3n2)cc1,True,False
Oc1ccc(N=NN2NC=CS2)c2cccnc12,C1=CSN(N=Nc2cccc3ncccc23)N1,C1=CSN(N=Nc2cccc3ncccc23)N1,False,True
CC1c2cc3nc(-c4ccc(F)cc4)[nH]c3cc2-c2cc3[nH]c(-c4ccc(F)cc4)nc3cc21,c1ccc(-c2nc3cc4c(cc3[nH]2)-c2cc3[nH]c(-c5ccccc5)nc3cc2C4)cc1,c1ccc(-c2nc3cc4c(cc3[nH]2)-c2cc3[nH]c(-c5ccccc5)nc3cc2C4)cc1,True,False
CC1(C)c2ccccc2N(c2ccc(N3c4ccccc4C(C)(C)c4ccccc43)c3nc(-c4ccccc4)c(-c4ccccc4)nc23)c2ccccc21,c1ccc(-c2nc3c(N4c5ccccc5Cc5ccccc54)ccc(N4c5ccccc5Cc5ccccc54)c3nc2-c2ccccc2)cc1,c1ccc(-c2nc3c(N4c5ccccc5Cc5ccccc54)ccc(N4c5ccccc5Cc5ccccc54)c3nc2-c2ccccc2)cc1,True,False
CCCCC1(CC(C)CC)c2ccccc2-c2ccc(-c3ccc4c(c3)C(CC(C)CC)(CC(C)CC)c3ccccc3-4)cc21,c1ccc2c(c1)Cc1cc(-c3ccc4c(c3)Cc3ccccc3-4)ccc1-2,c1ccc2c(c1)Cc1cc(-c3ccc4c(c3)Cc3ccccc3-4)ccc1-2,True,False
CN(C)c1ccc(C(=Cc2ccc(C=O)cc2)c2ccc(N(C)C)cc2)cc1,C(=C(c1ccccc1)c1ccccc1)c1ccccc1,C(=C(c1ccccc1)c1ccccc1)c1ccccc1,True,False
CC1c2ccccc2-c2ccc(C3=C(c4ccc5c(c4)C(C)(C)c4ccccc4-5)C(F)(F)C(F)(F)C3(F)F)cc21,c1ccc2c(c1)Cc1cc(C3=C(c4ccc5c(c4)Cc4ccccc4-5)CCC3)ccc1-2,c1ccc2c(c1)Cc1cc(C3=C(c4ccc5c(c4)Cc4ccccc4-5)CCC3)ccc1-2,False,True
C#Cc1ccnc(-c2cc(-c3cc(C#C)ccn3)cc(-c3cc(C#C)ccn3)c2)c1,c1ccc(-c2cc(-c3ccccn3)cc(-c3ccccn3)c2)nc1,c1ccc(-c2cc(-c3ccccn3)cc(-c3ccccn3)c2)nc1,True,False
COc1ccc(-n2nc(C#N)c(N3CCOCC3)n2)cc1,c1ccc(-n2ncc(N3CCOCC3)n2)cc1,c1ccc(-n2ncc(N3CCOCC3)n2)cc1,True,False
Cc1cc(-c2nc3ccccc3[nH]2)c(O)c(C(c2ccccc2)c2ccccc2)c1,c1ccc(C(c2ccccc2)c2cccc(-c3nc4ccccc4[nH]3)c2)cc1,c1ccc(C(c2ccccc2)c2cccc(-c3nc4ccccc4[nH]3)c2)cc1,True,False
Nc1ccc(-c2ccc(-c3ccc(N)cc3)n2-c2ccc(C(c3ccccc3)(c3ccccc3)c3ccccc3)cc2)cc1,c1ccc(-c2ccc(-c3ccccc3)n2-c2ccc(C(c3ccccc3)(c3ccccc3)c3ccccc3)cc2)cc1,c1ccc(-c2ccc(-c3ccccc3)n2-c2ccc(C(c3ccccc3)(c3ccccc3)c3ccccc3)cc2)cc1,True,False
COC1OC(=O)C(Br)=C1NCc1ccc(C)cc1,O=C1C=C(NCc2ccccc2)CO1,O=C1C=C(NCc2ccccc2)CO1,True,False
COc1cc(C=CC(=O)c2nnn(-c3ccnc4cc(Cl)ccc34)c2C)cc(OC)c1OC,O=C(C=Cc1ccccc1)c1cn(-c2ccnc3ccccc23)nn1,O=C(C=Cc1ccccc1)c1cn(-c2ccnc3ccccc23)nn1,True,False
CC(C)n1cc(P(=O)(c2ccccc2)c2ccccc2)n(C)c1=S,O=P(c1ccccc1)(c1ccccc1)c1c[nH]c(=S)[nH]1,O=P(c1ccccc1)(c1ccccc1)c1c[nH]c(=S)[nH]1,True,False
Cc1ccc(OCCN2CCCn3c2nc2c3c(=O)n(C)c(=O)n2C)cc1,O=c1[nH]c(=O)c2c(nc3n2CCCN3CCOc2ccccc2)[nH]1,O=c1[nH]c(=O)c2c(nc3n2CCCN3CCOc2ccccc2)[nH]1,True,False
COc1ccc2c3c(OC)c4ccccc4c(OC)c3n(C)c2c1,c1ccc2cc3c(cc2c1)[nH]c1ccccc13,c1ccc2cc3c(cc2c1)[nH]c1ccccc13,True,False
CCCSc1ccc2nc(NC(=O)OC)[nH]c2c1,c1ccc2[nH]cnc2c1,c1ccc2[nH]cnc2c1,True,False
c1ccc(-c2nc3c(-c4ccc5ccc6cccc7ccc4c5c67)ccc(-c4ccc5ccc6cccc7ccc4c5c67)c3nc2-c2ccccc2)cc1,c1ccc(-c2nc3c(-c4ccc5ccc6cccc7ccc4c5c67)ccc(-c4ccc5ccc6cccc7ccc4c5c67)c3nc2-c2ccccc2)cc1,c1ccc(-c2nc3c(-c4ccc5ccc6cccc7ccc4c5c67)ccc(-c4ccc5ccc6cccc7ccc4c5c67)c3nc2-c2ccccc2)cc1,True,False
Nc1ncnc2c1ncn2[C@H]1C[C@H](O)[C@@H](COP(=O)(O)O)O1,c1ncc2ncn([C@H]3CCCO3)c2n1,c1ncc2ncn([C@H]3CCCO3)c2n1,False,True
O=C(ON1C(=O)c2cccc3cccc(c23)C1=S)c1ccccc1,O=C(ON1C(=O)c2cccc3cccc(c23)C1=S)c1ccccc1,O=C(ON1C(=O)c2cccc3cccc(c23)C1=S)c1ccccc1,True,False
Cc1sc(-c2ccc(-c3sc(C)c(C#N)c3C#N)s2)c(C#N)c1C#N,c1csc(-c2ccc(-c3cccs3)s2)c1,c1csc(-c2ccc(-c3cccs3)s2)c1,True,False
O=[N+]([O-])c1ccc([N+](=O)[O-])cc1,c1ccccc1,c1ccccc1,False,True
NS(=O)(=O)c1ccc(-c2[nH]c3ccccc3c2-c2ccc(F)cc2)cc1,c1ccc(-c2[nH]c3ccccc3c2-c2ccccc2)cc1,c1ccc(-c2[nH]c3ccccc3c2-c2ccccc2)cc1,True,False
CC1(C)c2c(ccc3ccccc23)N2CC21,c1ccc2c3c(ccc2c1)N1CC1C3,c1ccc2c3c(ccc2c1)N1CC1C3,True,False
C#Cc1cc(C#C)c2ccc3c(C(=O)c4ccccc4)cc(C#C)c4ccc1c2c43,O=C(c1ccccc1)c1ccc2ccc3cccc4ccc1c2c34,O=C(c1ccccc1)c1ccc2ccc3cccc4ccc1c2c34,True,False
COc1ccc(-c2cc(-c3nnc(-c4ccc(C)cc4)o3)n(Cc3ccc(C(C)(C)C)cc3)n2)cc1,c1ccc(Cn2nc(-c3ccccc3)cc2-c2nnc(-c3ccccc3)o2)cc1,c1ccc(Cn2nc(-c3ccccc3)cc2-c2nnc(-c3ccccc3)o2)cc1,True,False
O=C(Nc1cccc2ccccc12)NC12CC3CC(C1)CC(NC(=O)Nc1cccc4ccccc14)(C3)C2,O=C(Nc1cccc2ccccc12)NC12CC3CC(C1)CC(NC(=O)Nc1cccc4ccccc14)(C3)C2,O=C(Nc1cccc2ccccc12)NC12CC3CC(C1)CC(NC(=O)Nc1cccc4ccccc14)(C3)C2,True,False
c1ccc(-c2nc(-c3c4ccccc4cc4ccccc34)n3ccccc23)cc1,c1ccc(-c2nc(-c3c4ccccc4cc4ccccc34)n3ccccc23)cc1,c1ccc(-c2nc(-c3c4ccccc4cc4ccccc34)n3ccccc23)cc1,True,False
COc1ccc(CNc2ncnc3c2nc(C=Cc2ccc(C#N)cc2)n3Cc2ccccc2)cc1,C(=Cc1nc2c(NCc3ccccc3)ncnc2n1Cc1ccccc1)c1ccccc1,C(=Cc1nc2c(NCc3ccccc3)ncnc2n1Cc1ccccc1)c1ccccc1,True,False
Cc1cc(-c2c(-c3cc(C)sc3C)c3cc(C(=O)O)ccc3c3ccc(C(=O)O)cc23)c(C)s1,c1ccc2c(c1)c(-c1ccsc1)c(-c1ccsc1)c1ccccc12,c1ccc2c(c1)c(-c1ccsc1)c(-c1ccsc1)c1ccccc12,False,True
CCOC(=O)C1=C(c2ccccc2)N(C)C(=O)C1=Cc1ccc(C=Cc2ccccc2)cc1,O=C1NC(c2ccccc2)=CC1=Cc1ccc(C=Cc2ccccc2)cc1,O=C1NC(c2ccccc2)=CC1=Cc1ccc(C=Cc2ccccc2)cc1,False,True
Cc1ccc(-c2c3nc(c(-c4ccc(C)cc4)c4ccc([nH]4)c(-c4ccc([N+](=O)[O-])cc4)c4nc(c(-c5ccc(C)cc5)c5ccc2[nH]5)C=C4)C=C3)cc1,C1=Cc2nc1c(-c1ccccc1)c1ccc([nH]1)c(-c1ccccc1)c1nc(c(-c3ccccc3)c3ccc([nH]3)c2-c2ccccc2)C=C1,C1=Cc2nc1c(-c1ccccc1)c1ccc([nH]1)c(-c1ccccc1)c1nc(c(-c3ccccc3)c3ccc([nH]3)c2-c2ccccc2)C=C1,True,False
c1ccc([Si](c2ccccc2)(c2ccccc2)c2ccc(-c3ccc([Si](c4ccccc4)(c4ccccc4)c4ccccc4)cc3)cc2)cc1,c1ccc([Si](c2ccccc2)(c2ccccc2)c2ccc(-c3ccc([Si](c4ccccc4)(c4ccccc4)c4ccccc4)cc3)cc2)cc1,c1ccc([Si](c2ccccc2)(c2ccccc2)c2ccc(-c3ccc([Si](c4ccccc4)(c4ccccc4)c4ccccc4)cc3)cc2)cc1,True,False
COc1ccc(N2c3ccccc3Oc3cc(-c4ccc(C=C(C#N)C(=O)O)o4)ccc32)cc1,c1ccc(N2c3ccccc3Oc3cc(-c4ccco4)ccc32)cc1,c1ccc(N2c3ccccc3Oc3cc(-c4ccco4)ccc32)cc1,False,True
CCn1c(C)c(C(C)=O)c2nc(C#N)c(C#N)nc21,c1cnc2[nH]ccc2n1,c1cnc2[nH]ccc2n1,True,False
CCN(CC)c1ccc2c3c(c(=O)oc2c1)N=[N+](c1ccc(OC)cc1)[B-](F)(F)O3,O=c1oc2ccccc2c2c1N=[N+](c1ccccc1)[BH2-]O2,O=c1oc2ccccc2c2c1N=[N+](c1ccccc1)[BH2-]O2,True,False
Nc1ccc(-c2nnc(-c3ccc(N)cc3)o2)cc1,c1ccc(-c2nnc(-c3ccccc3)o2)cc1,c1ccc(-c2nnc(-c3ccccc3)o2)cc1,True,False
O=c1[nH][nH]c(=O)c2c1ccc1[nH]c(-c3ccccc3O)nc12,O=c1[nH][nH]c(=O)c2c1ccc1[nH]c(-c3ccccc3)nc12,O=c1[nH][nH]c(=O)c2c1ccc1[nH]c(-c3ccccc3)nc12,True,False
COC(=O)c1ccc(-c2ccc(-c3ccc(C)cc3)cn2)nc1,c1ccc(-c2ccc(-c3ccccn3)nc2)cc1,c1ccc(-c2ccc(-c3ccccn3)nc2)cc1,True,False
c1csc(-c2ccc(N=Nc3nncs3)s2)c1,c1csc(-c2ccc(N=Nc3nncs3)s2)c1,c1csc(-c2ccc(N=Nc3nncs3)s2)c1,False,True
O=P(c1ccccc1)(c1ccccc1)c1ccc(-c2ccc(-n3c4ccccc4c4ccccc43)cc2)s1,O=P(c1ccccc1)(c1ccccc1)c1ccc(-c2ccc(-n3c4ccccc4c4ccccc43)cc2)s1,O=P(c1ccccc1)(c1ccccc1)c1ccc(-c2ccc(-n3c4ccccc4c4ccccc43)cc2)s1,True,False
Cc1cc(C=NNc2cccc3ccccc23)c(O)c(CO)c1,C(=NNc1cccc2ccccc12)c1ccccc1,C(=NNc1cccc2ccccc12)c1ccccc1,True,False
CC(=O)c1ccc(N=Nc2c(C)nc3c4c(-c5ccccc5)n(-c5ccccc5)nc4c(C)nn23)cc1,c1ccc(N=Nc2cnc3c4c(-c5ccccc5)n(-c5ccccc5)nc4cnn23)cc1,c1ccc(N=Nc2cnc3c4c(-c5ccccc5)n(-c5ccccc5)nc4cnn23)cc1,True,False
Cc1cccc(-c2nc3c4ccccc4c4ccccc4c3[nH]2)n1,c1ccc(-c2nc3c4ccccc4c4ccccc4c3[nH]2)nc1,c1ccc(-c2nc3c4ccccc4c4ccccc4c3[nH]2)nc1,True,False
Cc1ccc2nc(-c3ccc(-c4ccc(-c5ccc(-c6nc7ccc(C)cc7[nH]6)cc5)cc4)cc3)[nH]c2c1,c1ccc2[nH]c(-c3ccc(-c4ccc(-c5ccc(-c6nc7ccccc7[nH]6)cc5)cc4)cc3)nc2c1,c1ccc2[nH]c(-c3ccc(-c4ccc(-c5ccc(-c6nc7ccccc7[nH]6)cc5)cc4)cc3)nc2c1,True,False
Oc1cc2[nH]c3ccccc3c2cc1Cl,c1ccc2c(c1)[nH]c1ccccc12,c1ccc2c(c1)[nH]c1ccccc12,True,False
Oc1ccc(N=Nc2cccc(Br)c2)cc1C=Nc1ccccc1O,C(=Nc1ccccc1)c1cccc(N=Nc2ccccc2)c1,C(=Nc1ccccc1)c1cccc(N=Nc2ccccc2)c1,False,True
CCOC(=O)c1cc2ccc(N(CCCl)CCCl)cc2oc1=O,O=c1ccc2ccccc2o1,O=c1ccc2ccccc2o1,False,True
CCOc1ccc(N(c2ccc(OCC)cc2)c2ccc(C(n3cccn3)n3cccn3)cc2)cc1,c1ccc(N(c2ccccc2)c2ccc(C(n3cccn3)n3cccn3)cc2)cc1,c1ccc(N(c2ccccc2)c2ccc(C(n3cccn3)n3cccn3)cc2)cc1,True,False
O=C1c2cccnc2-c2ncccc21,O=C1c2cccnc2-c2ncccc21,O=C1c2cccnc2-c2ncccc21,True,False
Cc1ccc([N+](=O)[O-])cc1[N+](=O)[O-],c1ccccc1,c1ccccc1,False,True
O=Nc1c(O)ccc2ccccc12,c1ccc2ccccc2c1,c1ccc2ccccc2c1,True,False
CCOC(=O)c1ccc(C=Cc2ccc(N(c3ccccc3)c3ccccc3)cc2)cc1,C(=Cc1ccc(N(c2ccccc2)c2ccccc2)cc1)c1ccccc1,C(=Cc1ccc(N(c2ccccc2)c2ccccc2)cc1)c1ccccc1,False,True
OC1Cc2ccccc2OC1c1ccccc1,c1ccc(C2CCc3ccccc3O2)cc1,c1ccc(C2CCc3ccccc3O2)cc1,True,False
COC(=O)Cc1cc(=O)oc2c(F)c(O)ccc12,O=c1ccc2ccccc2o1,O=c1ccc2ccccc2o1,False,True
Cc1ccc(OCc2nnc(-c3cc(-c4ccc(Cl)cc4)nn3Cc3ccc(Cl)nc3)o2)cc1,c1ccc(OCc2nnc(-c3cc(-c4ccccc4)nn3Cc3cccnc3)o2)cc1,c1ccc(OCc2nnc(-c3cc(-c4ccccc4)nn3Cc3cccnc3)o2)cc1,False,True
CCCN1c2ccccc2Sc2cc(C=Cc3cc(=O)oc4cc(C)c(Cl)cc34)ccc21,O=c1cc(C=Cc2ccc3c(c2)Sc2ccccc2N3)c2ccccc2o1,O=c1cc(C=Cc2ccc3c(c2)Sc2ccccc2N3)c2ccccc2o1,False,True
CO[Si](CCCSC(=O)c1ccccc1C)(OC)OC,c1ccccc1,c1ccccc1,False,True
O=C1c2ccccc2C(=O)c2cc(NCc3ccc(Br)cc3)ccc21,O=C1c2ccccc2C(=O)c2cc(NCc3ccccc3)ccc21,O=C1c2ccccc2C(=O)c2cc(NCc3ccccc3)ccc21,True,False
C1=Cc2cc3nnc(nc4nc(cc5ccc(cc1n2)[nH]5)C=N4)[nH]3,C1=Cc2cc3nnc(nc4nc(cc5ccc(cc1n2)[nH]5)C=N4)[nH]3,C1=Cc2cc3nnc(nc4nc(cc5ccc(cc1n2)[nH]5)C=N4)[nH]3,False,True
CC1c2cc(Br)ccc2-c2cc3c(C#C[Si](C)(C)C)c4ccccc4c(C#C[Si](C)(C)C)c3cc21,c1ccc2c(c1)Cc1cc3cc4ccccc4cc3cc1-2,c1ccc2c(c1)Cc1cc3cc4ccccc4cc3cc1-2,True,False
CCCn1c(N=Nc2ccc3ncsc3c2)ccc1-c1cccs1,c1csc(-c2ccc(N=Nc3ccc4ncsc4c3)[nH]2)c1,c1csc(-c2ccc(N=Nc3ccc4ncsc4c3)[nH]2)c1,False,True
c1ccc(-c2sc3ccc(-c4ccc(-n5c6ccccc6c6ccccc65)cc4)cc3c2-c2ccccc2)cc1,c1ccc(-c2sc3ccc(-c4ccc(-n5c6ccccc6c6ccccc65)cc4)cc3c2-c2ccccc2)cc1,c1ccc(-c2sc3ccc(-c4ccc(-n5c6ccccc6c6ccccc65)cc4)cc3c2-c2ccccc2)cc1,True,False
COc1ccc(C=[N+]([O-])c2ccccc2)cc1,C(=[NH+]c1ccccc1)c1ccccc1,C(=[NH+]c1ccccc1)c1ccccc1,True,False
O=C(C(=CC=C(c1ccc(F)cc1)c1ccc(F)cc1)C(=O)C(F)(F)F)C(F)(F)F,C=C(c1ccccc1)c1ccccc1,C=C(c1ccccc1)c1ccccc1,True,False
Fc1cc(-c2ccc(-c3nc4ccccc4[nH]3)cc2)ccc1-c1ccc(-c2nc3ccccc3[nH]2)cc1,c1ccc2[nH]c(-c3ccc(-c4ccc(-c5ccc(-c6nc7ccccc7[nH]6)cc5)cc4)cc3)nc2c1,c1ccc2[nH]c(-c3ccc(-c4ccc(-c5ccc(-c6nc7ccccc7[nH]6)cc5)cc4)cc3)nc2c1,True,False
Cn1c(-c2ccccc2)c(N=Nc2nc3ccc([N+](=O)[O-])cc3s2)c2ccccc21,c1ccc(-c2[nH]c3ccccc3c2N=Nc2nc3ccccc3s2)cc1,c1ccc(-c2[nH]c3ccccc3c2N=Nc2nc3ccccc3s2)cc1,True,False
CCN1C(=O)C(=CC=CC=CC=C2Sc3ccccc3N2CC)C(=O)N(CC)C1=S,O=C1NC(=S)NC(=O)C1=CC=CC=CC=C1Nc2ccccc2S1,O=C1NC(=S)NC(=O)C1=CC=CC=CC=C1Nc2ccccc2S1,True,False
Clc1cccc2c(C#Cc3ccccc3)c3ccccc3c(C#Cc3ccccc3)c12,C(#Cc1c2ccccc2c(C#Cc2ccccc2)c2ccccc12)c1ccccc1,C(#Cc1c2ccccc2c(C#Cc2ccccc2)c2ccccc12)c1ccccc1,True,False
CC1(C)c2cc(Br)ccc2-c2cc3c(C#Cc4ccccc4)c4ccccc4c(C#Cc4ccccc4)c3cc21,C(#Cc1c2ccccc2c(C#Cc2ccccc2)c2cc3c(cc12)Cc1ccccc1-3)c1ccccc1,C(#Cc1c2ccccc2c(C#Cc2ccccc2)c2cc3c(cc12)Cc1ccccc1-3)c1ccccc1,True,False
Oc1ccc2ccccc2c1-c1nc(-c2ccccc2)c2ccccn12,c1ccc(-c2nc(-c3cccc4ccccc34)n3ccccc23)cc1,c1ccc(-c2nc(-c3cccc4ccccc34)n3ccccc23)cc1,True,False
C(=Cc1ccc(-n2c3ccccc3c3ccccc32)cc1)c1ccc(-c2ccc(C=Cc3ccc(-n4c5ccccc5c5ccccc54)cc3)cc2)cc1,C(=Cc1ccc(-n2c3ccccc3c3ccccc32)cc1)c1ccc(-c2ccc(C=Cc3ccc(-n4c5ccccc5c5ccccc54)cc3)cc2)cc1,C(=Cc1ccc(-n2c3ccccc3c3ccccc32)cc1)c1ccc(-c2ccc(C=Cc3ccc(-n4c5ccccc5c5ccccc54)cc3)cc2)cc1,True,False
CC(=O)C(=NNc1snc2ccc([N+](=O)[O-])cc12)C(C)=O,c1ccc2nscc2c1,c1ccc2nscc2c1,True,False
ON=C1c2ccccc2-c2ccccc21,N=C1c2ccccc2-c2ccccc21,N=C1c2ccccc2-c2ccccc21,True,False
CN(C)c1ccc(-c2nc(-c3ccc([N+](=O)[O-])cc3)[nH]c2-c2ccc(N(C)C)cc2)cc1,c1ccc(-c2nc(-c3ccccc3)c(-c3ccccc3)[nH]2)cc1,c1ccc(-c2nc(-c3ccccc3)c(-c3ccccc3)[nH]2)cc1,False,True
C(=Cc1ccc(C=Cc2ccc(N(c3ccccc3)c3ccccc3)cc2)c2nsnc12)c1ccc(N(c2ccccc2)c2ccccc2)cc1,C(=Cc1ccc(C=Cc2ccc(N(c3ccccc3)c3ccccc3)cc2)c2nsnc12)c1ccc(N(c2ccccc2)c2ccccc2)cc1,C(=Cc1ccc(C=Cc2ccc(N(c3ccccc3)c3ccccc3)cc2)c2nsnc12)c1ccc(N(c2ccccc2)c2ccccc2)cc1,True,False
N#CC(C#N)=Cc1ccc([N+](=O)[O-])cc1,c1ccccc1,c1ccccc1,False,True
Cc1cc(C)cc(C(=O)ON2C(=O)c3cccc4cccc(c34)C2=S)c1,O=C(ON1C(=O)c2cccc3cccc(c23)C1=S)c1ccccc1,O=C(ON1C(=O)c2cccc3cccc(c23)C1=S)c1ccccc1,True,False
CCN(CC)c1ccc(C=C2CCC(=Cc3ccc(N(CC)CC)cc3)C2=O)cc1,O=C1C(=Cc2ccccc2)CCC1=Cc1ccccc1,O=C1C(=Cc2ccccc2)CCC1=Cc1ccccc1,True,False
CN1C(=CC=CC=CC=C2c3cc([N+](=O)[O-])cc([N+](=O)[O-])c3-c3c2cc([N+](=O)[O-])cc3[N+](=O)[O-])C(C)(C)c2ccccc21,C(C=CC=C1c2ccccc2-c2ccccc21)=CC=C1Cc2ccccc2N1,C(C=CC=C1c2ccccc2-c2ccccc21)=CC=C1Cc2ccccc2N1,True,False
CCOC(=O)c1cc2cc3ccccc3nc2[nH]c1=O,O=c1ccc2cc3ccccc3nc2[nH]1,O=c1ccc2cc3ccccc3nc2[nH]1,True,False
Nc1ncnc2c1ncn2C1OC(CO)C(O)C1O,c1ncc2ncn(C3CCCO3)c2n1,c1ncc2ncn(C3CCCO3)c2n1,True,False
Clc1ccc(C2(c3ccc(Cl)cc3)C=Cc3c(ccc4cc(Br)ccc34)O2)cc1,C1=CC(c2ccccc2)(c2ccccc2)Oc2ccc3ccccc3c21,C1=CC(c2ccccc2)(c2ccccc2)Oc2ccc3ccccc3c21,False,True
Nc1ccc2nn(-c3ccccc3)nc2c1,c1ccc(-n2nc3ccccc3n2)cc1,c1ccc(-n2nc3ccccc3n2)cc1,True,False
COc1ccc(-c2c3nc(c(-c4ccc(O)cc4)c4ccc([nH]4)c(-c4ccc(O)cc4)c4nc(c(-c5ccc(O)cc5)c5ccc2[nH]5)C=C4)C=C3)cc1,C1=Cc2nc1c(-c1ccccc1)c1ccc([nH]1)c(-c1ccccc1)c1nc(c(-c3ccccc3)c3ccc([nH]3)c2-c2ccccc2)C=C1,C1=Cc2nc1c(-c1ccccc1)c1ccc([nH]1)c(-c1ccccc1)c1nc(c(-c3ccccc3)c3ccc([nH]3)c2-c2ccccc2)C=C1,True,False
CN(C)c1ccc(C(=O)c2ccccc2)cc1,O=C(c1ccccc1)c1ccccc1,O=C(c1ccccc1)c1ccccc1,True,False
Nc1ncnc2c1nc(C=Cc1ccc(C(F)(F)F)cc1)n2C1CC(O)C(CO)O1,C(=Cc1nc2cncnc2n1C1CCCO1)c1ccccc1,C(=Cc1nc2cncnc2n1C1CCCO1)c1ccccc1,False,True
COC(=O)c1c(C(=O)OC)c2ccc(C=Cc3c4ccccc4cc4ccccc34)nn2c1C(=O)OC,C(=Cc1c2ccccc2cc2ccccc12)c1ccc2cccn2n1,C(=Cc1c2ccccc2cc2ccccc12)c1ccc2cccn2n1,True,False
Cc1ccc2ccc3ccc(C)nc3c2n1,c1cnc2c(c1)ccc1cccnc12,c1cnc2c(c1)ccc1cccnc12,False,True
Cc1csc(-c2ccc(-c3c(F)c(F)c(-c4ccc(-c5cc(C)cs5)s4)c4nsnc34)s2)c1,c1csc(-c2ccc(-c3ccc(-c4ccc(-c5cccs5)s4)c4nsnc34)s2)c1,c1csc(-c2ccc(-c3ccc(-c4ccc(-c5cccs5)s4)c4nsnc34)s2)c1,True,False
Cc1cc(C)c2c(c1N)C(=O)c1ccccc1C2=O,O=C1c2ccccc2C(=O)c2ccccc21,O=C1c2ccccc2C(=O)c2ccccc21,True,False
Brc1ccc(-c2cc(-c3ccncc3)nc(-c3ccncc3)c2)cc1,c1ccc(-c2cc(-c3ccncc3)nc(-c3ccncc3)c2)cc1,c1ccc(-c2cc(-c3ccncc3)nc(-c3ccncc3)c2)cc1,True,False
CCOC(=O)c1ccn2nc(-c3ccc(OC)c(OC)c3)cc2c1,c1ccc(-c2cc3ccccn3n2)cc1,c1ccc(-c2cc3ccccn3n2)cc1,True,False
C(#Cc1ccc(C#Cc2ccccc2)s1)c1ccccc1,C(#Cc1ccc(C#Cc2ccccc2)s1)c1ccccc1,C(#Cc1ccc(C#Cc2ccccc2)s1)c1ccccc1,True,False
COc1ccc(C2C3C(=O)C3(C)C(c3ccc(OC)cc3)N2N=O)cc1,O=C1C2C(c3ccccc3)NC(c3ccccc3)C12,O=C1C2C(c3ccccc3)NC(c3ccccc3)C12,True,False
Cc1ccc(NC2=C(Br)C(=O)OC2OCc2ccccc2)cc1C,O=C1C=C(Nc2ccccc2)C(OCc2ccccc2)O1,O=C1C=C(Nc2ccccc2)C(OCc2ccccc2)O1,False,True
CCN(CC)c1ccc2cc(C(=O)O)c(=O)oc2c1,O=c1ccc2ccccc2o1,O=c1ccc2ccccc2o1,False,True
C[C@@]12CCCC(C1)C(c1ccccc1)N([N+](=O)[O-])C2c1ccccc1,c1ccc(C2NC(c3ccccc3)C3CCCC2C3)cc1,c1ccc(C2NC(c3ccccc3)C3CCCC2C3)cc1,False,True
CN(C)c1ccc(C(C(=C(C#N)C#N)c2ccc(C=O)s2)=c2ccc(=C(C#N)C#N)cc2)cc1,C=C(C(c1ccccc1)=c1ccc(=C)cc1)c1cccs1,C=C(C(c1ccccc1)=c1ccc(=C)cc1)c1cccs1,True,False
Brc1ccc(-c2nc3c(c4c2-c2ccc(Br)cc2CC4)-c2ccc(Br)cc2CC3)cc1,c1ccc(-c2nc3c(c4c2-c2ccccc2CC4)-c2ccccc2CC3)cc1,c1ccc(-c2nc3c(c4c2-c2ccccc2CC4)-c2ccccc2CC3)cc1,True,False
Cc1ccc(C(=O)CC(=O)c2ccc(F)cc2)cc1,O=C(CC(=O)c1ccccc1)c1ccccc1,O=C(CC(=O)c1ccccc1)c1ccccc1,True,False
CC(C)(C)c1cc(C=Nc2ccccc2)c(O)c(C(C)(C)C)c1,C(=Nc1ccccc1)c1ccccc1,C(=Nc1ccccc1)c1ccccc1,False,True
CC(C)COC(=O)c1ccccc1C(=O)OC(C)C,c1ccccc1,c1ccccc1,False,True
Cc1cccc(C)c1O,c1ccccc1,c1ccccc1,False,True
Nc1c([N+](=O)[O-])c2ccccc2n1S(=O)(=O)c1ccccc1,O=S(=O)(c1ccccc1)n1ccc2ccccc21,O=S(=O)(c1ccccc1)n1ccc2ccccc21,False,True
O=c1cc(-c2ccc(O)c(O)c2)oc2ccccc12,O=c1cc(-c2ccccc2)oc2ccccc12,O=c1cc(-c2ccccc2)oc2ccccc12,True,False
CN1C=CC(=CC=C2C=C(Cl)c3cccnc3C2=O)C=C1,O=C1C(=CC=C2C=CNC=C2)C=Cc2cccnc21,O=C1C(=CC=C2C=CNC=C2)C=Cc2cccnc21,True,False
C(=NCCN=Cc1ccccn1)c1ccccn1,C(=NCCN=Cc1ccccn1)c1ccccn1,C(=NCCN=Cc1ccccn1)c1ccccn1,True,False
O=C(Oc1c([N+](=O)[O-])cc([N+](=O)[O-])cc1[N+](=O)[O-])c1cccc(Cl)c1,O=C(Oc1ccccc1)c1ccccc1,O=C(Oc1ccccc1)c1ccccc1,False,True
O=[N+]([O-])c1ccc2nc(N=Nc3cccc(Cl)c3)sc2c1,c1ccc(N=Nc2nc3ccccc3s2)cc1,c1ccc(N=Nc2nc3ccccc3s2)cc1,False,True
CCN(CCO)c1ccc(N=Nc2ccc(N=Nc3ccc(S(=O)(=O)Nc4cc(OC)nc(OC)n4)cc3)cc2)cc1,O=S(=O)(Nc1ccncn1)c1ccc(N=Nc2ccc(N=Nc3ccccc3)cc2)cc1,O=S(=O)(Nc1ccncn1)c1ccc(N=Nc2ccc(N=Nc3ccccc3)cc2)cc1,False,True
Cn1c2ccccc2c2cc(-c3cc(-c4ccccn4)nc(-c4ccccn4)c3)ccc21,c1ccc(-c2cc(-c3ccc4[nH]c5ccccc5c4c3)cc(-c3ccccn3)n2)nc1,c1ccc(-c2cc(-c3ccc4[nH]c5ccccc5c4c3)cc(-c3ccccn3)n2)nc1,False,True
Cc1cccc(NC(=S)NCc2ccccc2)n1,S=C(NCc1ccccc1)Nc1ccccn1,S=C(NCc1ccccc1)Nc1ccccn1,True,False
C(=Cc1ccn2cc(-c3ccccc3)nc2c1)c1ccccc1,C(=Cc1ccn2cc(-c3ccccc3)nc2c1)c1ccccc1,C(=Cc1ccn2cc(-c3ccccc3)nc2c1)c1ccccc1,False,True
COc1ccc(C=CC(=O)c2nnn(-c3ccnc4cc(Cl)ccc34)c2C)cc1,O=C(C=Cc1ccccc1)c1cn(-c2ccnc3ccccc23)nn1,O=C(C=Cc1ccccc1)c1cn(-c2ccnc3ccccc23)nn1,True,False
O=C1C(=Cc2cc3c4c(c2O)CCCN4CCC3)Oc2ccccc21,O=C1C(=Cc2cc3c4c(c2)CCCN4CCC3)Oc2ccccc21,O=C1C(=Cc2cc3c4c(c2)CCCN4CCC3)Oc2ccccc21,True,False
C=CCOc1nc(Nc2ccc3nn(-c4cc(Cl)ccc4O)nc3c2)nc(N2C(C)(C)CC(OCC=C)CC2(C)C)n1,c1ccc(-n2nc3ccc(Nc4ncnc(N5CCCCC5)n4)cc3n2)cc1,c1ccc(-n2nc3ccc(Nc4ncnc(N5CCCCC5)n4)cc3n2)cc1,True,False
CCOC(=O)c1ccc(-c2ccc(-c3ccc(-c4ccc(OC)cc4)s3)s2)cc1,c1ccc(-c2ccc(-c3ccc(-c4ccccc4)s3)s2)cc1,c1ccc(-c2ccc(-c3ccc(-c4ccccc4)s3)s2)cc1,False,True
CCN(CC)c1ccc(C=Cc2ccc(C=Cc3ccc(Br)cc3)cc2)cc1,C(=Cc1ccc(C=Cc2ccccc2)cc1)c1ccccc1,C(=Cc1ccc(C=Cc2ccccc2)cc1)c1ccccc1,True,False
c1ccc(P(CP(c2ccccc2)c2ccccc2)CP(c2ccccc2)c2ccccc2)cc1,c1ccc(P(CP(c2ccccc2)c2ccccc2)CP(c2ccccc2)c2ccccc2)cc1,c1ccc(P(CP(c2ccccc2)c2ccccc2)CP(c2ccccc2)c2ccccc2)cc1,True,False
Cn1cc(-c2sc(-c3ccc(C=O)s3)c3ccccc23)c2ccccc21,c1csc(-c2sc(-c3c[nH]c4ccccc34)c3ccccc23)c1,c1csc(-c2sc(-c3c[nH]c4ccccc34)c3ccccc23)c1,False,True
CCOC(=O)c1c(O)c(N=Nc2ccc(C#N)cc2)c2ccccc2c1O,c1ccc(N=Nc2cccc3ccccc23)cc1,c1ccc(N=Nc2cccc3ccccc23)cc1,True,False
CCOC(=O)C=c1sc2n(c1=O)C(c1ccc(OC)c(OC)c1)C1=C(N=2)C1=Cc1ccc(OC)c(OC)c1,C=c1sc2n(c1=O)C(c1ccccc1)C1=C(N=2)C1=Cc1ccccc1,C=c1sc2n(c1=O)C(c1ccccc1)C1=C(N=2)C1=Cc1ccccc1,True,False
c1ccc2[nH]cnc2c1,c1ccc2[nH]cnc2c1,c1ccc2[nH]cnc2c1,True,False
CC(C)(C)C(=Cc1ccc2ccccc2n1)NN=Cc1cccc([N+](=O)[O-])c1,C(=Cc1ccc2ccccc2n1)NN=Cc1ccccc1,C(=Cc1ccc2ccccc2n1)NN=Cc1ccccc1,True,False
COc1cccc(N(C)c2cc(=O)[nH]c(-c3ccccc3)n2)c1,O=c1cc(Nc2ccccc2)nc(-c2ccccc2)[nH]1,O=c1cc(Nc2ccccc2)nc(-c2ccccc2)[nH]1,True,False
Cc1ccsc1-c1nc2sc(-c3sc(-c4ccc(C(F)(F)F)cc4C(F)(F)F)cc3C)nc2s1,c1ccc(-c2ccc(-c3nc4sc(-c5cccs5)nc4s3)s2)cc1,c1ccc(-c2ccc(-c3nc4sc(-c5cccs5)nc4s3)s2)cc1,False,True
OCc1c(-c2ccc(F)cc2)nc2ccccn12,c1ccc(-c2cn3ccccc3n2)cc1,c1ccc(-c2cn3ccccc3n2)cc1,True,False
CCCCOc1c(C#N)c(-c2ccc(C#N)cc2)c(OC)c(C#N)c1-c1ccc(C#N)cc1,c1ccc(-c2ccc(-c3ccccc3)cc2)cc1,c1ccc(-c2ccc(-c3ccccc3)cc2)cc1,False,True
CCCN1c2ccccc2Sc2cc(C=Cc3cc(=O)oc4ccccc34)ccc21,O=c1cc(C=Cc2ccc3c(c2)Sc2ccccc2N3)c2ccccc2o1,O=c1cc(C=Cc2ccc3c(c2)Sc2ccccc2N3)c2ccccc2o1,False,True
Cn1c(-c2c3ccccc3c(Br)c3ccccc23)nc(-c2ccccc2)c1-c1ccccc1,c1ccc(-c2nc(-c3c4ccccc4cc4ccccc34)[nH]c2-c2ccccc2)cc1,c1ccc(-c2nc(-c3c4ccccc4cc4ccccc34)[nH]c2-c2ccccc2)cc1,True,False
O=c1c(O)c(-c2ccc(O)cc2)oc2cc(O)cc(O)c12,O=c1cc(-c2ccccc2)oc2ccccc12,O=c1cc(-c2ccccc2)oc2ccccc12,True,False
COc1ccc(C2(c3ccc(OC)c(F)c3)C=C3c4ccccc4C=CC3OC2)cc1F,C1=CC2OCC(c3ccccc3)(c3ccccc3)C=C2c2ccccc21,C1=CC2OCC(c3ccccc3)(c3ccccc3)C=C2c2ccccc21,True,False
C=C(COc1ccc(C(=O)c2ccccc2)cc1)C(=O)OC(C)(C)C,O=C(c1ccccc1)c1ccccc1,O=C(c1ccccc1)c1ccccc1,True,False
C#Cc1ccc(Sc2ccc(C#C)cc2)cc1,c1ccc(Sc2ccccc2)cc1,c1ccc(Sc2ccccc2)cc1,True,False
Cc1cc(C2=C(c3ccc(Br)cc3)CCC2=O)c(C)s1,O=C1CCC(c2ccccc2)=C1c1ccsc1,O=C1CCC(c2ccccc2)=C1c1ccsc1,True,False
CSC1=CNN(N=Nc2ccc(O)c3ncccc23)S1,C1=CSN(N=Nc2cccc3ncccc23)N1,C1=CSN(N=Nc2cccc3ncccc23)N1,False,True
O=C1C=C(NC(=O)c2ccccc2)c2ccccc2C1=O,O=C1C=C(NC(=O)c2ccccc2)c2ccccc2C1=O,O=C1C=C(NC(=O)c2ccccc2)c2ccccc2C1=O,True,False
CCN(c1cc(=O)[nH]c(-c2ccccc2)n1)c1ccccc1C,O=c1cc(Nc2ccccc2)nc(-c2ccccc2)[nH]1,O=c1cc(Nc2ccccc2)nc(-c2ccccc2)[nH]1,True,False
COc1ccc(Cc2nnc3sc(-c4ccc5ccccc5c4)nn23)cc1,c1ccc(Cc2nnc3sc(-c4ccc5ccccc5c4)nn23)cc1,c1ccc(Cc2nnc3sc(-c4ccc5ccccc5c4)nn23)cc1,True,False
Cc1cc2nn(-c3ccccc3)cc2c2nc3cc(Cl)ccc3n12,c1ccc(-n2cc3c(ccn4c5ccccc5nc34)n2)cc1,c1ccc(-n2cc3c(ccn4c5ccccc5nc34)n2)cc1,False,True
O=c1[nH]n(-c2ccccc2)c2c1cnc1c2c(-c2ccc(Br)cc2)nn1-c1ccccc1,O=c1[nH]n(-c2ccccc2)c2c1cnc1c2c(-c2ccccc2)nn1-c1ccccc1,O=c1[nH]n(-c2ccccc2)c2c1cnc1c2c(-c2ccccc2)nn1-c1ccccc1,True,False
CCN(CC)c1nc(-c2ccccc2)c(N=Nc2ccccc2)s1,c1ccc(N=Nc2scnc2-c2ccccc2)cc1,c1ccc(N=Nc2scnc2-c2ccccc2)cc1,True,False
O=[N+]([O-])c1ccc2nsc(N=Nc3ccc(O)cc3)c2c1,c1ccc(N=Nc2snc3ccccc23)cc1,c1ccc(N=Nc2snc3ccccc23)cc1,True,False
CCOC(=O)c1ccn2nc(-c3ccc4ccccc4c3)cc2c1,c1ccc2cc(-c3cc4ccccn4n3)ccc2c1,c1ccc2cc(-c3cc4ccccn4n3)ccc2c1,True,False
Cc1nnc(-c2ccc(C=C(C#N)c3ccc4c(c3)c3cc(C(C#N)=Cc5ccc(-c6nnc(C)o6)cc5)ccc3n4C)cc2)o1,C(=Cc1ccc2[nH]c3ccc(C=Cc4ccc(-c5nnco5)cc4)cc3c2c1)c1ccc(-c2nnco2)cc1,C(=Cc1ccc2[nH]c3ccc(C=Cc4ccc(-c5nnco5)cc4)cc3c2c1)c1ccc(-c2nnco2)cc1,True,False
Nc1nc2c(N=Nc3nccs3)c(N)nn2c(N)c1N=Nc1ccc(Cl)cc1,c1ccc(N=Nc2cnc3c(N=Nc4nccs4)cnn3c2)cc1,c1ccc(N=Nc2cnc3c(N=Nc4nccs4)cnn3c2)cc1,False,True
CCOCn1c(Cc2cc(C)cc(C)c2)c(C(C)C)c(=O)[nH]c1=O,O=c1cc(Cc2ccccc2)[nH]c(=O)[nH]1,O=c1cc(Cc2ccccc2)[nH]c(=O)[nH]1,True,False
Cc1ccccc1C1C2C(=O)C2C(c2ccccc2C)N1N=O,O=C1C2C(c3ccccc3)NC(c3ccccc3)C12,O=C1C2C(c3ccccc3)NC(c3ccccc3)C12,True,False
Cc1ccc(NC(C2=C(O)C(=O)c3ccccc3C2=O)c2ccc([N+](=O)[O-])cc2O)cc1,O=C1C=C(C(Nc2ccccc2)c2ccccc2)C(=O)c2ccccc21,O=C1C=C(C(Nc2ccccc2)c2ccccc2)C(=O)c2ccccc21,False,True
Oc1ccc2c(c1)[nH]c1ccccc12,c1ccc2c(c1)[nH]c1ccccc12,c1ccc2c(c1)[nH]c1ccccc12,True,False
C=C(O)c1c2ccccc2cc2ccccc12,c1ccc2cc3ccccc3cc2c1,c1ccc2cc3ccccc3cc2c1,False,True
COc1ccc(-c2cn3ccc(C=Cc4cccs4)cc3n2)cc1,C(=Cc1cccs1)c1ccn2cc(-c3ccccc3)nc2c1,C(=Cc1cccs1)c1ccn2cc(-c3ccccc3)nc2c1,True,False
CN1C(=CC=C2CC(c3ccccc3)(c3ccccc3)CC(C=CC3=C(C#N)C(=C(C#N)C#N)OC3(C)C)=C2Cl)C(C)(C)c2ccccc21,C=C1C=C(C=CC2=CC(=CC=C3Cc4ccccc4N3)CC(c3ccccc3)(c3ccccc3)C2)CO1,C=C1C=C(C=CC2=CC(=CC=C3Cc4ccccc4N3)CC(c3ccccc3)(c3ccccc3)C2)CO1,True,False
O=S1(=O)OC(c2ccc(O)c(Cl)c2)(c2ccc(O)c(Cl)c2)c2ccccc21,O=S1(=O)OC(c2ccccc2)(c2ccccc2)c2ccccc21,O=S1(=O)OC(c2ccccc2)(c2ccccc2)c2ccccc21,False,True
Cc1ccc(-c2n[nH]c(-c3ccccn3)n2)cc1,c1ccc(-c2n[nH]c(-c3ccccn3)n2)cc1,c1ccc(-c2n[nH]c(-c3ccccn3)n2)cc1,True,False
Cc1ncccc1NCCCNc1cccnc1C,c1cncc(NCCCNc2cccnc2)c1,c1cncc(NCCCNc2cccnc2)c1,False,True
COC(=O)c1ccc2[nH]c(-c3ccc(O)cc3O)nc2c1C(=O)OC,c1ccc(-c2nc3ccccc3[nH]2)cc1,c1ccc(-c2nc3ccccc3[nH]2)cc1,True,False
COc1ccc(N=Nc2ccc(OCC(=O)O)cc2)cc1,c1ccc(N=Nc2ccccc2)cc1,c1ccc(N=Nc2ccccc2)cc1,False,True
c1ccc(-c2c(-c3nnc(-c4ccc5ccccc5c4)o3)ccn3c2nc2ccccc23)cc1,c1ccc(-c2c(-c3nnc(-c4ccc5ccccc5c4)o3)ccn3c2nc2ccccc23)cc1,c1ccc(-c2c(-c3nnc(-c4ccc5ccccc5c4)o3)ccn3c2nc2ccccc23)cc1,True,False
Cc1ccsc1-c1sc(-c2oc3ccccc3c2C)c2ccccc12,c1csc(-c2sc(-c3cc4ccccc4o3)c3ccccc23)c1,c1csc(-c2sc(-c3cc4ccccc4o3)c3ccccc23)c1,True,False
O=C(CC(=O)c1cccs1)c1ccsc1,O=C(CC(=O)c1cccs1)c1ccsc1,O=C(CC(=O)c1cccs1)c1ccsc1,True,False
Nc1ccc2oc(=O)ccc2c1,O=c1ccc2ccccc2o1,O=c1ccc2ccccc2o1,False,True
Nc1ccc(O)c(-c2nc3ccccc3[nH]2)c1,c1ccc(-c2nc3ccccc3[nH]2)cc1,c1ccc(-c2nc3ccccc3[nH]2)cc1,True,False
COc1c(C#N)c(-c2ccccc2)c(OC)c(C#N)c1-c1ccccc1,c1ccc(-c2ccc(-c3ccccc3)cc2)cc1,c1ccc(-c2ccc(-c3ccccc3)cc2)cc1,False,True
Cc1cc(-c2nc3ccccc3n2C(C)C)c(O)c(C(c2ccccc2)c2ccccc2)c1,c1ccc(C(c2ccccc2)c2cccc(-c3nc4ccccc4[nH]3)c2)cc1,c1ccc(C(c2ccccc2)c2cccc(-c3nc4ccccc4[nH]3)c2)cc1,True,False
OCc1c(-c2ccc(Cl)cc2)nc2ncccn12,c1ccc(-c2cn3cccnc3n2)cc1,c1ccc(-c2cn3cccnc3n2)cc1,True,False
COC(=O)CCC(=NNc1ccccc1)C1=Nc2ccc3ccccc3c2C1(C)C,C(=NNc1ccccc1)C1=Nc2ccc3ccccc3c2C1,C(=NNc1ccccc1)C1=Nc2ccc3ccccc3c2C1,True,False
CC(C)(C)c1ccc2c(N(c3ccccc3)c3cccc4ccccc34)c3cc(C(C)(C)C)ccc3c(-c3ccc(C=O)s3)c2c1,c1ccc(N(c2cccc3ccccc23)c2c3ccccc3c(-c3cccs3)c3ccccc23)cc1,c1ccc(N(c2cccc3ccccc23)c2c3ccccc3c(-c3cccs3)c3ccccc23)cc1,False,True
N#CC(C#N)c1ccco1,c1ccoc1,c1ccoc1,True,False
Cc1cc(C2=C(c3cc(C)sc3C)C(=O)C(=Cc3ccc(N4CCOCC4)cc3)C2)c(C)s1,O=C1C(=Cc2ccc(N3CCOCC3)cc2)CC(c2ccsc2)=C1c1ccsc1,O=C1C(=Cc2ccc(N3CCOCC3)cc2)CC(c2ccsc2)=C1c1ccsc1,False,True
C=C(C)C(=O)NC(C)CNc1ccc2nc(N3CCOCC3)c(N3CCOCC3)nc2c1,c1ccc2nc(N3CCOCC3)c(N3CCOCC3)nc2c1,c1ccc2nc(N3CCOCC3)c(N3CCOCC3)nc2c1,True,False
O=C1c2ccccc2C(=O)c2c(F)c(F)c(F)c(F)c21,O=C1c2ccccc2C(=O)c2ccccc21,O=C1c2ccccc2C(=O)c2ccccc21,True,False
O=[N+]([O-])c1ccc(-c2cnc3cc(O)c(-c4nc5ccccc5s4)cc3c2)cc1,c1ccc(-c2cnc3ccc(-c4nc5ccccc5s4)cc3c2)cc1,c1ccc(-c2cnc3ccc(-c4nc5ccccc5s4)cc3c2)cc1,True,False
COc1ccccc1C(N=Nc1ccc(Cl)cc1)=NNc1ccccc1,c1ccc(N=NC(=NNc2ccccc2)c2ccccc2)cc1,c1ccc(N=NC(=NNc2ccccc2)c2ccccc2)cc1,True,False
C=Cc1ncccc1-c1ccc(-c2ccc3c(c2)c2cc(-c4ccc(-c5cccnc5C=C)s4)ccc2n3C)s1,c1cncc(-c2ccc(-c3ccc4[nH]c5ccc(-c6ccc(-c7cccnc7)s6)cc5c4c3)s2)c1,c1cncc(-c2ccc(-c3ccc4[nH]c5ccc(-c6ccc(-c7cccnc7)s6)cc5c4c3)s2)c1,True,False
CN1C(=CN=Nc2ccc(C=C(C#N)C#N)cc2)Sc2ccccc21,C(N=Nc1ccccc1)=C1Nc2ccccc2S1,C(N=Nc1ccccc1)=C1Nc2ccccc2S1,True,False
O=[N+]([O-])c1ccc(-c2nnc(N=Nc3ccc(-c4cccs4)s3)s2)cc1,c1ccc(-c2nnc(N=Nc3ccc(-c4cccs4)s3)s2)cc1,c1ccc(-c2nnc(N=Nc3ccc(-c4cccs4)s3)s2)cc1,True,False
c1ccc2nc3nc4c(cc3cc2c1)CCCC4,c1ccc2nc3nc4c(cc3cc2c1)CCCC4,c1ccc2nc3nc4c(cc3cc2c1)CCCC4,True,False
Fc1ccc(C2(c3ccc(F)cc3)C=Cc3c(ccc4cc(Br)ccc34)O2)cc1,C1=CC(c2ccccc2)(c2ccccc2)Oc2ccc3ccccc3c21,C1=CC(c2ccccc2)(c2ccccc2)Oc2ccc3ccccc3c21,False,True
O=C(O)c1nc2c(nc1C(=O)O)-c1ccc(N(c3ccccc3)c3ccccc3)c3cccc-2c13,c1ccc(N(c2ccccc2)c2ccc3c4c(cccc24)-c2nccnc2-3)cc1,c1ccc(N(c2ccccc2)c2ccc3c4c(cccc24)-c2nccnc2-3)cc1,True,False
CC(=O)N1N=C(c2ccccc2)CC1c1c2ccccc2cc2ccccc12,c1ccc(C2=NNC(c3c4ccccc4cc4ccccc34)C2)cc1,c1ccc(C2=NNC(c3c4ccccc4cc4ccccc34)C2)cc1,True,False
Cn1c(=O)c2c(nc(Br)n2CCCCl)n(C)c1=O,O=c1[nH]c(=O)c2[nH]cnc2[nH]1,O=c1[nH]c(=O)c2[nH]cnc2[nH]1,False,True
CO[Si](CCCSC(=O)c1ccccc1Cl)(OC)OC,c1ccccc1,c1ccccc1,False,True
CSc1ccc(N=Nc2nc3ccccc3s2)cc1,c1ccc(N=Nc2nc3ccccc3s2)cc1,c1ccc(N=Nc2nc3ccccc3s2)cc1,False,True
COc1ccc2c(CSc3ccccc3)cc(=O)oc2c1,O=c1cc(CSc2ccccc2)c2ccccc2o1,O=c1cc(CSc2ccccc2)c2ccccc2o1,True,False
CCOC(=O)C1C(=O)C=C(c2ccco2)CC1c1ccc(Cl)cc1,O=C1C=C(c2ccco2)CC(c2ccccc2)C1,O=C1C=C(c2ccco2)CC(c2ccccc2)C1,False,True
O=C1NC(c2ccccc2)=C2C(=O)NC(c3ccccc3)=C12,O=C1NC(c2ccccc2)=C2C(=O)NC(c3ccccc3)=C12,O=C1NC(c2ccccc2)=C2C(=O)NC(c3ccccc3)=C12,True,False
Brc1sc(Br)c2c1SC(=C1Sc3c(Br)sc(Br)c3S1)S2,c1scc2c1SC(=C1Sc3cscc3S1)S2,c1scc2c1SC(=C1Sc3cscc3S1)S2,True,False
CC1(C)CC(=O)C2=C(C1)Oc1ccc3ccc(OCCCNCCNc4ccnc5cc(Cl)ccc45)cc3c1C2c1ccc(C(F)(F)F)cc1,O=C1CCCC2=C1C(c1ccccc1)c1c(ccc3ccc(OCCCNCCNc4ccnc5ccccc45)cc13)O2,O=C1CCCC2=C1C(c1ccccc1)c1c(ccc3ccc(OCCCNCCNc4ccnc5ccccc45)cc13)O2,True,False
C1=CC2=NC=NC23N=c2ccccc2=NC3=C1,C1=CC2=NC=NC23N=c2ccccc2=NC3=C1,C1=CC2=NC=NC23N=c2ccccc2=NC3=C1,False,True
COc1cc2ccccc2cc1C=Cc1cc2ccccc2c2c1OC(c1ccccc1)(c1ccccc1)C=C2,C(=Cc1cc2ccccc2c2c1OC(c1ccccc1)(c1ccccc1)C=C2)c1ccc2ccccc2c1,C(=Cc1cc2ccccc2c2c1OC(c1ccccc1)(c1ccccc1)C=C2)c1ccc2ccccc2c1,False,True
Cc1cc(C2=C(c3cc(C)sc3C)C(=O)C(N3CCOCC3)C2)c(C)s1,O=C1C(c2ccsc2)=C(c2ccsc2)CC1N1CCOCC1,O=C1C(c2ccsc2)=C(c2ccsc2)CC1N1CCOCC1,True,False
Cc1nn(Cn2nc(C)c(I)c2C)c(C)c1I,c1cnn(Cn2cccn2)c1,c1cnn(Cn2cccn2)c1,True,False
CC(C)(C)c1cc(C=Nc2ccccc2O)c(O)c(C(C)(C)C)c1,C(=Nc1ccccc1)c1ccccc1,C(=Nc1ccccc1)c1ccccc1,False,True
c1cc2c(c(-c3ccc(-c4cccc5c4CCO5)c4[nH]ccc34)c1)CCO2,c1cc2c(c(-c3ccc(-c4cccc5c4CCO5)c4[nH]ccc34)c1)CCO2,c1cc2c(c(-c3ccc(-c4cccc5c4CCO5)c4[nH]ccc34)c1)CCO2,True,False
CC1c2cc3nc(-c4ccccc4F)[nH]c3cc2-c2cc3[nH]c(-c4ccccc4F)nc3cc21,c1ccc(-c2nc3cc4c(cc3[nH]2)-c2cc3[nH]c(-c5ccccc5)nc3cc2C4)cc1,c1ccc(-c2nc3cc4c(cc3[nH]2)-c2cc3[nH]c(-c5ccccc5)nc3cc2C4)cc1,True,False
c1ccc(-c2nc3c4cccnc4c4ncccc4c3o2)nc1,c1ccc(-c2nc3c4cccnc4c4ncccc4c3o2)nc1,c1ccc(-c2nc3c4cccnc4c4ncccc4c3o2)nc1,True,False
O=C(Cc1cc(=O)oc2ccc3ccccc3c12)NCc1cn(C(O)[C@H]2O[C@@H](n3ccc(=O)[nH]c3=O)[C@H](O)[C@@H]2O)nn1,O=C(Cc1cc(=O)oc2ccc3ccccc3c12)NCc1cn(C[C@@H]2CC[C@H](n3ccc(=O)[nH]c3=O)O2)nn1,O=C(Cc1cc(=O)oc2ccc3ccccc3c12)NCc1cn(C[C@@H]2CC[C@H](n3ccc(=O)[nH]c3=O)O2)nn1,False,True
c1ccc(-c2nnc(-c3ccn4c(nc5ccccc54)c3-c3ccccc3)o2)cc1,c1ccc(-c2nnc(-c3ccn4c(nc5ccccc54)c3-c3ccccc3)o2)cc1,c1ccc(-c2nnc(-c3ccn4c(nc5ccccc54)c3-c3ccccc3)o2)cc1,True,False
Cc1cc(C2=C(c3ccccc3)C(=O)CC2)c(C)s1,O=C1CCC(c2ccsc2)=C1c1ccccc1,O=C1CCC(c2ccsc2)=C1c1ccccc1,True,False
CC(C)(C)c1ccc2c(N(c3ccccc3)c3cccc4ccccc34)c3cc(C(C)(C)C)ccc3c(-c3ccc(C=C(C#N)C(=O)O)s3)c2c1,c1ccc(N(c2cccc3ccccc23)c2c3ccccc3c(-c3cccs3)c3ccccc23)cc1,c1ccc(N(c2cccc3ccccc23)c2c3ccccc3c(-c3cccs3)c3ccccc23)cc1,False,True
c1ccc(-n2c3ccccc3c3cc(-c4ccc(-c5nc6ccccc6s5)cc4)ccc32)cc1,c1ccc(-n2c3ccccc3c3cc(-c4ccc(-c5nc6ccccc6s5)cc4)ccc32)cc1,c1ccc(-n2c3ccccc3c3cc(-c4ccc(-c5nc6ccccc6s5)cc4)ccc32)cc1,True,False
c1ccc(N(c2ccccc2)c2ccc(-c3ccc(-c4nc5ccccc5n4-c4ccccc4)cc3)cc2)cc1,c1ccc(N(c2ccccc2)c2ccc(-c3ccc(-c4nc5ccccc5n4-c4ccccc4)cc3)cc2)cc1,c1ccc(N(c2ccccc2)c2ccc(-c3ccc(-c4nc5ccccc5n4-c4ccccc4)cc3)cc2)cc1,True,False
COc1ccc(N=Nc2c(-c3ccccc3)[nH]c3c(N=Nc4ccccc4)c(C)nn23)cc1,c1ccc(N=Nc2cnn3c(N=Nc4ccccc4)c(-c4ccccc4)[nH]c23)cc1,c1ccc(N=Nc2cnn3c(N=Nc4ccccc4)c(-c4ccccc4)[nH]c23)cc1,True,False
Nc1ccc2c(c1)C(=O)c1ccccc1C2=O,O=C1c2ccccc2C(=O)c2ccccc21,O=C1c2ccccc2C(=O)c2ccccc21,True,False
O=S(=O)(C=Cc1ccc(N(c2ccccc2)c2ccccc2)cc1)C=Cc1ccc(N(c2ccccc2)c2ccccc2)cc1,O=S(=O)(C=Cc1ccc(N(c2ccccc2)c2ccccc2)cc1)C=Cc1ccc(N(c2ccccc2)c2ccccc2)cc1,O=S(=O)(C=Cc1ccc(N(c2ccccc2)c2ccccc2)cc1)C=Cc1ccc(N(c2ccccc2)c2ccccc2)cc1,True,False
Fc1c(F)c(C#Cc2ccccc2)c(C#Cc2ccccc2)c(C#Cc2ccccc2)c1C#Cc1ccccc1,C(#Cc1ccc(C#Cc2ccccc2)c(C#Cc2ccccc2)c1C#Cc1ccccc1)c1ccccc1,C(#Cc1ccc(C#Cc2ccccc2)c(C#Cc2ccccc2)c1C#Cc1ccccc1)c1ccccc1,True,False
CCn1cc(C(=O)O)c(=O)c2cc3c(cc21)OCO3,O=c1cc[nH]c2cc3c(cc12)OCO3,O=c1cc[nH]c2cc3c(cc12)OCO3,True,False
N#CC(=Cc1ccc(N(c2ccccc2)c2ccccc2)cc1)c1ccc(-c2ccc3ccccc3c2)cc1,C(=Cc1ccc(N(c2ccccc2)c2ccccc2)cc1)c1ccc(-c2ccc3ccccc3c2)cc1,C(=Cc1ccc(N(c2ccccc2)c2ccccc2)cc1)c1ccc(-c2ccc3ccccc3c2)cc1,True,False
c1csc(-c2ccc3ccc4cccc5ccc2c3c45)c1,c1csc(-c2ccc3ccc4cccc5ccc2c3c45)c1,c1csc(-c2ccc3ccc4cccc5ccc2c3c45)c1,True,False
CCOC(=O)c1c(C(=O)OC)c(C(=O)OC)c2ccc(-c3ccc(Cl)cc3)nn12,c1ccc(-c2ccc3cccn3n2)cc1,c1ccc(-c2ccc3cccn3n2)cc1,True,False
c1ccc(-c2nc3c4cccnc4c4ncccc4c3[nH]2)nc1,c1ccc(-c2nc3c4cccnc4c4ncccc4c3[nH]2)nc1,c1ccc(-c2nc3c4cccnc4c4ncccc4c3[nH]2)nc1,False,True
O=[N+]([O-])c1ccc2nc(-c3cccc(-c4nc5ccc([N+](=O)[O-])cc5o4)n3)oc2c1,c1cc(-c2nc3ccccc3o2)nc(-c2nc3ccccc3o2)c1,c1cc(-c2nc3ccccc3o2)nc(-c2nc3ccccc3o2)c1,True,False
CCOC(=O)c1cc2c(n1Cc1ccc(OC)cc1)-c1[nH]c(=O)c(S(=O)(=O)c3ccccc3)cc1CC2,O=c1[nH]c2c(cc1S(=O)(=O)c1ccccc1)CCc1ccn(Cc3ccccc3)c1-2,O=c1[nH]c2c(cc1S(=O)(=O)c1ccccc1)CCc1ccn(Cc3ccccc3)c1-2,True,False
COc1c(O)ccc2c1C(=O)OC2,O=C1OCc2ccccc21,O=C1OCc2ccccc21,True,False
CC(C)(C)c1ccc(Cn2nc(-c3ccc(Cl)cc3)cc2-c2nnc(-c3ccccc3)o2)cc1,c1ccc(Cn2nc(-c3ccccc3)cc2-c2nnc(-c3ccccc3)o2)cc1,c1ccc(Cn2nc(-c3ccccc3)cc2-c2nnc(-c3ccccc3)o2)cc1,True,False
Clc1ccc(-c2nnc(-c3ccn4c(nc5ccccc54)c3-c3ccccc3)o2)cc1,c1ccc(-c2nnc(-c3ccn4c(nc5ccccc54)c3-c3ccccc3)o2)cc1,c1ccc(-c2nnc(-c3ccn4c(nc5ccccc54)c3-c3ccccc3)o2)cc1,True,False
N#Cc1c(N)sc2c1-c1ccccc1C2=O,O=C1c2ccccc2-c2ccsc21,O=C1c2ccccc2-c2ccsc21,False,True
COc1ccccc1C=c1oc(=Cc2ccc(N(C)C)cc2)c2ccccc12,C(c1ccccc1)=c1oc(=Cc2ccccc2)c2ccccc12,C(c1ccccc1)=c1oc(=Cc2ccccc2)c2ccccc12,True,False
C=C(c1ccccc1)c1[nH]c2ccccc2c1C[C@H](NS(=O)(=O)c1ccccc1[N+](=O)[O-])C(=O)OC,C=C(c1ccccc1)c1[nH]c2ccccc2c1CCNS(=O)(=O)c1ccccc1,C=C(c1ccccc1)c1[nH]c2ccccc2c1CCNS(=O)(=O)c1ccccc1,True,False
COc1ccc(C=Cc2ccc(N(c3ccc(C=Cc4ccc(OC)cc4)cc3)c3ccc(C=Cc4ccc(OC)cc4)cc3)cc2)cc1,C(=Cc1ccc(N(c2ccc(C=Cc3ccccc3)cc2)c2ccc(C=Cc3ccccc3)cc2)cc1)c1ccccc1,C(=Cc1ccc(N(c2ccc(C=Cc3ccccc3)cc2)c2ccc(C=Cc3ccccc3)cc2)cc1)c1ccccc1,True,False
CC(=O)OC[C@H]1O[C@@H](n2ccc(=S)[nH]c2=O)[C@H](OC(C)=O)[C@@H]1OC(C)=O,O=c1[nH]c(=S)ccn1[C@H]1CCCO1,O=c1[nH]c(=S)ccn1[C@H]1CCCO1,True,False
CC(Br)C(=O)Nc1ccc(S(N)(=O)=O)cc1,c1ccccc1,c1ccccc1,False,True
COc1ccc(-c2ccc(-c3ccccn3)nc2)cc1,c1ccc(-c2ccc(-c3ccccn3)nc2)cc1,c1ccc(-c2ccc(-c3ccccn3)nc2)cc1,True,False
c1ccc(N(c2ccc3ccccc3c2)c2ccc3nc(Nc4ccc5cc(N(c6ccccc6)c6ccc7ccccc7c6)ccc5n4)ccc3c2)cc1,c1ccc(N(c2ccc3ccccc3c2)c2ccc3nc(Nc4ccc5cc(N(c6ccccc6)c6ccc7ccccc7c6)ccc5n4)ccc3c2)cc1,c1ccc(N(c2ccc3ccccc3c2)c2ccc3nc(Nc4ccc5cc(N(c6ccccc6)c6ccc7ccccc7c6)ccc5n4)ccc3c2)cc1,True,False
c1ccc(-c2ccc(-c3ccccn3)nc2)cc1,c1ccc(-c2ccc(-c3ccccn3)nc2)cc1,c1ccc(-c2ccc(-c3ccccn3)nc2)cc1,True,False
COc1ccc(C(=O)CC(=O)c2cccc(C(=O)CC(=O)c3ccc(OC)cc3)n2)cc1,O=C(CC(=O)c1cccc(C(=O)CC(=O)c2ccccc2)n1)c1ccccc1,O=C(CC(=O)c1cccc(C(=O)CC(=O)c2ccccc2)n1)c1ccccc1,True,False
N#Cc1ccc(-c2ccc(C=O)s2)cc1,c1ccc(-c2cccs2)cc1,c1ccc(-c2cccs2)cc1,True,False
CCn1c2ccccc2c2nc3cc4c(=O)[nH][nH]c(=O)c4cc3nc21,O=c1[nH][nH]c(=O)c2cc3nc4c(nc3cc12)[nH]c1ccccc14,O=c1[nH][nH]c(=O)c2cc3nc4c(nc3cc12)[nH]c1ccccc14,False,True
N#CC(=Cc1ccc(-c2ccc3c4c(cccc24)-c2c-3c(-c3ccccc3)c3ccccc3c2-c2ccccc2)s1)C(=O)O,c1ccc(-c2c3c(c(-c4ccccc4)c4ccccc24)-c2ccc(-c4cccs4)c4cccc-3c24)cc1,c1ccc(-c2c3c(c(-c4ccccc4)c4ccccc24)-c2ccc(-c4cccs4)c4cccc-3c24)cc1,True,False
C#Cc1ccc(N(c2ccc(C#C)cc2)c2ccc(C=C3Cc4ccccc4C3=O)cc2)cc1,O=C1C(=Cc2ccc(N(c3ccccc3)c3ccccc3)cc2)Cc2ccccc21,O=C1C(=Cc2ccc(N(c3ccccc3)c3ccccc3)cc2)Cc2ccccc21,False,True
Cc1nn(-c2ccccc2)c2cc(-c3ccccc3)n3c4ccccc4nc3c12,c1ccc(-c2cc3c(cnn3-c3ccccc3)c3nc4ccccc4n23)cc1,c1ccc(-c2cc3c(cnn3-c3ccccc3)c3nc4ccccc4n23)cc1,False,True
Cc1nc2c(C#N)cnn2c2c1CCO2,c1cc2ncc3c(n2n1)OCC3,c1cc2ncc3c(n2n1)OCC3,False,True
CC1CCC(=CSC=Cc2ccc(C=CSC=C3CCC(C)CC3)cc2)CC1,C(=Cc1ccc(C=CSC=C2CCCCC2)cc1)SC=C1CCCCC1,C(=Cc1ccc(C=CSC=C2CCCCC2)cc1)SC=C1CCCCC1,False,True
O=C1C(=CC=C2C=C(c3ccccc3)C=C(c3ccccc3)O2)C(=O)c2cscc21,O=C1C(=CC=C2C=C(c3ccccc3)C=C(c3ccccc3)O2)C(=O)c2cscc21,O=C1C(=CC=C2C=C(c3ccccc3)C=C(c3ccccc3)O2)C(=O)c2cscc21,False,True
C1=C(c2ccc(-c3nnc(-c4cccs4)o3)cc2)Cc2ccccc21,C1=C(c2ccc(-c3nnc(-c4cccs4)o3)cc2)Cc2ccccc21,C1=C(c2ccc(-c3nnc(-c4cccs4)o3)cc2)Cc2ccccc21,True,False
COc1ccc(C#Cc2cc3c(C)cc(C)c4cc(C#Cc5ccc(OC)cc5)c5cc(C(C)(C)C)cc2c5c34)cc1,C(#Cc1cc2cccc3cc(C#Cc4ccccc4)c4cccc1c4c23)c1ccccc1,C(#Cc1cc2cccc3cc(C#Cc4ccccc4)c4cccc1c4c23)c1ccccc1,False,True
O=c1ccn([C@@H]2O[C@H](CO)[C@@H](O)[C@H]2O)c(=O)[nH]1,O=c1ccn([C@H]2CCCO2)c(=O)[nH]1,O=c1ccn([C@H]2CCCO2)c(=O)[nH]1,True,False
Clc1ccc2c(C#Cc3ccccc3)c3ccccc3c(C#Cc3ccccc3)c2c1,C(#Cc1c2ccccc2c(C#Cc2ccccc2)c2ccccc12)c1ccccc1,C(#Cc1c2ccccc2c(C#Cc2ccccc2)c2ccccc12)c1ccccc1,True,False
CCOc1ccccc1-c1c(C#N)c(N)nc(N)c1C#N,c1ccc(-c2ccncc2)cc1,c1ccc(-c2ccncc2)cc1,True,False
c1ccc2cc(-c3ccc(-c4ccc(-c5ccc6ccccc6c5)cc4)cc3)ccc2c1,c1ccc2cc(-c3ccc(-c4ccc(-c5ccc6ccccc6c5)cc4)cc3)ccc2c1,c1ccc2cc(-c3ccc(-c4ccc(-c5ccc6ccccc6c5)cc4)cc3)ccc2c1,True,False
C=CCOc1ccc2c(-c3ccccc3C(=O)NC3CC(C)(C)NC(C)(C)C3)c3ccc(=O)cc-3oc2c1,O=C(NC1CCNCC1)c1ccccc1-c1c2ccc(=O)cc-2oc2ccccc12,O=C(NC1CCNCC1)c1ccccc1-c1c2ccc(=O)cc-2oc2ccccc12,True,False
N#CC(=Cc1ccc(C=Cc2ccc(N(c3ccccc3)c3cccc4ccccc34)cc2)cc1F)C(=O)O,C(=Cc1ccc(N(c2ccccc2)c2cccc3ccccc23)cc1)c1ccccc1,C(=Cc1ccc(N(c2ccccc2)c2cccc3ccccc23)cc1)c1ccccc1,True,False
Cc1cc(C(=O)C=Cc2ccc(N(c3ccccc3)c3ccccc3)cc2)c(C)s1,O=C(C=Cc1ccc(N(c2ccccc2)c2ccccc2)cc1)c1ccsc1,O=C(C=Cc1ccc(N(c2ccccc2)c2ccccc2)cc1)c1ccsc1,True,False
CC(=O)n1c(=O)c(=O)[nH]c2ccccc21,O=c1[nH]c2ccccc2[nH]c1=O,O=c1[nH]c2ccccc2[nH]c1=O,True,False
COc1ccc(-c2c(-c3ccc(S(N)(=O)=O)cc3)[nH]c3ccccc23)cc1,c1ccc(-c2[nH]c3ccccc3c2-c2ccccc2)cc1,c1ccc(-c2[nH]c3ccccc3c2-c2ccccc2)cc1,True,False
CCOC(=O)c1c[nH]c2cc(-c3nc4ccccc4s3)c(O)cc2c1=O,O=c1cc[nH]c2cc(-c3nc4ccccc4s3)ccc12,O=c1cc[nH]c2cc(-c3nc4ccccc4s3)ccc12,True,False
c1ccc(-c2ccc3c(c2)Cc2cc(-c4nc5ccccc5s4)ccc2-3)nc1,c1ccc(-c2ccc3c(c2)Cc2cc(-c4nc5ccccc5s4)ccc2-3)nc1,c1ccc(-c2ccc3c(c2)Cc2cc(-c4nc5ccccc5s4)ccc2-3)nc1,True,False
O=c1[nH]c2c(cc1S(=O)(=O)c1ccccc1)CCc1ccn(Cc3ccccc3)c1-2,O=c1[nH]c2c(cc1S(=O)(=O)c1ccccc1)CCc1ccn(Cc3ccccc3)c1-2,O=c1[nH]c2c(cc1S(=O)(=O)c1ccccc1)CCc1ccn(Cc3ccccc3)c1-2,True,False
CCOc1ccc(-c2c3ccccc3c(-c3ccc4ccccc4c3)c3ccc(-c4ccccc4)cc23)cc1,c1ccc(-c2ccc3c(-c4ccc5ccccc5c4)c4ccccc4c(-c4ccccc4)c3c2)cc1,c1ccc(-c2ccc3c(-c4ccc5ccccc5c4)c4ccccc4c(-c4ccccc4)c3c2)cc1,True,False
Cc1cccc(C)c1,c1ccccc1,c1ccccc1,False,True
COc1ccc(-c2ccc(-c3ccc(-c4ccc(C#N)cc4)s3)s2)cc1,c1ccc(-c2ccc(-c3ccc(-c4ccccc4)s3)s2)cc1,c1ccc(-c2ccc(-c3ccc(-c4ccccc4)s3)s2)cc1,False,True
Cc1cc(C=Nc2c(C)cccc2C)c(O)c(C(c2ccccc2)c2ccccc2)c1,C(=Nc1ccccc1)c1cccc(C(c2ccccc2)c2ccccc2)c1,C(=Nc1ccccc1)c1cccc(C(c2ccccc2)c2ccccc2)c1,True,False
CCOC(=O)C(C#N)=Cc1cn(CC)c2ccccc12,c1ccc2[nH]ccc2c1,c1ccc2[nH]ccc2c1,True,False
CCNc1nnc(-c2ccc(NC(=S)Nc3ccccc3)cc2)s1,S=C(Nc1ccccc1)Nc1ccc(-c2nncs2)cc1,S=C(Nc1ccccc1)Nc1ccc(-c2nncs2)cc1,True,False
Cc1cc(=O)[nH]c(C(=NNc2cccc(Cl)c2)C(=O)c2ccccc2)n1,O=C(C(=NNc1ccccc1)c1nccc(=O)[nH]1)c1ccccc1,O=C(C(=NNc1ccccc1)c1nccc(=O)[nH]1)c1ccccc1,False,True
Oc1ccc(-c2nc3ccccc3[nH]2)c(O)c1,c1ccc(-c2nc3ccccc3[nH]2)cc1,c1ccc(-c2nc3ccccc3[nH]2)cc1,True,False
CN(C)c1ccc(C=c2c(O)c3ccccc3c3c2=Nc2ccccc2N3)cc1,C(c1ccccc1)=c1cc2ccccc2c2c1=Nc1ccccc1N2,C(c1ccccc1)=c1cc2ccccc2c2c1=Nc1ccccc1N2,True,False
COc1ccc(NC(=O)N(C)C)cc1Cl,c1ccccc1,c1ccccc1,False,True
O=C(Nc1ccc2cc3ccccc3cc2c1)NC12CC3CC(C1)CC(NC(=O)Nc1ccc4cc5ccccc5cc4c1)(C3)C2,O=C(Nc1ccc2cc3ccccc3cc2c1)NC12CC3CC(C1)CC(NC(=O)Nc1ccc4cc5ccccc5cc4c1)(C3)C2,O=C(Nc1ccc2cc3ccccc3cc2c1)NC12CC3CC(C1)CC(NC(=O)Nc1ccc4cc5ccccc5cc4c1)(C3)C2,True,False
CN1c2ccccc2Sc2c(C=Nc3ccc4c(c3)Cc3ccccc3-4)cccc21,C(=Nc1ccc2c(c1)Cc1ccccc1-2)c1cccc2c1Sc1ccccc1N2,C(=Nc1ccc2c(c1)Cc1ccccc1-2)c1cccc2c1Sc1ccccc1N2,True,False
CCN(CC)c1ccc2cc(C#N)c(=NC(=O)NC(C)C)oc2c1,N=c1ccc2ccccc2o1,N=c1ccc2ccccc2o1,True,False
Cc1ccc2c(C=Cc3cn(C)c4ccccc34)cc(=O)oc2c1,O=c1cc(C=Cc2c[nH]c3ccccc23)c2ccccc2o1,O=c1cc(C=Cc2c[nH]c3ccccc23)c2ccccc2o1,True,False
COC(=O)c1c(C)nn(-c2nc3ccccc3s2)c1-c1ccccc1O,c1ccc(-c2ccnn2-c2nc3ccccc3s2)cc1,c1ccc(-c2ccnn2-c2nc3ccccc3s2)cc1,True,False
CCc1ccc(-n2c(-c3ccccc3)nc(-c3ccccc3)c2-c2ccccc2)cc1,c1ccc(-c2nc(-c3ccccc3)n(-c3ccccc3)c2-c2ccccc2)cc1,c1ccc(-c2nc(-c3ccccc3)n(-c3ccccc3)c2-c2ccccc2)cc1,True,False
COc1ccc(C2(c3ccc(OC)cc3)c3cccnc3-c3ncccc32)cc1,c1ccc(C2(c3ccccc3)c3cccnc3-c3ncccc32)cc1,c1ccc(C2(c3ccccc3)c3cccnc3-c3ncccc32)cc1,True,False
C(=Cc1ccc(N(c2ccccc2)c2ccccc2)cc1)c1ccc(-c2ccnc(-c3cccc(-c4ccccc4)n3)c2)cc1,C(=Cc1ccc(N(c2ccccc2)c2ccccc2)cc1)c1ccc(-c2ccnc(-c3cccc(-c4ccccc4)n3)c2)cc1,C(=Cc1ccc(N(c2ccccc2)c2ccccc2)cc1)c1ccc(-c2ccnc(-c3cccc(-c4ccccc4)n3)c2)cc1,False,True
CCCCN1C(=O)C2=C(c3ccc(-c4cc5ccccc5s4)o3)N(CC(C)CC)C(=O)C2=C1c1ccc(-c2cc3ccccc3s2)o1,O=C1NC(c2ccc(-c3cc4ccccc4s3)o2)=C2C(=O)NC(c3ccc(-c4cc5ccccc5s4)o3)=C12,O=C1NC(c2ccc(-c3cc4ccccc4s3)o2)=C2C(=O)NC(c3ccc(-c4cc5ccccc5s4)o3)=C12,True,False
CN1c2ccccc2Sc2cc(C=[N+]([O-])c3ccc(Br)cc3)ccc21,C(=[NH+]c1ccccc1)c1ccc2c(c1)Sc1ccccc1N2,C(=[NH+]c1ccccc1)c1ccc2c(c1)Sc1ccccc1N2,False,True
Cn1cc(C(=O)c2ccccc2Cc2ccccc2)c(=O)c2ccccc21,O=C(c1ccccc1Cc1ccccc1)c1c[nH]c2ccccc2c1=O,O=C(c1ccccc1Cc1ccccc1)c1c[nH]c2ccccc2c1=O,True,False
O=c1ccc2nc3ccc(O)cc3oc-2c1,O=c1ccc2nc3ccccc3oc-2c1,O=c1ccc2nc3ccccc3oc-2c1,True,False
c1ccc(-c2cccc(-c3ccc4c(c3)Cc3cc(-c5nc6ccccc6s5)ccc3-4)c2)nc1,c1ccc(-c2cccc(-c3ccc4c(c3)Cc3cc(-c5nc6ccccc6s5)ccc3-4)c2)nc1,c1ccc(-c2cccc(-c3ccc4c(c3)Cc3cc(-c5nc6ccccc6s5)ccc3-4)c2)nc1,True,False
Cc1cc(C)c(-c2nc3c4cccnc4c4ncccc4c3[nH]2)c(C)c1,c1ccc(-c2nc3c4cccnc4c4ncccc4c3[nH]2)cc1,c1ccc(-c2nc3c4cccnc4c4ncccc4c3[nH]2)cc1,True,False
O=C1C(=CC=CC=C2C=C(c3ccccc3)OC(c3ccccc3)=C2)C(=O)c2ccccc21,O=C1C(=CC=CC=C2C=C(c3ccccc3)OC(c3ccccc3)=C2)C(=O)c2ccccc21,O=C1C(=CC=CC=C2C=C(c3ccccc3)OC(c3ccccc3)=C2)C(=O)c2ccccc21,True,False
CCOC(=O)c1cc2cc(CN(CC(=O)O)CC(=O)O)c(OCCN(CC(=O)O)CC(=O)O)c(CN(CC(=O)O)CC(=O)O)c2oc1=O,O=c1ccc2ccccc2o1,O=c1ccc2ccccc2o1,False,True
OCCCNc1cc2nc3ccccc3nc2c2cccnc12,c1ccc2nc3c(ccc4ncccc43)nc2c1,c1ccc2nc3c(ccc4ncccc43)nc2c1,False,True
CNCc1nc2cc(Cl)ccc2[nH]1,c1ccc2[nH]cnc2c1,c1ccc2[nH]cnc2c1,True,False
c1csc(-c2ccc(-c3cncnc3)s2)c1,c1csc(-c2ccc(-c3cncnc3)s2)c1,c1csc(-c2ccc(-c3cncnc3)s2)c1,True,False
c1ccc2c(c1)c1ccccc1c1sccc21,c1ccc2c(c1)c1ccccc1c1sccc21,c1ccc2c(c1)c1ccccc1c1sccc21,False,True
CCOC(=O)c1nc[nH]c1F,c1c[nH]cn1,c1c[nH]cn1,False,True
O=C1CCC(=O)c2c1c1ccccc1c1nc3ccc4cnncc4c3nc21,O=C1CCC(=O)c2c1c1ccccc1c1nc3ccc4cnncc4c3nc21,O=C1CCC(=O)c2c1c1ccccc1c1nc3ccc4cnncc4c3nc21,True,False
Clc1c(Cl)c2c(Cl)c(Cl)c3c(Cl)c(Cl)c4c(Cl)c(Cl)c5c(Cl)c(Cl)c6c(Cl)c(Cl)c1c1c2c3c4c5c61,c1cc2ccc3ccc4ccc5ccc6ccc1c1c2c3c4c5c61,c1cc2ccc3ccc4ccc5ccc6ccc1c1c2c3c4c5c61,True,False
CN1C=CC(=CN=Nc2ccc(CC3SC(=S)N(c4ccc(O)cc4)C3=O)cc2)c2ccccc21,O=C1C(Cc2ccc(N=NC=C3C=CNc4ccccc43)cc2)SC(=S)N1c1ccccc1,O=C1C(Cc2ccc(N=NC=C3C=CNc4ccccc43)cc2)SC(=S)N1c1ccccc1,True,False
Nc1ncnc2nc[nH]c12,c1ncc2[nH]cnc2n1,c1ncc2[nH]cnc2n1,True,False
O=C1C(O)=C(C(Nc2ccccc2)c2ccccc2)C(=O)c2ccccc21,O=C1C=C(C(Nc2ccccc2)c2ccccc2)C(=O)c2ccccc21,O=C1C=C(C(Nc2ccccc2)c2ccccc2)C(=O)c2ccccc21,False,True
COC(=O)c1cc2nc3c4ccccc4c4ccccc4c3nc2cc1C(=O)OC,c1ccc2nc3c4ccccc4c4ccccc4c3nc2c1,c1ccc2nc3c4ccccc4c4ccccc4c3nc2c1,True,False
c1ccc(-n2c3ccccc3c3cc(-c4ccc5c(c4)c4ccccc4n5-c4ccccc4)ccc32)cc1,c1ccc(-n2c3ccccc3c3cc(-c4ccc5c(c4)c4ccccc4n5-c4ccccc4)ccc32)cc1,c1ccc(-n2c3ccccc3c3cc(-c4ccc5c(c4)c4ccccc4n5-c4ccccc4)ccc32)cc1,False,True
c1ccc2c(c1)c1ccccc1n2-c1ccc(-n2c3ccccc3c3ccccc32)s1,c1ccc2c(c1)c1ccccc1n2-c1ccc(-n2c3ccccc3c3ccccc32)s1,c1ccc2c(c1)c1ccccc1n2-c1ccc(-n2c3ccccc3c3ccccc32)s1,False,True
CCOC(=O)C1N(C)c2ccc3ccccc3c2C1(C)C,c1ccc2c3c(ccc2c1)NCC3,c1ccc2c3c(ccc2c1)NCC3,True,False
CONc1c([N+](=O)[O-])cc(C(=O)OC(C)C)cc1[N+](=O)[O-],c1ccccc1,c1ccccc1,False,True
CC(C)(C)c1ccc(Cn2nc(-c3ccc(Cl)cc3)cc2-c2nnc(COc3ccc(Cl)cc3)o2)cc1,c1ccc(Cn2nc(-c3ccccc3)cc2-c2nnc(COc3ccccc3)o2)cc1,c1ccc(Cn2nc(-c3ccccc3)cc2-c2nnc(COc3ccccc3)o2)cc1,True,False
CC(=O)Nc1nc(-c2ccccc2)c(-c2ccccc2)s1,c1ccc(-c2ncsc2-c2ccccc2)cc1,c1ccc(-c2ncsc2-c2ccccc2)cc1,True,False
CCOc1c(C(=O)OC)c(C(=O)OC)c2cccnn12,c1cnn2cccc2c1,c1cnn2cccc2c1,True,False
COc1cccc(C=NNc2nc(N)nc(NN=Cc3cccc(OC)c3O)n2)c1O,C(=NNc1ncnc(NN=Cc2ccccc2)n1)c1ccccc1,C(=NNc1ncnc(NN=Cc2ccccc2)n1)c1ccccc1,True,False
COc1c(C(C#N)=Cc2ccc(C#N)cc2)ccc2c(OC)c(C(C#N)=Cc3ccc(C#N)cc3)ccc12,C(=Cc1ccc2cc(C=Cc3ccccc3)ccc2c1)c1ccccc1,C(=Cc1ccc2cc(C=Cc3ccccc3)ccc2c1)c1ccccc1,True,False
O=C1c2ccccc2C(=O)c2c1cccc2[N+](=O)[O-],O=C1c2ccccc2C(=O)c2ccccc21,O=C1c2ccccc2C(=O)c2ccccc21,True,False
Cc1cn([C@H]2C[C@@](O)(n3cc(COc4ccc5c(C)cc(=O)oc5c4)nn3)[C@@H](CO)O2)c(=O)[nH]c1=O,O=c1ccn([C@H]2CC(n3cc(COc4ccc5ccc(=O)oc5c4)nn3)CO2)c(=O)[nH]1,O=c1ccn([C@H]2CC(n3cc(COc4ccc5ccc(=O)oc5c4)nn3)CO2)c(=O)[nH]1,True,False
CCN(CC)c1ccc(-c2nc3c(C(=O)OC)c(C(=O)OC)ccc3[nH]2)c(O)c1,c1ccc(-c2nc3ccccc3[nH]2)cc1,c1ccc(-c2nc3ccccc3[nH]2)cc1,True,False
CC(=O)C1(N=Nc2cc3ccccc3oc2=O)Cc2cc(-c3ccccc3)ccc2OC1=O,O=C1Oc2ccc(-c3ccccc3)cc2CC1N=Nc1cc2ccccc2oc1=O,O=C1Oc2ccc(-c3ccccc3)cc2CC1N=Nc1cc2ccccc2oc1=O,True,False
Cn1c2ccccc2c2cc(C=C(C#N)c3ccc(C=C4C(=O)NC(=O)NC4=O)s3)ccc21,O=C1NC(=O)C(=Cc2ccc(C=Cc3ccc4[nH]c5ccccc5c4c3)s2)C(=O)N1,O=C1NC(=O)C(=Cc2ccc(C=Cc3ccc4[nH]c5ccccc5c4c3)s2)C(=O)N1,False,True
Cc1nn(-c2ccccc2)c2cc(-c3ccccc3)n3c4cc(C#Cc5ccccc5)ccc4nc3c12,C(#Cc1ccc2nc3c4cnn(-c5ccccc5)c4cc(-c4ccccc4)n3c2c1)c1ccccc1,C(#Cc1ccc2nc3c4cnn(-c5ccccc5)c4cc(-c4ccccc4)n3c2c1)c1ccccc1,True,False
CC1=C(c2ccccc2)c2cc3c(C)cc(C)n3c(=O)n2C1=O,O=C1C=C(c2ccccc2)c2cc3cccn3c(=O)n21,O=C1C=C(c2ccccc2)c2cc3cccn3c(=O)n21,True,False
CC(C)(C)C12OOC1(c1cccc(CC#N)c1)OCC2(C)C,c1ccc(C23OCCC2OO3)cc1,c1ccc(C23OCCC2OO3)cc1,True,False
Nc1ccc(Nc2nc(Nc3cccc4ccccc34)nc(Nc3cccc4ccccc34)n2)cc1,c1ccc(Nc2nc(Nc3cccc4ccccc34)nc(Nc3cccc4ccccc34)n2)cc1,c1ccc(Nc2nc(Nc3cccc4ccccc34)nc(Nc3cccc4ccccc34)n2)cc1,False,True
COc1ccc2c(c1)C(C)(C)C1(C=Cc3c(c(-c4nc(-c5ccccc5)c(-c5ccccc5)o4)cc4ccccc34)O1)N2C,C1=CC2(Cc3ccccc3N2)Oc2c(-c3nc(-c4ccccc4)c(-c4ccccc4)o3)cc3ccccc3c21,C1=CC2(Cc3ccccc3N2)Oc2c(-c3nc(-c4ccccc4)c(-c4ccccc4)o3)cc3ccccc3c21,True,False
COc1ccc(-c2oc3ccccc3c(=O)c2O)cc1,O=c1cc(-c2ccccc2)oc2ccccc12,O=c1cc(-c2ccccc2)oc2ccccc12,True,False
COc1ccc(C2C3C(=O)C3C(c3ccc(OC)cc3)N2N=O)cc1,O=C1C2C(c3ccccc3)NC(c3ccccc3)C12,O=C1C2C(c3ccccc3)NC(c3ccccc3)C12,True,False
Cc1cc(C)cc(-c2ccc(C(C#N)=Cc3ccc(N(c4ccccc4)c4ccccc4)cc3)cc2)c1,C(=Cc1ccc(N(c2ccccc2)c2ccccc2)cc1)c1ccc(-c2ccccc2)cc1,C(=Cc1ccc(N(c2ccccc2)c2ccccc2)cc1)c1ccc(-c2ccccc2)cc1,True,False
CCN(CC)c1ccc2c(C(F)(F)F)cc(=O)oc2c1,O=c1ccc2ccccc2o1,O=c1ccc2ccccc2o1,False,True
Clc1ccc2nc(N=Nc3ccc4cccccc3-4)sc2c1,c1ccc2ccc(N=Nc3nc4ccccc4s3)c-2cc1,c1ccc2ccc(N=Nc3nc4ccccc4s3)c-2cc1,True,False
CCOC(=O)c1c(N)sc(N=Nc2ccc(C)cc2)c1-c1ccccc1,c1ccc(N=Nc2sccc2-c2ccccc2)cc1,c1ccc(N=Nc2sccc2-c2ccccc2)cc1,True,False
c1ccc2cc3cc4ccccc4cc3cc2c1,c1ccc2cc3cc4ccccc4cc3cc2c1,c1ccc2cc3cc4ccccc4cc3cc2c1,True,False
Cc1ccccc1C#Cc1c(F)c(F)c(C#Cc2ccccc2C)c(C#Cc2ccccc2C)c1C#Cc1ccccc1C,C(#Cc1ccc(C#Cc2ccccc2)c(C#Cc2ccccc2)c1C#Cc1ccccc1)c1ccccc1,C(#Cc1ccc(C#Cc2ccccc2)c(C#Cc2ccccc2)c1C#Cc1ccccc1)c1ccccc1,True,False
C#Cc1ccc(N(c2ccc(C#C)cc2)c2ccc(C=C(C#N)C#N)cc2)cc1,c1ccc(N(c2ccccc2)c2ccccc2)cc1,c1ccc(N(c2ccccc2)c2ccccc2)cc1,True,False
COCCNc1ncnc2c1nc(C=Cc1ccc(C(F)(F)F)cc1)n2Cc1ccccc1,C(=Cc1nc2cncnc2n1Cc1ccccc1)c1ccccc1,C(=Cc1nc2cncnc2n1Cc1ccccc1)c1ccccc1,False,True
COC(=O)c1cc(C(=O)OC)n2nc(-c3ccc(Br)cc3)ccc12,c1ccc(-c2ccc3cccn3n2)cc1,c1ccc(-c2ccc3cccn3n2)cc1,True,False
CN(C)c1ccc(C(C(=C(C#N)C#N)c2ccc(C=O)s2)=c2c(F)c(F)c(=C(C#N)C#N)c(F)c2F)cc1,C=C(C(c1ccccc1)=c1ccc(=C)cc1)c1cccs1,C=C(C(c1ccccc1)=c1ccc(=C)cc1)c1cccs1,True,False
Fc1c(F)c(F)c(-c2nnc(-c3ccc(C4=Cc5ccccc5C4)cc3)o2)c(F)c1F,C1=C(c2ccc(-c3nnc(-c4ccccc4)o3)cc2)Cc2ccccc21,C1=C(c2ccc(-c3nnc(-c4ccccc4)o3)cc2)Cc2ccccc21,False,True
S=c1[nH]c2ccccc2s1,S=c1[nH]c2ccccc2s1,S=c1[nH]c2ccccc2s1,True,False
Cc1cc(=O)oc2cc(C=Cc3ccc([N+](=O)[O-])cc3)ccc12,O=c1ccc2ccc(C=Cc3ccccc3)cc2o1,O=c1ccc2ccc(C=Cc3ccccc3)cc2o1,True,False
Cc1c(C(=O)C=Cc2ccc(OCCCN3CCOCC3)cc2)nnn1-c1ccnc2cc(Cl)ccc12,O=C(C=Cc1ccc(OCCCN2CCOCC2)cc1)c1cn(-c2ccnc3ccccc23)nn1,O=C(C=Cc1ccc(OCCCN2CCOCC2)cc1)c1cn(-c2ccnc3ccccc23)nn1,True,False
O=c1cn[nH]c(=O)[nH]1,O=c1cn[nH]c(=O)[nH]1,O=c1cn[nH]c(=O)[nH]1,True,False
CC(=O)C(C)OC(=O)c1c(C)nc(C)c(C(=O)O)c1-c1ccccc1N=O,c1ccc(-c2ccncc2)cc1,c1ccc(-c2ccncc2)cc1,True,False
CCn1c2ccc(C=Cc3ccc4c(c3)c3cc(-c5nc6ccccc6s5)ccc3n4CC)cc2c2cc(-c3nc4ccccc4s3)ccc21,C(=Cc1ccc2[nH]c3ccc(-c4nc5ccccc5s4)cc3c2c1)c1ccc2[nH]c3ccc(-c4nc5ccccc5s4)cc3c2c1,C(=Cc1ccc2[nH]c3ccc(-c4nc5ccccc5s4)cc3c2c1)c1ccc2[nH]c3ccc(-c4nc5ccccc5s4)cc3c2c1,True,False
NNc1ccccc1,c1ccccc1,c1ccccc1,False,True
C(=Cc1ccc(-c2ccc(C=CSC=C(c3ccccc3)c3ccccc3)cc2)cc1)SC=C(c1ccccc1)c1ccccc1,C(=Cc1ccc(-c2ccc(C=CSC=C(c3ccccc3)c3ccccc3)cc2)cc1)SC=C(c1ccccc1)c1ccccc1,C(=Cc1ccc(-c2ccc(C=CSC=C(c3ccccc3)c3ccccc3)cc2)cc1)SC=C(c1ccccc1)c1ccccc1,True,False
Cn1c2cc(N(c3ccccc3)c3ccccc3)ccc2c2ccc(N(c3ccccc3)c3ccccc3)cc21,c1ccc(N(c2ccccc2)c2ccc3c(c2)[nH]c2cc(N(c4ccccc4)c4ccccc4)ccc23)cc1,c1ccc(N(c2ccccc2)c2ccc3c(c2)[nH]c2cc(N(c4ccccc4)c4ccccc4)ccc23)cc1,True,False
NN=Cc1ccccc1O,c1ccccc1,c1ccccc1,False,True
CCn1cnc2c3c(-c4ccc([N+](=O)[O-])cc4)onc3c([N+](=O)[O-])cc21,c1ccc(-c2onc3ccc4[nH]cnc4c23)cc1,c1ccc(-c2onc3ccc4[nH]cnc4c23)cc1,False,True
COc1ccc(C=C2N=C(c3ccccc3)N(Cc3ccccc3)C2=O)cc1,O=C1C(=Cc2ccccc2)N=C(c2ccccc2)N1Cc1ccccc1,O=C1C(=Cc2ccccc2)N=C(c2ccccc2)N1Cc1ccccc1,False,True
Cc1nc(C)c(C(=O)CC(=O)c2ccccc2)cc1C(=O)CC(=O)c1ccccc1,O=C(CC(=O)c1cncc(C(=O)CC(=O)c2ccccc2)c1)c1ccccc1,O=C(CC(=O)c1cncc(C(=O)CC(=O)c2ccccc2)c1)c1ccccc1,True,False
c1csc(-c2sc3ccsc3c2-c2cccs2)c1,c1csc(-c2sc3ccsc3c2-c2cccs2)c1,c1csc(-c2sc3ccsc3c2-c2cccs2)c1,True,False
CN(C)c1ccc2c(c1)Oc1c(ccc3cc(OCc4ccc([N+](=O)[O-])cc4)ccc13)C21OC(=O)c2ccccc21,O=C1OC2(c3ccccc3Oc3c2ccc2cc(OCc4ccccc4)ccc32)c2ccccc21,O=C1OC2(c3ccccc3Oc3c2ccc2cc(OCc4ccccc4)ccc32)c2ccccc21,True,False
Cc1ccsc1-c1sc(-c2ccc(N)cc2)c2ccccc12,c1ccc(-c2sc(-c3cccs3)c3ccccc23)cc1,c1ccc(-c2sc(-c3cccs3)c3ccccc23)cc1,False,True
O=[N+]([O-])c1ccc(C=Cc2ccc(N(c3ccccc3)c3ccc(CO)cc3)cc2)cc1,C(=Cc1ccc(N(c2ccccc2)c2ccccc2)cc1)c1ccccc1,C(=Cc1ccc(N(c2ccccc2)c2ccccc2)cc1)c1ccccc1,False,True
COC(=O)c1ccccc1O,c1ccccc1,c1ccccc1,False,True
COc1ccc(N2C(=O)C(c3cccs3)=C3C2=C(c2cccs2)C(=O)N3c2ccc(OC)cc2)cc1,O=C1C(c2cccs2)=C2C(=C(c3cccs3)C(=O)N2c2ccccc2)N1c1ccccc1,O=C1C(c2cccs2)=C2C(=C(c3cccs3)C(=O)N2c2ccccc2)N1c1ccccc1,True,False
Cc1cccc(N=Nc2c(N)n3c(nc4ccccc43)[nH]c2=O)c1,O=c1[nH]c2nc3ccccc3n2cc1N=Nc1ccccc1,O=c1[nH]c2nc3ccccc3n2cc1N=Nc1ccccc1,False,True
CSc1ccc(-c2ccc(C3=C4C(=O)NC(c5ccc(-c6ccc(SC)cc6)cc5)=C4C(=O)N3)cc2)cc1,O=C1NC(c2ccc(-c3ccccc3)cc2)=C2C(=O)NC(c3ccc(-c4ccccc4)cc3)=C12,O=C1NC(c2ccc(-c3ccccc3)cc2)=C2C(=O)NC(c3ccc(-c4ccccc4)cc3)=C12,True,False
COC(=O)[C@H](Cc1c(-c2ccc(C)cc2)[nH]c2ccccc12)NC(C)=O,c1ccc(-c2cc3ccccc3[nH]2)cc1,c1ccc(-c2cc3ccccc3[nH]2)cc1,True,False
Cc1ccc(C(=CC=C(C(=O)C(F)(F)F)C(=O)C(F)(F)F)c2ccc(C)cc2)cc1,C=C(c1ccccc1)c1ccccc1,C=C(c1ccccc1)c1ccccc1,True,False
O=c1cc(-c2ccc(O)cc2)oc2cc(O[C@@H]3O[C@H](CO)[C@@H](O)[C@H](O)[C@H]3O)cc(O)c12,O=c1cc(-c2ccccc2)oc2cc(O[C@H]3CCCCO3)ccc12,O=c1cc(-c2ccccc2)oc2cc(O[C@H]3CCCCO3)ccc12,True,False
COc1ccc(-c2ccc(C3=C4C(=O)NC(c5ccc(-c6ccc(OC)cc6)cc5)=C4C(=O)N3)cc2)cc1,O=C1NC(c2ccc(-c3ccccc3)cc2)=C2C(=O)NC(c3ccc(-c4ccccc4)cc3)=C12,O=C1NC(c2ccc(-c3ccccc3)cc2)=C2C(=O)NC(c3ccc(-c4ccccc4)cc3)=C12,True,False
Cc1ccc(-c2nc3ccc(-c4ccc5nc(-c6ccc(C)cc6)oc5c4)cc3o2)cc1,c1ccc(-c2nc3ccc(-c4ccc5nc(-c6ccccc6)oc5c4)cc3o2)cc1,c1ccc(-c2nc3ccc(-c4ccc5nc(-c6ccccc6)oc5c4)cc3o2)cc1,True,False
CC1CC=C(c2ccc(-c3ccc(C=O)s3)s2)CC1,C1=C(c2ccc(-c3cccs3)s2)CCCC1,C1=C(c2ccc(-c3cccs3)s2)CCCC1,False,True
Cc1ccc2c(c1)cc1c(=O)nc(-c3ccccc3)nc-1n2C,O=c1nc(-c2ccccc2)nc2[nH]c3ccccc3cc1-2,O=c1nc(-c2ccccc2)nc2[nH]c3ccccc3cc1-2,True,False
CN(C)C(=O)Nc1ccc(Cl)c(Cl)c1,c1ccccc1,c1ccccc1,False,True
O=[N+]([O-])c1ccc(C=NN=Cc2ccco2)cc1,C(=NN=Cc1ccco1)c1ccccc1,C(=NN=Cc1ccco1)c1ccccc1,True,False
COC(=O)c1c(C(=O)OC)c2ccc(C=Cc3ccc(-c4ccccc4)cc3)nn2c1C(=O)OC,C(=Cc1ccc2cccn2n1)c1ccc(-c2ccccc2)cc1,C(=Cc1ccc2cccn2n1)c1ccc(-c2ccccc2)cc1,True,False
c1ccc2c(c1)c1ccccc1c1cc(-c3cc(-c4ccc5c6ccccc6c6ccccc6c5c4)cc(-n4c5ccccc5c5ccccc54)c3)ccc21,c1ccc2c(c1)c1ccccc1c1cc(-c3cc(-c4ccc5c6ccccc6c6ccccc6c5c4)cc(-n4c5ccccc5c5ccccc54)c3)ccc21,c1ccc2c(c1)c1ccccc1c1cc(-c3cc(-c4ccc5c6ccccc6c6ccccc6c5c4)cc(-n4c5ccccc5c5ccccc54)c3)ccc21,False,True
Cc1csc2c1-c1c(C)csc1S2(=O)=O,O=S1(=O)c2sccc2-c2ccsc21,O=S1(=O)c2sccc2-c2ccsc21,True,False
CCCN1c2ccccc2Sc2cc(C=Cc3cc(=O)oc4cc(O)ccc34)ccc21,O=c1cc(C=Cc2ccc3c(c2)Sc2ccccc2N3)c2ccccc2o1,O=c1cc(C=Cc2ccc3c(c2)Sc2ccccc2N3)c2ccccc2o1,False,True
CC1(C)CC(=O)C(=C(O)C=Cc2ccc(N(c3ccccc3)c3ccccc3)cc2)C(=O)C1,O=C1CCCC(=O)C1=CC=Cc1ccc(N(c2ccccc2)c2ccccc2)cc1,O=C1CCCC(=O)C1=CC=Cc1ccc(N(c2ccccc2)c2ccccc2)cc1,True,False
N#Cc1cc(NCc2ccccc2)c2c(c1N)C(=O)c1ccccc1C2=O,O=C1c2ccccc2C(=O)c2c(NCc3ccccc3)cccc21,O=C1c2ccccc2C(=O)c2c(NCc3ccccc3)cccc21,False,True
c1ccc(-n2c3ccccc3c3c2c2c4ccccc4n(-c4ccccc4)c2c2c4ccccc4n(-c4ccccc4)c32)cc1,c1ccc(-n2c3ccccc3c3c2c2c4ccccc4n(-c4ccccc4)c2c2c4ccccc4n(-c4ccccc4)c32)cc1,c1ccc(-n2c3ccccc3c3c2c2c4ccccc4n(-c4ccccc4)c2c2c4ccccc4n(-c4ccccc4)c32)cc1,True,False
COc1ccc(-c2ccc3c(C4=C(c5c(C)sc6cc(-c7ccc(OC)cc7)ccc56)C(F)(F)C(F)(F)C4(F)F)c(C)sc3c2)cc1,c1ccc(-c2ccc3c(C4=C(c5csc6cc(-c7ccccc7)ccc56)CCC4)csc3c2)cc1,c1ccc(-c2ccc3c(C4=C(c5csc6cc(-c7ccccc7)ccc56)CCC4)csc3c2)cc1,True,False
Cc1ccc(-c2sc(-c3ccc(C)s3)c(C#N)c2C#N)s1,c1csc(-c2ccc(-c3cccs3)s2)c1,c1csc(-c2ccc(-c3cccs3)s2)c1,True,False
OCCN(CCO)c1ccc(N=Nc2nc(-c3ccc(Cl)cc3Cl)cs2)c(Cl)c1,c1ccc(N=Nc2nc(-c3ccccc3)cs2)cc1,c1ccc(N=Nc2nc(-c3ccccc3)cs2)cc1,True,False
CCN1C(=O)C(=CC=C2N(c3ccccc3)c3ccccc3N2c2ccccc2)C(=O)N(CC)C1=S,O=C1NC(=S)NC(=O)C1=CC=C1N(c2ccccc2)c2ccccc2N1c1ccccc1,O=C1NC(=S)NC(=O)C1=CC=C1N(c2ccccc2)c2ccccc2N1c1ccccc1,True,False
O=C1NC(=O)C(c2ccccc2)(N2CCC(CCO)CC2)C(=O)N1,O=C1NC(=O)C(c2ccccc2)(N2CCCCC2)C(=O)N1,O=C1NC(=O)C(c2ccccc2)(N2CCCCC2)C(=O)N1,True,False
NCCC(=O)N1Cc2ccccc2-c2nnn(-c3cc4ccccc4oc3=O)c2-c2ccccc21,O=c1oc2ccccc2cc1-n1nnc2c1-c1ccccc1NCc1ccccc1-2,O=c1oc2ccccc2cc1-n1nnc2c1-c1ccccc1NCc1ccccc1-2,False,True
N#CC(C#N)=CNc1cccc(F)c1,c1ccccc1,c1ccccc1,False,True
Clc1ccc2[nH]c(C3CCCN3)nc2c1,c1ccc2[nH]c(C3CCCN3)nc2c1,c1ccc2[nH]c(C3CCCN3)nc2c1,True,False
c1ccc([C@@H]2N=C(c3ccccn3)C(c3ccccn3)=N[C@H]2c2ccccc2)cc1,c1ccc([C@@H]2N=C(c3ccccn3)C(c3ccccn3)=N[C@H]2c2ccccc2)cc1,c1ccc([C@@H]2N=C(c3ccccn3)C(c3ccccn3)=N[C@H]2c2ccccc2)cc1,True,False
C=C(c1ccc(N(C)C)cc1)c1[nH]c2ccccc2c1CCNS(=O)(=O)c1ccccc1[N+](=O)[O-],C=C(c1ccccc1)c1[nH]c2ccccc2c1CCNS(=O)(=O)c1ccccc1,C=C(c1ccccc1)c1[nH]c2ccccc2c1CCNS(=O)(=O)c1ccccc1,True,False
CCOC(=O)c1[nH]c(C)c(C(=NN)c2ccc([N+](=O)[O-])cc2[N+](=O)[O-])c1C,N=C(c1ccccc1)c1cc[nH]c1,N=C(c1ccccc1)c1cc[nH]c1,False,True
CC(=O)c1cc2ccccc2oc1=O,O=c1ccc2ccccc2o1,O=c1ccc2ccccc2o1,False,True
O=c1[nH][nH]c2c1cnc1c2c(-c2ccc(Br)cc2)nn1-c1ccccc1,O=c1[nH][nH]c2c1cnc1c2c(-c2ccccc2)nn1-c1ccccc1,O=c1[nH][nH]c2c1cnc1c2c(-c2ccccc2)nn1-c1ccccc1,True,False
O=C(ON1C(=O)CCC1=O)c1cncc(I)c1,O=C(ON1C(=O)CCC1=O)c1cccnc1,O=C(ON1C(=O)CCC1=O)c1cccnc1,True,False
Clc1ccc(C2CC(c3ccc4c(c3)C3(c5ccccc5-c5ccccc53)c3ccccc3-4)=NN2c2ccccc2)cc1,c1ccc(C2CC(c3ccc4c(c3)C3(c5ccccc5-c5ccccc53)c3ccccc3-4)=NN2c2ccccc2)cc1,c1ccc(C2CC(c3ccc4c(c3)C3(c5ccccc5-c5ccccc53)c3ccccc3-4)=NN2c2ccccc2)cc1,True,False
COc1cc(N=Nc2ccc(O)c(C=Nc3ccccc3O)c2)cc(OC)c1,C(=Nc1ccccc1)c1cccc(N=Nc2ccccc2)c1,C(=Nc1ccccc1)c1cccc(N=Nc2ccccc2)c1,False,True
C1=C(c2ccc(-c3nnc(-c4c5ccccc5cc5ccccc45)o3)cc2)Cc2ccccc21,C1=C(c2ccc(-c3nnc(-c4c5ccccc5cc5ccccc45)o3)cc2)Cc2ccccc21,C1=C(c2ccc(-c3nnc(-c4c5ccccc5cc5ccccc45)o3)cc2)Cc2ccccc21,True,False
CCN1C(=O)C2=C(c3ccc(Br)s3)N(C(C)C)C(=O)C2=C1c1cccs1,O=C1NC(c2cccs2)=C2C(=O)NC(c3cccs3)=C12,O=C1NC(c2cccs2)=C2C(=O)NC(c3cccs3)=C12,True,False
Cc1ccc(C(=O)CC(=O)c2ccncc2)cc1,O=C(CC(=O)c1ccncc1)c1ccccc1,O=C(CC(=O)c1ccncc1)c1ccccc1,True,False
COc1ccc(-c2c(F)c(F)c(-c3ccc(OC)cc3)c(F)c2F)cc1,c1ccc(-c2ccc(-c3ccccc3)cc2)cc1,c1ccc(-c2ccc(-c3ccccc3)cc2)cc1,False,True
Cc1ccc(C2(c3ccc(C)cc3)c3ccccc3-c3ccc(-c4sc(-c5cccs5)c5ccccc45)cc32)cc1,c1ccc(C2(c3ccccc3)c3ccccc3-c3ccc(-c4sc(-c5cccs5)c5ccccc45)cc32)cc1,c1ccc(C2(c3ccccc3)c3ccccc3-c3ccc(-c4sc(-c5cccs5)c5ccccc45)cc32)cc1,True,False
CCN(CCO)c1ccc(N=Nc2ccc([N+](=O)[O-])cc2Cl)cc1,c1ccc(N=Nc2ccccc2)cc1,c1ccc(N=Nc2ccccc2)cc1,False,True
C1=CCc2c(cc3ccccc3c2C=Nc2ccc3ccccc3c2)C1,C1=CCc2c(cc3ccccc3c2C=Nc2ccc3ccccc3c2)C1,C1=CCc2c(cc3ccccc3c2C=Nc2ccc3ccccc3c2)C1,True,False
CN(C)c1cccc(-c2ccc(-c3cccc(N(C)C)c3)c3[nH]c(-c4ccc(C=C(C#N)C(=O)O)cc4)nc23)c1,c1ccc(-c2nc3c(-c4ccccc4)ccc(-c4ccccc4)c3[nH]2)cc1,c1ccc(-c2nc3c(-c4ccccc4)ccc(-c4ccccc4)c3[nH]2)cc1,True,False
CCn1c2ccccc2c2ccc(-c3ccc(C=Cc4ccc(C(=C(c5ccccc5)c5ccccc5)c5ccccc5)cc4)cc3)cc21,C(=Cc1ccc(-c2ccc3c(c2)[nH]c2ccccc23)cc1)c1ccc(C(=C(c2ccccc2)c2ccccc2)c2ccccc2)cc1,C(=Cc1ccc(-c2ccc3c(c2)[nH]c2ccccc23)cc1)c1ccc(C(=C(c2ccccc2)c2ccccc2)c2ccccc2)cc1,True,False
CCn1c2ccccc2c2cc(-c3c4ccccc4c(-c4ccc5c(c4)c4ccccc4n5CC)c4ccccc34)ccc21,c1ccc2c(c1)[nH]c1ccc(-c3c4ccccc4c(-c4ccc5[nH]c6ccccc6c5c4)c4ccccc34)cc12,c1ccc2c(c1)[nH]c1ccc(-c3c4ccccc4c(-c4ccc5[nH]c6ccccc6c5c4)c4ccccc34)cc12,True,False
CN1c2ccccc2Oc2cc(-c3ccc(C=C(C#N)C(=O)O)s3)ccc21,c1csc(-c2ccc3c(c2)Oc2ccccc2N3)c1,c1csc(-c2ccc3c(c2)Oc2ccccc2N3)c1,True,False
Cc1cc(=O)oc2ccc3ccc(-c4cn(Cc5ccccc5)nn4)cc3c12,O=c1ccc2c(ccc3ccc(-c4cn(Cc5ccccc5)nn4)cc32)o1,O=c1ccc2c(ccc3ccc(-c4cn(Cc5ccccc5)nn4)cc32)o1,False,True
CN(C)c1ccc(C=Cc2cc(-c3ccccc3)c(C=CC3=CC(=C(C#N)C#N)CC(C)(C)C3)cc2-c2ccccc2)cc1,C=C1C=C(C=Cc2cc(-c3ccccc3)c(C=Cc3ccccc3)cc2-c2ccccc2)CCC1,C=C1C=C(C=Cc2cc(-c3ccccc3)c(C=Cc3ccccc3)cc2-c2ccccc2)CCC1,True,False
O=C(O)c1ccc(-c2ccc(C(=O)O)s2)s1,c1csc(-c2cccs2)c1,c1csc(-c2cccs2)c1,True,False
COc1ccc(CNC2=C(Br)C(=O)OC2OCc2ccccc2)cc1,O=C1C=C(NCc2ccccc2)C(OCc2ccccc2)O1,O=C1C=C(NCc2ccccc2)C(OCc2ccccc2)O1,False,True
Fc1nc(Cl)c2[nH]cnc2n1,c1ncc2[nH]cnc2n1,c1ncc2[nH]cnc2n1,True,False
O=S(=O)(O)c1c(N=Nc2ccc(O)c3ccccc23)ccc2ccccc12,c1ccc2cc(N=Nc3cccc4ccccc34)ccc2c1,c1ccc2cc(N=Nc3cccc4ccccc34)ccc2c1,False,True
CCn1c2ccccc2c2cc(C=Cc3ccc4c(c3)c3ccccc3n4CC)ccc21,C(=Cc1ccc2[nH]c3ccccc3c2c1)c1ccc2[nH]c3ccccc3c2c1,C(=Cc1ccc2[nH]c3ccccc3c2c1)c1ccc2[nH]c3ccccc3c2c1,False,True
COc1ccc(C=Cc2cc(C=Cc3ccc(OC)cc3)nc(I)n2)cc1,C(=Cc1cc(C=Cc2ccccc2)ncn1)c1ccccc1,C(=Cc1cc(C=Cc2ccccc2)ncn1)c1ccccc1,True,False
Cc1nc(C)c(C(=O)CC(=O)c2ccc(C(C)(C)C)cc2)cc1C(=O)CC(=O)c1ccc(C(C)(C)C)cc1,O=C(CC(=O)c1cncc(C(=O)CC(=O)c2ccccc2)c1)c1ccccc1,O=C(CC(=O)c1cncc(C(=O)CC(=O)c2ccccc2)c1)c1ccccc1,True,False
CN(C)c1ccc(-c2sc(-c3ccc(N(C)C)cc3)c(C#N)c2C#N)cc1,c1ccc(-c2ccc(-c3ccccc3)s2)cc1,c1ccc(-c2ccc(-c3ccccc3)s2)cc1,True,False
O=C=Nc1ccc2ccccc2c1N=C=O,c1ccc2ccccc2c1,c1ccc2ccccc2c1,True,False
Cc1c(N=Nc2nc3ccccc3s2)c2ccccc2n1C,c1ccc2sc(N=Nc3c[nH]c4ccccc34)nc2c1,c1ccc2sc(N=Nc3c[nH]c4ccccc34)nc2c1,True,False
Fc1c(F)c(F)c2nc3onc(-c4ccccc4)c3cc2c1F,c1ccc(-c2noc3nc4ccccc4cc23)cc1,c1ccc(-c2noc3nc4ccccc4cc23)cc1,True,False
CCOC(=O)c1cc2c([nH]1)-c1[nH]c(=O)c(S(=O)(=O)c3ccccc3)cc1CC2,O=c1[nH]c2c(cc1S(=O)(=O)c1ccccc1)CCc1cc[nH]c1-2,O=c1[nH]c2c(cc1S(=O)(=O)c1ccccc1)CCc1cc[nH]c1-2,True,False
Cc1nn(-c2ccccc2)c2cc(-c3ccccc3)n3c4ncccc4nc3c12,c1ccc(-c2cc3c(cnn3-c3ccccc3)c3nc4cccnc4n23)cc1,c1ccc(-c2cc3c(cnn3-c3ccccc3)c3nc4cccnc4n23)cc1,True,False
O=C1NC(c2ccccc2)=C2C(=O)OC(c3ccccc3)=C12,O=C1NC(c2ccccc2)=C2C(=O)OC(c3ccccc3)=C12,O=C1NC(c2ccccc2)=C2C(=O)OC(c3ccccc3)=C12,False,True
O=C(CC(=O)c1cccc(C(=O)CC(=O)c2ccc(Cl)cc2)n1)c1ccc(Cl)cc1,O=C(CC(=O)c1cccc(C(=O)CC(=O)c2ccccc2)n1)c1ccccc1,O=C(CC(=O)c1cccc(C(=O)CC(=O)c2ccccc2)n1)c1ccccc1,True,False
Cc1cc(-c2nc3ccccc3n2C)c(O)c(C(c2ccccc2)c2ccccc2)c1,c1ccc(C(c2ccccc2)c2cccc(-c3nc4ccccc4[nH]3)c2)cc1,c1ccc(C(c2ccccc2)c2cccc(-c3nc4ccccc4[nH]3)c2)cc1,True,False
CC(O)C(C)c1ccc(O)cc1,c1ccccc1,c1ccccc1,False,True
CN1C(=O)C(c2c[nH]c3ccccc23)=C(c2ccc3ccc4cccc5ccc2c3c45)C1=O,O=C1NC(=O)C(c2ccc3ccc4cccc5ccc2c3c45)=C1c1c[nH]c2ccccc12,O=C1NC(=O)C(c2ccc3ccc4cccc5ccc2c3c45)=C1c1c[nH]c2ccccc12,False,True
N#CC(=Cc1cccc(-c2ccc(-c3ccc4ccc5cccc6ccc3c4c56)s2)c1)C(=O)O,c1ccc(-c2ccc(-c3ccc4ccc5cccc6ccc3c4c56)s2)cc1,c1ccc(-c2ccc(-c3ccc4ccc5cccc6ccc3c4c56)s2)cc1,True,False
N#CC(C#N)=Cc1cn(-c2ccccc2)nc1-c1ccc([N+](=O)[O-])cc1,c1ccc(-c2ccn(-c3ccccc3)n2)cc1,c1ccc(-c2ccn(-c3ccccc3)n2)cc1,True,False
O=C1c2cccc(O)c2C(=O)c2c(O)cccc21,O=C1c2ccccc2C(=O)c2ccccc21,O=C1c2ccccc2C(=O)c2ccccc21,True,False
CC1c2ccccc2-c2cc3[nH]c(-c4ccc(C(F)(F)F)cc4)nc3cc21,c1ccc(-c2nc3cc4c(cc3[nH]2)-c2ccccc2C4)cc1,c1ccc(-c2nc3cc4c(cc3[nH]2)-c2ccccc2C4)cc1,True,False
CN(C)c1ccc(C2=C3C(=O)NC(c4ccccc4)=C3C(=O)N2)cc1,O=C1NC(c2ccccc2)=C2C(=O)NC(c3ccccc3)=C12,O=C1NC(c2ccccc2)=C2C(=O)NC(c3ccccc3)=C12,True,False
Cc1ccc(C#Cc2cc(C#Cc3ccc(C)cc3)c3ccc4c(C(=O)c5ccccc5)cc(C#Cc5ccc(C)cc5)c5ccc2c3c54)cc1,O=C(c1ccccc1)c1cc(C#Cc2ccccc2)c2ccc3c(C#Cc4ccccc4)cc(C#Cc4ccccc4)c4ccc1c2c34,O=C(c1ccccc1)c1cc(C#Cc2ccccc2)c2ccc3c(C#Cc4ccccc4)cc(C#Cc4ccccc4)c4ccc1c2c34,True,False
Nc1ccc2cc3ccc(N)cc3nc2c1,c1ccc2nc3ccccc3cc2c1,c1ccc2nc3ccccc3cc2c1,False,True
CSc1ccccc1N=Nc1nc2ccccc2s1,c1ccc(N=Nc2nc3ccccc3s2)cc1,c1ccc(N=Nc2nc3ccccc3s2)cc1,False,True
O=C(NN=Cc1ccc(Cl)cc1)c1ccc(Cn2c3ccccc3c3ccccc32)cc1,O=C(NN=Cc1ccccc1)c1ccc(Cn2c3ccccc3c3ccccc32)cc1,O=C(NN=Cc1ccccc1)c1ccc(Cn2c3ccccc3c3ccccc32)cc1,False,True
Cn1c(-c2ccc3cccc(O)c3n2)nc2ccccc21,c1ccc2nc(-c3nc4ccccc4[nH]3)ccc2c1,c1ccc2nc(-c3nc4ccccc4[nH]3)ccc2c1,False,True
c1ccc(-c2nc(-c3ccc(-c4cncc5ccccc45)cc3)[nH]c2-c2ccccc2)cc1,c1ccc(-c2nc(-c3ccc(-c4cncc5ccccc45)cc3)[nH]c2-c2ccccc2)cc1,c1ccc(-c2nc(-c3ccc(-c4cncc5ccccc45)cc3)[nH]c2-c2ccccc2)cc1,True,False
CN1C(=CC=C(C#N)C(=O)c2ccccc2)C(C)(C)c2ccccc21,O=C(C=CC=C1Cc2ccccc2N1)c1ccccc1,O=C(C=CC=C1Cc2ccccc2N1)c1ccccc1,False,True
COc1ccc2nc(N=Nc3c(C)[nH]c4ccccc34)sc2c1,c1ccc2sc(N=Nc3c[nH]c4ccccc34)nc2c1,c1ccc2sc(N=Nc3c[nH]c4ccccc34)nc2c1,True,False
O=C1c2ccccc2C(=O)c2cc(N(Cc3ccc(Br)cc3)Cc3ccc(Br)cc3)ccc21,O=C1c2ccccc2C(=O)c2cc(N(Cc3ccccc3)Cc3ccccc3)ccc21,O=C1c2ccccc2C(=O)c2cc(N(Cc3ccccc3)Cc3ccccc3)ccc21,True,False
C(=Cc1ccc(N(c2ccccc2)c2ccccc2)cc1)c1ccc(-c2cc(-c3ccccn3)nc(-c3ccccn3)c2)cc1,C(=Cc1ccc(N(c2ccccc2)c2ccccc2)cc1)c1ccc(-c2cc(-c3ccccn3)nc(-c3ccccn3)c2)cc1,C(=Cc1ccc(N(c2ccccc2)c2ccccc2)cc1)c1ccc(-c2cc(-c3ccccn3)nc(-c3ccccn3)c2)cc1,False,True
c1csc(-n2ccc3cccnc32)c1,c1csc(-n2ccc3cccnc32)c1,c1csc(-n2ccc3cccnc32)c1,True,False
Clc1ccc(C=Cc2ccc(-c3nc(-c4ccccc4)c(-c4ccccc4)n3-c3ccc(Cl)cc3)cc2)cc1,C(=Cc1ccc(-c2nc(-c3ccccc3)c(-c3ccccc3)n2-c2ccccc2)cc1)c1ccccc1,C(=Cc1ccc(-c2nc(-c3ccccc3)c(-c3ccccc3)n2-c2ccccc2)cc1)c1ccccc1,False,True
CC(=O)Oc1ccc([N+](=O)[O-])cc1,c1ccccc1,c1ccccc1,False,True
N#Cc1ccc(Cn2c(C=Cc3ccccc3)nc(-c3ccco3)c2-c2ccco2)cc1,C(=Cc1nc(-c2ccco2)c(-c2ccco2)n1Cc1ccccc1)c1ccccc1,C(=Cc1nc(-c2ccco2)c(-c2ccco2)n1Cc1ccccc1)c1ccccc1,True,False
FC(F)(F)c1cc(C#Cc2c3c(c4cccc5cccc2c54)=C(c2ccccc2)c2ccccc2-3)cc(C(F)(F)F)c1,C(#Cc1c2c(c3cccc4cccc1c43)=C(c1ccccc1)c1ccccc1-2)c1ccccc1,C(#Cc1c2c(c3cccc4cccc1c43)=C(c1ccccc1)c1ccccc1-2)c1ccccc1,True,False
CCOc1ccc(C2CC(c3ccc(F)cc3)=NN2c2ccc(C)c(C)c2)cc1,c1ccc(C2=NN(c3ccccc3)C(c3ccccc3)C2)cc1,c1ccc(C2=NN(c3ccccc3)C(c3ccccc3)C2)cc1,True,False
C(#Cc1ccc2c(c1)sc1c3ccc(C#Cc4ccccc4)cc3sc21)c1ccccc1,C(#Cc1ccc2c(c1)sc1c3ccc(C#Cc4ccccc4)cc3sc21)c1ccccc1,C(#Cc1ccc2c(c1)sc1c3ccc(C#Cc4ccccc4)cc3sc21)c1ccccc1,True,False
c1ccc(CCNc2nnc(-c3cnccn3)s2)cc1,c1ccc(CCNc2nnc(-c3cnccn3)s2)cc1,c1ccc(CCNc2nnc(-c3cnccn3)s2)cc1,True,False
Oc1ccc(N=Nc2ccc(OC(F)(F)F)cc2)cc1C=Nc1ccccc1O,C(=Nc1ccccc1)c1cccc(N=Nc2ccccc2)c1,C(=Nc1ccccc1)c1cccc(N=Nc2ccccc2)c1,False,True
CN1c2c(ccc3ccccc23)C(C)(C)C12C=Cc1c(ccc3oc(-c4ccccc4)c(-c4ccccc4)c13)O2,C1=CC2(Cc3ccc4ccccc4c3N2)Oc2ccc3oc(-c4ccccc4)c(-c4ccccc4)c3c21,C1=CC2(Cc3ccc4ccccc4c3N2)Oc2ccc3oc(-c4ccccc4)c(-c4ccccc4)c3c21,True,False
COC(=O)[C@H](Cc1c(-c2ccccc2)[nH]c2ccccc12)NC(=O)C(F)(F)F,c1ccc(-c2cc3ccccc3[nH]2)cc1,c1ccc(-c2cc3ccccc3[nH]2)cc1,True,False
N#CC(=Cc1ccc(C=C(c2ccccc2)c2ccccc2)cc1)c1ccccc1,C(=Cc1ccc(C=C(c2ccccc2)c2ccccc2)cc1)c1ccccc1,C(=Cc1ccc(C=C(c2ccccc2)c2ccccc2)cc1)c1ccccc1,True,False
CCOC(=O)c1c(N)sc2c1-c1ccccc1C2,c1ccc2c(c1)Cc1sccc1-2,c1ccc2c(c1)Cc1sccc1-2,True,False
CN(C)c1ccc(C2=CC(=O)NC2=O)cc1,O=C1C=C(c2ccccc2)C(=O)N1,O=C1C=C(c2ccccc2)C(=O)N1,True,False
CC1(C)OC(=O)C(=CC=CC=C2C=C(c3ccccc3)OC(c3ccccc3)=C2)C(=O)O1,O=C1OCOC(=O)C1=CC=CC=C1C=C(c2ccccc2)OC(c2ccccc2)=C1,O=C1OCOC(=O)C1=CC=CC=C1C=C(c2ccccc2)OC(c2ccccc2)=C1,True,False
CC(=O)c1ccc(-c2sc(-c3sc(-c4ccc(C=O)s4)c(C#N)c3C#N)c(C#N)c2C#N)s1,c1csc(-c2ccc(-c3ccc(-c4cccs4)s3)s2)c1,c1csc(-c2ccc(-c3ccc(-c4cccs4)s3)s2)c1,True,False
COC1OC(=O)C(Br)=C1Nc1ccc(Br)cc1,O=C1C=C(Nc2ccccc2)CO1,O=C1C=C(Nc2ccccc2)CO1,True,False
c1ccc(-c2nc3c(-c4c5ccccc5cc5ccccc45)ccc(-c4c5ccccc5cc5ccccc45)c3nc2-c2ccccc2)cc1,c1ccc(-c2nc3c(-c4c5ccccc5cc5ccccc45)ccc(-c4c5ccccc5cc5ccccc45)c3nc2-c2ccccc2)cc1,c1ccc(-c2nc3c(-c4c5ccccc5cc5ccccc45)ccc(-c4c5ccccc5cc5ccccc45)c3nc2-c2ccccc2)cc1,True,False
COCCN(CCOC)S(=O)(=O)c1ccc(-n2cccc2)cc1,c1ccc(-n2cccc2)cc1,c1ccc(-n2cccc2)cc1,True,False
COc1ccc2c3c(c(-c4nc(-c5ccccc5)c(-c5ccccc5)o4)cc2c1)OC1(C=C3)N(C)c2ccc(Cl)cc2C1(C)C,C1=CC2(Cc3ccccc3N2)Oc2c(-c3nc(-c4ccccc4)c(-c4ccccc4)o3)cc3ccccc3c21,C1=CC2(Cc3ccccc3N2)Oc2c(-c3nc(-c4ccccc4)c(-c4ccccc4)o3)cc3ccccc3c21,True,False
CCOC(=O)c1cc2c3ccccc3c3cc(C(=O)OCC)nc4ccc(n1)c2c43,c1ccc2c(c1)c1ccnc3ccc4nccc2c4c31,c1ccc2c(c1)c1ccnc3ccc4nccc2c4c31,True,False
c1ccc(-n2c3ccccc3c3cc(-c4nc(-c5cccc(-c6ccc7c8ccccc8c8ccccc8c7c6)c5)nc5ccccc45)ccc32)cc1,c1ccc(-n2c3ccccc3c3cc(-c4nc(-c5cccc(-c6ccc7c8ccccc8c8ccccc8c7c6)c5)nc5ccccc45)ccc32)cc1,c1ccc(-n2c3ccccc3c3cc(-c4nc(-c5cccc(-c6ccc7c8ccccc8c8ccccc8c7c6)c5)nc5ccccc45)ccc32)cc1,True,False
COc1ccc(C#Cc2nc3c(N)ncnc3n2C2CC(O)C(CO)O2)cc1,C(#Cc1nc2cncnc2n1C1CCCO1)c1ccccc1,C(#Cc1nc2cncnc2n1C1CCCO1)c1ccccc1,True,False
N#CC(=Cc1ccc(-c2csc(C=C(C#N)c3ccccc3)c2)cc1)c1ccccc1,C(=Cc1ccc(-c2csc(C=Cc3ccccc3)c2)cc1)c1ccccc1,C(=Cc1ccc(-c2csc(C=Cc3ccccc3)c2)cc1)c1ccccc1,True,False
c1ccc2nc3ccccc3cc2c1,c1ccc2nc3ccccc3cc2c1,c1ccc2nc3ccccc3cc2c1,False,True
C1=C(c2ccc(-c3cccs3)s2)CCCC1,C1=C(c2ccc(-c3cccs3)s2)CCCC1,C1=C(c2ccc(-c3cccs3)s2)CCCC1,False,True
Cn1c(-c2ccc(-c3ccc(C=C(C#N)C(=O)O)s3)cc2)nc2c(-c3cccs3)sc(-c3cccs3)c21,c1csc(-c2ccc(-c3nc4c(-c5cccs5)sc(-c5cccs5)c4[nH]3)cc2)c1,c1csc(-c2ccc(-c3nc4c(-c5cccs5)sc(-c5cccs5)c4[nH]3)cc2)c1,True,False
CN1c2ccc(-c3ccc(N(c4ccccc4)c4ccccc4)cc3)cc2CCc2cc(-c3ccc(C=C(C#N)C(=O)O)s3)ccc21,c1ccc(N(c2ccccc2)c2ccc(-c3ccc4c(c3)CCc3cc(-c5cccs5)ccc3N4)cc2)cc1,c1ccc(N(c2ccccc2)c2ccc(-c3ccc4c(c3)CCc3cc(-c5cccs5)ccc3N4)cc2)cc1,True,False
OCc1c(-c2ccc(Cl)cc2)nc2ccccn12,c1ccc(-c2cn3ccccc3n2)cc1,c1ccc(-c2cn3ccccc3n2)cc1,True,False
Cc1ccc(-c2nc(O)c(-c3ccccc3O)s2)cc1,c1ccc(-c2cnc(-c3ccccc3)s2)cc1,c1ccc(-c2cnc(-c3ccccc3)s2)cc1,True,False
Cn1c2ccc(C=Cc3ccncc3)cc2c2cc(C=Cc3ccncc3)ccc21,C(=Cc1ccc2[nH]c3ccc(C=Cc4ccncc4)cc3c2c1)c1ccncc1,C(=Cc1ccc2[nH]c3ccc(C=Cc4ccncc4)cc3c2c1)c1ccncc1,True,False
CCC(C)CN1c2ccccc2Sc2cc(-c3ccc(-c4cc(C)c(C=C(C#N)C(=O)O)s4)s3)ccc21,c1csc(-c2ccc(-c3ccc4c(c3)Sc3ccccc3N4)s2)c1,c1csc(-c2ccc(-c3ccc4c(c3)Sc3ccccc3N4)s2)c1,True,False
COc1ccc2c3c(ccc2c1)OC(c1ccccc1)(c1ccccc1)C=C3,C1=CC(c2ccccc2)(c2ccccc2)Oc2ccc3ccccc3c21,C1=CC(c2ccccc2)(c2ccccc2)Oc2ccc3ccccc3c21,False,True
Cc1ccc(C(C)C)cc1O,c1ccccc1,c1ccccc1,False,True
O=C(O)c1ccccc1C(=O)c1c2c(n3ccc(-c4ccncc4)cc13)C(=O)c1ccccc1C2=O,O=C1c2ccccc2C(=O)c2c1c(C(=O)c1ccccc1)c1cc(-c3ccncc3)ccn21,O=C1c2ccccc2C(=O)c2c1c(C(=O)c1ccccc1)c1cc(-c3ccncc3)ccn21,True,False
c1ccc(-c2ccnc3c2ccc2c(-c4ccccc4)ccnc23)cc1,c1ccc(-c2ccnc3c2ccc2c(-c4ccccc4)ccnc23)cc1,c1ccc(-c2ccnc3c2ccc2c(-c4ccccc4)ccnc23)cc1,True,False
CC(=O)c1c(C)n(-c2ccc(C)cc2)c2nc(C#N)c(C#N)nc12,c1ccc(-n2ccc3nccnc32)cc1,c1ccc(-n2ccc3nccnc32)cc1,True,False
CCn1c2ccccc2c2cc(C=Cc3ccc(SC)cc3)ccc21,C(=Cc1ccc2[nH]c3ccccc3c2c1)c1ccccc1,C(=Cc1ccc2[nH]c3ccccc3c2c1)c1ccccc1,True,False
CCOC(=O)c1cc2cc(C(C)=O)cn2cc1-c1ccc(Cl)cc1,c1ccc(-c2ccc3cccn3c2)cc1,c1ccc(-c2ccc3cccn3c2)cc1,False,True
Cn1cc(C=CC(=C(C#N)C#N)c2ccc(N)cc2)c2ccccc21,C=C(C=Cc1c[nH]c2ccccc12)c1ccccc1,C=C(C=Cc1c[nH]c2ccccc12)c1ccccc1,True,False
CC1c2ccccc2-c2cc3[nH]c(-c4ccc([N+](=O)[O-])cc4)nc3cc21,c1ccc(-c2nc3cc4c(cc3[nH]2)-c2ccccc2C4)cc1,c1ccc(-c2nc3cc4c(cc3[nH]2)-c2ccccc2C4)cc1,True,False
CN1C(=CC2=C([O-])C(=Cc3oc4ccccc4[n+]3C)C2=C(C#N)C#N)Sc2ccccc21,C=C1C(C=C2Nc3ccccc3S2)=CC1=Cc1[nH+]c2ccccc2o1,C=C1C(C=C2Nc3ccccc3S2)=CC1=Cc1[nH+]c2ccccc2o1,True,False
CC(=O)Sc1ccc(C#Cc2ccc(-n3c4ccccc4c4ccccc43)cc2)cc1,C(#Cc1ccc(-n2c3ccccc3c3ccccc32)cc1)c1ccccc1,C(#Cc1ccc(-n2c3ccccc3c3ccccc32)cc1)c1ccccc1,True,False
FC1(F)c2cccnc2-c2ncccc21,c1cnc2c(c1)Cc1cccnc1-2,c1cnc2c(c1)Cc1cccnc1-2,True,False
O=c1[nH]c(=O)n([C@H]2C[C@H](O)[C@@H](CO)O2)cc1-c1ncco1,O=c1[nH]c(=O)n([C@H]2CCCO2)cc1-c1ncco1,O=c1[nH]c(=O)n([C@H]2CCCO2)cc1-c1ncco1,True,False
COc1ccc(-c2ncnc3c(-c4ccc(C(F)(F)F)cc4)c(OC)c(OC)cc23)cc1,c1ccc(-c2ncnc3c(-c4ccccc4)cccc23)cc1,c1ccc(-c2ncnc3c(-c4ccccc4)cccc23)cc1,True,False
Oc1ccccc1-c1sc(-c2cccc(Cl)c2)nc1O,c1ccc(-c2cnc(-c3ccccc3)s2)cc1,c1ccc(-c2cnc(-c3ccccc3)s2)cc1,True,False
Cn1c(N)c(N=Nc2nc(-c3cc4ccccc4oc3=O)cs2)c(=O)n(C)c1=O,O=c1[nH]cc(N=Nc2nc(-c3cc4ccccc4oc3=O)cs2)c(=O)[nH]1,O=c1[nH]cc(N=Nc2nc(-c3cc4ccccc4oc3=O)cs2)c(=O)[nH]1,True,False
O=c1nc(-c2ccccc2)nc2[nH]c3ccccc3cc1-2,O=c1nc(-c2ccccc2)nc2[nH]c3ccccc3cc1-2,O=c1nc(-c2ccccc2)nc2[nH]c3ccccc3cc1-2,True,False
COc1ccc(N2c3ccsc3Sc3sccc32)cc1,c1ccc(N2c3ccsc3Sc3sccc32)cc1,c1ccc(N2c3ccsc3Sc3sccc32)cc1,False,True
O=C1c2ccccc2C(=O)c2c1cc(O)c(C(=O)O)c2O,O=C1c2ccccc2C(=O)c2ccccc21,O=C1c2ccccc2C(=O)c2ccccc21,True,False
CN1C(=CC=C2c3cc([N+](=O)[O-])cc([N+](=O)[O-])c3-c3c2cc([N+](=O)[O-])cc3[N+](=O)[O-])C(C)(C)c2ccccc21,C(C=C1c2ccccc2-c2ccccc21)=C1Cc2ccccc2N1,C(C=C1c2ccccc2-c2ccccc21)=C1Cc2ccccc2N1,True,False
c1csc(-c2cc3cccc4c5nc(-c6cccs6)cc6cccc(c(n2)c34)c65)c1,c1csc(-c2cc3cccc4c5nc(-c6cccs6)cc6cccc(c(n2)c34)c65)c1,c1csc(-c2cc3cccc4c5nc(-c6cccs6)cc6cccc(c(n2)c34)c65)c1,True,False
COc1ccc(N=Cc2ccc[nH]2)cc1,C(=Nc1ccccc1)c1ccc[nH]1,C(=Nc1ccccc1)c1ccc[nH]1,True,False
Cc1ccc(Nc2nc(C#N)c(C#N)nc2CC(O)C2=Nc3c(cc(C#N)n3C#N)N(c3ccc(C)cc3)C2C)cc1,c1ccc(Nc2nccnc2CCC2=Nc3[nH]ccc3N(c3ccccc3)C2)cc1,c1ccc(Nc2nccnc2CCC2=Nc3[nH]ccc3N(c3ccccc3)C2)cc1,True,False
CCN(CC)c1ccc(C=C2SC(=S)N(CC(=O)O)C2=O)cc1,O=C1NC(=S)SC1=Cc1ccccc1,O=C1NC(=S)SC1=Cc1ccccc1,True,False
Fc1ccc(-c2nc3c4ccccc4c4ccccc4c3n2-c2ccccc2)cc1,c1ccc(-c2nc3c4ccccc4c4ccccc4c3n2-c2ccccc2)cc1,c1ccc(-c2nc3c4ccccc4c4ccccc4c3n2-c2ccccc2)cc1,False,True
COc1ccc(C=C(C#N)c2cc(OC)c(C(C#N)=Cc3ccc(OC)cc3)cc2OC)cc1,C(=Cc1ccc(C=Cc2ccccc2)cc1)c1ccccc1,C(=Cc1ccc(C=Cc2ccccc2)cc1)c1ccccc1,True,False
c1ccc(-c2ccccn2)nc1,c1ccc(-c2ccccn2)nc1,c1ccc(-c2ccccn2)nc1,True,False
O=C(O)CN(CCN(CCN(CC(=O)O)CC(=O)O)c1ccc2cc(C(=O)O)c(=O)oc2c1)CC(=O)O,O=c1ccc2ccccc2o1,O=c1ccc2ccccc2o1,False,True
c1csc(CN[C@@H]2CCCC[C@H]2NCc2cccs2)c1,c1csc(CN[C@@H]2CCCC[C@H]2NCc2cccs2)c1,c1csc(CN[C@@H]2CCCC[C@H]2NCc2cccs2)c1,True,False
O=S(=O)(O)c1c(N=Nc2c(O)ccc3ccccc23)ccc2ccccc12,c1ccc2cc(N=Nc3cccc4ccccc34)ccc2c1,c1ccc2cc(N=Nc3cccc4ccccc34)ccc2c1,False,True
COc1cc(-n2cc(-c3ccc(-c4ccc(N(c5ccccc5)c5ccccc5)cc4)s3)nn2)c(OC)cc1C=C(C#N)C(=O)O,c1ccc(N(c2ccccc2)c2ccc(-c3ccc(-c4cn(-c5ccccc5)nn4)s3)cc2)cc1,c1ccc(N(c2ccccc2)c2ccc(-c3ccc(-c4cn(-c5ccccc5)nn4)s3)cc2)cc1,False,True
O=C(Nc1ccccc1-c1nc(-c2ccccc2)cs1)NC1(C(F)(F)F)C=CC=CC1,O=C(Nc1ccccc1-c1nc(-c2ccccc2)cs1)NC1C=CC=CC1,O=C(Nc1ccccc1-c1nc(-c2ccccc2)cs1)NC1C=CC=CC1,True,False
COC(=O)CN1C(=O)c2cccc3c(NCc4ccccc4)ccc(c23)C1=O,O=C1NC(=O)c2ccc(NCc3ccccc3)c3cccc1c23,O=C1NC(=O)c2ccc(NCc3ccccc3)c3cccc1c23,True,False
COc1ccc2nc(N=Nc3c(N)nc4c(N=Nc5nc6ccc(OC)cc6s5)c(N)nn4c3N)sc2c1,c1ccc2sc(N=Nc3cnc4c(N=Nc5nc6ccccc6s5)cnn4c3)nc2c1,c1ccc2sc(N=Nc3cnc4c(N=Nc5nc6ccccc6s5)cnn4c3)nc2c1,True,False
CCN(CC)c1ccc(C2(c3ccc(N(CC)CC)cc3)C=Cc3c(ccc4ccccc34)O2)cc1,C1=CC(c2ccccc2)(c2ccccc2)Oc2ccc3ccccc3c21,C1=CC(c2ccccc2)(c2ccccc2)Oc2ccc3ccccc3c21,False,True
COc1cc(C(=O)O)cc(OC)c1O,c1ccccc1,c1ccccc1,False,True
Cc1ccc2c(c1)C(C)(C)C1(C=Cc3c(c(-c4nc(-c5ccccc5)c(-c5ccccc5)o4)cc4ccccc34)O1)N2C,C1=CC2(Cc3ccccc3N2)Oc2c(-c3nc(-c4ccccc4)c(-c4ccccc4)o3)cc3ccccc3c21,C1=CC2(Cc3ccccc3N2)Oc2c(-c3nc(-c4ccccc4)c(-c4ccccc4)o3)cc3ccccc3c21,True,False
COC(=O)[C@H](CC(C)C)NC(=CC(=C1C(=O)N(C)c2ccccc21)c1ccccc1)c1ccccc1,O=C1Nc2ccccc2C1=C(C=Cc1ccccc1)c1ccccc1,O=C1Nc2ccccc2C1=C(C=Cc1ccccc1)c1ccccc1,True,False
O=C(NCCC[Si]12OCCN(CCO1)CCO2)c1cccnc1,O=C(NCCC[Si]12OCCN(CCO1)CCO2)c1cccnc1,O=C(NCCC[Si]12OCCN(CCO1)CCO2)c1cccnc1,True,False
C=CCN1c2ccccc2C(C)(C)C12C=Cc1c(ccc3ncccc13)O2,C1=CC2(Cc3ccccc3N2)Oc2ccc3ncccc3c21,C1=CC2(Cc3ccccc3N2)Oc2ccc3ncccc3c21,True,False
c1ccc(-c2c(-c3nnc(-c4ccc(N(c5ccccc5)c5ccccc5)cc4)o3)ccn3c2nc2ccccc23)cc1,c1ccc(-c2c(-c3nnc(-c4ccc(N(c5ccccc5)c5ccccc5)cc4)o3)ccn3c2nc2ccccc23)cc1,c1ccc(-c2c(-c3nnc(-c4ccc(N(c5ccccc5)c5ccccc5)cc4)o3)ccn3c2nc2ccccc23)cc1,True,False
CC(C)n1c2ccc(-c3ccc(N(c4ccccc4)c4ccccc4)cc3)cc2c2cc(-c3ccc(C=C(C#N)C(=O)O)o3)ccc21,c1ccc(N(c2ccccc2)c2ccc(-c3ccc4[nH]c5ccc(-c6ccco6)cc5c4c3)cc2)cc1,c1ccc(N(c2ccccc2)c2ccc(-c3ccc4[nH]c5ccc(-c6ccco6)cc5c4c3)cc2)cc1,True,False
O=[N+]([O-])c1ccc(C#Cc2ccc(-n3c4ccccc4c4ccccc43)cc2)c2nsnc12,C(#Cc1cccc2nsnc12)c1ccc(-n2c3ccccc3c3ccccc32)cc1,C(#Cc1cccc2nsnc12)c1ccc(-n2c3ccccc3c3ccccc32)cc1,False,True
CC1c2ccccc2-c2cc3nc(-c4ccccc4)c(-c4ccccc4)nc3cc21,c1ccc(-c2nc3cc4c(cc3nc2-c2ccccc2)-c2ccccc2C4)cc1,c1ccc(-c2nc3cc4c(cc3nc2-c2ccccc2)-c2ccccc2C4)cc1,True,False
NCC(=O)N[C@@H](Cc1c[nH]cn1)C(=O)O,c1c[nH]cn1,c1c[nH]cn1,False,True
N#Cc1ccc(Oc2ccc(CO)cc2)cc1C#N,c1ccc(Oc2ccccc2)cc1,c1ccc(Oc2ccccc2)cc1,True,False
O=C(c1ccccc1)c1cc[n+]([O-])cc1,O=C(c1ccccc1)c1cc[nH+]cc1,O=C(c1ccccc1)c1cc[nH+]cc1,True,False
Nc1nc2c(N=Nc3ccccc3)c(N)nn2c(N)c1N=Nc1nccs1,c1ccc(N=Nc2cnn3cc(N=Nc4nccs4)cnc23)cc1,c1ccc(N=Nc2cnn3cc(N=Nc4nccs4)cnc23)cc1,True,False
COc1c(OC)c(-c2ccc(-c3ccc(N(c4ccccc4)c4ccccc4)cc3)o2)c2nc(C)c(C)nc2c1-c1ccc(C=C(C#N)C(=O)O)o1,c1ccc(N(c2ccccc2)c2ccc(-c3ccc(-c4ccc(-c5ccco5)c5nccnc45)o3)cc2)cc1,c1ccc(N(c2ccccc2)c2ccc(-c3ccc(-c4ccc(-c5ccco5)c5nccnc45)o3)cc2)cc1,False,True
COc1cc(-c2cc(-c3cc(OC)c(OC)c(OC)c3)nc(-c3ccccn3)c2)cc(OC)c1OC,c1ccc(-c2cc(-c3ccccc3)nc(-c3ccccn3)c2)cc1,c1ccc(-c2cc(-c3ccccc3)nc(-c3ccccn3)c2)cc1,False,True
O=C1c2c(O)cc(O)cc2O[C@H](c2ccc(O)c(O)c2)[C@H]1O,O=C1C[C@@H](c2ccccc2)Oc2ccccc21,O=C1C[C@@H](c2ccccc2)Oc2ccccc21,True,False
O=C1c2ccccc2-c2ccc(N3CCOCC3)c3cccc1c23,O=C1c2ccccc2-c2ccc(N3CCOCC3)c3cccc1c23,O=C1c2ccccc2-c2ccc(N3CCOCC3)c3cccc1c23,True,False
Nc1nc2c(N=Nc3ccc([N+](=O)[O-])cc3)c(N)nn2c(N)c1N=Nc1ccccc1,c1ccc(N=Nc2cnc3c(N=Nc4ccccc4)cnn3c2)cc1,c1ccc(N=Nc2cnc3c(N=Nc4ccccc4)cnn3c2)cc1,False,True
Cc1ccc(C(=C(C#N)C#N)C(c2ccc(N(C)C)cc2)=c2c(F)c(F)c(=C(C#N)C#N)c(F)c2F)cc1,C=C(C(c1ccccc1)=c1ccc(=C)cc1)c1ccccc1,C=C(C(c1ccccc1)=c1ccc(=C)cc1)c1ccccc1,True,False
O=C(O)c1ccc(N=Cc2cc(N=Nc3ccccc3)ccc2O)cc1,C(=Nc1ccccc1)c1cccc(N=Nc2ccccc2)c1,C(=Nc1ccccc1)c1cccc(N=Nc2ccccc2)c1,False,True
Cc1ccsc1C1=C(c2nc(-c3ccccc3)sc2C)C(F)(F)C(F)(F)C1(F)F,c1ccc(-c2nc(C3=C(c4cccs4)CCC3)cs2)cc1,c1ccc(-c2nc(C3=C(c4cccs4)CCC3)cs2)cc1,True,False
CC(=O)C(N=Nc1ccccc1)C(=O)Nc1ccc(NC(=O)C(N=Nc2ccccc2)C(C)=O)cc1,O=C(CN=Nc1ccccc1)Nc1ccc(NC(=O)CN=Nc2ccccc2)cc1,O=C(CN=Nc1ccccc1)Nc1ccc(NC(=O)CN=Nc2ccccc2)cc1,True,False
c1ccc2c(c1)Cc1c-2ccc2c1oc1ccccc12,c1ccc2c(c1)Cc1c-2ccc2c1oc1ccccc12,c1ccc2c(c1)Cc1c-2ccc2c1oc1ccccc12,True,False
COc1ccc2c(c1)C(C)(C)C1(C=Cc3c(ccc4ncccc34)O1)N2C,C1=CC2(Cc3ccccc3N2)Oc2ccc3ncccc3c21,C1=CC2(Cc3ccccc3N2)Oc2ccc3ncccc3c21,True,False
COc1ccc(C2(C)c3cc(Br)ccc3-c3ccc(Br)cc32)cc1,c1ccc(C2c3ccccc3-c3ccccc32)cc1,c1ccc(C2c3ccccc3-c3ccccc32)cc1,True,False
c1cc(-c2cncc(-n3c4ccccc4c4ccccc43)n2)cc(-n2c3ccccc3c3ccccc32)c1,c1cc(-c2cncc(-n3c4ccccc4c4ccccc43)n2)cc(-n2c3ccccc3c3ccccc32)c1,c1cc(-c2cncc(-n3c4ccccc4c4ccccc43)n2)cc(-n2c3ccccc3c3ccccc32)c1,True,False
N#Cc1ccc(N=Nc2ccc(N)cc2N)cc1,c1ccc(N=Nc2ccccc2)cc1,c1ccc(N=Nc2ccccc2)cc1,False,True
Nc1ccn(C2OC(CO)C(O)C2O)c(=O)n1,O=c1ncccn1C1CCCO1,O=c1ncccn1C1CCCO1,True,False
CN(C)c1ccc2c(c1)Oc1c(ccc3cc(OCc4ccccc4)ccc13)C21OC(=O)c2ccccc21,O=C1OC2(c3ccccc3Oc3c2ccc2cc(OCc4ccccc4)ccc32)c2ccccc21,O=C1OC2(c3ccccc3Oc3c2ccc2cc(OCc4ccccc4)ccc32)c2ccccc21,True,False
Cc1ccc(C2C3=C(CC(C)(C)CC3=O)Oc3ccc4ccc(OCCCNCCNc5ccnc6cc(Cl)ccc56)cc4c32)cc1,O=C1CCCC2=C1C(c1ccccc1)c1c(ccc3ccc(OCCCNCCNc4ccnc5ccccc45)cc13)O2,O=C1CCCC2=C1C(c1ccccc1)c1c(ccc3ccc(OCCCNCCNc4ccnc5ccccc45)cc13)O2,True,False
Cc1ccc(N2CCc3c(C)nc4c(C#N)cnn4c32)cc1,c1ccc(N2CCc3cnc4ccnn4c32)cc1,c1ccc(N2CCc3cnc4ccnn4c32)cc1,False,True
CC(C)C[C@H](CS(C)(=N)=N)C(=O)N[C@H]1Cc2cn(c3ccccc23)CNC1=O,O=C1CCc2cn(c3ccccc23)CN1,O=C1CCc2cn(c3ccccc23)CN1,False,True
c1ccc(C2N=C(c3ccco3)C(c3ccco3)=NC2c2ccccc2)cc1,c1ccc(C2N=C(c3ccco3)C(c3ccco3)=NC2c2ccccc2)cc1,c1ccc(C2N=C(c3ccco3)C(c3ccco3)=NC2c2ccccc2)cc1,True,False
C=Cc1ccc(-c2ccc3c(c2)C(C)(C)c2cc(-c4ccc5c(c4)C(C)c4cc(-c6ccc7c(c6)C(C)(C)c6ccccc6-7)ccc4-5)ccc2-3)cc1,c1ccc(-c2ccc3c(c2)Cc2cc(-c4ccc5c(c4)Cc4cc(-c6ccc7c(c6)Cc6ccccc6-7)ccc4-5)ccc2-3)cc1,c1ccc(-c2ccc3c(c2)Cc2cc(-c4ccc5c(c4)Cc4cc(-c6ccc7c(c6)Cc6ccccc6-7)ccc4-5)ccc2-3)cc1,False,True
COc1ccc(CNc2ncnc3[nH]c(C=Cc4ccc(C(F)(F)F)cc4)nc23)cc1,C(=Cc1nc2c(NCc3ccccc3)ncnc2[nH]1)c1ccccc1,C(=Cc1nc2c(NCc3ccccc3)ncnc2[nH]1)c1ccccc1,True,False
Clc1ccc2[nH]c3ccc(Br)cc3c2c1,c1ccc2c(c1)[nH]c1ccccc12,c1ccc2c(c1)[nH]c1ccccc12,True,False
COc1ccc(-c2cc3c(=O)[nH]c(-c4ccc(OC)cc4)cn3n2)cc1,O=c1[nH]c(-c2ccccc2)cn2nc(-c3ccccc3)cc12,O=c1[nH]c(-c2ccccc2)cn2nc(-c3ccccc3)cc12,False,True
O=C(NN=Cc1ccc([N+](=O)[O-])cc1)c1ccc(Cn2c3ccccc3c3ccccc32)cc1,O=C(NN=Cc1ccccc1)c1ccc(Cn2c3ccccc3c3ccccc32)cc1,O=C(NN=Cc1ccccc1)c1ccc(Cn2c3ccccc3c3ccccc32)cc1,False,True
N#CC(C#N)=Cc1ccc(-c2ccc(N(c3ccccc3)c3ccccc3)cc2)s1,c1ccc(N(c2ccccc2)c2ccc(-c3cccs3)cc2)cc1,c1ccc(N(c2ccccc2)c2ccc(-c3cccs3)cc2)cc1,True,False
c1ccc(-c2c3ccccc3cc3ccccc23)cc1,c1ccc(-c2c3ccccc3cc3ccccc23)cc1,c1ccc(-c2c3ccccc3cc3ccccc23)cc1,True,False
Cn1ccc(-c2cccc(Cl)c2)c1,c1ccc(-c2cc[nH]c2)cc1,c1ccc(-c2cc[nH]c2)cc1,True,False
N#CCC(=O)c1ccc(-c2ccc(-c3ccc(N(c4ccccc4)c4ccccc4)cc3)s2)s1,c1ccc(N(c2ccccc2)c2ccc(-c3ccc(-c4cccs4)s3)cc2)cc1,c1ccc(N(c2ccccc2)c2ccc(-c3ccc(-c4cccs4)s3)cc2)cc1,True,False
N#Cc1nc[nH]c1C#N,c1c[nH]cn1,c1c[nH]cn1,False,True
CCCCOc1cc(-c2ccccc2C#N)c(OC)cc1-c1ccccc1C#N,c1ccc(-c2ccc(-c3ccccc3)cc2)cc1,c1ccc(-c2ccc(-c3ccccc3)cc2)cc1,False,True
Cn1cc(P(=S)(c2ccccc2)c2ccccc2)n(C)c1=S,S=c1[nH]cc(P(=S)(c2ccccc2)c2ccccc2)[nH]1,S=c1[nH]cc(P(=S)(c2ccccc2)c2ccccc2)[nH]1,True,False
O=C1c2ccccc2C(=O)c2c1ccc1nc(-c3ccc(Br)cc3)c(-c3ccc(Br)cc3)nc21,O=C1c2ccccc2C(=O)c2c1ccc1nc(-c3ccccc3)c(-c3ccccc3)nc21,O=C1c2ccccc2C(=O)c2c1ccc1nc(-c3ccccc3)c(-c3ccccc3)nc21,True,False
Cc1cc(C)cc(N2C(=O)c3cccc4cc(N=Cc5ccc(-c6cccs6)s5)cc(c34)C2=O)c1,O=C1c2cccc3cc(N=Cc4ccc(-c5cccs5)s4)cc(c23)C(=O)N1c1ccccc1,O=C1c2cccc3cc(N=Cc4ccc(-c5cccs5)s4)cc(c23)C(=O)N1c1ccccc1,True,False
Oc1ccc(OCc2ccccc2)cc1N=Nc1nccs1,c1ccc(COc2cccc(N=Nc3nccs3)c2)cc1,c1ccc(COc2cccc(N=Nc3nccs3)c2)cc1,True,False
C#CCn1c(-c2cccs2)ccc1-c1cccs1,c1csc(-c2ccc(-c3cccs3)[nH]2)c1,c1csc(-c2ccc(-c3cccs3)[nH]2)c1,True,False
CC(C)(C)c1cccc2c3ccccc3n(-c3ccc(-c4ccc5c(-c6ccccc6)c6ccccc6c(-c6ccccc6)c5c4)cc3)c12,c1ccc(-c2c3ccccc3c(-c3ccccc3)c3cc(-c4ccc(-n5c6ccccc6c6ccccc65)cc4)ccc23)cc1,c1ccc(-c2c3ccccc3c(-c3ccccc3)c3cc(-c4ccc(-n5c6ccccc6c6ccccc65)cc4)ccc23)cc1,True,False
O=S(=O)(O)c1ccc(N=Nc2c(S(=O)(=O)O)cc3cc(S(=O)(=O)O)c(N=Nc4ccc(S(=O)(=O)O)cc4O)c(O)c3c2O)c(O)c1,c1ccc(N=Nc2ccc3ccc(N=Nc4ccccc4)cc3c2)cc1,c1ccc(N=Nc2ccc3ccc(N=Nc4ccccc4)cc3c2)cc1,True,False
Oc1ccccc1C=Nc1nc2ccccc2s1,C(=Nc1nc2ccccc2s1)c1ccccc1,C(=Nc1nc2ccccc2s1)c1ccccc1,True,False
Cn1c(-c2ccc(-c3ccc(C=C(C#N)C(=O)O)s3)s2)nc2c(-c3cccs3)sc(-c3cccs3)c21,c1csc(-c2ccc(-c3nc4c(-c5cccs5)sc(-c5cccs5)c4[nH]3)s2)c1,c1csc(-c2ccc(-c3nc4c(-c5cccs5)sc(-c5cccs5)c4[nH]3)s2)c1,True,False
O=c1[nH]n(-c2ccccc2)c2c1cnc1c2c(-c2ccc(Cl)cc2)nn1-c1ccccc1,O=c1[nH]n(-c2ccccc2)c2c1cnc1c2c(-c2ccccc2)nn1-c1ccccc1,O=c1[nH]n(-c2ccccc2)c2c1cnc1c2c(-c2ccccc2)nn1-c1ccccc1,True,False
Cc1ccccc1Nc1nnc(-c2cnccn2)s1,c1ccc(Nc2nnc(-c3cnccn3)s2)cc1,c1ccc(Nc2nnc(-c3cnccn3)s2)cc1,False,True
Cc1ccc2c(C#N)cc3ccc(Br)cc3c2c1,c1ccc2c(c1)ccc1ccccc12,c1ccc2c(c1)ccc1ccccc12,True,False
c1ccc2[nH]c(N=Nc3nc4ccccc4[nH]3)nc2c1,c1ccc2[nH]c(N=Nc3nc4ccccc4[nH]3)nc2c1,c1ccc2[nH]c(N=Nc3nc4ccccc4[nH]3)nc2c1,True,False
O=C(C(=CC=C(c1ccccc1)c1ccccc1)c1ccccc1)C(F)(F)F,C(=Cc1ccccc1)C=C(c1ccccc1)c1ccccc1,C(=Cc1ccccc1)C=C(c1ccccc1)c1ccccc1,True,False
[O-][n+]1cccc2c1-c1c(ccc[n+]1[O-])C2(F)F,c1c[nH+]c2c(c1)Cc1ccc[nH+]c1-2,c1c[nH+]c2c(c1)Cc1ccc[nH+]c1-2,True,False
CC(=NNC(N)=S)c1ccc(Cl)cc1,c1ccccc1,c1ccccc1,False,True
COC(=O)c1ccc(O)cc1,c1ccccc1,c1ccccc1,False,True
CC(=O)C=C(C)Nc1ccc2oc(=O)ccc2c1,O=c1ccc2ccccc2o1,O=c1ccc2ccccc2o1,False,True
Brc1ccc(-c2nc3c(c4c2-c2ccccc2CC4)-c2ccccc2CC3)cc1,c1ccc(-c2nc3c(c4c2-c2ccccc2CC4)-c2ccccc2CC3)cc1,c1ccc(-c2nc3c(c4c2-c2ccccc2CC4)-c2ccccc2CC3)cc1,True,False
CCCOc1ccc(C2CC(c3ccc(F)cc3)=NN2c2ccc(C)c(C)c2)cc1,c1ccc(C2=NN(c3ccccc3)C(c3ccccc3)C2)cc1,c1ccc(C2=NN(c3ccccc3)C(c3ccccc3)C2)cc1,True,False
CC(=O)NC1=CC(=O)C(=O)c2ccccc21,O=C1C=Cc2ccccc2C1=O,O=C1C=Cc2ccccc2C1=O,True,False
c1ccc(C2CC(c3ccc4c(c3)C3(c5ccccc5-c5ccccc53)c3ccccc3-4)=NN2c2ccccc2)cc1,c1ccc(C2CC(c3ccc4c(c3)C3(c5ccccc5-c5ccccc53)c3ccccc3-4)=NN2c2ccccc2)cc1,c1ccc(C2CC(c3ccc4c(c3)C3(c5ccccc5-c5ccccc53)c3ccccc3-4)=NN2c2ccccc2)cc1,True,False
NC(=O)c1cccnc1,c1ccncc1,c1ccncc1,False,True
CC1c2cc3nc(-c4cccc(F)c4)[nH]c3cc2-c2cc3[nH]c(-c4cccc(F)c4)nc3cc21,c1ccc(-c2nc3cc4c(cc3[nH]2)-c2cc3[nH]c(-c5ccccc5)nc3cc2C4)cc1,c1ccc(-c2nc3cc4c(cc3[nH]2)-c2cc3[nH]c(-c5ccccc5)nc3cc2C4)cc1,True,False
COc1ccc(-c2sc(C=C(C#N)C#N)c3c2OCCO3)cc1,c1ccc(-c2scc3c2OCCO3)cc1,c1ccc(-c2scc3c2OCCO3)cc1,True,False
CCN(CC)c1ccc([N+](=O)[O-])cc1,c1ccccc1,c1ccccc1,False,True
CC1c2cc(C#Cc3ccccc3)ccc2-c2cc3nc4c5cccc6ccc7cccc(c4nc3cc21)c7c65,C(#Cc1ccc2c(c1)Cc1cc3nc4c5cccc6ccc7cccc(c4nc3cc1-2)c7c65)c1ccccc1,C(#Cc1ccc2c(c1)Cc1cc3nc4c5cccc6ccc7cccc(c4nc3cc1-2)c7c65)c1ccccc1,True,False
O=c1ccn([C@@H]2O[C@H](COP(=O)(O)O)[C@@H](O)[C@H]2O)c(=O)[nH]1,O=c1ccn([C@H]2CCCO2)c(=O)[nH]1,O=c1ccn([C@H]2CCCO2)c(=O)[nH]1,True,False
COc1ccc2c(COc3c(C)cc(C)cc3C)cc(=O)oc2c1,O=c1cc(COc2ccccc2)c2ccccc2o1,O=c1cc(COc2ccccc2)c2ccccc2o1,True,False
Cc1nn(-c2ccccc2)c2cc(-c3ccccc3)n3c4ccc(Cl)cc4nc3c12,c1ccc(-c2cc3c(cnn3-c3ccccc3)c3nc4ccccc4n23)cc1,c1ccc(-c2cc3c(cnn3-c3ccccc3)c3nc4ccccc4n23)cc1,False,True
C#Cc1ccc(N(c2ccc(C#C)cc2)c2ccc(C=C3CCc4ccccc4C3=O)cc2)cc1,O=C1C(=Cc2ccc(N(c3ccccc3)c3ccccc3)cc2)CCc2ccccc21,O=C1C(=Cc2ccc(N(c3ccccc3)c3ccccc3)cc2)CCc2ccccc21,True,False
Cc1ccc(-c2ccc(-c3sc(-c4ccc(-c5ccc(C)s5)s4)c(C#N)c3C#N)s2)s1,c1csc(-c2ccc(-c3ccc(-c4ccc(-c5cccs5)s4)s3)s2)c1,c1csc(-c2ccc(-c3ccc(-c4ccc(-c5cccs5)s4)s3)s2)c1,False,True
Cc1cc(O)c(C)c(O)c1[N+](=O)[O-],c1ccccc1,c1ccccc1,False,True
CCOC(=O)c1ccc(C#Cc2ccc(-c3ccc(OC)cc3)s2)cc1,C(#Cc1ccc(-c2ccccc2)s1)c1ccccc1,C(#Cc1ccc(-c2ccccc2)s1)c1ccccc1,True,False
O=C1C(=O)c2c(nc3ccccn23)-c2ccccc21,O=C1C(=O)c2c(nc3ccccn23)-c2ccccc21,O=C1C(=O)c2c(nc3ccccn23)-c2ccccc21,True,False
Nc1ncnc2c1nc(-c1ccco1)n2[C@@H]1O[C@H](CO)[C@@H](O)[C@H]1O,c1coc(-c2nc3cncnc3n2[C@H]2CCCO2)c1,c1coc(-c2nc3cncnc3n2[C@H]2CCCO2)c1,False,True
CCCn1c(-c2cccc([N+](=O)[O-])c2)nc(-c2ccccc2)c1-c1ccccc1,c1ccc(-c2nc(-c3ccccc3)c(-c3ccccc3)[nH]2)cc1,c1ccc(-c2nc(-c3ccccc3)c(-c3ccccc3)[nH]2)cc1,False,True
COC(=O)CN1C(=O)C(=Cc2ccc(N(C)C)cc2)N=C1C,O=C1NC=NC1=Cc1ccccc1,O=C1NC=NC1=Cc1ccccc1,True,False
COc1ccc(-c2nc3ccc4c(c3nc2-c2ccc(OC)cc2)C(=O)c2ccccc2C4=O)cc1,O=C1c2ccccc2C(=O)c2c1ccc1nc(-c3ccccc3)c(-c3ccccc3)nc21,O=C1c2ccccc2C(=O)c2c1ccc1nc(-c3ccccc3)c(-c3ccccc3)nc21,True,False
c1ccc(CCCOc2cc(-c3ccccn3)nc(-c3ccccn3)c2)cc1,c1ccc(CCCOc2cc(-c3ccccn3)nc(-c3ccccn3)c2)cc1,c1ccc(CCCOc2cc(-c3ccccn3)nc(-c3ccccn3)c2)cc1,True,False
COc1ccc(C#Cc2cc3c(C)cc(C)c4ccc5cc(C(C)(C)C)cc2c5c43)cc1,C(#Cc1cc2cccc3ccc4cccc1c4c32)c1ccccc1,C(#Cc1cc2cccc3ccc4cccc1c4c32)c1ccccc1,True,False
Oc1cccc2ccc(-c3ccc(-c4ccccc4)cn3)nc12,c1ccc(-c2ccc(-c3ccc4ccccc4n3)nc2)cc1,c1ccc(-c2ccc(-c3ccc4ccccc4n3)nc2)cc1,False,True
COC(C=Cc1cc2c3c(c1)CCCN3CCC2)=C1C(=O)c2ccccc2C1=O,O=C1C(=CC=Cc2cc3c4c(c2)CCCN4CCC3)C(=O)c2ccccc21,O=C1C(=CC=Cc2cc3c4c(c2)CCCN4CCC3)C(=O)c2ccccc21,False,True
COc1ccc(N(c2ccccc2)c2ccc(C=CC(=O)c3cc(C)sc3C)cc2)cc1,O=C(C=Cc1ccc(N(c2ccccc2)c2ccccc2)cc1)c1ccsc1,O=C(C=Cc1ccc(N(c2ccccc2)c2ccccc2)cc1)c1ccsc1,True,False
Oc1c(Cl)cc2c([nH]c3ccccc32)c1Cl,c1ccc2c(c1)[nH]c1ccccc12,c1ccc2c(c1)[nH]c1ccccc12,True,False
COc1c(C(C#N)=Cc2ccc(-c3nnc(C)o3)cc2)ccc2c(OC)c(C(C#N)=Cc3ccc(-c4nnc(C)o4)cc3)ccc12,C(=Cc1ccc2cc(C=Cc3ccc(-c4nnco4)cc3)ccc2c1)c1ccc(-c2nnco2)cc1,C(=Cc1ccc2cc(C=Cc3ccc(-c4nnco4)cc3)ccc2c1)c1ccc(-c2nnco2)cc1,True,False
CC1(C)c2ccccc2-c2ccc(-n3c4ccccc4c4cc(-c5ccc(C=C6SC(=S)N(CC(=O)O)C6=O)s5)ccc43)cc21,O=C1NC(=S)SC1=Cc1ccc(-c2ccc3c(c2)c2ccccc2n3-c2ccc3c(c2)Cc2ccccc2-3)s1,O=C1NC(=S)SC1=Cc1ccc(-c2ccc3c(c2)c2ccccc2n3-c2ccc3c(c2)Cc2ccccc2-3)s1,True,False
CCN(CC)c1ccc(-c2nc3c(c4c2-c2ccccc2CC4)-c2ccccc2CC3)cc1,c1ccc(-c2nc3c(c4c2-c2ccccc2CC4)-c2ccccc2CC3)cc1,c1ccc(-c2nc3c(c4c2-c2ccccc2CC4)-c2ccccc2CC3)cc1,True,False
CO[Si](CCCSC(=O)c1ccco1)(OC)OC,c1ccoc1,c1ccoc1,True,False
COC(=O)C1=C2C=CC=NN2C(C(=O)OC)C1,C1=CC2=CCCN2N=C1,C1=CC2=CCCN2N=C1,False,True
Nc1c(CO)cc(Nc2cccc(Cl)c2)c2c1C(=O)c1ccccc1C2=O,O=C1c2ccccc2C(=O)c2c(Nc3ccccc3)cccc21,O=C1c2ccccc2C(=O)c2c(Nc3ccccc3)cccc21,False,True
CCOC(=O)c1c(C(=O)OCC)c2cc(-c3ccncc3)ccn2c1C(=O)c1ccc(Br)cc1,O=C(c1ccccc1)c1ccc2cc(-c3ccncc3)ccn12,O=C(c1ccccc1)c1ccc2cc(-c3ccncc3)ccn12,True,False
N#CC(=Cc1ccc2ccc3cccc4ccc1c2c34)c1ccc(C=C2SC(=S)N(CC(=O)O)C2=O)s1,O=C1NC(=S)SC1=Cc1ccc(C=Cc2ccc3ccc4cccc5ccc2c3c45)s1,O=C1NC(=S)SC1=Cc1ccc(C=Cc2ccc3ccc4cccc5ccc2c3c45)s1,False,True
c1ccc2c(c1)c1ccccc1n2-c1cc(-c2cc(-n3cncn3)cc(-n3cncn3)c2)cc(-n2c3ccccc3c3ccccc32)c1,c1ccc2c(c1)c1ccccc1n2-c1cc(-c2cc(-n3cncn3)cc(-n3cncn3)c2)cc(-n2c3ccccc3c3ccccc32)c1,c1ccc2c(c1)c1ccccc1n2-c1cc(-c2cc(-n3cncn3)cc(-n3cncn3)c2)cc(-n2c3ccccc3c3ccccc32)c1,True,False
Oc1ccc(N=Nc2ccc(Oc3ccccc3)cc2)c2cccnc12,c1ccc(Oc2ccc(N=Nc3cccc4ncccc34)cc2)cc1,c1ccc(Oc2ccc(N=Nc3cccc4ncccc34)cc2)cc1,True,False
CCOC(C#Cc1ccc(-c2nnc(-c3ccc(C(C)(C)C)cc3)o2)cc1)OCC,c1ccc(-c2nnc(-c3ccccc3)o2)cc1,c1ccc(-c2nnc(-c3ccccc3)o2)cc1,True,False
c1ccc(-c2nc(-c3ccccc3)nc(-c3ccc(-c4ccc5c(ccn5-c5ccc(-n6c7ccccc7c7ccccc76)cc5)c4)cc3)n2)cc1,c1ccc(-c2nc(-c3ccccc3)nc(-c3ccc(-c4ccc5c(ccn5-c5ccc(-n6c7ccccc7c7ccccc76)cc5)c4)cc3)n2)cc1,c1ccc(-c2nc(-c3ccccc3)nc(-c3ccc(-c4ccc5c(ccn5-c5ccc(-n6c7ccccc7c7ccccc76)cc5)c4)cc3)n2)cc1,True,False
Cc1c(C(N)=O)c(=O)oc2cc3c(cc12)nc(Nc1cccc(Cl)c1)n3Cc1ccccn1,O=c1ccc2cc3nc(Nc4ccccc4)n(Cc4ccccn4)c3cc2o1,O=c1ccc2cc3nc(Nc4ccccc4)n(Cc4ccccn4)c3cc2o1,True,False
C[Si]1(C)C(c2ccc3ccccc3c2)=C(c2ccccc2)C(c2ccccc2)=C1c1ccc2ccccc2c1,c1ccc(C2=C(c3ccc4ccccc4c3)[SiH2]C(c3ccc4ccccc4c3)=C2c2ccccc2)cc1,c1ccc(C2=C(c3ccc4ccccc4c3)[SiH2]C(c3ccc4ccccc4c3)=C2c2ccccc2)cc1,False,True
N#CC(=CC=CC=Cc1ccc(N(CCO)CCO)cc1)C(=O)NC(CO)CO,c1ccccc1,c1ccccc1,False,True
C(=Cc1cc2ccccc2o1)c1cc(C=Cc2cc3ccccc3o2)cc(C=Cc2cc3ccccc3o2)c1,C(=Cc1cc2ccccc2o1)c1cc(C=Cc2cc3ccccc3o2)cc(C=Cc2cc3ccccc3o2)c1,C(=Cc1cc2ccccc2o1)c1cc(C=Cc2cc3ccccc3o2)cc(C=Cc2cc3ccccc3o2)c1,True,False
CC1(C)CC(=O)C2=C(C1)Oc1ccc3ccc(OCCCNCCCNc4ccnc5cc(Cl)ccc45)cc3c1C2c1ccc(Cl)cc1,O=C1CCCC2=C1C(c1ccccc1)c1c(ccc3ccc(OCCCNCCCNc4ccnc5ccccc45)cc13)O2,O=C1CCCC2=C1C(c1ccccc1)c1c(ccc3ccc(OCCCNCCCNc4ccnc5ccccc45)cc13)O2,True,False
Cc1cc(=O)oc2c3c4c(cc12)C(C)(C)CCN4CCC3(C)C,O=c1ccc2cc3c4c(c2o1)CCCN4CCC3,O=c1ccc2cc3c4c(c2o1)CCCN4CCC3,True,False
Nc1ncnc2c1ncn2[C@@H]1O[C@@H]2COP(=O)(O)O[C@H]2[C@H]1O,O=[PH]1OC[C@H]2O[C@@H](n3cnc4cncnc43)C[C@@H]2O1,O=[PH]1OC[C@H]2O[C@@H](n3cnc4cncnc43)C[C@@H]2O1,True,False
c1ccc(-c2[nH]c3ccccc3c2N=Nc2nc3ccccc3s2)cc1,c1ccc(-c2[nH]c3ccccc3c2N=Nc2nc3ccccc3s2)cc1,c1ccc(-c2[nH]c3ccccc3c2N=Nc2nc3ccccc3s2)cc1,True,False
CC(C)(C)c1ccc(-c2nc3ccccc3o2)cc1,c1ccc(-c2nc3ccccc3o2)cc1,c1ccc(-c2nc3ccccc3o2)cc1,True,False
CCOC(=O)c1cc2cc(C(C)=O)cn2cc1-c1cccs1,c1csc(-c2ccc3cccn3c2)c1,c1csc(-c2ccc3cccn3c2)c1,True,False
Cc1ccc(-c2nc3ccccn3c2CO)cc1,c1ccc(-c2cn3ccccc3n2)cc1,c1ccc(-c2cn3ccccc3n2)cc1,True,False
c1ccc(-c2ccc3c(-c4ccc5ccccc5c4)c4ccccc4c(-c4ccccc4)c3c2)cc1,c1ccc(-c2ccc3c(-c4ccc5ccccc5c4)c4ccccc4c(-c4ccccc4)c3c2)cc1,c1ccc(-c2ccc3c(-c4ccc5ccccc5c4)c4ccccc4c(-c4ccccc4)c3c2)cc1,True,False
Clc1ccc(-c2cn3ccc(C=Cc4ccccc4)cc3n2)cc1,C(=Cc1ccn2cc(-c3ccccc3)nc2c1)c1ccccc1,C(=Cc1ccn2cc(-c3ccccc3)nc2c1)c1ccccc1,False,True
COc1cc(C=CC(=O)CC(=O)C=Cc2ccc(O)c(OC)c2)ccc1O,O=C(C=Cc1ccccc1)CC(=O)C=Cc1ccccc1,O=C(C=Cc1ccccc1)CC(=O)C=Cc1ccccc1,True,False
O=c1[nH]c(-c2ccccc2)cn2nc(-c3ccc(Cl)cc3)cc12,O=c1[nH]c(-c2ccccc2)cn2nc(-c3ccccc3)cc12,O=c1[nH]c(-c2ccccc2)cn2nc(-c3ccccc3)cc12,False,True
c1cc2ccc3ccc(-c4ccc5[nH]c6ccc(-c7ccc8ccc9cccc%10ccc7c8c9%10)cc6c5c4)c4ccc(c1)c2c34,c1cc2ccc3ccc(-c4ccc5[nH]c6ccc(-c7ccc8ccc9cccc%10ccc7c8c9%10)cc6c5c4)c4ccc(c1)c2c34,c1cc2ccc3ccc(-c4ccc5[nH]c6ccc(-c7ccc8ccc9cccc%10ccc7c8c9%10)cc6c5c4)c4ccc(c1)c2c34,True,False
Nc1ncnc2c1nc(C=Cc1ccc(C(F)(F)F)cc1)n2C1OC(CO)C(O)C1O,C(=Cc1nc2cncnc2n1C1CCCO1)c1ccccc1,C(=Cc1nc2cncnc2n1C1CCCO1)c1ccccc1,False,True
NN=Cc1c(O)ccc2ccccc12,c1ccc2ccccc2c1,c1ccc2ccccc2c1,True,False
Cc1nc(C)c(C(=O)CC(=O)c2ccc(Cl)cc2)cc1C(=O)CC(=O)c1ccc(Cl)cc1,O=C(CC(=O)c1cncc(C(=O)CC(=O)c2ccccc2)c1)c1ccccc1,O=C(CC(=O)c1cncc(C(=O)CC(=O)c2ccccc2)c1)c1ccccc1,True,False
O=P(c1ccccc1)(c1ccccc1)c1ccc(P(=O)(c2ccccc2)c2ccccc2)nn1,O=P(c1ccccc1)(c1ccccc1)c1ccc(P(=O)(c2ccccc2)c2ccccc2)nn1,O=P(c1ccccc1)(c1ccccc1)c1ccc(P(=O)(c2ccccc2)c2ccccc2)nn1,True,False
CCCn1c2cc(-c3ccc(-c4cccs4)s3)c3cccc4c5cccc6c(-c7ccc(-c8cccs8)s7)cc1c(c65)c2c34,c1csc(-c2ccc(-c3cc4[nH]c5cc(-c6ccc(-c7cccs7)s6)c6cccc7c8cccc3c8c4c5c67)s2)c1,c1csc(-c2ccc(-c3cc4[nH]c5cc(-c6ccc(-c7cccs7)s6)c6cccc7c8cccc3c8c4c5c67)s2)c1,False,True
Nc1c(Br)ccc2c1C(=O)c1ccccc1C2=O,O=C1c2ccccc2C(=O)c2ccccc21,O=C1c2ccccc2C(=O)c2ccccc21,True,False
O=C1C(O)=C(C(Nc2ccc([N+](=O)[O-])cc2Cl)c2ccc([N+](=O)[O-])cc2)C(=O)c2ccccc21,O=C1C=C(C(Nc2ccccc2)c2ccccc2)C(=O)c2ccccc21,O=C1C=C(C(Nc2ccccc2)c2ccccc2)C(=O)c2ccccc21,False,True
Cc1ccc2c(c1)[n+]([O-])c1c(=O)nc(-c3ccccc3)nc-1n2C,O=c1nc(-c2ccccc2)nc2[nH]c3ccccc3[nH+]c1-2,O=c1nc(-c2ccccc2)nc2[nH]c3ccccc3[nH+]c1-2,True,False
c1ccc(N(c2ccccc2)c2csc(-c3cc(-c4cccnc4)nc(-c4cccnc4)c3)c2)cc1,c1ccc(N(c2ccccc2)c2csc(-c3cc(-c4cccnc4)nc(-c4cccnc4)c3)c2)cc1,c1ccc(N(c2ccccc2)c2csc(-c3cc(-c4cccnc4)nc(-c4cccnc4)c3)c2)cc1,False,True
O=C1C(=O)N(Br)c2ccccc21,O=C1Nc2ccccc2C1=O,O=C1Nc2ccccc2C1=O,True,False
CN(C)c1ccc(C(=C(C#N)C#N)C(=C(C#N)C#N)c2ccc(N(C)C)cc2)cc1,C=C(C(=C)c1ccccc1)c1ccccc1,C=C(C(=C)c1ccccc1)c1ccccc1,True,False
C#Cc1ccc2c(c1)Cc1ccccc1-2,c1ccc2c(c1)Cc1ccccc1-2,c1ccc2c(c1)Cc1ccccc1-2,True,False
Cc1cc(=O)[nH]c(C(=NNc2cccc([N+](=O)[O-])c2)C(=O)c2ccccc2)n1,O=C(C(=NNc1ccccc1)c1nccc(=O)[nH]1)c1ccccc1,O=C(C(=NNc1ccccc1)c1nccc(=O)[nH]1)c1ccccc1,False,True
O=c1[nH]c(-c2c(Cl)cccc2Cl)nc2ccccc12,O=c1[nH]c(-c2ccccc2)nc2ccccc12,O=c1[nH]c(-c2ccccc2)nc2ccccc12,True,False
C(=Cc1ccc(-n2cncn2)cc1)c1ccc(-c2ccnc(-c3cccc(-c4ccccc4)n3)c2)cc1,C(=Cc1ccc(-n2cncn2)cc1)c1ccc(-c2ccnc(-c3cccc(-c4ccccc4)n3)c2)cc1,C(=Cc1ccc(-n2cncn2)cc1)c1ccc(-c2ccnc(-c3cccc(-c4ccccc4)n3)c2)cc1,True,False
Cc1cccc(-c2cccc(-c3ccccn3)n2)c1,c1ccc(-c2cccc(-c3ccccn3)n2)cc1,c1ccc(-c2cccc(-c3ccccn3)n2)cc1,True,False
CN1C(=O)C(c2ccc3ccccc3c2)=C(c2c[nH]c3ccccc23)C1=O,O=C1NC(=O)C(c2c[nH]c3ccccc23)=C1c1ccc2ccccc2c1,O=C1NC(=O)C(c2c[nH]c3ccccc23)=C1c1ccc2ccccc2c1,False,True
O=Cc1cc2ccccc2c(CN2CCOCCOCCOCCOCC2)c1O,c1ccc2c(CN3CCOCCOCCOCCOCC3)cccc2c1,c1ccc2c(CN3CCOCCOCCOCCOCC3)cccc2c1,True,False
Clc1ccc(C=Cc2ccc(-c3nnc(-c4c5ccccc5cc5ccccc45)o3)cc2)cc1,C(=Cc1ccc(-c2nnc(-c3c4ccccc4cc4ccccc34)o2)cc1)c1ccccc1,C(=Cc1ccc(-c2nnc(-c3c4ccccc4cc4ccccc34)o2)cc1)c1ccccc1,True,False
COc1ccc(-c2nc3c4ccccc4c4ccccc4c3n2-c2cc(C)cc(C)c2)c2ccccc12,c1ccc(-n2c(-c3cccc4ccccc34)nc3c4ccccc4c4ccccc4c32)cc1,c1ccc(-n2c(-c3cccc4ccccc34)nc3c4ccccc4c4ccccc4c32)cc1,False,True
O=C(O)c1ccccc1N=Nc1c(-c2ccccc2)nn(-c2ccccc2)c1Nc1nc(Cl)nc(Cl)n1,c1ccc(N=Nc2c(-c3ccccc3)nn(-c3ccccc3)c2Nc2ncncn2)cc1,c1ccc(N=Nc2c(-c3ccccc3)nn(-c3ccccc3)c2Nc2ncncn2)cc1,True,False
Nc1nc2c(N=Nc3ccccc3Cl)c(N)nn2c(N)c1N=Nc1nccs1,c1ccc(N=Nc2cnn3cc(N=Nc4nccs4)cnc23)cc1,c1ccc(N=Nc2cnn3cc(N=Nc4nccs4)cnc23)cc1,True,False
N#Cc1cc2c3c(c1)c(=O)c(=O)c1cc(C#N)cc(c1-3)c(=O)c2=O,O=c1c(=O)c2cccc3c2-c2c1cccc2c(=O)c3=O,O=c1c(=O)c2cccc3c2-c2c1cccc2c(=O)c3=O,True,False
COc1ccc(CCn2c(Nc3cc(Cl)cc(Cl)c3)nc3cc4c(C)c(C(N)=O)c(=O)oc4cc32)cc1,O=c1ccc2cc3nc(Nc4ccccc4)n(CCc4ccccc4)c3cc2o1,O=c1ccc2cc3nc(Nc4ccccc4)n(CCc4ccccc4)c3cc2o1,True,False
CN(C)c1ccc(-c2nc(-c3ccc(C#Cc4ccc([N+](=O)[O-])cc4)cc3)[nH]c2-c2ccc(N(C)C)cc2)cc1,C(#Cc1ccc(-c2nc(-c3ccccc3)c(-c3ccccc3)[nH]2)cc1)c1ccccc1,C(#Cc1ccc(-c2nc(-c3ccccc3)c(-c3ccccc3)[nH]2)cc1)c1ccccc1,True,False
Oc1c(-c2nc3ccccc3s2)cc(-c2nc3ccccc3s2)cc1-c1nc2ccccc2s1,c1ccc2sc(-c3cc(-c4nc5ccccc5s4)cc(-c4nc5ccccc5s4)c3)nc2c1,c1ccc2sc(-c3cc(-c4nc5ccccc5s4)cc(-c4nc5ccccc5s4)c3)nc2c1,False,True
O=c1c2c(O)ccc(O)c2c(=O)c2c1c(F)c(F)c1oc3ccccc3[nH]c12,O=c1c2ccccc2c(=O)c2c1ccc1oc3ccccc3[nH]c12,O=c1c2ccccc2c(=O)c2c1ccc1oc3ccccc3[nH]c12,True,False
Cc1cc(=O)oc2cc(N)c(N)cc12,O=c1ccc2ccccc2o1,O=c1ccc2ccccc2o1,False,True
O=C1OC(OCc2ccccc2)C(Nc2ccc(F)cc2)=C1Br,O=C1C=C(Nc2ccccc2)C(OCc2ccccc2)O1,O=C1C=C(Nc2ccccc2)C(OCc2ccccc2)O1,False,True
CN(C)c1ccc(C#Cc2ccc(C(=O)O)cc2)cc1,C(#Cc1ccccc1)c1ccccc1,C(#Cc1ccccc1)c1ccccc1,True,False
Cc1ccc(C(C)C)c(O)c1,c1ccccc1,c1ccccc1,False,True
CC(=O)c1c(C)nc2nc(C#N)c(C#N)[nH]c1-2,c1c[nH]c2ccnc-2n1,c1c[nH]c2ccnc-2n1,True,False
COc1ccc(-n2ccc3c(-c4ccccc4)nc(-c4ccc(-c5ccccc5)cc4)nc32)cc1,c1ccc(-c2ccc(-c3nc(-c4ccccc4)c4ccn(-c5ccccc5)c4n3)cc2)cc1,c1ccc(-c2ccc(-c3nc(-c4ccccc4)c4ccn(-c5ccccc5)c4n3)cc2)cc1,True,False
c1ccc(-c2c3ccccc3c(-c3cccc(-c4c5ccccc5c(-c5ccccc5)c5ccccc45)n3)c3ccccc23)cc1,c1ccc(-c2c3ccccc3c(-c3cccc(-c4c5ccccc5c(-c5ccccc5)c5ccccc45)n3)c3ccccc23)cc1,c1ccc(-c2c3ccccc3c(-c3cccc(-c4c5ccccc5c(-c5ccccc5)c5ccccc45)n3)c3ccccc23)cc1,False,True
OCc1ccccn1,c1ccncc1,c1ccncc1,False,True
Cc1ccc(Cn2c(C=Cc3ccccc3)nc(-c3ccco3)c2-c2ccco2)cc1,C(=Cc1nc(-c2ccco2)c(-c2ccco2)n1Cc1ccccc1)c1ccccc1,C(=Cc1nc(-c2ccco2)c(-c2ccco2)n1Cc1ccccc1)c1ccccc1,True,False
N#Cc1cccc2c(Br)n[nH]c12,c1ccc2[nH]ncc2c1,c1ccc2[nH]ncc2c1,True,False
O=c1[nH]c(-c2ccccc2)cn2nc(-c3ccccc3)cc12,O=c1[nH]c(-c2ccccc2)cn2nc(-c3ccccc3)cc12,O=c1[nH]c(-c2ccccc2)cn2nc(-c3ccccc3)cc12,False,True
C=CCN1c2ccc(C(F)(F)F)cc2C(C)(C)C12CCc1cc([N+](=O)[O-])ccc1O2,c1ccc2c(c1)CC1(CCc3ccccc3O1)N2,c1ccc2c(c1)CC1(CCc3ccccc3O1)N2,True,False
CN1C(=CC=C2C(=C(C#N)C#N)C(=Cc3ccc(-c4cc5ccccc5s4)s3)c3ccccc32)C(C)(C)c2ccccc21,C=C1C(=CC=C2Cc3ccccc3N2)c2ccccc2C1=Cc1ccc(-c2cc3ccccc3s2)s1,C=C1C(=CC=C2Cc3ccccc3N2)c2ccccc2C1=Cc1ccc(-c2cc3ccccc3s2)s1,True,False
N#Cc1c(N)nc(N)c(C#N)c1-c1c2ccccc2cc2ccccc12,c1ccc2c(-c3ccncc3)c3ccccc3cc2c1,c1ccc2c(-c3ccncc3)c3ccccc3cc2c1,False,True
COc1nc(Nc2ccc3c4cccc5cccc(c6cccc2c63)c54)nc(OC)n1,c1cc2cccc3c4ccc(Nc5ncncn5)c5cccc(c(c1)c23)c54,c1cc2cccc3c4ccc(Nc5ncncn5)c5cccc(c(c1)c23)c54,False,True
COc1ccc(C(=O)Oc2ccc(-c3ccc(O)cc3)cc2)cc1,O=C(Oc1ccc(-c2ccccc2)cc1)c1ccccc1,O=C(Oc1ccc(-c2ccccc2)cc1)c1ccccc1,True,False
CCN(CC)c1ccc2c(COC(=O)[C@H](CC(=O)O)NC(=O)OCC3c4ccccc4-c4ccccc43)cc(=O)oc2c1,O=C(CNC(=O)OCC1c2ccccc2-c2ccccc21)OCc1cc(=O)oc2ccccc12,O=C(CNC(=O)OCC1c2ccccc2-c2ccccc21)OCc1cc(=O)oc2ccccc12,False,True
CCn1c2ccc(-c3cccs3)cc2c2cc(-c3cccs3)ccc21,c1csc(-c2ccc3[nH]c4ccc(-c5cccs5)cc4c3c2)c1,c1csc(-c2ccc3[nH]c4ccc(-c5cccs5)cc4c3c2)c1,True,False
O=C1c2cccc([N+](=O)[O-])c2C(=O)c2cccc([N+](=O)[O-])c21,O=C1c2ccccc2C(=O)c2ccccc21,O=C1c2ccccc2C(=O)c2ccccc21,True,False
COc1ccc(-c2sc(-c3cccs3)c3cc4ccccc4cc23)cc1OC,c1ccc(-c2sc(-c3cccs3)c3cc4ccccc4cc23)cc1,c1ccc(-c2sc(-c3cccs3)c3cc4ccccc4cc23)cc1,True,False
Cc1c(-c2nnc(-c3ccco3)o2)sc2sc(-c3nnc(-c4ccco4)o3)c(C)c12,c1coc(-c2nnc(-c3cc4cc(-c5nnc(-c6ccco6)o5)sc4s3)o2)c1,c1coc(-c2nnc(-c3cc4cc(-c5nnc(-c6ccco6)o5)sc4s3)o2)c1,False,True
OB(O)c1ccccc1,c1ccccc1,c1ccccc1,False,True
Cn1c2cc(-n3c4ccccc4c4ccccc43)ccc2c2ccc(-n3c4ccccc4c4ccccc43)cc21,c1ccc2c(c1)c1ccccc1n2-c1ccc2c(c1)[nH]c1cc(-n3c4ccccc4c4ccccc43)ccc12,c1ccc2c(c1)c1ccccc1n2-c1ccc2c(c1)[nH]c1cc(-n3c4ccccc4c4ccccc43)ccc12,True,False
Cc1ccc(-c2nc3cc4c(cc3[nH]2)-c2cc3[nH]c(-c5ccc(C)o5)nc3cc2C4C)o1,c1coc(-c2nc3cc4c(cc3[nH]2)-c2cc3[nH]c(-c5ccco5)nc3cc2C4)c1,c1coc(-c2nc3cc4c(cc3[nH]2)-c2cc3[nH]c(-c5ccco5)nc3cc2C4)c1,True,False
COc1ccccc1C=Cc1ccc(-c2nnc(-c3c4ccccc4cc4ccccc34)o2)cc1,C(=Cc1ccc(-c2nnc(-c3c4ccccc4cc4ccccc34)o2)cc1)c1ccccc1,C(=Cc1ccc(-c2nnc(-c3c4ccccc4cc4ccccc34)o2)cc1)c1ccccc1,True,False
O=[N+]([O-])c1ccc(S(=O)(=O)c2cnc(N=Nc3ccc(O)c4ncccc34)s2)cc1,O=S(=O)(c1ccccc1)c1cnc(N=Nc2cccc3ncccc23)s1,O=S(=O)(c1ccccc1)c1cnc(N=Nc2cccc3ncccc23)s1,True,False
CC(C)c1ccc(C=Cc2ccc3c4c(ccc3c2)OC(c2ccccc2)(c2ccccc2)C4=C=C(c2ccccc2)c2ccccc2)cc1,C(=C(c1ccccc1)c1ccccc1)=C1c2c(ccc3cc(C=Cc4ccccc4)ccc23)OC1(c1ccccc1)c1ccccc1,C(=C(c1ccccc1)c1ccccc1)=C1c2c(ccc3cc(C=Cc4ccccc4)ccc23)OC1(c1ccccc1)c1ccccc1,True,False
COC(=O)c1c(C(=O)OC)c2ccc(C=Cc3cccc4ccccc34)nn2c1C(=O)OC,C(=Cc1cccc2ccccc12)c1ccc2cccn2n1,C(=Cc1cccc2ccccc12)c1ccc2cccn2n1,True,False
CC1c2cc3nc(-c4ccc(Cl)cc4)[nH]c3cc2-c2cc3[nH]c(-c4ccc(Cl)cc4)nc3cc21,c1ccc(-c2nc3cc4c(cc3[nH]2)-c2cc3[nH]c(-c5ccccc5)nc3cc2C4)cc1,c1ccc(-c2nc3cc4c(cc3[nH]2)-c2cc3[nH]c(-c5ccccc5)nc3cc2C4)cc1,True,False
CCOC(=O)c1c(O)c(N=Nc2ccc(Cl)cc2)c2ccccc2c1O,c1ccc(N=Nc2cccc3ccccc23)cc1,c1ccc(N=Nc2cccc3ccccc23)cc1,True,False
Brc1ccc2[nH]c3ccc(Br)cc3c2c1,c1ccc2c(c1)[nH]c1ccccc12,c1ccc2c(c1)[nH]c1ccccc12,True,False
CCN(CC)c1ccc2cc(C#N)c(=NC(=O)Nc3cccc(OC)c3)oc2c1,O=C(N=c1ccc2ccccc2o1)Nc1ccccc1,O=C(N=c1ccc2ccccc2o1)Nc1ccccc1,True,False
Cc1ccc(N=Nc2c(C)nn3c(N=Nc4ccccc4)c(-c4ccccc4)[nH]c23)cc1,c1ccc(N=Nc2cnn3c(N=Nc4ccccc4)c(-c4ccccc4)[nH]c23)cc1,c1ccc(N=Nc2cnn3c(N=Nc4ccccc4)c(-c4ccccc4)[nH]c23)cc1,True,False
C#Cn1cccc1-c1cccs1,c1c[nH]c(-c2cccs2)c1,c1c[nH]c(-c2cccs2)c1,True,False
Cc1ccc(-c2cc(-c3ccc(-c4ccc5c(c4)c4ccccc4n5-c4ccccc4)cc3)nc(-c3ccccc3)c2C#N)cc1,c1ccc(-c2cc(-c3ccccc3)nc(-c3ccc(-c4ccc5c(c4)c4ccccc4n5-c4ccccc4)cc3)c2)cc1,c1ccc(-c2cc(-c3ccccc3)nc(-c3ccc(-c4ccc5c(c4)c4ccccc4n5-c4ccccc4)cc3)c2)cc1,True,False
[N-]=[N+]=C1C=CC=c2ccc3c(c21)C=c1ccccc1=3,[N+]=C1C=CC=c2ccc3c(c21)C=c1ccccc1=3,[N+]=C1C=CC=c2ccc3c(c21)C=c1ccccc1=3,True,False
Cc1ccccc1C,c1ccccc1,c1ccccc1,False,True
O=C1C(=C2Nc3ccccc3C2=O)Nc2ccccc21,O=C1C(=C2Nc3ccccc3C2=O)Nc2ccccc21,O=C1C(=C2Nc3ccccc3C2=O)Nc2ccccc21,True,False
O=C(O)COc1ccc(N=Nc2ccccc2)cc1,c1ccc(N=Nc2ccccc2)cc1,c1ccc(N=Nc2ccccc2)cc1,False,True
c1ccc2oc(-c3ccc(-c4nc5ccccc5o4)c4ccccc34)nc2c1,c1ccc2oc(-c3ccc(-c4nc5ccccc5o4)c4ccccc34)nc2c1,c1ccc2oc(-c3ccc(-c4nc5ccccc5o4)c4ccccc34)nc2c1,True,False
Oc1ccc(-n2cccc2)cc1,c1ccc(-n2cccc2)cc1,c1ccc(-n2cccc2)cc1,True,False
COc1ccc(-c2c3ccccc3c(-c3ccc(OC)cc3)c3cc(Cl)ccc23)cc1,c1ccc(-c2c3ccccc3c(-c3ccccc3)c3ccccc23)cc1,c1ccc(-c2c3ccccc3c(-c3ccccc3)c3ccccc23)cc1,True,False
c1ccc2nc3c(nc2c1)Sc1nc2ccccc2nc1S3,c1ccc2nc3c(nc2c1)Sc1nc2ccccc2nc1S3,c1ccc2nc3c(nc2c1)Sc1nc2ccccc2nc1S3,True,False
CCn1cc(C=CC(=C(C#N)C#N)c2ccccc2)c2ccccc21,C=C(C=Cc1c[nH]c2ccccc12)c1ccccc1,C=C(C=Cc1c[nH]c2ccccc12)c1ccccc1,True,False
COc1ccc2nc3cc(Cl)ccc3c(NCCN3CCNCC3)c2c1,c1ccc2c(NCCN3CCNCC3)c3ccccc3nc2c1,c1ccc2c(NCCN3CCNCC3)c3ccccc3nc2c1,True,False
Cc1c(-c2nnc(-c3ccc4ccccc4c3)o2)sc2sc(-c3nnc(-c4ccc5ccccc5c4)o3)c(C)c12,c1ccc2cc(-c3nnc(-c4cc5cc(-c6nnc(-c7ccc8ccccc8c7)o6)sc5s4)o3)ccc2c1,c1ccc2cc(-c3nnc(-c4cc5cc(-c6nnc(-c7ccc8ccccc8c7)o6)sc5s4)o3)ccc2c1,True,False
Cc1ccc(NC(C2=C(O)C(=O)c3ccccc3C2=O)c2cccc([N+](=O)[O-])c2)cc1,O=C1C=C(C(Nc2ccccc2)c2ccccc2)C(=O)c2ccccc21,O=C1C=C(C(Nc2ccccc2)c2ccccc2)C(=O)c2ccccc21,False,True
NCCN1C2(c3ccc(N4CCOCC4)cc3Oc3cc(N4CCOCC4)ccc32)c2ccccc2S1(=O)=O,O=S1(=O)NC2(c3ccc(N4CCOCC4)cc3Oc3cc(N4CCOCC4)ccc32)c2ccccc21,O=S1(=O)NC2(c3ccc(N4CCOCC4)cc3Oc3cc(N4CCOCC4)ccc32)c2ccccc21,True,False
c1ccc(Nc2ccccc2)cc1,c1ccc(Nc2ccccc2)cc1,c1ccc(Nc2ccccc2)cc1,True,False
CC1=NC(=Cc2ccc(O)cc2)C(=O)N1Cc1ccccc1,O=C1C(=Cc2ccccc2)N=CN1Cc1ccccc1,O=C1C(=Cc2ccccc2)N=CN1Cc1ccccc1,False,True
c1ccc(-c2nc3c(-c4ccccc4)sc(-c4ccccc4)c3nc2-c2ccccc2)cc1,c1ccc(-c2nc3c(-c4ccccc4)sc(-c4ccccc4)c3nc2-c2ccccc2)cc1,c1ccc(-c2nc3c(-c4ccccc4)sc(-c4ccccc4)c3nc2-c2ccccc2)cc1,True,False
O=C1OC(c2ccccc2)=NC1=Cc1ccco1,O=C1OC(c2ccccc2)=NC1=Cc1ccco1,O=C1OC(c2ccccc2)=NC1=Cc1ccco1,True,False
c1ccc2c(c1)C1c3ccccc3C2c2ccccc21,c1ccc2c(c1)C1c3ccccc3C2c2ccccc21,c1ccc2c(c1)C1c3ccccc3C2c2ccccc21,True,False
Oc1ccccc1C=Nc1ccccc1,C(=Nc1ccccc1)c1ccccc1,C(=Nc1ccccc1)c1ccccc1,False,True
Cc1nn2c(N=Nc3ccccc3)c(-c3ccccc3)[nH]c2c1N=Nc1cccc([N+](=O)[O-])c1,c1ccc(N=Nc2cnn3c(N=Nc4ccccc4)c(-c4ccccc4)[nH]c23)cc1,c1ccc(N=Nc2cnn3c(N=Nc4ccccc4)c(-c4ccccc4)[nH]c23)cc1,True,False
Nc1nc2c(N=Nc3nccs3)c(N)nn2c(N)c1N=Nc1ccccc1,c1ccc(N=Nc2cnc3c(N=Nc4nccs4)cnn3c2)cc1,c1ccc(N=Nc2cnc3c(N=Nc4nccs4)cnn3c2)cc1,False,True
COc1cc2c(cc1C=C(c1ccccc1)c1ccccc1)c1cc(C=C(c3ccccc3)c3ccccc3)ccc1n2C,C(=C(c1ccccc1)c1ccccc1)c1ccc2[nH]c3ccc(C=C(c4ccccc4)c4ccccc4)cc3c2c1,C(=C(c1ccccc1)c1ccccc1)c1ccc2[nH]c3ccc(C=C(c4ccccc4)c4ccccc4)cc3c2c1,True,False
COc1ccc(NC2=C(Br)C(=O)OC2OC)cc1,O=C1C=C(Nc2ccccc2)CO1,O=C1C=C(Nc2ccccc2)CO1,True,False
O=c1ccc2cc(N=Cc3ccc(-c4ccc(Cl)cc4[N+](=O)[O-])o3)ccc2o1,O=c1ccc2cc(N=Cc3ccc(-c4ccccc4)o3)ccc2o1,O=c1ccc2cc(N=Cc3ccc(-c4ccccc4)o3)ccc2o1,False,True
CC(C)(C)c1ccc(-c2nnc(-c3ccc(C4=Cc5ccccc5C4)cc3)o2)cc1,C1=C(c2ccc(-c3nnc(-c4ccccc4)o3)cc2)Cc2ccccc21,C1=C(c2ccc(-c3nnc(-c4ccccc4)o3)cc2)Cc2ccccc21,False,True
N#Cc1c(N)nc(N)c(C#N)c1-c1ccccc1F,c1ccc(-c2ccncc2)cc1,c1ccc(-c2ccncc2)cc1,True,False
C=Cc1ccnc(-c2ccc(-c3ccc4c(c3)c3cc(-c5ccc(-c6cc(C=C)ccn6)s5)ccc3n4C)s2)c1,c1ccc(-c2ccc(-c3ccc4[nH]c5ccc(-c6ccc(-c7ccccn7)s6)cc5c4c3)s2)nc1,c1ccc(-c2ccc(-c3ccc4[nH]c5ccc(-c6ccc(-c7ccccn7)s6)cc5c4c3)s2)nc1,True,False
CN(C)c1ccc(-c2nc(-c3ccc(C=Cc4ccc(C#N)cc4)cc3)[nH]c2-c2ccc(N(C)C)cc2)cc1,C(=Cc1ccc(-c2nc(-c3ccccc3)c(-c3ccccc3)[nH]2)cc1)c1ccccc1,C(=Cc1ccc(-c2nc(-c3ccccc3)c(-c3ccccc3)[nH]2)cc1)c1ccccc1,True,False
O=Cc1ccc(-c2sc(-c3csc4ccccc34)c3ccccc23)s1,c1csc(-c2sc(-c3csc4ccccc34)c3ccccc23)c1,c1csc(-c2sc(-c3csc4ccccc34)c3ccccc23)c1,False,True
Cn1c2c3ccccc3nc-2cc2ccccc21,c1ccc2[nH]c3c4ccccc4nc-3cc2c1,c1ccc2[nH]c3c4ccccc4nc-3cc2c1,True,False
COc1cc(C=C2N=C(C)N(C)C2=O)ccc1O,O=C1NC=NC1=Cc1ccccc1,O=C1NC=NC1=Cc1ccccc1,True,False
CN(C)c1ccc(C=Cc2nc(C#N)c(C#N)n2C)cc1,C(=Cc1ncc[nH]1)c1ccccc1,C(=Cc1ncc[nH]1)c1ccccc1,True,False
N#Cc1c(N)nc(N)c(C#N)c1-c1c(F)cccc1Cl,c1ccc(-c2ccncc2)cc1,c1ccc(-c2ccncc2)cc1,True,False
COC(=O)c1ccc(-c2ccc(-c3ccc(OC)cc3)cn2)nc1,c1ccc(-c2ccc(-c3ccccn3)nc2)cc1,c1ccc(-c2ccc(-c3ccccn3)nc2)cc1,True,False
CC1(C)CC(=O)C2=C(C1)Oc1ccc3ccc(OCCCNCCNc4ccnc5cc(Cl)ccc45)cc3c1C2c1ccc(Cl)cc1,O=C1CCCC2=C1C(c1ccccc1)c1c(ccc3ccc(OCCCNCCNc4ccnc5ccccc45)cc13)O2,O=C1CCCC2=C1C(c1ccccc1)c1c(ccc3ccc(OCCCNCCNc4ccnc5ccccc45)cc13)O2,True,False
O=c1n([C@H]2C[C@H](O)[C@@H](CO)O2)ccc2nccn12,O=c1n([C@H]2CCCO2)ccc2nccn12,O=c1n([C@H]2CCCO2)ccc2nccn12,True,False
CC(C)(C)c1ccc(-c2sc(-c3ccc(C(C)(C)C)cc3)c3[nH]c(-c4ccc(-c5ccc(C=C(C#N)C(=O)O)cc5)cc4)nc23)cc1,c1ccc(-c2ccc(-c3nc4c(-c5ccccc5)sc(-c5ccccc5)c4[nH]3)cc2)cc1,c1ccc(-c2ccc(-c3nc4c(-c5ccccc5)sc(-c5ccccc5)c4[nH]3)cc2)cc1,True,False
CCN(CC)c1ccc(C=Cc2ccc(C=Cc3ccc(B(c4c(C)cc(C)cc4C)c4c(C)cc(C)cc4C)cc3)cc2)cc1,C(=Cc1ccc(C=Cc2ccc(B(c3ccccc3)c3ccccc3)cc2)cc1)c1ccccc1,C(=Cc1ccc(C=Cc2ccc(B(c3ccccc3)c3ccccc3)cc2)cc1)c1ccccc1,True,False
CCCOC(=O)C(=Cc1ccccc1)OC,c1ccccc1,c1ccccc1,False,True
Oc1ccc(N=Nc2nc3ccccc3[nH]2)c2cccnc12,c1ccc2[nH]c(N=Nc3cccc4ncccc34)nc2c1,c1ccc2[nH]c(N=Nc3cccc4ncccc34)nc2c1,False,True
c1ccc(N(c2ccccc2)c2ccc(-c3nc4ccccc4s3)cc2)cc1,c1ccc(N(c2ccccc2)c2ccc(-c3nc4ccccc4s3)cc2)cc1,c1ccc(N(c2ccccc2)c2ccc(-c3nc4ccccc4s3)cc2)cc1,True,False
CCCn1c(Nc2c(C)cccc2C)nc2cc3c(C)c(C(N)=O)c(=O)oc3cc21,O=c1ccc2cc3nc(Nc4ccccc4)[nH]c3cc2o1,O=c1ccc2cc3nc(Nc4ccccc4)[nH]c3cc2o1,False,True
Oc1ccccc1N=Cc1ccc[nH]1,C(=Nc1ccccc1)c1ccc[nH]1,C(=Nc1ccccc1)c1ccc[nH]1,True,False
CN1C(=O)C2=C(c3ccc(Br)s3)N(C)C(=O)C2=C1c1ccccc1,O=C1NC(c2cccs2)=C2C(=O)NC(c3ccccc3)=C12,O=C1NC(c2cccs2)=C2C(=O)NC(c3ccccc3)=C12,True,False
COC(=O)CN1C(=O)c2cccc3c(Nc4cnccn4)ccc(c23)C1=O,O=C1NC(=O)c2ccc(Nc3cnccn3)c3cccc1c23,O=C1NC(=O)c2ccc(Nc3cnccn3)c3cccc1c23,False,True
CCOC(=O)C1=C(c2ccccc2)NC(=O)C1=CC1=CCC(=C=O)C=C1,C=C1C=CC(C=C2C=C(c3ccccc3)NC2=O)=CC1,C=C1C=CC(C=C2C=C(c3ccccc3)NC2=O)=CC1,True,False
Cc1nc2c(C#N)cnn2c2c1CCN2c1ccc(Br)cc1,c1ccc(N2CCc3cnc4ccnn4c32)cc1,c1ccc(N2CCc3cnc4ccnn4c32)cc1,False,True
COc1ccc(-n2c(N=Nc3nc4ccccc4s3)ccc2-c2cccs2)cc1,c1ccc(-n2c(N=Nc3nc4ccccc4s3)ccc2-c2cccs2)cc1,c1ccc(-n2c(N=Nc3nc4ccccc4s3)ccc2-c2cccs2)cc1,True,False
CCN(CC)c1ccc(-c2nc3c(ccc4c(=O)[nH][nH]c(=O)c43)[nH]2)c(O)c1,O=c1[nH][nH]c(=O)c2c1ccc1[nH]c(-c3ccccc3)nc12,O=c1[nH][nH]c(=O)c2c1ccc1[nH]c(-c3ccccc3)nc12,True,False
COC(=O)[C@H](Cc1ccc2oc(-c3ccc4ccc5cccc6ccc3c4c56)nc2c1)NC(=O)OC(C)(C)C,c1cc2ccc3ccc(-c4nc5ccccc5o4)c4ccc(c1)c2c34,c1cc2ccc3ccc(-c4nc5ccccc5o4)c4ccc(c1)c2c34,True,False
CN1c2ccc(C(F)(F)F)cc2C(C)(C)C12CCc1cc([N+](=O)[O-])ccc1O2,c1ccc2c(c1)CC1(CCc3ccccc3O1)N2,c1ccc2c(c1)CC1(CCc3ccccc3O1)N2,True,False
C(=CP(c1ccccc1)c1ccccc1)P(c1ccccc1)c1ccccc1,C(=CP(c1ccccc1)c1ccccc1)P(c1ccccc1)c1ccccc1,C(=CP(c1ccccc1)c1ccccc1)P(c1ccccc1)c1ccccc1,True,False
CCN(CC)c1ccc2nc3c4cc(C5=CC(C)(C)NC5(C)C)ccc4c(=O)cc-3oc2c1,O=c1cc2oc3ccccc3nc-2c2cc(C3=CCNC3)ccc12,O=c1cc2oc3ccccc3nc-2c2cc(C3=CCNC3)ccc12,True,False
Brc1ccc2c(c1)CCc1nc(-c3ccccc3)c3c(c1-2)CCc1cc(Br)ccc1-3,c1ccc(-c2nc3c(c4c2-c2ccccc2CC4)-c2ccccc2CC3)cc1,c1ccc(-c2nc3c(c4c2-c2ccccc2CC4)-c2ccccc2CC3)cc1,True,False
CCOC(=O)c1c(N)sc(N=Nc2ccccc2)c1-c1ccccc1,c1ccc(N=Nc2sccc2-c2ccccc2)cc1,c1ccc(N=Nc2sccc2-c2ccccc2)cc1,True,False
COCCc1ccc(OCC(O)CNC(C)C)cc1,c1ccccc1,c1ccccc1,False,True
C(=Cc1ccc(C=CSC=C(c2ccccc2)c2ccccc2)cc1)SC=C(c1ccccc1)c1ccccc1,C(=Cc1ccc(C=CSC=C(c2ccccc2)c2ccccc2)cc1)SC=C(c1ccccc1)c1ccccc1,C(=Cc1ccc(C=CSC=C(c2ccccc2)c2ccccc2)cc1)SC=C(c1ccccc1)c1ccccc1,False,True
NC(=O)C[C@H](N)C(=O)OCc1ccccc1,c1ccccc1,c1ccccc1,False,True
c1ccc2c(-c3sc(-c4ccc(-c5ccc(-c6sc(-c7csc8ccccc78)c7ccccc67)s5)s4)c4ccccc34)csc2c1,c1ccc2c(-c3sc(-c4ccc(-c5ccc(-c6sc(-c7csc8ccccc78)c7ccccc67)s5)s4)c4ccccc34)csc2c1,c1ccc2c(-c3sc(-c4ccc(-c5ccc(-c6sc(-c7csc8ccccc78)c7ccccc67)s5)s4)c4ccccc34)csc2c1,False,True
O=C(Nc1ccccc1)Nc1cnc2ccccc2c1,O=C(Nc1ccccc1)Nc1cnc2ccccc2c1,O=C(Nc1ccccc1)Nc1cnc2ccccc2c1,True,False
O=c1ccc2cc(N=Cc3ccccc3O)ccc2o1,O=c1ccc2cc(N=Cc3ccccc3)ccc2o1,O=c1ccc2cc(N=Cc3ccccc3)ccc2o1,False,True
Cc1nn(-c2ccccc2)c2cc(C)n3c4ncccc4nc3c12,c1ccc(-n2ncc3c2ccn2c4ncccc4nc32)cc1,c1ccc(-n2ncc3c2ccn2c4ncccc4nc32)cc1,False,True
Brc1ccc(-n2cccc2)cc1,c1ccc(-n2cccc2)cc1,c1ccc(-n2cccc2)cc1,True,False
Brc1ccc2nc3c(nc2c1)Nc1ncccc1N3,c1cnc2c(c1)Nc1nc3ccccc3nc1N2,c1cnc2c(c1)Nc1nc3ccccc3nc1N2,True,False
Nc1ccc(-c2nnc(-c3ccc(N)cc3)n2-c2ccc(C(c3ccccc3)(c3ccccc3)c3ccccc3)cc2)cc1,c1ccc(-c2nnc(-c3ccccc3)n2-c2ccc(C(c3ccccc3)(c3ccccc3)c3ccccc3)cc2)cc1,c1ccc(-c2nnc(-c3ccccc3)n2-c2ccc(C(c3ccccc3)(c3ccccc3)c3ccccc3)cc2)cc1,True,False
CC1c2cc(-c3ccc(-c4ccc(-c5cccs5)s4)s3)ccc2-c2ccc([N+](=O)[O-])cc21,c1csc(-c2ccc(-c3ccc(-c4ccc5c(c4)Cc4ccccc4-5)s3)s2)c1,c1csc(-c2ccc(-c3ccc(-c4ccc5c(c4)Cc4ccccc4-5)s3)s2)c1,False,True
Cc1ccc(Cn2c(C=Cc3ccco3)nc(-c3ccco3)c2-c2ccco2)cc1,C(=Cc1nc(-c2ccco2)c(-c2ccco2)n1Cc1ccccc1)c1ccco1,C(=Cc1nc(-c2ccco2)c(-c2ccco2)n1Cc1ccccc1)c1ccco1,True,False
CC(=O)Nc1ccc(N=Nc2ccc(O)c3ncccc23)cc1,c1ccc(N=Nc2cccc3ncccc23)cc1,c1ccc(N=Nc2cccc3ncccc23)cc1,True,False
CCOC(=O)C1C(=O)C=C(c2ccco2)CC1c1ccccc1,O=C1C=C(c2ccco2)CC(c2ccccc2)C1,O=C1C=C(c2ccco2)CC(c2ccccc2)C1,False,True
O=C1CSC(=Nc2ccccc2)N1Cc1c2ccccc2nc2ccccc12,O=C1CSC(=Nc2ccccc2)N1Cc1c2ccccc2nc2ccccc12,O=C1CSC(=Nc2ccccc2)N1Cc1c2ccccc2nc2ccccc12,False,True
COc1ccc2c(COc3ccccc3)cc(=O)oc2c1,O=c1cc(COc2ccccc2)c2ccccc2o1,O=c1cc(COc2ccccc2)c2ccccc2o1,True,False
CCN1C(=O)C(=CC=CC=c2c3cccc4cccc(c43)n2Cc2ccccc2)C(=O)N(CC)C1=S,O=C1NC(=S)NC(=O)C1=CC=CC=c1c2cccc3cccc(c32)n1Cc1ccccc1,O=C1NC(=S)NC(=O)C1=CC=CC=c1c2cccc3cccc(c32)n1Cc1ccccc1,True,False
N#CC(=Cc1ccc2cc(N(c3ccccc3)c3ccccc3)ccc2n1)C(=O)O,c1ccc(N(c2ccccc2)c2ccc3ncccc3c2)cc1,c1ccc(N(c2ccccc2)c2ccc3ncccc3c2)cc1,True,False
O=C1C(=Cc2ccc(O)cc2)N=C(c2ccccc2)N1Cc1ccccc1,O=C1C(=Cc2ccccc2)N=C(c2ccccc2)N1Cc1ccccc1,O=C1C(=Cc2ccccc2)N=C(c2ccccc2)N1Cc1ccccc1,False,True
Cc1cc(OCCO)c(C)cc1C=Cc1ccc([N+](=O)[O-])cc1[N+](=O)[O-],C(=Cc1ccccc1)c1ccccc1,C(=Cc1ccccc1)c1ccccc1,False,True
COc1ccc2[nH]c3ccsc3c2c1,c1ccc2c(c1)[nH]c1ccsc12,c1ccc2c(c1)[nH]c1ccsc12,False,True
N#Cc1cc2cc3ccccc3nc2[nH]c1=O,O=c1ccc2cc3ccccc3nc2[nH]1,O=c1ccc2cc3ccccc3nc2[nH]1,True,False
Cc1ccc(N(c2ccc(C=C3C(=O)c4ccccc4C3=O)cc2)c2ccc(C=C3C(=O)c4ccccc4C3=O)cc2)cc1,O=C1C(=Cc2ccc(N(c3ccccc3)c3ccc(C=C4C(=O)c5ccccc5C4=O)cc3)cc2)C(=O)c2ccccc21,O=C1C(=Cc2ccc(N(c3ccccc3)c3ccc(C=C4C(=O)c5ccccc5C4=O)cc3)cc2)C(=O)c2ccccc21,True,False
Cc1ccc(-c2ccc(C)cn2)nc1,c1ccc(-c2ccccn2)nc1,c1ccc(-c2ccccn2)nc1,True,False
O=c1[nH][nH]c(=O)c2ccccc12,O=c1[nH][nH]c(=O)c2ccccc12,O=c1[nH][nH]c(=O)c2ccccc12,True,False
CCn1c2ccccc2c2ccc(-c3ccc(C=Cc4ccc(C=C(c5ccccc5)c5ccccc5)cc4)cc3)cc21,C(=Cc1ccc(-c2ccc3c(c2)[nH]c2ccccc23)cc1)c1ccc(C=C(c2ccccc2)c2ccccc2)cc1,C(=Cc1ccc(-c2ccc3c(c2)[nH]c2ccccc23)cc1)c1ccc(C=C(c2ccccc2)c2ccccc2)cc1,True,False
O=Cc1ccc(C=CC(=O)c2c(O)c3ccccc3oc2=O)cc1,O=C(C=Cc1ccccc1)c1cc2ccccc2oc1=O,O=C(C=Cc1ccccc1)c1cc2ccccc2oc1=O,True,False
Cc1ccc2c(c1)nc1c3c(C)nn(-c4ccccc4)c3cc(-c3ccccc3)n21,c1ccc(-c2cc3c(cnn3-c3ccccc3)c3nc4ccccc4n23)cc1,c1ccc(-c2cc3c(cnn3-c3ccccc3)c3nc4ccccc4n23)cc1,False,True
Cc1cc(-c2nc3ccc(Cl)cc3[nH]2)c(O)c(C(c2ccccc2)c2ccccc2)c1,c1ccc(C(c2ccccc2)c2cccc(-c3nc4ccccc4[nH]3)c2)cc1,c1ccc(C(c2ccccc2)c2cccc(-c3nc4ccccc4[nH]3)c2)cc1,True,False
[N-]=[N+]=NCCOCCOCCNC(=O)c1cc2ccc(N(CCN(CC(=O)O)CC(=O)O)CCN(CC(=O)O)CC(=O)O)cc2oc1=O,O=c1ccc2ccccc2o1,O=c1ccc2ccccc2o1,False,True
O=C(c1ccccc1)c1ccc(COc2ccccc2)cc1,O=C(c1ccccc1)c1ccc(COc2ccccc2)cc1,O=C(c1ccccc1)c1ccc(COc2ccccc2)cc1,True,False
COc1cc2ccccc2cc1C=Cc1ccc2c3c(ccc2c1)OC(c1ccccc1)(c1ccccc1)C=C3,C(=Cc1ccc2c3c(ccc2c1)OC(c1ccccc1)(c1ccccc1)C=C3)c1ccc2ccccc2c1,C(=Cc1ccc2c3c(ccc2c1)OC(c1ccccc1)(c1ccccc1)C=C3)c1ccc2ccccc2c1,True,False
CCN1C(=O)C(=CC=CC=CC=C2N(c3ccccc3)c3ccccc3N2c2ccccc2)C(=O)N(CC)C1=S,O=C1NC(=S)NC(=O)C1=CC=CC=CC=C1N(c2ccccc2)c2ccccc2N1c1ccccc1,O=C1NC(=S)NC(=O)C1=CC=CC=CC=C1N(c2ccccc2)c2ccccc2N1c1ccccc1,False,True
CC1(C)c2c(ccc3ccccc23)N2CC[C@@H](O)C[C@H]21,c1ccc2c3c(ccc2c1)N1CCCC[C@H]1C3,c1ccc2c3c(ccc2c1)N1CCCC[C@H]1C3,True,False
O=S1(=O)OC(c2cc(Br)c(O)c(Br)c2)(c2cc(Br)c(O)c(Br)c2)c2ccccc21,O=S1(=O)OC(c2ccccc2)(c2ccccc2)c2ccccc21,O=S1(=O)OC(c2ccccc2)(c2ccccc2)c2ccccc21,False,True
C(=Cc1cnc(C=Cc2ccccc2)cn1)c1ccccc1,C(=Cc1cnc(C=Cc2ccccc2)cn1)c1ccccc1,C(=Cc1cnc(C=Cc2ccccc2)cn1)c1ccccc1,False,True
COc1cccc(OC)c1O,c1ccccc1,c1ccccc1,False,True
Nc1ccc2nc3c(nc2c1)-c1cccc2c([N+](=O)[O-])ccc-3c12,c1cc2c3c(cccc3c1)-c1nc3ccccc3nc1-2,c1cc2c3c(cccc3c1)-c1nc3ccccc3nc1-2,True,False
Cc1ccc(-c2nc3cc4c(cc3[nH]2)-c2cc3[nH]c(-c5ccc(C)cc5)nc3cc2C4C)cc1,c1ccc(-c2nc3cc4c(cc3[nH]2)-c2cc3[nH]c(-c5ccccc5)nc3cc2C4)cc1,c1ccc(-c2nc3cc4c(cc3[nH]2)-c2cc3[nH]c(-c5ccccc5)nc3cc2C4)cc1,True,False
CCN1CCN(CC)c2cc3oc(=O)c(C(N)=O)cc3cc21,O=c1ccc2cc3c(cc2o1)NCCN3,O=c1ccc2cc3c(cc2o1)NCCN3,True,False
COC1=CC(=CC=C2Sc3ccccc3N2CC(O)CO)C=C(OC)C1=O,O=C1C=CC(=CC=C2Nc3ccccc3S2)C=C1,O=C1C=CC(=CC=C2Nc3ccccc3S2)C=C1,True,False
N#Cc1c(N)nc(N)c(C#N)c1-c1ccccc1O,c1ccc(-c2ccncc2)cc1,c1ccc(-c2ccncc2)cc1,True,False
CC1c2cc(-c3ccc4ccc5cccc6ccc3c4c56)ccc2-c2cc3nc4c5ccccc5c5ccccc5c4nc3cc21,c1cc2ccc3ccc(-c4ccc5c(c4)Cc4cc6nc7c8ccccc8c8ccccc8c7nc6cc4-5)c4ccc(c1)c2c34,c1cc2ccc3ccc(-c4ccc5c(c4)Cc4cc6nc7c8ccccc8c8ccccc8c7nc6cc4-5)c4ccc(c1)c2c34,True,False
COC(=O)C1CCc2cc(Cl)ccc2O1,c1ccc2c(c1)CCCO2,c1ccc2c(c1)CCCO2,False,True
C1=Cc2ccc3c(-c4nc5c6ccccc6c6ccccc6c5n4-c4ccccc4)ccc4c3c2C(=CC4)C1,C1=Cc2ccc3c(-c4nc5c6ccccc6c6ccccc6c5n4-c4ccccc4)ccc4c3c2C(=CC4)C1,C1=Cc2ccc3c(-c4nc5c6ccccc6c6ccccc6c5n4-c4ccccc4)ccc4c3c2C(=CC4)C1,False,True
CCOC(=O)C=c1sc2n(c1=O)C(c1cccc([N+](=O)[O-])c1)C1=C(N=2)C1=Cc1cccc([N+](=O)[O-])c1,C=c1sc2n(c1=O)C(c1ccccc1)C1=C(N=2)C1=Cc1ccccc1,C=c1sc2n(c1=O)C(c1ccccc1)C1=C(N=2)C1=Cc1ccccc1,True,False
Cc1c(C(=O)C=Cc2ccc(C#N)cc2)nnn1-c1ccnc2cc(Cl)ccc12,O=C(C=Cc1ccccc1)c1cn(-c2ccnc3ccccc23)nn1,O=C(C=Cc1ccccc1)c1cn(-c2ccnc3ccccc23)nn1,True,False
COc1cc(C=C2N=C(C)N(Cc3ccccc3)C2=O)ccc1O,O=C1C(=Cc2ccccc2)N=CN1Cc1ccccc1,O=C1C(=Cc2ccccc2)N=CN1Cc1ccccc1,False,True
CC1(C)c2ccccc2N2CC(=O)NC21C,O=C1CN2c3ccccc3CC2N1,O=C1CN2c3ccccc3CC2N1,False,True
C(=Cc1cc(C=Cc2cc3ccccc3o2)c(C=Cc2cc3ccccc3o2)cc1C=Cc1cc2ccccc2o1)c1cc2ccccc2o1,C(=Cc1cc(C=Cc2cc3ccccc3o2)c(C=Cc2cc3ccccc3o2)cc1C=Cc1cc2ccccc2o1)c1cc2ccccc2o1,C(=Cc1cc(C=Cc2cc3ccccc3o2)c(C=Cc2cc3ccccc3o2)cc1C=Cc1cc2ccccc2o1)c1cc2ccccc2o1,True,False
Nc1nc(N)nc(N)n1,c1ncncn1,c1ncncn1,False,True
CC(=O)Nc1ccc2c(S(=O)(=O)O)cccc2c1S(=O)(=O)O,c1ccc2ccccc2c1,c1ccc2ccccc2c1,True,False
COc1ccc2[nH]c(-c3ccc(S(C)(=O)=O)cc3)c(-c3ccc(F)cc3)c2c1,c1ccc(-c2[nH]c3ccccc3c2-c2ccccc2)cc1,c1ccc(-c2[nH]c3ccccc3c2-c2ccccc2)cc1,True,False
Cc1nc2c(C#N)c(Cl)nn2cc1CCCl,c1cnc2ccnn2c1,c1cnc2ccnn2c1,False,True
CN(C)c1cccc2c(C=C3CCC(=Cc4ccc(N(C)C)c5c(N(C)C)cccc45)C3=O)ccc(N(C)C)c12,O=C1C(=Cc2cccc3ccccc23)CCC1=Cc1cccc2ccccc12,O=C1C(=Cc2cccc3ccccc23)CCC1=Cc1cccc2ccccc12,True,False
Nc1nc(Br)c2ccccc2c1-c1ccccc1,c1ccc(-c2cncc3ccccc23)cc1,c1ccc(-c2cncc3ccccc23)cc1,True,False
CN(C)c1ccc(-c2cnc(-c3ccc(-c4nc5ccccc5s4)cc3)n2C)cc1,c1ccc(-c2cnc(-c3ccc(-c4nc5ccccc5s4)cc3)[nH]2)cc1,c1ccc(-c2cnc(-c3ccc(-c4nc5ccccc5s4)cc3)[nH]2)cc1,True,False
C=CCOc1nc(Nc2ccc3nn(-c4cc([N+](=O)[O-])ccc4O)nc3c2)nc(N2C(C)(C)CC(OCC=C)CC2(C)C)n1,c1ccc(-n2nc3ccc(Nc4ncnc(N5CCCCC5)n4)cc3n2)cc1,c1ccc(-n2nc3ccc(Nc4ncnc(N5CCCCC5)n4)cc3n2)cc1,True,False
O=C1C(=CC=C2C=C(c3ccccc3)OC(c3ccccc3)=C2)C(=O)c2ccccc21,O=C1C(=CC=C2C=C(c3ccccc3)OC(c3ccccc3)=C2)C(=O)c2ccccc21,O=C1C(=CC=C2C=C(c3ccccc3)OC(c3ccccc3)=C2)C(=O)c2ccccc21,True,False
Cc1ccn(-c2ccccn2)n1,c1ccc(-n2cccn2)nc1,c1ccc(-n2cccn2)nc1,True,False
COC(=O)c1cc2nc(-c3ccccc3O)[nH]c2cc1C(=O)OC,c1ccc(-c2nc3ccccc3[nH]2)cc1,c1ccc(-c2nc3ccccc3[nH]2)cc1,True,False
CN(C)C(=Cc1ccccc1)c1ccnc(-c2cc(C(=Cc3ccccc3)N(C)C)ccn2)c1,C(=Cc1ccnc(-c2cc(C=Cc3ccccc3)ccn2)c1)c1ccccc1,C(=Cc1ccnc(-c2cc(C=Cc3ccccc3)ccn2)c1)c1ccccc1,True,False
Cc1ccc2nc(-c3ccc(-c4nc5ccc(C)cc5o4)nc3)oc2c1,c1ccc2oc(-c3ccc(-c4nc5ccccc5o4)nc3)nc2c1,c1ccc2oc(-c3ccc(-c4nc5ccccc5o4)nc3)nc2c1,False,True
C=Cc1ccc(Cn2c3ccccc3c3ccccc32)cc1,c1ccc(Cn2c3ccccc3c3ccccc32)cc1,c1ccc(Cn2c3ccccc3c3ccccc32)cc1,True,False
c1cc2c3c(ccc(N4CCOCC4)c3c1)-c1nc3c4cccnc4c4ncccc4c3nc1-2,c1cc2c3c(ccc(N4CCOCC4)c3c1)-c1nc3c4cccnc4c4ncccc4c3nc1-2,c1cc2c3c(ccc(N4CCOCC4)c3c1)-c1nc3c4cccnc4c4ncccc4c3nc1-2,True,False
O=CC=Cc1ccccc1,c1ccccc1,c1ccccc1,False,True
COc1ccc(C=Cc2ccc3cc(F)c(F)c(O)c3n2)cc1,C(=Cc1ccc2ccccc2n1)c1ccccc1,C(=Cc1ccc2ccccc2n1)c1ccccc1,True,False
C=C[C@H]1CN2CCC1C[C@@H]2[C@@H](Oc1nnc(Cl)c2ccccc12)c1ccnc2ccc(OC)cc12,c1ccc2c(O[C@@H](c3ccnc4ccccc34)[C@H]3CC4CCN3CC4)nncc2c1,c1ccc2c(O[C@@H](c3ccnc4ccccc34)[C@H]3CC4CCN3CC4)nncc2c1,True,False
C1=Cc2nc1c(-c1ccccc1)c1ccc([nH]1)c(-c1ccccc1)c1nc(c(-c3ccccc3)c3ccc(s3)c2-c2ccccc2)C=C1,C1=Cc2nc1c(-c1ccccc1)c1ccc([nH]1)c(-c1ccccc1)c1nc(c(-c3ccccc3)c3ccc(s3)c2-c2ccccc2)C=C1,C1=Cc2nc1c(-c1ccccc1)c1ccc([nH]1)c(-c1ccccc1)c1nc(c(-c3ccccc3)c3ccc(s3)c2-c2ccccc2)C=C1,True,False
O=C1C(O)=C(C(Nc2ccc(F)cc2)c2ccccc2)C(=O)c2ccccc21,O=C1C=C(C(Nc2ccccc2)c2ccccc2)C(=O)c2ccccc21,O=C1C=C(C(Nc2ccccc2)c2ccccc2)C(=O)c2ccccc21,False,True
Nc1nc2c(N=Nc3ccc(Cl)cc3)c(N)nn2c(N)c1N=Nc1nc2ccccc2s1,c1ccc(N=Nc2cnn3cc(N=Nc4nc5ccccc5s4)cnc23)cc1,c1ccc(N=Nc2cnn3cc(N=Nc4nc5ccccc5s4)cnc23)cc1,True,False
COc1c(C(C)(C)C)cc(C=C2C(=O)C=CC2=O)cc1C(C)(C)C,O=C1C=CC(=O)C1=Cc1ccccc1,O=C1C=CC(=O)C1=Cc1ccccc1,True,False
Nc1ccnc(-c2ccccn2)c1,c1ccc(-c2ccccn2)nc1,c1ccc(-c2ccccn2)nc1,True,False
Cn1c2ccc(-c3sccc3-c3cccs3)cc2c2cc(-c3sccc3-c3cccs3)ccc21,c1csc(-c2ccsc2-c2ccc3[nH]c4ccc(-c5sccc5-c5cccs5)cc4c3c2)c1,c1csc(-c2ccsc2-c2ccc3[nH]c4ccc(-c5sccc5-c5cccs5)cc4c3c2)c1,True,False
Cc1nn(-c2ccccc2)c2cc(-c3ccccc3)n3c4cc(-c5ccccc5)ccc4nc3c12,c1ccc(-c2ccc3nc4c5cnn(-c6ccccc6)c5cc(-c5ccccc5)n4c3c2)cc1,c1ccc(-c2ccc3nc4c5cnn(-c6ccccc6)c5cc(-c5ccccc5)n4c3c2)cc1,True,False
O=[N+]([O-])c1ccc(-c2ccc(-c3ccccn3)nc2)cc1,c1ccc(-c2ccc(-c3ccccn3)nc2)cc1,c1ccc(-c2ccc(-c3ccccn3)nc2)cc1,True,False
O=c1c(O[C@@H]2O[C@H](CO)[C@H](O)[C@H](O)[C@H]2O)c(-c2ccc(O)c(O)c2)oc2cc(O)cc(O)c12,O=c1c(O[C@H]2CCCCO2)c(-c2ccccc2)oc2ccccc12,O=c1c(O[C@H]2CCCCO2)c(-c2ccccc2)oc2ccccc12,True,False
COc1ccc(C=C2N=C(C)N(Cc3ccccc3)C2=O)cc1,O=C1C(=Cc2ccccc2)N=CN1Cc1ccccc1,O=C1C(=Cc2ccccc2)N=CN1Cc1ccccc1,False,True
c1ccc2oc(-c3ccc(-c4nc5ccccc5o4)nc3)nc2c1,c1ccc2oc(-c3ccc(-c4nc5ccccc5o4)nc3)nc2c1,c1ccc2oc(-c3ccc(-c4nc5ccccc5o4)nc3)nc2c1,False,True
C[Si](C)(C)C#Cc1ccc(C#Cc2ccc3c(c2)C(=O)c2cc(C#Cc4ccc(C#C[Si](C)(C)C)cc4)ccc2-3)cc1,O=C1c2cc(C#Cc3ccccc3)ccc2-c2ccc(C#Cc3ccccc3)cc21,O=C1c2cc(C#Cc3ccccc3)ccc2-c2ccc(C#Cc3ccccc3)cc21,True,False
Clc1ccc(Cn2c(C=Cc3ccco3)nc(-c3ccco3)c2-c2ccco2)cc1,C(=Cc1nc(-c2ccco2)c(-c2ccco2)n1Cc1ccccc1)c1ccco1,C(=Cc1nc(-c2ccco2)c(-c2ccco2)n1Cc1ccccc1)c1ccco1,True,False
O=C1OC2(c3ccc(O)cc3Oc3cc(O)ccc32)c2ccccc21,O=C1OC2(c3ccccc3Oc3ccccc32)c2ccccc21,O=C1OC2(c3ccccc3Oc3ccccc32)c2ccccc21,False,True
Cc1cccc(-c2nc3c4cccnc4c4ncccc4c3o2)n1,c1ccc(-c2nc3c4cccnc4c4ncccc4c3o2)nc1,c1ccc(-c2nc3c4cccnc4c4ncccc4c3o2)nc1,True,False
C#Cc1sc(C#C)c(C2=C(c3cc(-c4ccccc4)sc3C)C(F)(F)C(F)(F)C2(F)F)c1C,c1ccc(-c2cc(C3=C(c4ccsc4)CCC3)cs2)cc1,c1ccc(-c2cc(C3=C(c4ccsc4)CCC3)cs2)cc1,True,False
c1ccc(-n2cccc2)cc1,c1ccc(-n2cccc2)cc1,c1ccc(-n2cccc2)cc1,True,False
NN1C(=O)c2cccc3cccc(c23)C1=O,O=C1NC(=O)c2cccc3cccc1c23,O=C1NC(=O)c2cccc3cccc1c23,True,False
O=C(ON1C(=O)c2cccc3cccc(c23)C1=S)c1ccc(Cl)cc1F,O=C(ON1C(=O)c2cccc3cccc(c23)C1=S)c1ccccc1,O=C(ON1C(=O)c2cccc3cccc(c23)C1=S)c1ccccc1,True,False
CS(=O)(=O)c1ccc(-c2[nH]c3ccccc3c2-c2ccccc2F)cc1,c1ccc(-c2[nH]c3ccccc3c2-c2ccccc2)cc1,c1ccc(-c2[nH]c3ccccc3c2-c2ccccc2)cc1,True,False
Cc1cc(C2=C(c3cccc4ccccc34)CCC2=O)c(C)s1,O=C1CCC(c2cccc3ccccc23)=C1c1ccsc1,O=C1CCC(c2cccc3ccccc23)=C1c1ccsc1,True,False
CO[Si](CCCSC(=O)c1cccnc1)(OC)OC,c1ccncc1,c1ccncc1,False,True
CCn1c2ccccc2c2ccc(-n3c4ccccc4c4cc(C#N)ccc43)cc21,c1ccc2c(c1)[nH]c1cc(-n3c4ccccc4c4ccccc43)ccc12,c1ccc2c(c1)[nH]c1cc(-n3c4ccccc4c4ccccc43)ccc12,True,False
COC(=O)C(c1ccccc1)=[N+]([O-])c1ccccc1,C(=[NH+]c1ccccc1)c1ccccc1,C(=[NH+]c1ccccc1)c1ccccc1,True,False
CCNc1cccc2c1C(=O)c1ccccc1C2=O,O=C1c2ccccc2C(=O)c2ccccc21,O=C1c2ccccc2C(=O)c2ccccc21,True,False
CC(C)(C)c1ccc(N(c2ccc(C(C)(C)C)cc2)c2ccc3c4ccc5c6c(ccc(c7cccc2c73)c64)C(=O)OC5=O)cc1,O=C1OC(=O)c2ccc3c4ccc(N(c5ccccc5)c5ccccc5)c5cccc(c6ccc1c2c63)c54,O=C1OC(=O)c2ccc3c4ccc(N(c5ccccc5)c5ccccc5)c5cccc(c6ccc1c2c63)c54,True,False
Clc1sc(Cl)c(Cl)c1Cl,c1ccsc1,c1ccsc1,True,False
C(=Cc1ccncc1)c1ccncc1,C(=Cc1ccncc1)c1ccncc1,C(=Cc1ccncc1)c1ccncc1,True,False
O=[N+]([O-])c1ccc2ccccc2n1,c1ccc2ncccc2c1,c1ccc2ncccc2c1,False,True
CCCOC(=O)C=Cc1c2ccccc2nc2ccccc12,c1ccc2nc3ccccc3cc2c1,c1ccc2nc3ccccc3cc2c1,False,True
COc1ccc(C=Cc2c(F)c(F)c(C=Cc3ccc(OC)cc3)c(F)c2F)cc1,C(=Cc1ccc(C=Cc2ccccc2)cc1)c1ccccc1,C(=Cc1ccc(C=Cc2ccccc2)cc1)c1ccccc1,True,False
Cc1ccc(-c2cc(-c3nnc(-c4ccn5c(C)nc(Cl)c5c4)o3)n(Cc3ccc(F)cc3)n2)cc1,c1ccc(Cn2nc(-c3ccccc3)cc2-c2nnc(-c3ccn4cncc4c3)o2)cc1,c1ccc(Cn2nc(-c3ccccc3)cc2-c2nnc(-c3ccn4cncc4c3)o2)cc1,True,False
c1ccc2c(c1)Nc1nc3ccccc3nc1S2,c1ccc2c(c1)Nc1nc3ccccc3nc1S2,c1ccc2c(c1)Nc1nc3ccccc3nc1S2,True,False
O=S(=O)(O)c1cccc2cccc(Nc3ccccc3)c12,c1ccc(Nc2cccc3ccccc23)cc1,c1ccc(Nc2cccc3ccccc23)cc1,True,False
O=C(O)c1cc([N+](=O)[O-])c(NOC(c2ccccc2)(c2ccccc2)c2ccccc2)c([N+](=O)[O-])c1,c1ccc(NOC(c2ccccc2)(c2ccccc2)c2ccccc2)cc1,c1ccc(NOC(c2ccccc2)(c2ccccc2)c2ccccc2)cc1,True,False
CCN1C(=O)C(=CC=CC=C2N(c3ccccc3)c3ccccc3N2c2ccccc2)C(=O)N(CC)C1=S,O=C1NC(=S)NC(=O)C1=CC=CC=C1N(c2ccccc2)c2ccccc2N1c1ccccc1,O=C1NC(=S)NC(=O)C1=CC=CC=C1N(c2ccccc2)c2ccccc2N1c1ccccc1,True,False
CC(=O)Nc1ccc(C(=O)O)cc1N,c1ccccc1,c1ccccc1,False,True
Oc1c(Cl)cc(Cl)cc1C=NN=Cc1ccc2ccc3cccc4ccc1c2c34,C(=NN=Cc1ccc2ccc3cccc4ccc1c2c34)c1ccccc1,C(=NN=Cc1ccc2ccc3cccc4ccc1c2c34)c1ccccc1,True,False
COc1cc(C(C#N)=Cc2ccc(C#N)cc2)c(OC)cc1C(C#N)=Cc1ccc(C#N)cc1,C(=Cc1ccc(C=Cc2ccccc2)cc1)c1ccccc1,C(=Cc1ccc(C=Cc2ccccc2)cc1)c1ccccc1,True,False
Cc1cc(C)c(B(c2ccc(C#Cc3ccc(C(=C(c4ccccc4)c4ccccc4)c4ccccc4)cc3)cc2)c2c(C)cc(C)cc2C)c(C)c1,C(#Cc1ccc(C(=C(c2ccccc2)c2ccccc2)c2ccccc2)cc1)c1ccc(B(c2ccccc2)c2ccccc2)cc1,C(#Cc1ccc(C(=C(c2ccccc2)c2ccccc2)c2ccccc2)cc1)c1ccc(B(c2ccccc2)c2ccccc2)cc1,True,False
COc1ccc(C=c2oc(=Cc3ccccc3)c3ccccc23)c(OC)c1,C(c1ccccc1)=c1oc(=Cc2ccccc2)c2ccccc12,C(c1ccccc1)=c1oc(=Cc2ccccc2)c2ccccc12,True,False
Cc1ccsc1-c1sc(-c2ccc3c(c2)c2ccccc2n3C)c2ccccc12,c1csc(-c2sc(-c3ccc4[nH]c5ccccc5c4c3)c3ccccc23)c1,c1csc(-c2sc(-c3ccc4[nH]c5ccccc5c4c3)c3ccccc23)c1,True,False
CO[Si](CCCSC(=O)c1ccccc1[N+](=O)[O-])(OC)OC,c1ccccc1,c1ccccc1,False,True
Cc1nc(Cl)c2cc(-c3nnc(-c4ccc(Cl)cc4)o3)ccn12,c1ccc(-c2nnc(-c3ccn4cncc4c3)o2)cc1,c1ccc(-c2nnc(-c3ccn4cncc4c3)o2)cc1,True,False
COC(=O)[C@H](Cc1ccc2oc(-c3c4ccccc4cc4ccccc34)nc2c1)NC(=O)OC(C)(C)C,c1ccc2c(-c3nc4ccccc4o3)c3ccccc3cc2c1,c1ccc2c(-c3nc4ccccc4o3)c3ccccc3cc2c1,True,False
c1ccc(N(c2ccccc2)c2ccc(-c3ccc(-c4ccncn4)s3)cc2)cc1,c1ccc(N(c2ccccc2)c2ccc(-c3ccc(-c4ccncn4)s3)cc2)cc1,c1ccc(N(c2ccccc2)c2ccc(-c3ccc(-c4ccncn4)s3)cc2)cc1,True,False
O=[N+]([O-])c1cc2c(c([N+](=O)[O-])c1)-c1c(cc([N+](=O)[O-])cc1[N+](=O)[O-])C2=CC=C1C=C(c2ccccc2)OC(c2ccccc2)=C1,C(C=C1c2ccccc2-c2ccccc21)=C1C=C(c2ccccc2)OC(c2ccccc2)=C1,C(C=C1c2ccccc2-c2ccccc21)=C1C=C(c2ccccc2)OC(c2ccccc2)=C1,True,False
Cc1cc(-c2ccccc2)sc1C1=C(c2sc(-c3ccccc3)cc2C)C(F)(F)C(F)(F)C1(F)F,c1ccc(-c2ccc(C3=C(c4ccc(-c5ccccc5)s4)CCC3)s2)cc1,c1ccc(-c2ccc(C3=C(c4ccc(-c5ccccc5)s4)CCC3)s2)cc1,False,True
C(=Cc1cccs1)c1cccs1,C(=Cc1cccs1)c1cccs1,C(=Cc1cccs1)c1cccs1,True,False
Cc1ccc(N(c2ccc(C)cc2)c2ccc(-c3ccc(-c4ccc(C=C(C#N)c5ccc(C(=O)O)cc5)s4)s3)s2)cc1,C(=Cc1ccc(-c2ccc(-c3ccc(N(c4ccccc4)c4ccccc4)s3)s2)s1)c1ccccc1,C(=Cc1ccc(-c2ccc(-c3ccc(N(c4ccccc4)c4ccccc4)s3)s2)s1)c1ccccc1,True,False
c1ccc2c(c1)[nH]c1ccccc12,c1ccc2c(c1)[nH]c1ccccc12,c1ccc2c(c1)[nH]c1ccccc12,True,False
O=C(O)C=Cc1ccccc1O,c1ccccc1,c1ccccc1,False,True
CCC1(CC)c2ccccc2-c2ccc(-c3sc(-c4ccc(C)s4)c4ccccc34)cc21,c1csc(-c2sc(-c3ccc4c(c3)Cc3ccccc3-4)c3ccccc23)c1,c1csc(-c2sc(-c3ccc4c(c3)Cc3ccccc3-4)c3ccccc23)c1,True,False
Cc1nc(Cl)c2cc(-c3nnc(-c4cc(-c5ccccc5)nn4Cc4ccc(Cl)cc4)o3)ccn12,c1ccc(Cn2nc(-c3ccccc3)cc2-c2nnc(-c3ccn4cncc4c3)o2)cc1,c1ccc(Cn2nc(-c3ccccc3)cc2-c2nnc(-c3ccn4cncc4c3)o2)cc1,True,False
Cc1[nH]n(-c2ccccc2)c(=O)c1-n1nc2ccc(Cl)cc2n1,O=c1c(-n2nc3ccccc3n2)c[nH]n1-c1ccccc1,O=c1c(-n2nc3ccccc3n2)c[nH]n1-c1ccccc1,True,False
CN1C(=CC=C2C=CC(=O)c3ncccc32)C=Cc2ccccc21,O=C1C=CC(=CC=C2C=Cc3ccccc3N2)c2cccnc21,O=C1C=CC(=CC=C2C=Cc3ccccc3N2)c2cccnc21,True,False
c1ccc(N(c2cc(N(c3ccccn3)c3ccccn3)cc(-n3c4ccccc4c4ccccc43)c2)c2ccccn2)nc1,c1ccc(N(c2cc(N(c3ccccn3)c3ccccn3)cc(-n3c4ccccc4c4ccccc43)c2)c2ccccn2)nc1,c1ccc(N(c2cc(N(c3ccccn3)c3ccccn3)cc(-n3c4ccccc4c4ccccc43)c2)c2ccccn2)nc1,False,True
O=[N+]([O-])c1ccc(Nc2nnc(-c3cnccn3)s2)cc1,c1ccc(Nc2nnc(-c3cnccn3)s2)cc1,c1ccc(Nc2nnc(-c3cnccn3)s2)cc1,False,True
CC1c2cc(C=C(C#N)c3scc4c3OCCO4)ccc2-c2ccc(C=C(C#N)c3scc4c3OCCO4)cc21,C(=Cc1scc2c1OCCO2)c1ccc2c(c1)Cc1cc(C=Cc3scc4c3OCCO4)ccc1-2,C(=Cc1scc2c1OCCO2)c1ccc2c(c1)Cc1cc(C=Cc3scc4c3OCCO4)ccc1-2,True,False
COc1ccc2ccc3c(OC)ccc4ccc1c2c43,c1cc2ccc3cccc4ccc(c1)c2c34,c1cc2ccc3cccc4ccc(c1)c2c34,True,False
Cc1ccc2c(N=Nc3ccc(N(C)C)cc3)ccc(OC(=O)c3ccccc3)c2n1,O=C(Oc1ccc(N=Nc2ccccc2)c2cccnc12)c1ccccc1,O=C(Oc1ccc(N=Nc2ccccc2)c2cccnc12)c1ccccc1,True,False
Nc1nc(N)c2[nH]nnc2n1,c1ncc2[nH]nnc2n1,c1ncc2[nH]nnc2n1,True,False
O=[N+]([O-])c1ccc(N=Nc2c(-c3ccccc3)[nH]c3ccccc23)cc1,c1ccc(N=Nc2c(-c3ccccc3)[nH]c3ccccc23)cc1,c1ccc(N=Nc2c(-c3ccccc3)[nH]c3ccccc23)cc1,True,False
C[C@H]1O[C@H](O[C@H]2CC[C@H](n3ccc(NC(=O)c4ccc(NC(=O)[C@@](C)(N)CO)cc4)nc3=O)O[C@@H]2C)[C@H](O)[C@@H](O)[C@@H]1N(C)C,O=C(Nc1ccn([C@H]2CC[C@H](O[C@@H]3CCCCO3)CO2)c(=O)n1)c1ccccc1,O=C(Nc1ccn([C@H]2CC[C@H](O[C@@H]3CCCCO3)CO2)c(=O)n1)c1ccccc1,True,False
CC(C)[C@@H](C(=O)O)N(C=O)Cc1ccc(-c2ccccc2-c2nn[nH]n2)cc1,c1ccc(-c2ccccc2-c2nn[nH]n2)cc1,c1ccc(-c2ccccc2-c2nn[nH]n2)cc1,True,False
O=c1c(O)c(-c2ccc(O)c(O)c2)oc2cc(O)cc(O)c12,O=c1cc(-c2ccccc2)oc2ccccc12,O=c1cc(-c2ccccc2)oc2ccccc12,True,False
Cc1cc(C)c2ccc(N=Nc3nc4ccccc4s3)c-2c(C)c1,c1ccc2ccc(N=Nc3nc4ccccc4s3)c-2cc1,c1ccc2ccc(N=Nc3nc4ccccc4s3)c-2cc1,True,False
O=C1OC(c2ccccc2)=NC1=Cc1ccccc1,O=C1OC(c2ccccc2)=NC1=Cc1ccccc1,O=C1OC(c2ccccc2)=NC1=Cc1ccccc1,True,False
Cc1ccsc1-c1sc(-c2ccc(C3(c4cccs4)C=CC4=C(C3)C(C)(C)c3ccccc34)s2)c2ccccc12,C1=CC(c2cccs2)(c2ccc(-c3sc(-c4cccs4)c4ccccc34)s2)CC2=C1c1ccccc1C2,C1=CC(c2cccs2)(c2ccc(-c3sc(-c4cccs4)c4ccccc34)s2)CC2=C1c1ccccc1C2,True,False
O=S(=O)(O)c1cccc2c1ccc1nn(-c3ccc(-c4nc(-c5ccccc5)c(-c5ccccc5)[nH]4)cc3)nc12,c1ccc(-c2nc(-c3ccc(-n4nc5ccc6ccccc6c5n4)cc3)[nH]c2-c2ccccc2)cc1,c1ccc(-c2nc(-c3ccc(-n4nc5ccc6ccccc6c5n4)cc3)[nH]c2-c2ccccc2)cc1,True,False
c1csc(-c2cc3ccc4cc(-c5cccs5)nc5c6ccccc6c(n2)c3c45)c1,c1csc(-c2cc3ccc4cc(-c5cccs5)nc5c6ccccc6c(n2)c3c45)c1,c1csc(-c2cc3ccc4cc(-c5cccs5)nc5c6ccccc6c(n2)c3c45)c1,True,False
Clc1ccc(-n2cc(-c3nc4ccccc4[nH]3)cn2)cc1,c1ccc(-n2cc(-c3nc4ccccc4[nH]3)cn2)cc1,c1ccc(-n2cc(-c3nc4ccccc4[nH]3)cn2)cc1,True,False
OC1(c2ccc(-c3cccs3)s2)CCC1,c1csc(-c2ccc(C3CCC3)s2)c1,c1csc(-c2ccc(C3CCC3)s2)c1,True,False
N#Cc1cc2ccc3ccc4ccccc4c3c2c2c1ccc1ccc3ccccc3c12,c1ccc2c(c1)ccc1ccc3ccc4ccc5ccc6ccccc6c5c4c3c12,c1ccc2c(c1)ccc1ccc3ccc4ccc5ccc6ccccc6c5c4c3c12,True,False
Cc1cc(C)c(B(c2ccc(B3Oc4ccccc4O3)s2)c2c(C)cc(C)cc2C)c(C)c1,c1ccc(B(c2ccccc2)c2ccc(B3Oc4ccccc4O3)s2)cc1,c1ccc(B(c2ccccc2)c2ccc(B3Oc4ccccc4O3)s2)cc1,True,False
CCn1c2ccc(CO)cc2c2cc(CO)ccc21,c1ccc2c(c1)[nH]c1ccccc12,c1ccc2c(c1)[nH]c1ccccc12,True,False
CC(C)(C)NC(=O)c1cc2ccc3cccc4ccc(c1C(=O)NC(C)(C)C)c2c34,c1cc2ccc3cccc4ccc(c1)c2c34,c1cc2ccc3cccc4ccc(c1)c2c34,True,False
N#Cc1c(N)nc(N)c(C#N)c1-c1ccc(O)cc1,c1ccc(-c2ccncc2)cc1,c1ccc(-c2ccncc2)cc1,True,False
CC(=O)Nc1ccc(C(Cl)C(C)=O)cc1,c1ccccc1,c1ccccc1,False,True
Nc1ncnc2c1ncn2[C@@H]1O[C@H](COP(=O)(O)O)[C@@H](O)[C@H]1O,c1ncc2ncn([C@H]3CCCO3)c2n1,c1ncc2ncn([C@H]3CCCO3)c2n1,False,True
c1ccc2[nH]ccc2c1,c1ccc2[nH]ccc2c1,c1ccc2[nH]ccc2c1,True,False
O=C1NC(=O)c2c1c1c3ccc(O)cc3[nH]c1c1c2c2ccc(O)cc2n1C1O[C@H](CO)[C@@H](O)[C@H](O)[C@H]1O,O=C1NC(=O)c2c1c1c3ccccc3[nH]c1c1c2c2ccccc2n1C1CCCCO1,O=C1NC(=O)c2c1c1c3ccccc3[nH]c1c1c2c2ccccc2n1C1CCCCO1,False,True
O=Cc1ccc2ccc3cccc4ccc1c2c34,c1cc2ccc3cccc4ccc(c1)c2c34,c1cc2ccc3cccc4ccc(c1)c2c34,True,False
O=C(NCCC[Si]12OCCN(CCO1)CCO2)c1cccs1,O=C(NCCC[Si]12OCCN(CCO1)CCO2)c1cccs1,O=C(NCCC[Si]12OCCN(CCO1)CCO2)c1cccs1,True,False
CC[C@@H](C)N(C)C(=O)c1cc2ccccc2cc1-c1cc2ccccc2cc1C(=O)OC,c1ccc2cc(-c3ccc4ccccc4c3)ccc2c1,c1ccc2cc(-c3ccc4ccccc4c3)ccc2c1,True,False
O=C(ON1C(=O)c2cccc3cccc(c23)C1=S)c1cc(Cl)cc(Cl)c1,O=C(ON1C(=O)c2cccc3cccc(c23)C1=S)c1ccccc1,O=C(ON1C(=O)c2cccc3cccc(c23)C1=S)c1ccccc1,True,False
Nn1c(Cc2ccccc2F)n[nH]c1=S,S=c1[nH]nc(Cc2ccccc2)[nH]1,S=c1[nH]nc(Cc2ccccc2)[nH]1,False,True
Cc1nc(Cl)c2cc(-c3nnc(-c4cc(-c5ccccc5)nn4Cc4ccc([N+](=O)[O-])cc4)o3)ccn12,c1ccc(Cn2nc(-c3ccccc3)cc2-c2nnc(-c3ccn4cncc4c3)o2)cc1,c1ccc(Cn2nc(-c3ccccc3)cc2-c2nnc(-c3ccn4cncc4c3)o2)cc1,True,False
O=c1c(O)c(-c2cccs2)oc2ccccc12,O=c1cc(-c2cccs2)oc2ccccc12,O=c1cc(-c2cccs2)oc2ccccc12,True,False
Nc1nc(-c2ccc(NC(=O)c3ccccc3)cc2)c(N=Nc2ccc(Cl)cc2)s1,O=C(Nc1ccc(-c2ncsc2N=Nc2ccccc2)cc1)c1ccccc1,O=C(Nc1ccc(-c2ncsc2N=Nc2ccccc2)cc1)c1ccccc1,True,False
COc1ccc(-n2c(-c3ccc(-c4cncc5ccccc45)cc3)nc(-c3ccccc3)c2-c2ccccc2)cc1,c1ccc(-c2nc(-c3ccc(-c4cncc5ccccc45)cc3)n(-c3ccccc3)c2-c2ccccc2)cc1,c1ccc(-c2nc(-c3ccc(-c4cncc5ccccc45)cc3)n(-c3ccccc3)c2-c2ccccc2)cc1,True,False
CC1(C)c2cc(-c3ccc4ccc5cccc6ccc3c4c56)ccc2N2CC(=O)NC21C,O=C1CN2c3ccc(-c4ccc5ccc6cccc7ccc4c5c67)cc3CC2N1,O=C1CN2c3ccc(-c4ccc5ccc6cccc7ccc4c5c67)cc3CC2N1,True,False
CCN1C(=O)C(=CC=C2C=CN(C)c3ccccc32)SC1=S,O=C1NC(=S)SC1=CC=C1C=CNc2ccccc21,O=C1NC(=S)SC1=CC=C1C=CNc2ccccc21,True,False
COC1OC(=O)C(Br)=C1Nc1cccc(Cl)c1,O=C1C=C(Nc2ccccc2)CO1,O=C1C=C(Nc2ccccc2)CO1,True,False
CCOC(=O)C(C#N)=Cc1ccc(C=O)[nH]1,c1cc[nH]c1,c1cc[nH]c1,True,False
CC(=O)C(=NNc1cccc2c(=O)[nH][nH]c(=O)c12)C(C)=O,O=c1[nH][nH]c(=O)c2ccccc12,O=c1[nH][nH]c(=O)c2ccccc12,True,False
CC[C@H](C)N(C)C(=O)c1cc2ccccc2cc1-c1cc2ccccc2cc1C(=O)OC,c1ccc2cc(-c3ccc4ccccc4c3)ccc2c1,c1ccc2cc(-c3ccc4ccccc4c3)ccc2c1,True,False
C=CCNc1ccc2c3c(cccc13)C(=O)N(c1ccc3nn(-c4ccccc4O)nc3c1)C2=O,O=C1c2cccc3cccc(c23)C(=O)N1c1ccc2nn(-c3ccccc3)nc2c1,O=C1c2cccc3cccc(c23)C(=O)N1c1ccc2nn(-c3ccccc3)nc2c1,True,False
CCN(CC)c1ccc2c(C(F)(F)C(F)(F)F)cc(=O)oc2c1,O=c1ccc2ccccc2o1,O=c1ccc2ccccc2o1,False,True
C=CCN1C(=O)C(C=Cc2ccc(N(C)C)cc2)=C(C#N)C1=C(C#N)C#N,C=C1C=C(C=Cc2ccccc2)C(=O)N1,C=C1C=C(C=Cc2ccccc2)C(=O)N1,False,True
Cc1ccc(-c2ccc(C(C#N)=Cc3ccc(N(c4ccccc4)c4ccccc4)cc3)cc2)cc1,C(=Cc1ccc(N(c2ccccc2)c2ccccc2)cc1)c1ccc(-c2ccccc2)cc1,C(=Cc1ccc(N(c2ccccc2)c2ccccc2)cc1)c1ccc(-c2ccccc2)cc1,True,False
O=[N+]([O-])c1cc2c(c([N+](=O)[O-])c1)-c1c(cc([N+](=O)[O-])cc1[N+](=O)[O-])C2=CC=CC=CC=c1c2cccc3cccc(c32)n1Cc1ccccc1,C(C=CC=c1c2cccc3cccc(c32)n1Cc1ccccc1)=CC=C1c2ccccc2-c2ccccc21,C(C=CC=c1c2cccc3cccc(c32)n1Cc1ccccc1)=CC=C1c2ccccc2-c2ccccc21,False,True
O=C(NCC12CC3CC(C1)CC(CNC(=O)Nc1ccc4ccc5cccc6ccc1c4c56)(C3)C2)Nc1ccc2ccc3cccc4ccc1c2c34,O=C(NCC12CC3CC(C1)CC(CNC(=O)Nc1ccc4ccc5cccc6ccc1c4c56)(C3)C2)Nc1ccc2ccc3cccc4ccc1c2c34,O=C(NCC12CC3CC(C1)CC(CNC(=O)Nc1ccc4ccc5cccc6ccc1c4c56)(C3)C2)Nc1ccc2ccc3cccc4ccc1c2c34,False,True
COC(=O)c1cc2ccccc2cc1-c1cc2ccccc2cc1C(=O)N(C)[C@H]1C[C@H]2C[C@@H]([C@@H]1C)C2(C)C,O=C(N[C@H]1C[C@H]2C[C@H](C2)C1)c1cc2ccccc2cc1-c1ccc2ccccc2c1,O=C(N[C@H]1C[C@H]2C[C@H](C2)C1)c1cc2ccccc2cc1-c1ccc2ccccc2c1,True,False
CC1c2ccccc2-c2ccc(-c3cn(-c4ccc([N+](=O)[O-])cc4)nn3)cc21,c1ccc(-n2cc(-c3ccc4c(c3)Cc3ccccc3-4)nn2)cc1,c1ccc(-n2cc(-c3ccc4c(c3)Cc3ccccc3-4)nn2)cc1,False,True
COc1cccc2c1C(=O)c1c(O)c3c(c(O)c1C2=O)CCC(O)(C(C)=O)C3OC1CC(N2CCC(OC)CC2)C(O)C(C)O1,O=C1c2ccccc2C(=O)c2cc3c(cc21)CCCC3OC1CC(N2CCCCC2)CCO1,O=C1c2ccccc2C(=O)c2cc3c(cc21)CCCC3OC1CC(N2CCCCC2)CCO1,False,True
CCOC(=O)c1c(C(=O)OCC)c2cccnn2c1C(N)=O,c1cnn2cccc2c1,c1cnn2cccc2c1,True,False
CC(C)=NN(c1ccccc1)c1ccccc1[N+](=O)[O-],c1ccc(Nc2ccccc2)cc1,c1ccc(Nc2ccccc2)cc1,True,False
CC(=O)NC(=N)NCCc1ccc(O)c(O)c1,c1ccccc1,c1ccccc1,False,True
Oc1ccc(N=Nc2ccc(OC(F)(F)F)cc2)cc1C=Nc1ccccc1S,C(=Nc1ccccc1)c1cccc(N=Nc2ccccc2)c1,C(=Nc1ccccc1)c1cccc(N=Nc2ccccc2)c1,False,True
Clc1cccc(Cl)c1C1CC(c2ccc3c(c2)C2(c4ccccc4-c4ccccc42)c2ccccc2-3)=NN1c1ccccc1,c1ccc(C2CC(c3ccc4c(c3)C3(c5ccccc5-c5ccccc53)c3ccccc3-4)=NN2c2ccccc2)cc1,c1ccc(C2CC(c3ccc4c(c3)C3(c5ccccc5-c5ccccc53)c3ccccc3-4)=NN2c2ccccc2)cc1,True,False
C#CCOC(=O)[C@@H](NC1=C(Br)C(=O)O[C@@H]1OC1CC(C)CCC1C(C)C)c1ccccc1,O=C1C=C(NCc2ccccc2)[C@@H](OC2CCCCC2)O1,O=C1C=C(NCc2ccccc2)[C@@H](OC2CCCCC2)O1,True,False
O=c1ccn([C@@H]2O[C@H](C(O)n3cc(COc4ccc5ccc(=O)oc5c4)nn3)[C@@H](O)[C@H]2O)c(=O)[nH]1,O=c1ccn([C@H]2CC[C@@H](Cn3cc(COc4ccc5ccc(=O)oc5c4)nn3)O2)c(=O)[nH]1,O=c1ccn([C@H]2CC[C@@H](Cn3cc(COc4ccc5ccc(=O)oc5c4)nn3)O2)c(=O)[nH]1,True,False
C(=N[C@@H]1CCCC[C@H]1N=Cc1ccccn1)c1ccccn1,C(=N[C@@H]1CCCC[C@H]1N=Cc1ccccn1)c1ccccn1,C(=N[C@@H]1CCCC[C@H]1N=Cc1ccccn1)c1ccccn1,False,True
CN1c2ccccc2Sc2cc(N=Cc3ccc4c(c3)N(C)c3ccccc3S4)ccc21,C(=Nc1ccc2c(c1)Sc1ccccc1N2)c1ccc2c(c1)Nc1ccccc1S2,C(=Nc1ccc2c(c1)Sc1ccccc1N2)c1ccc2c(c1)Nc1ccccc1S2,True,False
CCOC(=O)C1=C(c2ccc3ccccc3c2)NC(=O)C1=NNc1ccc(OC)cc1,O=C1NC(c2ccc3ccccc3c2)=CC1=NNc1ccccc1,O=C1NC(c2ccc3ccccc3c2)=CC1=NNc1ccccc1,True,False
COc1ccc(N=Nc2c(C)nn3c(N=Nc4ccc(OC)cc4)c(-c4ccccc4)[nH]c23)cc1,c1ccc(N=Nc2cnn3c(N=Nc4ccccc4)c(-c4ccccc4)[nH]c23)cc1,c1ccc(N=Nc2cnn3c(N=Nc4ccccc4)c(-c4ccccc4)[nH]c23)cc1,True,False
COc1ccc(-c2nc(C)cc(-c3ccc(-n4c5ccccc5c5ccccc54)cc3)n2)cc1,c1ccc(-c2nccc(-c3ccc(-n4c5ccccc5c5ccccc54)cc3)n2)cc1,c1ccc(-c2nccc(-c3ccc(-n4c5ccccc5c5ccccc54)cc3)n2)cc1,True,False
COc1ccc(N(c2ccc(-c3ccc(C=C(C#N)C(=O)O)o3)cc2)c2ccc(OC)cc2OC)c(OC)c1,c1ccc(N(c2ccccc2)c2ccc(-c3ccco3)cc2)cc1,c1ccc(N(c2ccccc2)c2ccc(-c3ccco3)cc2)cc1,True,False
CCOC(=O)c1c(N)sc2c1-c1ccccc1C2=Cc1ccc([N+](=O)[O-])cc1,C(=C1c2ccccc2-c2ccsc21)c1ccccc1,C(=C1c2ccccc2-c2ccsc21)c1ccccc1,True,False
CC1c2cc(-c3c4ccccc4cc4ccccc34)ccc2-c2cc3nc4c5ccccc5c5ccccc5c4nc3cc21,c1ccc2c(-c3ccc4c(c3)Cc3cc5nc6c7ccccc7c7ccccc7c6nc5cc3-4)c3ccccc3cc2c1,c1ccc2c(-c3ccc4c(c3)Cc3cc5nc6c7ccccc7c7ccccc7c6nc5cc3-4)c3ccccc3cc2c1,True,False
Oc1cccc(-c2ccccc2Cl)c1O,c1ccc(-c2ccccc2)cc1,c1ccc(-c2ccccc2)cc1,True,False
CC(C)(C)c1ccc(-c2ccc(C3=C4C(=O)NC(c5ccc(-c6ccc(C(C)(C)C)cc6)cc5)=C4C(=O)N3)cc2)cc1,O=C1NC(c2ccc(-c3ccccc3)cc2)=C2C(=O)NC(c3ccc(-c4ccccc4)cc3)=C12,O=C1NC(c2ccc(-c3ccccc3)cc2)=C2C(=O)NC(c3ccc(-c4ccccc4)cc3)=C12,True,False
CC(=O)Nc1ccccc1N=Nc1nc2ccccc2s1,c1ccc(N=Nc2nc3ccccc3s2)cc1,c1ccc(N=Nc2nc3ccccc3s2)cc1,False,True
CN1C(=CC=C2C=CC(=O)c3ncccc32)C(C)(C)c2cc([N+](=O)[O-])ccc21,O=C1C=CC(=CC=C2Cc3ccccc3N2)c2cccnc21,O=C1C=CC(=CC=C2Cc3ccccc3N2)c2cccnc21,True,False
Cc1cnc2c(n1)C(=O)NC(N)(C(=O)C(C)(C)C)N2,O=C1NCNc2nccnc21,O=C1NCNc2nccnc21,False,True
Cc1ccc2cc3c(ccc4ccccc43)c3c2c1CC3,c1cc2c3c(c4ccc5ccccc5c4cc3c1)CC2,c1cc2c3c(c4ccc5ccccc5c4cc3c1)CC2,False,True
Cc1c(C)c(-c2ccc3c(c2)c2ccccc2n3-c2ccccc2)c(C)c(C)c1-c1ccc2c(c1)c1ccccc1n2-c1ccccc1,c1ccc(-n2c3ccccc3c3cc(-c4ccc(-c5ccc6c(c5)c5ccccc5n6-c5ccccc5)cc4)ccc32)cc1,c1ccc(-n2c3ccccc3c3cc(-c4ccc(-c5ccc6c(c5)c5ccccc5n6-c5ccccc5)cc4)ccc32)cc1,True,False
COC(=O)c1ccc(C(=O)OC)nc1,c1ccncc1,c1ccncc1,False,True
CCc1nccnc1C(=O)C=Cc1ccc([N+](=O)[O-])cc1,O=C(C=Cc1ccccc1)c1cnccn1,O=C(C=Cc1ccccc1)c1cnccn1,True,False
CN1C(=CN=Nc2ccc(C=C3SC(=S)N(c4ccc(O)cc4)C3=O)cc2)C(C)(C)c2ccccc21,O=C1C(=Cc2ccc(N=NC=C3Cc4ccccc4N3)cc2)SC(=S)N1c1ccccc1,O=C1C(=Cc2ccc(N=NC=C3Cc4ccccc4N3)cc2)SC(=S)N1c1ccccc1,False,True
O=[N+]([O-])c1ccccc1N(N=Cc1ccccc1O)c1ccccc1,C(=NN(c1ccccc1)c1ccccc1)c1ccccc1,C(=NN(c1ccccc1)c1ccccc1)c1ccccc1,True,False
O=C1NC(c2ccccc2)=C2C(=O)OC(c3cccnc3)=C12,O=C1NC(c2ccccc2)=C2C(=O)OC(c3cccnc3)=C12,O=C1NC(c2ccccc2)=C2C(=O)OC(c3cccnc3)=C12,True,False
Nc1ccn([C@H]2C[C@H](O)[C@@H](COP(=O)(O)O)O2)c(=O)n1,O=c1ncccn1[C@H]1CCCO1,O=c1ncccn1[C@H]1CCCO1,True,False
CC1c2cc(-c3cccc4ccccc34)ccc2-c2cc3nc(-c4ccccc4)c(-c4ccccc4)nc3cc21,c1ccc(-c2nc3cc4c(cc3nc2-c2ccccc2)-c2ccc(-c3cccc5ccccc35)cc2C4)cc1,c1ccc(-c2nc3cc4c(cc3nc2-c2ccccc2)-c2ccc(-c3cccc5ccccc35)cc2C4)cc1,False,True
COC(=O)c1ccc2[nH]c(-c3ccccc3O)nc2c1C(=O)OC,c1ccc(-c2nc3ccccc3[nH]2)cc1,c1ccc(-c2nc3ccccc3[nH]2)cc1,True,False
Nc1ccc(C(=O)O)cc1,c1ccccc1,c1ccccc1,False,True
CC(=O)NCC(=O)NC1=CC(=O)C(=O)c2ccccc21,O=C1C=Cc2ccccc2C1=O,O=C1C=Cc2ccccc2C1=O,True,False
C(=Cc1nc(-c2ccco2)c(-c2ccco2)n1Cc1ccccc1)c1ccco1,C(=Cc1nc(-c2ccco2)c(-c2ccco2)n1Cc1ccccc1)c1ccco1,C(=Cc1nc(-c2ccco2)c(-c2ccco2)n1Cc1ccccc1)c1ccco1,True,False
CO[Si](CCCSC(=O)c1ccccc1O)(OC)OC,c1ccccc1,c1ccccc1,False,True
CCN(CC)c1ccc(-c2nc3c(c4c2-c2ccc(C#N)cc2CC4)-c2ccc(C#N)cc2CC3)cc1,c1ccc(-c2nc3c(c4c2-c2ccccc2CC4)-c2ccccc2CC3)cc1,c1ccc(-c2nc3c(c4c2-c2ccccc2CC4)-c2ccccc2CC3)cc1,True,False
CN(C)c1c2ccccc2c(N(C)C)c2ccccc12,c1ccc2cc3ccccc3cc2c1,c1ccc2cc3ccccc3cc2c1,False,True
Cn1c(-c2ccc(C=Cc3ccccc3)cc2)nc(C#N)c1C#N,C(=Cc1ccc(-c2ncc[nH]2)cc1)c1ccccc1,C(=Cc1ccc(-c2ncc[nH]2)cc1)c1ccccc1,True,False
Cc1cc(=O)[nH]c(C(=NNc2ccc([N+](=O)[O-])cc2)C(=O)c2ccccc2)n1,O=C(C(=NNc1ccccc1)c1nccc(=O)[nH]1)c1ccccc1,O=C(C(=NNc1ccccc1)c1nccc(=O)[nH]1)c1ccccc1,False,True
COC(=O)CCN(CCNc1ccc2c3c(cccc13)C(=O)N(CCN(CCC(=O)OC)CCC(=O)OC)C2=O)CCC(=O)OC,O=C1NC(=O)c2cccc3cccc1c23,O=C1NC(=O)c2cccc3cccc1c23,True,False
O=C1c2ccccc2C(=O)c2cc(N(Cc3ccccc3)Cc3ccccc3)ccc21,O=C1c2ccccc2C(=O)c2cc(N(Cc3ccccc3)Cc3ccccc3)ccc21,O=C1c2ccccc2C(=O)c2cc(N(Cc3ccccc3)Cc3ccccc3)ccc21,True,False
CN1CCN(c2ccc3nc(-c4ccc5c(c4)NC(=C4C=CC(=O)C=C4)N5)[nH]c3c2)CC1,O=C1C=CC(=C2Nc3ccc(-c4nc5ccc(N6CCNCC6)cc5[nH]4)cc3N2)C=C1,O=C1C=CC(=C2Nc3ccc(-c4nc5ccc(N6CCNCC6)cc5[nH]4)cc3N2)C=C1,True,False
Cc1nc2c(C#N)cnn2c2c1CCN2c1cccc(F)c1,c1ccc(N2CCc3cnc4ccnn4c32)cc1,c1ccc(N2CCc3cnc4ccnn4c32)cc1,False,True
O=c1ccc2cc(N=Cc3ccco3)ccc2o1,O=c1ccc2cc(N=Cc3ccco3)ccc2o1,O=c1ccc2cc(N=Cc3ccco3)ccc2o1,False,True
N#CC(=Cc1ccc(-c2ccc(-c3nc(-c4ccccc4)c(-c4ccccc4)[nH]3)cc2)cc1)C(=O)O,c1ccc(-c2ccc(-c3nc(-c4ccccc4)c(-c4ccccc4)[nH]3)cc2)cc1,c1ccc(-c2ccc(-c3nc(-c4ccccc4)c(-c4ccccc4)[nH]3)cc2)cc1,True,False
CCC1=C(C)C(=O)NC1=Cc1[nH]c(C(C)(C)c2[nH]c(C=C3NC(=O)C(C)=C3CC)c(C)c2CC(=O)OC)c(CC(=O)OC)c1C,O=C1C=CC(=Cc2ccc(Cc3ccc(C=C4C=CC(=O)N4)[nH]3)[nH]2)N1,O=C1C=CC(=Cc2ccc(Cc3ccc(C=C4C=CC(=O)N4)[nH]3)[nH]2)N1,False,True
COC(=O)[C@H](Cc1c(-c2ccc(C(F)(F)F)cc2)[nH]c2ccccc12)NC(C)=O,c1ccc(-c2cc3ccccc3[nH]2)cc1,c1ccc(-c2cc3ccccc3[nH]2)cc1,True,False
Cc1c(-c2cccs2)oc(-c2cccs2)c1C#N,c1csc(-c2ccc(-c3cccs3)o2)c1,c1csc(-c2ccc(-c3cccs3)o2)c1,True,False
CCn1c2ccccc2c2cc(N(c3ccc4c(c3)c3ccccc3n4CC)c3ccc4c(c3)c3ccccc3n4CC)ccc21,c1ccc2c(c1)[nH]c1ccc(N(c3ccc4[nH]c5ccccc5c4c3)c3ccc4[nH]c5ccccc5c4c3)cc12,c1ccc2c(c1)[nH]c1ccc(N(c3ccc4[nH]c5ccccc5c4c3)c3ccc4[nH]c5ccccc5c4c3)cc12,True,False
CCN(CC)c1ccc2c(O)cc(=O)oc2c1,O=c1ccc2ccccc2o1,O=c1ccc2ccccc2o1,False,True
Nc1nc2c(N=Nc3ccc(Cl)cc3)c(N)nn2c(N)c1N=Nc1ccc(Cl)cc1,c1ccc(N=Nc2cnc3c(N=Nc4ccccc4)cnn3c2)cc1,c1ccc(N=Nc2cnc3c(N=Nc4ccccc4)cnn3c2)cc1,False,True
CCN(CC)c1ccc2c(O)c(C(=O)C=CC=C3N(C)c4ccccc4C3(C)C)c(=O)oc2c1,O=C(C=CC=C1Cc2ccccc2N1)c1cc2ccccc2oc1=O,O=C(C=CC=C1Cc2ccccc2N1)c1cc2ccccc2oc1=O,True,False
O=C1OC(c2cc([N+](=O)[O-])cc([N+](=O)[O-])c2)=NC1=Cc1ccc(C2COCCOCCOCCNCCO2)cc1,O=C1OC(c2ccccc2)=NC1=Cc1ccc(C2COCCOCCOCCNCCO2)cc1,O=C1OC(c2ccccc2)=NC1=Cc1ccc(C2COCCOCCOCCNCCO2)cc1,True,False
CN(C)c1ccc(C(=C(C#N)C#N)C(c2ccc(N(C)C)cc2)=c2ccc(=C(C#N)C#N)cc2)cc1,C=C(C(c1ccccc1)=c1ccc(=C)cc1)c1ccccc1,C=C(C(c1ccccc1)=c1ccc(=C)cc1)c1ccccc1,True,False
O=C1C(=CC=C2C=C(c3ccccc3)OC(c3ccccc3)=C2)C(=O)c2cscc21,O=C1C(=CC=C2C=C(c3ccccc3)OC(c3ccccc3)=C2)C(=O)c2cscc21,O=C1C(=CC=C2C=C(c3ccccc3)OC(c3ccccc3)=C2)C(=O)c2cscc21,True,False
COc1nc(Cl)nc(Nc2ccc3cc4ccccc4cc3c2)n1,c1ccc2cc3cc(Nc4ncncn4)ccc3cc2c1,c1ccc2cc3cc(Nc4ncncn4)ccc3cc2c1,False,True
O=C1ON=C(c2ccccc2)C1=CC=C1Sc2ccccc2N1CC(O)CO,O=C1ON=C(c2ccccc2)C1=CC=C1Nc2ccccc2S1,O=C1ON=C(c2ccccc2)C1=CC=C1Nc2ccccc2S1,False,True
Cc1ccccc1-c1cccc(-c2ccccc2C)n1,c1ccc(-c2cccc(-c3ccccc3)n2)cc1,c1ccc(-c2cccc(-c3ccccc3)n2)cc1,True,False
Cc1ccc2c(C=Nc3c(C)cccc3C)ccc(O)c2n1,C(=Nc1ccccc1)c1cccc2ncccc12,C(=Nc1ccccc1)c1cccc2ncccc12,True,False
CN(C)c1ccc(C=Nc2nc(C#N)c(N)nc2C#N)cc1,C(=Nc1cnccn1)c1ccccc1,C(=Nc1cnccn1)c1ccccc1,True,False
COc1ccccc1C=c1oc(=Cc2ccccc2)c2ccccc12,C(c1ccccc1)=c1oc(=Cc2ccccc2)c2ccccc12,C(c1ccccc1)=c1oc(=Cc2ccccc2)c2ccccc12,True,False
Nc1nc(=O)n([C@@H]2CS[C@H](CO)O2)cc1F,O=c1ncccn1[C@@H]1CSCO1,O=c1ncccn1[C@@H]1CSCO1,True,False
Cn1cc(C=C(C#N)c2ccc(C=C(C#N)C(=O)O)s2)c2cc([N+](=O)[O-])ccc21,C(=Cc1c[nH]c2ccccc12)c1cccs1,C(=Cc1c[nH]c2ccccc12)c1cccs1,True,False
CC1CCC(=CSC=Cc2ccc(-c3ccc(C=CSC=C4CCC(C)CC4)cc3)cc2)CC1,C(=Cc1ccc(-c2ccc(C=CSC=C3CCCCC3)cc2)cc1)SC=C1CCCCC1,C(=Cc1ccc(-c2ccc(C=CSC=C3CCCCC3)cc2)cc1)SC=C1CCCCC1,True,False
CC(=C(C#N)C#N)c1ccc2cc(N(C)CCOC(=O)CCC(=O)O)ccc2c1,c1ccc2ccccc2c1,c1ccc2ccccc2c1,True,False
Cc1cccc(C(=O)Oc2c([N+](=O)[O-])cc([N+](=O)[O-])cc2[N+](=O)[O-])c1,O=C(Oc1ccccc1)c1ccccc1,O=C(Oc1ccccc1)c1ccccc1,False,True
COc1ccc(-c2c(OC)c(OC)cc3c(-c4ccc(C(F)(F)F)cc4)ncnc23)cc1,c1ccc(-c2ncnc3c(-c4ccccc4)cccc23)cc1,c1ccc(-c2ncnc3c(-c4ccccc4)cccc23)cc1,True,False
CN(C)c1ccc(-c2cc(C#N)c(-c3sc(-c4ccc(N(C)C)cc4)cc3C#N)s2)cc1,c1ccc(-c2ccc(-c3ccc(-c4ccccc4)s3)s2)cc1,c1ccc(-c2ccc(-c3ccc(-c4ccccc4)s3)s2)cc1,False,True
CCN(CC)c1ccc2c3c(c(=O)oc2c1)C(C=Cc1ccc2c(c1)c1ccccc1n2CC)=[O+][B-](F)(F)O3,O=c1oc2ccccc2c2c1C(C=Cc1ccc3[nH]c4ccccc4c3c1)=[O+][BH2-]O2,O=c1oc2ccccc2c2c1C(C=Cc1ccc3[nH]c4ccccc4c3c1)=[O+][BH2-]O2,True,False
c1ccc([Si](c2ccccc2)(c2ccccc2)c2cccc(-c3cccc([Si](c4ccccc4)(c4ccccc4)c4ccccc4)c3)c2)cc1,c1ccc([Si](c2ccccc2)(c2ccccc2)c2cccc(-c3cccc([Si](c4ccccc4)(c4ccccc4)c4ccccc4)c3)c2)cc1,c1ccc([Si](c2ccccc2)(c2ccccc2)c2cccc(-c3cccc([Si](c4ccccc4)(c4ccccc4)c4ccccc4)c3)c2)cc1,False,True
N#CC(C#N)=Cc1cc2c3c(c1)CCCN3CCC2,c1cc2c3c(c1)CCCN3CCC2,c1cc2c3c(c1)CCCN3CCC2,False,True
O=C(O)c1cc2ccccc2c(N=Nc2ccc3ccccc3c2)c1O,c1ccc2cc(N=Nc3cccc4ccccc34)ccc2c1,c1ccc2cc(N=Nc3cccc4ccccc34)ccc2c1,False,True
Cc1cnc(N=Nc2ccc(O)c3ncccc23)s1,c1cc(N=Nc2nccs2)c2cccnc2c1,c1cc(N=Nc2nccs2)c2cccnc2c1,True,False
Oc1ccc(N=Nc2nc(-c3ccc(Br)cc3)cs2)c2cccnc12,c1ccc(-c2csc(N=Nc3cccc4ncccc34)n2)cc1,c1ccc(-c2csc(N=Nc3cccc4ncccc34)n2)cc1,True,False
O=c1oc2ccccc2c(O)c1N=Nc1nnc[nH]1,O=c1oc2ccccc2cc1N=Nc1nnc[nH]1,O=c1oc2ccccc2cc1N=Nc1nnc[nH]1,True,False
C(=Cc1cc2ccccc2c2c1OC(c1ccccc1)(c1ccccc1)C=C2)c1cc2ccccc2c2c1OC(c1ccccc1)(c1ccccc1)C=C2,C(=Cc1cc2ccccc2c2c1OC(c1ccccc1)(c1ccccc1)C=C2)c1cc2ccccc2c2c1OC(c1ccccc1)(c1ccccc1)C=C2,C(=Cc1cc2ccccc2c2c1OC(c1ccccc1)(c1ccccc1)C=C2)c1cc2ccccc2c2c1OC(c1ccccc1)(c1ccccc1)C=C2,True,False
COc1ccc(N(c2ccc(C=C3C(=O)c4ccccc4C3=O)cc2)c2ccc(OC)cc2)cc1,O=C1C(=Cc2ccc(N(c3ccccc3)c3ccccc3)cc2)C(=O)c2ccccc21,O=C1C(=Cc2ccc(N(c3ccccc3)c3ccccc3)cc2)C(=O)c2ccccc21,True,False
O=Cc1ccc(-c2scc3c2OCCO3)cc1,c1ccc(-c2scc3c2OCCO3)cc1,c1ccc(-c2scc3c2OCCO3)cc1,True,False
N[C@@H](Cc1ccc(O)cc1)C(=O)O,c1ccccc1,c1ccccc1,False,True
Cn1c2nc(-c3ccccc3)nc(=O)c-2[n+]([O-])c2ccccc21,O=c1nc(-c2ccccc2)nc2[nH]c3ccccc3[nH+]c1-2,O=c1nc(-c2ccccc2)nc2[nH]c3ccccc3[nH+]c1-2,True,False
COc1ccccc1C=O,c1ccccc1,c1ccccc1,False,True
COC(=O)c1cc(C(=O)OC)n2ncccc12,c1cnn2cccc2c1,c1cnn2cccc2c1,True,False
COc1ccc(-c2ccc(C(C#N)=Cc3ccc(-c4csc(C=C(C#N)c5ccccc5)c4)cc3)cc2)cc1,C(=Cc1cc(-c2ccc(C=Cc3ccc(-c4ccccc4)cc3)cc2)cs1)c1ccccc1,C(=Cc1cc(-c2ccc(C=Cc3ccc(-c4ccccc4)cc3)cc2)cs1)c1ccccc1,True,False
CC(=O)N1CCN(CCCOc2ccc(C=CC(=O)c3nnn(-c4ccnc5cc(Cl)ccc45)c3C)cc2)CC1,O=C(C=Cc1ccc(OCCCN2CCNCC2)cc1)c1cn(-c2ccnc3ccccc23)nn1,O=C(C=Cc1ccc(OCCCN2CCNCC2)cc1)c1cn(-c2ccnc3ccccc23)nn1,True,False
CCOC(=O)c1c(C(=O)OC)c(C(=O)OC)c2ccc(-c3ccc(Br)cc3)nn12,c1ccc(-c2ccc3cccn3n2)cc1,c1ccc(-c2ccc3cccn3n2)cc1,True,False
COc1ccc(N(c2ccc(OC)cc2)c2ccc(-c3ccc(C=C(C#N)C(=O)O)o3)cc2)cc1,c1ccc(N(c2ccccc2)c2ccc(-c3ccco3)cc2)cc1,c1ccc(N(c2ccccc2)c2ccc(-c3ccco3)cc2)cc1,True,False
CSc1nnc(-c2sc3nc(-c4ccccc4)nc(C)c3c2-n2cccc2)o1,c1ccc(-c2ncc3c(-n4cccc4)c(-c4nnco4)sc3n2)cc1,c1ccc(-c2ncc3c(-n4cccc4)c(-c4nnco4)sc3n2)cc1,True,False
Cc1cc(C2=C(c3cc(C)sc3C)C3=C(c4cccc5ccccc45)C(=O)CC3C2)c(C)s1,O=C1CC2CC(c3ccsc3)=C(c3ccsc3)C2=C1c1cccc2ccccc12,O=C1CC2CC(c3ccsc3)=C(c3ccsc3)C2=C1c1cccc2ccccc12,False,True
CN1C(=O)c2cccc3cc(N=Cc4ccc(C=Nc5cc6c7c(cccc7c5)C(=O)N(C)C6=O)s4)cc(c23)C1=O,O=C1NC(=O)c2cc(N=Cc3ccc(C=Nc4cc5c6c(cccc6c4)C(=O)NC5=O)s3)cc3cccc1c23,O=C1NC(=O)c2cc(N=Cc3ccc(C=Nc4cc5c6c(cccc6c4)C(=O)NC5=O)s3)cc3cccc1c23,True,False
CCN(CC)c1ccc(C=C2CC(=Cc3ccc(N(CC)CC)cc3)C2=O)cc1,O=C1C(=Cc2ccccc2)CC1=Cc1ccccc1,O=C1C(=Cc2ccccc2)CC1=Cc1ccccc1,True,False
CCn1c(-c2ccc3cccc(O)c3n2)nc2cc(Cl)ccc21,c1ccc2nc(-c3nc4ccccc4[nH]3)ccc2c1,c1ccc2nc(-c3nc4ccccc4[nH]3)ccc2c1,False,True
CC(C=O)c1ccccc1,c1ccccc1,c1ccccc1,False,True
c1ccc(N(c2ccccc2)c2ccc3ccc4cccc5ccc2c3c45)cc1,c1ccc(N(c2ccccc2)c2ccc3ccc4cccc5ccc2c3c45)cc1,c1ccc(N(c2ccccc2)c2ccc3ccc4cccc5ccc2c3c45)cc1,False,True
O=[N+]([O-])c1ccc2nc(-c3ccccc3)cc(-c3ccccc3)c2c1,c1ccc(-c2cc(-c3ccccc3)c3ccccc3n2)cc1,c1ccc(-c2cc(-c3ccccc3)c3ccccc3n2)cc1,True,False
O=C1C2=Cc3cccnc3C2=NC=C1n1c2ccccc2c2ccccc21,O=C1C2=Cc3cccnc3C2=NC=C1n1c2ccccc2c2ccccc21,O=C1C2=Cc3cccnc3C2=NC=C1n1c2ccccc2c2ccccc21,True,False
CCOC(=O)C1=C(c2ccccc2)NC(=O)C1=Cc1ccccc1,O=C1NC(c2ccccc2)=CC1=Cc1ccccc1,O=C1NC(c2ccccc2)=CC1=Cc1ccccc1,False,True
NC(=O)[C@H](CC(=O)O)NC(=O)[C@H](Cc1ccccc1)N[C@@H](CCc1ccccc1)C(=O)O,c1ccc(CCCNCCc2ccccc2)cc1,c1ccc(CCCNCCc2ccccc2)cc1,True,False
c1ccc(C2(c3ccccc3)c3ccc(-n4c5ccccc5c5ccccc54)cc3-c3cc(-n4c5ccccc5c5ccccc54)ccc32)cc1,c1ccc(C2(c3ccccc3)c3ccc(-n4c5ccccc5c5ccccc54)cc3-c3cc(-n4c5ccccc5c5ccccc54)ccc32)cc1,c1ccc(C2(c3ccccc3)c3ccc(-n4c5ccccc5c5ccccc54)cc3-c3cc(-n4c5ccccc5c5ccccc54)ccc32)cc1,True,False
Fc1ccccc1,c1ccccc1,c1ccccc1,False,True
O=C(C=Cc1ccc(N(c2ccccc2)c2ccccc2)cc1)c1ccc(Br)s1,O=C(C=Cc1ccc(N(c2ccccc2)c2ccccc2)cc1)c1cccs1,O=C(C=Cc1ccc(N(c2ccccc2)c2ccccc2)cc1)c1cccs1,False,True
Fc1cc2c(c3ccccc13)-c1ccc3c4cccc5cccc(c6ccc-2c1c63)c54,c1ccc2c3c(ccc2c1)-c1ccc2c4cccc5cccc(c6ccc-3c1c26)c54,c1ccc2c3c(ccc2c1)-c1ccc2c4cccc5cccc(c6ccc-3c1c26)c54,True,False
Cn1c2cc(-c3ccc(-c4ccccc4)cc3)c3cc4ccccc4c4oc5c6ccccc6cc6c(-c7ccc(-c8ccccc8)cc7)cc1c(c65)c2c34,c1ccc(-c2ccc(-c3cc4[nH]c5cc(-c6ccc(-c7ccccc7)cc6)c6cc7ccccc7c7oc8c9ccccc9cc3c8c4c5c67)cc2)cc1,c1ccc(-c2ccc(-c3cc4[nH]c5cc(-c6ccc(-c7ccccc7)cc6)c6cc7ccccc7c7oc8c9ccccc9cc3c8c4c5c67)cc2)cc1,True,False
Fc1ccc2snnc2c1F,c1ccc2snnc2c1,c1ccc2snnc2c1,False,True
N#Cc1ccc(-n2ccc3c(-c4ccc(-n5c6ccccc6c6ccccc65)cc4)nc(-c4ccc(-n5c6ccccc6c6ccccc65)cc4)nc32)cc1,c1ccc(-n2ccc3c(-c4ccc(-n5c6ccccc6c6ccccc65)cc4)nc(-c4ccc(-n5c6ccccc6c6ccccc65)cc4)nc32)cc1,c1ccc(-n2ccc3c(-c4ccc(-n5c6ccccc6c6ccccc65)cc4)nc(-c4ccc(-n5c6ccccc6c6ccccc65)cc4)nc32)cc1,True,False
CN(c1ccccc1)c1ccc(C=C(C#N)c2ccc(C=C(C#N)C(=O)O)s2)cc1,C(=Cc1cccs1)c1ccc(Nc2ccccc2)cc1,C(=Cc1cccs1)c1ccc(Nc2ccccc2)cc1,True,False
COc1ccc(-c2nc3c4ccccc4c4ccccc4c3n2-c2ccccc2)c2ccccc12,c1ccc(-n2c(-c3cccc4ccccc34)nc3c4ccccc4c4ccccc4c32)cc1,c1ccc(-n2c(-c3cccc4ccccc34)nc3c4ccccc4c4ccccc4c32)cc1,False,True
Cn1c2cc(C=C(C#N)C(=O)O)ccc2c2ccc(-c3ccc(-n4c5ccc(C(C)(C)C)cc5c5cc(C(C)(C)C)ccc54)cc3)cc21,c1ccc2c(c1)[nH]c1cc(-c3ccc(-n4c5ccccc5c5ccccc54)cc3)ccc12,c1ccc2c(c1)[nH]c1cc(-c3ccc(-n4c5ccccc5c5ccccc54)cc3)ccc12,True,False
CC(C)(C)c1ccc(Cn2nc(-c3ccc(Cl)cc3)cc2-c2nnc(COc3ccc([N+](=O)[O-])cc3)o2)cc1,c1ccc(Cn2nc(-c3ccccc3)cc2-c2nnc(COc3ccccc3)o2)cc1,c1ccc(Cn2nc(-c3ccccc3)cc2-c2nnc(COc3ccccc3)o2)cc1,True,False
COC(=O)c1ccccc1,c1ccccc1,c1ccccc1,False,True
c1cc(-c2cnc3c(ccc4cc(-c5ccsc5)cnc43)c2)cs1,c1cc(-c2cnc3c(ccc4cc(-c5ccsc5)cnc43)c2)cs1,c1cc(-c2cnc3c(ccc4cc(-c5ccsc5)cnc43)c2)cs1,True,False
O=C1OC(OCc2ccccc2)C(Nc2cccc(Cl)c2)=C1Br,O=C1C=C(Nc2ccccc2)C(OCc2ccccc2)O1,O=C1C=C(Nc2ccccc2)C(OCc2ccccc2)O1,False,True
c1cnc2nccnc2c1,c1cnc2nccnc2c1,c1cnc2nccnc2c1,True,False
COc1ccc(C=Cc2sc(C=C(C#N)c3cccs3)c3c2OCCO3)cc1,C(=Cc1sc(C=Cc2cccs2)c2c1OCCO2)c1ccccc1,C(=Cc1sc(C=Cc2cccs2)c2c1OCCO2)c1ccccc1,False,True
O=C1NC(c2ccc(C=Cc3ccccc3)cc2)=C2C(=O)NC(c3ccc(C=Cc4ccccc4)cc3)=C12,O=C1NC(c2ccc(C=Cc3ccccc3)cc2)=C2C(=O)NC(c3ccc(C=Cc4ccccc4)cc3)=C12,O=C1NC(c2ccc(C=Cc3ccccc3)cc2)=C2C(=O)NC(c3ccc(C=Cc4ccccc4)cc3)=C12,True,False
Cc1cc(=O)oc2cc3cc(-c4cn(Cc5ccccc5)nn4)ccc3cc12,O=c1ccc2cc3ccc(-c4cn(Cc5ccccc5)nn4)cc3cc2o1,O=c1ccc2cc3ccc(-c4cn(Cc5ccccc5)nn4)cc3cc2o1,True,False
COC(=O)c1ccc(-c2ccc(-c3ccncc3)cn2)nc1,c1ccc(-c2ccc(-c3ccncc3)cn2)nc1,c1ccc(-c2ccc(-c3ccncc3)cn2)nc1,False,True
Cc1noc2nc3c(F)c(F)c(F)c(F)c3cc12,c1ccc2nc3oncc3cc2c1,c1ccc2nc3oncc3cc2c1,True,False
COc1ccc(-c2ccc(C(C#N)=Cc3ccc(N(c4ccccc4)c4ccccc4)cc3)cc2)cc1,C(=Cc1ccc(N(c2ccccc2)c2ccccc2)cc1)c1ccc(-c2ccccc2)cc1,C(=Cc1ccc(N(c2ccccc2)c2ccccc2)cc1)c1ccc(-c2ccccc2)cc1,True,False
COc1ccc(N=C2SCC(=O)N2Cc2c3ccccc3nc3ccccc23)cc1,O=C1CSC(=Nc2ccccc2)N1Cc1c2ccccc2nc2ccccc12,O=C1CSC(=Nc2ccccc2)N1Cc1c2ccccc2nc2ccccc12,False,True
C=C(c1ccc(N(CC)CC)cc1)c1cccc(C(=C)c2ccc(N(CC)CC)cc2)c1,C=C(c1ccccc1)c1cccc(C(=C)c2ccccc2)c1,C=C(c1ccccc1)c1cccc(C(=C)c2ccccc2)c1,True,False
CN1C(=CC2=C([O-])C(=Cc3sc4ccccc4[n+]3C)C2=C(C#N)C#N)Sc2ccccc21,C=C1C(C=C2Nc3ccccc3S2)=CC1=Cc1[nH+]c2ccccc2s1,C=C1C(C=C2Nc3ccccc3S2)=CC1=Cc1[nH+]c2ccccc2s1,True,False
C=CC(=O)Nc1ccc2nc(N3CCOCC3)c(N3CCOCC3)nc2c1,c1ccc2nc(N3CCOCC3)c(N3CCOCC3)nc2c1,c1ccc2nc(N3CCOCC3)c(N3CCOCC3)nc2c1,True,False
Nc1ccc(O)c(-c2nc3ccccc3s2)c1,c1ccc(-c2nc3ccccc3s2)cc1,c1ccc(-c2nc3ccccc3s2)cc1,True,False
c1ccc(-c2nc3c(-n4c5ccccc5c5ccccc54)ccc(-n4c5ccccc5c5ccccc54)c3nc2-c2ccccc2)cc1,c1ccc(-c2nc3c(-n4c5ccccc5c5ccccc54)ccc(-n4c5ccccc5c5ccccc54)c3nc2-c2ccccc2)cc1,c1ccc(-c2nc3c(-n4c5ccccc5c5ccccc54)ccc(-n4c5ccccc5c5ccccc54)c3nc2-c2ccccc2)cc1,True,False
Cc1ccccc1S(=O)(=O)O,c1ccccc1,c1ccccc1,False,True
c1ccc(-c2cc3c(-c4cccc5ccccc45)c4ccccc4c(-c4cccc5ccccc45)c3cc2-c2ccccc2)cc1,c1ccc(-c2cc3c(-c4cccc5ccccc45)c4ccccc4c(-c4cccc5ccccc45)c3cc2-c2ccccc2)cc1,c1ccc(-c2cc3c(-c4cccc5ccccc45)c4ccccc4c(-c4cccc5ccccc45)c3cc2-c2ccccc2)cc1,False,True
C1=Cc2cc3ccc(cc4nc(cc5ccc(cc1n2)[nH]5)C=C4)[nH]3,C1=Cc2cc3ccc(cc4nc(cc5ccc(cc1n2)[nH]5)C=C4)[nH]3,C1=Cc2cc3ccc(cc4nc(cc5ccc(cc1n2)[nH]5)C=C4)[nH]3,True,False
CCN(CC)C(=O)c1ccsc1,c1ccsc1,c1ccsc1,True,False
CCCCn1c2ccc(C#Cc3cccs3)cc2c2cc(C#Cc3cccs3)ccc21,C(#Cc1cccs1)c1ccc2[nH]c3ccc(C#Cc4cccs4)cc3c2c1,C(#Cc1cccs1)c1ccc2[nH]c3ccc(C#Cc4cccs4)cc3c2c1,True,False
Nc1nn(N=Nn2cccn2)c(N)c1-c1ccccc1,c1ccc(-c2cnn(N=Nn3cccn3)c2)cc1,c1ccc(-c2cnn(N=Nn3cccn3)c2)cc1,True,False
Clc1cc(N2CC2)nc(N2CC2)n1,c1cc(N2CC2)nc(N2CC2)n1,c1cc(N2CC2)nc(N2CC2)n1,True,False
O=C(CC(=O)c1cccc(C(=O)CC(=O)c2ccccc2)n1)c1ccccc1,O=C(CC(=O)c1cccc(C(=O)CC(=O)c2ccccc2)n1)c1ccccc1,O=C(CC(=O)c1cccc(C(=O)CC(=O)c2ccccc2)n1)c1ccccc1,True,False
Cc1ccc2nc(-c3ccc(C4=C(F)CC(c5ccccc5)(c5nc6ccc(C)cc6[nH]5)C=C4)cc3)[nH]c2c1,C1=CC(c2ccccc2)(c2nc3ccccc3[nH]2)CC=C1c1ccc(-c2nc3ccccc3[nH]2)cc1,C1=CC(c2ccccc2)(c2nc3ccccc3[nH]2)CC=C1c1ccc(-c2nc3ccccc3[nH]2)cc1,True,False
N#CC(=Cc1ccc(-c2ccc(-c3ccc(N(c4ccc(C=Cc5ccccc5)cc4)c4ccc(C=Cc5ccccc5)cc4)cc3)s2)s1)C(=O)O,C(=Cc1ccc(N(c2ccc(C=Cc3ccccc3)cc2)c2ccc(-c3ccc(-c4cccs4)s3)cc2)cc1)c1ccccc1,C(=Cc1ccc(N(c2ccc(C=Cc3ccccc3)cc2)c2ccc(-c3ccc(-c4cccs4)s3)cc2)cc1)c1ccccc1,False,True
CCOC(=O)c1c(O)c(N=Nc2ccc([N+](=O)[O-])cc2)c2ccccc2c1O,c1ccc(N=Nc2cccc3ccccc23)cc1,c1ccc(N=Nc2cccc3ccccc23)cc1,True,False
Fc1ccc(-n2c(N=Nc3nc4ccccc4s3)ccc2-c2cccs2)cc1,c1ccc(-n2c(N=Nc3nc4ccccc4s3)ccc2-c2cccs2)cc1,c1ccc(-n2c(N=Nc3nc4ccccc4s3)ccc2-c2cccs2)cc1,True,False
CN(C)c1ccc(C=CC2=CC(=C(C#N)C#N)C=C(C=Cc3ccc(N(C)C)cc3)O2)cc1,C=C1C=C(C=Cc2ccccc2)OC(C=Cc2ccccc2)=C1,C=C1C=C(C=Cc2ccccc2)OC(C=Cc2ccccc2)=C1,True,False
CC(=O)C(Cl)c1ccc(Cl)cc1,c1ccccc1,c1ccccc1,False,True
COc1ccc(N(c2ccc(OC)cc2)c2ccc(-c3ccc(-c4ccc(-c5cccs5)c5nsnc45)s3)cc2)cc1,c1ccc(N(c2ccccc2)c2ccc(-c3ccc(-c4ccc(-c5cccs5)c5nsnc45)s3)cc2)cc1,c1ccc(N(c2ccccc2)c2ccc(-c3ccc(-c4ccc(-c5cccs5)c5nsnc45)s3)cc2)cc1,True,False
Cc1ccc(N(c2ccc(C)cc2)c2ccc(-c3sc(C=C(C#N)C(=O)O)cc3C=Cc3ccc(C)s3)cc2)cc1,C(=Cc1ccsc1-c1ccc(N(c2ccccc2)c2ccccc2)cc1)c1cccs1,C(=Cc1ccsc1-c1ccc(N(c2ccccc2)c2ccccc2)cc1)c1cccs1,True,False
Cc1cc(O)ccc1C1(c2ccc(O)cc2C)OS(=O)(=O)c2ccccc21,O=S1(=O)OC(c2ccccc2)(c2ccccc2)c2ccccc21,O=S1(=O)OC(c2ccccc2)(c2ccccc2)c2ccccc21,False,True
O=S(=O)(O)c1cc2cc(S(=O)(=O)O)c(N=Nc3ccccc3O)c(O)c2c(O)c1N=Nc1ccccc1O,c1ccc(N=Nc2ccc3ccc(N=Nc4ccccc4)cc3c2)cc1,c1ccc(N=Nc2ccc3ccc(N=Nc4ccccc4)cc3c2)cc1,True,False
COc1cc(C=CC2=CC(=C(C#N)C#N)CC(C)(C)C2)ccc1O,C=C1C=C(C=Cc2ccccc2)CCC1,C=C1C=C(C=Cc2ccccc2)CCC1,True,False
N#CC(C#N)=C1c2cccnc2-c2ncc(-n3c4ccccc4c4ccccc43)cc21,C=C1c2cccnc2-c2ncc(-n3c4ccccc4c4ccccc43)cc21,C=C1c2cccnc2-c2ncc(-n3c4ccccc4c4ccccc43)cc21,True,False
COc1ccc(N=Nc2sc(N)nc2-c2ccc(NC(=O)c3ccccc3)cc2)cc1,O=C(Nc1ccc(-c2ncsc2N=Nc2ccccc2)cc1)c1ccccc1,O=C(Nc1ccc(-c2ncsc2N=Nc2ccccc2)cc1)c1ccccc1,True,False
COc1ccc(N2CCc3c(C)nc4c(C#N)cnn4c32)cc1,c1ccc(N2CCc3cnc4ccnn4c32)cc1,c1ccc(N2CCc3cnc4ccnn4c32)cc1,False,True
Nc1ccc2nc(-c3ccc(-c4cccs4)s3)cc(-c3ccccc3)c2c1,c1ccc(-c2cc(-c3ccc(-c4cccs4)s3)nc3ccccc23)cc1,c1ccc(-c2cc(-c3ccc(-c4cccs4)s3)nc3ccccc23)cc1,True,False
COc1ccc(-c2ccc(-c3ccc4cccc(OC)c4n3)nc2)cc1,c1ccc(-c2ccc(-c3ccc4ccccc4n3)nc2)cc1,c1ccc(-c2ccc(-c3ccc4ccccc4n3)nc2)cc1,False,True
Cc1nc2c(C#N)cnn2c2c1CCN2c1ccc(Cl)cc1,c1ccc(N2CCc3cnc4ccnn4c32)cc1,c1ccc(N2CCc3cnc4ccnn4c32)cc1,False,True
Cc1cccc(N=Nc2ccc(O)c(C=Nc3ccc(C(=O)O)cc3)c2)c1,C(=Nc1ccccc1)c1cccc(N=Nc2ccccc2)c1,C(=Nc1ccccc1)c1cccc(N=Nc2ccccc2)c1,False,True
CN(c1ccccc1)c1ccc(C=CS(=O)(=O)C=Cc2ccc(N(C)c3ccccc3)cc2)cc1,O=S(=O)(C=Cc1ccc(Nc2ccccc2)cc1)C=Cc1ccc(Nc2ccccc2)cc1,O=S(=O)(C=Cc1ccc(Nc2ccccc2)cc1)C=Cc1ccc(Nc2ccccc2)cc1,True,False
c1cc2cc3sccc3cc2s1,c1cc2cc3sccc3cc2s1,c1cc2cc3sccc3cc2s1,True,False
COc1ccc(C=Nc2nc(C#N)c(N)nc2C#N)cc1,C(=Nc1cnccn1)c1ccccc1,C(=Nc1cnccn1)c1ccccc1,True,False
Oc1ccc(Cl)cc1O,c1ccccc1,c1ccccc1,False,True
COC(=O)CCN(CCNc1ccc2c3n(c(=O)c4cccc1c42)CCN=3)CCC(=O)OC,O=c1c2cccc3cccc(c4n1CCN=4)c32,O=c1c2cccc3cccc(c4n1CCN=4)c32,True,False
Cc1cc(C)c(-c2ccc(-c3ccc(-c4sccc4C)s3)s2)s1,c1csc(-c2ccc(-c3ccc(-c4cccs4)s3)s2)c1,c1csc(-c2ccc(-c3ccc(-c4cccs4)s3)s2)c1,True,False
O=S(=O)(O)c1ccc(N=Nc2c(S(=O)(=O)O)cc3ccc(NC4=CC(Nc5ccccc5)=NN(Cl)N4)cc3c2O)cc1,C1=C(Nc2ccc3ccc(N=Nc4ccccc4)cc3c2)NNN=C1Nc1ccccc1,C1=C(Nc2ccc3ccc(N=Nc4ccccc4)cc3c2)NNN=C1Nc1ccccc1,True,False
c1ccc2cc3cc(-c4nc5c6cccnc6c6ncccc6c5[nH]4)ccc3cc2c1,c1ccc2cc3cc(-c4nc5c6cccnc6c6ncccc6c5[nH]4)ccc3cc2c1,c1ccc2cc3cc(-c4nc5c6cccnc6c6ncccc6c5[nH]4)ccc3cc2c1,True,False
Cc1cn([C@H]2C[C@H](O)[C@@H](C(O)n3cc(COc4ccc5c(C)cc(=O)oc5c4)nn3)O2)c(=O)[nH]c1=O,O=c1ccn([C@H]2CC[C@@H](Cn3cc(COc4ccc5ccc(=O)oc5c4)nn3)O2)c(=O)[nH]1,O=c1ccn([C@H]2CC[C@@H](Cn3cc(COc4ccc5ccc(=O)oc5c4)nn3)O2)c(=O)[nH]1,True,False
C(#Cc1ccc2ccccc2c1)c1ccc(-n2c3ccccc3c3ccccc32)cc1,C(#Cc1ccc2ccccc2c1)c1ccc(-n2c3ccccc3c3ccccc32)cc1,C(#Cc1ccc2ccccc2c1)c1ccc(-n2c3ccccc3c3ccccc32)cc1,True,False
CCC1=CNN(N=Nc2ccc(O)c3ncccc23)S1,C1=CSN(N=Nc2cccc3ncccc23)N1,C1=CSN(N=Nc2cccc3ncccc23)N1,False,True
CC(C)c1ccc(C=Cc2ccc(-c3nc(-c4ccccc4)c(-c4ccccc4)n3-c3ccccc3)cc2)cc1,C(=Cc1ccc(-c2nc(-c3ccccc3)c(-c3ccccc3)n2-c2ccccc2)cc1)c1ccccc1,C(=Cc1ccc(-c2nc(-c3ccccc3)c(-c3ccccc3)n2-c2ccccc2)cc1)c1ccccc1,False,True
Cn1c(-c2ccc(-c3ccc(C=C(C#N)C(=O)O)cc3)cc2)nc2c(-c3cccs3)sc(-c3cccs3)c21,c1ccc(-c2ccc(-c3nc4c(-c5cccs5)sc(-c5cccs5)c4[nH]3)cc2)cc1,c1ccc(-c2ccc(-c3nc4c(-c5cccs5)sc(-c5cccs5)c4[nH]3)cc2)cc1,True,False
Cc1ccc(N(c2ccc(C)cc2)c2ccc(C=CC(=O)c3cc(C)sc3C)cc2)cc1,O=C(C=Cc1ccc(N(c2ccccc2)c2ccccc2)cc1)c1ccsc1,O=C(C=Cc1ccc(N(c2ccccc2)c2ccccc2)cc1)c1ccsc1,True,False
c1cnc2c(c1)c1nc[nH]c1c1cccnc12,c1cnc2c(c1)c1nc[nH]c1c1cccnc12,c1cnc2c(c1)c1nc[nH]c1c1cccnc12,True,False
c1ccc(Cn2c3ccccc3c3c2c2c4ccccc4n(Cc4ccccc4)c2c2c4ccccc4n(Cc4ccccc4)c32)cc1,c1ccc(Cn2c3ccccc3c3c2c2c4ccccc4n(Cc4ccccc4)c2c2c4ccccc4n(Cc4ccccc4)c32)cc1,c1ccc(Cn2c3ccccc3c3c2c2c4ccccc4n(Cc4ccccc4)c2c2c4ccccc4n(Cc4ccccc4)c32)cc1,True,False
CC1=CC(=O)c2cccc3c(OC4CC(c5cc(C)sc5C)=C(c5cc(C)sc5C)C4=O)ccc1c23,O=C1C=Cc2ccc(OC3CC(c4ccsc4)=C(c4ccsc4)C3=O)c3cccc1c23,O=C1C=Cc2ccc(OC3CC(c4ccsc4)=C(c4ccsc4)C3=O)c3cccc1c23,True,False
COc1ccc2c(c1)c(C1=C(c3cc(-c4ccc(Br)cc4)sc3C)C(=O)N(C(C)C)C1=O)c(C)n2C,O=C1NC(=O)C(c2c[nH]c3ccccc23)=C1c1csc(-c2ccccc2)c1,O=C1NC(=O)C(c2c[nH]c3ccccc23)=C1c1csc(-c2ccccc2)c1,True,False
N#CC(=Cc1ccc2ccccc2c1)c1ccc(N(c2ccccc2)c2cccc3ccccc23)cc1,C(=Cc1ccc2ccccc2c1)c1ccc(N(c2ccccc2)c2cccc3ccccc23)cc1,C(=Cc1ccc2ccccc2c1)c1ccc(N(c2ccccc2)c2cccc3ccccc23)cc1,True,False
COc1ccc(-c2sc(-c3ccc(OC)s3)c([N+](=O)[O-])c2[N+](=O)[O-])s1,c1csc(-c2ccc(-c3cccs3)s2)c1,c1csc(-c2ccc(-c3cccs3)s2)c1,True,False
Cc1cc(OCCO)c(C)cc1C=Cc1ccc([N+](=O)[O-])cc1,C(=Cc1ccccc1)c1ccccc1,C(=Cc1ccccc1)c1ccccc1,False,True
COc1ccc2nc(N=Nc3c(N)nc4c(N=Nc5nc6ccccc6s5)c(N)nn4c3N)sc2c1,c1ccc2sc(N=Nc3cnc4c(N=Nc5nc6ccccc6s5)cnn4c3)nc2c1,c1ccc2sc(N=Nc3cnc4c(N=Nc5nc6ccccc6s5)cnn4c3)nc2c1,True,False
O=C1c2ccccc2C(=O)c2c1ccc(O[C@@H]1O[C@H](CO[C@@H]3OC[C@@H](O)[C@H](O)[C@H]3O)[C@@H](O)[C@H](O)[C@H]1O)c2O,O=C1c2ccccc2C(=O)c2cc(O[C@H]3CCC[C@@H](CO[C@H]4CCCCO4)O3)ccc21,O=C1c2ccccc2C(=O)c2cc(O[C@H]3CCC[C@@H](CO[C@H]4CCCCO4)O3)ccc21,True,False
CC1(C)c2cc(C=C(C#N)C#N)ccc2-c2ccc(N(c3ccccc3)c3ccccc3)cc21,c1ccc(N(c2ccccc2)c2ccc3c(c2)Cc2ccccc2-3)cc1,c1ccc(N(c2ccccc2)c2ccc3c(c2)Cc2ccccc2-3)cc1,True,False
CC1c2cc(-c3cccc4ccccc34)ccc2-c2cc3nc4c5ccccc5c5ccccc5c4nc3cc21,c1ccc2c(-c3ccc4c(c3)Cc3cc5nc6c7ccccc7c7ccccc7c6nc5cc3-4)cccc2c1,c1ccc2c(-c3ccc4c(c3)Cc3cc5nc6c7ccccc7c7ccccc7c6nc5cc3-4)cccc2c1,True,False
COc1cc(C(=O)NC(=O)O)cc(OC)c1OC,c1ccccc1,c1ccccc1,False,True
C(=Cc1nc2ccccc2[nH]1)c1ccncc1,C(=Cc1nc2ccccc2[nH]1)c1ccncc1,C(=Cc1nc2ccccc2[nH]1)c1ccncc1,True,False
N#CC(=Cc1ccc(N(c2ccccc2)c2ccccc2)cc1)c1nc2ccc(C(=O)O)cc2[nH]1,C(=Cc1nc2ccccc2[nH]1)c1ccc(N(c2ccccc2)c2ccccc2)cc1,C(=Cc1nc2ccccc2[nH]1)c1ccc(N(c2ccccc2)c2ccccc2)cc1,True,False
Cc1cc(=O)oc2cc(C=Cc3ccc(Cl)cc3)ccc12,O=c1ccc2ccc(C=Cc3ccccc3)cc2o1,O=c1ccc2ccc(C=Cc3ccccc3)cc2o1,True,False
CN1C(=CC=C2CC(c3ccccc3)(c3ccccc3)CC(C=CC3=C(C#N)C(=C(C#N)C#N)OC3(C)C)=C2Br)C(C)(C)c2ccccc21,C=C1C=C(C=CC2=CC(=CC=C3Cc4ccccc4N3)CC(c3ccccc3)(c3ccccc3)C2)CO1,C=C1C=C(C=CC2=CC(=CC=C3Cc4ccccc4N3)CC(c3ccccc3)(c3ccccc3)C2)CO1,True,False
CC1=C(C)C(=O)C(NC(Cc2ccccc2)C(=O)O)=C(C)C1=O,O=C1C=CC(=O)C(NCCc2ccccc2)=C1,O=C1C=CC(=O)C(NCCc2ccccc2)=C1,False,True
COc1ccc(C=Cc2ccn3cc(-c4ccc(OC)cc4)nc3c2)cc1,C(=Cc1ccn2cc(-c3ccccc3)nc2c1)c1ccccc1,C(=Cc1ccn2cc(-c3ccccc3)nc2c1)c1ccccc1,False,True
c1ccc(-n2cnnn2)c(OCCOc2ccccc2-n2cnnn2)c1,c1ccc(-n2cnnn2)c(OCCOc2ccccc2-n2cnnn2)c1,c1ccc(-n2cnnn2)c(OCCOc2ccccc2-n2cnnn2)c1,True,False
COc1ccc(-c2cc3cc(-c4cc(C)c(-c5ccc(-c6sc(C=C(C#N)C(=O)O)cc6C)s5)s4)cc4c3n2-c2ccccc2S4)cc1,c1ccc(-c2cc3cc(-c4ccc(-c5ccc(-c6cccs6)s5)s4)cc4c3n2-c2ccccc2S4)cc1,c1ccc(-c2cc3cc(-c4ccc(-c5ccc(-c6cccs6)s5)s4)cc4c3n2-c2ccccc2S4)cc1,True,False
Cc1cc(=O)oc2cc(C=Cc3ccccc3C#N)ccc12,O=c1ccc2ccc(C=Cc3ccccc3)cc2o1,O=c1ccc2ccc(C=Cc3ccccc3)cc2o1,True,False
CCOC(=O)c1c2cccccc-2c(C(=O)OCC)c1N,c1ccc2cccc-2cc1,c1ccc2cccc-2cc1,True,False
C#Cc1ccc(-c2c3nc(c(-c4ccccc4)c4ccc([nH]4)c(-c4ccccc4)c4nc(c(-c5ccccc5)c5ccc2[nH]5)C=C4)C=C3)cc1,C1=Cc2nc1c(-c1ccccc1)c1ccc([nH]1)c(-c1ccccc1)c1nc(c(-c3ccccc3)c3ccc([nH]3)c2-c2ccccc2)C=C1,C1=Cc2nc1c(-c1ccccc1)c1ccc([nH]1)c(-c1ccccc1)c1nc(c(-c3ccccc3)c3ccc([nH]3)c2-c2ccccc2)C=C1,True,False
COc1ccc(-n2ccc3c(-c4ccccc4)nc(-c4ccccc4)nc32)cc1,c1ccc(-c2nc(-c3ccccc3)c3ccn(-c4ccccc4)c3n2)cc1,c1ccc(-c2nc(-c3ccccc3)c3ccn(-c4ccccc4)c3n2)cc1,False,True
COc1ccc(N(c2ccc(OC)cc2)c2ccc3nc(C=C(C#N)C(=O)O)ccc3c2)cc1,c1ccc(N(c2ccccc2)c2ccc3ncccc3c2)cc1,c1ccc(N(c2ccccc2)c2ccc3ncccc3c2)cc1,True,False
COc1cc(OC)cc(-c2sc(-c3cccs3)c3cc4ccccc4cc23)c1,c1ccc(-c2sc(-c3cccs3)c3cc4ccccc4cc23)cc1,c1ccc(-c2sc(-c3cccs3)c3cc4ccccc4cc23)cc1,True,False
CCN(CC)c1ccc(-c2nc3c(c4c2-c2ccc(Br)cc2CC4)-c2ccc(Br)cc2CC3)cc1,c1ccc(-c2nc3c(c4c2-c2ccccc2CC4)-c2ccccc2CC3)cc1,c1ccc(-c2nc3c(c4c2-c2ccccc2CC4)-c2ccccc2CC3)cc1,True,False
COc1ccc(-c2ccccc2O)cc1,c1ccc(-c2ccccc2)cc1,c1ccc(-c2ccccc2)cc1,True,False
Cc1cc(C2(c3cc(C)c(O)cc3C)OS(=O)(=O)c3ccccc32)c(C)cc1O,O=S1(=O)OC(c2ccccc2)(c2ccccc2)c2ccccc21,O=S1(=O)OC(c2ccccc2)(c2ccccc2)c2ccccc21,False,True
N#Cc1ccc(C#N)c(N)c1N,c1ccccc1,c1ccccc1,False,True
O=[N+]([O-])c1ccc(C2C3C(c4ccccc4)=NC(c4cn(CS)c5ccccc45)N32)cc1,c1ccc(C2=NC(c3c[nH]c4ccccc34)N3C2C3c2ccccc2)cc1,c1ccc(C2=NC(c3c[nH]c4ccccc34)N3C2C3c2ccccc2)cc1,True,False
CCC(C)c1ccc(O)cc1,c1ccccc1,c1ccccc1,False,True
CN1C(=O)C(C=Cc2ccccc2)=C(c2c[nH]c3ccccc23)C1=O,O=C1NC(=O)C(c2c[nH]c3ccccc23)=C1C=Cc1ccccc1,O=C1NC(=O)C(c2c[nH]c3ccccc23)=C1C=Cc1ccccc1,True,False
CC1C(=O)c2c(oc3cc(N(C)C)ccc23)-c2ccccc21,O=C1Cc2ccccc2-c2oc3ccccc3c21,O=C1Cc2ccccc2-c2oc3ccccc3c21,True,False
CC(=O)NN(c1ccccc1)c1ccccc1[N+](=O)[O-],c1ccc(Nc2ccccc2)cc1,c1ccc(Nc2ccccc2)cc1,True,False
CO[Si](CCCSC(=O)c1cnccn1)(OC)OC,c1cnccn1,c1cnccn1,True,False
c1ccc(-c2nc3c4cccnc4c4ncccc4c3[nH]2)cc1,c1ccc(-c2nc3c4cccnc4c4ncccc4c3[nH]2)cc1,c1ccc(-c2nc3c4cccnc4c4ncccc4c3[nH]2)cc1,True,False
COc1ccc(N(C)c2cc(=O)[nH]c(-c3ccccc3)n2)cc1,O=c1cc(Nc2ccccc2)nc(-c2ccccc2)[nH]1,O=c1cc(Nc2ccccc2)nc(-c2ccccc2)[nH]1,True,False
c1ccc(-c2ccccn2)cc1,c1ccc(-c2ccccn2)cc1,c1ccc(-c2ccccn2)cc1,True,False
OCc1c[nH]c2ccccc12,c1ccc2[nH]ccc2c1,c1ccc2[nH]ccc2c1,True,False
c1ccc(N=Nc2c(-c3ccccc3)[nH]c3ccccc23)cc1,c1ccc(N=Nc2c(-c3ccccc3)[nH]c3ccccc23)cc1,c1ccc(N=Nc2c(-c3ccccc3)[nH]c3ccccc23)cc1,True,False
c1ccc(-c2ccc(-c3ccc4ccccc4c3)cn2)nc1,c1ccc(-c2ccc(-c3ccc4ccccc4c3)cn2)nc1,c1ccc(-c2ccc(-c3ccc4ccccc4c3)cn2)nc1,True,False
COC(=O)[C@H](Cc1ccc2oc(-c3ccc4ncccc4c3)nc2c1)NC(=O)OC(C)(C)C,c1cnc2ccc(-c3nc4ccccc4o3)cc2c1,c1cnc2ccc(-c3nc4ccccc4o3)cc2c1,True,False
CCOc1ccc(-c2[nH]c3ccccc3c2-c2ccc(S(C)(=O)=O)cc2)cc1,c1ccc(-c2[nH]c3ccccc3c2-c2ccccc2)cc1,c1ccc(-c2[nH]c3ccccc3c2-c2ccccc2)cc1,True,False
CC(C[C@@H]1C[C@@H]2CC[C@H]3C[C@@H](C)NC(=N1)N23)OC(=O)[C@H]1[C@@H](C)N=C2NCC[C@@H]3CC[C@@H]1N23,O=C(OCC[C@@H]1C[C@@H]2CC[C@H]3CCNC(=N1)N32)[C@H]1CN=C2NCC[C@@H]3CC[C@@H]1N23,O=C(OCC[C@@H]1C[C@@H]2CC[C@H]3CCNC(=N1)N32)[C@H]1CN=C2NCC[C@@H]3CC[C@@H]1N23,True,False
COc1ccc(C=c2c(O)c3ccccc3c3c2=Nc2ccccc2N3)c(OC)c1,C(c1ccccc1)=c1cc2ccccc2c2c1=Nc1ccccc1N2,C(c1ccccc1)=c1cc2ccccc2c2c1=Nc1ccccc1N2,True,False
CC(C)(C)C1=CC(=CC=C2C=CC(=O)c3ncccc32)C=C(C(C)(C)C)O1,O=C1C=CC(=CC=C2C=COC=C2)c2cccnc21,O=C1C=CC(=CC=C2C=COC=C2)c2cccnc21,True,False
O=Cc1ccccc1O,c1ccccc1,c1ccccc1,False,True
c1ccc(-c2ccc(-c3ccncc3)cn2)nc1,c1ccc(-c2ccc(-c3ccncc3)cn2)nc1,c1ccc(-c2ccc(-c3ccncc3)cn2)nc1,False,True
C1=C(c2ccc(-c3nnc(-c4ccc5ccccc5c4)o3)cc2)Cc2ccccc21,C1=C(c2ccc(-c3nnc(-c4ccc5ccccc5c4)o3)cc2)Cc2ccccc21,C1=C(c2ccc(-c3nnc(-c4ccc5ccccc5c4)o3)cc2)Cc2ccccc21,False,True
CCN1CCN(CC)c2cc3oc(=O)c(C(C)=O)cc3cc21,O=c1ccc2cc3c(cc2o1)NCCN3,O=c1ccc2cc3c(cc2o1)NCCN3,True,False
CCn1c2ccccc2c2cc(C=Nc3nc(C#N)c(N=Cc4ccc5c(c4)c4ccccc4n5CC)nc3C#N)ccc21,C(=Nc1cnc(N=Cc2ccc3[nH]c4ccccc4c3c2)cn1)c1ccc2[nH]c3ccccc3c2c1,C(=Nc1cnc(N=Cc2ccc3[nH]c4ccccc4c3c2)cn1)c1ccc2[nH]c3ccccc3c2c1,True,False
Cc1ccccc1O,c1ccccc1,c1ccccc1,False,True
CCn1c(N)nc2ccccc21,c1ccc2[nH]cnc2c1,c1ccc2[nH]cnc2c1,True,False
CC1c2cc3nc(-c4ccccc4)n(Cc4ccccc4)c3cc2-c2cc3c(cc21)nc(-c1ccccc1)n3Cc1ccccc1,c1ccc(Cn2c(-c3ccccc3)nc3cc4c(cc32)-c2cc3c(cc2C4)nc(-c2ccccc2)n3Cc2ccccc2)cc1,c1ccc(Cn2c(-c3ccccc3)nc3cc4c(cc32)-c2cc3c(cc2C4)nc(-c2ccccc2)n3Cc2ccccc2)cc1,True,False
Cc1cccc(NN=C(C(=O)c2ccccc2)c2nc(C)cc(=O)[nH]2)c1,O=C(C(=NNc1ccccc1)c1nccc(=O)[nH]1)c1ccccc1,O=C(C(=NNc1ccccc1)c1nccc(=O)[nH]1)c1ccccc1,False,True
CCOC(=O)c1cc(C(=O)OC)c2ccc(-c3ccc(Cl)cc3)nn12,c1ccc(-c2ccc3cccn3n2)cc1,c1ccc(-c2ccc3cccn3n2)cc1,True,False
CC(C)c1ccc2sc3ccccc3c(=O)c2c1,O=c1c2ccccc2sc2ccccc12,O=c1c2ccccc2sc2ccccc12,False,True
O=C1CC(c2cc(O)cc(O)c2)Oc2cc(O)cc(O)c21,O=C1CC(c2ccccc2)Oc2ccccc21,O=C1CC(c2ccccc2)Oc2ccccc21,True,False
Cc1ccsc1-c1sc(-c2ccc3c(c2)C(C)(C)c2ccccc2-3)c2ccccc12,c1csc(-c2sc(-c3ccc4c(c3)Cc3ccccc3-4)c3ccccc23)c1,c1csc(-c2sc(-c3ccc4c(c3)Cc3ccccc3-4)c3ccccc23)c1,True,False
NC(c1ccc(O)cc1)(P(=O)(O)O)P(=O)(O)O,c1ccccc1,c1ccccc1,False,True
NN=C(O)C(CCC[C@@H]1SC[C@@H]2NC(=O)N[C@@H]21)c1ccc2cccc(O)c2n1,O=C1N[C@H]2[C@H](CS[C@H]2CCCCc2ccc3ccccc3n2)N1,O=C1N[C@H]2[C@H](CS[C@H]2CCCCc2ccc3ccccc3n2)N1,False,True
N#Cc1ccc(-c2nc(-c3ccccc3)c3ccccn23)cc1,c1ccc(-c2nc(-c3ccccc3)n3ccccc23)cc1,c1ccc(-c2nc(-c3ccccc3)n3ccccc23)cc1,False,True
O=C1C=CC(=O)C(NC(Cc2ccccc2)C(=O)O)=C1,O=C1C=CC(=O)C(NCCc2ccccc2)=C1,O=C1C=CC(=O)C(NCCc2ccccc2)=C1,False,True
CCOC(=O)C1=C(c2ccccc2)NC(=O)C1=Cc1ccc(N(C)C)cc1,O=C1NC(c2ccccc2)=CC1=Cc1ccccc1,O=C1NC(c2ccccc2)=CC1=Cc1ccccc1,False,True
Cc1cc(N)c(O)c(-n2nc3ccccc3n2)c1,c1ccc(-n2nc3ccccc3n2)cc1,c1ccc(-n2nc3ccccc3n2)cc1,True,False
Cc1cccc(-c2ccn(C)c2)c1,c1ccc(-c2cc[nH]c2)cc1,c1ccc(-c2cc[nH]c2)cc1,True,False
Fc1ccc(-c2nnc(-c3ccn4c(nc5ccccc54)c3-c3ccccc3)o2)cc1,c1ccc(-c2nnc(-c3ccn4c(nc5ccccc54)c3-c3ccccc3)o2)cc1,c1ccc(-c2nnc(-c3ccn4c(nc5ccccc54)c3-c3ccccc3)o2)cc1,True,False
C=Cc1nc(-c2cccc3ccccc23)oc1-c1ccccc1,c1ccc(-c2cnc(-c3cccc4ccccc34)o2)cc1,c1ccc(-c2cnc(-c3cccc4ccccc34)o2)cc1,True,False
CN(C)c1ccc(-c2ccc(C3=C4C(=O)NC(c5ccc(-c6ccc(N(C)C)cc6)cc5)=C4C(=O)N3)cc2)cc1,O=C1NC(c2ccc(-c3ccccc3)cc2)=C2C(=O)NC(c3ccc(-c4ccccc4)cc3)=C12,O=C1NC(c2ccc(-c3ccccc3)cc2)=C2C(=O)NC(c3ccc(-c4ccccc4)cc3)=C12,True,False
COc1ccc(N=Nc2c(-c3ccccc3)[nH]c3c(N=Nc4ccc([N+](=O)[O-])cc4)c(C)nn23)cc1,c1ccc(N=Nc2cnn3c(N=Nc4ccccc4)c(-c4ccccc4)[nH]c23)cc1,c1ccc(N=Nc2cnn3c(N=Nc4ccccc4)c(-c4ccccc4)[nH]c23)cc1,True,False
Cc1nn2c(N=Nc3ccc([N+](=O)[O-])cc3)c(-c3ccccc3)[nH]c2c1N=Nc1ccccc1,c1ccc(N=Nc2cnn3c(N=Nc4ccccc4)c(-c4ccccc4)[nH]c23)cc1,c1ccc(N=Nc2cnn3c(N=Nc4ccccc4)c(-c4ccccc4)[nH]c23)cc1,True,False
N#CC(C#N)=C1c2ccccc2-c2c1sc(N)c2C#N,C=C1c2ccccc2-c2ccsc21,C=C1c2ccccc2-c2ccsc21,True,False
CCOc1ccc(-c2ccc(N=Nc3ncc(C)s3)s2)s1,c1csc(-c2ccc(N=Nc3nccs3)s2)c1,c1csc(-c2ccc(N=Nc3nccs3)s2)c1,True,False
O=C1c2ccccc2-c2cc(=O)oc3c2c1c(Oc1ccc([N+](=O)[O-])cc1)c1ccccc13,O=C1c2ccccc2-c2cc(=O)oc3c2c1c(Oc1ccccc1)c1ccccc13,O=C1c2ccccc2-c2cc(=O)oc3c2c1c(Oc1ccccc1)c1ccccc13,False,True
C=CCN(CC=C)N1N=C(NC(=O)c2ccc3cccc4c3c2-c2ccccc2C4=O)C=C(Cl)N1,O=C(NC1=NNNC=C1)c1ccc2cccc3c2c1-c1ccccc1C3=O,O=C(NC1=NNNC=C1)c1ccc2cccc3c2c1-c1ccccc1C3=O,True,False
COC(=O)Cc1cc(=O)oc2cc(O)c(Cl)cc12,O=c1ccc2ccccc2o1,O=c1ccc2ccccc2o1,False,True
Nc1ccc2nc3c(nc2c1)-c1cccc2c(N)ccc-3c12,c1cc2c3c(cccc3c1)-c1nc3ccccc3nc1-2,c1cc2c3c(cccc3c1)-c1nc3ccccc3nc1-2,True,False
CCCSC(=O)c1ccc(C(=O)SCCC)cc1,c1ccccc1,c1ccccc1,False,True
O=Cc1cc(N=Nc2ccc(Br)cc2)ccc1O,c1ccc(N=Nc2ccccc2)cc1,c1ccc(N=Nc2ccccc2)cc1,False,True
CC(=CI)C=C(C)[C@@H](C[C@@H](O)[C@H](C)C(=O)N1C(=S)OC[C@H]1Cc1ccccc1)O[Si](C)(C)C(C)(C)C,S=C1N[C@H](Cc2ccccc2)CO1,S=C1N[C@H](Cc2ccccc2)CO1,True,False
CC(C(=O)O)c1ccc2c(N=Nc3c([N+](=O)[O-])cc(C(=O)O)cc3[N+](=O)[O-])c(O)ccc2c1,c1ccc(N=Nc2cccc3ccccc23)cc1,c1ccc(N=Nc2cccc3ccccc23)cc1,True,False
c1n[nH]c2c1CC[C@H]1c3[nH]ncc3CC[C@H]21,c1n[nH]c2c1CC[C@H]1c3[nH]ncc3CC[C@H]21,c1n[nH]c2c1CC[C@H]1c3[nH]ncc3CC[C@H]21,True,False
CN(C)C1=CCC2=C(c3ccc(N4C(=O)C=CC4=O)cc3C(=O)O)c3ccc(N(C)C)cc3OC2=C1,O=C1C=CC(=O)N1c1ccc(C2=C3CC=CC=C3Oc3ccccc32)cc1,O=C1C=CC(=O)N1c1ccc(C2=C3CC=CC=C3Oc3ccccc32)cc1,False,True
CC1(C)c2ccccc2N(c2ccccc2)c2ccc(-c3cccc(-c4nc(-c5ccccc5)c(-c5ccccc5)n4-c4ccccc4)c3)cc21,c1ccc(-c2nc(-c3cccc(-c4ccc5c(c4)Cc4ccccc4N5c4ccccc4)c3)n(-c3ccccc3)c2-c2ccccc2)cc1,c1ccc(-c2nc(-c3cccc(-c4ccc5c(c4)Cc4ccccc4N5c4ccccc4)c3)n(-c3ccccc3)c2-c2ccccc2)cc1,True,False
Clc1ccc(-c2ccc(-c3ccccn3)nc2)cc1Cl,c1ccc(-c2ccc(-c3ccccn3)nc2)cc1,c1ccc(-c2ccc(-c3ccccn3)nc2)cc1,True,False
Cc1ccc2oc(=O)ccc2c1,O=c1ccc2ccccc2o1,O=c1ccc2ccccc2o1,False,True
C=C(C)C1CC=C(C=Nc2ccccc2O)CC1,C(=Nc1ccccc1)C1=CCCCC1,C(=Nc1ccccc1)C1=CCCCC1,True,False
NC(=O)OCc1ccccc1,c1ccccc1,c1ccccc1,False,True
O=[N+]([O-])c1ccc2nc(N=Cc3cc(Cl)cc(Cl)c3O)sc2c1,C(=Nc1nc2ccccc2s1)c1ccccc1,C(=Nc1nc2ccccc2s1)c1ccccc1,True,False
COc1ccc(-c2nc3c4ccccc4c4ccccc4c3n2-c2ccc(C)cc2)c2ccccc12,c1ccc(-n2c(-c3cccc4ccccc34)nc3c4ccccc4c4ccccc4c32)cc1,c1ccc(-n2c(-c3cccc4ccccc34)nc3c4ccccc4c4ccccc4c32)cc1,False,True
CCOC(=O)C1=C(c2ccc3ccccc3c2)NC(=O)C1=NNc1ccc(C#N)cc1,O=C1NC(c2ccc3ccccc3c2)=CC1=NNc1ccccc1,O=C1NC(c2ccc3ccccc3c2)=CC1=NNc1ccccc1,True,False
O=C(O)c1cc([N+](=O)[O-])c(N=Nc2c(O)ccc3ccccc23)c([N+](=O)[O-])c1,c1ccc(N=Nc2cccc3ccccc23)cc1,c1ccc(N=Nc2cccc3ccccc23)cc1,True,False
N#Cc1ccc(C=Cc2sccc2-c2ccsc2C=Cc2ccc(C#N)cc2)cc1,C(=Cc1sccc1-c1ccsc1C=Cc1ccccc1)c1ccccc1,C(=Cc1sccc1-c1ccsc1C=Cc1ccccc1)c1ccccc1,True,False
COc1c2cc(C=C(C#N)C(=O)O)sc2c(OC)c2cc(C=Cc3ccc(N(c4ccc(C)cc4)c4ccc(C)cc4)cc3)sc12,C(=Cc1cc2cc3sccc3cc2s1)c1ccc(N(c2ccccc2)c2ccccc2)cc1,C(=Cc1cc2cc3sccc3cc2s1)c1ccc(N(c2ccccc2)c2ccccc2)cc1,True,False
Brc1ccc(C=Cc2ccc3c4c(ccc3c2)OC(c2ccccc2)(c2ccccc2)C4=C=C(c2ccccc2)c2ccccc2)cc1,C(=C(c1ccccc1)c1ccccc1)=C1c2c(ccc3cc(C=Cc4ccccc4)ccc23)OC1(c1ccccc1)c1ccccc1,C(=C(c1ccccc1)c1ccccc1)=C1c2c(ccc3cc(C=Cc4ccccc4)ccc23)OC1(c1ccccc1)c1ccccc1,True,False
N#Cc1cc(NCCc2cccc(F)c2)c2c(c1N)C(=O)c1ccccc1C2=O,O=C1c2ccccc2C(=O)c2c(NCCc3ccccc3)cccc21,O=C1c2ccccc2C(=O)c2c(NCCc3ccccc3)cccc21,True,False
COC(=O)c1c(C(=O)OC)c2ccc(C#Cc3ccccc3)nn2c1C(=O)OC,C(#Cc1ccc2cccn2n1)c1ccccc1,C(#Cc1ccc2cccn2n1)c1ccccc1,True,False
COc1ccc2c(c1)cc(C#N)c1ccccc12,c1ccc2c(c1)ccc1ccccc12,c1ccc2c(c1)ccc1ccccc12,True,False
COc1ccc(C(=O)CC(=O)CC(=O)c2ccc(OC)cc2)cc1,O=C(CC(=O)c1ccccc1)CC(=O)c1ccccc1,O=C(CC(=O)c1ccccc1)CC(=O)c1ccccc1,False,True
c1ccc2c(c1)c1ccccc1n2-c1ccc(-c2noc(-c3ccc(-n4c5ccccc5c5ccccc54)cc3)n2)cc1,c1ccc2c(c1)c1ccccc1n2-c1ccc(-c2noc(-c3ccc(-n4c5ccccc5c5ccccc54)cc3)n2)cc1,c1ccc2c(c1)c1ccccc1n2-c1ccc(-c2noc(-c3ccc(-n4c5ccccc5c5ccccc54)cc3)n2)cc1,True,False
O=C(O)c1cc2ccccc2c(N=Nc2ccc3cc(S(=O)(=O)O)ccc3c2)c1O,c1ccc2cc(N=Nc3cccc4ccccc34)ccc2c1,c1ccc2cc(N=Nc3cccc4ccccc34)ccc2c1,False,True
Cc1cnc2c(ccc3c(C)c(C)cnc32)c1C,c1cnc2c(c1)ccc1cccnc12,c1cnc2c(c1)ccc1cccnc12,False,True
Oc1c(N=Nc2cccc(N=Nc3ccc4ccccc4c3O)n2)ccc2ccccc12,c1cc(N=Nc2ccc3ccccc3c2)nc(N=Nc2ccc3ccccc3c2)c1,c1cc(N=Nc2ccc3ccccc3c2)nc(N=Nc2ccc3ccccc3c2)c1,False,True
N#CC(C#N)=C1C=C(Nc2ccccc2)c2ccccc21,C=C1C=C(Nc2ccccc2)c2ccccc21,C=C1C=C(Nc2ccccc2)c2ccccc21,True,False
COc1ccc(N(c2ccc(OC)cc2)c2ccc(-c3cnc(-c4ccc(C=C(C#N)C(=O)O)s4)c4nsnc34)cc2)cc1,c1ccc(N(c2ccccc2)c2ccc(-c3cnc(-c4cccs4)c4nsnc34)cc2)cc1,c1ccc(N(c2ccccc2)c2ccc(-c3cnc(-c4cccs4)c4nsnc34)cc2)cc1,False,True
COC(=O)COc1nc(-c2cccc(-c3ccccn3)n2)sc1C,c1ccc(-c2cccc(-c3nccs3)n2)nc1,c1ccc(-c2cccc(-c3nccs3)n2)nc1,False,True
CCN(CC)c1ccc2c3c(c(=O)oc2c1)N=[N+](c1ccccc1)[B-](F)(F)O3,O=c1oc2ccccc2c2c1N=[N+](c1ccccc1)[BH2-]O2,O=c1oc2ccccc2c2c1N=[N+](c1ccccc1)[BH2-]O2,True,False
Cc1[nH]c(=O)c2c(c1C)C(=N)NC2=O,N=C1NC(=O)c2c1cc[nH]c2=O,N=C1NC(=O)c2c1cc[nH]c2=O,True,False
CN1C(=O)C(c2ccc3ccc4cccc5ccc2c3c45)=C(c2cn(C(=O)OC(C)(C)C)c3ccccc23)C1=O,O=C1NC(=O)C(c2ccc3ccc4cccc5ccc2c3c45)=C1c1c[nH]c2ccccc12,O=C1NC(=O)C(c2ccc3ccc4cccc5ccc2c3c45)=C1c1c[nH]c2ccccc12,False,True
Clc1ccc(-c2nc3ccccc3n2-c2ccccc2)cc1,c1ccc(-c2nc3ccccc3n2-c2ccccc2)cc1,c1ccc(-c2nc3ccccc3n2-c2ccccc2)cc1,True,False
COc1nc(Cl)nc(Nc2ccc3c4cccc5cccc(c6cccc2c63)c54)n1,c1cc2cccc3c4ccc(Nc5ncncn5)c5cccc(c(c1)c23)c54,c1cc2cccc3c4ccc(Nc5ncncn5)c5cccc(c(c1)c23)c54,False,True
c1csc(-c2cc(N=Nc3nccs3)c(N3CCCCC3)s2)c1,c1csc(-c2cc(N=Nc3nccs3)c(N3CCCCC3)s2)c1,c1csc(-c2cc(N=Nc3nccs3)c(N3CCCCC3)s2)c1,True,False
O=[N+]([O-])c1ccc2nc(N=Nc3ccc(F)cc3)sc2c1,c1ccc(N=Nc2nc3ccccc3s2)cc1,c1ccc(N=Nc2nc3ccccc3s2)cc1,False,True
O=[N+]([O-])c1ccc(C=Cc2ccc(C=C3SC=CS3)s2)cc1,C1=CSC(=Cc2ccc(C=Cc3ccccc3)s2)S1,C1=CSC(=Cc2ccc(C=Cc3ccccc3)s2)S1,True,False
N#Cc1c(C#N)c(-c2ccc(Br)s2)c2nsnc2c1-c1ccc(Br)s1,c1csc(-c2ccc(-c3cccs3)c3nsnc23)c1,c1csc(-c2ccc(-c3cccs3)c3nsnc23)c1,True,False
C1=CC(c2ccccc2)(c2ccc(Oc3ccccc3)cc2)Oc2ccc3ccccc3c21,C1=CC(c2ccccc2)(c2ccc(Oc3ccccc3)cc2)Oc2ccc3ccccc3c21,C1=CC(c2ccccc2)(c2ccc(Oc3ccccc3)cc2)Oc2ccc3ccccc3c21,True,False
Cc1ccc(-c2nc3cc(C(=O)NCCN(C)C)c4ccccc4c3s2)cc1,c1ccc(-c2nc3ccc4ccccc4c3s2)cc1,c1ccc(-c2nc3ccc4ccccc4c3s2)cc1,True,False
Cc1cc(Nc2ccccc2Cl)c2c(c1N)C(=O)c1ccccc1C2=O,O=C1c2ccccc2C(=O)c2c(Nc3ccccc3)cccc21,O=C1c2ccccc2C(=O)c2c(Nc3ccccc3)cccc21,False,True
CCOc1nc2nc(-c3nc4nc(OCC)c(C#N)c(-c5ccccc5)c4c4c3C4)c3c(c2c(-c2ccccc2)c1C#N)C3,c1ccc(-c2ccnc3nc(-c4nc5nccc(-c6ccccc6)c5c5c4C5)c4c(c23)C4)cc1,c1ccc(-c2ccnc3nc(-c4nc5nccc(-c6ccccc6)c5c5c4C5)c4c(c23)C4)cc1,True,False
O=C(O)c1cc2ccccc2c(N=Nc2ccc3ccccc3c2S(=O)(=O)O)c1O,c1ccc2cc(N=Nc3cccc4ccccc34)ccc2c1,c1ccc2cc(N=Nc3cccc4ccccc34)ccc2c1,False,True
O=C(CC(=O)c1ccc(-c2ccccc2)cc1)c1ccncc1,O=C(CC(=O)c1ccc(-c2ccccc2)cc1)c1ccncc1,O=C(CC(=O)c1ccc(-c2ccccc2)cc1)c1ccncc1,True,False
Cc1cc(C2=C(c3cc(Br)sc3C)CCC2=O)c(C)s1,O=C1CCC(c2ccsc2)=C1c1ccsc1,O=C1CCC(c2ccsc2)=C1c1ccsc1,True,False
Fc1ccccc1-c1nc2c(c3c1-c1ccccc1CC3)-c1ccccc1CC2,c1ccc(-c2nc3c(c4c2-c2ccccc2CC4)-c2ccccc2CC3)cc1,c1ccc(-c2nc3c(c4c2-c2ccccc2CC4)-c2ccccc2CC3)cc1,True,False
c1ccc(-c2c3ccccc3c(C3c4ccccc4-c4ccccc43)c3ccccc23)cc1,c1ccc(-c2c3ccccc3c(C3c4ccccc4-c4ccccc43)c3ccccc23)cc1,c1ccc(-c2c3ccccc3c(C3c4ccccc4-c4ccccc43)c3ccccc23)cc1,True,False
C#Cc1ccc(C(=O)c2cc(C#C)c3ccc4c(C#C)cc(C#C)c5ccc2c3c45)cc1,O=C(c1ccccc1)c1ccc2ccc3cccc4ccc1c2c34,O=C(c1ccccc1)c1ccc2ccc3cccc4ccc1c2c34,True,False
COc1ccc(N(c2ccc(C=C3C(=O)c4ccccc4C3=O)cc2)c2ccc(C=C3C(=O)c4ccccc4C3=O)cc2)cc1,O=C1C(=Cc2ccc(N(c3ccccc3)c3ccc(C=C4C(=O)c5ccccc5C4=O)cc3)cc2)C(=O)c2ccccc21,O=C1C(=Cc2ccc(N(c3ccccc3)c3ccc(C=C4C(=O)c5ccccc5C4=O)cc3)cc2)C(=O)c2ccccc21,True,False
COc1ccc(C=C(C#N)c2ccc3c(OC)c(C(C#N)=Cc4ccc(OC)cc4)ccc3c2OC)cc1,C(=Cc1ccc2cc(C=Cc3ccccc3)ccc2c1)c1ccccc1,C(=Cc1ccc2cc(C=Cc3ccccc3)ccc2c1)c1ccccc1,True,False
COc1cc(-n2cc(-c3ccc(-c4ccc(-c5ccc(N(c6ccccc6)c6ccccc6)cc5)s4)s3)nn2)c(OC)cc1C=C(C#N)C(=O)O,c1ccc(N(c2ccccc2)c2ccc(-c3ccc(-c4ccc(-c5cn(-c6ccccc6)nn5)s4)s3)cc2)cc1,c1ccc(N(c2ccccc2)c2ccc(-c3ccc(-c4ccc(-c5cn(-c6ccccc6)nn5)s4)s3)cc2)cc1,True,False
Cc1ccc2nccc(C)c2c1N,c1ccc2ncccc2c1,c1ccc2ncccc2c1,False,True
Cc1nn2c(N=Nc3ccccc3)c(-c3ccccc3)[nH]c2c1N=Nc1ccccc1,c1ccc(N=Nc2cnn3c(N=Nc4ccccc4)c(-c4ccccc4)[nH]c23)cc1,c1ccc(N=Nc2cnn3c(N=Nc4ccccc4)c(-c4ccccc4)[nH]c23)cc1,True,False
O=c1[nH]c2c(cc1S(=O)(=O)c1ccccc1)CCc1ccn(-c3ccccc3)c1-2,O=c1[nH]c2c(cc1S(=O)(=O)c1ccccc1)CCc1ccn(-c3ccccc3)c1-2,O=c1[nH]c2c(cc1S(=O)(=O)c1ccccc1)CCc1ccn(-c3ccccc3)c1-2,True,False
c1ccc(N(Cc2ccc(CN(c3ccccn3)c3ccccn3)cc2)c2ccccn2)nc1,c1ccc(N(Cc2ccc(CN(c3ccccn3)c3ccccn3)cc2)c2ccccn2)nc1,c1ccc(N(Cc2ccc(CN(c3ccccn3)c3ccccn3)cc2)c2ccccn2)nc1,True,False
CCN(CC)c1ccc(C=C2CCC(=Cc3ccc(N(C)C)cc3)C2=O)c(C)c1,O=C1C(=Cc2ccccc2)CCC1=Cc1ccccc1,O=C1C(=Cc2ccccc2)CCC1=Cc1ccccc1,True,False
O=C1CN(CC(=O)NCCc2ccccc2)CCN(CC(=O)NCCc2ccccc2)CC(=O)NCCCN1,O=C1CN(CC(=O)NCCc2ccccc2)CCN(CC(=O)NCCc2ccccc2)CC(=O)NCCCN1,O=C1CN(CC(=O)NCCc2ccccc2)CCN(CC(=O)NCCc2ccccc2)CC(=O)NCCCN1,True,False
Cc1cc(=O)oc2cc(OCc3cn(C(O)[C@H]4O[C@@H](n5ccc(=O)[nH]c5=O)[C@H](O)[C@@H]4O)nn3)ccc12,O=c1ccn([C@H]2CC[C@@H](Cn3cc(COc4ccc5ccc(=O)oc5c4)nn3)O2)c(=O)[nH]1,O=c1ccn([C@H]2CC[C@@H](Cn3cc(COc4ccc5ccc(=O)oc5c4)nn3)O2)c(=O)[nH]1,True,False
CN1c2ccc(C=C(C#N)C(=O)O)cc2Sc2cc(-c3ccc4c(c3)c3ccccc3n4C)ccc21,c1ccc2c(c1)Nc1ccc(-c3ccc4[nH]c5ccccc5c4c3)cc1S2,c1ccc2c(c1)Nc1ccc(-c3ccc4[nH]c5ccccc5c4c3)cc1S2,True,False
N#Cc1ccc(NC(=NCC(=O)O)NC(c2ccccc2)c2ccccc2)cc1,N=C(Nc1ccccc1)NC(c1ccccc1)c1ccccc1,N=C(Nc1ccccc1)NC(c1ccccc1)c1ccccc1,True,False
CC(C)CN1C(=O)c2cccc3c(SCc4ccccc4)ccc(c23)C1=O,O=C1NC(=O)c2ccc(SCc3ccccc3)c3cccc1c23,O=C1NC(=O)c2ccc(SCc3ccccc3)c3cccc1c23,True,False
Cc1ccc(N=Nc2c(C)nc3c4c(-c5ccccc5)n(-c5ccccc5)nc4c(C)nn23)cc1,c1ccc(N=Nc2cnc3c4c(-c5ccccc5)n(-c5ccccc5)nc4cnn23)cc1,c1ccc(N=Nc2cnc3c4c(-c5ccccc5)n(-c5ccccc5)nc4cnn23)cc1,True,False
Nc1nc2c(N=Nc3ccc(Cl)cc3)c(N)nn2c(N)c1N=Nc1nccs1,c1ccc(N=Nc2cnn3cc(N=Nc4nccs4)cnc23)cc1,c1ccc(N=Nc2cnn3cc(N=Nc4nccs4)cnc23)cc1,True,False
CC(C)C(=O)NC1=CC(=O)C(=O)c2ccccc21,O=C1C=Cc2ccccc2C1=O,O=C1C=Cc2ccccc2C1=O,True,False
CN1c2ccccc2Sc2cc(C=Nc3ccc4c(c3)Cc3ccccc3-4)ccc21,C(=Nc1ccc2c(c1)Cc1ccccc1-2)c1ccc2c(c1)Sc1ccccc1N2,C(=Nc1ccc2c(c1)Cc1ccccc1-2)c1ccc2c(c1)Sc1ccccc1N2,True,False
C=Cc1ccnc(-c2cc(-c3cc(C=C)ccn3)cc(-c3cc(C=C)ccn3)c2)c1,c1ccc(-c2cc(-c3ccccn3)cc(-c3ccccn3)c2)nc1,c1ccc(-c2cc(-c3ccccn3)cc(-c3ccccn3)c2)nc1,True,False
CCn1c2nc(-c3ccccc3)nc(=O)c-2cc2cc(C)ccc21,O=c1nc(-c2ccccc2)nc2[nH]c3ccccc3cc1-2,O=c1nc(-c2ccccc2)nc2[nH]c3ccccc3cc1-2,True,False
CCN(CC)c1c(F)c(F)c2nc3c(F)c(N(CC)CC)c(F)c(F)c3nc2c1F,c1ccc2nc3ccccc3nc2c1,c1ccc2nc3ccccc3nc2c1,True,False
c1csc(-c2sc(-c3csc4ccccc34)c3cc4ccccc4cc23)c1,c1csc(-c2sc(-c3csc4ccccc34)c3cc4ccccc4cc23)c1,c1csc(-c2sc(-c3csc4ccccc34)c3cc4ccccc4cc23)c1,True,False
COc1csc(-c2ccc(-c3cc(OC)cs3)c3nn(C)nc23)c1,c1csc(-c2ccc(-c3cccs3)c3n[nH]nc23)c1,c1csc(-c2ccc(-c3cccs3)c3n[nH]nc23)c1,True,False
Brc1ccc(C2(c3ccccc3)C=Cc3c(ccc4ccccc34)O2)cc1,C1=CC(c2ccccc2)(c2ccccc2)Oc2ccc3ccccc3c21,C1=CC(c2ccccc2)(c2ccccc2)Oc2ccc3ccccc3c21,False,True
C(=NNC(=Cc1ccc2ccccc2n1)c1ccccc1)c1ccccc1,C(=NNC(=Cc1ccc2ccccc2n1)c1ccccc1)c1ccccc1,C(=NNC(=Cc1ccc2ccccc2n1)c1ccccc1)c1ccccc1,False,True
CC1CCC(C(C)C)C(OC(=O)OCc2ccc3c4cccc5cccc(c6cccc2c63)c54)C1,O=C(OCc1ccc2c3cccc4cccc(c5cccc1c52)c43)OC1CCCCC1,O=C(OCc1ccc2c3cccc4cccc(c5cccc1c52)c43)OC1CCCCC1,True,False
CCN(CC)c1ccc2cc(C=C(C#N)c3nc4ccccc4s3)c(=O)oc2c1,O=c1oc2ccccc2cc1C=Cc1nc2ccccc2s1,O=c1oc2ccccc2cc1C=Cc1nc2ccccc2s1,True,False
c1ccc(-c2nc(-c3ccccc3)nc(-c3ccc4c(c3)c3ccccc3n4-c3ccccc3)n2)cc1,c1ccc(-c2nc(-c3ccccc3)nc(-c3ccc4c(c3)c3ccccc3n4-c3ccccc3)n2)cc1,c1ccc(-c2nc(-c3ccccc3)nc(-c3ccc4c(c3)c3ccccc3n4-c3ccccc3)n2)cc1,False,True
c1csc(-c2ccc(-c3cccs3)c3nsnc23)c1,c1csc(-c2ccc(-c3cccs3)c3nsnc23)c1,c1csc(-c2ccc(-c3cccs3)c3nsnc23)c1,True,False
Nc1ncnc2c1nc(C=Cc1ccc(F)cc1)n2C1OC(CO)C(O)C1O,C(=Cc1nc2cncnc2n1C1CCCO1)c1ccccc1,C(=Cc1nc2cncnc2n1C1CCCO1)c1ccccc1,False,True
Cc1[nH]c(=O)c2c(c1C)C(=O)NC2=O,O=C1NC(=O)c2c1cc[nH]c2=O,O=C1NC(=O)c2c1cc[nH]c2=O,True,False
c1ccc2c(c1)ncn2-c1ccc2nc(Nc3ccc4cc(-n5cnc6ccccc65)ccc4n3)ccc2c1,c1ccc2c(c1)ncn2-c1ccc2nc(Nc3ccc4cc(-n5cnc6ccccc65)ccc4n3)ccc2c1,c1ccc2c(c1)ncn2-c1ccc2nc(Nc3ccc4cc(-n5cnc6ccccc65)ccc4n3)ccc2c1,False,True
CC(C)n1c(-c2ccc3cccc(O)c3n2)nc2ccccc21,c1ccc2nc(-c3nc4ccccc4[nH]3)ccc2c1,c1ccc2nc(-c3nc4ccccc4[nH]3)ccc2c1,False,True
CC1c2cc(C#Cc3ccccc3)ccc2-c2cc3nc4c5ccccc5c5ccccc5c4nc3cc21,C(#Cc1ccc2c(c1)Cc1cc3nc4c5ccccc5c5ccccc5c4nc3cc1-2)c1ccccc1,C(#Cc1ccc2c(c1)Cc1cc3nc4c5ccccc5c5ccccc5c4nc3cc1-2)c1ccccc1,True,False
COc1ccccc1C(=O)[C@@H]1O[C@H]1c1ccccc1,O=C(c1ccccc1)[C@@H]1O[C@H]1c1ccccc1,O=C(c1ccccc1)[C@@H]1O[C@H]1c1ccccc1,True,False
Cc1ccc(-c2nc3c(N)ncnc3n2C2OC(CO)C(O)C2O)s1,c1csc(-c2nc3cncnc3n2C2CCCO2)c1,c1csc(-c2nc3cncnc3n2C2CCCO2)c1,True,False
CCn1cc(C=C(C#N)c2nc3ccccc3s2)c2ccccc21,C(=Cc1c[nH]c2ccccc12)c1nc2ccccc2s1,C(=Cc1c[nH]c2ccccc12)c1nc2ccccc2s1,True,False
CN(C)c1ccc(-c2nc(-c3ccc(C=Cc4ccc([N+](=O)[O-])cc4)cc3)[nH]c2-c2ccc(N(C)C)cc2)cc1,C(=Cc1ccc(-c2nc(-c3ccccc3)c(-c3ccccc3)[nH]2)cc1)c1ccccc1,C(=Cc1ccc(-c2nc(-c3ccccc3)c(-c3ccccc3)[nH]2)cc1)c1ccccc1,True,False
CC1(C)c2cc(-c3ccccc3)ccc2N2CCC(=O)NC21C,O=C1CCN2c3ccc(-c4ccccc4)cc3CC2N1,O=C1CCN2c3ccc(-c4ccccc4)cc3CC2N1,True,False
CN(C)c1cccc(C=Cc2ccccc2)c1[N+](=O)[O-],C(=Cc1ccccc1)c1ccccc1,C(=Cc1ccccc1)c1ccccc1,False,True
O=C(O)Cc1ccccc1O,c1ccccc1,c1ccccc1,False,True
N#CC(C#N)=Cc1ccc(-c2ccc(N(c3ccccc3)c3ccccc3)cc2)o1,c1ccc(N(c2ccccc2)c2ccc(-c3ccco3)cc2)cc1,c1ccc(N(c2ccccc2)c2ccc(-c3ccco3)cc2)cc1,True,False
O=[N+]([O-])c1ccc(N(CCCl)CCCl)c2nonc12,c1ccc2nonc2c1,c1ccc2nonc2c1,True,False
CCOC(=O)c1ccc(N(C)C)cc1,c1ccccc1,c1ccccc1,False,True
CC(=O)N[C@@H](Cc1c[nH]c2ccccc12)C(=O)O,c1ccc2[nH]ccc2c1,c1ccc2[nH]ccc2c1,True,False
CNc1nc2cc3c(C)c(C(N)=O)c(=O)oc3cc2n1Cc1ccc2c(c1)OCO2,O=c1ccc2cc3ncn(Cc4ccc5c(c4)OCO5)c3cc2o1,O=c1ccc2cc3ncn(Cc4ccc5c(c4)OCO5)c3cc2o1,True,False
CNC(C)Cc1ccc(Cl)cc1,c1ccccc1,c1ccccc1,False,True
O=P(c1ccccc1)(c1ccccc1)c1cn(-c2ccccc2)c(=S)n1-c1ccccc1,O=P(c1ccccc1)(c1ccccc1)c1cn(-c2ccccc2)c(=S)n1-c1ccccc1,O=P(c1ccccc1)(c1ccccc1)c1cn(-c2ccccc2)c(=S)n1-c1ccccc1,True,False
C=C(C=CC(=O)O)Oc1c(I)cc(CC(N)C(=O)O)cc1I,c1ccccc1,c1ccccc1,False,True
O=C(O)c1cc(N=Nc2ccc3ccccc3c2S(=O)(=O)O)c2ccccc2c1O,c1ccc2cc(N=Nc3cccc4ccccc34)ccc2c1,c1ccc2cc(N=Nc3cccc4ccccc34)ccc2c1,False,True
COC(=O)[C@H](Cc1c(-c2c(C)cc(C)cc2C)[nH]c2ccccc12)NC(C)=O,c1ccc(-c2cc3ccccc3[nH]2)cc1,c1ccc(-c2cc3ccccc3[nH]2)cc1,True,False
Cc1ccccc1N=Nc1ccc(O)c(C=Nc2ccc(C(=O)O)cc2)c1,C(=Nc1ccccc1)c1cccc(N=Nc2ccccc2)c1,C(=Nc1ccccc1)c1cccc(N=Nc2ccccc2)c1,False,True
CN1c2ccc(C=Cc3ccncc3)cc2Sc2cc(C=Cc3ccncc3)ccc21,C(=Cc1ccc2c(c1)Sc1cc(C=Cc3ccncc3)ccc1N2)c1ccncc1,C(=Cc1ccc2c(c1)Sc1cc(C=Cc3ccncc3)ccc1N2)c1ccncc1,False,True
Cc1ccc(N=Nc2c(N)nn3c(-c4ccccc4)ccnc23)cc1,c1ccc(N=Nc2cnn3c(-c4ccccc4)ccnc23)cc1,c1ccc(N=Nc2cnn3c(-c4ccccc4)ccnc23)cc1,False,True
c1csc(-c2ccc(-c3ccc(-c4cncnc4)s3)s2)c1,c1csc(-c2ccc(-c3ccc(-c4cncnc4)s3)s2)c1,c1csc(-c2ccc(-c3ccc(-c4cncnc4)s3)s2)c1,True,False
C(=Cc1cccc2ccccc12)c1ccc(-c2nnc(-c3c4ccccc4cc4ccccc34)o2)cc1,C(=Cc1cccc2ccccc12)c1ccc(-c2nnc(-c3c4ccccc4cc4ccccc34)o2)cc1,C(=Cc1cccc2ccccc12)c1ccc(-c2nnc(-c3c4ccccc4cc4ccccc34)o2)cc1,True,False
O=C1N=CNC1=Cc1cc(F)c(O)c(F)c1,O=C1N=CNC1=Cc1ccccc1,O=C1N=CNC1=Cc1ccccc1,True,False
CCn1c2ccccc2c2cc(-c3ccc(C=Cc4ccc(C=C(c5ccccc5)c5ccccc5)cc4)cc3)ccc21,C(=Cc1ccc(-c2ccc3[nH]c4ccccc4c3c2)cc1)c1ccc(C=C(c2ccccc2)c2ccccc2)cc1,C(=Cc1ccc(-c2ccc3[nH]c4ccccc4c3c2)cc1)c1ccc(C=C(c2ccccc2)c2ccccc2)cc1,True,False
CCOC(=O)c1cc(=O)c2ccc(OC)cc2o1,O=c1ccoc2ccccc12,O=c1ccoc2ccccc12,False,True
NCCC(=O)N1Cc2ccccc2-c2nnn(-c3cc4cc(Cl)cc(Cl)c4oc3=O)c2-c2ccccc21,O=c1oc2ccccc2cc1-n1nnc2c1-c1ccccc1NCc1ccccc1-2,O=c1oc2ccccc2cc1-n1nnc2c1-c1ccccc1NCc1ccccc1-2,False,True
COc1cc(-c2cc3c(C#N)c4c5c(oc(=O)c4c(=N)n3[nH]2)-c2ccccc2SC5)cc(OC)c1OC,N=c1c2c(=O)oc3c(c2cc2cc(-c4ccccc4)[nH]n12)CSc1ccccc1-3,N=c1c2c(=O)oc3c(c2cc2cc(-c4ccccc4)[nH]n12)CSc1ccccc1-3,False,True
CC(=O)c1c(O)c2ccccc2oc1=O,O=c1ccc2ccccc2o1,O=c1ccc2ccccc2o1,False,True
CC(C)(C)C12OCC(C)(C)C1(c1ccc(O[Si](C)(C)C(C)(C)C)cc1)OO2,c1ccc(C23CCOC2OO3)cc1,c1ccc(C23CCOC2OO3)cc1,False,True
CCOC(=O)C1CC(C#N)=C2C=CC=NN21,C1=CC2=CCCN2N=C1,C1=CC2=CCCN2N=C1,False,True
CC(=C1C(=O)OC(=O)C1=C(c1ccccc1)c1ccccc1)c1cc(C)sc1C,O=C1OC(=O)C(=C(c2ccccc2)c2ccccc2)C1=Cc1ccsc1,O=C1OC(=O)C(=C(c2ccccc2)c2ccccc2)C1=Cc1ccsc1,True,False
O=c1nc2c3ccccc3ncn2c2ccccc12,O=c1nc2c3ccccc3ncn2c2ccccc12,O=c1nc2c3ccccc3ncn2c2ccccc12,True,False
O=C1NC(=O)C(c2ccccc2)(c2ccc(O)cc2)N1,O=C1NC(=O)C(c2ccccc2)(c2ccccc2)N1,O=C1NC(=O)C(c2ccccc2)(c2ccccc2)N1,True,False
CC(C)c1ccc(CO)cc1O,c1ccccc1,c1ccccc1,False,True
N#CC(=Cc1cc(-c2ccc(C=C(C#N)c3ccc(-c4cccc5ccccc45)cc3)cc2)cs1)c1ccccc1,C(=Cc1cc(-c2ccc(C=Cc3ccc(-c4cccc5ccccc45)cc3)cc2)cs1)c1ccccc1,C(=Cc1cc(-c2ccc(C=Cc3ccc(-c4cccc5ccccc45)cc3)cc2)cs1)c1ccccc1,True,False
CC(=O)CC(=O)c1ccc(-c2nc3ccccc3s2)o1,c1coc(-c2nc3ccccc3s2)c1,c1coc(-c2nc3ccccc3s2)c1,True,False
O=C1OC2(c3cc(Cl)c(O)cc3Oc3cc(O)c(Cl)cc32)c2ccccc21,O=C1OC2(c3ccccc3Oc3ccccc32)c2ccccc21,O=C1OC2(c3ccccc3Oc3ccccc32)c2ccccc21,False,True
CCOP(=O)(OCC)c1ccc2c3c(ccc2c1)OC(c1ccc(F)cc1)(c1ccc(F)cc1)C=C3,C1=CC(c2ccccc2)(c2ccccc2)Oc2ccc3ccccc3c21,C1=CC(c2ccccc2)(c2ccccc2)Oc2ccc3ccccc3c21,False,True
Cc1nc2c(Br)cc(C#Cc3ccc(N(c4ccccc4)c4ccccc4)cc3)cc2cc1O,C(#Cc1ccc2ncccc2c1)c1ccc(N(c2ccccc2)c2ccccc2)cc1,C(#Cc1ccc2ncccc2c1)c1ccc(N(c2ccccc2)c2ccccc2)cc1,True,False
c1ccc(P(CCCCP(c2ccccc2)c2ccccc2)c2ccccc2)cc1,c1ccc(P(CCCCP(c2ccccc2)c2ccccc2)c2ccccc2)cc1,c1ccc(P(CCCCP(c2ccccc2)c2ccccc2)c2ccccc2)cc1,True,False
CN(C)c1ccc(C=CC=Cc2ccc(N(C)C)cc2)cc1,C(C=Cc1ccccc1)=Cc1ccccc1,C(C=Cc1ccccc1)=Cc1ccccc1,True,False
COC(C(=O)c1ccccc1)C(=O)c1ccccc1,O=C(CC(=O)c1ccccc1)c1ccccc1,O=C(CC(=O)c1ccccc1)c1ccccc1,True,False
O=C1C(c2cccs2)=C2C(=C(c3cccs3)C(=O)N2c2ccccc2)N1c1ccccc1,O=C1C(c2cccs2)=C2C(=C(c3cccs3)C(=O)N2c2ccccc2)N1c1ccccc1,O=C1C(c2cccs2)=C2C(=C(c3cccs3)C(=O)N2c2ccccc2)N1c1ccccc1,True,False
CCN1C(=O)C(=Cc2ccc(N(C)C)cc2)C(C)=C(C#N)C1=O,O=C1C=CC(=Cc2ccccc2)C(=O)N1,O=C1C=CC(=Cc2ccccc2)C(=O)N1,True,False
COc1ccc(-c2cc(-c3ccc(Cl)cc3)nc(OC)c2C#N)cc1,c1ccc(-c2ccnc(-c3ccccc3)c2)cc1,c1ccc(-c2ccnc(-c3ccccc3)c2)cc1,True,False
Brc1ccc(-c2cn3ccc(C=Cc4ccccc4)cc3n2)cc1,C(=Cc1ccn2cc(-c3ccccc3)nc2c1)c1ccccc1,C(=Cc1ccn2cc(-c3ccccc3)nc2c1)c1ccccc1,False,True
NCCc1ccc(O)c(O)c1,c1ccccc1,c1ccccc1,False,True
CN1C(=O)C(c2ccc(C=Cc3ccccc3)cc2)=C(c2c[nH]c3ccccc23)C1=O,O=C1NC(=O)C(c2c[nH]c3ccccc23)=C1c1ccc(C=Cc2ccccc2)cc1,O=C1NC(=O)C(c2c[nH]c3ccccc23)=C1c1ccc(C=Cc2ccccc2)cc1,False,True
CNC(=O)c1c2ccccc2cc2ccccc12,c1ccc2cc3ccccc3cc2c1,c1ccc2cc3ccccc3cc2c1,False,True
CCOC(=O)c1c(O)c(N=Nc2ccccc2)c2ccccc2c1O,c1ccc(N=Nc2cccc3ccccc23)cc1,c1ccc(N=Nc2cccc3ccccc23)cc1,True,False
C(#Cc1ccc(-n2c3ccccc3c3ccccc32)cc1)c1ccccc1,C(#Cc1ccc(-n2c3ccccc3c3ccccc32)cc1)c1ccccc1,C(#Cc1ccc(-n2c3ccccc3c3ccccc32)cc1)c1ccccc1,True,False
c1cncc(-c2ccc(-c3cccnc3)c3[nH]ccc23)c1,c1cncc(-c2ccc(-c3cccnc3)c3[nH]ccc23)c1,c1cncc(-c2ccc(-c3cccnc3)c3[nH]ccc23)c1,True,False
COc1cccc(C=CC(=O)O)c1,c1ccccc1,c1ccccc1,False,True
Nc1cccc2c1C(=O)c1ccccc1C2=O,O=C1c2ccccc2C(=O)c2ccccc21,O=C1c2ccccc2C(=O)c2ccccc21,True,False
CC(C)(c1ccc(O)cc1)c1ccc(O)c(O)c1,c1ccc(Cc2ccccc2)cc1,c1ccc(Cc2ccccc2)cc1,False,True
Brc1ccc(-c2ccc3cc4ccccc4nc3n2)cc1,c1ccc(-c2ccc3cc4ccccc4nc3n2)cc1,c1ccc(-c2ccc3cc4ccccc4nc3n2)cc1,True,False
Cc1cc(C)n(Cn2nc(C)cc2C)n1,c1cnn(Cn2cccn2)c1,c1cnn(Cn2cccn2)c1,True,False
CC(=O)c1ccc2c(c1)N=CCC2=O,O=C1CC=Nc2ccccc21,O=C1CC=Nc2ccccc21,False,True
Oc1cc(O)c2c(c1)O[C@H](c1cc(O)c(O)c(O)c1)[C@H](O)C2,c1ccc([C@@H]2CCc3ccccc3O2)cc1,c1ccc([C@@H]2CCc3ccccc3O2)cc1,True,False
O=C1c2c(Cl)ccc(Cl)c2C(=O)c2c(F)c(F)c(F)c(F)c21,O=C1c2ccccc2C(=O)c2ccccc21,O=C1c2ccccc2C(=O)c2ccccc21,True,False
CC(=O)C(N=Nc1ccc(F)cc1)C(=O)Nc1ccc(NC(=O)C(N=Nc2ccc(F)cc2)C(C)=O)cc1,O=C(CN=Nc1ccccc1)Nc1ccc(NC(=O)CN=Nc2ccccc2)cc1,O=C(CN=Nc1ccccc1)Nc1ccc(NC(=O)CN=Nc2ccccc2)cc1,True,False
O=c1cc(-c2ccccc2)oc2cccc(O)c12,O=c1cc(-c2ccccc2)oc2ccccc12,O=c1cc(-c2ccccc2)oc2ccccc12,True,False
Cc1nc(Cl)c2cc(-c3nnc(COc4ccc([N+](=O)[O-])cc4)o3)ccn12,c1ccc(OCc2nnc(-c3ccn4cncc4c3)o2)cc1,c1ccc(OCc2nnc(-c3ccn4cncc4c3)o2)cc1,True,False
FC(F)(F)c1ccc(N=Nc2ccc(OCCBr)cc2)cc1,c1ccc(N=Nc2ccccc2)cc1,c1ccc(N=Nc2ccccc2)cc1,False,True
Cc1ccccc1-c1ccccc1O,c1ccc(-c2ccccc2)cc1,c1ccc(-c2ccccc2)cc1,True,False
CCCCOCNc1ccc2c3c(cccc13)C(=O)c1ccccc1-2,O=C1c2ccccc2-c2cccc3cccc1c23,O=C1c2ccccc2-c2cccc3cccc1c23,True,False
C#Cc1nc(C=Cc2ccc(OC)cc2)cc(C=Cc2ccc(OC)cc2)n1,C(=Cc1cc(C=Cc2ccccc2)ncn1)c1ccccc1,C(=Cc1cc(C=Cc2ccccc2)ncn1)c1ccccc1,True,False
O=[N+]([O-])c1ccc2nc(N=Nc3cccc(CO)c3)sc2c1,c1ccc(N=Nc2nc3ccccc3s2)cc1,c1ccc(N=Nc2nc3ccccc3s2)cc1,False,True
Clc1nccc(NN=Cc2ccccc2)n1,C(=NNc1ccncn1)c1ccccc1,C(=NNc1ccncn1)c1ccccc1,True,False
N#CC(=CCCc1ccc(O)c(O)c1)C(=O)NCc1ccccc1,O=C(C=CCCc1ccccc1)NCc1ccccc1,O=C(C=CCCc1ccccc1)NCc1ccccc1,True,False
COc1ccccc1C=CC(=O)O,c1ccccc1,c1ccccc1,False,True
Cc1ccc2c(-c3ccc4ccccc4c3)c3ccccc3c(-c3ccc4ccccc4c3)c2c1,c1ccc2cc(-c3c4ccccc4c(-c4ccc5ccccc5c4)c4ccccc34)ccc2c1,c1ccc2cc(-c3c4ccccc4c(-c4ccc5ccccc5c4)c4ccccc34)ccc2c1,True,False
O=Cc1ccc(-c2ccc([N+](=O)[O-])cc2)s1,c1ccc(-c2cccs2)cc1,c1ccc(-c2cccs2)cc1,True,False
CC1(C)c2ccccc2-c2ccc(N(c3ccc(N=Nc4ccc(C#N)cc4)cc3)c3ccc4c(c3)C(C)(C)c3ccccc3-4)cc21,c1ccc(N=Nc2ccc(N(c3ccc4c(c3)Cc3ccccc3-4)c3ccc4c(c3)Cc3ccccc3-4)cc2)cc1,c1ccc(N=Nc2ccc(N(c3ccc4c(c3)Cc3ccccc3-4)c3ccc4c(c3)Cc3ccccc3-4)cc2)cc1,True,False
COc1ccc(C=C2N=C(C)N(C)C2=O)cc1,O=C1NC=NC1=Cc1ccccc1,O=C1NC=NC1=Cc1ccccc1,True,False
c1ccc2cccc-2cc1,c1ccc2cccc-2cc1,c1ccc2cccc-2cc1,True,False
CC1c2cc3nc(-c4ccccc4)[nH]c3cc2-c2cc3[nH]c(-c4ccccc4)nc3cc21,c1ccc(-c2nc3cc4c(cc3[nH]2)-c2cc3[nH]c(-c5ccccc5)nc3cc2C4)cc1,c1ccc(-c2nc3cc4c(cc3[nH]2)-c2cc3[nH]c(-c5ccccc5)nc3cc2C4)cc1,True,False
CC(C)(C)c1ccc(-c2ccc(-c3ccc(-c4ccc(C#N)cc4)s3)s2)cc1,c1ccc(-c2ccc(-c3ccc(-c4ccccc4)s3)s2)cc1,c1ccc(-c2ccc(-c3ccc(-c4ccccc4)s3)s2)cc1,False,True
CCN(CC)c1ccc(-c2oc3cc(N=C=S)ccc3c(=O)c2O)cc1,O=c1cc(-c2ccccc2)oc2ccccc12,O=c1cc(-c2ccccc2)oc2ccccc12,True,False
N#CC(=Cc1cccc(N(c2ccccc2)c2ccccc2)c1)C(=O)O,c1ccc(N(c2ccccc2)c2ccccc2)cc1,c1ccc(N(c2ccccc2)c2ccccc2)cc1,True,False
Cc1nn(-c2ccccc2)c2cc(-c3ccccc3)n3c4cc(Br)ccc4nc3c12,c1ccc(-c2cc3c(cnn3-c3ccccc3)c3nc4ccccc4n23)cc1,c1ccc(-c2cc3c(cnn3-c3ccccc3)c3nc4ccccc4n23)cc1,False,True
CC(C)(C)C1CCC(=CSC=Cc2ccc(-c3ccc(C=CSC=C4CCC(C(C)(C)C)CC4)cc3)cc2)CC1,C(=Cc1ccc(-c2ccc(C=CSC=C3CCCCC3)cc2)cc1)SC=C1CCCCC1,C(=Cc1ccc(-c2ccc(C=CSC=C3CCCCC3)cc2)cc1)SC=C1CCCCC1,True,False
O=C1OC(c2ccc([N+](=O)[O-])cc2)=NC1=Cc1ccc(C2COCCOCCOCCNCCO2)cc1,O=C1OC(c2ccccc2)=NC1=Cc1ccc(C2COCCOCCOCCNCCO2)cc1,O=C1OC(c2ccccc2)=NC1=Cc1ccc(C2COCCOCCOCCNCCO2)cc1,True,False
c1ccc(CN2CCN(Cc3ccccn3)CC2)nc1,c1ccc(CN2CCN(Cc3ccccn3)CC2)nc1,c1ccc(CN2CCN(Cc3ccccn3)CC2)nc1,True,False
Nc1nc(-c2ccc(NC(=O)c3ccccc3)cc2)c(N=Nc2ccc(Br)cc2)s1,O=C(Nc1ccc(-c2ncsc2N=Nc2ccccc2)cc1)c1ccccc1,O=C(Nc1ccc(-c2ncsc2N=Nc2ccccc2)cc1)c1ccccc1,True,False
CN1c2ccccc2Oc2cc(C=C(C#N)C(=O)O)ccc21,c1ccc2c(c1)Nc1ccccc1O2,c1ccc2c(c1)Nc1ccccc1O2,True,False
O=C(CC(=O)c1ccco1)c1ccco1,O=C(CC(=O)c1ccco1)c1ccco1,O=C(CC(=O)c1ccco1)c1ccco1,True,False
O=CCc1ccc(-c2ccccc2)cc1,c1ccc(-c2ccccc2)cc1,c1ccc(-c2ccccc2)cc1,True,False
CN1C(=O)C(=CC=C2C=C(c3ccccc3)C=C(c3ccccc3)O2)C(=O)N(C)C1=O,O=C1NC(=O)C(=CC=C2C=C(c3ccccc3)C=C(c3ccccc3)O2)C(=O)N1,O=C1NC(=O)C(=CC=C2C=C(c3ccccc3)C=C(c3ccccc3)O2)C(=O)N1,True,False
O=C(CC(=O)c1cccc(C(=O)CC(=O)c2ccc(F)cc2)n1)c1ccc(F)cc1,O=C(CC(=O)c1cccc(C(=O)CC(=O)c2ccccc2)n1)c1ccccc1,O=C(CC(=O)c1cccc(C(=O)CC(=O)c2ccccc2)n1)c1ccccc1,True,False
Cc1cc2c3sc(=O)ccc3ccc2n1-c1ccccc1,O=c1ccc2ccc3c(ccn3-c3ccccc3)c2s1,O=c1ccc2ccc3c(ccn3-c3ccccc3)c2s1,False,True
Cn1cccc1-c1cccs1,c1c[nH]c(-c2cccs2)c1,c1c[nH]c(-c2cccs2)c1,True,False
N#Cc1c(N)sc(N=NC2NC=C([N+](=O)[O-])S2)c1-c1ccc(Cl)cc1,C1=CSC(N=Nc2sccc2-c2ccccc2)N1,C1=CSC(N=Nc2sccc2-c2ccccc2)N1,True,False
Nc1ccc(Nc2ccc(Nc3ccc(Nc4ccccc4)cc3)cc2)cc1,c1ccc(Nc2ccc(Nc3ccc(Nc4ccccc4)cc3)cc2)cc1,c1ccc(Nc2ccc(Nc3ccc(Nc4ccccc4)cc3)cc2)cc1,True,False
Cn1cnc([N+](=O)[O-])c1Sc1ncnc2nc[nH]c12,c1nc(Sc2cnc[nH]2)c2[nH]cnc2n1,c1nc(Sc2cnc[nH]2)c2[nH]cnc2n1,True,False
c1cc(-c2cnc3oc4ncccc4c3c2)cc(-n2c3ccccc3c3ccccc32)c1,c1cc(-c2cnc3oc4ncccc4c3c2)cc(-n2c3ccccc3c3ccccc32)c1,c1cc(-c2cnc3oc4ncccc4c3c2)cc(-n2c3ccccc3c3ccccc32)c1,True,False
N#CC(=Cc1cc(-c2ccc(C=C(C#N)c3ccc(-c4ccc(Cl)cc4)cc3)cc2)cs1)c1ccccc1,C(=Cc1cc(-c2ccc(C=Cc3ccc(-c4ccccc4)cc3)cc2)cs1)c1ccccc1,C(=Cc1cc(-c2ccc(C=Cc3ccc(-c4ccccc4)cc3)cc2)cs1)c1ccccc1,True,False
N#Cc1ccc(-c2cnc(-c3ccc(-c4nc5ccccc5s4)cc3)s2)cc1,c1ccc(-c2cnc(-c3ccc(-c4nc5ccccc5s4)cc3)s2)cc1,c1ccc(-c2cnc(-c3ccc(-c4nc5ccccc5s4)cc3)s2)cc1,True,False
c1ccc(-c2cc3cc(-c4nnc(-c5ccccc5)o4)ccn3n2)cc1,c1ccc(-c2cc3cc(-c4nnc(-c5ccccc5)o4)ccn3n2)cc1,c1ccc(-c2cc3cc(-c4nnc(-c5ccccc5)o4)ccn3n2)cc1,True,False
COc1cc(OC)c2c(=O)c(C(=O)c3ccccc3Cc3ccccc3)cn(C)c2c1,O=C(c1ccccc1Cc1ccccc1)c1c[nH]c2ccccc2c1=O,O=C(c1ccccc1Cc1ccccc1)c1c[nH]c2ccccc2c1=O,True,False
Cc1cc2cc3c(cc2s1)sc1cc2sc(C)cc2cc13,c1cc2cc3c(cc2s1)sc1cc2sccc2cc13,c1cc2cc3c(cc2s1)sc1cc2sccc2cc13,False,True
COc1ccc(-c2cc(C)nc(-c3ccc(-n4c5ccccc5c5ccccc54)cc3)n2)cc1,c1ccc(-c2ccnc(-c3ccc(-n4c5ccccc5c5ccccc54)cc3)n2)cc1,c1ccc(-c2ccnc(-c3ccc(-n4c5ccccc5c5ccccc54)cc3)n2)cc1,True,False
CC1c2cc(-c3ccc4ccc5cccc6ccc3c4c56)ccc2-c2cc3nc(-c4ccccc4)c(-c4ccccc4)nc3cc21,c1ccc(-c2nc3cc4c(cc3nc2-c2ccccc2)-c2ccc(-c3ccc5ccc6cccc7ccc3c5c67)cc2C4)cc1,c1ccc(-c2nc3cc4c(cc3nc2-c2ccccc2)-c2ccc(-c3ccc5ccc6cccc7ccc3c5c67)cc2C4)cc1,True,False
CCOC(=O)C1=C(c2ccccc2)N(C)C(=O)C1=Cc1ccc(-c2cccs2)s1,O=C1NC(c2ccccc2)=CC1=Cc1ccc(-c2cccs2)s1,O=C1NC(c2ccccc2)=CC1=Cc1ccc(-c2cccs2)s1,True,False
Cn1cc(N)cc1C(N)=O,c1cc[nH]c1,c1cc[nH]c1,True,False
C=CCOc1nnc(O[C@@H](c2ccnc3ccc(OC)cc23)[C@H]2CC3CCN2C[C@@H]3CC)c2ccccc12,c1ccc2c(O[C@@H](c3ccnc4ccccc34)[C@H]3CC4CCN3CC4)nncc2c1,c1ccc2c(O[C@@H](c3ccnc4ccccc34)[C@H]3CC4CCN3CC4)nncc2c1,True,False
Cc1ccc(N=Cc2ccc[nH]2)cc1,C(=Nc1ccccc1)c1ccc[nH]1,C(=Nc1ccccc1)c1ccc[nH]1,True,False
Cc1cc(=O)oc2cc(O)ccc12,O=c1ccc2ccccc2o1,O=c1ccc2ccccc2o1,False,True
COC(=O)C=c1sc2n(c1=O)C(c1ccc(OC)cc1)C1=C(N=2)C1=Cc1ccc(OC)cc1,C=c1sc2n(c1=O)C(c1ccccc1)C1=C(N=2)C1=Cc1ccccc1,C=c1sc2n(c1=O)C(c1ccccc1)C1=C(N=2)C1=Cc1ccccc1,True,False
O=C(O)CN1C(=O)C(=Cc2ccc(N(c3ccccc3)c3ccc(C=NN(c4ccccc4)c4ccccc4)cc3)cc2)SC1=S,O=C1NC(=S)SC1=Cc1ccc(N(c2ccccc2)c2ccc(C=NN(c3ccccc3)c3ccccc3)cc2)cc1,O=C1NC(=S)SC1=Cc1ccc(N(c2ccccc2)c2ccc(C=NN(c3ccccc3)c3ccccc3)cc2)cc1,False,True
CC(C)(C)C(Cc1ccc2ccccc2n1)=NN=C(Cc1ccc2ccccc2n1)C(C)(C)C,C(Cc1ccc2ccccc2n1)=NN=CCc1ccc2ccccc2n1,C(Cc1ccc2ccccc2n1)=NN=CCc1ccc2ccccc2n1,True,False
O=[N+]([O-])c1cc2c(c([N+](=O)[O-])c1)-c1c(cc([N+](=O)[O-])cc1[N+](=O)[O-])C2=CC=CC=C1N(c2ccccc2)c2ccccc2N1c1ccccc1,C(=CC=C1N(c2ccccc2)c2ccccc2N1c1ccccc1)C=C1c2ccccc2-c2ccccc21,C(=CC=C1N(c2ccccc2)c2ccccc2N1c1ccccc1)C=C1c2ccccc2-c2ccccc21,True,False
Oc1ccc(-c2c3ccccc3c(-c3ccc(O)cc3)c3cc(Cl)ccc23)cc1,c1ccc(-c2c3ccccc3c(-c3ccccc3)c3ccccc23)cc1,c1ccc(-c2c3ccccc3c(-c3ccccc3)c3ccccc23)cc1,True,False
CC1=NC(=Cc2ccc([N+](=O)[O-])cc2)C(=O)N1Cc1ccccc1,O=C1C(=Cc2ccccc2)N=CN1Cc1ccccc1,O=C1C(=Cc2ccccc2)N=CN1Cc1ccccc1,False,True
COC1OC(=O)C(Br)=C1Nc1ccc(C)c(C)c1,O=C1C=C(Nc2ccccc2)CO1,O=C1C=C(Nc2ccccc2)CO1,True,False
Fc1cc(-c2ccc(-c3nc4ccc(Br)cc4[nH]3)cc2)ccc1-c1ccc(-c2nc3ccc(Br)cc3[nH]2)cc1,c1ccc2[nH]c(-c3ccc(-c4ccc(-c5ccc(-c6nc7ccccc7[nH]6)cc5)cc4)cc3)nc2c1,c1ccc2[nH]c(-c3ccc(-c4ccc(-c5ccc(-c6nc7ccccc7[nH]6)cc5)cc4)cc3)nc2c1,True,False
c1ccc2c(c1)Cc1cc(C(=C(c3ccc4c(c3)Cc3ccccc3-4)c3ccc4c(c3)Cc3ccccc3-4)c3ccc4c(c3)Cc3ccccc3-4)ccc1-2,c1ccc2c(c1)Cc1cc(C(=C(c3ccc4c(c3)Cc3ccccc3-4)c3ccc4c(c3)Cc3ccccc3-4)c3ccc4c(c3)Cc3ccccc3-4)ccc1-2,c1ccc2c(c1)Cc1cc(C(=C(c3ccc4c(c3)Cc3ccccc3-4)c3ccc4c(c3)Cc3ccccc3-4)c3ccc4c(c3)Cc3ccccc3-4)ccc1-2,False,True
O=C(O)CN1C(=O)C(=Cc2ccc(-c3ccc4c5c(cccc35)-c3c-4c(-c4ccccc4)c4ccccc4c3-c3ccccc3)s2)SC1=S,O=C1NC(=S)SC1=Cc1ccc(-c2ccc3c4c(cccc24)-c2c-3c(-c3ccccc3)c3ccccc3c2-c2ccccc2)s1,O=C1NC(=S)SC1=Cc1ccc(-c2ccc3c4c(cccc24)-c2c-3c(-c3ccccc3)c3ccccc3c2-c2ccccc2)s1,True,False
Cc1cccc(-c2cc(-c3ccc(-c4ccc(-c5cc(-c6ccccn6)nc(-c6cccc(C)n6)c5)cc4)cc3)cc(-c3ccccn3)n2)n1,c1ccc(-c2cc(-c3ccc(-c4ccc(-c5cc(-c6ccccn6)nc(-c6ccccn6)c5)cc4)cc3)cc(-c3ccccn3)n2)nc1,c1ccc(-c2cc(-c3ccc(-c4ccc(-c5cc(-c6ccccn6)nc(-c6ccccn6)c5)cc4)cc3)cc(-c3ccccn3)n2)nc1,True,False
Nc1nc(-c2ccc(NC(=O)c3ccccc3)cc2)c(N=Nc2cccc([N+](=O)[O-])c2)s1,O=C(Nc1ccc(-c2ncsc2N=Nc2ccccc2)cc1)c1ccccc1,O=C(Nc1ccc(-c2ncsc2N=Nc2ccccc2)cc1)c1ccccc1,True,False
CCN(CC)c1ccc2c(C)cc(=O)oc2c1,O=c1ccc2ccccc2o1,O=c1ccc2ccccc2o1,False,True
Fc1c(F)c(F)c2nc3c(F)c(Nc4ccccc4)c(F)c(F)c3nc2c1F,c1ccc(Nc2ccc3nc4ccccc4nc3c2)cc1,c1ccc(Nc2ccc3nc4ccccc4nc3c2)cc1,True,False
Oc1ccc(Br)cc1-c1nc2c(c3c1-c1ccccc1CC3)-c1ccccc1CC2,c1ccc(-c2nc3c(c4c2-c2ccccc2CC4)-c2ccccc2CC3)cc1,c1ccc(-c2nc3c(c4c2-c2ccccc2CC4)-c2ccccc2CC3)cc1,True,False
N#Cc1ccc(-c2ccc(-c3ccc(-c4cccc5ccccc45)s3)s2)cc1,c1ccc(-c2ccc(-c3ccc(-c4cccc5ccccc45)s3)s2)cc1,c1ccc(-c2ccc(-c3ccc(-c4cccc5ccccc45)s3)s2)cc1,False,True
Cn1c(C#Cc2ccc(C#N)cc2)cc2ccccc21,C(#Cc1cc2ccccc2[nH]1)c1ccccc1,C(#Cc1cc2ccccc2[nH]1)c1ccccc1,True,False
COc1ccc2c3ccccc3n(C)c2c1,c1ccc2c(c1)[nH]c1ccccc12,c1ccc2c(c1)[nH]c1ccccc12,True,False
Cc1cc(=O)oc2cc(-c3cn(Cc4ccccc4)nn3)ccc12,O=c1ccc2ccc(-c3cn(Cc4ccccc4)nn3)cc2o1,O=c1ccc2ccc(-c3cn(Cc4ccccc4)nn3)cc2o1,True,False
CN1C(=O)C2=C(c3ccccc3Br)N(C)C(=O)C2=C1c1ccccc1Br,O=C1NC(c2ccccc2)=C2C(=O)NC(c3ccccc3)=C12,O=C1NC(c2ccccc2)=C2C(=O)NC(c3ccccc3)=C12,True,False
COc1ccc(C=CC(=O)c2cc3ccccc3oc2=O)c(OC)c1,O=C(C=Cc1ccccc1)c1cc2ccccc2oc1=O,O=C(C=Cc1ccccc1)c1cc2ccccc2oc1=O,True,False
Cc1ccc(C(=O)c2sc(=O)sc2C(=O)c2cccs2)s1,O=C(c1cccs1)c1sc(=O)sc1C(=O)c1cccs1,O=C(c1cccs1)c1sc(=O)sc1C(=O)c1cccs1,True,False
N#CC(=Cc1ccc(-c2sc(-c3ccc(-c4ccc(N(c5ccccc5)c5ccccc5)cc4)s3)c3c2OCCO3)s1)C(=O)O,c1ccc(N(c2ccccc2)c2ccc(-c3ccc(-c4sc(-c5cccs5)c5c4OCCO5)s3)cc2)cc1,c1ccc(N(c2ccccc2)c2ccc(-c3ccc(-c4sc(-c5cccs5)c5c4OCCO5)s3)cc2)cc1,True,False
COc1ccc(-c2c3ccccc3c(-c3ccc(OC)c(OC)c3)c3ccccc23)cc1OC,c1ccc(-c2c3ccccc3c(-c3ccccc3)c3ccccc23)cc1,c1ccc(-c2c3ccccc3c(-c3ccccc3)c3ccccc23)cc1,True,False
COc1c2ccccc2c(OC)c2c1c1c(C)ccc(OC)c1n2C,c1ccc2cc3c(cc2c1)[nH]c1ccccc13,c1ccc2cc3c(cc2c1)[nH]c1ccccc13,True,False
COC(=O)c1cc2ccccc2cc1-c1cc2ccccc2cc1C(=O)N(C)[C@H](C)C(C)(C)C,c1ccc2cc(-c3ccc4ccccc4c3)ccc2c1,c1ccc2cc(-c3ccc4ccccc4c3)ccc2c1,True,False
Nc1ccc([N+](=O)[O-])c2nonc12,c1ccc2nonc2c1,c1ccc2nonc2c1,True,False
O=C(Nc1ccccc1)c1c(O)[nH]c(=S)[nH]c1=O,O=C(Nc1ccccc1)c1c[nH]c(=S)[nH]c1=O,O=C(Nc1ccccc1)c1c[nH]c(=S)[nH]c1=O,True,False
N#Cc1cc(Oc2ccc(CO)cc2)c(Sc2ccccc2)cc1C#N,c1ccc(Oc2ccccc2Sc2ccccc2)cc1,c1ccc(Oc2ccccc2Sc2ccccc2)cc1,True,False
CC(C)(C)OC(=O)N[C@@H](Cc1ccccc1)C(=O)OCc1ccc2c3cccc4cccc(c5cccc1c52)c43,O=C(CCc1ccccc1)OCc1ccc2c3cccc4cccc(c5cccc1c52)c43,O=C(CCc1ccccc1)OCc1ccc2c3cccc4cccc(c5cccc1c52)c43,True,False
COc1ccc(N=Nc2nc3ccccc3s2)cc1,c1ccc(N=Nc2nc3ccccc3s2)cc1,c1ccc(N=Nc2nc3ccccc3s2)cc1,False,True
FC(F)(F)c1ccc(-c2ccc3nc(Nc4ccc5cc(-c6ccc(C(F)(F)F)cc6)ccc5n4)ccc3c2)cc1,c1ccc(-c2ccc3nc(Nc4ccc5cc(-c6ccccc6)ccc5n4)ccc3c2)cc1,c1ccc(-c2ccc3nc(Nc4ccc5cc(-c6ccccc6)ccc5n4)ccc3c2)cc1,True,False
C=CCOc1nnc(Cl)c2ccccc12,c1ccc2cnncc2c1,c1ccc2cnncc2c1,True,False
Cc1ccc2c(C=Cc3ccc4c(c3)Sc3ccccc3N4C)cc(=O)oc2c1,O=c1cc(C=Cc2ccc3c(c2)Sc2ccccc2N3)c2ccccc2o1,O=c1cc(C=Cc2ccc3c(c2)Sc2ccccc2N3)c2ccccc2o1,False,True
Cn1c(=O)c2c(nc(Br)n2CBr)n(C)c1=O,O=c1[nH]c(=O)c2[nH]cnc2[nH]1,O=c1[nH]c(=O)c2[nH]cnc2[nH]1,False,True
Cc1cc(C#N)c(C=Cc2ccc(C#N)cc2)cc1C#N,C(=Cc1ccccc1)c1ccccc1,C(=Cc1ccccc1)c1ccccc1,False,True
Cc1ccc(C(=O)[C@@H]2O[C@H]2c2ccccc2)cc1,O=C(c1ccccc1)[C@@H]1O[C@H]1c1ccccc1,O=C(c1ccccc1)[C@@H]1O[C@H]1c1ccccc1,True,False
Cc1ccsc1-c1sc(-c2ccc3c(c2)oc2ccccc23)c2ccccc12,c1csc(-c2sc(-c3ccc4c(c3)oc3ccccc34)c3ccccc23)c1,c1csc(-c2sc(-c3ccc4c(c3)oc3ccccc34)c3ccccc23)c1,True,False
Cc1ccc(N=Nc2c(-c3ccccc3)[nH]c3c(N=Nc4ccccc4)c(C)nn23)cc1,c1ccc(N=Nc2cnn3c(N=Nc4ccccc4)c(-c4ccccc4)[nH]c23)cc1,c1ccc(N=Nc2cnn3c(N=Nc4ccccc4)c(-c4ccccc4)[nH]c23)cc1,True,False
[C-]#[N+]c1ccc(-c2ccc(N)cc2)cc1,c1ccc(-c2ccccc2)cc1,c1ccc(-c2ccccc2)cc1,True,False
O=C1C(=C(O)C=Cc2cc3c4c(c2)CCCN4CCC3)C(=O)c2ccccc21,O=C1C(=CC=Cc2cc3c4c(c2)CCCN4CCC3)C(=O)c2ccccc21,O=C1C(=CC=Cc2cc3c4c(c2)CCCN4CCC3)C(=O)c2ccccc21,False,True
c1ccc([C@@H]2N=C(c3ccc[nH]3)C(c3ccc[nH]3)=N[C@H]2c2ccccc2)cc1,c1ccc([C@@H]2N=C(c3ccc[nH]3)C(c3ccc[nH]3)=N[C@H]2c2ccccc2)cc1,c1ccc([C@@H]2N=C(c3ccc[nH]3)C(c3ccc[nH]3)=N[C@H]2c2ccccc2)cc1,True,False
FC(F)(F)c1ccc2c(c1)CC1Oc3ccccc3CN21,c1ccc2c(c1)CN1c3ccccc3CC1O2,c1ccc2c(c1)CN1c3ccccc3CC1O2,True,False
Brc1cc(-c2ccccc2N(c2ccccc2)c2ccccc2)c(Br)cc1-c1ccccc1N(c1ccccc1)c1ccccc1,c1ccc(N(c2ccccc2)c2ccccc2-c2ccc(-c3ccccc3N(c3ccccc3)c3ccccc3)cc2)cc1,c1ccc(N(c2ccccc2)c2ccccc2-c2ccc(-c3ccccc3N(c3ccccc3)c3ccccc3)cc2)cc1,False,True
CC(C)(c1ccc(OCc2c3ccccc3cc3ccccc23)cc1)c1ccc(OCc2c3ccccc3cc3ccccc23)cc1,c1ccc2c(COc3ccc(Cc4ccc(OCc5c6ccccc6cc6ccccc56)cc4)cc3)c3ccccc3cc2c1,c1ccc2c(COc3ccc(Cc4ccc(OCc5c6ccccc6cc6ccccc56)cc4)cc3)c3ccccc3cc2c1,True,False
Cc1cc(C2=C(c3cc(C)sc3C)C(=O)C(=NO)C2)c(C)s1,N=C1CC(c2ccsc2)=C(c2ccsc2)C1=O,N=C1CC(c2ccsc2)=C(c2ccsc2)C1=O,False,True
Cc1ccc(N(C)c2cc(=O)[nH]c(-c3ccccc3)n2)cc1,O=c1cc(Nc2ccccc2)nc(-c2ccccc2)[nH]1,O=c1cc(Nc2ccccc2)nc(-c2ccccc2)[nH]1,True,False
Cc1ccccc1N=Nc1ccc(NN=C2C(=O)C=Cc3ccccc32)c(C)c1,O=C1C=Cc2ccccc2C1=NNc1ccc(N=Nc2ccccc2)cc1,O=C1C=Cc2ccccc2C1=NNc1ccc(N=Nc2ccccc2)cc1,True,False
Brc1nnc(N=Nc2ccc(-c3cccs3)s2)s1,c1csc(-c2ccc(N=Nc3nncs3)s2)c1,c1csc(-c2ccc(N=Nc3nncs3)s2)c1,False,True
Cc1cn([C@H]2C[C@H](O)[C@@H](C(O)n3cc(COc4ccc5ccc(=O)oc5c4)nn3)O2)c(=O)[nH]c1=O,O=c1ccn([C@H]2CC[C@@H](Cn3cc(COc4ccc5ccc(=O)oc5c4)nn3)O2)c(=O)[nH]1,O=c1ccn([C@H]2CC[C@@H](Cn3cc(COc4ccc5ccc(=O)oc5c4)nn3)O2)c(=O)[nH]1,True,False
CCCOC(=O)c1ccc(C(=O)OCCC)cc1,c1ccccc1,c1ccccc1,False,True
CC1c2ccccc2-c2cc3[nH]c(-c4ccc(Cl)cc4)nc3cc21,c1ccc(-c2nc3cc4c(cc3[nH]2)-c2ccccc2C4)cc1,c1ccc(-c2nc3cc4c(cc3[nH]2)-c2ccccc2C4)cc1,True,False
CCN(CC)c1ccc2cc(C#N)c(=NC(=O)Nc3ccc(C(C)C)cc3)oc2c1,O=C(N=c1ccc2ccccc2o1)Nc1ccccc1,O=C(N=c1ccc2ccccc2o1)Nc1ccccc1,True,False
O=C(Oc1c([N+](=O)[O-])cc([N+](=O)[O-])cc1[N+](=O)[O-])c1ccc(Cl)cc1,O=C(Oc1ccccc1)c1ccccc1,O=C(Oc1ccccc1)c1ccccc1,False,True
Nc1nn2c(-c3ccccc3)ccnc2c1N=Nc1ccc(Cl)cc1,c1ccc(N=Nc2cnn3c(-c4ccccc4)ccnc23)cc1,c1ccc(N=Nc2cnn3c(-c4ccccc4)ccnc23)cc1,False,True
CC(C)Cn1cnc2c(C(=O)c3ccc([N+](=O)[O-])cc3)c3no[n+]([O-])c3cc21,O=C(c1ccccc1)c1c2nc[nH]c2cc2[nH+]onc12,O=C(c1ccccc1)c1c2nc[nH]c2cc2[nH+]onc12,True,False
COc1ccc(C=Cc2nc(C#N)c(C#N)n2C)cc1,C(=Cc1ncc[nH]1)c1ccccc1,C(=Cc1ncc[nH]1)c1ccccc1,True,False
FC(F)(F)c1ccc(-c2nnc(-c3ccn4c(nc5ccccc54)c3-c3ccccc3)o2)cc1,c1ccc(-c2nnc(-c3ccn4c(nc5ccccc54)c3-c3ccccc3)o2)cc1,c1ccc(-c2nnc(-c3ccn4c(nc5ccccc54)c3-c3ccccc3)o2)cc1,True,False
Cc1cc(=O)oc2cc3cc(O)ccc3cc12,O=c1ccc2cc3ccccc3cc2o1,O=c1ccc2cc3ccccc3cc2o1,True,False
COc1c2ccccc2c(OC)c2c1c1cc(Cl)ccc1n2C,c1ccc2cc3c(cc2c1)[nH]c1ccccc13,c1ccc2cc3c(cc2c1)[nH]c1ccccc13,True,False
COc1ccc(-c2cn3ccc(C=Cc4ccc(N(C)C)cc4)cc3n2)cc1,C(=Cc1ccn2cc(-c3ccccc3)nc2c1)c1ccccc1,C(=Cc1ccn2cc(-c3ccccc3)nc2c1)c1ccccc1,False,True
N#CC(=Cc1ccc(-c2ccc3c(c2)c2ccccc2n3-c2ccc(C=C(c3ccccc3)c3ccccc3)cc2)s1)C(=O)O,C(=C(c1ccccc1)c1ccccc1)c1ccc(-n2c3ccccc3c3cc(-c4cccs4)ccc32)cc1,C(=C(c1ccccc1)c1ccccc1)c1ccc(-n2c3ccccc3c3cc(-c4cccs4)ccc32)cc1,True,False
COc1ccccc1O,c1ccccc1,c1ccccc1,False,True
CCn1c2cc(N(c3ccc(C)cc3)c3ccc(C)cc3)ccc2c2ccc(N(c3ccc(C)cc3)c3ccc(C)cc3)cc21,c1ccc(N(c2ccccc2)c2ccc3c(c2)[nH]c2cc(N(c4ccccc4)c4ccccc4)ccc23)cc1,c1ccc(N(c2ccccc2)c2ccc3c(c2)[nH]c2cc(N(c4ccccc4)c4ccccc4)ccc23)cc1,True,False
C#CC1(c2cccc(COC)c2)SCCS1,c1ccc(C2SCCS2)cc1,c1ccc(C2SCCS2)cc1,True,False
O=C(CCl)Nc1ccc2ccc3cccc4ccc1c2c34,c1cc2ccc3cccc4ccc(c1)c2c34,c1cc2ccc3cccc4ccc(c1)c2c34,True,False
CN(C)c1ccc(C#Cc2c(F)c(F)c(C#Cc3ccc(N(C)C)cc3)c(F)c2F)cc1,C(#Cc1ccc(C#Cc2ccccc2)cc1)c1ccccc1,C(#Cc1ccc(C#Cc2ccccc2)cc1)c1ccccc1,True,False
O=[N+]([O-])c1ccc(-c2sc(-c3ccc([N+](=O)[O-])cc3)c3c2OCCO3)cc1,c1ccc(-c2sc(-c3ccccc3)c3c2OCCO3)cc1,c1ccc(-c2sc(-c3ccccc3)c3c2OCCO3)cc1,False,True
COc1ccc2nc(N=Nc3c(-c4ccccc4)n(C)c4ccccc34)sc2c1,c1ccc(-c2[nH]c3ccccc3c2N=Nc2nc3ccccc3s2)cc1,c1ccc(-c2[nH]c3ccccc3c2N=Nc2nc3ccccc3s2)cc1,True,False
COc1ccc2nc(N=Nc3c(C)n(C)c4ccccc34)sc2c1,c1ccc2sc(N=Nc3c[nH]c4ccccc34)nc2c1,c1ccc2sc(N=Nc3c[nH]c4ccccc34)nc2c1,True,False
CN(C)c1ccc(-c2nc(C=Cc3ccc(C#N)cc3)[nH]c2-c2ccc(N(C)C)cc2)cc1,C(=Cc1nc(-c2ccccc2)c(-c2ccccc2)[nH]1)c1ccccc1,C(=Cc1nc(-c2ccccc2)c(-c2ccccc2)[nH]1)c1ccccc1,True,False
CC(=O)n1c2ccccc2c2ccccc21,c1ccc2c(c1)[nH]c1ccccc12,c1ccc2c(c1)[nH]c1ccccc12,True,False
CN1C(=O)C(c2ccc(C=Cc3ccc(-c4ccccc4)cc3)cc2)=C(c2c[nH]c3ccccc23)C1=O,O=C1NC(=O)C(c2c[nH]c3ccccc23)=C1c1ccc(C=Cc2ccc(-c3ccccc3)cc2)cc1,O=C1NC(=O)C(c2c[nH]c3ccccc23)=C1c1ccc(C=Cc2ccc(-c3ccccc3)cc2)cc1,False,True
Nc1nc2c(N=Nc3nccs3)c(N)nn2c(N)c1N=Nc1ccc([N+](=O)[O-])cc1,c1ccc(N=Nc2cnc3c(N=Nc4nccs4)cnn3c2)cc1,c1ccc(N=Nc2cnc3c(N=Nc4nccs4)cnn3c2)cc1,False,True
COc1ccc(-c2sc(C=C(C#N)c3cccs3)c3c2OCCO3)cc1,C(=Cc1sc(-c2ccccc2)c2c1OCCO2)c1cccs1,C(=Cc1sc(-c2ccccc2)c2c1OCCO2)c1cccs1,False,True
CC(=O)c1c(C)n(Cc2ccccc2)c2nc(C#N)c(C#N)nc12,c1ccc(Cn2ccc3nccnc32)cc1,c1ccc(Cn2ccc3nccnc32)cc1,True,False
CCC1(CC)c2ccccc2-c2ccc(-c3sc(-c4sccc4C)c4ccccc34)cc21,c1csc(-c2sc(-c3ccc4c(c3)Cc3ccccc3-4)c3ccccc23)c1,c1csc(-c2sc(-c3ccc4c(c3)Cc3ccccc3-4)c3ccccc23)c1,True,False
COC(C=Cc1ccc(C)cc1)=C1C(=O)c2ccccc2C1=O,O=C1C(=CC=Cc2ccccc2)C(=O)c2ccccc21,O=C1C(=CC=Cc2ccccc2)C(=O)c2ccccc21,False,True
Cn1ccc(-c2cccc(C(F)(F)F)c2)c1,c1ccc(-c2cc[nH]c2)cc1,c1ccc(-c2cc[nH]c2)cc1,True,False
O=C(O)C=Cc1ccc([N+](=O)[O-])cc1,c1ccccc1,c1ccccc1,False,True
CN(C)c1ccc(C=C2CCC(=Cc3ccc(N(C)C)cc3)C2=C(C#N)C#N)cc1,C=C1C(=Cc2ccccc2)CCC1=Cc1ccccc1,C=C1C(=Cc2ccccc2)CCC1=Cc1ccccc1,True,False
Cc1nn(-c2ccccc2)c2cc(-c3ccccc3)n3c4ccc([N+](=O)[O-])cc4nc3c12,c1ccc(-c2cc3c(cnn3-c3ccccc3)c3nc4ccccc4n23)cc1,c1ccc(-c2cc3c(cnn3-c3ccccc3)c3nc4ccccc4n23)cc1,False,True
N#CC(=C(C#N)c1ccc(-n2c(-c3ccccc3)cc3ccccc32)cc1)c1ccc(-n2c(-c3ccccc3)cc3ccccc32)cc1,C(=Cc1ccc(-n2c(-c3ccccc3)cc3ccccc32)cc1)c1ccc(-n2c(-c3ccccc3)cc3ccccc32)cc1,C(=Cc1ccc(-n2c(-c3ccccc3)cc3ccccc32)cc1)c1ccc(-n2c(-c3ccccc3)cc3ccccc32)cc1,True,False
C(=Cc1ccc2c(c1)Sc1cc(C=Cc3ccncc3)ccc1N2)c1ccncc1,C(=Cc1ccc2c(c1)Sc1cc(C=Cc3ccncc3)ccc1N2)c1ccncc1,C(=Cc1ccc2c(c1)Sc1cc(C=Cc3ccncc3)ccc1N2)c1ccncc1,False,True
Cc1ccccc1N(C)c1cc(=O)[nH]c(-c2ccccc2)n1,O=c1cc(Nc2ccccc2)nc(-c2ccccc2)[nH]1,O=c1cc(Nc2ccccc2)nc(-c2ccccc2)[nH]1,True,False
c1ccc2c(c1)[nH]c1cnccc12,c1ccc2c(c1)[nH]c1cnccc12,c1ccc2c(c1)[nH]c1cnccc12,True,False
CC(C(=O)Nc1ccc(S(N)(=O)=O)cc1)N1CCN(C)CC1,O=C(CN1CCNCC1)Nc1ccccc1,O=C(CN1CCNCC1)Nc1ccccc1,True,False
CCn1cc(C=C(C#N)C#N)c2ccccc21,c1ccc2[nH]ccc2c1,c1ccc2[nH]ccc2c1,True,False
c1ccc(-c2ccc3c(-c4ccc5ccccc5c4)c4ccccc4c(-c4ccc(-n5c6ccccc6c6ccccc65)cc4)c3c2)cc1,c1ccc(-c2ccc3c(-c4ccc5ccccc5c4)c4ccccc4c(-c4ccc(-n5c6ccccc6c6ccccc65)cc4)c3c2)cc1,c1ccc(-c2ccc3c(-c4ccc5ccccc5c4)c4ccccc4c(-c4ccc(-n5c6ccccc6c6ccccc65)cc4)c3c2)cc1,True,False
Cc1ncc(CN(C=O)C(C)C(CCOP(=O)(O)O)SC(=O)c2ccccc2)c(N)n1,O=C(SCCNCc1cncnc1)c1ccccc1,O=C(SCCNCc1cncnc1)c1ccccc1,True,False
c1ccc(-c2nc(-c3ccc(-c4ccc(-n5c6ccccc6c6ccccc65)cc4)cc3)n(-c3ccccc3)c2-c2ccccc2)cc1,c1ccc(-c2nc(-c3ccc(-c4ccc(-n5c6ccccc6c6ccccc65)cc4)cc3)n(-c3ccccc3)c2-c2ccccc2)cc1,c1ccc(-c2nc(-c3ccc(-c4ccc(-n5c6ccccc6c6ccccc65)cc4)cc3)n(-c3ccccc3)c2-c2ccccc2)cc1,True,False
CCC(C)n1c(Nc2ccc(F)cc2)nc2cc3c(C)c(C(N)=O)c(=O)oc3cc21,O=c1ccc2cc3nc(Nc4ccccc4)[nH]c3cc2o1,O=c1ccc2cc3nc(Nc4ccccc4)[nH]c3cc2o1,False,True
COc1ccc(-c2scc3c2OCCO3)cc1,c1ccc(-c2scc3c2OCCO3)cc1,c1ccc(-c2scc3c2OCCO3)cc1,True,False
CC(=O)c1ccc(N)cc1,c1ccccc1,c1ccccc1,False,True
N#CC(=Cc1ccc(-c2ccc(C(C#N)=Cc3ccc(N(c4ccccc4)c4ccccc4)cc3)cc2)s1)C(=O)O,C(=Cc1ccc(N(c2ccccc2)c2ccccc2)cc1)c1ccc(-c2cccs2)cc1,C(=Cc1ccc(N(c2ccccc2)c2ccccc2)cc1)c1ccc(-c2cccs2)cc1,True,False
c1ccc(N(c2ccccc2)c2ccc(-c3ccc(-c4cc(-c5ccccn5)nc(-c5ccccn5)c4)cc3)cc2)cc1,c1ccc(N(c2ccccc2)c2ccc(-c3ccc(-c4cc(-c5ccccn5)nc(-c5ccccn5)c4)cc3)cc2)cc1,c1ccc(N(c2ccccc2)c2ccc(-c3ccc(-c4cc(-c5ccccn5)nc(-c5ccccn5)c4)cc3)cc2)cc1,True,False
O=C(O)c1ccccc1,c1ccccc1,c1ccccc1,False,True
CC1(C)CCN2CCC(C)(C)c3c2c1cc1c(C(F)(F)C(F)(F)F)cc(=O)oc31,O=c1ccc2cc3c4c(c2o1)CCCN4CCC3,O=c1ccc2cc3c4c(c2o1)CCCN4CCC3,True,False
CCn1c2ccccc2c2cc(N(c3ccc(C)cc3)c3ccc(C)cc3)ccc21,c1ccc(N(c2ccccc2)c2ccc3[nH]c4ccccc4c3c2)cc1,c1ccc(N(c2ccccc2)c2ccc3[nH]c4ccccc4c3c2)cc1,True,False
N#CC(=Cc1ccc(-c2ccc(C(C#N)=Cc3ccc(N(c4ccccc4)c4ccccc4)cc3)cc2)cc1)C(=O)O,C(=Cc1ccc(N(c2ccccc2)c2ccccc2)cc1)c1ccc(-c2ccccc2)cc1,C(=Cc1ccc(N(c2ccccc2)c2ccccc2)cc1)c1ccc(-c2ccccc2)cc1,True,False
CC(C)(C)C#Cc1ccc(-c2ccc(C#CC(C)(C)C)s2)s1,c1csc(-c2cccs2)c1,c1csc(-c2cccs2)c1,True,False
CCn1c2ccccc2c2cc(-c3cccs3)ccc21,c1csc(-c2ccc3[nH]c4ccccc4c3c2)c1,c1csc(-c2ccc3[nH]c4ccccc4c3c2)c1,True,False
Cc1csc(-c2ccc(-c3cc(C)cs3)c3nn(C)nc23)c1,c1csc(-c2ccc(-c3cccs3)c3n[nH]nc23)c1,c1csc(-c2ccc(-c3cccs3)c3n[nH]nc23)c1,True,False
C=CCOC(=O)C1Cc2cc(Cl)ccc2O1,c1ccc2c(c1)CCO2,c1ccc2c(c1)CCO2,True,False
COc1ccc2nc3nc(C)ccc3cc2c1,c1ccc2nc3ncccc3cc2c1,c1ccc2nc3ncccc3cc2c1,True,False
CCc1c(-c2ccccc2)ccnc1-c1cc(-c2ccccc2)ccn1,c1ccc(-c2ccnc(-c3cc(-c4ccccc4)ccn3)c2)cc1,c1ccc(-c2ccnc(-c3cc(-c4ccccc4)ccn3)c2)cc1,True,False
CCn1c2ccccc2c2cc(-n3c4ccccc4c4cc(C#N)ccc43)ccc21,c1ccc2c(c1)[nH]c1ccc(-n3c4ccccc4c4ccccc43)cc12,c1ccc2c(c1)[nH]c1ccc(-n3c4ccccc4c4ccccc43)cc12,False,True
CCOC(=O)c1c(NC(C)=O)sc2c1-c1ccccc1C2,c1ccc2c(c1)Cc1sccc1-2,c1ccc2c(c1)Cc1sccc1-2,True,False
c1cc2[nH]c3cc4c(cc3c2s1)OCO4,c1cc2[nH]c3cc4c(cc3c2s1)OCO4,c1cc2[nH]c3cc4c(cc3c2s1)OCO4,True,False
O=C(C=Cc1ccc(Cl)cc1)c1ccccc1O,O=C(C=Cc1ccccc1)c1ccccc1,O=C(C=Cc1ccccc1)c1ccccc1,True,False
Cc1ccc2nc(-c3cccc(-c4nc5ccc(C)cc5o4)n3)oc2c1,c1cc(-c2nc3ccccc3o2)nc(-c2nc3ccccc3o2)c1,c1cc(-c2nc3ccccc3o2)nc(-c2nc3ccccc3o2)c1,True,False
Cn1cnc2c(C(=O)c3ccc([N+](=O)[O-])cc3)c3no[n+]([O-])c3cc21,O=C(c1ccccc1)c1c2nc[nH]c2cc2[nH+]onc12,O=C(c1ccccc1)c1c2nc[nH]c2cc2[nH+]onc12,True,False
Cc1ccc(N=Cc2ccccn2)cc1,C(=Nc1ccccc1)c1ccccn1,C(=Nc1ccccc1)c1ccccn1,True,False
CCN(CC)c1ccc2c(C(C)OC(=O)[C@H](CC(=O)O)NC(=O)OCC3c4ccccc4-c4ccccc43)cc(=O)oc2c1,O=C(CNC(=O)OCC1c2ccccc2-c2ccccc21)OCc1cc(=O)oc2ccccc12,O=C(CNC(=O)OCC1c2ccccc2-c2ccccc21)OCc1cc(=O)oc2ccccc12,False,True
CCOC(=O)C1=C(c2ccccc2)NC(=O)C1=NNc1cc([N+](=O)[O-])ccc1O,O=C1NC(c2ccccc2)=CC1=NNc1ccccc1,O=C1NC(c2ccccc2)=CC1=NNc1ccccc1,True,False
COc1ccc2c(c1)N=CCC2=O,O=C1CC=Nc2ccccc21,O=C1CC=Nc2ccccc21,False,True
Cc1c(O)ccc(N=Nc2ccc([N+](=O)[O-])cc2C#N)c1O,c1ccc(N=Nc2ccccc2)cc1,c1ccc(N=Nc2ccccc2)cc1,False,True
CCN(CC)c1ccc2cc(C=CC(=O)c3c(O)c4ccccc4oc3=O)c(=O)oc2c1,O=C(C=Cc1cc2ccccc2oc1=O)c1cc2ccccc2oc1=O,O=C(C=Cc1cc2ccccc2oc1=O)c1cc2ccccc2oc1=O,False,True
Nc1cc(Cl)nc2ccc(Cl)cc12,c1ccc2ncccc2c1,c1ccc2ncccc2c1,False,True
Cc1ccc2cc(C#Cc3ccc(N(c4ccccc4)c4ccccc4)cc3)cc(Br)c2n1,C(#Cc1ccc2ncccc2c1)c1ccc(N(c2ccccc2)c2ccccc2)cc1,C(#Cc1ccc2ncccc2c1)c1ccc(N(c2ccccc2)c2ccccc2)cc1,True,False
C#Cc1ccc2c(c1)Cc1cc(C#C)ccc1-2,c1ccc2c(c1)Cc1ccccc1-2,c1ccc2c(c1)Cc1ccccc1-2,True,False
O=c1[nH]c(=O)c2[nH]cnc2[nH]1,O=c1[nH]c(=O)c2[nH]cnc2[nH]1,O=c1[nH]c(=O)c2[nH]cnc2[nH]1,False,True
Cc1sc(-c2ccc(-c3ccc(-c4ccc(-c5ccc(-c6sc(C)c(C#N)c6C#N)s5)s4)s3)s2)c(C#N)c1C#N,c1csc(-c2ccc(-c3ccc(-c4ccc(-c5ccc(-c6cccs6)s5)s4)s3)s2)c1,c1csc(-c2ccc(-c3ccc(-c4ccc(-c5ccc(-c6cccs6)s5)s4)s3)s2)c1,True,False
O=P(O)(O)OC[C@H]1O[C@@H](n2cnc3c(O)ncnc32)[C@H](O)[C@@H]1O,c1ncc2ncn([C@H]3CCCO3)c2n1,c1ncc2ncn([C@H]3CCCO3)c2n1,False,True
Cc1ccc(-c2cnc(-c3ccc(-c4nc5ccccc5n4C)cc3)n2C)cc1,c1ccc(-c2cnc(-c3ccc(-c4nc5ccccc5[nH]4)cc3)[nH]2)cc1,c1ccc(-c2cnc(-c3ccc(-c4nc5ccccc5[nH]4)cc3)[nH]2)cc1,True,False
Cn1c(-c2ccccc2)nc(C#N)c1C#N,c1ccc(-c2ncc[nH]2)cc1,c1ccc(-c2ncc[nH]2)cc1,True,False
CC1=NC(=Cc2ccc(N(C)C)cc2)C(=O)N1Cc1ccccc1,O=C1C(=Cc2ccccc2)N=CN1Cc1ccccc1,O=C1C(=Cc2ccccc2)N=CN1Cc1ccccc1,False,True
c1ccc2nc3c4ncccc4c4ncccc4c3nc2c1,c1ccc2nc3c4ncccc4c4ncccc4c3nc2c1,c1ccc2nc3c4ncccc4c4ncccc4c3nc2c1,True,False
CCN(CC)c1ccc2c(O)c(N=Nc3ccc(OC)cc3)c(=O)oc2c1,O=c1oc2ccccc2cc1N=Nc1ccccc1,O=c1oc2ccccc2cc1N=Nc1ccccc1,True,False
Nc1c(Br)cc(Br)c2c1C(=O)c1ccccc1C2=O,O=C1c2ccccc2C(=O)c2ccccc21,O=C1c2ccccc2C(=O)c2ccccc21,True,False
O=C(O)Cc1ccc(O)cc1,c1ccccc1,c1ccccc1,False,True
O=C(O)c1ccc([N+](=O)[O-])cc1,c1ccccc1,c1ccccc1,False,True
N#CC(=Cc1ccc(-c2ccc(C(C#N)=Cc3ccc(N(c4ccccc4)c4ccccc4)cc3)cc2)o1)C(=O)O,C(=Cc1ccc(N(c2ccccc2)c2ccccc2)cc1)c1ccc(-c2ccco2)cc1,C(=Cc1ccc(N(c2ccccc2)c2ccccc2)cc1)c1ccc(-c2ccco2)cc1,True,False
CSC1=C(SC)SC(=C2SC(C#Cc3ccccn3)=C(C#Cc3ccccn3)S2)S1,C(#Cc1ccccn1)C1=C(C#Cc2ccccn2)SC(=C2SC=CS2)S1,C(#Cc1ccccn1)C1=C(C#Cc2ccccn2)SC(=C2SC=CS2)S1,True,False
COC(=O)c1ccc(-c2ccc(-c3cccc4ccccc34)cn2)nc1,c1ccc(-c2ccc(-c3cccc4ccccc34)cn2)nc1,c1ccc(-c2ccc(-c3cccc4ccccc34)cn2)nc1,True,False
Cc1cc2c(c(N)c1C)C(=O)c1ccccc1C2=O,O=C1c2ccccc2C(=O)c2ccccc21,O=C1c2ccccc2C(=O)c2ccccc21,True,False
C(#Cc1ccc2c(c1)Cc1ccccc1-2)c1ccc(-n2c3ccccc3c3ccccc32)cc1,C(#Cc1ccc2c(c1)Cc1ccccc1-2)c1ccc(-n2c3ccccc3c3ccccc32)cc1,C(#Cc1ccc2c(c1)Cc1ccccc1-2)c1ccc(-n2c3ccccc3c3ccccc32)cc1,True,False
O=C1C(O)=C(C(Nc2ccc(F)cc2)c2ccc([N+](=O)[O-])cc2)C(=O)c2ccccc21,O=C1C=C(C(Nc2ccccc2)c2ccccc2)C(=O)c2ccccc21,O=C1C=C(C(Nc2ccccc2)c2ccccc2)C(=O)c2ccccc21,False,True
COC(=O)[C@H](Cc1c(-c2c(C)cc(C)cc2C)[nH]c2ccccc12)NC(=O)[C@@H](CC(C)C)NC(=O)C(F)(F)F,c1ccc(-c2cc3ccccc3[nH]2)cc1,c1ccc(-c2cc3ccccc3[nH]2)cc1,True,False
COc1ccc(-c2nc3ccccn3c2CO)cc1,c1ccc(-c2cn3ccccc3n2)cc1,c1ccc(-c2cn3ccccc3n2)cc1,True,False
NC(=O)c1ccncc1,c1ccncc1,c1ccncc1,False,True
COc1ccc(C=Cc2ccc3c4c(ccc3c2)OC(c2ccccc2)(c2ccccc2)C4=C=C(c2ccccc2)c2ccccc2)cc1,C(=C(c1ccccc1)c1ccccc1)=C1c2c(ccc3cc(C=Cc4ccccc4)ccc23)OC1(c1ccccc1)c1ccccc1,C(=C(c1ccccc1)c1ccccc1)=C1c2c(ccc3cc(C=Cc4ccccc4)ccc23)OC1(c1ccccc1)c1ccccc1,True,False
CCOC(=O)C1=C(c2ccccc2)NC(=O)C1=NNc1ccc(OC)cc1,O=C1NC(c2ccccc2)=CC1=NNc1ccccc1,O=C1NC(c2ccccc2)=CC1=NNc1ccccc1,True,False
COC(=O)c1c(C(=O)OC)c2ccc(C=Cc3ccc(C)cc3)nn2c1C(=O)OC,C(=Cc1ccc2cccn2n1)c1ccccc1,C(=Cc1ccc2cccn2n1)c1ccccc1,True,False
COc1ccc(-n2c(-c3ccc(-c4cncc5ccccc45)cc3)nc3c4ccccc4c4ccccc4c32)cc1,c1ccc(-n2c(-c3ccc(-c4cncc5ccccc45)cc3)nc3c4ccccc4c4ccccc4c32)cc1,c1ccc(-n2c(-c3ccc(-c4cncc5ccccc45)cc3)nc3c4ccccc4c4ccccc4c32)cc1,True,False
COCCOCCOCCN1C(=O)C2=C(c3ccncc3)N(CCOCCOCCOC)C(=O)C2=C1c1ccncc1,O=C1NC(c2ccncc2)=C2C(=O)NC(c3ccncc3)=C12,O=C1NC(c2ccncc2)=C2C(=O)NC(c3ccncc3)=C12,True,False
O=C(O)C(=Cc1ccc(N(c2ccccc2)c2ccc(C=C(C(=O)O)c3ccc([N+](=O)[O-])cc3)cc2)cc1)c1ccc([N+](=O)[O-])cc1,C(=Cc1ccc(N(c2ccccc2)c2ccc(C=Cc3ccccc3)cc2)cc1)c1ccccc1,C(=Cc1ccc(N(c2ccccc2)c2ccc(C=Cc3ccccc3)cc2)cc1)c1ccccc1,False,True
Nc1ccccn1,c1ccncc1,c1ccncc1,False,True
Clc1ccc(N=Nc2ccc(OCCBr)cc2)cc1,c1ccc(N=Nc2ccccc2)cc1,c1ccc(N=Nc2ccccc2)cc1,False,True
COc1ccc(-c2cc(-c3ccc(OC)cc3)c3ccc4c(-c5ccc(OC)cc5)cc(-c5ccc(OC)cc5)c5ccc2c3c54)cc1,c1ccc(-c2cc(-c3ccccc3)c3ccc4c(-c5ccccc5)cc(-c5ccccc5)c5ccc2c3c54)cc1,c1ccc(-c2cc(-c3ccccc3)c3ccc4c(-c5ccccc5)cc(-c5ccccc5)c5ccc2c3c54)cc1,True,False
c1ccc(-c2ccc(-c3c4ccccc4c(-c4ccc5ccccc5c4)c4ccc(-c5ccccc5)cc34)cc2)cc1,c1ccc(-c2ccc(-c3c4ccccc4c(-c4ccc5ccccc5c4)c4ccc(-c5ccccc5)cc34)cc2)cc1,c1ccc(-c2ccc(-c3c4ccccc4c(-c4ccc5ccccc5c4)c4ccc(-c5ccccc5)cc34)cc2)cc1,True,False
O=c1c(Cc2ccccc2)cn2c3c(cccc13)Sc1ccccc1-2,O=c1c(Cc2ccccc2)cn2c3c(cccc13)Sc1ccccc1-2,O=c1c(Cc2ccccc2)cn2c3c(cccc13)Sc1ccccc1-2,True,False
CO[Si](CCCSC(=O)CSc1ccccc1)(OC)OC,c1ccccc1,c1ccccc1,False,True
O=Cc1ccc(C=CC(=O)c2cc3ccccc3oc2=O)cc1,O=C(C=Cc1ccccc1)c1cc2ccccc2oc1=O,O=C(C=Cc1ccccc1)c1cc2ccccc2oc1=O,True,False
O=C(O)C1=C2Nc3nc[nH]c3C(=O)NC2(O)C=CC1=O,O=C1C=CC2NC(=O)c3[nH]cnc3NC2=C1,O=C1C=CC2NC(=O)c3[nH]cnc3NC2=C1,True,False
O=C(O)COc1ccc(N=Nc2ccc([N+](=O)[O-])cc2)cc1,c1ccc(N=Nc2ccccc2)cc1,c1ccc(N=Nc2ccccc2)cc1,False,True
CC(C)c1ccc(-c2nc3c(c4c2-c2ccccc2CC4)-c2ccccc2CC3)cc1,c1ccc(-c2nc3c(c4c2-c2ccccc2CC4)-c2ccccc2CC3)cc1,c1ccc(-c2nc3c(c4c2-c2ccccc2CC4)-c2ccccc2CC3)cc1,True,False
O=C(O)C=Cc1cccc([N+](=O)[O-])c1,c1ccccc1,c1ccccc1,False,True
Nc1ccccc1-c1cn2ccccc2n1,c1ccc(-c2cn3ccccc3n2)cc1,c1ccc(-c2cn3ccccc3n2)cc1,True,False
Nc1nc2c(N=Nc3ccc(Cl)cc3)c(N)nn2c(N)c1N=Nc1ccccc1,c1ccc(N=Nc2cnc3c(N=Nc4ccccc4)cnn3c2)cc1,c1ccc(N=Nc2cnc3c(N=Nc4ccccc4)cnn3c2)cc1,False,True
CCn1c2ccccc2c2cc(-c3ccc(-c4ccc(-c5ccncn5)s4)s3)ccc21,c1ccc2c(c1)[nH]c1ccc(-c3ccc(-c4ccc(-c5ccncn5)s4)s3)cc12,c1ccc2c(c1)[nH]c1ccc(-c3ccc(-c4ccc(-c5ccncn5)s4)s3)cc12,True,False
COC1OC(=O)C(Br)=C1Nc1ccc(Cl)cc1,O=C1C=C(Nc2ccccc2)CO1,O=C1C=C(Nc2ccccc2)CO1,True,False
O=Cc1ccc(C=C(c2ccccc2)c2ccccc2)cc1,C(=C(c1ccccc1)c1ccccc1)c1ccccc1,C(=C(c1ccccc1)c1ccccc1)c1ccccc1,True,False
Nc1nc(-c2ccc(NC(=O)c3ccccc3)cc2)c(N=Nc2ccccc2Cl)s1,O=C(Nc1ccc(-c2ncsc2N=Nc2ccccc2)cc1)c1ccccc1,O=C(Nc1ccc(-c2ncsc2N=Nc2ccccc2)cc1)c1ccccc1,True,False
O=[N+]([O-])c1ccc(N=NC(=NNc2ccccc2)c2ccc([N+](=O)[O-])cc2)cc1,c1ccc(N=NC(=NNc2ccccc2)c2ccccc2)cc1,c1ccc(N=NC(=NNc2ccccc2)c2ccccc2)cc1,True,False
C=CCNc1ccc2ccc3oc4cc(=O)ccc-4nc3c2c1,O=c1ccc2nc3c(ccc4ccccc43)oc-2c1,O=c1ccc2nc3c(ccc4ccccc43)oc-2c1,True,False
c1ccc2c(c1)c1cccc3ccc4cccc2c4c31,c1ccc2c(c1)c1cccc3ccc4cccc2c4c31,c1ccc2c(c1)c1cccc3ccc4cccc2c4c31,True,False
CNC(=O)c1cc(=O)c2c(OC)cccc2o1,O=c1ccoc2ccccc12,O=c1ccoc2ccccc12,False,True
CCN(CC)c1nc(-c2ccccc2)c(N=Nc2nc3ccccc3s2)s1,c1ccc(-c2ncsc2N=Nc2nc3ccccc3s2)cc1,c1ccc(-c2ncsc2N=Nc2nc3ccccc3s2)cc1,True,False
Cc1c(-c2nnc(-c3cccc4ccccc34)o2)sc2sc(-c3nnc(-c4cccc5ccccc45)o3)c(C)c12,c1ccc2c(-c3nnc(-c4cc5cc(-c6nnc(-c7cccc8ccccc78)o6)sc5s4)o3)cccc2c1,c1ccc2c(-c3nnc(-c4cc5cc(-c6nnc(-c7cccc8ccccc78)o6)sc5s4)o3)cccc2c1,True,False
CCC1(CC)c2ccccc2-c2ccc(-c3cc(F)c(F)cc3-c3ccc4c(c3)C(CC)(CC)c3ccccc3-4)cc21,c1ccc2c(c1)Cc1cc(-c3ccccc3-c3ccc4c(c3)Cc3ccccc3-4)ccc1-2,c1ccc2c(c1)Cc1cc(-c3ccccc3-c3ccc4c(c3)Cc3ccccc3-4)ccc1-2,True,False
O=C1OC2(c3ccccc31)c1ccc(O)c(Br)c1Oc1c2ccc(O)c1Br,O=C1OC2(c3ccccc3Oc3ccccc32)c2ccccc21,O=C1OC2(c3ccccc3Oc3ccccc32)c2ccccc21,False,True
Cc1ccc(-c2c3ccsc3c(-c3ccc(C)s3)c3ccsc23)s1,c1csc(-c2c3ccsc3c(-c3cccs3)c3ccsc23)c1,c1csc(-c2c3ccsc3c(-c3cccs3)c3ccsc23)c1,True,False
N#Cc1c(N)nc(N)c(C#N)c1-c1cccc2ccccc12,c1ccc2c(-c3ccncc3)cccc2c1,c1ccc2c(-c3ccncc3)cccc2c1,False,True
CN(C)c1ccc(Nc2c3ccc(N)cc3nc3cc(N)ccc23)cc1,c1ccc(Nc2c3ccccc3nc3ccccc23)cc1,c1ccc(Nc2c3ccccc3nc3ccccc23)cc1,True,False
Nc1ccc(N)nc1,c1ccncc1,c1ccncc1,False,True
CN(C)CCNC(=S)Nc1ccc2c(Nc3ccc(N(C)C)cc3)c3ccc(NC(=S)NCCN(C)C)cc3nc2c1,c1ccc(Nc2c3ccccc3nc3ccccc23)cc1,c1ccc(Nc2c3ccccc3nc3ccccc23)cc1,True,False
O=c1[nH]c2c(cc1S(=O)(=O)c1ccccc1)CCc1ccn(S(=O)(=O)c3ccccc3)c1-2,O=c1[nH]c2c(cc1S(=O)(=O)c1ccccc1)CCc1ccn(S(=O)(=O)c3ccccc3)c1-2,O=c1[nH]c2c(cc1S(=O)(=O)c1ccccc1)CCc1ccn(S(=O)(=O)c3ccccc3)c1-2,True,False
OC[C@@H](O)C=Cc1cnc2ccccc2n1,c1ccc2nccnc2c1,c1ccc2nccnc2c1,True,False
CC1(C)c2ccccc2-c2ccc(N(c3ccc(N=Nc4ccc([N+](=O)[O-])cc4)cc3)c3ccc4c(c3)C(C)(C)c3ccccc3-4)cc21,c1ccc(N=Nc2ccc(N(c3ccc4c(c3)Cc3ccccc3-4)c3ccc4c(c3)Cc3ccccc3-4)cc2)cc1,c1ccc(N=Nc2ccc(N(c3ccc4c(c3)Cc3ccccc3-4)c3ccc4c(c3)Cc3ccccc3-4)cc2)cc1,True,False
Cc1[nH]c2ccc3ccccc3c2c1C=CC1=CCN(C)C=C1,C1=CC(C=Cc2c[nH]c3ccc4ccccc4c23)=CCN1,C1=CC(C=Cc2c[nH]c3ccc4ccccc4c23)=CCN1,False,True
O=c1ccc2nc(-c3ccccc3)nn(-c3ccccc3)c-2c1,O=c1ccc2nc(-c3ccccc3)nn(-c3ccccc3)c-2c1,O=c1ccc2nc(-c3ccccc3)nn(-c3ccccc3)c-2c1,True,False
Cc1cccc(N(c2ccccc2)c2ccc(C(C#N)=Cc3ccc4ccccc4c3)cc2)c1,C(=Cc1ccc2ccccc2c1)c1ccc(N(c2ccccc2)c2ccccc2)cc1,C(=Cc1ccc2ccccc2c1)c1ccc(N(c2ccccc2)c2ccccc2)cc1,True,False
O=P(c1ccccc1)(c1ccccc1)c1cc2cc(-n3c4ccccc4c4ccccc43)ccc2s1,O=P(c1ccccc1)(c1ccccc1)c1cc2cc(-n3c4ccccc4c4ccccc43)ccc2s1,O=P(c1ccccc1)(c1ccccc1)c1cc2cc(-n3c4ccccc4c4ccccc43)ccc2s1,False,True
Cc1cc2nc3c(=O)[nH]c(=O)nc-3n(CC(O)C(O)C(O)CO)c2cc1C,O=c1nc2[nH]c3ccccc3nc-2c(=O)[nH]1,O=c1nc2[nH]c3ccccc3nc-2c(=O)[nH]1,True,False
Cc1c(C(=O)C=Cc2ccc(Br)cc2)nnn1-c1ccnc2cc(Cl)ccc12,O=C(C=Cc1ccccc1)c1cn(-c2ccnc3ccccc23)nn1,O=C(C=Cc1ccccc1)c1cn(-c2ccnc3ccccc23)nn1,True,False
c1cc(-c2cncnc2)cc(-c2nnc(-c3cccc(-c4cncnc4)c3)c(-c3cccc(-c4cncnc4)c3)n2)c1,c1cc(-c2cncnc2)cc(-c2nnc(-c3cccc(-c4cncnc4)c3)c(-c3cccc(-c4cncnc4)c3)n2)c1,c1cc(-c2cncnc2)cc(-c2nnc(-c3cccc(-c4cncnc4)c3)c(-c3cccc(-c4cncnc4)c3)n2)c1,True,False
Cc1c(C(N)=O)c(=O)oc2cc3c(cc12)nc(Nc1ccccc1F)n3CC1CCCO1,O=c1ccc2cc3nc(Nc4ccccc4)n(CC4CCCO4)c3cc2o1,O=c1ccc2cc3nc(Nc4ccccc4)n(CC4CCCO4)c3cc2o1,True,False
Nc1ccc2nccnc2c1,c1ccc2nccnc2c1,c1ccc2nccnc2c1,True,False
Cn1cc(C=C(C#N)c2ccc(C=C3SC(=S)N(CC(=O)O)C3=O)s2)c2ccccc21,O=C1NC(=S)SC1=Cc1ccc(C=Cc2c[nH]c3ccccc23)s1,O=C1NC(=S)SC1=Cc1ccc(C=Cc2c[nH]c3ccccc23)s1,True,False
O=C(CC(=O)c1ccncc1)c1ccccc1,O=C(CC(=O)c1ccncc1)c1ccccc1,O=C(CC(=O)c1ccncc1)c1ccccc1,True,False
CCCOC(=O)c1ccncc1,c1ccncc1,c1ccncc1,False,True
CN(C)c1ccc(-c2ccc(-c3nc(C#N)c(C#N)n3C)cc2)cc1,c1ccc(-c2ccc(-c3ncc[nH]3)cc2)cc1,c1ccc(-c2ccc(-c3ncc[nH]3)cc2)cc1,True,False
CCN(CC)Cc1ccc2cccnc2c1O,c1ccc2ncccc2c1,c1ccc2ncccc2c1,False,True
c1ccc2c3[nH]c(c2c1)N=c1[nH]c(c2ccccc12)=Nc1[nH]c(c2ccccc12)N=c1[nH]c(c2ccccc12)=N3,c1ccc2c3[nH]c(c2c1)N=c1[nH]c(c2ccccc12)=Nc1[nH]c(c2ccccc12)N=c1[nH]c(c2ccccc12)=N3,c1ccc2c3[nH]c(c2c1)N=c1[nH]c(c2ccccc12)=Nc1[nH]c(c2ccccc12)N=c1[nH]c(c2ccccc12)=N3,False,True
Oc1ccc(-c2nc3c(c4c2-c2ccc(Br)cc2CC4)-c2ccc(Br)cc2CC3)cc1,c1ccc(-c2nc3c(c4c2-c2ccccc2CC4)-c2ccccc2CC3)cc1,c1ccc(-c2nc3c(c4c2-c2ccccc2CC4)-c2ccccc2CC3)cc1,True,False
CC(C)CCC1(CCC(C)C)c2ccccc2-c2ccc(-c3ccc4ccc5cccc6ccc3c4c56)cc21,c1ccc2c(c1)Cc1cc(-c3ccc4ccc5cccc6ccc3c4c56)ccc1-2,c1ccc2c(c1)Cc1cc(-c3ccc4ccc5cccc6ccc3c4c56)ccc1-2,False,True
C=CC(C=C=Cc1ccccc1)(c1ccc(C#N)cc1)N(C)C,C(=CCc1ccccc1)=Cc1ccccc1,C(=CCc1ccccc1)=Cc1ccccc1,True,False
CCOC(=O)c1cc2cc(C(C)=O)cn2cc1-c1ccc2ccccc2c1,c1ccc2cc(-c3ccc4cccn4c3)ccc2c1,c1ccc2cc(-c3ccc4cccn4c3)ccc2c1,True,False
O=C(NCCC[Si]12OCCN(CCO1)CCO2)c1cccc(C(=O)NCCC[Si]23OCCN(CCO2)CCO3)n1,O=C(NCCC[Si]12OCCN(CCO1)CCO2)c1cccc(C(=O)NCCC[Si]23OCCN(CCO2)CCO3)n1,O=C(NCCC[Si]12OCCN(CCO1)CCO2)c1cccc(C(=O)NCCC[Si]23OCCN(CCO2)CCO3)n1,True,False
Cc1c(-c2sc(-c3ccc(C=C(C#N)C#N)s3)c3ccccc23)oc2ccccc12,c1csc(-c2sc(-c3cc4ccccc4o3)c3ccccc23)c1,c1csc(-c2sc(-c3cc4ccccc4o3)c3ccccc23)c1,True,False
Nc1ccccc1-c1nc2ccccc2s1,c1ccc(-c2nc3ccccc3s2)cc1,c1ccc(-c2nc3ccccc3s2)cc1,True,False
C[Si](C)(C)C#Cc1ccc(C(=O)c2cc(C#C[Si](C)(C)C)c3ccc4c(C#C[Si](C)(C)C)cc(C#C[Si](C)(C)C)c5ccc2c3c45)cc1,O=C(c1ccccc1)c1ccc2ccc3cccc4ccc1c2c34,O=C(c1ccccc1)c1ccc2ccc3cccc4ccc1c2c34,True,False
CC1c2ccccc2-c2cc3[nH]c(-c4c(F)cccc4F)nc3cc21,c1ccc(-c2nc3cc4c(cc3[nH]2)-c2ccccc2C4)cc1,c1ccc(-c2nc3cc4c(cc3[nH]2)-c2ccccc2C4)cc1,True,False
CCOC(=O)c1cc2c(O)cc(O)cc2oc1=O,O=c1ccc2ccccc2o1,O=c1ccc2ccccc2o1,False,True
CCN(CC)c1ccc2c(C#N)c(C=C(C#N)c3nc4ccccc4s3)c(=O)oc2c1,O=c1oc2ccccc2cc1C=Cc1nc2ccccc2s1,O=c1oc2ccccc2cc1C=Cc1nc2ccccc2s1,True,False
CCOC1CC(C(=O)OC)=C2C=CC=NN21,C1=CC2=CCCN2N=C1,C1=CC2=CCCN2N=C1,False,True
CN(C)c1ccc(C=c2oc(=Cc3ccc(F)cc3)c3cc(F)ccc23)cc1,C(c1ccccc1)=c1oc(=Cc2ccccc2)c2ccccc12,C(c1ccccc1)=c1oc(=Cc2ccccc2)c2ccccc12,True,False
Cc1c(-c2nnc(-c3c4ccccc4cc4ccccc34)o2)sc2sc(-c3nnc(-c4c5ccccc5cc5ccccc45)o3)c(C)c12,c1ccc2c(-c3nnc(-c4cc5cc(-c6nnc(-c7c8ccccc8cc8ccccc78)o6)sc5s4)o3)c3ccccc3cc2c1,c1ccc2c(-c3nnc(-c4cc5cc(-c6nnc(-c7c8ccccc8cc8ccccc78)o6)sc5s4)o3)c3ccccc3cc2c1,True,False
CCc1ccccc1,c1ccccc1,c1ccccc1,False,True
c1ccc2c(c1)ccc1ccccc12,c1ccc2c(c1)ccc1ccccc12,c1ccc2c(c1)ccc1ccccc12,True,False
O=S1(=O)OC2(c3ccc(O)cc3Oc3cc(O)ccc32)c2ccccc21,O=S1(=O)OC2(c3ccccc3Oc3ccccc32)c2ccccc21,O=S1(=O)OC2(c3ccccc3Oc3ccccc32)c2ccccc21,False,True
Cc1nc2c(C#N)cnn2c2c1CCN2c1ccc([N+](=O)[O-])cc1,c1ccc(N2CCc3cnc4ccnn4c32)cc1,c1ccc(N2CCc3cnc4ccnn4c32)cc1,False,True
C=C(COC(=O)c1ccc(C(=O)c2ccccc2)cc1)C(=O)OCC,O=C(c1ccccc1)c1ccccc1,O=C(c1ccccc1)c1ccccc1,True,False
c1cc(CCc2ccncc2)ccn1,c1cc(CCc2ccncc2)ccn1,c1cc(CCc2ccncc2)ccn1,False,True
COc1ccc(C=O)cc1,c1ccccc1,c1ccccc1,False,True
CN1C(=CC=C2C=CC(=O)c3ncccc32)C(C)(C)c2ccccc21,O=C1C=CC(=CC=C2Cc3ccccc3N2)c2cccnc21,O=C1C=CC(=CC=C2Cc3ccccc3N2)c2cccnc21,True,False
CCC1(CC)c2cc(-c3ccc(C=C(C#N)C#N)s3)ccc2-c2ccc(N(c3ccccc3)c3cccc4ccccc34)cc21,c1ccc(N(c2ccc3c(c2)Cc2cc(-c4cccs4)ccc2-3)c2cccc3ccccc23)cc1,c1ccc(N(c2ccc3c(c2)Cc2cc(-c4cccs4)ccc2-3)c2cccc3ccccc23)cc1,True,False
C=CC=Cc1cc(C=C(C#N)C(=O)O)sc1-c1ccc(N(c2ccc(C)cc2)c2ccc(C)cc2)cc1,c1ccc(N(c2ccccc2)c2ccc(-c3cccs3)cc2)cc1,c1ccc(N(c2ccccc2)c2ccc(-c3cccs3)cc2)cc1,True,False
CC1=NC(=Cc2c[nH]c3ccccc23)C(=O)N1Cc1ccccc1,O=C1C(=Cc2c[nH]c3ccccc23)N=CN1Cc1ccccc1,O=C1C(=Cc2c[nH]c3ccccc23)N=CN1Cc1ccccc1,True,False
N#CC(=Cc1ccc(-c2sc(-c3csc4ccccc34)c3ccccc23)s1)c1cccs1,C(=Cc1ccc(-c2sc(-c3csc4ccccc34)c3ccccc23)s1)c1cccs1,C(=Cc1ccc(-c2sc(-c3csc4ccccc34)c3ccccc23)s1)c1cccs1,True,False
O=C(c1ccccc1Cc1ccccc1)c1cn(Cc2ccccc2)c2ccccc2c1=O,O=C(c1ccccc1Cc1ccccc1)c1cn(Cc2ccccc2)c2ccccc2c1=O,O=C(c1ccccc1Cc1ccccc1)c1cn(Cc2ccccc2)c2ccccc2c1=O,True,False
N#CC(=Cc1ccc(N(c2ccccc2)c2ccccc2)cc1)C(=O)O,c1ccc(N(c2ccccc2)c2ccccc2)cc1,c1ccc(N(c2ccccc2)c2ccccc2)cc1,True,False
CCn1c2ccccc2c2cc(C(c3ccc4c(c3)c3ccccc3n4C)c3ccc4c(c3)c3ccccc3n4CC)ccc21,c1ccc2c(c1)[nH]c1ccc(C(c3ccc4[nH]c5ccccc5c4c3)c3ccc4[nH]c5ccccc5c4c3)cc12,c1ccc2c(c1)[nH]c1ccc(C(c3ccc4[nH]c5ccccc5c4c3)c3ccc4[nH]c5ccccc5c4c3)cc12,True,False
N#Cc1ccc(Oc2ccc(N=Nc3ccc(O)c(C=Nc4ccccc4)c3)cc2)cc1C#N,C(=Nc1ccccc1)c1cccc(N=Nc2ccc(Oc3ccccc3)cc2)c1,C(=Nc1ccccc1)c1cccc(N=Nc2ccc(Oc3ccccc3)cc2)c1,True,False
Fc1c(F)c(F)c2nc3c(F)c(NCNc4c(F)c(F)c5nc6c(F)c(F)c(F)c(F)c6nc5c4F)c(F)c(F)c3nc2c1F,c1ccc2nc3cc(NCNc4ccc5nc6ccccc6nc5c4)ccc3nc2c1,c1ccc2nc3cc(NCNc4ccc5nc6ccccc6nc5c4)ccc3nc2c1,True,False
C[Si](C)(C)C(C1CCN(Cc2ccccc2)CO1)[Si](C)(C)C,c1ccc(CN2CCCOC2)cc1,c1ccc(CN2CCCOC2)cc1,True,False
Clc1ccc(N=Nc2c(-c3ccccc3)[nH]c3ccccc23)cc1,c1ccc(N=Nc2c(-c3ccccc3)[nH]c3ccccc23)cc1,c1ccc(N=Nc2c(-c3ccccc3)[nH]c3ccccc23)cc1,True,False
CCCOC(=O)c1ccccc1C(=O)OCCC,c1ccccc1,c1ccccc1,False,True
c1ccccsccc1,c1ccccsccc1,c1ccccsccc1,False,True
CCOC(=O)C1=C(c2ccc(-c3ccccc3)cc2)NC(=O)C1=CC1=CCC(=C=O)C=C1,C=C1C=CC(C=C2C=C(c3ccc(-c4ccccc4)cc3)NC2=O)=CC1,C=C1C=CC(C=C2C=C(c3ccc(-c4ccccc4)cc3)NC2=O)=CC1,True,False
CCN(CC)c1ccc(N(C(=O)c2cccc(C(N)=O)n2)c2ccc(N(CC)CC)cc2)cc1,O=C(c1ccccn1)N(c1ccccc1)c1ccccc1,O=C(c1ccccn1)N(c1ccccc1)c1ccccc1,True,False
c1ccc(-c2ccc(-c3c4ccccc4cc4cc(-c5ccccc5)ccc34)cc2)cc1,c1ccc(-c2ccc(-c3c4ccccc4cc4cc(-c5ccccc5)ccc34)cc2)cc1,c1ccc(-c2ccc(-c3c4ccccc4cc4cc(-c5ccccc5)ccc34)cc2)cc1,True,False
CCCCn1cc(C=C2C(=O)ON=C2c2ccccc2)c2ccccc21,O=C1ON=C(c2ccccc2)C1=Cc1c[nH]c2ccccc12,O=C1ON=C(c2ccccc2)C1=Cc1c[nH]c2ccccc12,False,True
C(=Cc1ccc(N(c2ccccc2)c2ccccc2)cc1)SC=Cc1ccc(N(c2ccccc2)c2ccccc2)cc1,C(=Cc1ccc(N(c2ccccc2)c2ccccc2)cc1)SC=Cc1ccc(N(c2ccccc2)c2ccccc2)cc1,C(=Cc1ccc(N(c2ccccc2)c2ccccc2)cc1)SC=Cc1ccc(N(c2ccccc2)c2ccccc2)cc1,False,True
N#CC(=Cc1ccccc1)c1ccc(N(c2ccccc2)c2ccc3ccccc3c2)cc1,C(=Cc1ccc(N(c2ccccc2)c2ccc3ccccc3c2)cc1)c1ccccc1,C(=Cc1ccc(N(c2ccccc2)c2ccc3ccccc3c2)cc1)c1ccccc1,True,False
O=c1[nH]c(=S)ccn1[C@@H]1O[C@H](CO)[C@@H](O)[C@H]1O,O=c1[nH]c(=S)ccn1[C@H]1CCCO1,O=c1[nH]c(=S)ccn1[C@H]1CCCO1,True,False
C=C(C)C(=O)OCCOc1ccc(-c2nnc(-c3ccccc3)s2)cc1,c1ccc(-c2nnc(-c3ccccc3)s2)cc1,c1ccc(-c2nnc(-c3ccccc3)s2)cc1,True,False
C(=NNc1ccccc1)c1ccccc1,C(=NNc1ccccc1)c1ccccc1,C(=NNc1ccccc1)c1ccccc1,True,False
COc1ccc(C=CC(=O)c2nnn(-c3ccnc4cc(Cl)ccc34)c2C)cc1OC,O=C(C=Cc1ccccc1)c1cn(-c2ccnc3ccccc23)nn1,O=C(C=Cc1ccccc1)c1cn(-c2ccnc3ccccc23)nn1,True,False
Cc1ccc(CN(Cc2ccc(C)cc2)c2ccc3c(c2)C(=O)c2ccccc2C3=O)cc1,O=C1c2ccccc2C(=O)c2cc(N(Cc3ccccc3)Cc3ccccc3)ccc21,O=C1c2ccccc2C(=O)c2cc(N(Cc3ccccc3)Cc3ccccc3)ccc21,True,False
Cc1c(O)ccc(N=Nc2ccc([N+](=O)[O-])cc2C(F)(F)F)c1O,c1ccc(N=Nc2ccccc2)cc1,c1ccc(N=Nc2ccccc2)cc1,False,True
O=C(O)c1cc2ccccc2c(N=Nc2ccc3cccc(S(=O)(=O)O)c3c2)c1O,c1ccc2cc(N=Nc3cccc4ccccc34)ccc2c1,c1ccc2cc(N=Nc3cccc4ccccc34)ccc2c1,False,True
COCCOc1cccc2c1C(=O)c1c(OCCOC)cccc1C2=O,O=C1c2ccccc2C(=O)c2ccccc21,O=C1c2ccccc2C(=O)c2ccccc21,True,False
Cc1cc(=O)n([C@@H]2O[C@H](CO)[C@@H](O)[C@H](O)[C@H]2O)o1,O=c1ccon1[C@H]1CCCCO1,O=c1ccon1[C@H]1CCCCO1,True,False
CCCSC1=C(SCCC)SC(=C2Sc3c[nH]c(C=C(C#N)C(=O)OCC)c3S2)S1,C1=CSC(=C2Sc3c[nH]cc3S2)S1,C1=CSC(=C2Sc3c[nH]cc3S2)S1,True,False
N#CC(=Cc1ccc(-c2ccc(-c3ccc4c(c3)c3ccccc3n4-c3ccccc3)c3nsnc23)s1)C(=O)O,c1ccc(-n2c3ccccc3c3cc(-c4ccc(-c5cccs5)c5nsnc45)ccc32)cc1,c1ccc(-n2c3ccccc3c3cc(-c4ccc(-c5cccs5)c5nsnc45)ccc32)cc1,True,False
C=Cc1ccccc1C=C,c1ccccc1,c1ccccc1,False,True
O=C1NC(=O)C(=Cc2ccc3ccc4cccc5ccc2c3c45)C(=O)N1,O=C1NC(=O)C(=Cc2ccc3ccc4cccc5ccc2c3c45)C(=O)N1,O=C1NC(=O)C(=Cc2ccc3ccc4cccc5ccc2c3c45)C(=O)N1,True,False
NSc1ccccc1-c1cc2nc(-c3ccccc3)nn(-c3ccccc3)c-2cc1=O,O=c1cc2n(-c3ccccc3)nc(-c3ccccc3)nc-2cc1-c1ccccc1,O=c1cc2n(-c3ccccc3)nc(-c3ccccc3)nc-2cc1-c1ccccc1,True,False
FC(F)(F)c1ccc(-c2nc3c(c4c2-c2ccc(Br)cc2CC4)-c2ccc(Br)cc2CC3)cc1,c1ccc(-c2nc3c(c4c2-c2ccccc2CC4)-c2ccccc2CC3)cc1,c1ccc(-c2nc3c(c4c2-c2ccccc2CC4)-c2ccccc2CC3)cc1,True,False
Cc1sc(-c2ccc(-c3ccc(-c4sc(C)c(C#N)c4C#N)s3)s2)c(C#N)c1C#N,c1csc(-c2ccc(-c3ccc(-c4cccs4)s3)s2)c1,c1csc(-c2ccc(-c3ccc(-c4cccs4)s3)s2)c1,True,False
Cc1c(C(N)=O)c(=O)oc2cc3c(cc12)nc(Nc1ccccc1)n3C,O=c1ccc2cc3nc(Nc4ccccc4)[nH]c3cc2o1,O=c1ccc2cc3nc(Nc4ccccc4)[nH]c3cc2o1,False,True
CC#Cc1cn([C@H]2C[C@H](O)[C@@H](CO)O2)c2ncnc(N=CCN(C)C)c12,c1ncc2ccn([C@H]3CCCO3)c2n1,c1ncc2ccn([C@H]3CCCO3)c2n1,False,True
Cn1nc(-c2cccc(-c3cc(-c4cccs4)n(C)n3)n2)cc1-c1cccs1,c1cc(-c2cc(-c3cccs3)[nH]n2)nc(-c2cc(-c3cccs3)[nH]n2)c1,c1cc(-c2cc(-c3cccs3)[nH]n2)nc(-c2cc(-c3cccs3)[nH]n2)c1,True,False
Cc1ccc(CNc2ccc3c(c2)C(=O)c2ccccc2C3=O)cc1,O=C1c2ccccc2C(=O)c2cc(NCc3ccccc3)ccc21,O=C1c2ccccc2C(=O)c2cc(NCc3ccccc3)ccc21,True,False
Oc1ccccc1-c1nc(-c2ccccc2)cs1,c1ccc(-c2csc(-c3ccccc3)n2)cc1,c1ccc(-c2csc(-c3ccccc3)n2)cc1,True,False
CCc1nnc(-c2ccn3c(C)nc(Cl)c3c2)o1,c1nnc(-c2ccn3cncc3c2)o1,c1nnc(-c2ccn3cncc3c2)o1,True,False
O=C1OC(OCc2ccccc2)C(NCc2ccccc2)=C1Br,O=C1C=C(NCc2ccccc2)C(OCc2ccccc2)O1,O=C1C=C(NCc2ccccc2)C(OCc2ccccc2)O1,False,True
CCN(CC)c1ccc(-c2cc(C)c(C3=C(c4sc(-c5ccc(N(CC)CC)cc5)cc4C)C(F)(F)C(F)(F)C3(F)F)s2)cc1,c1ccc(-c2ccc(C3=C(c4ccc(-c5ccccc5)s4)CCC3)s2)cc1,c1ccc(-c2ccc(C3=C(c4ccc(-c5ccccc5)s4)CCC3)s2)cc1,False,True
CSC1=C(SC)SC(=C2SC=C(C#Cc3cccc(C#CC4=CSC(=C5SC(SC)=C(SC)S5)S4)n3)S2)S1,C(#Cc1cccc(C#CC2=CSC(=C3SC=CS3)S2)n1)C1=CSC(=C2SC=CS2)S1,C(#Cc1cccc(C#CC2=CSC(=C3SC=CS3)S2)n1)C1=CSC(=C2SC=CS2)S1,True,False
CC(=O)Nc1ccc(C=C2Oc3ccccc3C2=O)cc1,O=C1C(=Cc2ccccc2)Oc2ccccc21,O=C1C(=Cc2ccccc2)Oc2ccccc21,False,True
Cn1c(-c2cnc(-c3nc4ccccc4n3C)cn2)nc2ccccc21,c1ccc2[nH]c(-c3cnc(-c4nc5ccccc5[nH]4)cn3)nc2c1,c1ccc2[nH]c(-c3cnc(-c4nc5ccccc5[nH]4)cn3)nc2c1,False,True
Cc1ccc2c(c1N)C(=O)c1ccccc1C2=O,O=C1c2ccccc2C(=O)c2ccccc21,O=C1c2ccccc2C(=O)c2ccccc21,True,False
Cn1c2cc(C=C(C#N)C(=O)O)ccc2c2ccc(-c3ccc4c(c3)c3cc(C(C)(C)C)ccc3n4-c3ccc(C(C)(C)C)cc3)cc21,c1ccc(-n2c3ccccc3c3cc(-c4ccc5c(c4)[nH]c4ccccc45)ccc32)cc1,c1ccc(-n2c3ccccc3c3cc(-c4ccc5c(c4)[nH]c4ccccc45)ccc32)cc1,True,False
Cc1cccc(C)c1OCC(=O)N[C@@H](Cc1ccccc1)[C@@H](O)C[C@H](Cc1ccccc1)NC(=O)[C@H](C(C)C)N1CCC(=O)NC1=O,O=C1CCN(CC(=O)N[C@H](CC[C@H](Cc2ccccc2)NC(=O)COc2ccccc2)Cc2ccccc2)C(=O)N1,O=C1CCN(CC(=O)N[C@H](CC[C@H](Cc2ccccc2)NC(=O)COc2ccccc2)Cc2ccccc2)C(=O)N1,True,False
Cc1ccc(C2(c3ccc(C)cc3)c3ccccc3-c3ccc(-c4sc(-c5sccc5C)c5ccccc45)cc32)cc1,c1ccc(C2(c3ccccc3)c3ccccc3-c3ccc(-c4sc(-c5cccs5)c5ccccc45)cc32)cc1,c1ccc(C2(c3ccccc3)c3ccccc3-c3ccc(-c4sc(-c5cccs5)c5ccccc45)cc32)cc1,True,False
CCN(CC)c1ccc2c(C#N)c(C=C(C#N)c3nc4ccccc4o3)c(=O)oc2c1,O=c1oc2ccccc2cc1C=Cc1nc2ccccc2o1,O=c1oc2ccccc2cc1C=Cc1nc2ccccc2o1,True,False
COC(=O)C1Cc2cc(Cl)ccc2O1,c1ccc2c(c1)CCO2,c1ccc2c(c1)CCO2,True,False
CCOc1ccc(-c2nc(-c3ccccc3)c3ccn(-c4ccc(C#N)cc4)c3n2)cc1,c1ccc(-c2nc(-c3ccccc3)c3ccn(-c4ccccc4)c3n2)cc1,c1ccc(-c2nc(-c3ccccc3)c3ccn(-c4ccccc4)c3n2)cc1,False,True
N#CC(=Cc1ccc(-c2ncc(-c3ccc(N(c4ccccc4)c4ccccc4)cc3)c3nsnc23)s1)C(=O)O,c1ccc(N(c2ccccc2)c2ccc(-c3cnc(-c4cccs4)c4nsnc34)cc2)cc1,c1ccc(N(c2ccccc2)c2ccc(-c3cnc(-c4cccs4)c4nsnc34)cc2)cc1,False,True
CCN(CC)c1ccc2cc(C=CC3=[O+][B-](F)(F)Oc4c3c(=O)n(C)c3ccccc43)c(=O)oc2c1,O=c1[nH]c2ccccc2c2c1C(C=Cc1cc3ccccc3oc1=O)=[O+][BH2-]O2,O=c1[nH]c2ccccc2c2c1C(C=Cc1cc3ccccc3oc1=O)=[O+][BH2-]O2,True,False
COc1ccc(C(=O)SCCC[Si](OC)(OC)OC)cc1,c1ccccc1,c1ccccc1,False,True
COc1ccc(-c2nc(C3=C(C(C)=C(C)C)C(F)(F)C(F)(F)C3(F)F)c(OC)s2)cc1,C1=C(c2csc(-c3ccccc3)n2)CCC1,C1=C(c2csc(-c3ccccc3)n2)CCC1,True,False
COc1ccc(-c2cnc(-c3ccc(-c4nc5ccccc5s4)cc3)n2C)cc1,c1ccc(-c2cnc(-c3ccc(-c4nc5ccccc5s4)cc3)[nH]2)cc1,c1ccc(-c2cnc(-c3ccc(-c4nc5ccccc5s4)cc3)[nH]2)cc1,True,False
O=C1NC(=O)C(c2c[nH]c3ccccc23)=C1c1ccc2ccccc2c1,O=C1NC(=O)C(c2c[nH]c3ccccc23)=C1c1ccc2ccccc2c1,O=C1NC(=O)C(c2c[nH]c3ccccc23)=C1c1ccc2ccccc2c1,False,True
c1ccc2c(c1)c1ccccc1n2-c1ccc2sc3ccc(-n4c5ccccc5c5ccccc54)cc3c2c1,c1ccc2c(c1)c1ccccc1n2-c1ccc2sc3ccc(-n4c5ccccc5c5ccccc54)cc3c2c1,c1ccc2c(c1)c1ccccc1n2-c1ccc2sc3ccc(-n4c5ccccc5c5ccccc54)cc3c2c1,True,False
Brc1ccc(N2CCOCC2)c2nsnc12,c1cc(N2CCOCC2)c2nsnc2c1,c1cc(N2CCOCC2)c2nsnc2c1,True,False
C(#Cc1c2ccccc2c(C#Cc2ccccc2)c2ccccc12)c1ccccc1,C(#Cc1c2ccccc2c(C#Cc2ccccc2)c2ccccc12)c1ccccc1,C(#Cc1c2ccccc2c(C#Cc2ccccc2)c2ccccc12)c1ccccc1,True,False
Cn1cc(NC(=O)c2cc(NC(=O)CN=C(N)N)cn2C)cc1C(=O)NCCC(=N)N,O=C(Nc1cc[nH]c1)c1ccc[nH]1,O=C(Nc1cc[nH]c1)c1ccc[nH]1,False,True
On1c2c(sc1=S)-c1ccccc1C2,S=c1[nH]c2c(s1)-c1ccccc1C2,S=c1[nH]c2c(s1)-c1ccccc1C2,True,False
CC1=NC(=Cc2ccc(C#N)cc2)C(=O)N1Cc1ccccc1,O=C1C(=Cc2ccccc2)N=CN1Cc1ccccc1,O=C1C(=Cc2ccccc2)N=CN1Cc1ccccc1,False,True
Nc1ccc(Nc2ccccc2)cc1,c1ccc(Nc2ccccc2)cc1,c1ccc(Nc2ccccc2)cc1,True,False
O=[N+]([O-])c1ccc(-c2scc3c2OCCO3)cc1,c1ccc(-c2scc3c2OCCO3)cc1,c1ccc(-c2scc3c2OCCO3)cc1,True,False
CC(C)(C)Nc1oc(C=Cc2ccccc2)c(C(=O)OC(C)(C)C)c1C(=O)OC(C)(C)C,C(=Cc1ccco1)c1ccccc1,C(=Cc1ccco1)c1ccccc1,False,True
COc1ccc(-c2cn3ccc(C=Cc4ccc(SC)cc4)cc3n2)cc1,C(=Cc1ccn2cc(-c3ccccc3)nc2c1)c1ccccc1,C(=Cc1ccn2cc(-c3ccccc3)nc2c1)c1ccccc1,False,True
N#CC(=Cc1c(F)cc(C=Cc2ccc(N(c3ccccc3)c3cccc4ccccc34)cc2)cc1F)C(=O)O,C(=Cc1ccc(N(c2ccccc2)c2cccc3ccccc23)cc1)c1ccccc1,C(=Cc1ccc(N(c2ccccc2)c2cccc3ccccc23)cc1)c1ccccc1,True,False
Brc1cccc(C=NCCN=Cc2cccc(Br)c2)c1,C(=NCCN=Cc1ccccc1)c1ccccc1,C(=NCCN=Cc1ccccc1)c1ccccc1,True,False
CC(C)(C)c1ccc(-c2sc(-c3ccc(C(C)(C)C)cc3)c3[nH]c(-c4ccc(-c5ccc(C=C(C#N)C(=O)O)s5)s4)nc23)cc1,c1ccc(-c2sc(-c3ccccc3)c3[nH]c(-c4ccc(-c5cccs5)s4)nc23)cc1,c1ccc(-c2sc(-c3ccccc3)c3[nH]c(-c4ccc(-c5cccs5)s4)nc23)cc1,False,True
Cc1c(O)ccc(N=Nc2ccc(C(F)(F)F)cc2[N+](=O)[O-])c1O,c1ccc(N=Nc2ccccc2)cc1,c1ccc(N=Nc2ccccc2)cc1,False,True
CC12CCC(C)(C(=Cc3ccccc3)C1=O)C2(C)C,O=C1C(=Cc2ccccc2)C2CCC1C2,O=C1C(=Cc2ccccc2)C2CCC1C2,True,False
c1ccc(N(c2ccccc2)c2ccc(-c3nc4c5ccccc5c5ccccc5c4n3-c3ccccc3)cc2)cc1,c1ccc(N(c2ccccc2)c2ccc(-c3nc4c5ccccc5c5ccccc5c4n3-c3ccccc3)cc2)cc1,c1ccc(N(c2ccccc2)c2ccc(-c3nc4c5ccccc5c5ccccc5c4n3-c3ccccc3)cc2)cc1,True,False
COc1cc(-c2nc3c(N)ncnc3n2C2CC(O)C(CO)O2)cc(OC)c1OC,c1ccc(-c2nc3cncnc3n2C2CCCO2)cc1,c1ccc(-c2nc3cncnc3n2C2CCCO2)cc1,True,False
COc1c(C#N)c(-c2ccc(C#N)cc2)c(OC)c(C#N)c1-c1ccc(C#N)cc1,c1ccc(-c2ccc(-c3ccccc3)cc2)cc1,c1ccc(-c2ccc(-c3ccccc3)cc2)cc1,False,True
CO[Si](CCCSC(=O)c1ccccc1N)(OC)OC,c1ccccc1,c1ccccc1,False,True
BrCC1(Br)c2cc(Br)ccc2-c2ccc(Br)cc21,c1ccc2c(c1)Cc1ccccc1-2,c1ccc2c(c1)Cc1ccccc1-2,True,False
CC(C)=CCN1Cc2c(Cl)ccc3[nH]c(=S)n(c23)C[C@@H]1C,S=c1[nH]c2cccc3c2n1CCNC3,S=c1[nH]c2cccc3c2n1CCNC3,True,False
c1ccc(-n2c(-c3c4ccccc4cc4ccccc34)nc3c4ccccc4c4ccccc4c32)cc1,c1ccc(-n2c(-c3c4ccccc4cc4ccccc34)nc3c4ccccc4c4ccccc4c32)cc1,c1ccc(-n2c(-c3c4ccccc4cc4ccccc34)nc3c4ccccc4c4ccccc4c32)cc1,True,False
CCc1c(C)[nH]c(=O)c2c1C(=O)NC2=O,O=C1NC(=O)c2c1cc[nH]c2=O,O=C1NC(=O)c2c1cc[nH]c2=O,True,False
O=COc1ccc([N+](=O)[O-])cc1,c1ccccc1,c1ccccc1,False,True
CC1c2ccccc2-c2ccc(C#Cc3ccc4ccc5cccc6ccc3c4c56)cc21,C(#Cc1ccc2ccc3cccc4ccc1c2c34)c1ccc2c(c1)Cc1ccccc1-2,C(#Cc1ccc2ccc3cccc4ccc1c2c34)c1ccc2c(c1)Cc1ccccc1-2,True,False
CCOC(=O)C1=C(c2ccccc2)NC(=O)C1=NNc1ccc([N+](=O)[O-])cc1,O=C1NC(c2ccccc2)=CC1=NNc1ccccc1,O=C1NC(c2ccccc2)=CC1=NNc1ccccc1,True,False
CCN(CC)c1ccc(N=Nc2nc3ccc([N+](=O)[O-])cc3s2)c(O)c1,c1ccc(N=Nc2nc3ccccc3s2)cc1,c1ccc(N=Nc2nc3ccccc3s2)cc1,False,True
COC(=O)C=c1sc2n(c1=O)C(c1ccc(OC)c(OC)c1)C1=C(N=2)C1=Cc1ccc(OC)c(OC)c1,C=c1sc2n(c1=O)C(c1ccccc1)C1=C(N=2)C1=Cc1ccccc1,C=c1sc2n(c1=O)C(c1ccccc1)C1=C(N=2)C1=Cc1ccccc1,True,False
O=[N+]([O-])c1ccc(-c2cnc3cc(O)c(-c4nc5ccccc5[nH]4)cc3c2)cc1,c1ccc(-c2cnc3ccc(-c4nc5ccccc5[nH]4)cc3c2)cc1,c1ccc(-c2cnc3ccc(-c4nc5ccccc5[nH]4)cc3c2)cc1,True,False
Nc1nc2c(N=Nc3ccc([N+](=O)[O-])cc3)c(N)nn2c(N)c1N=Nc1nccs1,c1ccc(N=Nc2cnn3cc(N=Nc4nccs4)cnc23)cc1,c1ccc(N=Nc2cnn3cc(N=Nc4nccs4)cnc23)cc1,True,False
CCN(CC)c1ccc(N=Nc2nc(-c3cc4ccccc4oc3=O)cs2)cc1,O=c1oc2ccccc2cc1-c1csc(N=Nc2ccccc2)n1,O=c1oc2ccccc2cc1-c1csc(N=Nc2ccccc2)n1,True,False
Cc1cc(C)cc(N2C(=O)c3cccc4cc(N=Cc5cccs5)cc(c34)C2=O)c1,O=C1c2cccc3cc(N=Cc4cccs4)cc(c23)C(=O)N1c1ccccc1,O=C1c2cccc3cc(N=Cc4cccs4)cc(c23)C(=O)N1c1ccccc1,True,False
O=C(ON1C(=O)c2cccc3cccc(c23)C1=S)c1cccnc1Cl,O=C(ON1C(=O)c2cccc3cccc(c23)C1=S)c1cccnc1,O=C(ON1C(=O)c2cccc3cccc(c23)C1=S)c1cccnc1,True,False
CCNc1c(F)c(F)c2nc3c(F)c(NCC)c(F)c(F)c3nc2c1F,c1ccc2nc3ccccc3nc2c1,c1ccc2nc3ccccc3nc2c1,True,False
Nc1cc(Cl)nc2ccccc12,c1ccc2ncccc2c1,c1ccc2ncccc2c1,False,True
O=C1C(=Cc2ccc(Br)cc2)N=C(c2ccccc2)N1Cc1ccccc1,O=C1C(=Cc2ccccc2)N=C(c2ccccc2)N1Cc1ccccc1,O=C1C(=Cc2ccccc2)N=C(c2ccccc2)N1Cc1ccccc1,False,True
c1ccc(-c2ccc(-c3nc4c5ccccc5c5ccccc5c4n3-c3ccc(-c4cccnc4)cc3)cc2)nc1,c1ccc(-c2ccc(-c3nc4c5ccccc5c5ccccc5c4n3-c3ccc(-c4cccnc4)cc3)cc2)nc1,c1ccc(-c2ccc(-c3nc4c5ccccc5c5ccccc5c4n3-c3ccc(-c4cccnc4)cc3)cc2)nc1,False,True
c1ccc2c(c1)Sc1ccccc1N2c1ccc2nc(Nc3ccc4cc(N5c6ccccc6Sc6ccccc65)ccc4n3)ccc2c1,c1ccc2c(c1)Sc1ccccc1N2c1ccc2nc(Nc3ccc4cc(N5c6ccccc6Sc6ccccc65)ccc4n3)ccc2c1,c1ccc2c(c1)Sc1ccccc1N2c1ccc2nc(Nc3ccc4cc(N5c6ccccc6Sc6ccccc65)ccc4n3)ccc2c1,True,False
N#Cc1cc(N)c(N)cc1C#N,c1ccccc1,c1ccccc1,False,True
CC1(C)c2ccccc2N(c2ccccc2)c2ccc(-c3ccc(-c4nc5c6ccccc6c6ccccc6c5n4-c4ccccc4)cc3)cc21,c1ccc(N2c3ccccc3Cc3cc(-c4ccc(-c5nc6c7ccccc7c7ccccc7c6n5-c5ccccc5)cc4)ccc32)cc1,c1ccc(N2c3ccccc3Cc3cc(-c4ccc(-c5nc6c7ccccc7c7ccccc7c6n5-c5ccccc5)cc4)ccc32)cc1,True,False
O=C(O)c1cnc2ccccc2n1,c1ccc2nccnc2c1,c1ccc2nccnc2c1,True,False
Cn1c2nc(-c3ccccc3)nc(=O)c-2cc2ccccc21,O=c1nc(-c2ccccc2)nc2[nH]c3ccccc3cc1-2,O=c1nc(-c2ccccc2)nc2[nH]c3ccccc3cc1-2,True,False
Nc1ccc2c(c1)C(=O)N(Cc1ccccn1)C2=O,O=C1c2ccccc2C(=O)N1Cc1ccccn1,O=C1c2ccccc2C(=O)N1Cc1ccccn1,True,False
Oc1ccc2c(c1)OC[C@H]1c3cc4c(cc3O[C@@H]21)OCO4,c1ccc2c(c1)OC[C@H]1c3cc4c(cc3O[C@@H]21)OCO4,c1ccc2c(c1)OC[C@H]1c3cc4c(cc3O[C@@H]21)OCO4,False,True
COc1ccc(-c2ccc(C3=C4C(=O)NC(c5ccc(-c6ccc(OC)c(OC)c6)cc5)=C4C(=O)N3)cc2)cc1OC,O=C1NC(c2ccc(-c3ccccc3)cc2)=C2C(=O)NC(c3ccc(-c4ccccc4)cc3)=C12,O=C1NC(c2ccc(-c3ccccc3)cc2)=C2C(=O)NC(c3ccc(-c4ccccc4)cc3)=C12,True,False
COc1c(C)ccc2cccnc12,c1ccc2ncccc2c1,c1ccc2ncccc2c1,False,True
CCCCN1C(=O)C(=Cc2cc3sc(-c4ccc(N(c5ccccc5)c5ccccc5)cc4)cc3s2)C(C)=C(C#N)C1=O,O=C1C=CC(=Cc2cc3sc(-c4ccc(N(c5ccccc5)c5ccccc5)cc4)cc3s2)C(=O)N1,O=C1C=CC(=Cc2cc3sc(-c4ccc(N(c5ccccc5)c5ccccc5)cc4)cc3s2)C(=O)N1,False,True
CCCc1ccc(C#Cc2c(F)c(C#Cc3ccc(CCC)cc3)c(C#Cc3ccc(CCC)cc3)c(F)c2C#Cc2ccc(CCC)cc2)cc1,C(#Cc1cc(C#Cc2ccccc2)c(C#Cc2ccccc2)cc1C#Cc1ccccc1)c1ccccc1,C(#Cc1cc(C#Cc2ccccc2)c(C#Cc2ccccc2)cc1C#Cc1ccccc1)c1ccccc1,False,True
COC(=O)c1c(C(=O)OC)c2ccc(-c3ccc4ccccc4c3)nn2c1C(=O)OC,c1ccc2cc(-c3ccc4cccn4n3)ccc2c1,c1ccc2cc(-c3ccc4cccn4n3)ccc2c1,True,False
c1ccc2c(c1)c1ccccc1n2-c1cncc(-c2cncc(-n3c4ccccc4c4ccccc43)n2)n1,c1ccc2c(c1)c1ccccc1n2-c1cncc(-c2cncc(-n3c4ccccc4c4ccccc43)n2)n1,c1ccc2c(c1)c1ccccc1n2-c1cncc(-c2cncc(-n3c4ccccc4c4ccccc43)n2)n1,False,True
Cc1sc2ccccc2c1C1=C(c2ccc(N3CCOCC3)cc2)C(=O)CC1,O=C1CCC(c2csc3ccccc23)=C1c1ccc(N2CCOCC2)cc1,O=C1CCC(c2csc3ccccc23)=C1c1ccc(N2CCOCC2)cc1,True,False
FC(F)(F)c1ccc(-c2nc3c(c4c2-c2ccccc2CC4)-c2ccccc2CC3)cc1,c1ccc(-c2nc3c(c4c2-c2ccccc2CC4)-c2ccccc2CC3)cc1,c1ccc(-c2nc3c(c4c2-c2ccccc2CC4)-c2ccccc2CC3)cc1,True,False
O=C(c1ccccc1)c1c(Cc2ccccc2)oc2ccccc2c1=O,O=C(c1ccccc1)c1c(Cc2ccccc2)oc2ccccc2c1=O,O=C(c1ccccc1)c1c(Cc2ccccc2)oc2ccccc2c1=O,True,False
COc1ccc2cc(-c3sc(C=C(C#N)c4ccc(OC)c(OC)c4)c4c3OCCO4)ccc2c1,C(=Cc1sc(-c2ccc3ccccc3c2)c2c1OCCO2)c1ccccc1,C(=Cc1sc(-c2ccc3ccccc3c2)c2c1OCCO2)c1ccccc1,True,False
Cc1cc(O)c(C)c(O)c1C(=O)c1ccccc1,O=C(c1ccccc1)c1ccccc1,O=C(c1ccccc1)c1ccccc1,True,False
CCCOC(=O)c1ccnc(C(=O)OCCC)c1,c1ccncc1,c1ccncc1,False,True
Clc1nc(Nc2ccccc2)nc(Nc2ccc3cc4ccccc4cc3c2)n1,c1ccc(Nc2ncnc(Nc3ccc4cc5ccccc5cc4c3)n2)cc1,c1ccc(Nc2ncnc(Nc3ccc4cc5ccccc5cc4c3)n2)cc1,True,False
Cn1nc(-c2ccccc2)c2cc3c(F)c(F)c(F)c(F)c3nc21,c1ccc(-c2n[nH]c3nc4ccccc4cc23)cc1,c1ccc(-c2n[nH]c3nc4ccccc4cc23)cc1,True,False
O=C1C(=CC=C2C=C(c3ccccc3)C=C(c3ccccc3)O2)C(=O)c2ccccc21,O=C1C(=CC=C2C=C(c3ccccc3)C=C(c3ccccc3)O2)C(=O)c2ccccc21,O=C1C(=CC=C2C=C(c3ccccc3)C=C(c3ccccc3)O2)C(=O)c2ccccc21,True,False
Cn1c2ccccc2c2cc(-c3cc(-c4ccccc4)nc(-c4ccccc4)c3)ccc21,c1ccc(-c2cc(-c3ccc4[nH]c5ccccc5c4c3)cc(-c3ccccc3)n2)cc1,c1ccc(-c2cc(-c3ccc4[nH]c5ccccc5c4c3)cc(-c3ccccc3)n2)cc1,True,False
CN1C(=CN=Nc2ccc3c4c(cccc24)C(=O)NC3=O)C(C)(C)c2ccccc21,O=C1NC(=O)c2ccc(N=NC=C3Cc4ccccc4N3)c3cccc1c23,O=C1NC(=O)c2ccc(N=NC=C3Cc4ccccc4N3)c3cccc1c23,True,False
CCOC(=O)[C@H](C)NC(=CC(=C1C(=O)N(C)c2ccccc21)c1ccccc1)c1ccccc1,O=C1Nc2ccccc2C1=C(C=Cc1ccccc1)c1ccccc1,O=C1Nc2ccccc2C1=C(C=Cc1ccccc1)c1ccccc1,True,False
c1ccc2c(c1)c1ccccc1n2-c1ccc(-c2ccc(-c3ccc(-c4ccncn4)s3)cc2)cc1,c1ccc2c(c1)c1ccccc1n2-c1ccc(-c2ccc(-c3ccc(-c4ccncn4)s3)cc2)cc1,c1ccc2c(c1)c1ccccc1n2-c1ccc(-c2ccc(-c3ccc(-c4ccncn4)s3)cc2)cc1,True,False
COC(=O)C1CC(C#N)=C2C=CC=NN21,C1=CC2=CCCN2N=C1,C1=CC2=CCCN2N=C1,False,True
Cn1c2ccc(-c3ccc4ccccc4c3)cc2c2cc(-c3ccc4ccccc4c3)ccc21,c1ccc2cc(-c3ccc4[nH]c5ccc(-c6ccc7ccccc7c6)cc5c4c3)ccc2c1,c1ccc2cc(-c3ccc4[nH]c5ccc(-c6ccc7ccccc7c6)cc5c4c3)ccc2c1,True,False
CC[C@@H](C)NC(=O)c1cc2ccccc2cc1-c1cc2ccccc2cc1C(=O)OC,c1ccc2cc(-c3ccc4ccccc4c3)ccc2c1,c1ccc2cc(-c3ccc4ccccc4c3)ccc2c1,True,False
CN1C(=O)C(c2ccc(-c3cccs3)s2)=C(c2c[nH]c3ccccc23)C1=O,O=C1NC(=O)C(c2c[nH]c3ccccc23)=C1c1ccc(-c2cccs2)s1,O=C1NC(=O)C(c2c[nH]c3ccccc23)=C1c1ccc(-c2cccs2)s1,True,False
Cc1ccnc(-c2cc(C)ccn2)c1,c1ccc(-c2ccccn2)nc1,c1ccc(-c2ccccn2)nc1,True,False
Brc1ccc(-c2cc(-c3ccccc3)nc(-c3ccccc3)c2)cc1,c1ccc(-c2cc(-c3ccccc3)nc(-c3ccccc3)c2)cc1,c1ccc(-c2cc(-c3ccccc3)nc(-c3ccccc3)c2)cc1,False,True
CC(C)(C)c1cc(O)c(C(C)(C)C)cc1O,c1ccccc1,c1ccccc1,False,True
Cc1c(C(=O)O)c(O)cc2c1C(=O)c1c(O)c([C@H]3O[C@H](CO)[C@@H](O)[C@H](O)[C@H]3O)c(O)c(O)c1C2=O,O=C1c2ccccc2C(=O)c2cc([C@@H]3CCCCO3)ccc21,O=C1c2ccccc2C(=O)c2cc([C@@H]3CCCCO3)ccc21,False,True
C=C(C)C(=O)OCOc1ccc(N=Nc2ccc(OCC)cc2)cc1C,c1ccc(N=Nc2ccccc2)cc1,c1ccc(N=Nc2ccccc2)cc1,False,True
CC1=NNC(=O)C1Cn1c(=O)c(=O)[nH]c2ccccc21,O=C1NN=CC1Cn1c(=O)c(=O)[nH]c2ccccc21,O=C1NN=CC1Cn1c(=O)c(=O)[nH]c2ccccc21,True,False
CC(=O)CC(=O)c1ccc(-c2nc3ccccc3o2)o1,c1coc(-c2nc3ccccc3o2)c1,c1coc(-c2nc3ccccc3o2)c1,True,False
O=[N+]([O-])c1ccc(Cl)cc1Cl,c1ccccc1,c1ccccc1,False,True
NS(=O)(=O)c1cc2c(s1)S(=O)(=O)N(Cc1cccs1)C[C@@H]2O,O=S1(=O)c2sccc2CCN1Cc1cccs1,O=S1(=O)c2sccc2CCN1Cc1cccs1,True,False
Cc1ccc(C=Cc2ccc(-c3nc(-c4ccccc4)c(-c4ccccc4)n3-c3ccccc3)cc2)cc1,C(=Cc1ccc(-c2nc(-c3ccccc3)c(-c3ccccc3)n2-c2ccccc2)cc1)c1ccccc1,C(=Cc1ccc(-c2nc(-c3ccccc3)c(-c3ccccc3)n2-c2ccccc2)cc1)c1ccccc1,False,True
Brc1cncnc1-c1ccc(-c2ccccc2)s1,c1ccc(-c2ccc(-c3ccncn3)s2)cc1,c1ccc(-c2ccc(-c3ccncn3)s2)cc1,True,False
COc1ccc(C=Cc2sccc2-c2ccsc2C=Cc2ccc(OC)cc2)cc1,C(=Cc1sccc1-c1ccsc1C=Cc1ccccc1)c1ccccc1,C(=Cc1sccc1-c1ccsc1C=Cc1ccccc1)c1ccccc1,True,False
CN(C)c1ccc2ccc3c(N(C)C)ccc4ccc1c2c43,c1cc2ccc3cccc4ccc(c1)c2c34,c1cc2ccc3cccc4ccc(c1)c2c34,True,False
FC(F)(F)c1ccc(C#Cc2ccc3c(c2)sc2c4ccc(C#Cc5ccc(C(F)(F)F)cc5)cc4sc32)cc1,C(#Cc1ccc2c(c1)sc1c3ccc(C#Cc4ccccc4)cc3sc21)c1ccccc1,C(#Cc1ccc2c(c1)sc1c3ccc(C#Cc4ccccc4)cc3sc21)c1ccccc1,True,False
O=C1OC(=O)c2ccc3c4ccc(Br)c5cccc(c6ccc1c2c63)c54,O=C1OC(=O)c2ccc3c4cccc5cccc(c6ccc1c2c63)c54,O=C1OC(=O)c2ccc3c4cccc5cccc(c6ccc1c2c63)c54,True,False
Nc1ncc2[nH]cnc2n1,c1ncc2[nH]cnc2n1,c1ncc2[nH]cnc2n1,True,False
CCOC(=O)C=C(C)Nc1ccc2oc(=O)ccc2c1,O=c1ccc2ccccc2o1,O=c1ccc2ccccc2o1,False,True
CCCCOc1cc(-c2cccc(C#N)c2)c(OC)cc1-c1cccc(C#N)c1,c1ccc(-c2ccc(-c3ccccc3)cc2)cc1,c1ccc(-c2ccc(-c3ccccc3)cc2)cc1,False,True
CCn1c2ccc(Br)cc2c2c3c4cc(Br)ccc4n(CC)c3c3c(c4cc(Br)ccc4n3CC)c21,c1ccc2c(c1)[nH]c1c3[nH]c4ccccc4c3c3c4ccccc4[nH]c3c21,c1ccc2c(c1)[nH]c1c3[nH]c4ccccc4c3c3c4ccccc4[nH]c3c21,True,False
Clc1ccc(Cn2c(-c3ccco3)nc(-c3ccco3)c2-c2ccco2)cc1,c1ccc(Cn2c(-c3ccco3)nc(-c3ccco3)c2-c2ccco2)cc1,c1ccc(Cn2c(-c3ccco3)nc(-c3ccco3)c2-c2ccco2)cc1,True,False
C1=C(c2ccc(-c3cccs3)s2)CCC1,C1=C(c2ccc(-c3cccs3)s2)CCC1,C1=C(c2ccc(-c3cccs3)s2)CCC1,True,False
Clc1ccc(N=NC(=NNc2ccccc2)c2ccccc2)cc1,c1ccc(N=NC(=NNc2ccccc2)c2ccccc2)cc1,c1ccc(N=NC(=NNc2ccccc2)c2ccccc2)cc1,True,False
O=C(O)c1cc(S(=O)(=O)O)ccc1O,c1ccccc1,c1ccccc1,False,True
O=C1C=CC(=CC=C2C=C(c3ccccc3)OC(c3ccccc3)=C2)c2cccnc21,O=C1C=CC(=CC=C2C=C(c3ccccc3)OC(c3ccccc3)=C2)c2cccnc21,O=C1C=CC(=CC=C2C=C(c3ccccc3)OC(c3ccccc3)=C2)c2cccnc21,True,False
CCc1nccnc1C(=O)C=Cc1ccc(Br)cc1,O=C(C=Cc1ccccc1)c1cnccn1,O=C(C=Cc1ccccc1)c1cnccn1,True,False
Brc1ccc2[nH]c3ccccc3c2c1,c1ccc2c(c1)[nH]c1ccccc12,c1ccc2c(c1)[nH]c1ccccc12,True,False
CC(=O)N[C@H](CO)[C@H](O)c1ccc([N+](=O)[O-])cc1,c1ccccc1,c1ccccc1,False,True
CCCOC(=O)c1ccc(C(=O)OCCC)nc1,c1ccncc1,c1ccncc1,False,True
COc1c2ccccc2c(OC)c2c1c1ccccc1n2C,c1ccc2cc3c(cc2c1)[nH]c1ccccc13,c1ccc2cc3c(cc2c1)[nH]c1ccccc13,True,False
CCCCOc1ccc(-n2c3ccccc3c3ccc(-c4ccc(-c5ccc(C=C(C#N)C(=O)O)s5)c5nsnc45)cc32)cc1,c1ccc(-n2c3ccccc3c3ccc(-c4ccc(-c5cccs5)c5nsnc45)cc32)cc1,c1ccc(-n2c3ccccc3c3ccc(-c4ccc(-c5cccs5)c5nsnc45)cc32)cc1,True,False
COc1ccc(Nc2nc3cc4c(C)c(C(N)=O)c(=O)oc4cc3n2Cc2ccccc2)cc1,O=c1ccc2cc3nc(Nc4ccccc4)n(Cc4ccccc4)c3cc2o1,O=c1ccc2cc3nc(Nc4ccccc4)n(Cc4ccccc4)c3cc2o1,True,False
Clc1nc(Cl)nc(Nc2ccc3c4cccc5cccc(c6cccc2c63)c54)n1,c1cc2cccc3c4ccc(Nc5ncncn5)c5cccc(c(c1)c23)c54,c1cc2cccc3c4ccc(Nc5ncncn5)c5cccc(c(c1)c23)c54,False,True
Cc1ccc(CN[C@@H]2C[C@H]2NCc2ccc(C)o2)o1,c1coc(CN[C@@H]2C[C@H]2NCc2ccco2)c1,c1coc(CN[C@@H]2C[C@H]2NCc2ccco2)c1,True,False
O=c1cc(-c2cc(-c3cc4c(ccc5ccccc54)oc3=O)nc(-c3cc4c(ccc5ccccc54)oc3=O)c2)c2ccc3ccccc3c2o1,O=c1cc(-c2cc(-c3cc4c(ccc5ccccc54)oc3=O)nc(-c3cc4c(ccc5ccccc54)oc3=O)c2)c2ccc3ccccc3c2o1,O=c1cc(-c2cc(-c3cc4c(ccc5ccccc54)oc3=O)nc(-c3cc4c(ccc5ccccc54)oc3=O)c2)c2ccc3ccccc3c2o1,True,False
C(=Cc1ccc(N(c2ccccc2)c2ccccc2)c(N(c2ccccc2)c2ccccc2)c1C=Cc1ccccc1)c1ccccc1,C(=Cc1ccc(N(c2ccccc2)c2ccccc2)c(N(c2ccccc2)c2ccccc2)c1C=Cc1ccccc1)c1ccccc1,C(=Cc1ccc(N(c2ccccc2)c2ccccc2)c(N(c2ccccc2)c2ccccc2)c1C=Cc1ccccc1)c1ccccc1,True,False
CN(C)c1ccc(-c2nc(C=CC=Cc3ccc(C#N)cc3)[nH]c2-c2ccc(N(C)C)cc2)cc1,C(C=Cc1nc(-c2ccccc2)c(-c2ccccc2)[nH]1)=Cc1ccccc1,C(C=Cc1nc(-c2ccccc2)c(-c2ccccc2)[nH]1)=Cc1ccccc1,True,False
CC(C)(C)C(=Cc1ccc2ccccc2n1)NN=Cc1ccccc1[N+](=O)[O-],C(=Cc1ccc2ccccc2n1)NN=Cc1ccccc1,C(=Cc1ccc2ccccc2n1)NN=Cc1ccccc1,True,False
CC(=O)n1c2ccccc2c2cc(Cl)ccc21,c1ccc2c(c1)[nH]c1ccccc12,c1ccc2c(c1)[nH]c1ccccc12,True,False
O=S1(=O)OC(c2ccc(O)cc2)(c2ccc(O)cc2)c2ccccc21,O=S1(=O)OC(c2ccccc2)(c2ccccc2)c2ccccc21,O=S1(=O)OC(c2ccccc2)(c2ccccc2)c2ccccc21,False,True
N#CC(=Cc1ccc(-c2ccc(N(c3ccc4c(c3)OCCO4)c3ccc4c(c3)OCCO4)cc2)o1)C(=O)O,c1coc(-c2ccc(N(c3ccc4c(c3)OCCO4)c3ccc4c(c3)OCCO4)cc2)c1,c1coc(-c2ccc(N(c3ccc4c(c3)OCCO4)c3ccc4c(c3)OCCO4)cc2)c1,True,False
C#Cc1cccc2c(N(C)C)cccc12,c1ccc2ccccc2c1,c1ccc2ccccc2c1,True,False
Cc1cccc(N(c2ccccc2)c2ccc(C(C#N)=Cc3cccc4ccccc34)cc2)c1,C(=Cc1cccc2ccccc12)c1ccc(N(c2ccccc2)c2ccccc2)cc1,C(=Cc1cccc2ccccc12)c1ccc(N(c2ccccc2)c2ccccc2)cc1,True,False
S=C=Nc1cc2cccccc-2c1,c1ccc2cccc-2cc1,c1ccc2cccc-2cc1,True,False
Cc1ccsc1-c1sc(-c2ccc3c(c2)sc2ccccc23)c2ccccc12,c1csc(-c2sc(-c3ccc4c(c3)sc3ccccc34)c3ccccc23)c1,c1csc(-c2sc(-c3ccc4c(c3)sc3ccccc34)c3ccccc23)c1,True,False
C[Si](C)(C)C#Cc1cc(C#C[Si](C)(C)C)c2ccc3c(C(=O)c4ccccc4)cc(C#C[Si](C)(C)C)c4ccc1c2c43,O=C(c1ccccc1)c1ccc2ccc3cccc4ccc1c2c34,O=C(c1ccccc1)c1ccc2ccc3cccc4ccc1c2c34,True,False
C[S@@](=O)c1ccc(-c2nc(-c3cccc(I)c3)c(-c3ccncc3)[nH]2)cc1,c1ccc(-c2nc(-c3ccccc3)c(-c3ccncc3)[nH]2)cc1,c1ccc(-c2nc(-c3ccccc3)c(-c3ccncc3)[nH]2)cc1,True,False
CO[Si](CCCSC(=O)c1cccc(C(=O)SCCC[Si](OC)(OC)OC)n1)(OC)OC,c1ccncc1,c1ccncc1,False,True
C[Si]1(C)c2cc(-c3ccc(N(c4ccccc4)c4ccccc4)cc3)ccc2-c2ccc(-c3ccc(N(c4ccccc4)c4ccccc4)cc3)cc21,c1ccc(N(c2ccccc2)c2ccc(-c3ccc4c(c3)[SiH2]c3cc(-c5ccc(N(c6ccccc6)c6ccccc6)cc5)ccc3-4)cc2)cc1,c1ccc(N(c2ccccc2)c2ccc(-c3ccc4c(c3)[SiH2]c3cc(-c5ccc(N(c6ccccc6)c6ccccc6)cc5)ccc3-4)cc2)cc1,True,False
C=CCN1C(=O)C(C(=Cc2ccc(N(C)C)cc2)c2cccs2)=C(C#N)C1=C(C#N)C#N,C=C1C=C(C(=Cc2ccccc2)c2cccs2)C(=O)N1,C=C1C=C(C(=Cc2ccccc2)c2cccs2)C(=O)N1,False,True
Oc1c(Cl)cc(Cl)c2cccnc12,c1ccc2ncccc2c1,c1ccc2ncccc2c1,False,True
O=c1c2ccccc2c(=O)c2c1c(F)c(F)c1oc3ccccc3oc12,O=c1c2ccccc2c(=O)c2c1ccc1oc3ccccc3oc12,O=c1c2ccccc2c(=O)c2c1ccc1oc3ccccc3oc12,False,True
O=c1[nH]c(-c2ccc(Cl)cc2)cn2nc(-c3ccc(Cl)cc3)cc12,O=c1[nH]c(-c2ccccc2)cn2nc(-c3ccccc3)cc12,O=c1[nH]c(-c2ccccc2)cn2nc(-c3ccccc3)cc12,False,True
O=C1c2ccccc2C(=O)c2c3c(c(F)c(F)c21)NCCN3,O=C1c2ccccc2C(=O)c2c1ccc1c2NCCN1,O=C1c2ccccc2C(=O)c2c1ccc1c2NCCN1,True,False
O=S1(=O)c2ccccc2C2(c3ccc(N4CCOCC4)cc3Oc3cc(N4CCOCC4)ccc32)N1CCCO,O=S1(=O)NC2(c3ccc(N4CCOCC4)cc3Oc3cc(N4CCOCC4)ccc32)c2ccccc21,O=S1(=O)NC2(c3ccc(N4CCOCC4)cc3Oc3cc(N4CCOCC4)ccc32)c2ccccc21,True,False
CC1(C)c2ccccc2-c2ccc(-n3c(-c4ccccc4)cc4cc(-c5ccc(-c6ccc(C=C(C#N)C(=O)O)s6)s5)ccc43)cc21,c1ccc(-c2cc3cc(-c4ccc(-c5cccs5)s4)ccc3n2-c2ccc3c(c2)Cc2ccccc2-3)cc1,c1ccc(-c2cc3cc(-c4ccc(-c5cccs5)s4)ccc3n2-c2ccc3c(c2)Cc2ccccc2-3)cc1,True,False
OCc1ccc2c3cccc4cccc(c5cccc1c52)c43,c1cc2cccc3c4cccc5cccc(c(c1)c23)c54,c1cc2cccc3c4cccc5cccc(c(c1)c23)c54,False,True
O=c1c(-c2ccc(O)cc2)coc2cc(OC3OC(CO)C(O)C(O)C3O)cc(O)c12,O=c1c(-c2ccccc2)coc2cc(OC3CCCCO3)ccc12,O=c1c(-c2ccccc2)coc2cc(OC3CCCCO3)ccc12,True,False
C[Si]1(C)c2ccccc2[Si](C)(C)c2ccccc21,c1ccc2c(c1)[SiH2]c1ccccc1[SiH2]2,c1ccc2c(c1)[SiH2]c1ccccc1[SiH2]2,True,False
c1ccc2nc3c4cccnc4c4ncccc4c3nc2c1,c1ccc2nc3c4cccnc4c4ncccc4c3nc2c1,c1ccc2nc3c4cccnc4c4ncccc4c3nc2c1,True,False
COc1c2ccccc2c(OC)c2c1c1ccc(C)cc1n2C,c1ccc2cc3c(cc2c1)[nH]c1ccccc13,c1ccc2cc3c(cc2c1)[nH]c1ccccc13,True,False
Nc1cc(-c2nc3cc4c(CCl)cc(=O)oc4cc3o2)ccc1Cl,O=c1ccc2cc3nc(-c4ccccc4)oc3cc2o1,O=c1ccc2cc3nc(-c4ccccc4)oc3cc2o1,True,False
NC(Cc1ccc(O)cc1)C(=O)O,c1ccccc1,c1ccccc1,False,True
C(#Cc1ccc(C2(C#Cc3ccccc3)CC=CS2)s1)c1ccccc1,C(#Cc1ccc(C2(C#Cc3ccccc3)CC=CS2)s1)c1ccccc1,C(#Cc1ccc(C2(C#Cc3ccccc3)CC=CS2)s1)c1ccccc1,False,True
O=C1c2ccccc2C(=O)c2cc(NCc3ccccc3)ccc21,O=C1c2ccccc2C(=O)c2cc(NCc3ccccc3)ccc21,O=C1c2ccccc2C(=O)c2cc(NCc3ccccc3)ccc21,True,False
CCN(CC)c1ccc(C=C(C#N)c2ccc(C=C3SC(=S)N(CC(=O)O)C3=O)s2)cc1,O=C1NC(=S)SC1=Cc1ccc(C=Cc2ccccc2)s1,O=C1NC(=S)SC1=Cc1ccc(C=Cc2ccccc2)s1,True,False
Oc1ccc(N=Nc2cccc(Br)c2)cc1C=Nc1ccccc1S,C(=Nc1ccccc1)c1cccc(N=Nc2ccccc2)c1,C(=Nc1ccccc1)c1cccc(N=Nc2ccccc2)c1,False,True
Cn1c2ccccc2c2cc(C=CC3=C(C#N)C(=C(C#N)C#N)OC3(C)C)ccc21,C=C1C=C(C=Cc2ccc3[nH]c4ccccc4c3c2)CO1,C=C1C=C(C=Cc2ccc3[nH]c4ccccc4c3c2)CO1,False,True
O=c1c2ccccc2c(=O)c2c1c(F)c(F)c1oc3ccccc3[nH]c12,O=c1c2ccccc2c(=O)c2c1ccc1oc3ccccc3[nH]c12,O=c1c2ccccc2c(=O)c2c1ccc1oc3ccccc3[nH]c12,True,False
COc1ccc2c(c1)c(C1=C(c3cc(-c4ccc(Br)cc4)sc3C)C(=O)OC1=O)c(C)n2C,O=C1OC(=O)C(c2c[nH]c3ccccc23)=C1c1csc(-c2ccccc2)c1,O=C1OC(=O)C(c2c[nH]c3ccccc23)=C1c1csc(-c2ccccc2)c1,True,False
CN(C)c1ccc(C=c2oc(=Cc3ccccc3)c3cc(Cl)ccc23)cc1,C(c1ccccc1)=c1oc(=Cc2ccccc2)c2ccccc12,C(c1ccccc1)=c1oc(=Cc2ccccc2)c2ccccc12,True,False
COc1cc(C=Cc2ccc([N+](=O)[O-])cc2[N+](=O)[O-])ccc1OCCO,C(=Cc1ccccc1)c1ccccc1,C(=Cc1ccccc1)c1ccccc1,False,True
O=S(=O)(Oc1ccc(Cl)cc1Cl)c1ccccc1,O=S(=O)(Oc1ccccc1)c1ccccc1,O=S(=O)(Oc1ccccc1)c1ccccc1,True,False
CC1c2cc(-c3ccc4ccccc4c3)ccc2-c2ccc(-c3ccc4ccccc4c3)cc21,c1ccc2cc(-c3ccc4c(c3)Cc3cc(-c5ccc6ccccc6c5)ccc3-4)ccc2c1,c1ccc2cc(-c3ccc4c(c3)Cc3cc(-c5ccc6ccccc6c5)ccc3-4)ccc2c1,True,False
Cn1cc(C=C(C#N)c2ccc(C=Nc3ccc(C(=O)O)cc3)s2)c2ccccc21,C(=Cc1c[nH]c2ccccc12)c1ccc(C=Nc2ccccc2)s1,C(=Cc1c[nH]c2ccccc12)c1ccc(C=Nc2ccccc2)s1,True,False
COc1ccc(C=C(C#N)c2ccc3c(c2)c2cc(C(C#N)=Cc4ccc(OC)cc4)ccc2n3C)cc1,C(=Cc1ccc2[nH]c3ccc(C=Cc4ccccc4)cc3c2c1)c1ccccc1,C(=Cc1ccc2[nH]c3ccc(C=Cc4ccccc4)cc3c2c1)c1ccccc1,False,True
COc1cc(OC)c(C=CC(=C(C#N)C#N)c2cc3c(OC)cc4ccccc4c3oc2=O)c(OC)c1,C=C(C=Cc1ccccc1)c1cc2ccc3ccccc3c2oc1=O,C=C(C=Cc1ccccc1)c1cc2ccc3ccccc3c2oc1=O,True,False
O=C(NCCC[Si]12OCCN(CCO1)CCO2)c1ccncc1,O=C(NCCC[Si]12OCCN(CCO1)CCO2)c1ccncc1,O=C(NCCC[Si]12OCCN(CCO1)CCO2)c1ccncc1,True,False
c1ccc(-c2ccc(-c3c4ccccc4c(-c4cccc5c4ccc4cc6ccccc6cc45)c4cc(-c5ccccc5)ccc34)cc2)cc1,c1ccc(-c2ccc(-c3c4ccccc4c(-c4cccc5c4ccc4cc6ccccc6cc45)c4cc(-c5ccccc5)ccc34)cc2)cc1,c1ccc(-c2ccc(-c3c4ccccc4c(-c4cccc5c4ccc4cc6ccccc6cc45)c4cc(-c5ccccc5)ccc34)cc2)cc1,True,False
Cc1cc(C2=C(c3cc(C)sc3C)C(=O)C(Br)C2)c(C)s1,O=C1CCC(c2ccsc2)=C1c1ccsc1,O=C1CCC(c2ccsc2)=C1c1ccsc1,True,False
Cc1nc2c3c(-c4ccccc4)n(-c4ccccc4)nc3c(C)nn2c1N=Nc1ccccc1,c1ccc(N=Nc2cnc3c4c(-c5ccccc5)n(-c5ccccc5)nc4cnn23)cc1,c1ccc(N=Nc2cnc3c4c(-c5ccccc5)n(-c5ccccc5)nc4cnn23)cc1,True,False
NNC(=O)Cc1ccccc1F,c1ccccc1,c1ccccc1,False,True
CCN(CC)c1ccc(Nc2cc3oc(-c4ccc(C#N)cc4)nc3c3ccccc23)c(C)c1,c1ccc(Nc2cc3oc(-c4ccccc4)nc3c3ccccc23)cc1,c1ccc(Nc2cc3oc(-c4ccccc4)nc3c3ccccc23)cc1,True,False
Cc1ccc(C(C#N)=Cc2ccc(N(c3ccccc3)c3ccccc3)cc2)cc1,C(=Cc1ccc(N(c2ccccc2)c2ccccc2)cc1)c1ccccc1,C(=Cc1ccc(N(c2ccccc2)c2ccccc2)cc1)c1ccccc1,False,True
COc1ccc2cc(C(=O)CC(=O)c3ccccc3)ccc2c1,O=C(CC(=O)c1ccc2ccccc2c1)c1ccccc1,O=C(CC(=O)c1ccc2ccccc2c1)c1ccccc1,True,False
CN(CCO)c1ccc(C=C2C(=O)c3ccccc3C2=C(C#N)C#N)cc1,C=C1C(=Cc2ccccc2)C(=O)c2ccccc21,C=C1C(=Cc2ccccc2)C(=O)c2ccccc21,True,False
Nc1nc2c(N=Nc3ccc([N+](=O)[O-])cc3)c(N)nn2c(N)c1N=Nc1ccc(Cl)cc1,c1ccc(N=Nc2cnc3c(N=Nc4ccccc4)cnn3c2)cc1,c1ccc(N=Nc2cnc3c(N=Nc4ccccc4)cnn3c2)cc1,False,True
CC(C)(C)c1cc(-c2nc3c4ccccc4c4ccccc4c3[nH]2)c(O)c(C(C)(C)C)c1,c1ccc(-c2nc3c4ccccc4c4ccccc4c3[nH]2)cc1,c1ccc(-c2nc3c4ccccc4c4ccccc4c3[nH]2)cc1,False,True
C[Si]1(C)c2cc(-c3ccc(-n4c5ccccc5c5ccccc54)cc3)ccc2-c2ccc(-c3ccc(-n4c5ccccc5c5ccccc54)cc3)cc21,c1ccc2c(c1)c1ccccc1n2-c1ccc(-c2ccc3c(c2)[SiH2]c2cc(-c4ccc(-n5c6ccccc6c6ccccc65)cc4)ccc2-3)cc1,c1ccc2c(c1)c1ccccc1n2-c1ccc(-c2ccc3c(c2)[SiH2]c2cc(-c4ccc(-n5c6ccccc6c6ccccc65)cc4)ccc2-3)cc1,False,True
CC(=O)c1sc(-c2ccc(-c3sc(C=O)c(C#N)c3C#N)s2)c(C#N)c1C#N,c1csc(-c2ccc(-c3cccs3)s2)c1,c1csc(-c2ccc(-c3cccs3)s2)c1,True,False
CO[Si](CCCSC(=O)c1ccccc1S)(OC)OC,c1ccccc1,c1ccccc1,False,True
Cn1c2cc(Br)ccc2c2ccc(N(c3ccccc3)c3ccc4c(c3)C(C)(C)c3ccccc3-4)cc21,c1ccc(N(c2ccc3c(c2)Cc2ccccc2-3)c2ccc3c(c2)[nH]c2ccccc23)cc1,c1ccc(N(c2ccc3c(c2)Cc2ccccc2-3)c2ccc3c(c2)[nH]c2ccccc23)cc1,True,False
c1ccc2cc(-c3cc4cccccc-4c3)cc-2cc1,c1ccc2cc(-c3cc4cccccc-4c3)cc-2cc1,c1ccc2cc(-c3cc4cccccc-4c3)cc-2cc1,False,True
CC(=O)Nc1ccccc1N=Nc1nc2ccc([N+](=O)[O-])cc2s1,c1ccc(N=Nc2nc3ccccc3s2)cc1,c1ccc(N=Nc2nc3ccccc3s2)cc1,False,True
CCN(CC)c1ccc(C=C2CCC(=Cc3ccc(N(C)C)cc3)C2=O)c(Cl)c1,O=C1C(=Cc2ccccc2)CCC1=Cc1ccccc1,O=C1C(=Cc2ccccc2)CCC1=Cc1ccccc1,True,False
c1cc(-c2c3ccccc3cc3ccccc23)cc(-c2c3ccccc3cc3ccccc23)c1,c1cc(-c2c3ccccc3cc3ccccc23)cc(-c2c3ccccc3cc3ccccc23)c1,c1cc(-c2c3ccccc3cc3ccccc23)cc(-c2c3ccccc3cc3ccccc23)c1,True,False
Oc1ccc(N=Nc2nc3ccccc3s2)c2cccnc12,c1ccc2sc(N=Nc3cccc4ncccc34)nc2c1,c1ccc2sc(N=Nc3cccc4ncccc34)nc2c1,True,False
[3H]C(Cc1ccc(C2(C(F)(F)F)N=N2)cc1)OCC(=O)OC(COC=O)COP(=O)([O-])OCC[N+](C)(C)C,c1ccc(C2N=N2)cc1,c1ccc(C2N=N2)cc1,False,True
c1csc(-c2cc(-c3cccs3)c3ccc4c(-c5cccs5)cc(-c5cccs5)c5ccc2c3c54)c1,c1csc(-c2cc(-c3cccs3)c3ccc4c(-c5cccs5)cc(-c5cccs5)c5ccc2c3c54)c1,c1csc(-c2cc(-c3cccs3)c3ccc4c(-c5cccs5)cc(-c5cccs5)c5ccc2c3c54)c1,False,True
c1ccc(C(CCSc2ccccc2-n2cnnn2)CNSc2ccccc2-n2cnnn2)cc1,c1ccc(C(CCSc2ccccc2-n2cnnn2)CNSc2ccccc2-n2cnnn2)cc1,c1ccc(C(CCSc2ccccc2-n2cnnn2)CNSc2ccccc2-n2cnnn2)cc1,True,False
CC(C)CC(=O)NC1=CC(=O)C(=O)c2ccccc21,O=C1C=Cc2ccccc2C1=O,O=C1C=Cc2ccccc2C1=O,True,False
COc1ccc(C2=C(c3cc(C)sc3C)C(=O)CC2)cc1,O=C1CCC(c2ccccc2)=C1c1ccsc1,O=C1CCC(c2ccccc2)=C1c1ccsc1,True,False
CCOC(=O)C1(O)c2cc3ccc4cccc5ccc(c2C(=O)N1C(C)(C)C)c3c45,O=C1NCc2cc3ccc4cccc5ccc(c21)c3c45,O=C1NCc2cc3ccc4cccc5ccc(c21)c3c45,False,True
CC(C=C1N(C)c2ccccc2C1(C)C)=C(C#N)C(=O)c1ccccc1,O=C(C=CC=C1Cc2ccccc2N1)c1ccccc1,O=C(C=CC=C1Cc2ccccc2N1)c1ccccc1,False,True
Cc1ccc(N=Cc2ccccn2)c(C)c1,C(=Nc1ccccc1)c1ccccn1,C(=Nc1ccccc1)c1ccccn1,True,False
COC(=O)c1cc(O)n(-c2cc(C)c3c(O)n[nH]c3n2)n1,c1cnn(-c2ccc3cn[nH]c3n2)c1,c1cnn(-c2ccc3cn[nH]c3n2)c1,True,False
OCc1c(-c2ccc(F)cc2)nc2ncccn12,c1ccc(-c2cn3cccnc3n2)cc1,c1ccc(-c2cn3cccnc3n2)cc1,True,False
O=c1ccc2cc(N=Cc3ccc(-c4cccc([N+](=O)[O-])c4)o3)ccc2o1,O=c1ccc2cc(N=Cc3ccc(-c4ccccc4)o3)ccc2o1,O=c1ccc2cc(N=Cc3ccc(-c4ccccc4)o3)ccc2o1,False,True
CC(C)n1cc(P(c2ccccc2)c2ccccc2)n(C)c1=S,S=c1[nH]cc(P(c2ccccc2)c2ccccc2)[nH]1,S=c1[nH]cc(P(c2ccccc2)c2ccccc2)[nH]1,True,False
c1ccc(-c2cc(-c3ccc(-n4c5ccccc5c5ccccc54)cc3)nc3ccccc23)cc1,c1ccc(-c2cc(-c3ccc(-n4c5ccccc5c5ccccc54)cc3)nc3ccccc23)cc1,c1ccc(-c2cc(-c3ccc(-n4c5ccccc5c5ccccc54)cc3)nc3ccccc23)cc1,True,False
O=[N+]([O-])c1ncc[nH]1,c1c[nH]cn1,c1c[nH]cn1,False,True
CCOC(=O)C1=C(c2ccc3ccccc3c2)NC(=O)C1=NNc1cc([N+](=O)[O-])ccc1O,O=C1NC(c2ccc3ccccc3c2)=CC1=NNc1ccccc1,O=C1NC(c2ccc3ccccc3c2)=CC1=NNc1ccccc1,True,False
N#CC(=Cc1ccc[nH]1)C(=O)NN,c1cc[nH]c1,c1cc[nH]c1,True,False
c1ccc(N(Cc2cc(CN(c3ccccn3)c3ccccn3)cc(CN(c3ccccn3)c3ccccn3)c2)c2ccccn2)nc1,c1ccc(N(Cc2cc(CN(c3ccccn3)c3ccccn3)cc(CN(c3ccccn3)c3ccccn3)c2)c2ccccn2)nc1,c1ccc(N(Cc2cc(CN(c3ccccn3)c3ccccn3)cc(CN(c3ccccn3)c3ccccn3)c2)c2ccccn2)nc1,True,False
C=Cc1ccc(-c2ccc(C(C#N)=Cc3ccc(-c4csc(C=C(C#N)c5ccccc5)c4)cc3)cc2)cc1,C(=Cc1cc(-c2ccc(C=Cc3ccc(-c4ccccc4)cc3)cc2)cs1)c1ccccc1,C(=Cc1cc(-c2ccc(C=Cc3ccc(-c4ccccc4)cc3)cc2)cs1)c1ccccc1,True,False
Cn1ccnc1CN(Cc1ccccn1)Cc1ccccn1,c1ccc(CN(Cc2ccccn2)Cc2ncc[nH]2)nc1,c1ccc(CN(Cc2ccccn2)Cc2ncc[nH]2)nc1,True,False
CCn1c2c(c3ccccc31)=NN(c1ccccc1)[B-](F)(F)[O+]=2,[BH2-]1[O+]=c2[nH]c3ccccc3c2=NN1c1ccccc1,[BH2-]1[O+]=c2[nH]c3ccccc3c2=NN1c1ccccc1,False,True
N#CC(=Cc1ccc(N(c2ccc(C#Cc3ccccn3)cc2)c2ccc(C#Cc3ccccn3)cc2)cc1)C(=O)O,C(#Cc1ccccn1)c1ccc(N(c2ccccc2)c2ccc(C#Cc3ccccn3)cc2)cc1,C(#Cc1ccccn1)c1ccc(N(c2ccccc2)c2ccc(C#Cc3ccccn3)cc2)cc1,False,True
N#CC(=Cc1ccc(C=Cc2ccc(N3c4ccccc4C=Cc4ccccc43)cc2)s1)C(=O)O,C(=Cc1cccs1)c1ccc(N2c3ccccc3C=Cc3ccccc32)cc1,C(=Cc1cccs1)c1ccc(N2c3ccccc3C=Cc3ccccc32)cc1,True,False
CCSc1cc2c(cc1C=C(C#N)C(=O)O)Sc1ccccc1N2C,c1ccc2c(c1)Nc1ccccc1S2,c1ccc2c(c1)Nc1ccccc1S2,True,False
N#Cc1ccc(C=Cc2ccc(C=C(c3ccccc3)c3ccccc3)cc2)cc1,C(=Cc1ccc(C=C(c2ccccc2)c2ccccc2)cc1)c1ccccc1,C(=Cc1ccc(C=C(c2ccccc2)c2ccccc2)cc1)c1ccccc1,True,False
CCN(CC)c1ccc2c(O)c(N=Nc3ccccc3)c(=O)oc2c1,O=c1oc2ccccc2cc1N=Nc1ccccc1,O=c1oc2ccccc2cc1N=Nc1ccccc1,True,False
COC(=O)C(=Cc1ccccc1)OC,c1ccccc1,c1ccccc1,False,True
CCN1c2cc(C#N)n(C#N)c2N=C(C(=O)Cc2nc(C#N)c(C#N)nc2Nc2ccc(C)cc2)C1C,O=C(Cc1nccnc1Nc1ccccc1)C1=Nc2[nH]ccc2NC1,O=C(Cc1nccnc1Nc1ccccc1)C1=Nc2[nH]ccc2NC1,True,False
c1ccc(-n2cc(-c3nc4ccccc4[nH]3)cn2)cc1,c1ccc(-n2cc(-c3nc4ccccc4[nH]3)cn2)cc1,c1ccc(-n2cc(-c3nc4ccccc4[nH]3)cn2)cc1,True,False
C[Si](C)(C1=C(c2ccccc2)C(c2ccccc2)=C([Si](C)(C)c2ccccc2)[Si]1(c1ccccc1)c1ccccc1)c1ccccc1,c1ccc([SiH2]C2=C(c3ccccc3)C(c3ccccc3)=C([SiH2]c3ccccc3)[Si]2(c2ccccc2)c2ccccc2)cc1,c1ccc([SiH2]C2=C(c3ccccc3)C(c3ccccc3)=C([SiH2]c3ccccc3)[Si]2(c2ccccc2)c2ccccc2)cc1,True,False
CC1(C)c2cc(Br)ccc2-c2cc3c(C#C[Si](C)(C)C)c4ccccc4c(C#C[Si](C)(C)C)c3cc21,c1ccc2c(c1)Cc1cc3cc4ccccc4cc3cc1-2,c1ccc2c(c1)Cc1cc3cc4ccccc4cc3cc1-2,True,False
Cc1cc(-c2ccc3c(c2)c2ccccc2n3-c2ccccc2)cc(C)c1-c1ccc2c(c1)c1ccccc1n2-c1ccccc1,c1ccc(-n2c3ccccc3c3cc(-c4ccc(-c5ccc6c(c5)c5ccccc5n6-c5ccccc5)cc4)ccc32)cc1,c1ccc(-n2c3ccccc3c3cc(-c4ccc(-c5ccc6c(c5)c5ccccc5n6-c5ccccc5)cc4)ccc32)cc1,True,False
COc1ccc2cc(-c3scc4c3OCCO4)ccc2c1,c1ccc2cc(-c3scc4c3OCCO4)ccc2c1,c1ccc2cc(-c3scc4c3OCCO4)ccc2c1,True,False
CCn1c2ccccc2c2cc(C=Nc3nc(C#N)c(N)nc3C#N)ccc21,C(=Nc1cnccn1)c1ccc2[nH]c3ccccc3c2c1,C(=Nc1cnccn1)c1ccc2[nH]c3ccccc3c2c1,True,False
Cn1c2ccc(-c3ccc(N(c4ccccc4)c4ccccc4)cc3)cc2c2cc(-c3ccc(C=C(C#N)C(=O)O)s3)ccc21,c1ccc(N(c2ccccc2)c2ccc(-c3ccc4[nH]c5ccc(-c6cccs6)cc5c4c3)cc2)cc1,c1ccc(N(c2ccccc2)c2ccc(-c3ccc4[nH]c5ccc(-c6cccs6)cc5c4c3)cc2)cc1,True,False
O=C(NCc1cn(Cc2c3ccccc3cc3ccccc23)nn1)c1cc(C(=O)c2ccccc2)n2ccc(-c3ccncc3)cc12,O=C(NCc1cn(Cc2c3ccccc3cc3ccccc23)nn1)c1cc(C(=O)c2ccccc2)n2ccc(-c3ccncc3)cc12,O=C(NCc1cn(Cc2c3ccccc3cc3ccccc23)nn1)c1cc(C(=O)c2ccccc2)n2ccc(-c3ccncc3)cc12,False,True
CSc1ccc(N=Nc2nc3ccc([N+](=O)[O-])cc3s2)cc1,c1ccc(N=Nc2nc3ccccc3s2)cc1,c1ccc(N=Nc2nc3ccccc3s2)cc1,False,True
CN1C(=CN=Nc2ccc(C=CC3=C(C#N)C(=C(C#N)C#N)OC3(C)C)cc2)Sc2ccccc21,C=C1C=C(C=Cc2ccc(N=NC=C3Nc4ccccc4S3)cc2)CO1,C=C1C=C(C=Cc2ccc(N=NC=C3Nc4ccccc4S3)cc2)CO1,True,False
COc1ccc(C#Cc2c(F)c(C#Cc3ccc(OC)cc3)c(C#Cc3ccc(OC)cc3)c(F)c2C#Cc2ccc(OC)cc2)cc1,C(#Cc1cc(C#Cc2ccccc2)c(C#Cc2ccccc2)cc1C#Cc1ccccc1)c1ccccc1,C(#Cc1cc(C#Cc2ccccc2)c(C#Cc2ccccc2)cc1C#Cc1ccccc1)c1ccccc1,False,True
COc1ccc(C=CC=Cc2ccc(C#N)cc2)cc1,C(C=Cc1ccccc1)=Cc1ccccc1,C(C=Cc1ccccc1)=Cc1ccccc1,True,False
CCCCOc1cc(-c2ccccc2)c(OC)cc1-c1ccccc1,c1ccc(-c2ccc(-c3ccccc3)cc2)cc1,c1ccc(-c2ccc(-c3ccccc3)cc2)cc1,False,True
COCCSc1cccc2c1C(=O)c1c(SCCOC)cccc1C2=O,O=C1c2ccccc2C(=O)c2ccccc21,O=C1c2ccccc2C(=O)c2ccccc21,True,False
CC(=O)c1ccccc1,c1ccccc1,c1ccccc1,False,True
CCN1C(=O)C(=Cc2ccc3c(c2)C(C)(C)c2cc(N(c4ccccc4)c4ccccc4)ccc2-3)SC1=S,O=C1NC(=S)SC1=Cc1ccc2c(c1)Cc1cc(N(c3ccccc3)c3ccccc3)ccc1-2,O=C1NC(=S)SC1=Cc1ccc2c(c1)Cc1cc(N(c3ccccc3)c3ccccc3)ccc1-2,True,False
COc1ccccc1C=NCCN=Cc1ccccc1OC,C(=NCCN=Cc1ccccc1)c1ccccc1,C(=NCCN=Cc1ccccc1)c1ccccc1,True,False
Cc1c(-c2nc3ccccc3s2)sc2ccsc12,c1ccc2sc(-c3cc4sccc4s3)nc2c1,c1ccc2sc(-c3cc4sccc4s3)nc2c1,True,False
COc1ccc(N=Nc2c(C)nc3c4c(-c5ccccc5)n(-c5ccccc5)nc4c(C)nn23)cc1,c1ccc(N=Nc2cnc3c4c(-c5ccccc5)n(-c5ccccc5)nc4cnn23)cc1,c1ccc(N=Nc2cnc3c4c(-c5ccccc5)n(-c5ccccc5)nc4cnn23)cc1,True,False
N#CC(=Cc1ccc(-c2ccc(-c3ccc4c5ccccc5n(-c5ccccc5)c4c3)c3nsnc23)s1)C(=O)O,c1ccc(-n2c3ccccc3c3ccc(-c4ccc(-c5cccs5)c5nsnc45)cc32)cc1,c1ccc(-n2c3ccccc3c3ccc(-c4ccc(-c5cccs5)c5nsnc45)cc32)cc1,True,False
Cc1cc(N=Nc2ccc([N+](=O)[O-])cc2)c(C)cc1O,c1ccc(N=Nc2ccccc2)cc1,c1ccc(N=Nc2ccccc2)cc1,False,True
COc1ccc(C#Cc2cc(C#Cc3ccc(OC)cc3)nc(C#Cc3ccc(OC)cc3)n2)cc1,C(#Cc1cc(C#Cc2ccccc2)nc(C#Cc2ccccc2)n1)c1ccccc1,C(#Cc1cc(C#Cc2ccccc2)nc(C#Cc2ccccc2)n1)c1ccccc1,False,True
c1ccc2scnc2c1,c1ccc2scnc2c1,c1ccc2scnc2c1,True,False
COc1cc(-c2oc3cc(O)cc(O)c3c(=O)c2O)ccc1O,O=c1cc(-c2ccccc2)oc2ccccc12,O=c1cc(-c2ccccc2)oc2ccccc12,True,False
CN1c2ccc3ccccc3c2C(C)(C)C12NC2=O,O=C1NC12Cc1c(ccc3ccccc13)N2,O=C1NC12Cc1c(ccc3ccccc13)N2,True,False
Oc1ccc(N=Nc2ccccc2)c2cccnc12,c1ccc(N=Nc2cccc3ncccc23)cc1,c1ccc(N=Nc2cccc3ncccc23)cc1,True,False
c1ccc2c(c1)c1cccnc1n2-c1ccc(-n2c3ccccc3c3cccnc32)s1,c1ccc2c(c1)c1cccnc1n2-c1ccc(-n2c3ccccc3c3cccnc32)s1,c1ccc2c(c1)c1cccnc1n2-c1ccc(-n2c3ccccc3c3cccnc32)s1,True,False
C#Cc1ccc2c(c1)C(=O)c1ccccc1-2,O=C1c2ccccc2-c2ccccc21,O=C1c2ccccc2-c2ccccc21,True,False
COC(=O)C=c1sc2n(c1=O)C(c1ccc(C)cc1)C1=C(N=2)C1=Cc1ccc(C)cc1,C=c1sc2n(c1=O)C(c1ccccc1)C1=C(N=2)C1=Cc1ccccc1,C=c1sc2n(c1=O)C(c1ccccc1)C1=C(N=2)C1=Cc1ccccc1,True,False
CC[C@H](C)NC(=O)c1cc2ccccc2cc1-c1cc2ccccc2cc1C(=O)OC,c1ccc2cc(-c3ccc4ccccc4c3)ccc2c1,c1ccc2cc(-c3ccc4ccccc4c3)ccc2c1,True,False
O=[N+]([O-])c1ccc([N+](=O)[O-])c(O)c1,c1ccccc1,c1ccccc1,False,True
O=c1c(O)c(-c2cc(O)c(O)c(O)c2)oc2cc(O)cc(O)c12,O=c1cc(-c2ccccc2)oc2ccccc12,O=c1cc(-c2ccccc2)oc2ccccc12,True,False
O=C1C=CC(=O)C(Nc2ccc(O)cc2)=C1,O=C1C=CC(=O)C(Nc2ccccc2)=C1,O=C1C=CC(=O)C(Nc2ccccc2)=C1,True,False
C=Cc1ccc(-c2nnc(-c3ccccc3)s2)cc1,c1ccc(-c2nnc(-c3ccccc3)s2)cc1,c1ccc(-c2nnc(-c3ccccc3)s2)cc1,True,False
COC(=O)c1c(C(=O)OC)c2cccnn2c1C(=O)c1ccc(Cl)cc1,O=C(c1ccccc1)c1ccc2cccnn12,O=C(c1ccccc1)c1ccc2cccnn12,True,False
CC1c2ccccc2-c2ccc(-c3ccc(-c4sc(-c5cccs5)c5ccccc45)s3)cc21,c1csc(-c2sc(-c3ccc(-c4ccc5c(c4)Cc4ccccc4-5)s3)c3ccccc23)c1,c1csc(-c2sc(-c3ccc(-c4ccc5c(c4)Cc4ccccc4-5)s3)c3ccccc23)c1,True,False
CCN(CC)c1nc(-c2sc(N(CC)CC)nc2N)c(N=Nc2nc3ccccc3s2)s1,c1ccc2sc(N=Nc3scnc3-c3cncs3)nc2c1,c1ccc2sc(N=Nc3scnc3-c3cncs3)nc2c1,True,False
c1ccc2c(c1)[nH]c1c(-c3ccc4nc(Nc5ccc6cc(-c7cccc8c7[nH]c7ccccc78)ccc6n5)ccc4c3)cccc12,c1ccc2c(c1)[nH]c1c(-c3ccc4nc(Nc5ccc6cc(-c7cccc8c7[nH]c7ccccc78)ccc6n5)ccc4c3)cccc12,c1ccc2c(c1)[nH]c1c(-c3ccc4nc(Nc5ccc6cc(-c7cccc8c7[nH]c7ccccc78)ccc6n5)ccc4c3)cccc12,True,False
C1=CN2c3cccc4cccc(c34)NC2c2cn[nH]c21,C1=CN2c3cccc4cccc(c34)NC2c2cn[nH]c21,C1=CN2c3cccc4cccc(c34)NC2c2cn[nH]c21,True,False
O=[N+]([O-])c1ccc2nc(N=Nc3ccccc3)sc2c1,c1ccc(N=Nc2nc3ccccc3s2)cc1,c1ccc(N=Nc2nc3ccccc3s2)cc1,False,True
O=Cc1ccc(O)c(O)c1O,c1ccccc1,c1ccccc1,False,True
CC(C)(C)Nc1c([N+](=O)[O-])c2ccccc2n1S(=O)(=O)c1ccccc1,O=S(=O)(c1ccccc1)n1ccc2ccccc21,O=S(=O)(c1ccccc1)n1ccc2ccccc21,False,True
c1ccc2c(-c3ccc(-c4ccc(-c5cccc6ccccc56)cc4)cc3)cccc2c1,c1ccc2c(-c3ccc(-c4ccc(-c5cccc6ccccc56)cc4)cc3)cccc2c1,c1ccc2c(-c3ccc(-c4ccc(-c5cccc6ccccc56)cc4)cc3)cccc2c1,True,False
CC1(C)OC(=O)C(=CC=C2C=C(c3ccccc3)OC(c3ccccc3)=C2)C(=O)O1,O=C1OCOC(=O)C1=CC=C1C=C(c2ccccc2)OC(c2ccccc2)=C1,O=C1OCOC(=O)C1=CC=C1C=C(c2ccccc2)OC(c2ccccc2)=C1,True,False
NCCNc1cccc2c1C(=O)c1ccccc1C2=O,O=C1c2ccccc2C(=O)c2ccccc21,O=C1c2ccccc2C(=O)c2ccccc21,True,False
Cc1ccc(C#Cc2c(F)c(C#Cc3ccc(C)cc3)c(C#Cc3ccc(C)cc3)c(C#Cc3ccc(C)cc3)c2F)cc1,C(#Cc1cc(C#Cc2ccccc2)c(C#Cc2ccccc2)c(C#Cc2ccccc2)c1)c1ccccc1,C(#Cc1cc(C#Cc2ccccc2)c(C#Cc2ccccc2)c(C#Cc2ccccc2)c1)c1ccccc1,True,False
O=S(=O)(C=Cc1ccc(-n2c3ccccc3c3ccccc32)cc1)C=Cc1ccc(-n2c3ccccc3c3ccccc32)cc1,O=S(=O)(C=Cc1ccc(-n2c3ccccc3c3ccccc32)cc1)C=Cc1ccc(-n2c3ccccc3c3ccccc32)cc1,O=S(=O)(C=Cc1ccc(-n2c3ccccc3c3ccccc32)cc1)C=Cc1ccc(-n2c3ccccc3c3ccccc32)cc1,True,False
CCNc1c(F)c(F)c2nc3c(F)c(F)c(F)c(F)c3nc2c1F,c1ccc2nc3ccccc3nc2c1,c1ccc2nc3ccccc3nc2c1,True,False
CN1C(=O)C(c2ccc3c4ccccc4n(C(=O)OC(C)(C)C)c3c2)=C(c2cn(C(=O)OC(C)(C)C)c3ccccc23)C1=O,O=C1NC(=O)C(c2c[nH]c3ccccc23)=C1c1ccc2c(c1)[nH]c1ccccc12,O=C1NC(=O)C(c2c[nH]c3ccccc23)=C1c1ccc2c(c1)[nH]c1ccccc12,True,False
c1ccc2c(c1)nc1ccc3ccncc3n12,c1ccc2c(c1)nc1ccc3ccncc3n12,c1ccc2c(c1)nc1ccc3ccncc3n12,True,False
COc1ccc(-c2ccc3c(c2)c2ccccc2n3Cn2c3ccccc3c3cc(-c4ccc(OC)nc4)ccc32)cn1,c1cncc(-c2ccc3c(c2)c2ccccc2n3Cn2c3ccccc3c3cc(-c4cccnc4)ccc32)c1,c1cncc(-c2ccc3c(c2)c2ccccc2n3Cn2c3ccccc3c3cc(-c4cccnc4)ccc32)c1,False,True
COc1cc(OC)c(C=NN=Cc2ccc([N+](=O)[O-])cc2)c(OC)c1,C(=NN=Cc1ccccc1)c1ccccc1,C(=NN=Cc1ccccc1)c1ccccc1,False,True
Oc1ccccc1C=NN=Cc1ccc2ccc3cccc4ccc1c2c34,C(=NN=Cc1ccc2ccc3cccc4ccc1c2c34)c1ccccc1,C(=NN=Cc1ccc2ccc3cccc4ccc1c2c34)c1ccccc1,True,False
CN1CC[C@]23c4c5ccc(O)c4O[C@H]2[C@@H](O)C=C[C@H]3[C@H]1C5,C1=C[C@H]2[C@H]3Cc4cccc5c4[C@@]2(CCN3)[C@H](C1)O5,C1=C[C@H]2[C@H]3Cc4cccc5c4[C@@]2(CCN3)[C@H](C1)O5,True,False
CCCn1c2cc(-c3ccc(C)c4nsnc34)ccc2c2sc(C)cc21,c1cc(-c2ccc3c(c2)[nH]c2ccsc23)c2nsnc2c1,c1cc(-c2ccc3c(c2)[nH]c2ccsc23)c2nsnc2c1,True,False
CC1(C)c2ccccc2-c2ccc(-n3c(-c4ccccc4)c(-c4ccc(-c5ccc(C=C(C#N)C(=O)O)s5)s4)c4ccccc43)cc21,c1ccc(-c2c(-c3ccc(-c4cccs4)s3)c3ccccc3n2-c2ccc3c(c2)Cc2ccccc2-3)cc1,c1ccc(-c2c(-c3ccc(-c4cccs4)s3)c3ccccc3n2-c2ccc3c(c2)Cc2ccccc2-3)cc1,False,True
Cc1ccc(-c2cnc(-c3ccc(-c4nc5ccccc5s4)cc3)s2)cc1,c1ccc(-c2cnc(-c3ccc(-c4nc5ccccc5s4)cc3)s2)cc1,c1ccc(-c2cnc(-c3ccc(-c4nc5ccccc5s4)cc3)s2)cc1,True,False
CCN1c2ccc(C(F)(F)F)cc2C(C)(C)C12CCc1cc([N+](=O)[O-])ccc1O2,c1ccc2c(c1)CC1(CCc3ccccc3O1)N2,c1ccc2c(c1)CC1(CCc3ccccc3O1)N2,True,False
N[C@@H](Cc1ccc(O)c(O)c1)C(=O)O,c1ccccc1,c1ccccc1,False,True
c1nnc(-c2nnco2)o1,c1nnc(-c2nnco2)o1,c1nnc(-c2nnco2)o1,True,False
COC(=O)C=c1sc2n(c1=O)C(c1cccc([N+](=O)[O-])c1)C1=C(N=2)C1=Cc1cccc([N+](=O)[O-])c1,C=c1sc2n(c1=O)C(c1ccccc1)C1=C(N=2)C1=Cc1ccccc1,C=c1sc2n(c1=O)C(c1ccccc1)C1=C(N=2)C1=Cc1ccccc1,True,False
Cc1ccc(C(=O)CC(=O)c2ccc(Cl)cc2)cc1,O=C(CC(=O)c1ccccc1)c1ccccc1,O=C(CC(=O)c1ccccc1)c1ccccc1,True,False
O=c1oc2cc(C=Cc3ccccc3)ccc2cc1-c1ccccc1,O=c1oc2cc(C=Cc3ccccc3)ccc2cc1-c1ccccc1,O=c1oc2cc(C=Cc3ccccc3)ccc2cc1-c1ccccc1,True,False
CN(c1ccccc1)c1ccc(-c2cc3ccc4cc(-c5ccc(N(C)c6ccccc6)cc5)nc5c6ccccc6c(n2)c3c45)cc1,c1ccc(Nc2ccc(-c3cc4ccc5cc(-c6ccc(Nc7ccccc7)cc6)nc6c7ccccc7c(n3)c4c56)cc2)cc1,c1ccc(Nc2ccc(-c3cc4ccc5cc(-c6ccc(Nc7ccccc7)cc6)nc6c7ccccc7c(n3)c4c56)cc2)cc1,True,False
CN(CCc1ccccc1)c1ccc(C(C#N)=C(C#N)C#N)cc1,c1ccc(CCNc2ccccc2)cc1,c1ccc(CCNc2ccccc2)cc1,True,False
CCN(CC)c1ccc(Nc2c(F)c(F)c3nc4c(F)c(F)c(F)c(F)c4nc3c2F)cc1,c1ccc(Nc2ccc3nc4ccccc4nc3c2)cc1,c1ccc(Nc2ccc3nc4ccccc4nc3c2)cc1,True,False
CN(C)c1ccc(C=CC=CC=C(C#N)C(=O)NCCO)cc1,c1ccccc1,c1ccccc1,False,True
COc1ccc(-c2cn3nc(-c4ccccc4)cc3c(=O)[nH]2)cc1,O=c1[nH]c(-c2ccccc2)cn2nc(-c3ccccc3)cc12,O=c1[nH]c(-c2ccccc2)cn2nc(-c3ccccc3)cc12,False,True
CN(C)c1ccc(-c2nc(C=Cc3ccc([N+](=O)[O-])cc3)[nH]c2-c2ccc(N(C)C)cc2)cc1,C(=Cc1nc(-c2ccccc2)c(-c2ccccc2)[nH]1)c1ccccc1,C(=Cc1nc(-c2ccccc2)c(-c2ccccc2)[nH]1)c1ccccc1,True,False
COc1ccc(C=Cc2ccccc2)cc1,C(=Cc1ccccc1)c1ccccc1,C(=Cc1ccccc1)c1ccccc1,False,True
Clc1nc(Nc2ccccc2)nc(Nc2ccc3c4cccc5cccc(c6cccc2c63)c54)n1,c1ccc(Nc2ncnc(Nc3ccc4c5cccc6cccc(c7cccc3c74)c65)n2)cc1,c1ccc(Nc2ncnc(Nc3ccc4c5cccc6cccc(c7cccc3c74)c65)n2)cc1,True,False
C(#Cc1ccc(C#Cc2ccccc2)cc1)c1ccccc1,C(#Cc1ccc(C#Cc2ccccc2)cc1)c1ccccc1,C(#Cc1ccc(C#Cc2ccccc2)cc1)c1ccccc1,True,False
O=C1c2c(ccc[n+]2[O-])-c2ccc[n+]([O-])c21,O=C1c2[nH+]cccc2-c2ccc[nH+]c21,O=C1c2[nH+]cccc2-c2ccc[nH+]c21,True,False
CN=C1SCC(=O)N1Cc1c2ccccc2nc2ccccc12,N=C1SCC(=O)N1Cc1c2ccccc2nc2ccccc12,N=C1SCC(=O)N1Cc1c2ccccc2nc2ccccc12,True,False
c1ccc2c(c1)Cc1cc(-c3nc4c5cccnc5c5ncccc5c4[nH]3)ccc1-2,c1ccc2c(c1)Cc1cc(-c3nc4c5cccnc5c5ncccc5c4[nH]3)ccc1-2,c1ccc2c(c1)Cc1cc(-c3nc4c5cccnc5c5ncccc5c4[nH]3)ccc1-2,True,False
Cc1ccc(C)c(O)c1O,c1ccccc1,c1ccccc1,False,True
O=[N+]([O-])c1cc2c(c([N+](=O)[O-])c1)-c1c(cc([N+](=O)[O-])cc1[N+](=O)[O-])C2=CC=CC=C1C=C(c2ccccc2)OC(c2ccccc2)=C1,C(=CC=C1c2ccccc2-c2ccccc21)C=C1C=C(c2ccccc2)OC(c2ccccc2)=C1,C(=CC=C1c2ccccc2-c2ccccc21)C=C1C=C(c2ccccc2)OC(c2ccccc2)=C1,True,False
COc1ccc(C(=O)N(C)c2ccccc2)cc1,O=C(Nc1ccccc1)c1ccccc1,O=C(Nc1ccccc1)c1ccccc1,True,False
NCc1ccc(-c2ncc(-c3ccccc3)o2)cc1,c1ccc(-c2cnc(-c3ccccc3)o2)cc1,c1ccc(-c2cnc(-c3ccccc3)o2)cc1,True,False
Cc1ccc(N=Nc2sc(N)nc2-c2ccc(NC(=O)c3ccccc3)cc2)cc1,O=C(Nc1ccc(-c2ncsc2N=Nc2ccccc2)cc1)c1ccccc1,O=C(Nc1ccc(-c2ncsc2N=Nc2ccccc2)cc1)c1ccccc1,True,False
N#CC(=Cc1ccc(C=Cc2ccc(N(c3ccccc3)c3cccc4ccccc34)cc2)cc1)C(=O)O,C(=Cc1ccc(N(c2ccccc2)c2cccc3ccccc23)cc1)c1ccccc1,C(=Cc1ccc(N(c2ccccc2)c2cccc3ccccc23)cc1)c1ccccc1,True,False
CC(=O)Nc1cc(N(CCOC(C)=O)CCOC(C)=O)ccc1N=Nc1ccc([N+](=O)[O-])cc1Cl,c1ccc(N=Nc2ccccc2)cc1,c1ccc(N=Nc2ccccc2)cc1,False,True
O=C1C(Cl)=CC(=Nc2ccc(O)cc2)C=C1Cl,O=C1C=CC(=Nc2ccccc2)C=C1,O=C1C=CC(=Nc2ccccc2)C=C1,True,False
COc1ccc2cc(C(=O)CC(=O)c3ccc(C(C)(C)C)cc3)ccc2c1,O=C(CC(=O)c1ccc2ccccc2c1)c1ccccc1,O=C(CC(=O)c1ccc2ccccc2c1)c1ccccc1,True,False
Cc1ccc(N2c3ccc(-c4ccc(C=C(C#N)C(=O)O)s4)cc3Sc3cc(-c4ccc(C=C(C#N)C(=O)O)s4)ccc32)cc1,c1ccc(N2c3ccc(-c4cccs4)cc3Sc3cc(-c4cccs4)ccc32)cc1,c1ccc(N2c3ccc(-c4cccs4)cc3Sc3cc(-c4cccs4)ccc32)cc1,False,True
C#Cc1ccc2cc(C=CC(=O)OCC)c(=O)oc2c1,O=c1ccc2ccccc2o1,O=c1ccc2ccccc2o1,False,True
Cc1ccc(-n2cccc2)cc1,c1ccc(-n2cccc2)cc1,c1ccc(-n2cccc2)cc1,True,False
Clc1ccc2c(c1)c1ccccc1n2-c1ccccc1,c1ccc(-n2c3ccccc3c3ccccc32)cc1,c1ccc(-n2c3ccccc3c3ccccc32)cc1,True,False
Cc1ccc(C(N=Nc2ccc(Cl)cc2)=NNc2ccccc2)cc1,c1ccc(N=NC(=NNc2ccccc2)c2ccccc2)cc1,c1ccc(N=NC(=NNc2ccccc2)c2ccccc2)cc1,True,False
COc1cc(C=Cc2nc3ccccc3o2)c(OC)cc1C=Cc1nc(C)nc(C=Cc2cc(OC)c(C=Cc3nc4ccccc4o3)cc2OC)n1,C(=Cc1ncnc(C=Cc2ccc(C=Cc3nc4ccccc4o3)cc2)n1)c1ccc(C=Cc2nc3ccccc3o2)cc1,C(=Cc1ncnc(C=Cc2ccc(C=Cc3nc4ccccc4o3)cc2)n1)c1ccc(C=Cc2nc3ccccc3o2)cc1,False,True
CC(C)(C)c1cc(-n2c3ccc(-c4cccs4)cc3c3cc(-c4cccs4)ccc32)cc(C(C)(C)C)c1,c1ccc(-n2c3ccc(-c4cccs4)cc3c3cc(-c4cccs4)ccc32)cc1,c1ccc(-n2c3ccc(-c4cccs4)cc3c3cc(-c4cccs4)ccc32)cc1,True,False
O=C(CC(=O)c1ccc(F)cc1)c1ccncc1,O=C(CC(=O)c1ccncc1)c1ccccc1,O=C(CC(=O)c1ccncc1)c1ccccc1,True,False
COC1OC(=O)C(Br)=C1Nc1ccccc1,O=C1C=C(Nc2ccccc2)CO1,O=C1C=C(Nc2ccccc2)CO1,True,False
CC(C)c1ccc(C(=O)O)cc1O,c1ccccc1,c1ccccc1,False,True
COc1cc(N(C)c2cc(=O)[nH]c(-c3ccccc3)n2)cc(OC)c1OC,O=c1cc(Nc2ccccc2)nc(-c2ccccc2)[nH]1,O=c1cc(Nc2ccccc2)nc(-c2ccccc2)[nH]1,True,False
CCOc1cccc(-c2nc3c(c4c2-c2ccccc2CC4)-c2ccccc2CC3)c1O,c1ccc(-c2nc3c(c4c2-c2ccccc2CC4)-c2ccccc2CC3)cc1,c1ccc(-c2nc3c(c4c2-c2ccccc2CC4)-c2ccccc2CC3)cc1,True,False
CCN1C(=CC2=C([O-])C(=CC3=[N+](CC)c4ccccc4C3(C)C)C2=O)C(C)(C)c2c1ccc1ccccc21,O=C1C(C=C2Cc3c(ccc4ccccc34)N2)=CC1=CC1=[NH+]c2ccccc2C1,O=C1C(C=C2Cc3c(ccc4ccccc34)N2)=CC1=CC1=[NH+]c2ccccc2C1,True,False
CN1C(=O)c2cccc3c2c(cc2nnsc23)C1=O,O=C1NC(=O)c2cc3nnsc3c3cccc1c23,O=C1NC(=O)c2cc3nnsc3c3cccc1c23,False,True
C(=Cc1ccc(-n2c3ccccc3c3ccccc32)cc1)SC=Cc1ccc(-n2c3ccccc3c3ccccc32)cc1,C(=Cc1ccc(-n2c3ccccc3c3ccccc32)cc1)SC=Cc1ccc(-n2c3ccccc3c3ccccc32)cc1,C(=Cc1ccc(-n2c3ccccc3c3ccccc32)cc1)SC=Cc1ccc(-n2c3ccccc3c3ccccc32)cc1,True,False
c1ccc(-c2nc3c4cccc5ccc6cccc(c6c54)c3n2-c2ccccc2)cc1,c1ccc(-c2nc3c4cccc5ccc6cccc(c6c54)c3n2-c2ccccc2)cc1,c1ccc(-c2nc3c4cccc5ccc6cccc(c6c54)c3n2-c2ccccc2)cc1,True,False
CC(=CC(=O)Nc1ccc2oc(=O)ccc2c1)Nc1ccc2oc(=O)ccc2c1,O=C(C=CNc1ccc2oc(=O)ccc2c1)Nc1ccc2oc(=O)ccc2c1,O=C(C=CNc1ccc2oc(=O)ccc2c1)Nc1ccc2oc(=O)ccc2c1,True,False
COc1ccc(-c2ccc3cc4cc(OC)ccc4nc3n2)cc1,c1ccc(-c2ccc3cc4ccccc4nc3n2)cc1,c1ccc(-c2ccc3cc4ccccc4nc3n2)cc1,True,False
CC1c2cc(-c3ccc(N(c4ccccc4)c4ccccc4)cc3)ccc2-c2cc3nc4c5cccc6ccc7cccc(c4nc3cc21)c7c65,c1ccc(N(c2ccccc2)c2ccc(-c3ccc4c(c3)Cc3cc5nc6c7cccc8ccc9cccc(c6nc5cc3-4)c9c87)cc2)cc1,c1ccc(N(c2ccccc2)c2ccc(-c3ccc4c(c3)Cc3cc5nc6c7cccc8ccc9cccc(c6nc5cc3-4)c9c87)cc2)cc1,True,False
Cn1c(-c2c3ccccc3cc3ccccc23)nc2c3cccnc3c3ncccc3c21,c1ccc2c(-c3nc4c5cccnc5c5ncccc5c4[nH]3)c3ccccc3cc2c1,c1ccc2c(-c3nc4c5cccnc5c5ncccc5c4[nH]3)c3ccccc3cc2c1,True,False
CCOc1cc(C(=O)OC)c2cccnn12,c1cnn2cccc2c1,c1cnn2cccc2c1,True,False
CC(C)(C)n1nc(Cc2cccc(O)c2)c2c(N)ncnc21,c1ccc(Cc2n[nH]c3ncncc23)cc1,c1ccc(Cc2n[nH]c3ncncc23)cc1,True,False
CN(C)c1cccc2c(C#Cc3cc(C#Cc4cccc5c(N(C)C)cccc45)cc(C#Cc4cccc5c(N(C)C)cccc45)c3)cccc12,C(#Cc1cccc2ccccc12)c1cc(C#Cc2cccc3ccccc23)cc(C#Cc2cccc3ccccc23)c1,C(#Cc1cccc2ccccc12)c1cc(C#Cc2cccc3ccccc23)cc(C#Cc2cccc3ccccc23)c1,True,False
CC(C)(C)c1cccc2c3ccccc3n(-c3ccc4c(-c5ccccc5)c5ccccc5c(-c5ccccc5)c4c3)c12,c1ccc(-c2c3ccccc3c(-c3ccccc3)c3cc(-n4c5ccccc5c5ccccc54)ccc23)cc1,c1ccc(-c2c3ccccc3c(-c3ccccc3)c3cc(-n4c5ccccc5c5ccccc54)ccc23)cc1,True,False
CC(C)CN1C(=O)c2cccc3c(NCCN)ccc(c23)C1=O,O=C1NC(=O)c2cccc3cccc1c23,O=C1NC(=O)c2cccc3cccc1c23,True,False
O=[N+]([O-])c1cc([N+](=O)[O-])c(O)c([N+](=O)[O-])c1,c1ccccc1,c1ccccc1,False,True
Cc1ccc(N=Cc2ccc[nH]2)c(O)c1,C(=Nc1ccccc1)c1ccc[nH]1,C(=Nc1ccccc1)c1ccc[nH]1,True,False
Cc1cc(N)no1,c1cnoc1,c1cnoc1,True,False
c1ccc(-c2ccc(-c3ccncn3)s2)cc1,c1ccc(-c2ccc(-c3ccncn3)s2)cc1,c1ccc(-c2ccc(-c3ccncn3)s2)cc1,True,False
O=[N+]([O-])c1ccc(N=Nc2ccc(O)c3ncccc23)cc1,c1ccc(N=Nc2cccc3ncccc23)cc1,c1ccc(N=Nc2cccc3ncccc23)cc1,True,False
Cc1c(N=Nc2nc(-c3cc4ccccc4oc3=O)cs2)c2ccccc2n1C,O=c1oc2ccccc2cc1-c1csc(N=Nc2c[nH]c3ccccc23)n1,O=c1oc2ccccc2cc1-c1csc(N=Nc2c[nH]c3ccccc23)n1,True,False
CSC1=C(C=Cc2ccc(N(C)CCO)cc2)CC(C)(C)CC1=CC=CC1=C(C#N)C(=C(C#N)C#N)OC1(C)C,C=C1C=C(C=CC=C2C=C(C=Cc3ccccc3)CCC2)CO1,C=C1C=C(C=CC=C2C=C(C=Cc3ccccc3)CCC2)CO1,True,False
CC1=NC(=Cc2ccc(Br)cc2)C(=O)N1C,O=C1NC=NC1=Cc1ccccc1,O=C1NC=NC1=Cc1ccccc1,True,False
O=[N+]([O-])c1ccc(C=c2c(O)c3ccccc3c3c2=Nc2ccccc2N3)cc1,C(c1ccccc1)=c1cc2ccccc2c2c1=Nc1ccccc1N2,C(c1ccccc1)=c1cc2ccccc2c2c1=Nc1ccccc1N2,True,False
O=C1C=C(Nc2ccc(N3CCOCC3)cc2)C(=O)C=C1Nc1ccc(N2CCOCC2)cc1,O=C1C=C(Nc2ccc(N3CCOCC3)cc2)C(=O)C=C1Nc1ccc(N2CCOCC2)cc1,O=C1C=C(Nc2ccc(N3CCOCC3)cc2)C(=O)C=C1Nc1ccc(N2CCOCC2)cc1,False,True
Cc1nc(Cl)c2cc(-c3nnc(-c4cc(-c5ccccc5)nn4Cc4ccccc4)o3)ccn12,c1ccc(Cn2nc(-c3ccccc3)cc2-c2nnc(-c3ccn4cncc4c3)o2)cc1,c1ccc(Cn2nc(-c3ccccc3)cc2-c2nnc(-c3ccn4cncc4c3)o2)cc1,True,False
COc1ccc(-c2nc3ccccn3c2CO)cc1OC,c1ccc(-c2cn3ccccc3n2)cc1,c1ccc(-c2cn3ccccc3n2)cc1,True,False
CN(C)c1nc(-c2ccccc2)c(-c2c(O)c(=O)c2=O)s1,O=c1cc(-c2scnc2-c2ccccc2)c1=O,O=c1cc(-c2scnc2-c2ccccc2)c1=O,True,False
CCN(N)CCN(CCN(N)CC)c1ccc([N+](=O)[O-])c2nonc12,c1ccc2nonc2c1,c1ccc2nonc2c1,True,False
C(=Cc1cc(-c2ccccn2)nc(-c2ccccn2)n1)c1ccc(C=C2C=C(c3ccccc3)OC(c3ccccc3)=C2)cc1,C(=Cc1cc(-c2ccccn2)nc(-c2ccccn2)n1)c1ccc(C=C2C=C(c3ccccc3)OC(c3ccccc3)=C2)cc1,C(=Cc1cc(-c2ccccn2)nc(-c2ccccn2)n1)c1ccc(C=C2C=C(c3ccccc3)OC(c3ccccc3)=C2)cc1,True,False
c1ccc(N(c2ccccc2)c2ccc(-c3ccc(-c4ccc(-c5cccs5)c5nsnc45)s3)cc2)cc1,c1ccc(N(c2ccccc2)c2ccc(-c3ccc(-c4ccc(-c5cccs5)c5nsnc45)s3)cc2)cc1,c1ccc(N(c2ccccc2)c2ccc(-c3ccc(-c4ccc(-c5cccs5)c5nsnc45)s3)cc2)cc1,True,False
Nc1nc2c(N=Nc3nc4ccccc4s3)c(N)nn2c(N)c1N=Nc1nccs1,c1ccc2sc(N=Nc3cnn4cc(N=Nc5nccs5)cnc34)nc2c1,c1ccc2sc(N=Nc3cnn4cc(N=Nc5nccs5)cnc34)nc2c1,False,True
CC1(C)CC(C=Cc2ccc(N(c3ccccc3)c3ccccc3)cc2)=CC(=C(C#N)C#N)C1,C=C1C=C(C=Cc2ccc(N(c3ccccc3)c3ccccc3)cc2)CCC1,C=C1C=C(C=Cc2ccc(N(c3ccccc3)c3ccccc3)cc2)CCC1,True,False
c1ccc2sc(-c3sc(-c4cc5ccccc5s4)c4c3OCCO4)cc2c1,c1ccc2sc(-c3sc(-c4cc5ccccc5s4)c4c3OCCO4)cc2c1,c1ccc2sc(-c3sc(-c4cc5ccccc5s4)c4c3OCCO4)cc2c1,True,False
Cc1c(C(N)=O)c(=O)oc2cc3c(cc12)nc(Nc1cccc(Br)c1)n3CCOc1ccccc1,O=c1ccc2cc3nc(Nc4ccccc4)n(CCOc4ccccc4)c3cc2o1,O=c1ccc2cc3nc(Nc4ccccc4)n(CCOc4ccccc4)c3cc2o1,False,True
CCN(CC)c1ccc(C=C(C#N)c2nc3ccc(C(=O)O)cc3[nH]2)cc1,C(=Cc1nc2ccccc2[nH]1)c1ccccc1,C(=Cc1nc2ccccc2[nH]1)c1ccccc1,True,False
C1=CC(c2ccc(C=Cc3ccc(-c4ccnc(-c5cccc(-c6ccccc6)n5)c4)cc3)cc2)C2=Nc3ccccc3C2=C1,C1=CC(c2ccc(C=Cc3ccc(-c4ccnc(-c5cccc(-c6ccccc6)n5)c4)cc3)cc2)C2=Nc3ccccc3C2=C1,C1=CC(c2ccc(C=Cc3ccc(-c4ccnc(-c5cccc(-c6ccccc6)n5)c4)cc3)cc2)C2=Nc3ccccc3C2=C1,True,False
Cc1cc(C)c(N=C2N=C3C=CC=CN3C2=Nc2c(C)cc(C)cc2C)c(C)c1,C1=CC2=NC(=Nc3ccccc3)C(=Nc3ccccc3)N2C=C1,C1=CC2=NC(=Nc3ccccc3)C(=Nc3ccccc3)N2C=C1,True,False
CC(C)(C)c1cc(C=C2C(=O)c3ccccc3C2=O)cc(C(C)(C)C)c1O,O=C1C(=Cc2ccccc2)C(=O)c2ccccc21,O=C1C(=Cc2ccccc2)C(=O)c2ccccc21,True,False
CN(C)c1ccc(C=c2oc(=Cc3ccc4ccccc4c3)c3ccccc23)cc1,C(c1ccccc1)=c1oc(=Cc2ccc3ccccc3c2)c2ccccc12,C(c1ccccc1)=c1oc(=Cc2ccc3ccccc3c2)c2ccccc12,True,False
CCN(CC)Cc1ccc2cccnc2c1OC,c1ccc2ncccc2c1,c1ccc2ncccc2c1,False,True
Cn1ncc2c3c(-c4ccc([N+](=O)[O-])cc4)onc3ccc21,c1ccc(-c2onc3ccc4[nH]ncc4c23)cc1,c1ccc(-c2onc3ccc4[nH]ncc4c23)cc1,True,False
c1ccc(N(c2ccccc2)c2ccc(-c3sc(-c4cccs4)c4ccccc34)cc2)cc1,c1ccc(N(c2ccccc2)c2ccc(-c3sc(-c4cccs4)c4ccccc34)cc2)cc1,c1ccc(N(c2ccccc2)c2ccc(-c3sc(-c4cccs4)c4ccccc34)cc2)cc1,True,False
N#Cc1c(N)nc(N)c(C#N)c1-c1ccccc1,c1ccc(-c2ccncc2)cc1,c1ccc(-c2ccncc2)cc1,True,False
COc1cc(OC)c(C=C2C(=O)Nc3ccccc32)c(OC)c1,O=C1Nc2ccccc2C1=Cc1ccccc1,O=C1Nc2ccccc2C1=Cc1ccccc1,True,False
CC(=NNC(=Cc1ccc2ccccc2n1)C(C)(C)C)c1ccc(Br)cc1,C(=Cc1ccc2ccccc2n1)NN=Cc1ccccc1,C(=Cc1ccc2ccccc2n1)NN=Cc1ccccc1,True,False
O=C(Nc1ccccc1)c1ccccc1,O=C(Nc1ccccc1)c1ccccc1,O=C(Nc1ccccc1)c1ccccc1,True,False
CCOC(=O)C1=C(c2ccccc2)N(C)C(=O)C1=Cc1cccs1,O=C1NC(c2ccccc2)=CC1=Cc1cccs1,O=C1NC(c2ccccc2)=CC1=Cc1cccs1,True,False
C(=Cc1ccc(-c2cnc3c(ccc4cccnc43)c2)s1)c1cccs1,C(=Cc1ccc(-c2cnc3c(ccc4cccnc43)c2)s1)c1cccs1,C(=Cc1ccc(-c2cnc3c(ccc4cccnc43)c2)s1)c1cccs1,False,True
COc1ccc(C#Cc2c(F)c(C#Cc3ccc(OC)cc3)c(C#Cc3ccc(OC)cc3)c(C#Cc3ccc(OC)cc3)c2F)cc1,C(#Cc1cc(C#Cc2ccccc2)c(C#Cc2ccccc2)c(C#Cc2ccccc2)c1)c1ccccc1,C(#Cc1cc(C#Cc2ccccc2)c(C#Cc2ccccc2)c(C#Cc2ccccc2)c1)c1ccccc1,True,False
c1ccc(N(Cc2ccccc2CN(c2ccccn2)c2ccccn2)c2ccccn2)nc1,c1ccc(N(Cc2ccccc2CN(c2ccccn2)c2ccccn2)c2ccccn2)nc1,c1ccc(N(Cc2ccccc2CN(c2ccccn2)c2ccccn2)c2ccccn2)nc1,True,False
Cc1nc(Cl)c2cc(-c3nnc(-c4ccc(Cl)cc4Cl)o3)ccn12,c1ccc(-c2nnc(-c3ccn4cncc4c3)o2)cc1,c1ccc(-c2nnc(-c3ccn4cncc4c3)o2)cc1,True,False
O=C(O)c1cccc(O)c1O,c1ccccc1,c1ccccc1,False,True
N#CC(=Cc1cc(-c2ccc(C=C(C#N)c3ccc(-c4ccccc4)cc3)cc2)cs1)c1ccccc1,C(=Cc1cc(-c2ccc(C=Cc3ccc(-c4ccccc4)cc3)cc2)cs1)c1ccccc1,C(=Cc1cc(-c2ccc(C=Cc3ccc(-c4ccccc4)cc3)cc2)cs1)c1ccccc1,True,False
FC(F)(F)c1ccc(C2(c3ccccc3)C=Cc3c(ccc4ccccc34)O2)cc1,C1=CC(c2ccccc2)(c2ccccc2)Oc2ccc3ccccc3c21,C1=CC(c2ccccc2)(c2ccccc2)Oc2ccc3ccccc3c21,False,True
Cc1cccc(OCc2nnc(-c3ccn4c(C)nc(Cl)c4c3)o2)c1,c1ccc(OCc2nnc(-c3ccn4cncc4c3)o2)cc1,c1ccc(OCc2nnc(-c3ccn4cncc4c3)o2)cc1,True,False
c1ccc(N=Nc2nc3ccccc3s2)cc1,c1ccc(N=Nc2nc3ccccc3s2)cc1,c1ccc(N=Nc2nc3ccccc3s2)cc1,False,True
O=[N+]([O-])c1cc2c(c([N+](=O)[O-])c1)-c1c(cc([N+](=O)[O-])cc1[N+](=O)[O-])C2=CC=c1c2cccc3cccc(c32)n1Cc1ccccc1,C(C=c1c2cccc3cccc(c32)n1Cc1ccccc1)=C1c2ccccc2-c2ccccc21,C(C=c1c2cccc3cccc(c32)n1Cc1ccccc1)=C1c2ccccc2-c2ccccc21,True,False
CC1(C)c2cc(-c3ccc4ccccc4c3)cc(-c3ccc4ccccc4c3)c2N2CC(=O)NC21C,O=C1CN2c3c(cc(-c4ccc5ccccc5c4)cc3-c3ccc4ccccc4c3)CC2N1,O=C1CN2c3c(cc(-c4ccc5ccccc5c4)cc3-c3ccc4ccccc4c3)CC2N1,True,False
CCOC(=O)C=Cc1cc2ccc(O)cc2oc1=O,O=c1ccc2ccccc2o1,O=c1ccc2ccccc2o1,False,True
COc1cc(-c2cccc(C#N)c2)c(OC)cc1-c1cccc(C#N)c1,c1ccc(-c2ccc(-c3ccccc3)cc2)cc1,c1ccc(-c2ccc(-c3ccccc3)cc2)cc1,False,True
COc1cccc(-c2ccc(-c3cccc(OC)c3)c3[nH]c(-c4ccc(C=C(C#N)C(=O)O)cc4)nc23)c1,c1ccc(-c2nc3c(-c4ccccc4)ccc(-c4ccccc4)c3[nH]2)cc1,c1ccc(-c2nc3c(-c4ccccc4)ccc(-c4ccccc4)c3[nH]2)cc1,True,False
Cc1ccc2cc3c4ccc(-c5ccc(C=C(C#N)C(=O)O)s5)cc4c4ccccc4n3c2c1,c1csc(-c2ccc3c(c2)c2ccccc2n2c4ccccc4cc32)c1,c1csc(-c2ccc3c(c2)c2ccccc2n2c4ccccc4cc32)c1,True,False
O=Cc1c(O)c2ccccc2n(-c2ccccc2)c1=O,O=c1ccc2ccccc2n1-c1ccccc1,O=c1ccc2ccccc2n1-c1ccccc1,False,True
N#Cc1c2c3c(oc(=O)c2c(=N)n2[nH]c(-c4ccccc4)cc12)-c1ccccc1SC3,N=c1c2c(=O)oc3c(c2cc2cc(-c4ccccc4)[nH]n12)CSc1ccccc1-3,N=c1c2c(=O)oc3c(c2cc2cc(-c4ccccc4)[nH]n12)CSc1ccccc1-3,False,True
CC1(C)CC(=O)C(=C(O)C=Cc2ccc(N(c3ccc(-c4ccccc4)cc3)c3ccc(-c4ccccc4)cc3)cc2)C(=O)C1,O=C1CCCC(=O)C1=CC=Cc1ccc(N(c2ccc(-c3ccccc3)cc2)c2ccc(-c3ccccc3)cc2)cc1,O=C1CCCC(=O)C1=CC=Cc1ccc(N(c2ccc(-c3ccccc3)cc2)c2ccc(-c3ccccc3)cc2)cc1,True,False
Cc1cc2c(C(=O)c3ccccc3C(=O)O)c3c(n2cc1C)C(=O)c1ccccc1C3=O,O=C1c2ccccc2C(=O)c2c1c(C(=O)c1ccccc1)c1ccccn21,O=C1c2ccccc2C(=O)c2c1c(C(=O)c1ccccc1)c1ccccn21,False,True
Cc1cc(-c2nc3ccccc3n2Cc2ccccc2)c(O)c(C(c2ccccc2)c2ccccc2)c1,c1ccc(Cn2c(-c3cccc(C(c4ccccc4)c4ccccc4)c3)nc3ccccc32)cc1,c1ccc(Cn2c(-c3cccc(C(c4ccccc4)c4ccccc4)c3)nc3ccccc32)cc1,True,False
Fc1ccccc1Nc1nnc(-c2cnccn2)s1,c1ccc(Nc2nnc(-c3cnccn3)s2)cc1,c1ccc(Nc2nnc(-c3cnccn3)s2)cc1,False,True
c1ccc(N(c2cc(-n3c4ccccc4c4ccccc43)cc(-n3c4ccccc4c4ccccc43)c2)c2ccccn2)nc1,c1ccc(N(c2cc(-n3c4ccccc4c4ccccc43)cc(-n3c4ccccc4c4ccccc43)c2)c2ccccn2)nc1,c1ccc(N(c2cc(-n3c4ccccc4c4ccccc43)cc(-n3c4ccccc4c4ccccc43)c2)c2ccccn2)nc1,True,False
COc1ccc2cc3c(=O)nc(-c4ccccc4)nc-3n(C)c2c1,O=c1nc(-c2ccccc2)nc2[nH]c3ccccc3cc1-2,O=c1nc(-c2ccccc2)nc2[nH]c3ccccc3cc1-2,True,False
c1ccc2c(c1)sc1sccc12,c1ccc2c(c1)sc1sccc12,c1ccc2c(c1)sc1sccc12,True,False
CCN(CC)c1ccc(C=Nc2nc(C#N)c(N=Cc3ccc(N(CC)CC)cc3)nc2C#N)cc1,C(=Nc1cnc(N=Cc2ccccc2)cn1)c1ccccc1,C(=Nc1cnc(N=Cc2ccccc2)cn1)c1ccccc1,True,False
CCN(CC)c1ccc(N=Nc2nc3ccccc3s2)cc1,c1ccc(N=Nc2nc3ccccc3s2)cc1,c1ccc(N=Nc2nc3ccccc3s2)cc1,False,True
CC(=O)SCc1ccc(I)cc1,c1ccccc1,c1ccccc1,False,True
Cn1c(-c2ccc(C#Cc3ccccc3)cc2)nc(C#N)c1C#N,C(#Cc1ccc(-c2ncc[nH]2)cc1)c1ccccc1,C(#Cc1ccc(-c2ncc[nH]2)cc1)c1ccccc1,True,False
CCCCn1c2ccc(-c3cccs3)cc2c2cc(-c3cccs3)ccc21,c1csc(-c2ccc3[nH]c4ccc(-c5cccs5)cc4c3c2)c1,c1csc(-c2ccc3[nH]c4ccc(-c5cccs5)cc4c3c2)c1,True,False
CN(C)c1ccc(-c2ccc(C=CC=O)s2)cc1,c1ccc(-c2cccs2)cc1,c1ccc(-c2cccs2)cc1,True,False
CC1(C)c2ccccc2N(c2ccccc2)c2ccc(-c3cccc(-c4nc5c6ccccc6c6ccccc6c5n4-c4ccccc4)c3)cc21,c1ccc(N2c3ccccc3Cc3cc(-c4cccc(-c5nc6c7ccccc7c7ccccc7c6n5-c5ccccc5)c4)ccc32)cc1,c1ccc(N2c3ccccc3Cc3cc(-c4cccc(-c5nc6c7ccccc7c7ccccc7c6n5-c5ccccc5)c4)ccc32)cc1,True,False
COc1ccc(C#Cc2c(F)c(F)c(C#Cc3ccc(OC)cc3)c(F)c2F)cc1,C(#Cc1ccc(C#Cc2ccccc2)cc1)c1ccccc1,C(#Cc1ccc(C#Cc2ccccc2)cc1)c1ccccc1,True,False
CC1=NC(=Cc2ccccc2)C(=O)N1C,O=C1NC=NC1=Cc1ccccc1,O=C1NC=NC1=Cc1ccccc1,True,False
COc1ccc(C=Cc2ccnc3ccccc23)cc1OC,C(=Cc1ccnc2ccccc12)c1ccccc1,C(=Cc1ccnc2ccccc12)c1ccccc1,True,False
C(=Cc1cnc2ccccc2n1)c1ccc(C=C2C=C(c3ccccc3)OC(c3ccccc3)=C2)cc1,C(=Cc1cnc2ccccc2n1)c1ccc(C=C2C=C(c3ccccc3)OC(c3ccccc3)=C2)cc1,C(=Cc1cnc2ccccc2n1)c1ccc(C=C2C=C(c3ccccc3)OC(c3ccccc3)=C2)cc1,True,False
Clc1ccccc1,c1ccccc1,c1ccccc1,False,True
COc1ccc(-c2cc3cc(-c4ccc(C=C(C#N)C(=O)O)s4)cc4c3n2-c2ccccc2S4)cc1,c1ccc(-c2cc3cc(-c4cccs4)cc4c3n2-c2ccccc2S4)cc1,c1ccc(-c2cc3cc(-c4cccs4)cc4c3n2-c2ccccc2S4)cc1,True,False
COc1ccc(C#Cc2cccc(-c3cccc(C#Cc4ccc(OC)s4)n3)n2)s1,C(#Cc1cccs1)c1cccc(-c2cccc(C#Cc3cccs3)n2)n1,C(#Cc1cccs1)c1cccc(-c2cccc(C#Cc3cccs3)n2)n1,True,False
Fc1ccc(Nc2nnc(-c3cnccn3)s2)cc1,c1ccc(Nc2nnc(-c3cnccn3)s2)cc1,c1ccc(Nc2nnc(-c3cnccn3)s2)cc1,False,True
O=[N+]([O-])c1ccc(N=Nc2ccc(OCCBr)cc2)cc1,c1ccc(N=Nc2ccccc2)cc1,c1ccc(N=Nc2ccccc2)cc1,False,True
CN(C)c1ccc2cc3c(cc2c1)C(=O)N(c1ccccc1)C3=O,O=C1c2cc3ccccc3cc2C(=O)N1c1ccccc1,O=C1c2cc3ccccc3cc2C(=O)N1c1ccccc1,True,False
Cn1c(-c2ccccc2)c(N=Nc2nc(-c3cc4ccccc4oc3=O)cs2)c2ccccc21,O=c1oc2ccccc2cc1-c1csc(N=Nc2c(-c3ccccc3)[nH]c3ccccc23)n1,O=c1oc2ccccc2cc1-c1csc(N=Nc2c(-c3ccccc3)[nH]c3ccccc23)n1,False,True
OC[C@H]1O[C@@H](n2cnc3c(O)ncnc32)[C@H](O)[C@@H]1O,c1ncc2ncn([C@H]3CCCO3)c2n1,c1ncc2ncn([C@H]3CCCO3)c2n1,False,True
COc1ccc2nc3nc(-c4ccc(Cl)cc4)ccc3cc2c1,c1ccc(-c2ccc3cc4ccccc4nc3n2)cc1,c1ccc(-c2ccc3cc4ccccc4nc3n2)cc1,True,False
O=[N+]([O-])c1ccc2nc(-c3ccc(-c4nc5ccc([N+](=O)[O-])cc5o4)c4ccccc34)oc2c1,c1ccc2oc(-c3ccc(-c4nc5ccccc5o4)c4ccccc34)nc2c1,c1ccc2oc(-c3ccc(-c4nc5ccccc5o4)c4ccccc34)nc2c1,True,False
CC(=O)c1ccc([N+]([O-])=Cc2ccc3c(c2)Sc2ccccc2N3C)cc1,C(=[NH+]c1ccccc1)c1ccc2c(c1)Sc1ccccc1N2,C(=[NH+]c1ccccc1)c1ccc2c(c1)Sc1ccccc1N2,False,True
CCN(CC)c1c(F)c(F)c2nc3c(F)c(F)c(F)c(F)c3nc2c1F,c1ccc2nc3ccccc3nc2c1,c1ccc2nc3ccccc3nc2c1,True,False
O=c1c2ccccc2c(=O)c2c1c(F)c(F)c1sc3ccccc3[nH]c12,O=c1c2ccccc2c(=O)c2c1ccc1sc3ccccc3[nH]c12,O=c1c2ccccc2c(=O)c2c1ccc1sc3ccccc3[nH]c12,True,False
O=C(NN=Cc1cccc([N+](=O)[O-])c1)c1ccc(Cn2c3ccccc3c3ccccc32)cc1,O=C(NN=Cc1ccccc1)c1ccc(Cn2c3ccccc3c3ccccc32)cc1,O=C(NN=Cc1ccccc1)c1ccc(Cn2c3ccccc3c3ccccc32)cc1,False,True
CCOC(=O)C=c1sc2n(c1=O)C(c1ccc(OC)cc1)C1=C(N=2)C1=Cc1ccc(OC)cc1,C=c1sc2n(c1=O)C(c1ccccc1)C1=C(N=2)C1=Cc1ccccc1,C=c1sc2n(c1=O)C(c1ccccc1)C1=C(N=2)C1=Cc1ccccc1,True,False
Cc1c(C(=O)C=Cc2ccc(N(C)C)cc2)nnn1-c1ccnc2cc(Cl)ccc12,O=C(C=Cc1ccccc1)c1cn(-c2ccnc3ccccc23)nn1,O=C(C=Cc1ccccc1)c1cn(-c2ccnc3ccccc23)nn1,True,False
Nc1cnc2ccccc2c1,c1ccc2ncccc2c1,c1ccc2ncccc2c1,False,True
COC(=O)c1ccc(-c2ccc(-c3ccc(Cl)cc3)cn2)nc1,c1ccc(-c2ccc(-c3ccccn3)nc2)cc1,c1ccc(-c2ccc(-c3ccccn3)nc2)cc1,True,False
CNC(C)Cc1ccc(I)cc1,c1ccccc1,c1ccccc1,False,True
c1ccc2occc2c1,c1ccc2occc2c1,c1ccc2occc2c1,True,False
Cc1ccc(OCc2nnc(-c3cc(-c4ccc(Cl)cc4)nn3Cc3ccc(C(C)(C)C)cc3)o2)cc1,c1ccc(Cn2nc(-c3ccccc3)cc2-c2nnc(COc3ccccc3)o2)cc1,c1ccc(Cn2nc(-c3ccccc3)cc2-c2nnc(COc3ccccc3)o2)cc1,True,False
COc1ccc(-c2c(N=Nc3ccc([N+](=O)[O-])cc3)sc(N)c2C#N)cc1,c1ccc(N=Nc2sccc2-c2ccccc2)cc1,c1ccc(N=Nc2sccc2-c2ccccc2)cc1,True,False
Cc1cc(C)cc(-c2ccc(C(C#N)=Cc3ccc(-c4csc(C=C(C#N)c5ccccc5)c4)cc3)cc2)c1,C(=Cc1cc(-c2ccc(C=Cc3ccc(-c4ccccc4)cc3)cc2)cs1)c1ccccc1,C(=Cc1cc(-c2ccc(C=Cc3ccc(-c4ccccc4)cc3)cc2)cs1)c1ccccc1,True,False
Cc1nc(Cl)c2cc(-c3nnc(COc4ccccc4)o3)ccn12,c1ccc(OCc2nnc(-c3ccn4cncc4c3)o2)cc1,c1ccc(OCc2nnc(-c3ccn4cncc4c3)o2)cc1,True,False
CC1=NC(=Cc2ccc(Cl)cc2)C(=O)N1C,O=C1NC=NC1=Cc1ccccc1,O=C1NC=NC1=Cc1ccccc1,True,False
CN(C)c1ccc(C=Cc2ccc3c(c2)C(=O)c2cc(C=Cc4ccc(N(C)C)cc4)ccc2C3=O)cc1,O=C1c2ccc(C=Cc3ccccc3)cc2C(=O)c2cc(C=Cc3ccccc3)ccc21,O=C1c2ccc(C=Cc3ccccc3)cc2C(=O)c2cc(C=Cc3ccccc3)ccc21,True,False
Cc1ccc(NC(C2=C(O)C(=O)c3ccccc3C2=O)c2ccccc2)cc1,O=C1C=C(C(Nc2ccccc2)c2ccccc2)C(=O)c2ccccc21,O=C1C=C(C(Nc2ccccc2)c2ccccc2)C(=O)c2ccccc21,False,True
C(=Nc1ccccc1)c1ccccc1,C(=Nc1ccccc1)c1ccccc1,C(=Nc1ccccc1)c1ccccc1,False,True
N#CC(=CN1C(=O)CCc2ccccc21)C(=O)O,O=C1CCc2ccccc2N1,O=C1CCc2ccccc2N1,False,True
O=c1oc2ccccc2c(O)c1N=Nc1ccccn1,O=c1oc2ccccc2cc1N=Nc1ccccn1,O=c1oc2ccccc2cc1N=Nc1ccccn1,True,False
N#CC(C#N)=C1C=C(C=Cc2ccc(N(c3ccccc3)c3ccccc3)cc2)OC(C=Cc2ccc(N(c3ccccc3)c3ccccc3)cc2)=C1,C=C1C=C(C=Cc2ccc(N(c3ccccc3)c3ccccc3)cc2)OC(C=Cc2ccc(N(c3ccccc3)c3ccccc3)cc2)=C1,C=C1C=C(C=Cc2ccc(N(c3ccccc3)c3ccccc3)cc2)OC(C=Cc2ccc(N(c3ccccc3)c3ccccc3)cc2)=C1,True,False
O=Cc1cccnc1,c1ccncc1,c1ccncc1,False,True
CCOc1ccc(C2CC(c3ccc(Cl)cc3)=NN2c2ccc(C)c(C)c2)cc1,c1ccc(C2=NN(c3ccccc3)C(c3ccccc3)C2)cc1,c1ccc(C2=NN(c3ccccc3)C(c3ccccc3)C2)cc1,True,False
c1cncc(-c2cc(-c3cccnc3)cc(-c3ccccc3-c3cccc(-n4c5ccccc5c5ccccc54)c3)c2)c1,c1cncc(-c2cc(-c3cccnc3)cc(-c3ccccc3-c3cccc(-n4c5ccccc5c5ccccc54)c3)c2)c1,c1cncc(-c2cc(-c3cccnc3)cc(-c3ccccc3-c3cccc(-n4c5ccccc5c5ccccc54)c3)c2)c1,True,False
O=[N+]([O-])c1ccc(C=Cc2sccc2-c2ccsc2C=Cc2ccc([N+](=O)[O-])cc2)cc1,C(=Cc1sccc1-c1ccsc1C=Cc1ccccc1)c1ccccc1,C(=Cc1sccc1-c1ccsc1C=Cc1ccccc1)c1ccccc1,True,False
CC1c2cc3nc(-c4ccc([N+](=O)[O-])cc4)[nH]c3cc2-c2cc3[nH]c(-c4ccc([N+](=O)[O-])cc4)nc3cc21,c1ccc(-c2nc3cc4c(cc3[nH]2)-c2cc3[nH]c(-c5ccccc5)nc3cc2C4)cc1,c1ccc(-c2nc3cc4c(cc3[nH]2)-c2cc3[nH]c(-c5ccccc5)nc3cc2C4)cc1,True,False
CN(C)c1ccc(C=c2oc(=Cc3ccccc3Cl)c3ccccc23)cc1,C(c1ccccc1)=c1oc(=Cc2ccccc2)c2ccccc12,C(c1ccccc1)=c1oc(=Cc2ccccc2)c2ccccc12,True,False
CC(C)(C)OC(=O)n1nnc2c1c1ccccc1n2S(=O)(=O)c1ccccc1,O=S(=O)(c1ccccc1)n1c2ccccc2c2[nH]nnc21,O=S(=O)(c1ccccc1)n1c2ccccc2c2[nH]nnc21,False,True
CCn1c2ccccc2c2nc3cc(C(=O)OC)c(C(=O)OC)cc3nc21,c1ccc2nc3c(nc2c1)[nH]c1ccccc13,c1ccc2nc3c(nc2c1)[nH]c1ccccc13,True,False
Fc1ccc(-c2nnc(N=Nc3ccc(-c4cccs4)s3)s2)cc1,c1ccc(-c2nnc(N=Nc3ccc(-c4cccs4)s3)s2)cc1,c1ccc(-c2nnc(N=Nc3ccc(-c4cccs4)s3)s2)cc1,True,False
CCNC[C@H]1O[C@@H](N2C3=NC=N[C@@H](N)C3=N[C@H]2NC)[C@H](O)[C@@H]1O,C1=NCC2=NCN([C@H]3CCCO3)C2=N1,C1=NCC2=NCN([C@H]3CCCO3)C2=N1,False,True
CN(c1ccccc1)c1ccccc1,c1ccc(Nc2ccccc2)cc1,c1ccc(Nc2ccccc2)cc1,True,False
O=C1CC(=O)OC(Nc2ccccc2)O1,O=C1CC(=O)OC(Nc2ccccc2)O1,O=C1CC(=O)OC(Nc2ccccc2)O1,True,False
N#CC(=Cc1ccc(C=C2c3cc(N(c4ccccc4)c4ccccc4)ccc3-c3ccc(N(c4ccccc4)c4ccccc4)cc32)s1)C(=O)O,C(=C1c2cc(N(c3ccccc3)c3ccccc3)ccc2-c2ccc(N(c3ccccc3)c3ccccc3)cc21)c1cccs1,C(=C1c2cc(N(c3ccccc3)c3ccccc3)ccc2-c2ccc(N(c3ccccc3)c3ccccc3)cc21)c1cccs1,True,False
Cn1c(=S)n(C)c2cc(N(c3ccc(-c4ccc(-c5ccc(C=C(C#N)C(=O)O)s5)cc4)cc3)c3ccc4c(c3)n(C)c(=S)n4C)ccc21,S=c1[nH]c2ccc(N(c3ccc(-c4ccc(-c5cccs5)cc4)cc3)c3ccc4[nH]c(=S)[nH]c4c3)cc2[nH]1,S=c1[nH]c2ccc(N(c3ccc(-c4ccc(-c5cccs5)cc4)cc3)c3ccc4[nH]c(=S)[nH]c4c3)cc2[nH]1,True,False
Cc1cn([C@H]2C[C@H](O)[C@@H](CO)O2)c(=O)[nH]c1=O,O=c1ccn([C@H]2CCCO2)c(=O)[nH]1,O=c1ccn([C@H]2CCCO2)c(=O)[nH]1,True,False
CCCn1c(-c2ccc([N+](=O)[O-])cc2)nc(-c2ccccc2)c1-c1ccccc1,c1ccc(-c2nc(-c3ccccc3)c(-c3ccccc3)[nH]2)cc1,c1ccc(-c2nc(-c3ccccc3)c(-c3ccccc3)[nH]2)cc1,False,True
N#CC(=Cc1ccc(N(c2ccccc2)c2ccccc2)cc1)c1ccc(Cl)cc1,C(=Cc1ccc(N(c2ccccc2)c2ccccc2)cc1)c1ccccc1,C(=Cc1ccc(N(c2ccccc2)c2ccccc2)cc1)c1ccccc1,False,True
NC(Cc1ccccc1)C(=O)O,c1ccccc1,c1ccccc1,False,True
CSc1ccccc1N=Nc1nc2ccc([N+](=O)[O-])cc2s1,c1ccc(N=Nc2nc3ccccc3s2)cc1,c1ccc(N=Nc2nc3ccccc3s2)cc1,False,True
Cc1cc(C2=C(c3cccc4ccccc34)C(=O)CC2)c(C)s1,O=C1CCC(c2ccsc2)=C1c1cccc2ccccc12,O=C1CCC(c2ccsc2)=C1c1cccc2ccccc12,True,False
Cc1ccc(-c2ccc3cc4ccccc4nc3n2)cc1,c1ccc(-c2ccc3cc4ccccc4nc3n2)cc1,c1ccc(-c2ccc3cc4ccccc4nc3n2)cc1,True,False
Nc1ccn(C2OC[C@](O)(CO)[C@H]2O)c(=O)n1,O=c1ncccn1C1CCCO1,O=c1ncccn1C1CCCO1,True,False
C(#Cc1ccc(-c2ccccc2)cc1)c1ccc(N=Nc2ccc(C#Cc3ccc(-c4ccccc4)cc3)cc2)cc1,C(#Cc1ccc(-c2ccccc2)cc1)c1ccc(N=Nc2ccc(C#Cc3ccc(-c4ccccc4)cc3)cc2)cc1,C(#Cc1ccc(-c2ccccc2)cc1)c1ccc(N=Nc2ccc(C#Cc3ccc(-c4ccccc4)cc3)cc2)cc1,False,True
Cn1c(C=Cc2ccccc2)nc(-c2ccccc2)c1-c1ccccc1,C(=Cc1nc(-c2ccccc2)c(-c2ccccc2)[nH]1)c1ccccc1,C(=Cc1nc(-c2ccccc2)c(-c2ccccc2)[nH]1)c1ccccc1,True,False
O=[N+]([O-])c1ccc2c3c(cccc13)-c1nc3ccccc3nc1-2,c1cc2c3c(cccc3c1)-c1nc3ccccc3nc1-2,c1cc2c3c(cccc3c1)-c1nc3ccccc3nc1-2,True,False
Cc1ccnc(NC(=S)NCc2ccccc2)c1,S=C(NCc1ccccc1)Nc1ccccn1,S=C(NCc1ccccc1)Nc1ccccn1,True,False
COc1c(C=Cc2ccccc2)sc2cc3c(OC)c(C=Cc4ccccc4)sc3cc12,C(=Cc1cc2cc3sc(C=Cc4ccccc4)cc3cc2s1)c1ccccc1,C(=Cc1cc2cc3sc(C=Cc4ccccc4)cc3cc2s1)c1ccccc1,False,True
Oc1ccc(N=Nc2ccc(Br)cc2)cc1C=Nc1ccccc1,C(=Nc1ccccc1)c1cccc(N=Nc2ccccc2)c1,C(=Nc1ccccc1)c1cccc(N=Nc2ccccc2)c1,False,True
C=COC(=O)c1c2ccccc2cc2ccccc12,c1ccc2cc3ccccc3cc2c1,c1ccc2cc3ccccc3cc2c1,False,True
N#CC(=Cc1ccc(-c2ccc(-c3ccc(-n4c5ccccc5c5ccccc54)cc3)c3nsnc23)s1)C(=O)O,c1csc(-c2ccc(-c3ccc(-n4c5ccccc5c5ccccc54)cc3)c3nsnc23)c1,c1csc(-c2ccc(-c3ccc(-n4c5ccccc5c5ccccc54)cc3)c3nsnc23)c1,True,False
COc1cc(C(C)=O)ccc1O,c1ccccc1,c1ccccc1,False,True
c1ccc(Cc2nc3c(ccc4c5ccccc5ccc43)[nH]2)cc1,c1ccc(Cc2nc3c(ccc4c5ccccc5ccc43)[nH]2)cc1,c1ccc(Cc2nc3c(ccc4c5ccccc5ccc43)[nH]2)cc1,False,True
c1ccc2c(c1)c1ccccc1n2-c1ccc(-c2ccc(-c3ccncn3)s2)cc1,c1ccc2c(c1)c1ccccc1n2-c1ccc(-c2ccc(-c3ccncn3)s2)cc1,c1ccc2c(c1)c1ccccc1n2-c1ccc(-c2ccc(-c3ccncn3)s2)cc1,True,False
COc1c(-c2ccccc2)sc2cc3c(OC)c(-c4ccccc4)sc3cc12,c1ccc(-c2cc3cc4sc(-c5ccccc5)cc4cc3s2)cc1,c1ccc(-c2cc3cc4sc(-c5ccccc5)cc4cc3s2)cc1,True,False
FC(F)(F)c1cccc(C2(c3ccccc3)C=Cc3c(ccc4ccccc34)O2)c1,C1=CC(c2ccccc2)(c2ccccc2)Oc2ccc3ccccc3c21,C1=CC(c2ccccc2)(c2ccccc2)Oc2ccc3ccccc3c21,False,True
Cc1ccccc1C(=O)[C@@H]1O[C@H]1c1ccccc1,O=C(c1ccccc1)[C@@H]1O[C@H]1c1ccccc1,O=C(c1ccccc1)[C@@H]1O[C@H]1c1ccccc1,True,False
CCN(C(=O)O)c1ccccc1,c1ccccc1,c1ccccc1,False,True
COc1ccc(-c2cc(-c3nnc(-c4cccc(Br)c4)o3)n(Cc3ccc(C(C)(C)C)cc3)n2)cc1,c1ccc(Cn2nc(-c3ccccc3)cc2-c2nnc(-c3ccccc3)o2)cc1,c1ccc(Cn2nc(-c3ccccc3)cc2-c2nnc(-c3ccccc3)o2)cc1,True,False
N#CC1CC(C(N)=O)N2N=Cc3ccccc3C12,C1=NN2CCCC2c2ccccc21,C1=NN2CCCC2c2ccccc21,True,False
COC(=O)[C@H](Cc1ccc2oc(-c3cc4ccccc4o3)nc2c1)NC(=O)OC(C)(C)C,c1ccc2oc(-c3nc4ccccc4o3)cc2c1,c1ccc2oc(-c3nc4ccccc4o3)cc2c1,True,False
Nc1nc(-c2nccs2)c2[nH]cnc2n1,c1csc(-c2ncnc3nc[nH]c23)n1,c1csc(-c2ncnc3nc[nH]c23)n1,True,False
COc1ccc(C(=Cc2ccc(C=O)cc2)c2ccc(OC)cc2)cc1,C(=C(c1ccccc1)c1ccccc1)c1ccccc1,C(=C(c1ccccc1)c1ccccc1)c1ccccc1,True,False
COC(=O)c1ccc(O)c(OC)c1,c1ccccc1,c1ccccc1,False,True
c1cc(CN[C@@H]2CCCC[C@H]2NCc2ccsc2)cs1,c1cc(CN[C@@H]2CCCC[C@H]2NCc2ccsc2)cs1,c1cc(CN[C@@H]2CCCC[C@H]2NCc2ccsc2)cs1,True,False
O=C(NS(=O)(=O)c1ccc(N=Nc2ccc(N=Nc3ccc(O)cc3)cc2)cc1)c1ccccc1,O=C(NS(=O)(=O)c1ccc(N=Nc2ccc(N=Nc3ccccc3)cc2)cc1)c1ccccc1,O=C(NS(=O)(=O)c1ccc(N=Nc2ccc(N=Nc3ccccc3)cc2)cc1)c1ccccc1,True,False
Cc1sc2nc3n(c(=O)c2c1C)CCC3=Cc1ccc(N(C)C)cc1,O=c1c2ccsc2nc2n1CCC2=Cc1ccccc1,O=c1c2ccsc2nc2n1CCC2=Cc1ccccc1,True,False
N#Cc1ccc(NC(=O)c2sc3sccc3c2Cl)cc1,O=C(Nc1ccccc1)c1cc2ccsc2s1,O=C(Nc1ccccc1)c1cc2ccsc2s1,False,True
CCOC(=O)c1c[nH]c2cc(-c3nc4ccccc4o3)c(O)cc2c1=O,O=c1cc[nH]c2cc(-c3nc4ccccc4o3)ccc12,O=c1cc[nH]c2cc(-c3nc4ccccc4o3)ccc12,True,False
CN1C(=O)C(c2ccccc2)=C(c2c[nH]c3ccccc23)C1=O,O=C1NC(=O)C(c2c[nH]c3ccccc23)=C1c1ccccc1,O=C1NC(=O)C(c2c[nH]c3ccccc23)=C1c1ccccc1,True,False
Cc1ccc(N=Nc2c(-c3ccccc3)[nH]c3ccccc23)cc1,c1ccc(N=Nc2c(-c3ccccc3)[nH]c3ccccc23)cc1,c1ccc(N=Nc2c(-c3ccccc3)[nH]c3ccccc23)cc1,True,False
Cc1cc(=O)oc2cc(C=Cc3ccc(C#N)cc3)ccc12,O=c1ccc2ccc(C=Cc3ccccc3)cc2o1,O=c1ccc2ccc(C=Cc3ccccc3)cc2o1,True,False
c1ccc(-n2cnnn2)c(OCCOCCOCCOc2ccccc2-n2cnnn2)c1,c1ccc(-n2cnnn2)c(OCCOCCOCCOc2ccccc2-n2cnnn2)c1,c1ccc(-n2cnnn2)c(OCCOCCOCCOc2ccccc2-n2cnnn2)c1,True,False
COc1cc(-c2nc3c(c4c2-c2ccccc2CC4)-c2ccccc2CC3)cc(OC)c1OC,c1ccc(-c2nc3c(c4c2-c2ccccc2CC4)-c2ccccc2CC3)cc1,c1ccc(-c2nc3c(c4c2-c2ccccc2CC4)-c2ccccc2CC3)cc1,True,False
COc1ccc2cc(C#N)c3ccc(C)cc3c2c1,c1ccc2c(c1)ccc1ccccc12,c1ccc2c(c1)ccc1ccccc12,True,False
c1ccc([C@@H]2N=C(c3cccs3)C(c3cccs3)=N[C@H]2c2ccccc2)cc1,c1ccc([C@@H]2N=C(c3cccs3)C(c3cccs3)=N[C@H]2c2ccccc2)cc1,c1ccc([C@@H]2N=C(c3cccs3)C(c3cccs3)=N[C@H]2c2ccccc2)cc1,True,False
CC[Si](CC)(CC)c1cc2ccc3cccc4ccc(c1C(=O)NC(C)(C)C)c2c34,c1cc2ccc3cccc4ccc(c1)c2c34,c1cc2ccc3cccc4ccc(c1)c2c34,True,False
O=C([O-])c1ccccc1-c1c2cc3c4c(c2[o+]c2c5c6c(cc12)CCCN6CCC5)CCCN4CCC3,c1ccc(-c2c3cc4c5c(c3[o+]c3c6c7c(cc23)CCCN7CCC6)CCCN5CCC4)cc1,c1ccc(-c2c3cc4c5c(c3[o+]c3c6c7c(cc23)CCCN7CCC6)CCCN5CCC4)cc1,True,False
COc1ccc(-n2c(N=Nc3ncc(C=O)s3)ccc2-c2cccs2)cc1,c1ccc(-n2c(N=Nc3nccs3)ccc2-c2cccs2)cc1,c1ccc(-n2c(N=Nc3nccs3)ccc2-c2cccs2)cc1,True,False
COc1ccc(-n2c(-c3ccc(F)cc3)nc3c4ccccc4c4ccccc4c32)cc1,c1ccc(-c2nc3c4ccccc4c4ccccc4c3n2-c2ccccc2)cc1,c1ccc(-c2nc3c4ccccc4c4ccccc4c3n2-c2ccccc2)cc1,False,True
COc1ccc(-c2cc(C#N)c(-c3sc(-c4ccc(OC)cc4)cc3C#N)s2)cc1,c1ccc(-c2ccc(-c3ccc(-c4ccccc4)s3)s2)cc1,c1ccc(-c2ccc(-c3ccc(-c4ccccc4)s3)s2)cc1,False,True
C=Cc1ccc(CN(Cc2ccc(C=C)cc2)c2ccc3c(c2)C(=O)c2ccccc2C3=O)cc1,O=C1c2ccccc2C(=O)c2cc(N(Cc3ccccc3)Cc3ccccc3)ccc21,O=C1c2ccccc2C(=O)c2cc(N(Cc3ccccc3)Cc3ccccc3)ccc21,True,False
Nc1ccn([C@@H]2O[C@H](CO)[C@@H](O)[C@H]2O)c(=O)n1,O=c1ncccn1[C@H]1CCCO1,O=c1ncccn1[C@H]1CCCO1,True,False
c1ccc(Cn2nc(-c3ccccc3)cc2-c2nnc(-c3ccccc3)o2)cc1,c1ccc(Cn2nc(-c3ccccc3)cc2-c2nnc(-c3ccccc3)o2)cc1,c1ccc(Cn2nc(-c3ccccc3)cc2-c2nnc(-c3ccccc3)o2)cc1,True,False
N#Cc1ccc(-c2ccc(C3=CCC(c4ccccc4)CC3)s2)s1,C1=C(c2ccc(-c3cccs3)s2)CCC(c2ccccc2)C1,C1=C(c2ccc(-c3cccs3)s2)CCC(c2ccccc2)C1,True,False
CCC(=O)c1ccc2cc(N(C)C)ccc2c1,c1ccc2ccccc2c1,c1ccc2ccccc2c1,True,False
C(=Cc1nc(-c2ccco2)c(-c2ccco2)n1Cc1ccccc1)c1ccccc1,C(=Cc1nc(-c2ccco2)c(-c2ccco2)n1Cc1ccccc1)c1ccccc1,C(=Cc1nc(-c2ccco2)c(-c2ccco2)n1Cc1ccccc1)c1ccccc1,True,False
Cc1ccsc1-c1sc(-c2ccc(-c3ccc4c(c3)C(C)(C)c3ccccc3-4)s2)c2ccccc12,c1csc(-c2sc(-c3ccc(-c4ccc5c(c4)Cc4ccccc4-5)s3)c3ccccc23)c1,c1csc(-c2sc(-c3ccc(-c4ccc5c(c4)Cc4ccccc4-5)s3)c3ccccc23)c1,True,False
Cc1ccc(NC(C2=C(O)C(=O)c3ccccc3C2=O)c2ccc(F)cc2)cc1,O=C1C=C(C(Nc2ccccc2)c2ccccc2)C(=O)c2ccccc21,O=C1C=C(C(Nc2ccccc2)c2ccccc2)C(=O)c2ccccc21,False,True
Cc1nc2c(C#N)cnn2c2c1CCN2c1cccc(Br)c1,c1ccc(N2CCc3cnc4ccnn4c32)cc1,c1ccc(N2CCc3cnc4ccnn4c32)cc1,False,True
CCOC(=O)C(c1ccccc1)=[N+]([O-])c1ccccc1,C(=[NH+]c1ccccc1)c1ccccc1,C(=[NH+]c1ccccc1)c1ccccc1,True,False
c1ccc2nsnc2c1,c1ccc2nsnc2c1,c1ccc2nsnc2c1,True,False
S=c1n(-c2ccccc2)c(P(=S)(c2ccccc2)c2ccccc2)c(P(=S)(c2ccccc2)c2ccccc2)n1-c1ccccc1,S=c1n(-c2ccccc2)c(P(=S)(c2ccccc2)c2ccccc2)c(P(=S)(c2ccccc2)c2ccccc2)n1-c1ccccc1,S=c1n(-c2ccccc2)c(P(=S)(c2ccccc2)c2ccccc2)c(P(=S)(c2ccccc2)c2ccccc2)n1-c1ccccc1,True,False
O=NN1CCCc2ccc3c(c21)N(N=O)CCC3,c1cc2c(c3c1CCCN3)NCCC2,c1cc2c(c3c1CCCN3)NCCC2,True,False
N#CC(=Cc1ccc(N(c2ccccc2)c2ccc(CO)cc2)cc1)c1ccc([N+](=O)[O-])cc1,C(=Cc1ccc(N(c2ccccc2)c2ccccc2)cc1)c1ccccc1,C(=Cc1ccc(N(c2ccccc2)c2ccccc2)cc1)c1ccccc1,False,True
CN(C)c1ccc(C=Cc2ccc(C#N)cc2)cc1,C(=Cc1ccccc1)c1ccccc1,C(=Cc1ccccc1)c1ccccc1,False,True
Cc1c(C(=O)C=Cc2cccc([N+](=O)[O-])c2)nnn1-c1ccnc2cc(Cl)ccc12,O=C(C=Cc1ccccc1)c1cn(-c2ccnc3ccccc23)nn1,O=C(C=Cc1ccccc1)c1cn(-c2ccnc3ccccc23)nn1,True,False
Cc1ccc(C(=O)[C@@H]2O[C@H]2c2ccc(C)cc2)cc1,O=C(c1ccccc1)[C@@H]1O[C@H]1c1ccccc1,O=C(c1ccccc1)[C@@H]1O[C@H]1c1ccccc1,True,False
C1=C(c2ccccc2)C=C(c2ccccc2)SC1(Cc1ccccc1)c1ccccc1,C1=C(c2ccccc2)C=C(c2ccccc2)SC1(Cc1ccccc1)c1ccccc1,C1=C(c2ccccc2)C=C(c2ccccc2)SC1(Cc1ccccc1)c1ccccc1,True,False
Cc1cc(C)c(B(c2ccc(-c3cc4ccccc4n3C)s2)c2c(C)cc(C)cc2C)c(C)c1,c1ccc(B(c2ccccc2)c2ccc(-c3cc4ccccc4[nH]3)s2)cc1,c1ccc(B(c2ccccc2)c2ccc(-c3cc4ccccc4[nH]3)s2)cc1,True,False
COc1ccc(-c2c([Si](C)(C)C)nnc3c(-c4ccc(C(F)(F)F)cc4)cccc23)cc1,c1ccc(-c2cnnc3c(-c4ccccc4)cccc23)cc1,c1ccc(-c2cnnc3c(-c4ccccc4)cccc23)cc1,True,False
C(=Cc1sccc1-c1ccsc1C=Cc1ccccc1)c1ccccc1,C(=Cc1sccc1-c1ccsc1C=Cc1ccccc1)c1ccccc1,C(=Cc1sccc1-c1ccsc1C=Cc1ccccc1)c1ccccc1,True,False
O=C(O)c1ccccc1O,c1ccccc1,c1ccccc1,False,True
O=C(Cl)Cc1ccccc1F,c1ccccc1,c1ccccc1,False,True
N#Cc1ccc(C#N)cc1,c1ccccc1,c1ccccc1,False,True
COc1ccc(C(=O)Oc2c([N+](=O)[O-])cc([N+](=O)[O-])cc2[N+](=O)[O-])cc1,O=C(Oc1ccccc1)c1ccccc1,O=C(Oc1ccccc1)c1ccccc1,False,True
c1ccc(-c2ccc3ccc4c(-c5ccccc5)ccc5ccc2c3c54)cc1,c1ccc(-c2ccc3ccc4c(-c5ccccc5)ccc5ccc2c3c54)cc1,c1ccc(-c2ccc3ccc4c(-c5ccccc5)ccc5ccc2c3c54)cc1,False,True
C#Cc1ccc(N(c2ccc(C#C)cc2)c2ccc(C=C3C(=O)c4ccccc4C3=O)cc2)cc1,O=C1C(=Cc2ccc(N(c3ccccc3)c3ccccc3)cc2)C(=O)c2ccccc21,O=C1C(=Cc2ccc(N(c3ccccc3)c3ccccc3)cc2)C(=O)c2ccccc21,True,False
N#CC(=CC=CC=Cc1ccc(N(CCO)CCO)cc1)C(=O)NCCO,c1ccccc1,c1ccccc1,False,True
OC(Cc1ccnc(-c2cc(CC(O)c3ccccc3)ccn2)c1)c1ccccc1,c1ccc(CCc2ccnc(-c3cc(CCc4ccccc4)ccn3)c2)cc1,c1ccc(CCc2ccnc(-c3cc(CCc4ccccc4)ccn3)c2)cc1,True,False
Cc1ccc2nc(N=Nc3c(N)nc4c(N=Nc5nc6ccccc6s5)c(N)nn4c3N)sc2c1,c1ccc2sc(N=Nc3cnc4c(N=Nc5nc6ccccc6s5)cnn4c3)nc2c1,c1ccc2sc(N=Nc3cnc4c(N=Nc5nc6ccccc6s5)cnn4c3)nc2c1,True,False
CC(C)(C)C(=Cc1ccc2ccccc2n1)NN=Cc1ccc([N+](=O)[O-])cc1,C(=Cc1ccc2ccccc2n1)NN=Cc1ccccc1,C(=Cc1ccc2ccccc2n1)NN=Cc1ccccc1,True,False
O=C(c1ccc(Cl)cc1)[C@@H]1O[C@H]1c1ccccc1,O=C(c1ccccc1)[C@@H]1O[C@H]1c1ccccc1,O=C(c1ccccc1)[C@@H]1O[C@H]1c1ccccc1,True,False
N#Cc1ccc(-n2ccc3c(-c4ccccc4)nc(-c4ccccc4)nc32)cc1,c1ccc(-c2nc(-c3ccccc3)c3ccn(-c4ccccc4)c3n2)cc1,c1ccc(-c2nc(-c3ccccc3)c3ccn(-c4ccccc4)c3n2)cc1,False,True
C#Cc1sc(C)cc1C1=C(c2cc(C)sc2C#C)C(F)(F)C(F)(F)C1(F)F,c1cc(C2=C(c3ccsc3)CCC2)cs1,c1cc(C2=C(c3ccsc3)CCC2)cs1,True,False
Cc1ccc2[nH]c(CC(N)c3nc4cc(C)ccc4[nH]3)nc2c1,c1ccc2[nH]c(CCc3nc4ccccc4[nH]3)nc2c1,c1ccc2[nH]c(CCc3nc4ccccc4[nH]3)nc2c1,True,False
COc1cc(-c2ccccc2)c(OC)cc1-c1ccccc1,c1ccc(-c2ccc(-c3ccccc3)cc2)cc1,c1ccc(-c2ccc(-c3ccccc3)cc2)cc1,False,True
N#CC(=Cc1c2ccccc2cc2ccccc12)c1ccc(N(c2ccccc2)c2cccc3ccccc23)cc1,C(=Cc1c2ccccc2cc2ccccc12)c1ccc(N(c2ccccc2)c2cccc3ccccc23)cc1,C(=Cc1c2ccccc2cc2ccccc12)c1ccc(N(c2ccccc2)c2cccc3ccccc23)cc1,True,False
Fc1ccc(N=Nc2ccc(OCCBr)cc2)cc1Cl,c1ccc(N=Nc2ccccc2)cc1,c1ccc(N=Nc2ccccc2)cc1,False,True
CCOc1ccc(-c2nc(-c3ccc(OC)cc3)c3ccn(-c4ccccc4)c3n2)cc1,c1ccc(-c2nc(-c3ccccc3)c3ccn(-c4ccccc4)c3n2)cc1,c1ccc(-c2nc(-c3ccccc3)c3ccn(-c4ccccc4)c3n2)cc1,False,True
CC(C)(C)OC(=O)N1C(=O)C2=C(c3ccc(C=Cc4ccccc4)cc3)N(C(=O)OC(C)(C)C)C(=O)C2=C1c1ccc(C=Cc2ccccc2)cc1,O=C1NC(c2ccc(C=Cc3ccccc3)cc2)=C2C(=O)NC(c3ccc(C=Cc4ccccc4)cc3)=C12,O=C1NC(c2ccc(C=Cc3ccccc3)cc2)=C2C(=O)NC(c3ccc(C=Cc4ccccc4)cc3)=C12,True,False
O=C(NCC12CC3CC(C1)CC(CNC(=O)Nc1ccc4cc5ccccc5cc4c1)(C3)C2)Nc1ccc2cc3ccccc3cc2c1,O=C(NCC12CC3CC(C1)CC(CNC(=O)Nc1ccc4cc5ccccc5cc4c1)(C3)C2)Nc1ccc2cc3ccccc3cc2c1,O=C(NCC12CC3CC(C1)CC(CNC(=O)Nc1ccc4cc5ccccc5cc4c1)(C3)C2)Nc1ccc2cc3ccccc3cc2c1,False,True
O=c1c(O)c(-c2ccc(O)cc2)c1=O,O=c1cc(-c2ccccc2)c1=O,O=c1cc(-c2ccccc2)c1=O,True,False
Oc1ccccc1-c1cn2ccccc2n1,c1ccc(-c2cn3ccccc3n2)cc1,c1ccc(-c2cn3ccccc3n2)cc1,True,False
CC(C)(C)N1C(=O)c2c(cc3ccc4cccc5ccc2c3c45)C1O,O=C1NCc2cc3ccc4cccc5ccc(c21)c3c45,O=C1NCc2cc3ccc4cccc5ccc(c21)c3c45,False,True
COc1cccc(-n2cccc2)c1,c1ccc(-n2cccc2)cc1,c1ccc(-n2cccc2)cc1,True,False
Nc1nc2c(N=Nc3ccccc3)c(N)nn2c(N)c1N=Nc1nc2ccccc2s1,c1ccc(N=Nc2cnn3cc(N=Nc4nc5ccccc5s4)cnc23)cc1,c1ccc(N=Nc2cnn3cc(N=Nc4nc5ccccc5s4)cnc23)cc1,True,False
c1ccc(N(c2ccc(-c3nc4ccccc4s3)cc2)c2cccc3ccccc23)cc1,c1ccc(N(c2ccc(-c3nc4ccccc4s3)cc2)c2cccc3ccccc23)cc1,c1ccc(N(c2ccc(-c3nc4ccccc4s3)cc2)c2cccc3ccccc23)cc1,True,False
Cc1cc(C2(c3ccc(O)c(C)c3)OS(=O)(=O)c3ccccc32)ccc1O,O=S1(=O)OC(c2ccccc2)(c2ccccc2)c2ccccc21,O=S1(=O)OC(c2ccccc2)(c2ccccc2)c2ccccc21,False,True
Cc1nn(-c2ccccc2)c(C)c1-c1nc2ccccc2[nH]1,c1ccc(-n2cc(-c3nc4ccccc4[nH]3)cn2)cc1,c1ccc(-n2cc(-c3nc4ccccc4[nH]3)cn2)cc1,True,False
N#CC(=CC=CC=Cc1ccc(N(CCO)CCO)cc1)C(=O)NC(CO)(CO)CO,c1ccccc1,c1ccccc1,False,True
Cc1ccc(N(c2ccc(C)cc2)c2ccc3c(c2)Cc2cc(-c4ccc(C=C(C#N)C(=O)O)cc4)ccc2-3)cc1,c1ccc(-c2ccc3c(c2)Cc2cc(N(c4ccccc4)c4ccccc4)ccc2-3)cc1,c1ccc(-c2ccc3c(c2)Cc2cc(N(c4ccccc4)c4ccccc4)ccc2-3)cc1,True,False
Cc1nn(-c2ccccc2)c2nc3c(F)c(F)c(F)c(F)c3cc12,c1ccc(-n2ncc3cc4ccccc4nc32)cc1,c1ccc(-n2ncc3cc4ccccc4nc32)cc1,True,False
CCOC(=O)c1cc(C(=O)OCC)c2ccc(N=S=O)ccc1-2,c1ccc2cccc-2cc1,c1ccc2cccc-2cc1,True,False
CN1C(=CC=CC=C2c3cc([N+](=O)[O-])cc([N+](=O)[O-])c3-c3c2cc([N+](=O)[O-])cc3[N+](=O)[O-])C(C)(C)c2ccccc21,C(=CC=C1c2ccccc2-c2ccccc21)C=C1Cc2ccccc2N1,C(=CC=C1c2ccccc2-c2ccccc21)C=C1Cc2ccccc2N1,True,False
Cc1c2oc(-c3ccccc3)c(-c3ccccc3)c2c(C)c2oc(-c3ccccc3)c(-c3ccccc3)c12,c1ccc(-c2oc3cc4c(-c5ccccc5)c(-c5ccccc5)oc4cc3c2-c2ccccc2)cc1,c1ccc(-c2oc3cc4c(-c5ccccc5)c(-c5ccccc5)oc4cc3c2-c2ccccc2)cc1,True,False
Cc1c(-c2sc(-c3cccs3)c3ccccc23)oc2ccccc12,c1csc(-c2sc(-c3cc4ccccc4o3)c3ccccc23)c1,c1csc(-c2sc(-c3cc4ccccc4o3)c3ccccc23)c1,True,False
Nc1ccc(O)cc1,c1ccccc1,c1ccccc1,False,True
N#CC(C#N)=C(C=Cc1c[nH]c2ccccc12)c1ccc(N)cc1,C=C(C=Cc1c[nH]c2ccccc12)c1ccccc1,C=C(C=Cc1c[nH]c2ccccc12)c1ccccc1,True,False
O=C(C(=CC=C1c2ccccc2C=Cc2ccccc21)C(=O)C(F)(F)F)C(F)(F)F,C=C1c2ccccc2C=Cc2ccccc21,C=C1c2ccccc2C=Cc2ccccc21,False,True
CN1C(=CN=Nc2ccc(C=C3SC(=S)N(c4ccc(O)cc4)C3=O)cc2)Sc2ccccc21,O=C1C(=Cc2ccc(N=NC=C3Nc4ccccc4S3)cc2)SC(=S)N1c1ccccc1,O=C1C(=Cc2ccc(N=NC=C3Nc4ccccc4S3)cc2)SC(=S)N1c1ccccc1,True,False
COc1ccccc1N=Nc1nc2ccccc2s1,c1ccc(N=Nc2nc3ccccc3s2)cc1,c1ccc(N=Nc2nc3ccccc3s2)cc1,False,True
NC(COP(=O)(O)O)Cc1cnc[nH]1,c1c[nH]cn1,c1c[nH]cn1,False,True
CCCCN1C(=O)c2ccc3c4ccc5c6c(cc(-c7cccc(C(C)C)c7)c(c7ccc(c2c37)C1=O)c64)C(=O)N(CC(C)CC)C5=O,O=C1NC(=O)c2ccc3c4c(-c5ccccc5)cc5c6c(ccc(c7ccc1c2c73)c64)C(=O)NC5=O,O=C1NC(=O)c2ccc3c4c(-c5ccccc5)cc5c6c(ccc(c7ccc1c2c73)c64)C(=O)NC5=O,False,True
c1ccc(N=Nc2ccccc2)cc1,c1ccc(N=Nc2ccccc2)cc1,c1ccc(N=Nc2ccccc2)cc1,False,True
O=C(NO)c1ccc(O)c(O)c1,c1ccccc1,c1ccccc1,False,True
Brc1ccc(-n2c3ccccc3c3cc(-c4ccc5c(c4)c4ccccc4n5-c4ccc(Br)cc4)ccc32)cc1,c1ccc(-n2c3ccccc3c3cc(-c4ccc5c(c4)c4ccccc4n5-c4ccccc4)ccc32)cc1,c1ccc(-n2c3ccccc3c3cc(-c4ccc5c(c4)c4ccccc4n5-c4ccccc4)ccc32)cc1,False,True
CC(C)(C)C(=O)C1(N)NC(=O)c2nccnc2N1,O=C1NCNc2nccnc21,O=C1NCNc2nccnc21,False,True
Cc1cc2nc(N=Nc3ccc(O)c4ncccc34)sc2cc1C,c1ccc2sc(N=Nc3cccc4ncccc34)nc2c1,c1ccc2sc(N=Nc3cccc4ncccc34)nc2c1,True,False
O=C(O)c1ccccc1C(=O)c1c2c(n3ccccc13)C(=O)c1ccccc1C2=O,O=C1c2ccccc2C(=O)c2c1c(C(=O)c1ccccc1)c1ccccn21,O=C1c2ccccc2C(=O)c2c1c(C(=O)c1ccccc1)c1ccccn21,False,True
COc1ccc(CNC2=C(Br)C(=O)OC2OC)cc1,O=C1C=C(NCc2ccccc2)CO1,O=C1C=C(NCc2ccccc2)CO1,True,False
Oc1ccc(O)cc1,c1ccccc1,c1ccccc1,False,True
CCOC(=O)C1=C(c2ccccc2)NC(=O)C1=NNc1ccc(O)cc1,O=C1NC(c2ccccc2)=CC1=NNc1ccccc1,O=C1NC(c2ccccc2)=CC1=NNc1ccccc1,True,False
C1=C(c2cccs2)CC(c2ccccc2)=C1c1ccccc1,C1=C(c2cccs2)CC(c2ccccc2)=C1c1ccccc1,C1=C(c2cccs2)CC(c2ccccc2)=C1c1ccccc1,True,False
O=C(N=S(=O)=O)c1ccccc1,c1ccccc1,c1ccccc1,False,True
CCCCC1(CC(C)CC)c2cc(-c3ccc(F)cc3)ccc2-c2ccc(-c3ccc(F)cc3)cc21,c1ccc(-c2ccc3c(c2)Cc2cc(-c4ccccc4)ccc2-3)cc1,c1ccc(-c2ccc3c(c2)Cc2cc(-c4ccccc4)ccc2-3)cc1,True,False
OCCNc1cc2nc3ccccc3nc2c2cccnc12,c1ccc2nc3c(ccc4ncccc43)nc2c1,c1ccc2nc3c(ccc4ncccc43)nc2c1,False,True
COC(=O)[C@H](Cc1c(-c2c(C)cc(C)cc2C)[nH]c2ccccc12)NC(=O)CNC(=O)C(F)(F)F,c1ccc(-c2cc3ccccc3[nH]2)cc1,c1ccc(-c2cc3ccccc3[nH]2)cc1,True,False
O=C1C(Cl)=C(NCc2ccccc2)C(=O)C(Cl)=C1NCc1ccccc1,O=C1C=C(NCc2ccccc2)C(=O)C=C1NCc1ccccc1,O=C1C=C(NCc2ccccc2)C(=O)C=C1NCc1ccccc1,True,False
Cc1cc(=O)oc2cc(C=Cc3ccccc3)ccc12,O=c1ccc2ccc(C=Cc3ccccc3)cc2o1,O=c1ccc2ccc(C=Cc3ccccc3)cc2o1,True,False
COc1ccc(-c2ccc(-c3sc(-c4ccc(-c5ccc(OC)s5)cc4)c([N+](=O)[O-])c3[N+](=O)[O-])cc2)s1,c1csc(-c2ccc(-c3ccc(-c4ccc(-c5cccs5)cc4)s3)cc2)c1,c1csc(-c2ccc(-c3ccc(-c4ccc(-c5cccs5)cc4)s3)cc2)c1,True,False
O=C(O)c1cc(-c2ccccc2)nc2ccccc12,c1ccc(-c2ccc3ccccc3n2)cc1,c1ccc(-c2ccc3ccccc3n2)cc1,True,False
N=C1NC(c2cccs2)(c2cccn2-c2cccs2)CC1(c1ccccc1)c1ccccc1,N=C1NC(c2cccs2)(c2cccn2-c2cccs2)CC1(c1ccccc1)c1ccccc1,N=C1NC(c2cccs2)(c2cccn2-c2cccs2)CC1(c1ccccc1)c1ccccc1,True,False
O=c1[nH]c(=O)n([C@H]2C[C@H](O)[C@@H](CO)O2)cc1-c1cccs1,O=c1[nH]c(=O)n([C@H]2CCCO2)cc1-c1cccs1,O=c1[nH]c(=O)n([C@H]2CCCO2)cc1-c1cccs1,True,False
Cc1nccnc1C(=O)C=Cc1ccc([N+](=O)[O-])cc1,O=C(C=Cc1ccccc1)c1cnccn1,O=C(C=Cc1ccccc1)c1cnccn1,True,False
CC1c2cc3nc(-c4cccs4)[nH]c3cc2-c2cc3[nH]c(-c4cccs4)nc3cc21,c1csc(-c2nc3cc4c(cc3[nH]2)-c2cc3[nH]c(-c5cccs5)nc3cc2C4)c1,c1csc(-c2nc3cc4c(cc3[nH]2)-c2cc3[nH]c(-c5cccs5)nc3cc2C4)c1,True,False
c1ccc(-c2cn3ccccc3n2)cc1,c1ccc(-c2cn3ccccc3n2)cc1,c1ccc(-c2cn3ccccc3n2)cc1,True,False
COc1ccc(N(c2ccc(C=CC(=O)c3cc(C)sc3C)cc2)c2ccc(OC)cc2)cc1,O=C(C=Cc1ccc(N(c2ccccc2)c2ccccc2)cc1)c1ccsc1,O=C(C=Cc1ccc(N(c2ccccc2)c2ccccc2)cc1)c1ccsc1,True,False
Oc1cc(O)nc(-c2nc(O)cc(O)n2)n1,c1cnc(-c2ncccn2)nc1,c1cnc(-c2ncccn2)nc1,True,False
c1ccc2c(c1)c1cc(N3CCOCC3)ccc1c1nc3c4cccnc4c4ncccc4c3nc21,c1ccc2c(c1)c1cc(N3CCOCC3)ccc1c1nc3c4cccnc4c4ncccc4c3nc21,c1ccc2c(c1)c1cc(N3CCOCC3)ccc1c1nc3c4cccnc4c4ncccc4c3nc21,True,False
c1ccc(-n2c(-c3cccc4ccccc34)nc3c4ccccc4c4ccccc4c32)cc1,c1ccc(-n2c(-c3cccc4ccccc34)nc3c4ccccc4c4ccccc4c32)cc1,c1ccc(-n2c(-c3cccc4ccccc34)nc3c4ccccc4c4ccccc4c32)cc1,False,True
COc1ccc(C=Cc2nc3c(N)ncnc3n2C2CC(O)C(CO)O2)cc1,C(=Cc1nc2cncnc2n1C1CCCO1)c1ccccc1,C(=Cc1nc2cncnc2n1C1CCCO1)c1ccccc1,False,True
CN1C(=CC=C2C=CC(=O)c3ncccc32)Sc2ccccc21,O=C1C=CC(=CC=C2Nc3ccccc3S2)c2cccnc21,O=C1C=CC(=CC=C2Nc3ccccc3S2)c2cccnc21,False,True
c1ccc2c(-c3ccc(-c4nc5c6ccccc6c6ccccc6c5[nH]4)cc3)cncc2c1,c1ccc2c(-c3ccc(-c4nc5c6ccccc6c6ccccc6c5[nH]4)cc3)cncc2c1,c1ccc2c(-c3ccc(-c4nc5c6ccccc6c6ccccc6c5[nH]4)cc3)cncc2c1,True,False
Fc1ccc(-c2ccccn2)c(F)c1,c1ccc(-c2ccccn2)cc1,c1ccc(-c2ccccn2)cc1,True,False
O=[N+]([O-])c1ccc2[nH]c3ccccc3c2c1,c1ccc2c(c1)[nH]c1ccccc12,c1ccc2c(c1)[nH]c1ccccc12,True,False
C(=Nc1ccc2ccccc2c1)c1ccccc1,C(=Nc1ccc2ccccc2c1)c1ccccc1,C(=Nc1ccc2ccccc2c1)c1ccccc1,True,False
O=C(C=Cc1cn(Cc2ccccc2)c2ccccc12)c1ccc2ccccc2c1,O=C(C=Cc1cn(Cc2ccccc2)c2ccccc12)c1ccc2ccccc2c1,O=C(C=Cc1cn(Cc2ccccc2)c2ccccc12)c1ccc2ccccc2c1,True,False
CN(C)c1ccc(C=CC=CC(O)=C2C(=O)c3ccccc3C2=O)cc1,O=C1C(=CC=CC=Cc2ccccc2)C(=O)c2ccccc21,O=C1C(=CC=CC=Cc2ccccc2)C(=O)c2ccccc21,True,False
OCc1c(-c2ccccc2)nc2ncccn12,c1ccc(-c2cn3cccnc3n2)cc1,c1ccc(-c2cn3cccnc3n2)cc1,True,False
COc1ccc(-c2nnc(-c3ccn4c(C)nc(Cl)c4c3)o2)cc1,c1ccc(-c2nnc(-c3ccn4cncc4c3)o2)cc1,c1ccc(-c2nnc(-c3ccn4cncc4c3)o2)cc1,True,False
Oc1ccc(Cl)cc1Cl,c1ccccc1,c1ccccc1,False,True
C(=Cc1ccn2cc(-c3ccccc3)nc2c1)c1ccc(NN2CCCCC2)cc1,C(=Cc1ccn2cc(-c3ccccc3)nc2c1)c1ccc(NN2CCCCC2)cc1,C(=Cc1ccn2cc(-c3ccccc3)nc2c1)c1ccc(NN2CCCCC2)cc1,False,True
CN1c2ccccc2Sc2cccc(C=Nc3ccc4c(c3)Cc3ccccc3-4)c21,C(=Nc1ccc2c(c1)Cc1ccccc1-2)c1cccc2c1Nc1ccccc1S2,C(=Nc1ccc2c(c1)Cc1ccccc1-2)c1cccc2c1Nc1ccccc1S2,True,False
CCN(CC)c1ccc(C=C2CCC(=Cc3ccc(N(C)C)cc3)C2=O)c(C(C)C)c1,O=C1C(=Cc2ccccc2)CCC1=Cc1ccccc1,O=C1C(=Cc2ccccc2)CCC1=Cc1ccccc1,True,False
N#Cc1ccc2c(c1)CCc1nc(-c3ccc([N+](=O)[O-])cc3)c3c(c1-2)CCc1cc(C#N)ccc1-3,c1ccc(-c2nc3c(c4c2-c2ccccc2CC4)-c2ccccc2CC3)cc1,c1ccc(-c2nc3c(c4c2-c2ccccc2CC4)-c2ccccc2CC3)cc1,True,False
Cc1nn2c(N=Nc3ccccc3)c(-c3ccccc3)[nH]c2c1N=Nc1cccc(Cl)c1,c1ccc(N=Nc2cnn3c(N=Nc4ccccc4)c(-c4ccccc4)[nH]c23)cc1,c1ccc(N=Nc2cnn3c(N=Nc4ccccc4)c(-c4ccccc4)[nH]c23)cc1,True,False
O=C(C=Cc1ccc(N(c2ccccc2)c2ccccc2)cc1)c1ccc(Br)cc1,O=C(C=Cc1ccc(N(c2ccccc2)c2ccccc2)cc1)c1ccccc1,O=C(C=Cc1ccc(N(c2ccccc2)c2ccccc2)cc1)c1ccccc1,True,False
c1ccc2c(-c3cc4c(-c5cccc6ccccc56)c5ccccc5c(-c5cccc6ccccc56)c4cc3-c3cccc4ccccc34)cccc2c1,c1ccc2c(-c3cc4c(-c5cccc6ccccc56)c5ccccc5c(-c5cccc6ccccc56)c4cc3-c3cccc4ccccc34)cccc2c1,c1ccc2c(-c3cc4c(-c5cccc6ccccc56)c5ccccc5c(-c5cccc6ccccc56)c4cc3-c3cccc4ccccc34)cccc2c1,True,False
Fc1ccc(-c2cc(C#Cc3ccccc3)c3nc(-c4ccccc4)nc(-c4ccc(F)cc4)c3c2)cc1,C(#Cc1cc(-c2ccccc2)cc2c(-c3ccccc3)nc(-c3ccccc3)nc12)c1ccccc1,C(#Cc1cc(-c2ccccc2)cc2c(-c3ccccc3)nc(-c3ccccc3)nc12)c1ccccc1,True,False
CN(C)c1ccc(C2(c3ccccc3)NC(C#N)=C(C#N)N2C)cc1,C1=CNC(c2ccccc2)(c2ccccc2)N1,C1=CNC(c2ccccc2)(c2ccccc2)N1,True,False
CC(=O)Nc1ccc(C(C)(C)c2ccc(O)cc2)cc1O,c1ccc(Cc2ccccc2)cc1,c1ccc(Cc2ccccc2)cc1,False,True
COc1ccc(-c2sc(-c3ccc(OC)cc3)c(C#N)c2C#N)cc1,c1ccc(-c2ccc(-c3ccccc3)s2)cc1,c1ccc(-c2ccc(-c3ccccc3)s2)cc1,True,False
Cc1cc(C2=C(c3cc(C)sc3C)C(=O)C(=Cc3ccccc3O)C2)c(C)s1,O=C1C(=Cc2ccccc2)CC(c2ccsc2)=C1c1ccsc1,O=C1C(=Cc2ccccc2)CC(c2ccsc2)=C1c1ccsc1,True,False
O=[N+]([O-])c1ccccc1,c1ccccc1,c1ccccc1,False,True
Cn1c(P(c2ccccc2)c2ccccc2)c(P(=S)(c2ccccc2)c2ccccc2)n(C)c1=S,S=c1[nH]c(P(c2ccccc2)c2ccccc2)c(P(=S)(c2ccccc2)c2ccccc2)[nH]1,S=c1[nH]c(P(c2ccccc2)c2ccccc2)c(P(=S)(c2ccccc2)c2ccccc2)[nH]1,True,False
c1ccc(-c2ccc(-c3ccc4ccccc4n3)nc2)cc1,c1ccc(-c2ccc(-c3ccc4ccccc4n3)nc2)cc1,c1ccc(-c2ccc(-c3ccc4ccccc4n3)nc2)cc1,False,True
CCc1nccnc1C(=O)C=Cc1ccc(OCc2ccccc2)cc1,O=C(C=Cc1ccc(OCc2ccccc2)cc1)c1cnccn1,O=C(C=Cc1ccc(OCc2ccccc2)cc1)c1cnccn1,True,False
CN=C(NCCN(C)C)Nc1ccc2c(Nc3ccc(N(C)C)cc3)c3ccc(NC(=NC)NCCN(C)C)cc3nc2c1,c1ccc(Nc2c3ccccc3nc3ccccc23)cc1,c1ccc(Nc2c3ccccc3nc3ccccc23)cc1,True,False
CCC1=C(C)C(=O)NC1=Cc1[nH]c(C(C)(C)c2[nH]c(C=C3NC(=O)C(C)=C3CC)c(C)c2CC(=O)O)c(CC(=O)O)c1C,O=C1C=CC(=Cc2ccc(Cc3ccc(C=C4C=CC(=O)N4)[nH]3)[nH]2)N1,O=C1C=CC(=Cc2ccc(Cc3ccc(C=C4C=CC(=O)N4)[nH]3)[nH]2)N1,False,True
C[Si](C)(O)c1cc(-c2ccccc2)c2ccc3c([Si](C)(C)O)cc(-c4ccccc4)c4ccc1c2c43,c1ccc(-c2ccc3ccc4c(-c5ccccc5)ccc5ccc2c3c54)cc1,c1ccc(-c2ccc3ccc4c(-c5ccccc5)ccc5ccc2c3c54)cc1,False,True
CC(C)(C)c1ccc(-c2nc3ccc(-c4ccc5nc(-c6ccc(C(C)(C)C)cc6)oc5c4)cc3o2)cc1,c1ccc(-c2nc3ccc(-c4ccc5nc(-c6ccccc6)oc5c4)cc3o2)cc1,c1ccc(-c2nc3ccc(-c4ccc5nc(-c6ccccc6)oc5c4)cc3o2)cc1,True,False
O=C(O)c1ccc2nc(-c3ccc(N(c4ccccc4)c4ccccc4)cc3)[nH]c2c1,c1ccc(N(c2ccccc2)c2ccc(-c3nc4ccccc4[nH]3)cc2)cc1,c1ccc(N(c2ccccc2)c2ccc(-c3nc4ccccc4[nH]3)cc2)cc1,True,False
O=C1c2ccccc2C(=O)c2ccccc21,O=C1c2ccccc2C(=O)c2ccccc21,O=C1c2ccccc2C(=O)c2ccccc21,True,False
OCCNc1ncnc2c1nc1ccccn12,c1ccn2c(c1)nc1cncnc12,c1ccn2c(c1)nc1cncnc12,True,False
CN(C)c1ccc(-c2nc3c(c4c2-c2ccc(Br)cc2CC4)-c2ccc(Br)cc2CC3)cc1,c1ccc(-c2nc3c(c4c2-c2ccccc2CC4)-c2ccccc2CC3)cc1,c1ccc(-c2nc3c(c4c2-c2ccccc2CC4)-c2ccccc2CC3)cc1,True,False
Cn1c(=O)cc(O)c2ccccc21,O=c1ccc2ccccc2[nH]1,O=c1ccc2ccccc2[nH]1,True,False
O=C1C(=O)c2ccccc2C1=C1C=Cc2ccccc21,O=C1C(=O)c2ccccc2C1=C1C=Cc2ccccc21,O=C1C(=O)c2ccccc2C1=C1C=Cc2ccccc21,False,True
C#Cc1ccc2c(c1)C(C)(c1ccc(OC)cc1)c1cc(C#C)ccc1-2,c1ccc(C2c3ccccc3-c3ccccc32)cc1,c1ccc(C2c3ccccc3-c3ccccc32)cc1,True,False
O=C1CC=Nc2ccccc21,O=C1CC=Nc2ccccc21,O=C1CC=Nc2ccccc21,False,True
Cc1ccc(Cn2c(-c3ccccc3)nc(-c3ccco3)c2-c2ccco2)cc1,c1ccc(Cn2c(-c3ccccc3)nc(-c3ccco3)c2-c2ccco2)cc1,c1ccc(Cn2c(-c3ccccc3)nc(-c3ccco3)c2-c2ccco2)cc1,True,False
O=C(CCc1ccc(O)cc1)c1c(O)cc(O)cc1O,O=C(CCc1ccccc1)c1ccccc1,O=C(CCc1ccccc1)c1ccccc1,True,False
CCCCN1C(=O)C2=C(c3ccc(-c4cc5ccccc5s4)s3)N(CC(C)CC)C(=O)C2=C1c1ccc(-c2cc3ccccc3s2)s1,O=C1NC(c2ccc(-c3cc4ccccc4s3)s2)=C2C(=O)NC(c3ccc(-c4cc5ccccc5s4)s3)=C12,O=C1NC(c2ccc(-c3cc4ccccc4s3)s2)=C2C(=O)NC(c3ccc(-c4cc5ccccc5s4)s3)=C12,False,True
FC(F)(F)c1ccnc(-c2cccc3ccccc23)c1,c1ccc(-c2cccc3ccccc23)nc1,c1ccc(-c2cccc3ccccc23)nc1,True,False
COc1ccc(N=Nc2c(C)nn3c(N=Nc4ccccc4)c(-c4ccccc4)[nH]c23)cc1,c1ccc(N=Nc2cnn3c(N=Nc4ccccc4)c(-c4ccccc4)[nH]c23)cc1,c1ccc(N=Nc2cnn3c(N=Nc4ccccc4)c(-c4ccccc4)[nH]c23)cc1,True,False
CCCCOc1ccc(-n2c3ccccc3c3cc(-c4ccc(-c5ccc(C=C(C#N)C(=O)O)s5)c5nsnc45)ccc32)cc1,c1ccc(-n2c3ccccc3c3cc(-c4ccc(-c5cccs5)c5nsnc45)ccc32)cc1,c1ccc(-n2c3ccccc3c3cc(-c4ccc(-c5cccs5)c5nsnc45)ccc32)cc1,True,False
O=C(O)CNc1ccccc1,c1ccccc1,c1ccccc1,False,True
COc1c2cc(-c3ccc(C=C(C#N)C(=O)O)s3)oc2c(OC)c2cc(-c3ccc(N(c4ccccc4)c4cccc5ccccc45)cc3)oc12,c1ccc(N(c2ccc(-c3cc4cc5oc(-c6cccs6)cc5cc4o3)cc2)c2cccc3ccccc23)cc1,c1ccc(N(c2ccc(-c3cc4cc5oc(-c6cccs6)cc5cc4o3)cc2)c2cccc3ccccc23)cc1,False,True
CC1c2cc(-c3c4ccccc4cc4ccccc34)ccc2-c2cc3nc4c5cccc6ccc7cccc(c4nc3cc21)c7c65,c1ccc2c(-c3ccc4c(c3)Cc3cc5nc6c7cccc8ccc9cccc(c6nc5cc3-4)c9c87)c3ccccc3cc2c1,c1ccc2c(-c3ccc4c(c3)Cc3cc5nc6c7cccc8ccc9cccc(c6nc5cc3-4)c9c87)c3ccccc3cc2c1,True,False
c1ccc(-c2nnc(N=Nc3ccc(-c4cccs4)s3)s2)cc1,c1ccc(-c2nnc(N=Nc3ccc(-c4cccs4)s3)s2)cc1,c1ccc(-c2nnc(N=Nc3ccc(-c4cccs4)s3)s2)cc1,True,False
COC(=O)[C@H](Cc1c(-c2ccccc2)[nH]c2ccccc12)NC(=O)CNC(=O)C(F)(F)F,c1ccc(-c2cc3ccccc3[nH]2)cc1,c1ccc(-c2cc3ccccc3[nH]2)cc1,True,False
Cc1ccc(-c2ccc(-c3ccc(C=C4C(=C(C#N)C#N)C(=CC=C5N(C)c6ccccc6C5(C)C)c5ccccc54)s3)s2)s1,C=C1C(=CC=C2Cc3ccccc3N2)c2ccccc2C1=Cc1ccc(-c2ccc(-c3cccs3)s2)s1,C=C1C(=CC=C2Cc3ccccc3N2)c2ccccc2C1=Cc1ccc(-c2ccc(-c3cccs3)s2)s1,True,False
c1csc(-c2ccc(N=Nc3nccs3)s2)c1,c1csc(-c2ccc(N=Nc3nccs3)s2)c1,c1csc(-c2ccc(N=Nc3nccs3)s2)c1,True,False
Cc1cccc(C#Cc2c(F)c(C#Cc3cccc(C)c3)c(C#Cc3cccc(C)c3)c(F)c2C#Cc2cccc(C)c2)c1,C(#Cc1cc(C#Cc2ccccc2)c(C#Cc2ccccc2)cc1C#Cc1ccccc1)c1ccccc1,C(#Cc1cc(C#Cc2ccccc2)c(C#Cc2ccccc2)cc1C#Cc1ccccc1)c1ccccc1,False,True
CN(c1ccccc1)c1cc(=O)[nH]c(-c2ccccc2)n1,O=c1cc(Nc2ccccc2)nc(-c2ccccc2)[nH]1,O=c1cc(Nc2ccccc2)nc(-c2ccccc2)[nH]1,True,False
c1ccc(-c2cccc(-c3ccccn3)n2)nc1,c1ccc(-c2cccc(-c3ccccn3)n2)nc1,c1ccc(-c2cccc(-c3ccccn3)n2)nc1,True,False
COc1cc(C#Cc2nc3c(N)ncnc3n2C2OC(CO)C(O)C2O)cc(OC)c1,C(#Cc1nc2cncnc2n1C1CCCO1)c1ccccc1,C(#Cc1nc2cncnc2n1C1CCCO1)c1ccccc1,True,False
Cn1c(=O)c2[nH]cnc2n(C)c1=O,O=c1[nH]c(=O)c2[nH]cnc2[nH]1,O=c1[nH]c(=O)c2[nH]cnc2[nH]1,False,True
Cc1cc2nc(N=Nc3c(-c4ccccc4)n(C)c4ccccc34)sc2cc1C,c1ccc(-c2[nH]c3ccccc3c2N=Nc2nc3ccccc3s2)cc1,c1ccc(-c2[nH]c3ccccc3c2N=Nc2nc3ccccc3s2)cc1,True,False
Oc1ccc2ccccc2c1N=Cc1ccc[nH]1,C(=Nc1cccc2ccccc12)c1ccc[nH]1,C(=Nc1cccc2ccccc12)c1ccc[nH]1,True,False
C(=Cc1ccc2ccccc2c1)c1ccc(-c2nc(-c3ccccc3)c(-c3ccccc3)n2-c2ccccc2)cc1,C(=Cc1ccc2ccccc2c1)c1ccc(-c2nc(-c3ccccc3)c(-c3ccccc3)n2-c2ccccc2)cc1,C(=Cc1ccc2ccccc2c1)c1ccc(-c2nc(-c3ccccc3)c(-c3ccccc3)n2-c2ccccc2)cc1,False,True
Cn1c(=O)c2cc3ccc4cccc5ccc(c2c1=O)c3c45,O=c1[nH]c(=O)c2c1cc1ccc3cccc4ccc2c1c34,O=c1[nH]c(=O)c2c1cc1ccc3cccc4ccc2c1c34,True,False
Cc1cc(=O)oc2cc3[nH]c(-c4ccccc4)nc3cc12,O=c1ccc2cc3nc(-c4ccccc4)[nH]c3cc2o1,O=c1ccc2cc3nc(-c4ccccc4)[nH]c3cc2o1,True,False
CC1c2cc(-c3c4ccccc4cc4ccccc34)ccc2-c2cc3nc(-c4ccccc4)c(-c4ccccc4)nc3cc21,c1ccc(-c2nc3cc4c(cc3nc2-c2ccccc2)-c2ccc(-c3c5ccccc5cc5ccccc35)cc2C4)cc1,c1ccc(-c2nc3cc4c(cc3nc2-c2ccccc2)-c2ccc(-c3c5ccccc5cc5ccccc35)cc2C4)cc1,True,False
CC(C)[Si](C#Cc1c2cc3ccccc3cc2c(C#C[Si](C(C)C)(C(C)C)C(C)C)c2cc3ccccc3cc12)(C(C)C)C(C)C,c1ccc2cc3cc4cc5ccccc5cc4cc3cc2c1,c1ccc2cc3cc4cc5ccccc5cc4cc3cc2c1,True,False
c1ccc(N(c2ccc(-c3ccc(N(c4ccccc4)c4cccc5ccccc45)s3)s2)c2cccc3ccccc23)cc1,c1ccc(N(c2ccc(-c3ccc(N(c4ccccc4)c4cccc5ccccc45)s3)s2)c2cccc3ccccc23)cc1,c1ccc(N(c2ccc(-c3ccc(N(c4ccccc4)c4cccc5ccccc45)s3)s2)c2cccc3ccccc23)cc1,True,False
N#CC(C#N)=Cc1ccc(-c2ccc(N(c3ccccc3)c3ccccc3)cc2)cc1,c1ccc(-c2ccc(N(c3ccccc3)c3ccccc3)cc2)cc1,c1ccc(-c2ccc(N(c3ccccc3)c3ccccc3)cc2)cc1,True,False
Cc1cc(C2=C(c3cc(C)sc3C)C(=O)C(=Cc3ccc(N(C)C)cc3)C2)c(C)s1,O=C1C(=Cc2ccccc2)CC(c2ccsc2)=C1c1ccsc1,O=C1C(=Cc2ccccc2)CC(c2ccsc2)=C1c1ccsc1,True,False
O=C1C(O)=C(C(Nc2ccc([N+](=O)[O-])cc2Cl)c2ccccc2)C(=O)c2ccccc21,O=C1C=C(C(Nc2ccccc2)c2ccccc2)C(=O)c2ccccc21,O=C1C=C(C(Nc2ccccc2)c2ccccc2)C(=O)c2ccccc21,False,True
CN(C)c1ccc(C(=C(C#N)C#N)C(=C(C#N)C#N)c2ccc(C(=O)O)cc2)cc1,C=C(C(=C)c1ccccc1)c1ccccc1,C=C(C(=C)c1ccccc1)c1ccccc1,True,False
NC(Cc1c[nH]c2ccccc12)C(=O)O,c1ccc2[nH]ccc2c1,c1ccc2[nH]ccc2c1,True,False
CN(C)CCNC(=O)Nc1ccc2c(Nc3ccc(N(C)C)cc3)c3ccc(NC(=O)NCCN(C)C)cc3nc2c1,c1ccc(Nc2c3ccccc3nc3ccccc23)cc1,c1ccc(Nc2c3ccccc3nc3ccccc23)cc1,True,False
Cc1ccc2c(N=Nc3ccccc3)ccc(OC(=O)c3ccccc3)c2n1,O=C(Oc1ccc(N=Nc2ccccc2)c2cccnc12)c1ccccc1,O=C(Oc1ccc(N=Nc2ccccc2)c2cccnc12)c1ccccc1,True,False
Nc1nc2c(N=Nc3ccccc3[N+](=O)[O-])c(N)nn2c(N)c1N=Nc1nccs1,c1ccc(N=Nc2cnn3cc(N=Nc4nccs4)cnc23)cc1,c1ccc(N=Nc2cnn3cc(N=Nc4nccs4)cnc23)cc1,True,False
Oc1ccccc1-c1sc(-c2ccc(Cl)cc2)nc1O,c1ccc(-c2cnc(-c3ccccc3)s2)cc1,c1ccc(-c2cnc(-c3ccccc3)s2)cc1,True,False
CN(C)c1ccc(C=Cc2cc(-c3ccccc3)c(C=CC3=C(C#N)C(=C(C#N)C#N)OC3(C)C)cc2-c2ccccc2)cc1,C=C1C=C(C=Cc2cc(-c3ccccc3)c(C=Cc3ccccc3)cc2-c2ccccc2)CO1,C=C1C=C(C=Cc2cc(-c3ccccc3)c(C=Cc3ccccc3)cc2-c2ccccc2)CO1,True,False
COC(=O)CCC(=O)C1=Nc2ccc3ccccc3c2C1(C)C,C1=Nc2ccc3ccccc3c2C1,C1=Nc2ccc3ccccc3c2C1,True,False
N#Cc1ccc(C2=C3C(=O)NC(c4ccccc4)=C3C(=O)N2)cc1,O=C1NC(c2ccccc2)=C2C(=O)NC(c3ccccc3)=C12,O=C1NC(c2ccccc2)=C2C(=O)NC(c3ccccc3)=C12,True,False
COc1ccc(NC2=C(Br)C(=O)OC2OCc2ccccc2)cc1,O=C1C=C(Nc2ccccc2)C(OCc2ccccc2)O1,O=C1C=C(Nc2ccccc2)C(OCc2ccccc2)O1,False,True
CN(C)c1ccc(C(=C(C#N)C#N)C(=C(C#N)C#N)c2ccc(C=O)s2)cc1,C=C(C(=C)c1cccs1)c1ccccc1,C=C(C(=C)c1cccs1)c1ccccc1,True,False
Cc1cc(C)c(N=Cc2cc(C)cc(C(c3ccccc3)c3ccccc3)c2O)c(C)c1,C(=Nc1ccccc1)c1cccc(C(c2ccccc2)c2ccccc2)c1,C(=Nc1ccccc1)c1cccc(C(c2ccccc2)c2ccccc2)c1,True,False
COc1ccc(C(=O)c2ccccc2)c(O)c1,O=C(c1ccccc1)c1ccccc1,O=C(c1ccccc1)c1ccccc1,True,False
CCOC(=O)c1cc2c(n1Cc1ccccc1)-c1[nH]c(=O)c(S(=O)(=O)c3ccccc3)cc1CC2,O=c1[nH]c2c(cc1S(=O)(=O)c1ccccc1)CCc1ccn(Cc3ccccc3)c1-2,O=c1[nH]c2c(cc1S(=O)(=O)c1ccccc1)CCc1ccn(Cc3ccccc3)c1-2,True,False
Nc1ccc2cc3c(cc2c1)C(=O)N(c1ccccc1)C3=O,O=C1c2cc3ccccc3cc2C(=O)N1c1ccccc1,O=C1c2cc3ccccc3cc2C(=O)N1c1ccccc1,True,False
C=Cc1ccncc1,c1ccncc1,c1ccncc1,False,True
C(=Cc1nc2ccccc2s1)c1ccc(-n2c3ccccc3c3ccccc32)cc1,C(=Cc1nc2ccccc2s1)c1ccc(-n2c3ccccc3c3ccccc32)cc1,C(=Cc1nc2ccccc2s1)c1ccc(-n2c3ccccc3c3ccccc32)cc1,True,False
O=C1c2cccc([N+](=O)[O-])c2C(=O)c2c1cccc2[N+](=O)[O-],O=C1c2ccccc2C(=O)c2ccccc21,O=C1c2ccccc2C(=O)c2ccccc21,True,False
CSc1ccc(C=Cc2ccn3cc(-c4ccccc4)nc3c2)cc1,C(=Cc1ccn2cc(-c3ccccc3)nc2c1)c1ccccc1,C(=Cc1ccn2cc(-c3ccccc3)nc2c1)c1ccccc1,False,True
N#Cc1c2c3c(oc(=O)c2c(=N)n2[nH]c(-c4ccccc4)cc12)-c1ccccc1CC3,N=c1c2c(=O)oc3c(c2cc2cc(-c4ccccc4)[nH]n12)CCc1ccccc1-3,N=c1c2c(=O)oc3c(c2cc2cc(-c4ccccc4)[nH]n12)CCc1ccccc1-3,True,False
CC(=NNC(=O)c1ccccc1N)c1cccc(C(C)=NNC(=O)c2ccccc2N)n1,O=C(NN=Cc1cccc(C=NNC(=O)c2ccccc2)n1)c1ccccc1,O=C(NN=Cc1cccc(C=NNC(=O)c2ccccc2)n1)c1ccccc1,True,False
CCn1cc(C=C(C#N)c2nc3ccccc3[nH]2)c2ccccc21,C(=Cc1c[nH]c2ccccc12)c1nc2ccccc2[nH]1,C(=Cc1c[nH]c2ccccc12)c1nc2ccccc2[nH]1,False,True
COc1ccc(-c2c(N=NC3NC=C([N+](=O)[O-])S3)sc(N)c2C#N)cc1,C1=CSC(N=Nc2sccc2-c2ccccc2)N1,C1=CSC(N=Nc2sccc2-c2ccccc2)N1,True,False
COc1ccc(-c2cc(C3=C(c4cc(-c5ccc(OC)cc5)sc4C)C(F)(F)C(F)(F)C3(F)F)c(C)s2)cc1,c1ccc(-c2cc(C3=C(c4csc(-c5ccccc5)c4)CCC3)cs2)cc1,c1ccc(-c2cc(C3=C(c4csc(-c5ccccc5)c4)CCC3)cs2)cc1,False,True
COc1ccc(N=Nc2ccc(OC(=O)c3ccccc3)c3nc(C)ccc23)cc1,O=C(Oc1ccc(N=Nc2ccccc2)c2cccnc12)c1ccccc1,O=C(Oc1ccc(N=Nc2ccccc2)c2cccnc12)c1ccccc1,True,False
c1ccc(-c2ccc3nc(Nc4ccc5cc(-c6ccccc6)ccc5n4)ccc3c2)cc1,c1ccc(-c2ccc3nc(Nc4ccc5cc(-c6ccccc6)ccc5n4)ccc3c2)cc1,c1ccc(-c2ccc3nc(Nc4ccc5cc(-c6ccccc6)ccc5n4)ccc3c2)cc1,True,False
C1=CC(c2ccccc2)(c2ccc(Oc3ccc4ccccc4c3)cc2)Oc2ccc3ccccc3c21,C1=CC(c2ccccc2)(c2ccc(Oc3ccc4ccccc4c3)cc2)Oc2ccc3ccccc3c21,C1=CC(c2ccccc2)(c2ccc(Oc3ccc4ccccc4c3)cc2)Oc2ccc3ccccc3c21,True,False
CC1=NN(c2ccccc2)C(=O)C1=CC=C1Sc2ccccc2N1CC(O)CO,O=C1C(=CC=C2Nc3ccccc3S2)C=NN1c1ccccc1,O=C1C(=CC=C2Nc3ccccc3S2)C=NN1c1ccccc1,True,False
c1csc(-c2sc(-c3cccs3)c3cc4ccccc4cc23)c1,c1csc(-c2sc(-c3cccs3)c3cc4ccccc4cc23)c1,c1csc(-c2sc(-c3cccs3)c3cc4ccccc4cc23)c1,True,False
O=C(O)c1cc2nc3c(nc2cc1C(=O)O)-c1ccc(N(c2ccccc2)c2ccccc2)c2cccc-3c12,c1ccc(N(c2ccccc2)c2ccc3c4c(cccc24)-c2nc4ccccc4nc2-3)cc1,c1ccc(N(c2ccccc2)c2ccc3c4c(cccc24)-c2nc4ccccc4nc2-3)cc1,True,False
CC[C@H](C(=O)N1C[C@H]1C(=O)O[C@H](CCc1ccc(OC)c(OC)c1)c1cccc(OCC(=O)O)c1)c1cc(OC)c(OC)c(OC)c1,O=C(O[C@H](CCc1ccccc1)c1ccccc1)[C@@H]1CN1C(=O)Cc1ccccc1,O=C(O[C@H](CCc1ccccc1)c1ccccc1)[C@@H]1CN1C(=O)Cc1ccccc1,True,False
Cc1ccc(N(CC(=O)O)CC(=O)O)c(OCCOc2cc3cc(-c4ncc(C(=O)O)o4)oc3cc2N(CC(=O)O)CC(=O)O)c1,c1ccc(OCCOc2ccc3oc(-c4ncco4)cc3c2)cc1,c1ccc(OCCOc2ccc3oc(-c4ncco4)cc3c2)cc1,True,False
c1ccc(N(c2ccccc2)c2ccc(C(n3cccn3)n3cccn3)cc2)cc1,c1ccc(N(c2ccccc2)c2ccc(C(n3cccn3)n3cccn3)cc2)cc1,c1ccc(N(c2ccccc2)c2ccc(C(n3cccn3)n3cccn3)cc2)cc1,True,False
CCN(CC)c1ccc(C=Cc2ccn3cc(-c4ccccc4-c4ccc(Cl)cc4)nc3c2)cc1,C(=Cc1ccn2cc(-c3ccccc3-c3ccccc3)nc2c1)c1ccccc1,C(=Cc1ccn2cc(-c3ccccc3-c3ccccc3)nc2c1)c1ccccc1,True,False
c1ccc(P(c2ccccc2)c2c3ccccc3c(P(c3ccccc3)c3ccccc3)c3ccccc23)cc1,c1ccc(P(c2ccccc2)c2c3ccccc3c(P(c3ccccc3)c3ccccc3)c3ccccc23)cc1,c1ccc(P(c2ccccc2)c2c3ccccc3c(P(c3ccccc3)c3ccccc3)c3ccccc23)cc1,True,False
O=c1ccc2ccc3occc3c2o1,O=c1ccc2ccc3occc3c2o1,O=c1ccc2ccc3occc3c2o1,False,True
COc1cc(C=CC2=CC2=C(C#N)C#N)ccc1O,C=C1C=C1C=Cc1ccccc1,C=C1C=C1C=Cc1ccccc1,True,False
CN1C(=O)C(c2cnc3ccccc3c2)=C(c2c[nH]c3ccccc23)C1=O,O=C1NC(=O)C(c2c[nH]c3ccccc23)=C1c1cnc2ccccc2c1,O=C1NC(=O)C(c2c[nH]c3ccccc23)=C1c1cnc2ccccc2c1,True,False
CCn1c2ccccc2c2ccccc21,c1ccc2c(c1)[nH]c1ccccc12,c1ccc2c(c1)[nH]c1ccccc12,True,False
Fc1ccccc1-c1nnc(-c2ccn3c(nc4ccccc43)c2-c2ccccc2)o1,c1ccc(-c2nnc(-c3ccn4c(nc5ccccc54)c3-c3ccccc3)o2)cc1,c1ccc(-c2nnc(-c3ccn4c(nc5ccccc54)c3-c3ccccc3)o2)cc1,True,False
COc1cc(OC)cc(-c2ccccc2O)c1,c1ccc(-c2ccccc2)cc1,c1ccc(-c2ccccc2)cc1,True,False
CC1c2cc(-c3ccccc3)ccc2-c2cc3nc4c5cccc6ccc7cccc(c4nc3cc21)c7c65,c1ccc(-c2ccc3c(c2)Cc2cc4nc5c6cccc7ccc8cccc(c5nc4cc2-3)c8c76)cc1,c1ccc(-c2ccc3c(c2)Cc2cc4nc5c6cccc7ccc8cccc(c5nc4cc2-3)c8c76)cc1,True,False
c1ccc2c(c1)c1ccccc1n2-c1cncc(-c2cncc(-n3c4ccccc4c4ccccc43)n2)c1,c1ccc2c(c1)c1ccccc1n2-c1cncc(-c2cncc(-n3c4ccccc4c4ccccc43)n2)c1,c1ccc2c(c1)c1ccccc1n2-c1cncc(-c2cncc(-n3c4ccccc4c4ccccc43)n2)c1,True,False
COc1ccc(N=Nc2c(N)n3c(nc4ccccc43)[nH]c2=O)cc1,O=c1[nH]c2nc3ccccc3n2cc1N=Nc1ccccc1,O=c1[nH]c2nc3ccccc3n2cc1N=Nc1ccccc1,False,True
c1ccc(-n2c3ccccc3c3ccccc32)cc1,c1ccc(-n2c3ccccc3c3ccccc32)cc1,c1ccc(-n2c3ccccc3c3ccccc32)cc1,True,False
COc1ccc2nc(N=Nc3c(N)nc4c(N=Nc5nc6ccc(C)cc6s5)c(N)nn4c3N)sc2c1,c1ccc2sc(N=Nc3cnc4c(N=Nc5nc6ccccc6s5)cnn4c3)nc2c1,c1ccc2sc(N=Nc3cnc4c(N=Nc5nc6ccccc6s5)cnn4c3)nc2c1,True,False
CCOC(=O)C1=C(c2ccccc2)NC(=O)C1=Cc1cccc2ccccc12,O=C1NC(c2ccccc2)=CC1=Cc1cccc2ccccc12,O=C1NC(c2ccccc2)=CC1=Cc1cccc2ccccc12,True,False
Nc1nc2c(N=Nc3ccc([N+](=O)[O-])cc3)c(N)nn2c(N)c1N=Nc1nc2ccccc2s1,c1ccc(N=Nc2cnn3cc(N=Nc4nc5ccccc5s4)cnc23)cc1,c1ccc(N=Nc2cnn3cc(N=Nc4nc5ccccc5s4)cnc23)cc1,True,False
CCc1cc(C)cc(CC)c1N=Cc1cc(C)cc(C(c2ccccc2)c2ccccc2)c1O,C(=Nc1ccccc1)c1cccc(C(c2ccccc2)c2ccccc2)c1,C(=Nc1ccccc1)c1cccc(C(c2ccccc2)c2ccccc2)c1,True,False
Cc1c(-c2nc3ccccc3s2)sc2cc(C=Cc3ccccc3)sc12,C(=Cc1cc2sc(-c3nc4ccccc4s3)cc2s1)c1ccccc1,C(=Cc1cc2sc(-c3nc4ccccc4s3)cc2s1)c1ccccc1,True,False
Cc1ccc(S(N)(=O)=O)cc1,c1ccccc1,c1ccccc1,False,True
CC(=O)Oc1cc2[nH]c3ccc(Cl)cc3c2cc1Cl,c1ccc2c(c1)[nH]c1ccccc12,c1ccc2c(c1)[nH]c1ccccc12,True,False
N#Cc1cc(N)c(C#N)cc1N,c1ccccc1,c1ccccc1,False,True
O=[n+]1c2ccc([O-])cc2oc2cc(O)ccc21,O=[n+]1c2ccccc2oc2ccccc21,O=[n+]1c2ccccc2oc2ccccc21,False,True
O=[N+]([O-])c1ccc([C@H]2CO2)cc1,c1ccc([C@H]2CO2)cc1,c1ccc([C@H]2CO2)cc1,True,False
Oc1ccccc1-c1sc(-c2ccccc2)nc1O,c1ccc(-c2cnc(-c3ccccc3)s2)cc1,c1ccc(-c2cnc(-c3ccccc3)s2)cc1,True,False
CCOC(=O)C1=C(c2ccc3ccccc3c2)NC(=O)C1=NNc1ccc([N+](=O)[O-])cc1,O=C1NC(c2ccc3ccccc3c2)=CC1=NNc1ccccc1,O=C1NC(c2ccc3ccccc3c2)=CC1=NNc1ccccc1,True,False
CCCOc1cc(-c2ccc(-c3ccc(N(c4ccccc4)c4ccccc4)cc3)s2)c(OCCC)cc1C=C(C#N)C(=O)O,c1ccc(-c2ccc(-c3ccc(N(c4ccccc4)c4ccccc4)cc3)s2)cc1,c1ccc(-c2ccc(-c3ccc(N(c4ccccc4)c4ccccc4)cc3)s2)cc1,True,False
COc1c2ccccc2c(OC)c2c1c1cc(C)ccc1n2C,c1ccc2cc3c(cc2c1)[nH]c1ccccc13,c1ccc2cc3c(cc2c1)[nH]c1ccccc13,True,False
CC1(C)CCN2CCC(C)(C)c3c2c1cc1c(C(F)(F)F)cc(=O)oc31,O=c1ccc2cc3c4c(c2o1)CCCN4CCC3,O=c1ccc2cc3c4c(c2o1)CCCN4CCC3,True,False
c1ccc(-n2c(-c3ccc(-n4c5ccccc5c5c6ccccc6c(-c6cccc7c6sc6ccccc67)cc54)cc3)nc3ccccc32)cc1,c1ccc(-n2c(-c3ccc(-n4c5ccccc5c5c6ccccc6c(-c6cccc7c6sc6ccccc67)cc54)cc3)nc3ccccc32)cc1,c1ccc(-n2c(-c3ccc(-n4c5ccccc5c5c6ccccc6c(-c6cccc7c6sc6ccccc67)cc54)cc3)nc3ccccc32)cc1,True,False
COc1ccc(C=c2oc(=Cc3ccc(N(C)C)cc3)c3cc(OC)c(OC)cc23)cc1,C(c1ccccc1)=c1oc(=Cc2ccccc2)c2ccccc12,C(c1ccccc1)=c1oc(=Cc2ccccc2)c2ccccc12,True,False
CC1=NC(=Cc2ccc(N(C)C)cc2)C(=O)N1C,O=C1NC=NC1=Cc1ccccc1,O=C1NC=NC1=Cc1ccccc1,True,False
CN(C)c1cccc2c(S(N)(=O)=O)cccc12,c1ccc2ccccc2c1,c1ccc2ccccc2c1,True,False
O=C(O)c1cccc(Cc2cccc(C(=O)O)c2O)c1O,c1ccc(Cc2ccccc2)cc1,c1ccc(Cc2ccccc2)cc1,False,True
CC(C)(C)OC(=O)N[C@@H](Cc1c[nH]c2ccccc12)C(=O)OCc1ccc2c3cccc4cccc(c5cccc1c52)c43,O=C(CCc1c[nH]c2ccccc12)OCc1ccc2c3cccc4cccc(c5cccc1c52)c43,O=C(CCc1c[nH]c2ccccc12)OCc1ccc2c3cccc4cccc(c5cccc1c52)c43,True,False
O=C1C(=Cc2ccc([N+](=O)[O-])cc2)N=C(c2ccccc2)N1Cc1ccccc1,O=C1C(=Cc2ccccc2)N=C(c2ccccc2)N1Cc1ccccc1,O=C1C(=Cc2ccccc2)N=C(c2ccccc2)N1Cc1ccccc1,False,True
CC(=O)Nc1ccc2c3cccc4cccc(c5cccc1c52)c43,c1cc2cccc3c4cccc5cccc(c(c1)c23)c54,c1cc2cccc3c4cccc5cccc(c(c1)c23)c54,False,True
CC1(C)Nc2cccc3c(N=Nc4ccc(N=Nc5ccccc5)c5ccccc45)ccc(c23)N1,c1ccc(N=Nc2ccc(N=Nc3ccc4c5c(cccc35)NCN4)c3ccccc23)cc1,c1ccc(N=Nc2ccc(N=Nc3ccc4c5c(cccc35)NCN4)c3ccccc23)cc1,True,False
Fc1ccc(C=Cc2ccc(-c3nnc(-c4c5ccccc5cc5ccccc45)o3)cc2)cc1,C(=Cc1ccc(-c2nnc(-c3c4ccccc4cc4ccccc34)o2)cc1)c1ccccc1,C(=Cc1ccc(-c2nnc(-c3c4ccccc4cc4ccccc34)o2)cc1)c1ccccc1,True,False
COc1cc2cc(C#N)c3ccc(C)cc3c2cc1OC,c1ccc2c(c1)ccc1ccccc12,c1ccc2c(c1)ccc1ccccc12,True,False
Cc1ccc(C(=Cc2ccc3ccccc3n2)NN=Cc2ccccc2)cc1,C(=NNC(=Cc1ccc2ccccc2n1)c1ccccc1)c1ccccc1,C(=NNC(=Cc1ccc2ccccc2n1)c1ccccc1)c1ccccc1,False,True
CCCNc1ccc(C2=c3cc4c(cc3OC2=O)=C(c2ccccc2)C(=O)O4)cc1,O=C1Oc2cc3c(cc2=C1c1ccccc1)OC(=O)C=3c1ccccc1,O=C1Oc2cc3c(cc2=C1c1ccccc1)OC(=O)C=3c1ccccc1,True,False
COc1cc(-c2ccc(NC(=O)C(CC(C)C)N3C(=O)c4cccc5c(NCCN(C)C)ccc(c45)C3=O)c(OC)c2)ccc1N,O=C(CN1C(=O)c2cccc3cccc(c23)C1=O)Nc1ccc(-c2ccccc2)cc1,O=C(CN1C(=O)c2cccc3cccc(c23)C1=O)Nc1ccc(-c2ccccc2)cc1,False,True
Cn1ccc(-c2ccccc2)c1,c1ccc(-c2cc[nH]c2)cc1,c1ccc(-c2cc[nH]c2)cc1,True,False
CN(C)c1ccc(-c2nc(-c3ccc(C#N)cc3)[nH]c2-c2ccc(N(C)C)cc2)cc1,c1ccc(-c2nc(-c3ccccc3)c(-c3ccccc3)[nH]2)cc1,c1ccc(-c2nc(-c3ccccc3)c(-c3ccccc3)[nH]2)cc1,False,True
O=C(OCc1ccc2c3cccc4cccc(c5cccc1c52)c43)Oc1ccccc1,O=C(OCc1ccc2c3cccc4cccc(c5cccc1c52)c43)Oc1ccccc1,O=C(OCc1ccc2c3cccc4cccc(c5cccc1c52)c43)Oc1ccccc1,True,False
O=C(c1ccccc1)c1c2[nH]c3cccnc3nc-2n(CCc2ccccc2)c1=O,O=C(c1ccccc1)c1c2[nH]c3cccnc3nc-2n(CCc2ccccc2)c1=O,O=C(c1ccccc1)c1c2[nH]c3cccnc3nc-2n(CCc2ccccc2)c1=O,True,False
CC1c2cc3nc(-c4c(F)cccc4F)[nH]c3cc2-c2cc3[nH]c(-c4c(F)cccc4F)nc3cc21,c1ccc(-c2nc3cc4c(cc3[nH]2)-c2cc3[nH]c(-c5ccccc5)nc3cc2C4)cc1,c1ccc(-c2nc3cc4c(cc3[nH]2)-c2cc3[nH]c(-c5ccccc5)nc3cc2C4)cc1,True,False
COC1=C(C=Cc2ccc(O)cc2)CC(C)(C)CC1=C(C#N)C#N,C=C1C=C(C=Cc2ccccc2)CCC1,C=C1C=C(C=Cc2ccccc2)CCC1,True,False
CC(=NN(C(N)=S)c1ccc(Cl)cc1)c1n[nH]c(C(C)=NN(C(N)=S)c2ccc(Cl)cc2)n1,C(=NNc1ccccc1)c1n[nH]c(C=NNc2ccccc2)n1,C(=NNc1ccccc1)c1n[nH]c(C=NNc2ccccc2)n1,True,False
Brc1ccc(-c2ccc(-c3ccc4ccccc4n3)nc2)cc1,c1ccc(-c2ccc(-c3ccc4ccccc4n3)nc2)cc1,c1ccc(-c2ccc(-c3ccc4ccccc4n3)nc2)cc1,False,True
CN1C(=O)C(=C2C=C(c3ccccc3)Oc3ccccc32)C(=O)N(C)C1=O,O=C1NC(=O)C(=C2C=C(c3ccccc3)Oc3ccccc32)C(=O)N1,O=C1NC(=O)C(=C2C=C(c3ccccc3)Oc3ccccc32)C(=O)N1,True,False
COc1ccc(C=CC(=O)c2ccccc2O)cc1,O=C(C=Cc1ccccc1)c1ccccc1,O=C(C=Cc1ccccc1)c1ccccc1,True,False
CCn1c2ccccc2c2cc(-c3nc(-c4cccs4)c(-c4cccs4)n3-c3ccc(OC)cc3)ccc21,c1ccc(-n2c(-c3ccc4[nH]c5ccccc5c4c3)nc(-c3cccs3)c2-c2cccs2)cc1,c1ccc(-n2c(-c3ccc4[nH]c5ccccc5c4c3)nc(-c3cccs3)c2-c2cccs2)cc1,True,False
OCc1cccnc1,c1ccncc1,c1ccncc1,False,True
Cc1ccc(NC(C2=C(O)C(=O)c3ccccc3C2=O)c2ccc(Cl)cc2Cl)cc1,O=C1C=C(C(Nc2ccccc2)c2ccccc2)C(=O)c2ccccc21,O=C1C=C(C(Nc2ccccc2)c2ccccc2)C(=O)c2ccccc21,False,True
CN1c2ccccc2Oc2cc(-c3ccc(C=C(C#N)C(=O)O)o3)ccc21,c1coc(-c2ccc3c(c2)Oc2ccccc2N3)c1,c1coc(-c2ccc3c(c2)Oc2ccccc2N3)c1,True,False
N#CC(=Cc1ccc(-c2ccc(C=C3c4ccccc4-c4ccccc43)s2)s1)C(=O)O,C(=C1c2ccccc2-c2ccccc21)c1ccc(-c2cccs2)s1,C(=C1c2ccccc2-c2ccccc21)c1ccc(-c2cccs2)s1,True,False
CN1c2ccccc2Sc2cccc(C=Nc3ccc4ccccc4c3)c21,C(=Nc1ccc2ccccc2c1)c1cccc2c1Nc1ccccc1S2,C(=Nc1ccc2ccccc2c1)c1cccc2c1Nc1ccccc1S2,False,True
Brc1cccc2ccccc12,c1ccc2ccccc2c1,c1ccc2ccccc2c1,True,False
CC(C)n1c2nc(-c3ccccc3)nc(=O)c-2[n+]([O-])c2ccccc21,O=c1nc(-c2ccccc2)nc2[nH]c3ccccc3[nH+]c1-2,O=c1nc(-c2ccccc2)nc2[nH]c3ccccc3[nH+]c1-2,True,False
CCN(CC)c1cc(NC(C)=O)c(N=Nc2cc3c(=O)[nH][nH]c(=O)c3cc2[N+](=O)[O-])cc1OC,O=c1[nH][nH]c(=O)c2cc(N=Nc3ccccc3)ccc12,O=c1[nH][nH]c(=O)c2cc(N=Nc3ccccc3)ccc12,False,True
CC(C)(c1ccc(O)cc1)c1ccc(O)cc1,c1ccc(Cc2ccccc2)cc1,c1ccc(Cc2ccccc2)cc1,False,True
N#CC(=Cc1ccccc1)c1ccc(N(c2ccccc2)c2ccccc2)cc1,C(=Cc1ccc(N(c2ccccc2)c2ccccc2)cc1)c1ccccc1,C(=Cc1ccc(N(c2ccccc2)c2ccccc2)cc1)c1ccccc1,False,True
COc1c(C=C(c2ccccc2)c2ccccc2)cc2c3ccccc3n(C)c2c1C=C(c1ccccc1)c1ccccc1,C(=C(c1ccccc1)c1ccccc1)c1cc(C=C(c2ccccc2)c2ccccc2)c2[nH]c3ccccc3c2c1,C(=C(c1ccccc1)c1ccccc1)c1cc(C=C(c2ccccc2)c2ccccc2)c2[nH]c3ccccc3c2c1,True,False
COc1ccc(C=Cc2ccc(-c3nc(-c4ccccc4)c(-c4ccccc4)n3-c3ccccc3)cc2)cc1OC,C(=Cc1ccc(-c2nc(-c3ccccc3)c(-c3ccccc3)n2-c2ccccc2)cc1)c1ccccc1,C(=Cc1ccc(-c2nc(-c3ccccc3)c(-c3ccccc3)n2-c2ccccc2)cc1)c1ccccc1,False,True
CCCN1c2ccccc2C(C)(C)C12C=Cc1c(ccc3ncccc13)O2,C1=CC2(Cc3ccccc3N2)Oc2ccc3ncccc3c21,C1=CC2(Cc3ccccc3N2)Oc2ccc3ncccc3c21,True,False
COc1ccc2c(COc3ccccc3C)cc(=O)oc2c1,O=c1cc(COc2ccccc2)c2ccccc2o1,O=c1cc(COc2ccccc2)c2ccccc2o1,True,False
Cc1ccsc1-c1ccc(-c2c(F)c(F)c(-c3ccc(-c4sccc4C)s3)c3nsnc23)s1,c1csc(-c2ccc(-c3ccc(-c4ccc(-c5cccs5)s4)c4nsnc34)s2)c1,c1csc(-c2ccc(-c3ccc(-c4ccc(-c5cccs5)s4)c4nsnc34)s2)c1,True,False
COC(=O)c1cc2ccccc2cc1-c1cc2ccccc2cc1C(=O)N(C)[C@@H](C)C(C)(C)C,c1ccc2cc(-c3ccc4ccccc4c3)ccc2c1,c1ccc2cc(-c3ccc4ccccc4c3)ccc2c1,True,False
Cc1nn(-c2ccccc2)c(Cl)c1-c1nc2ccccc2[nH]1,c1ccc(-n2cc(-c3nc4ccccc4[nH]3)cn2)cc1,c1ccc(-n2cc(-c3nc4ccccc4[nH]3)cn2)cc1,True,False
CCC1=C(C)c2cc3[nH]c(c(C)c3CC)c(-c3ccc(O)cc3)c3nc(cc4[nH]c(cc1n2)c(CC)c4C)C(CC)=C3C,C1=Cc2cc3ccc([nH]3)c(-c3ccccc3)c3nc(cc4ccc(cc1n2)[nH]4)C=C3,C1=Cc2cc3ccc([nH]3)c(-c3ccccc3)c3nc(cc4ccc(cc1n2)[nH]4)C=C3,True,False
Oc1ccc2ccccc2c1,c1ccc2ccccc2c1,c1ccc2ccccc2c1,True,False
CCCCOc1cc(-c2cc(C#N)cc(C#N)c2)c(OC)cc1-c1cc(C#N)cc(C#N)c1,c1ccc(-c2ccc(-c3ccccc3)cc2)cc1,c1ccc(-c2ccc(-c3ccccc3)cc2)cc1,False,True
O=C(CC(=O)c1cccs1)c1ccco1,O=C(CC(=O)c1cccs1)c1ccco1,O=C(CC(=O)c1cccs1)c1ccco1,True,False
Brc1ccc(-c2ccc(-c3ccccn3)nc2)cc1,c1ccc(-c2ccc(-c3ccccn3)nc2)cc1,c1ccc(-c2ccc(-c3ccccn3)nc2)cc1,True,False
CC(=C(C#N)C#N)c1ccc2cc(N(C)CCO)ccc2c1,c1ccc2ccccc2c1,c1ccc2ccccc2c1,True,False
Brc1ccc(C=Cc2ccc(-c3nnc(-c4c5ccccc5cc5ccccc45)o3)cc2)cc1,C(=Cc1ccc(-c2nnc(-c3c4ccccc4cc4ccccc34)o2)cc1)c1ccccc1,C(=Cc1ccc(-c2nnc(-c3c4ccccc4cc4ccccc34)o2)cc1)c1ccccc1,True,False
O=C1CN(CC(=O)NCCc2ccccc2)CCN(CC(=O)NCCc2ccccc2)CC(=O)NCCN1,O=C1CN(CC(=O)NCCc2ccccc2)CCN(CC(=O)NCCc2ccccc2)CC(=O)NCCN1,O=C1CN(CC(=O)NCCc2ccccc2)CCN(CC(=O)NCCc2ccccc2)CC(=O)NCCN1,True,False
c1ccc(-c2cc(-c3ccccc3)cc(-c3ccccc3-c3cccc(-n4c5ccccc5c5ccccc54)c3)c2)cc1,c1ccc(-c2cc(-c3ccccc3)cc(-c3ccccc3-c3cccc(-n4c5ccccc5c5ccccc54)c3)c2)cc1,c1ccc(-c2cc(-c3ccccc3)cc(-c3ccccc3-c3cccc(-n4c5ccccc5c5ccccc54)c3)c2)cc1,True,False
CC(C=CCc1csc2ccccc12)=C1C(=O)OC(=O)C1C,O=C1CC(=CC=CCc2csc3ccccc23)C(=O)O1,O=C1CC(=CC=CCc2csc3ccccc23)C(=O)O1,True,False
COc1ccc(-c2ccc(-c3nc(C#N)c(C#N)n3C)cc2)cc1,c1ccc(-c2ccc(-c3ncc[nH]3)cc2)cc1,c1ccc(-c2ccc(-c3ncc[nH]3)cc2)cc1,True,False
CCOC(=O)c1sc2nc(-c3ccco3)cc(C(F)(F)F)c2c1N=Nc1ccc(N(C)C)cc1,c1ccc(N=Nc2csc3nc(-c4ccco4)ccc23)cc1,c1ccc(N=Nc2csc3nc(-c4ccco4)ccc23)cc1,True,False
CC1CC=C(c2ccc(-c3ccc(C#N)s3)s2)CC1,C1=C(c2ccc(-c3cccs3)s2)CCCC1,C1=C(c2ccc(-c3cccs3)s2)CCCC1,False,True
CCOC(=O)C(=CC=CC(O)c1ccccc1)OC(C)=O,c1ccccc1,c1ccccc1,False,True
Cc1cccc(C#Cc2c(F)c(F)c(C#Cc3cccc(C)c3)c(C#Cc3cccc(C)c3)c2C#Cc2cccc(C)c2)c1,C(#Cc1ccc(C#Cc2ccccc2)c(C#Cc2ccccc2)c1C#Cc1ccccc1)c1ccccc1,C(#Cc1ccc(C#Cc2ccccc2)c(C#Cc2ccccc2)c1C#Cc1ccccc1)c1ccccc1,True,False
CN(C)c1ccc(C(C(=C(C#N)C#N)c2ccc([N+](=O)[O-])cc2)=c2c(F)c(F)c(=C(C#N)C#N)c(F)c2F)cc1,C=C(C(c1ccccc1)=c1ccc(=C)cc1)c1ccccc1,C=C(C(c1ccccc1)=c1ccc(=C)cc1)c1ccccc1,True,False
O=Cc1ccc[nH]1,c1cc[nH]c1,c1cc[nH]c1,True,False
c1ccc(-c2c3ccccc3c(-c3ccc4oc5ccc(-c6c7ccccc7c(-c7ccccc7)c7ccccc67)cc5c4c3)c3ccccc23)cc1,c1ccc(-c2c3ccccc3c(-c3ccc4oc5ccc(-c6c7ccccc7c(-c7ccccc7)c7ccccc67)cc5c4c3)c3ccccc23)cc1,c1ccc(-c2c3ccccc3c(-c3ccc4oc5ccc(-c6c7ccccc7c(-c7ccccc7)c7ccccc67)cc5c4c3)c3ccccc23)cc1,False,True
CCN(CC)c1ccc(N=Cc2ccc(C=CC3=C(C#N)C(=C(C#N)C#N)OC3(C)C)s2)cc1,C=C1C=C(C=Cc2ccc(C=Nc3ccccc3)s2)CO1,C=C1C=C(C=Cc2ccc(C=Nc3ccccc3)s2)CO1,True,False
[O-]c1c(Cl)cc(-[n+]2c(-c3ccccc3)cc(-c3ccccc3)cc2-c2ccccc2)cc1Cl,c1ccc(-c2cc(-c3ccccc3)[n+](-c3ccccc3)c(-c3ccccc3)c2)cc1,c1ccc(-c2cc(-c3ccccc3)[n+](-c3ccccc3)c(-c3ccccc3)c2)cc1,True,False
CCN(CC)c1ccc2c(O)c(N=Nc3ccc(C(=O)O)cc3)c(=O)oc2c1,O=c1oc2ccccc2cc1N=Nc1ccccc1,O=c1oc2ccccc2cc1N=Nc1ccccc1,True,False
Oc1ccc2ccccc2c1-c1ccc2ccccc2n1,c1ccc2nc(-c3cccc4ccccc34)ccc2c1,c1ccc2nc(-c3cccc4ccccc34)ccc2c1,True,False
COc1ccc(-c2ccc3c(c2)Sc2cc(C=C(C#N)C(=O)O)ccc2N3c2ccc(OC)cc2)cc1,c1ccc(-c2ccc3c(c2)Sc2ccccc2N3c2ccccc2)cc1,c1ccc(-c2ccc3c(c2)Sc2ccccc2N3c2ccccc2)cc1,False,True
COc1ccc2nc(C=Cc3cc4sc(-c5nc6ccccc6s5)c(C)c4s3)sc2c1,C(=Cc1nc2ccccc2s1)c1cc2sc(-c3nc4ccccc4s3)cc2s1,C(=Cc1nc2ccccc2s1)c1cc2sc(-c3nc4ccccc4s3)cc2s1,True,False
O=Cc1ccc(N(c2ccc(C=O)cc2)c2c3ccccc3cc3ccccc23)cc1,c1ccc(N(c2ccccc2)c2c3ccccc3cc3ccccc23)cc1,c1ccc(N(c2ccccc2)c2c3ccccc3cc3ccccc23)cc1,True,False
CCN(CC)c1nc(-c2ccccc2)c(N=Nc2nccs2)s1,c1ccc(-c2ncsc2N=Nc2nccs2)cc1,c1ccc(-c2ncsc2N=Nc2nccs2)cc1,True,False
COc1ccc(N=Nc2c(-c3ccccc3)[nH]c3ccccc23)cc1,c1ccc(N=Nc2c(-c3ccccc3)[nH]c3ccccc23)cc1,c1ccc(N=Nc2c(-c3ccccc3)[nH]c3ccccc23)cc1,True,False
Cc1ccc2c(-c3cc(-c4cc5ccccc5oc4=O)nc(-c4cc5ccccc5oc4=O)c3)cc(=O)oc2c1,O=c1cc(-c2cc(-c3cc4ccccc4oc3=O)nc(-c3cc4ccccc4oc3=O)c2)c2ccccc2o1,O=c1cc(-c2cc(-c3cc4ccccc4oc3=O)nc(-c3cc4ccccc4oc3=O)c2)c2ccccc2o1,True,False
CC(=O)Nc1ccc(C(=O)NC2=CC(=O)C(=O)c3ccccc32)cc1,O=C1C=C(NC(=O)c2ccccc2)c2ccccc2C1=O,O=C1C=C(NC(=O)c2ccccc2)c2ccccc2C1=O,True,False
O=C(C=Cc1ccccc1)CC(=O)C=Cc1ccccc1,O=C(C=Cc1ccccc1)CC(=O)C=Cc1ccccc1,O=C(C=Cc1ccccc1)CC(=O)C=Cc1ccccc1,True,False
c1ccc(-n2c(-c3ccc(-c4nc(-c5ccc(-c6nc7ccccc7n6-c6ccccc6)cc5)c5ccccc5n4)cc3)nc3ccccc32)cc1,c1ccc(-n2c(-c3ccc(-c4nc(-c5ccc(-c6nc7ccccc7n6-c6ccccc6)cc5)c5ccccc5n4)cc3)nc3ccccc32)cc1,c1ccc(-n2c(-c3ccc(-c4nc(-c5ccc(-c6nc7ccccc7n6-c6ccccc6)cc5)c5ccccc5n4)cc3)nc3ccccc32)cc1,True,False
N#CC(=Cc1ccc2ccccc2c1)c1ccc(N(c2ccccc2)c2ccc3ccccc3c2)cc1,C(=Cc1ccc2ccccc2c1)c1ccc(N(c2ccccc2)c2ccc3ccccc3c2)cc1,C(=Cc1ccc2ccccc2c1)c1ccc(N(c2ccccc2)c2ccc3ccccc3c2)cc1,True,False
Cc1ccc(-c2cc(-c3nnc(-c4ccn5c(C)nc(Cl)c5c4)o3)n(Cc3ccccc3)n2)cc1,c1ccc(Cn2nc(-c3ccccc3)cc2-c2nnc(-c3ccn4cncc4c3)o2)cc1,c1ccc(Cn2nc(-c3ccccc3)cc2-c2nnc(-c3ccn4cncc4c3)o2)cc1,True,False
CCC1(CC)c2cc(C=C(C#N)C(=O)O)ccc2-c2ccc(-c3ccc(-c4ccc5ccc6cccc7ccc4c5c67)s3)cc21,c1ccc2c(c1)Cc1cc(-c3ccc(-c4ccc5ccc6cccc7ccc4c5c67)s3)ccc1-2,c1ccc2c(c1)Cc1cc(-c3ccc(-c4ccc5ccc6cccc7ccc4c5c67)s3)ccc1-2,True,False
O=[N+]([O-])c1cccc(N=NC(=NNc2ccccc2)c2ccccc2)c1,c1ccc(N=NC(=NNc2ccccc2)c2ccccc2)cc1,c1ccc(N=NC(=NNc2ccccc2)c2ccccc2)cc1,True,False
N#CC(C#N)=C1C=C(Nc2ccc([N+](=O)[O-])cc2)c2ccccc21,C=C1C=C(Nc2ccccc2)c2ccccc21,C=C1C=C(Nc2ccccc2)c2ccccc21,True,False
COc1ccc2c(c1)-c1oc(=O)c3c(=N)n4[nH]c(-c5ccccc5)cc4c(C#N)c3c1CC2,N=c1c2c(=O)oc3c(c2cc2cc(-c4ccccc4)[nH]n12)CCc1ccccc1-3,N=c1c2c(=O)oc3c(c2cc2cc(-c4ccccc4)[nH]n12)CCc1ccccc1-3,True,False
Oc1cccc2ccccc12,c1ccc2ccccc2c1,c1ccc2ccccc2c1,True,False
O=C(O)c1cccnc1NC1CC1,c1ccc(NC2CC2)nc1,c1ccc(NC2CC2)nc1,True,False
CC(C)c1ccc(N=Cc2cc(N=Nc3ccccc3)ccc2O)cc1,C(=Nc1ccccc1)c1cccc(N=Nc2ccccc2)c1,C(=Nc1ccccc1)c1cccc(N=Nc2ccccc2)c1,False,True
COc1ccc(Cc2nnc3sc(-c4ccc(-c5ccc(-c6ccccc6)cc5)cc4)nn23)cc1,c1ccc(Cc2nnc3sc(-c4ccc(-c5ccc(-c6ccccc6)cc5)cc4)nn23)cc1,c1ccc(Cc2nnc3sc(-c4ccc(-c5ccc(-c6ccccc6)cc5)cc4)nn23)cc1,True,False
COc1cccc(Cn2c(C(=O)NC3CCN(C(C)C)CC3)cc3ccccc32)c1,O=C(NC1CCNCC1)c1cc2ccccc2n1Cc1ccccc1,O=C(NC1CCNCC1)c1cc2ccccc2n1Cc1ccccc1,False,True
C=C(c1ccccc1Br)c1[nH]c2ccccc2c1CCNS(=O)(=O)c1ccccc1[N+](=O)[O-],C=C(c1ccccc1)c1[nH]c2ccccc2c1CCNS(=O)(=O)c1ccccc1,C=C(c1ccccc1)c1[nH]c2ccccc2c1CCNS(=O)(=O)c1ccccc1,True,False
C(#Cc1cc(C#Cc2ccccc2)nc(C#Cc2ccccc2)n1)c1ccccc1,C(#Cc1cc(C#Cc2ccccc2)nc(C#Cc2ccccc2)n1)c1ccccc1,C(#Cc1cc(C#Cc2ccccc2)nc(C#Cc2ccccc2)n1)c1ccccc1,False,True
CCN(CCO)c1ccc(N=Nc2ccc([N+](=O)[O-])cc2)cc1,c1ccc(N=Nc2ccccc2)cc1,c1ccc(N=Nc2ccccc2)cc1,False,True
O=C1c2ccccc2-c2ccccc21,O=C1c2ccccc2-c2ccccc21,O=C1c2ccccc2-c2ccccc21,True,False
COc1ccc(N(c2ccc(OC)cc2)c2ccc(-c3ccc(C=C(C#N)C(=O)O)s3)cc2)cc1,c1ccc(N(c2ccccc2)c2ccc(-c3cccs3)cc2)cc1,c1ccc(N(c2ccccc2)c2ccc(-c3cccs3)cc2)cc1,True,False
Nc1ccn([C@@H]2O[C@H](COP(=O)(O)O)[C@@H](O)[C@H]2O)c(=O)n1,O=c1ncccn1[C@H]1CCCO1,O=c1ncccn1[C@H]1CCCO1,True,False
CC(=O)Nc1c(N)cc(C(=O)O)cc1O,c1ccccc1,c1ccccc1,False,True
C#CCOC(=O)[C@H](Cc1ccccc1)NC1=C(Br)C(=O)O[C@@H]1OC1CC(C)CCC1C(C)C,O=C1C=C(NCCc2ccccc2)[C@@H](OC2CCCCC2)O1,O=C1C=C(NCCc2ccccc2)[C@@H](OC2CCCCC2)O1,True,False
CC1c2ccccc2-c2ccc(-c3sc(-c4ccc(C=C(C#N)c5cccs5)s4)c4ccccc34)cc21,C(=Cc1ccc(-c2sc(-c3ccc4c(c3)Cc3ccccc3-4)c3ccccc23)s1)c1cccs1,C(=Cc1ccc(-c2sc(-c3ccc4c(c3)Cc3ccccc3-4)c3ccccc23)s1)c1cccs1,True,False
Nc1ccc(-c2nc3ccccc3s2)c(O)c1,c1ccc(-c2nc3ccccc3s2)cc1,c1ccc(-c2nc3ccccc3s2)cc1,True,False
O=C(C=Cc1ccc([N+](=O)[O-])cc1)c1ccccc1O,O=C(C=Cc1ccccc1)c1ccccc1,O=C(C=Cc1ccccc1)c1ccccc1,True,False
CN(C)c1ccc(C=Cc2ccncc2)cc1,C(=Cc1ccncc1)c1ccccc1,C(=Cc1ccncc1)c1ccccc1,True,False
COc1ccc2nc3nc4c(cc3cc2c1)-c1ccccc1C4,c1ccc2c(c1)Cc1nc3nc4ccccc4cc3cc1-2,c1ccc2c(c1)Cc1nc3nc4ccccc4cc3cc1-2,True,False
COc1cc(-c2ccccc2C#N)c(OC)cc1-c1ccccc1C#N,c1ccc(-c2ccc(-c3ccccc3)cc2)cc1,c1ccc(-c2ccc(-c3ccccc3)cc2)cc1,False,True
Oc1cccc(O)c1-c1nc2ccccc2o1,c1ccc(-c2nc3ccccc3o2)cc1,c1ccc(-c2nc3ccccc3o2)cc1,True,False
Cc1ccc(NCc2c3ccccc3cc3ccccc23)cc1,c1ccc(NCc2c3ccccc3cc3ccccc23)cc1,c1ccc(NCc2c3ccccc3cc3ccccc23)cc1,True,False
COc1ccc2nc(N=Nc3ccc(O)c4ncccc34)sc2c1,c1ccc2sc(N=Nc3cccc4ncccc34)nc2c1,c1ccc2sc(N=Nc3cccc4ncccc34)nc2c1,True,False
COCC(CCc1ccc2ccc3c(C(=O)O)ccc4ccc1c2c43)OC,c1cc2ccc3cccc4ccc(c1)c2c34,c1cc2ccc3cccc4ccc(c1)c2c34,True,False
NS(=O)(=O)c1ccc(-c2c(-c3ccc(F)cc3)[nH]c3ccccc23)cc1,c1ccc(-c2[nH]c3ccccc3c2-c2ccccc2)cc1,c1ccc(-c2[nH]c3ccccc3c2-c2ccccc2)cc1,True,False
COc1ccc2c(c1)[n+]([O-])c1c(=O)nc(-c3ccccc3)nc-1n2C,O=c1nc(-c2ccccc2)nc2[nH]c3ccccc3[nH+]c1-2,O=c1nc(-c2ccccc2)nc2[nH]c3ccccc3[nH+]c1-2,True,False
Oc1ccc2ccc3cccnc3c2c1O,c1ccc2c(c1)ccc1cccnc12,c1ccc2c(c1)ccc1cccnc12,True,False
N#Cc1c(N)nc(N)c(C#N)c1-c1ccc(Cl)cc1Cl,c1ccc(-c2ccncc2)cc1,c1ccc(-c2ccncc2)cc1,True,False
Cn1c(P(c2ccccc2)c2ccccc2)cn(C(C)(C)C)c1=S,S=c1[nH]cc(P(c2ccccc2)c2ccccc2)[nH]1,S=c1[nH]cc(P(c2ccccc2)c2ccccc2)[nH]1,True,False
CC(=Nc1ccccc1)c1cccc(C(C)=Nc2ccccc2)n1,C(=Nc1ccccc1)c1cccc(C=Nc2ccccc2)n1,C(=Nc1ccccc1)c1cccc(C=Nc2ccccc2)n1,True,False
O=[N+]([O-])c1ccc(C=NN=CC=Cc2ccccc2)cc1,C(=Cc1ccccc1)C=NN=Cc1ccccc1,C(=Cc1ccccc1)C=NN=Cc1ccccc1,True,False
O=C1C(=C(O)C=Cc2ccc(O)cc2)C(O)=C([C@@H]2O[C@H](CO)[C@@H](O)[C@H](O)[C@H]2O)C(=O)C1(O)[C@@H]1O[C@H](CO)[C@@H](O)[C@H](O)[C@H]1O,O=C1C(=CC=Cc2ccccc2)C=C([C@H]2CCCCO2)C(=O)C1[C@H]1CCCCO1,O=C1C(=CC=Cc2ccccc2)C=C([C@H]2CCCCO2)C(=O)C1[C@H]1CCCCO1,True,False
O=[N+]([O-])c1ccc2nc(N=Nc3c(-c4ccccc4)[nH]c4ccccc34)sc2c1,c1ccc(-c2[nH]c3ccccc3c2N=Nc2nc3ccccc3s2)cc1,c1ccc(-c2[nH]c3ccccc3c2N=Nc2nc3ccccc3s2)cc1,True,False
N#CC(=Cc1ccc(-c2ccc3c(c2)CCc2cc(-c4ccc(N(c5ccccc5)c5ccccc5)cc4)ccc2N3CO)s1)C(=O)O,c1ccc(N(c2ccccc2)c2ccc(-c3ccc4c(c3)CCc3cc(-c5cccs5)ccc3N4)cc2)cc1,c1ccc(N(c2ccccc2)c2ccc(-c3ccc4c(c3)CCc3cc(-c5cccs5)ccc3N4)cc2)cc1,True,False
CC(C)C[C@H](NC(=O)c1ccc([N+](=O)[O-])cc1)C(=O)N1C[C@H]1C(=O)NCN=C(N)N,O=C(NCC(=O)N1CC1)c1ccccc1,O=C(NCC(=O)N1CC1)c1ccccc1,True,False
CCc1ccc(-n2c(-c3ccc(C)cc3)nc(-c3ccccc3)c2-c2ccccc2)cc1,c1ccc(-c2nc(-c3ccccc3)n(-c3ccccc3)c2-c2ccccc2)cc1,c1ccc(-c2nc(-c3ccccc3)n(-c3ccccc3)c2-c2ccccc2)cc1,True,False
COc1ccc(C=Cc2cc(C#N)c(C)cc2C#N)cc1,C(=Cc1ccccc1)c1ccccc1,C(=Cc1ccccc1)c1ccccc1,False,True
CN(C)c1ccc(C(=Cc2ccc(C#N)cc2)c2ccc(N(C)C)cc2)cc1,C(=C(c1ccccc1)c1ccccc1)c1ccccc1,C(=C(c1ccccc1)c1ccccc1)c1ccccc1,True,False
Cc1ccnc2c1ccc1cccnc12,c1cnc2c(c1)ccc1cccnc12,c1cnc2c(c1)ccc1cccnc12,False,True
Nc1nc2c(N=Nc3nccs3)c(N)nn2c(N)c1N=Nc1nc2ccccc2s1,c1ccc2sc(N=Nc3cnc4c(N=Nc5nccs5)cnn4c3)nc2c1,c1ccc2sc(N=Nc3cnc4c(N=Nc5nccs5)cnn4c3)nc2c1,True,False
Cc1cn([C@H]2C[C@H](O)[C@@H](C(O)n3cc(CNC(=O)Cc4cc(=O)oc5cc(O)ccc45)nn3)O2)c(=O)[nH]c1=O,O=C(Cc1cc(=O)oc2ccccc12)NCc1cn(C[C@@H]2CC[C@H](n3ccc(=O)[nH]c3=O)O2)nn1,O=C(Cc1cc(=O)oc2ccccc12)NCc1cn(C[C@@H]2CC[C@H](n3ccc(=O)[nH]c3=O)O2)nn1,True,False
C=Cc1ccc(Cn2c3ccccc3c3ccnc(C)c32)cc1,c1ccc(Cn2c3ccccc3c3ccncc32)cc1,c1ccc(Cn2c3ccccc3c3ccncc32)cc1,False,True
c1ccc2c(c1)-c1ccccc1C2c1c2ccccc2c(-c2ccc3ccccc3c2)c2ccccc12,c1ccc2c(c1)-c1ccccc1C2c1c2ccccc2c(-c2ccc3ccccc3c2)c2ccccc12,c1ccc2c(c1)-c1ccccc1C2c1c2ccccc2c(-c2ccc3ccccc3c2)c2ccccc12,True,False
Nc1c(N=Nc2ccc([N+](=O)[O-])cc2)c(=O)[nH]c2nc3ccccc3n12,O=c1[nH]c2nc3ccccc3n2cc1N=Nc1ccccc1,O=c1[nH]c2nc3ccccc3n2cc1N=Nc1ccccc1,False,True
O=Cc1ccc(-c2oc3ccccc3c(=O)c2O)s1,O=c1cc(-c2cccs2)oc2ccccc12,O=c1cc(-c2cccs2)oc2ccccc12,True,False
Fc1ccc(C2(c3ccccc3)C=Cc3c(ccc4ccccc34)O2)cc1,C1=CC(c2ccccc2)(c2ccccc2)Oc2ccc3ccccc3c21,C1=CC(c2ccccc2)(c2ccccc2)Oc2ccc3ccccc3c21,False,True
[2H]C=CC1=C(n2ccc(=O)[nH]c2=O)O[C@H](CO[Si](C)(C)C(C)(C)C)[C@H]1O[Si](C)(C)C(C)(C)C,O=c1ccn(C2=CCCO2)c(=O)[nH]1,O=c1ccn(C2=CCCO2)c(=O)[nH]1,True,False
COc1cccc(C=NNC(=O)c2cc3ccccc3cc2O)c1O,O=C(NN=Cc1ccccc1)c1ccc2ccccc2c1,O=C(NN=Cc1ccccc1)c1ccc2ccccc2c1,True,False
O=P(O)(O)Cc1ccncc1,c1ccncc1,c1ccncc1,False,True
CN(C)c1ccc(-c2cccc3nsnc23)cc1,c1ccc(-c2cccc3nsnc23)cc1,c1ccc(-c2cccc3nsnc23)cc1,False,True
CC1c2cc(-c3ccc(-c4nnc(-c5ccc(C(C)(C)C)cc5)o4)cc3)ccc2-c2ccc(N(c3ccccc3)c3ccccc3)cc21,c1ccc(-c2nnc(-c3ccc(-c4ccc5c(c4)Cc4cc(N(c6ccccc6)c6ccccc6)ccc4-5)cc3)o2)cc1,c1ccc(-c2nnc(-c3ccc(-c4ccc5c(c4)Cc4cc(N(c6ccccc6)c6ccccc6)ccc4-5)cc3)o2)cc1,True,False
CN1C(=O)C(=CC=CC=C2C=C(c3ccccc3)OC(c3ccccc3)=C2)C(=O)N(C)C1=S,O=C1NC(=S)NC(=O)C1=CC=CC=C1C=C(c2ccccc2)OC(c2ccccc2)=C1,O=C1NC(=S)NC(=O)C1=CC=CC=C1C=C(c2ccccc2)OC(c2ccccc2)=C1,True,False
CN(Cc1ccccc1)c1ncnc2c1cc(C=Cc1ccc(C(F)(F)F)cc1)n2Cc1ccccc1,C(=Cc1cc2c(NCc3ccccc3)ncnc2n1Cc1ccccc1)c1ccccc1,C(=Cc1cc2c(NCc3ccccc3)ncnc2n1Cc1ccccc1)c1ccccc1,False,True
CC(C)(C)C#Cc1cc2sc(C#CC(C)(C)C)cc2s1,c1cc2sccc2s1,c1cc2sccc2s1,False,True
Cc1cc(=O)n(C)c(C(=NNc2ccccc2)C(=O)c2ccccc2)n1,O=C(C(=NNc1ccccc1)c1nccc(=O)[nH]1)c1ccccc1,O=C(C(=NNc1ccccc1)c1nccc(=O)[nH]1)c1ccccc1,False,True
O=S1C=CN=C1,O=S1C=CN=C1,O=S1C=CN=C1,True,False
CCn1c(-c2ccccc2)c(C(c2ccc(-n3c4ccccc4c4ccccc43)cc2)c2c(-c3ccccc3)n(CC)c3ccccc23)c2ccccc21,c1ccc(-c2[nH]c3ccccc3c2C(c2ccc(-n3c4ccccc4c4ccccc43)cc2)c2c(-c3ccccc3)[nH]c3ccccc23)cc1,c1ccc(-c2[nH]c3ccccc3c2C(c2ccc(-n3c4ccccc4c4ccccc43)cc2)c2c(-c3ccccc3)[nH]c3ccccc23)cc1,True,False
c1ccc2c(c1)c1ccccc1n2-c1ccc(-n2c3ccccc3c3cccnc32)s1,c1ccc2c(c1)c1ccccc1n2-c1ccc(-n2c3ccccc3c3cccnc32)s1,c1ccc2c(c1)c1ccccc1n2-c1ccc(-n2c3ccccc3c3cccnc32)s1,True,False
CCC1=C(C)C(=O)NC1=Cc1[nH]c(C(C)(C)c2[nH]c(C=C3NC(=O)C(C)=C3CC)c(C)c2CCC(=O)OC)c(CCC(=O)OC)c1C,O=C1C=CC(=Cc2ccc(Cc3ccc(C=C4C=CC(=O)N4)[nH]3)[nH]2)N1,O=C1C=CC(=Cc2ccc(Cc3ccc(C=C4C=CC(=O)N4)[nH]3)[nH]2)N1,False,True
N[C@@H](Cc1c[nH]c2ccccc12)C(=O)O,c1ccc2[nH]ccc2c1,c1ccc2[nH]ccc2c1,True,False
CN1CCN(c2ccc3c4c(cccc24)-c2nc4cc([N+](=O)[O-])ccc4nc2-3)CC1,c1ccc2nc3c(nc2c1)-c1cccc2c(N4CCNCC4)ccc-3c12,c1ccc2nc3c(nc2c1)-c1cccc2c(N4CCNCC4)ccc-3c12,True,False
COc1cc2c(cc1Cl)c1cc(Cl)ccc1n2C,c1ccc2c(c1)[nH]c1ccccc12,c1ccc2c(c1)[nH]c1ccccc12,True,False
Oc1c(Br)cc(Br)c2cccnc12,c1ccc2ncccc2c1,c1ccc2ncccc2c1,False,True
C(=Cc1ccc(-n2ccnc2)cc1)c1ccc(-c2ccnc(-c3cccc(-c4ccccc4)n3)c2)cc1,C(=Cc1ccc(-n2ccnc2)cc1)c1ccc(-c2ccnc(-c3cccc(-c4ccccc4)n3)c2)cc1,C(=Cc1ccc(-n2ccnc2)cc1)c1ccc(-c2ccnc(-c3cccc(-c4ccccc4)n3)c2)cc1,True,False
c1ccc2c(-c3scc4c3OCCO4)c3ccccc3cc2c1,c1ccc2c(-c3scc4c3OCCO4)c3ccccc3cc2c1,c1ccc2c(-c3scc4c3OCCO4)c3ccccc3cc2c1,True,False
CCN(CC)c1ccc(C=CC2=C(SCCO)C(=CC=CC3=C(C#N)C(=C(C#N)C#N)OC3(C)C)CC(C)(C)C2)cc1,C=C1C=C(C=CC=C2C=C(C=Cc3ccccc3)CCC2)CO1,C=C1C=C(C=CC=C2C=C(C=Cc3ccccc3)CCC2)CO1,True,False
CC1c2ccccc2-c2cc3nc4c5ccccc5c5ccccc5c4nc3cc21,c1ccc2c(c1)Cc1cc3nc4c5ccccc5c5ccccc5c4nc3cc1-2,c1ccc2c(c1)Cc1cc3nc4c5ccccc5c5ccccc5c4nc3cc1-2,True,False
O=Cc1ccc(Cl)cc1,c1ccccc1,c1ccccc1,False,True
c1ccc(-c2c3ccccc3c(-c3ccccc3)c3ccccc23)cc1,c1ccc(-c2c3ccccc3c(-c3ccccc3)c3ccccc23)cc1,c1ccc(-c2c3ccccc3c(-c3ccccc3)c3ccccc23)cc1,True,False
N#CC1(N)CC(c2ccccc2)=C(N=Nc2ccc([N+](=O)[O-])cc2)S1,c1ccc(N=NC2=C(c3ccccc3)CCS2)cc1,c1ccc(N=NC2=C(c3ccccc3)CCS2)cc1,True,False
O=C(O)c1c(Cl)ccc(Cl)c1Cl,c1ccccc1,c1ccccc1,False,True
N#Cc1nc(N)c(C#N)nc1N,c1cnccn1,c1cnccn1,True,False
CC(C)(C)c1ccc(C2(c3ccc(C(C)(C)C)cc3)C=C3c4ccccc4C=CC3OC2)cc1,C1=CC2OCC(c3ccccc3)(c3ccccc3)C=C2c2ccccc21,C1=CC2OCC(c3ccccc3)(c3ccccc3)C=C2c2ccccc21,True,False
Cc1cccc2cc3c(=O)nc(-c4ccccc4)nc-3[nH]c12,O=c1nc(-c2ccccc2)nc2[nH]c3ccccc3cc1-2,O=c1nc(-c2ccccc2)nc2[nH]c3ccccc3cc1-2,True,False
Clc1ccc2[nH]c3ccc(Cl)cc3c2c1,c1ccc2c(c1)[nH]c1ccccc12,c1ccc2c(c1)[nH]c1ccccc12,True,False
COc1ccc(-c2nc3c(c4c2-c2ccccc2CC4)-c2ccccc2CC3)cc1OC,c1ccc(-c2nc3c(c4c2-c2ccccc2CC4)-c2ccccc2CC3)cc1,c1ccc(-c2nc3c(c4c2-c2ccccc2CC4)-c2ccccc2CC3)cc1,True,False
CSC1=C(SC(C(C)=O)C(C)=O)SC(=C(c2ccccn2)c2ccccn2)S1,C1=CSC(=C(c2ccccn2)c2ccccn2)S1,C1=CSC(=C(c2ccccn2)c2ccccn2)S1,True,False
C#CCN(CC#C)CC#Cc1nn([C@H]2C[C@H](O)[C@@H](CO)O2)c2nc(NC(=O)C(C)C)[nH]c(=O)c12,O=c1[nH]cnc2c1cnn2[C@H]1CCCO1,O=c1[nH]cnc2c1cnn2[C@H]1CCCO1,True,False
CCCCN1C(=O)c2ccc3c4ccc5c6c(cc(-c7ccccc7C(C)C)c(c7ccc(c2c37)C1=O)c64)C(=O)N(CC(C)CC)C5=O,O=C1NC(=O)c2ccc3c4c(-c5ccccc5)cc5c6c(ccc(c7ccc1c2c73)c64)C(=O)NC5=O,O=C1NC(=O)c2ccc3c4c(-c5ccccc5)cc5c6c(ccc(c7ccc1c2c73)c64)C(=O)NC5=O,False,True
COc1ccc(-c2nc3c(c4c2-c2ccccc2CC4)-c2ccccc2CC3)cc1,c1ccc(-c2nc3c(c4c2-c2ccccc2CC4)-c2ccccc2CC3)cc1,c1ccc(-c2nc3c(c4c2-c2ccccc2CC4)-c2ccccc2CC3)cc1,True,False
CC1(C)c2ccccc2-c2ccc(-n3c4ccccc4c4cc(-c5ccc(C=C(C#N)C(=O)O)s5)ccc43)cc21,c1csc(-c2ccc3c(c2)c2ccccc2n3-c2ccc3c(c2)Cc2ccccc2-3)c1,c1csc(-c2ccc3c(c2)c2ccccc2n3-c2ccc3c(c2)Cc2ccccc2-3)c1,True,False
C#Cc1c2cc3cc([Si](C)(C)C)c([Si](C)(C)C)cc3cc2c(C#C)c2cc3cc([Si](C)(C)C)c([Si](C)(C)C)cc3cc12,c1ccc2cc3cc4cc5ccccc5cc4cc3cc2c1,c1ccc2cc3cc4cc5ccccc5cc4cc3cc2c1,True,False
CCCCOc1cc(-c2ccc(C#N)cc2)c(OC)cc1-c1ccc(C#N)cc1,c1ccc(-c2ccc(-c3ccccc3)cc2)cc1,c1ccc(-c2ccc(-c3ccccc3)cc2)cc1,False,True
COc1cc(N=Nc2ccc(O)c(C=Nc3ccccc3S)c2)cc(OC)c1,C(=Nc1ccccc1)c1cccc(N=Nc2ccccc2)c1,C(=Nc1ccccc1)c1cccc(N=Nc2ccccc2)c1,False,True
Cc1c(C(=O)C=Cc2ccc(Cl)cc2)nnn1-c1ccnc2cc(Cl)ccc12,O=C(C=Cc1ccccc1)c1cn(-c2ccnc3ccccc23)nn1,O=C(C=Cc1ccccc1)c1cn(-c2ccnc3ccccc23)nn1,True,False
c1cc(-c2ccc(-n3c4ccccc4c4ccccc43)cc2)c2nsnc2c1,c1cc(-c2ccc(-n3c4ccccc4c4ccccc43)cc2)c2nsnc2c1,c1cc(-c2ccc(-n3c4ccccc4c4ccccc43)cc2)c2nsnc2c1,True,False
Clc1ccc(-c2cc3cc(-c4nnc(-c5ccccc5)o4)ccn3n2)cc1,c1ccc(-c2cc3cc(-c4nnc(-c5ccccc5)o4)ccn3n2)cc1,c1ccc(-c2cc3cc(-c4nnc(-c5ccccc5)o4)ccn3n2)cc1,True,False
Oc1ccc(C=Nc2ccccc2)cc1,C(=Nc1ccccc1)c1ccccc1,C(=Nc1ccccc1)c1ccccc1,False,True
COc1ccc(-n2ccc3c(-c4ccc(-n5c6ccccc6c6ccccc65)cc4)nc(-c4ccc(-n5c6ccccc6c6ccccc65)cc4)nc32)cc1,c1ccc(-n2ccc3c(-c4ccc(-n5c6ccccc6c6ccccc65)cc4)nc(-c4ccc(-n5c6ccccc6c6ccccc65)cc4)nc32)cc1,c1ccc(-n2ccc3c(-c4ccc(-n5c6ccccc6c6ccccc65)cc4)nc(-c4ccc(-n5c6ccccc6c6ccccc65)cc4)nc32)cc1,True,False
Nc1ccc(-c2c3ccccc3nc3ccccc23)cc1N,c1ccc(-c2c3ccccc3nc3ccccc23)cc1,c1ccc(-c2c3ccccc3nc3ccccc23)cc1,True,False
CN(C)c1ccc(-c2nc(-c3ccc(-c4ccc([N+](=O)[O-])cc4)cc3)[nH]c2-c2ccc(N(C)C)cc2)cc1,c1ccc(-c2ccc(-c3nc(-c4ccccc4)c(-c4ccccc4)[nH]3)cc2)cc1,c1ccc(-c2ccc(-c3nc(-c4ccccc4)c(-c4ccccc4)[nH]3)cc2)cc1,True,False
Cc1cccc2c(N)cc(Cl)nc12,c1ccc2ncccc2c1,c1ccc2ncccc2c1,False,True
C=C(c1ccccc1)c1[nH]c2ccccc2c1CCNS(=O)(=O)c1ccccc1[N+](=O)[O-],C=C(c1ccccc1)c1[nH]c2ccccc2c1CCNS(=O)(=O)c1ccccc1,C=C(c1ccccc1)c1[nH]c2ccccc2c1CCNS(=O)(=O)c1ccccc1,True,False
COc1cccc(C2NC(=O)c3ccccc3N2)c1,O=C1NC(c2ccccc2)Nc2ccccc21,O=C1NC(c2ccccc2)Nc2ccccc21,True,False
O=C(CC(=O)C(F)(F)F)c1cccs1,c1ccsc1,c1ccsc1,True,False
CNC(=O)c1cc(=O)c2ccc(OC)cc2o1,O=c1ccoc2ccccc12,O=c1ccoc2ccccc12,False,True
CCN(CC)c1ccc(C(C#N)=C(C#N)C#N)c(OC)c1,c1ccccc1,c1ccccc1,False,True
CCN(CC)c1ccc2c(O)c(C(=O)C=Cc3ccc4c(c3)c3ccccc3n4CC)c(=O)oc2c1,O=C(C=Cc1ccc2[nH]c3ccccc3c2c1)c1cc2ccccc2oc1=O,O=C(C=Cc1ccc2[nH]c3ccccc3c2c1)c1cc2ccccc2oc1=O,True,False
CC(=O)Oc1c(C(C)(C)C)cc(-c2ccsc2)cc1C(C)(C)C,c1ccc(-c2ccsc2)cc1,c1ccc(-c2ccsc2)cc1,False,True
C(=Cc1ccc(-n2c3ccccc3c3ccccc32)cc1)c1ccc(C=C(c2ccccc2)c2ccccc2)cc1,C(=Cc1ccc(-n2c3ccccc3c3ccccc32)cc1)c1ccc(C=C(c2ccccc2)c2ccccc2)cc1,C(=Cc1ccc(-n2c3ccccc3c3ccccc32)cc1)c1ccc(C=C(c2ccccc2)c2ccccc2)cc1,True,False
Clc1ccc(-c2ccc(-c3ccccn3)nc2)cc1,c1ccc(-c2ccc(-c3ccccn3)nc2)cc1,c1ccc(-c2ccc(-c3ccccn3)nc2)cc1,True,False
C(=Cc1ccc(-c2nnc(-c3c4ccccc4cc4ccccc34)o2)cc1)c1ccccc1,C(=Cc1ccc(-c2nnc(-c3c4ccccc4cc4ccccc34)o2)cc1)c1ccccc1,C(=Cc1ccc(-c2nnc(-c3c4ccccc4cc4ccccc34)o2)cc1)c1ccccc1,True,False
CCOC(=O)c1cc2cc(C(C)=O)cn2cc1-c1ccc(OC)cc1,c1ccc(-c2ccc3cccn3c2)cc1,c1ccc(-c2ccc3cccn3c2)cc1,False,True
CC1c2ccccc2-c2cc3[nH]c(-c4ccc(F)cc4)nc3cc21,c1ccc(-c2nc3cc4c(cc3[nH]2)-c2ccccc2C4)cc1,c1ccc(-c2nc3cc4c(cc3[nH]2)-c2ccccc2C4)cc1,True,False
Oc1ccc(N=Nc2nc3ccc(Cl)cc3s2)c2cccnc12,c1ccc2sc(N=Nc3cccc4ncccc34)nc2c1,c1ccc2sc(N=Nc3cccc4ncccc34)nc2c1,True,False
Cc1nsc2nc3c(F)c(F)c(F)c(F)c3cc12,c1ccc2nc3sncc3cc2c1,c1ccc2nc3sncc3cc2c1,True,False
CN(C)c1ccc(C=Cc2cc(C=Cc3ccc(N(C)C)cc3)nc(I)n2)cc1,C(=Cc1cc(C=Cc2ccccc2)ncn1)c1ccccc1,C(=Cc1cc(C=Cc2ccccc2)ncn1)c1ccccc1,True,False
Nc1nn2c(-c3ccccc3)ccnc2c1N=Nc1ccc([N+](=O)[O-])cc1,c1ccc(N=Nc2cnn3c(-c4ccccc4)ccnc23)cc1,c1ccc(N=Nc2cnn3c(-c4ccccc4)ccnc23)cc1,False,True
COC(=O)C1=C(C(N)=O)N2N=Cc3ccccc3C2C1C(=O)OC,C1=CN2N=Cc3ccccc3C2C1,C1=CN2N=Cc3ccccc3C2C1,False,True
CC1(C)c2ccccc2N(Cc2ccccc2)C12C=Cc1c(ccc3oc(-c4ccccc4)c(-c4ccccc4)c13)O2,C1=CC2(Cc3ccccc3N2Cc2ccccc2)Oc2ccc3oc(-c4ccccc4)c(-c4ccccc4)c3c21,C1=CC2(Cc3ccccc3N2Cc2ccccc2)Oc2ccc3oc(-c4ccccc4)c(-c4ccccc4)c3c21,True,False
CC(C)(C)[Si](C)(C)OC[C@H]1OC(n2ccc(=O)[nH]c2=O)=C(Br)[C@@H]1O[Si](C)(C)C(C)(C)C,O=c1ccn(C2=CCCO2)c(=O)[nH]1,O=c1ccn(C2=CCCO2)c(=O)[nH]1,True,False
[O-][n+]1cccc2c1-c1c(cc(Br)c[n+]1[O-])C2(F)F,c1c[nH+]c2c(c1)Cc1ccc[nH+]c1-2,c1c[nH+]c2c(c1)Cc1ccc[nH+]c1-2,True,False
O=C1Nc2ccccc2C1=Cc1ccc(-c2ccccc2)cc1,O=C1Nc2ccccc2C1=Cc1ccc(-c2ccccc2)cc1,O=C1Nc2ccccc2C1=Cc1ccc(-c2ccccc2)cc1,True,False
CN(C)c1ccc(C=Cc2ccc(-c3nc(C#N)c(C#N)n3C)cc2)cc1,C(=Cc1ccc(-c2ncc[nH]2)cc1)c1ccccc1,C(=Cc1ccc(-c2ncc[nH]2)cc1)c1ccccc1,True,False
c1ccc(-n2c(-c3ccc(-n4c5cc(-c6cccc7c6sc6ccccc67)ccc5c5c6ccccc6ccc54)cc3)nc3ccccc32)cc1,c1ccc(-n2c(-c3ccc(-n4c5cc(-c6cccc7c6sc6ccccc67)ccc5c5c6ccccc6ccc54)cc3)nc3ccccc32)cc1,c1ccc(-n2c(-c3ccc(-n4c5cc(-c6cccc7c6sc6ccccc67)ccc5c5c6ccccc6ccc54)cc3)nc3ccccc32)cc1,True,False
c1ccc2sc(-c3ccc(-n4c5ccccc5c5ccccc54)cc3)nc2c1,c1ccc2sc(-c3ccc(-n4c5ccccc5c5ccccc54)cc3)nc2c1,c1ccc2sc(-c3ccc(-n4c5ccccc5c5ccccc54)cc3)nc2c1,True,False
CCOC(=O)c1ccc(C#Cc2ccc(C#Cc3ccc(OC)cc3)s2)cc1,C(#Cc1ccc(C#Cc2ccccc2)s1)c1ccccc1,C(#Cc1ccc(C#Cc2ccccc2)s1)c1ccccc1,True,False
CCOC(=O)C1=C(N)Oc2c(cc(OC)c3ccccc23)C1c1ccc(Cl)cc1,C1=CC(c2ccccc2)c2ccc3ccccc3c2O1,C1=CC(c2ccccc2)c2ccc3ccccc3c2O1,True,False
Fc1ccc(-c2cc(-c3ccc(F)cc3)c3ccc4c(-c5ccc(F)cc5)cc(-c5ccc(F)cc5)c5ccc2c3c54)cc1,c1ccc(-c2cc(-c3ccccc3)c3ccc4c(-c5ccccc5)cc(-c5ccccc5)c5ccc2c3c54)cc1,c1ccc(-c2cc(-c3ccccc3)c3ccc4c(-c5ccccc5)cc(-c5ccccc5)c5ccc2c3c54)cc1,True,False
COC(=O)c1ccc(-c2ccc(-c3ccc(Br)cc3)cn2)nc1,c1ccc(-c2ccc(-c3ccccn3)nc2)cc1,c1ccc(-c2ccc(-c3ccccn3)nc2)cc1,True,False
Cc1nc(Cl)c2cc(-c3nnc(COc4ccc(-c5ccccc5)cc4)o3)ccn12,c1ccc(-c2ccc(OCc3nnc(-c4ccn5cncc5c4)o3)cc2)cc1,c1ccc(-c2ccc(OCc3nnc(-c4ccn5cncc5c4)o3)cc2)cc1,True,False
COc1ccc(C=Cc2ccc(-c3sc(-c4ccc(C=Cc5ccc(OC)s5)cc4)c([N+](=O)[O-])c3[N+](=O)[O-])cc2)s1,C(=Cc1cccs1)c1ccc(-c2ccc(-c3ccc(C=Cc4cccs4)cc3)s2)cc1,C(=Cc1cccs1)c1ccc(-c2ccc(-c3ccc(C=Cc4cccs4)cc3)s2)cc1,False,True
COc1ccc(C(=O)Oc2ccc(-c3ccc(OC(=O)c4ccc(OC)cc4)cc3)cc2)cc1,O=C(Oc1ccc(-c2ccc(OC(=O)c3ccccc3)cc2)cc1)c1ccccc1,O=C(Oc1ccc(-c2ccc(OC(=O)c3ccccc3)cc2)cc1)c1ccccc1,False,True
CCn1c2c(N(c3ccccc3)c3ccccc3)cc(C(C)(C)C)cc2c2cc(C(C)(C)C)cc(N(c3ccccc3)c3ccccc3)c21,c1ccc(N(c2ccccc2)c2cccc3c2[nH]c2c(N(c4ccccc4)c4ccccc4)cccc23)cc1,c1ccc(N(c2ccccc2)c2cccc3c2[nH]c2c(N(c4ccccc4)c4ccccc4)cccc23)cc1,False,True
COC(=O)c1c(C(=O)OC)c2ccc(C=Cc3ccc(F)cc3)nn2c1C(=O)OC,C(=Cc1ccc2cccn2n1)c1ccccc1,C(=Cc1ccc2cccn2n1)c1ccccc1,True,False
c1ccc(-c2cnc(-c3ccc(-c4ncc(-c5ccccc5)o4)cc3)o2)cc1,c1ccc(-c2cnc(-c3ccc(-c4ncc(-c5ccccc5)o4)cc3)o2)cc1,c1ccc(-c2cnc(-c3ccc(-c4ncc(-c5ccccc5)o4)cc3)o2)cc1,False,True
C(=Cc1ccc(-n2c3ccccc3c3ccccc32)cc1)c1ccc(C(=C(c2ccccc2)c2ccccc2)c2ccccc2)cc1,C(=Cc1ccc(-n2c3ccccc3c3ccccc32)cc1)c1ccc(C(=C(c2ccccc2)c2ccccc2)c2ccccc2)cc1,C(=Cc1ccc(-n2c3ccccc3c3ccccc32)cc1)c1ccc(C(=C(c2ccccc2)c2ccccc2)c2ccccc2)cc1,True,False
CN(C)c1ccc(C(=CC=C(C(=O)C(F)(F)F)C(=O)C(F)(F)F)c2ccc(N(C)C)cc2)cc1,C=C(c1ccccc1)c1ccccc1,C=C(c1ccccc1)c1ccccc1,True,False
O=C(N[C@H]1c2ccccc2C[C@H]1O)[C@H](Cc1ccccc1)CC(O)C[C@@H](Cc1ccccc1)C(=O)N[C@H]1c2ccccc2C[C@H]1O,O=C(N[C@@H]1CCc2ccccc21)[C@@H](CCC[C@@H](Cc1ccccc1)C(=O)N[C@@H]1CCc2ccccc21)Cc1ccccc1,O=C(N[C@@H]1CCc2ccccc21)[C@@H](CCC[C@@H](Cc1ccccc1)C(=O)N[C@@H]1CCc2ccccc21)Cc1ccccc1,True,False
COc1ccc2nc3nc(-c4ccc([N+](=O)[O-])cc4)ccc3cc2c1,c1ccc(-c2ccc3cc4ccccc4nc3n2)cc1,c1ccc(-c2ccc3cc4ccccc4nc3n2)cc1,True,False
CCOC(=O)c1cc2cc(C(=O)c3ccccc3)cn2cc1-c1ccc(Cl)cc1,O=C(c1ccccc1)c1cc2ccc(-c3ccccc3)cn2c1,O=C(c1ccccc1)c1cc2ccc(-c3ccccc3)cn2c1,False,True
C#Cc1ccc2c(c1)C(=O)c1cc(C#C)ccc1-2,O=C1c2ccccc2-c2ccccc21,O=C1c2ccccc2-c2ccccc21,True,False
Cc1nc(Cl)c2cc(-c3nnc(COc4ccc(Cl)cc4)o3)ccn12,c1ccc(OCc2nnc(-c3ccn4cncc4c3)o2)cc1,c1ccc(OCc2nnc(-c3ccn4cncc4c3)o2)cc1,True,False
O=S(=O)(O)c1ccc2c(ccc3nn(-c4ccc(-c5nc(-c6ccccc6)c(-c6ccccc6)[nH]5)cc4)nc32)c1,c1ccc(-c2nc(-c3ccc(-n4nc5ccc6ccccc6c5n4)cc3)[nH]c2-c2ccccc2)cc1,c1ccc(-c2nc(-c3ccc(-n4nc5ccc6ccccc6c5n4)cc3)[nH]c2-c2ccccc2)cc1,True,False
Nc1ccc(Nc2nc(N(c3ccccc3)c3ccccc3)nc(N(c3ccccc3)c3ccccc3)n2)cc1,c1ccc(Nc2nc(N(c3ccccc3)c3ccccc3)nc(N(c3ccccc3)c3ccccc3)n2)cc1,c1ccc(Nc2nc(N(c3ccccc3)c3ccccc3)nc(N(c3ccccc3)c3ccccc3)n2)cc1,True,False
S=c1n(-c2ccccc2)cc(P(c2ccccc2)c2ccccc2)n1-c1ccccc1,S=c1n(-c2ccccc2)cc(P(c2ccccc2)c2ccccc2)n1-c1ccccc1,S=c1n(-c2ccccc2)cc(P(c2ccccc2)c2ccccc2)n1-c1ccccc1,True,False
Cc1nc(Cl)c2cc(-c3nnc(-c4ccccc4F)o3)ccn12,c1ccc(-c2nnc(-c3ccn4cncc4c3)o2)cc1,c1ccc(-c2nnc(-c3ccn4cncc4c3)o2)cc1,True,False
O=c1c2cc(O)c(O)cc2oc2cc(O)cc(O)c12,O=c1c2ccccc2oc2ccccc12,O=c1c2ccccc2oc2ccccc12,True,False
Cc1ccc(N(CC(=O)O)CC(=O)O)c(OCCOc2cc(-c3cc4ccc(C(=O)O)cc4[nH]3)ccc2N(CC(=O)O)CC(=O)O)c1,c1ccc(OCCOc2cccc(-c3cc4ccccc4[nH]3)c2)cc1,c1ccc(OCCOc2cccc(-c3cc4ccccc4[nH]3)c2)cc1,True,False
CCN1C(=CC2=C([O-])C(=CC3=[N+](CC)c4ccc5ccccc5c4C3(C)C)C2=O)C(C)(C)c2c1ccc1ccccc21,O=C1C(C=C2Cc3c(ccc4ccccc34)N2)=CC1=CC1=[NH+]c2ccc3ccccc3c2C1,O=C1C(C=C2Cc3c(ccc4ccccc34)N2)=CC1=CC1=[NH+]c2ccc3ccccc3c2C1,True,False
c1ccc(-c2nc(-c3ccccc3)c3ccn(-c4ccc(N(c5ccccc5)c5ccccc5)cc4)c3n2)cc1,c1ccc(-c2nc(-c3ccccc3)c3ccn(-c4ccc(N(c5ccccc5)c5ccccc5)cc4)c3n2)cc1,c1ccc(-c2nc(-c3ccccc3)c3ccn(-c4ccc(N(c5ccccc5)c5ccccc5)cc4)c3n2)cc1,True,False
O=c1[nH]c(-c2ccc(Cl)cc2)cn2nc(-c3ccccc3)cc12,O=c1[nH]c(-c2ccccc2)cn2nc(-c3ccccc3)cc12,O=c1[nH]c(-c2ccccc2)cn2nc(-c3ccccc3)cc12,False,True
Cc1ccccc1-c1ccc(-c2ccc3ccccc3n2)nc1,c1ccc(-c2ccc(-c3ccc4ccccc4n3)nc2)cc1,c1ccc(-c2ccc(-c3ccc4ccccc4n3)nc2)cc1,False,True
Fc1cccc(-c2ccc(-c3cccc(F)c3)c3[nH]ccc23)c1,c1ccc(-c2ccc(-c3ccccc3)c3[nH]ccc23)cc1,c1ccc(-c2ccc(-c3ccccc3)c3[nH]ccc23)cc1,False,True
c1csc(-c2ccsc2-c2ccsc2-c2cccs2)c1,c1csc(-c2ccsc2-c2ccsc2-c2cccs2)c1,c1csc(-c2ccsc2-c2ccsc2-c2cccs2)c1,True,False
CN(C)c1ccc(C2CC(c3ccc4c(c3)C3(c5ccccc5-c5ccccc53)c3ccccc3-4)=NN2c2ccccc2)cc1,c1ccc(C2CC(c3ccc4c(c3)C3(c5ccccc5-c5ccccc53)c3ccccc3-4)=NN2c2ccccc2)cc1,c1ccc(C2CC(c3ccc4c(c3)C3(c5ccccc5-c5ccccc53)c3ccccc3-4)=NN2c2ccccc2)cc1,True,False
COC(=O)c1c(C(=O)OC)c2ccccn2c1-c1nc(C#N)c(C#N)nc1-c1ccccc1,c1ccc(-c2nccnc2-c2ccc3ccccn23)cc1,c1ccc(-c2nccnc2-c2ccc3ccccn23)cc1,True,False
Nc1ncnc2c1ccn2C1OC(CO)C(O)C1O,c1ncc2ccn(C3CCCO3)c2n1,c1ncc2ccn(C3CCCO3)c2n1,False,True
c1ccc(N(c2ccc(-c3cccc4cccnc34)cc2)c2ccc(-c3cccc4cccnc34)cc2)cc1,c1ccc(N(c2ccc(-c3cccc4cccnc34)cc2)c2ccc(-c3cccc4cccnc34)cc2)cc1,c1ccc(N(c2ccc(-c3cccc4cccnc34)cc2)c2ccc(-c3cccc4cccnc34)cc2)cc1,True,False
CCOC(=O)c1c2cccccc-2c(C(=O)OCC)c1N=S=O,c1ccc2cccc-2cc1,c1ccc2cccc-2cc1,True,False
CCOC(=O)c1c(N)sc2c1-c1ccccc1C2=Cc1ccc(N(C)C)cc1,C(=C1c2ccccc2-c2ccsc21)c1ccccc1,C(=C1c2ccccc2-c2ccsc21)c1ccccc1,True,False
COc1ccccc1-c1oc2ccccc2c(=S)c1O,S=c1cc(-c2ccccc2)oc2ccccc12,S=c1cc(-c2ccccc2)oc2ccccc12,True,False
CC1=NC(=Cc2ccccc2)C(=O)N1Cc1ccccc1,O=C1C(=Cc2ccccc2)N=CN1Cc1ccccc1,O=C1C(=Cc2ccccc2)N=CN1Cc1ccccc1,False,True
c1csc(-c2sc(-c3cccc4ccccc34)c3cc4ccccc4cc23)c1,c1csc(-c2sc(-c3cccc4ccccc34)c3cc4ccccc4cc23)c1,c1csc(-c2sc(-c3cccc4ccccc34)c3cc4ccccc4cc23)c1,True,False
C1=Cc2cccc3cccc1c23,C1=Cc2cccc3cccc1c23,C1=Cc2cccc3cccc1c23,True,False
COc1cccc(N=Nc2c(N)n3c(nc4ccccc43)[nH]c2=O)c1,O=c1[nH]c2nc3ccccc3n2cc1N=Nc1ccccc1,O=c1[nH]c2nc3ccccc3n2cc1N=Nc1ccccc1,False,True
O=c1[nH]c(=O)n([C@H]2C[C@H](O)[C@@H](CO)O2)cc1-c1nccs1,O=c1[nH]c(=O)n([C@H]2CCCO2)cc1-c1nccs1,O=c1[nH]c(=O)n([C@H]2CCCO2)cc1-c1nccs1,False,True
CCCOc1cc(-c2ccccn2)nc(-c2ccccn2)c1,c1ccc(-c2cccc(-c3ccccn3)n2)nc1,c1ccc(-c2cccc(-c3ccccn3)n2)nc1,True,False
COc1ccccc1N=Nc1c(N)n2c(nc3ccccc32)[nH]c1=O,O=c1[nH]c2nc3ccccc3n2cc1N=Nc1ccccc1,O=c1[nH]c2nc3ccccc3n2cc1N=Nc1ccccc1,False,True
COc1ccc2nc3nc4c(cc3cc2c1)C(=O)CC(C)(C)C4,O=C1CCCc2nc3nc4ccccc4cc3cc21,O=C1CCCc2nc3nc4ccccc4cc3cc21,True,False
c1cc2c3c(c1)CCCN3CCC2,c1cc2c3c(c1)CCCN3CCC2,c1cc2c3c(c1)CCCN3CCC2,False,True
CCOC(=O)C1=C(c2ccc(-c3ccccc3)cc2)NC(=O)C1=Cc1ccccc1,O=C1NC(c2ccc(-c3ccccc3)cc2)=CC1=Cc1ccccc1,O=C1NC(c2ccc(-c3ccccc3)cc2)=CC1=Cc1ccccc1,True,False
COC(=O)C=C1CN2C(=NC3=C(CCC3=Cc3ccc(C)cc3)C2c2ccc(C)cc2)S1,C=C1CN2C(=NC3=C(CCC3=Cc3ccccc3)C2c2ccccc2)S1,C=C1CN2C(=NC3=C(CCC3=Cc3ccccc3)C2c2ccccc2)S1,True,False
C#CCOC(=O)[C@H](Cc1ccccc1)NC1=C(Br)C(=O)O[C@@H]1OC1CC2CCC1(C)C2(C)C,O=C1C=C(NCCc2ccccc2)[C@@H](OC2CC3CCC2C3)O1,O=C1C=C(NCCc2ccccc2)[C@@H](OC2CC3CCC2C3)O1,True,False
O=S(=O)(c1cccc(N2N=C(c3ccc(Cl)cc3)CC2c2ccco2)c1)c1cccc(N2N=C(c3ccc(Cl)cc3)CC2c2ccco2)c1,O=S(=O)(c1cccc(N2N=C(c3ccccc3)CC2c2ccco2)c1)c1cccc(N2N=C(c3ccccc3)CC2c2ccco2)c1,O=S(=O)(c1cccc(N2N=C(c3ccccc3)CC2c2ccco2)c1)c1cccc(N2N=C(c3ccccc3)CC2c2ccco2)c1,False,True
Oc1cccc(O)c1O,c1ccccc1,c1ccccc1,False,True
c1ccc2c(CC(Cc3ccnc4ccccc34)c3ccc4c(c3)OCCOCCOCCOCCOCCO4)ccnc2c1,c1ccc2c(CC(Cc3ccnc4ccccc34)c3ccc4c(c3)OCCOCCOCCOCCOCCO4)ccnc2c1,c1ccc2c(CC(Cc3ccnc4ccccc34)c3ccc4c(c3)OCCOCCOCCOCCOCCO4)ccnc2c1,True,False
Nc1nc2c(N=Nc3ccccc3[N+](=O)[O-])c(N)nn2c(N)c1N=Nc1nc2ccccc2s1,c1ccc(N=Nc2cnn3cc(N=Nc4nc5ccccc5s4)cnc23)cc1,c1ccc(N=Nc2cnn3cc(N=Nc4nc5ccccc5s4)cnc23)cc1,True,False
CCOC(=O)C1=C(c2ccc(-c3ccccc3)cc2)NC(=O)C1=Cc1ccc(N(C)C)cc1,O=C1NC(c2ccc(-c3ccccc3)cc2)=CC1=Cc1ccccc1,O=C1NC(c2ccc(-c3ccccc3)cc2)=CC1=Cc1ccccc1,True,False
CC1=NC(=Cc2ccc([N+](=O)[O-])cc2)C(=O)N1C,O=C1NC=NC1=Cc1ccccc1,O=C1NC=NC1=Cc1ccccc1,True,False
Brc1ncnc2nc[nH]c12,c1ncc2[nH]cnc2n1,c1ncc2[nH]cnc2n1,True,False
O=C1c2c(O)ccc(O)c2C(=O)c2c(F)c(F)c(F)c(F)c21,O=C1c2ccccc2C(=O)c2ccccc21,O=C1c2ccccc2C(=O)c2ccccc21,True,False
COc1ccc(C=NCCN=Cc2ccc(OC)cc2)cc1,C(=NCCN=Cc1ccccc1)c1ccccc1,C(=NCCN=Cc1ccccc1)c1ccccc1,True,False
CC(=O)c1ccc2cc(N(C)C)ccc2c1,c1ccc2ccccc2c1,c1ccc2ccccc2c1,True,False
c1ccc2cscc2c1,c1ccc2cscc2c1,c1ccc2cscc2c1,True,False
CS(=O)(=O)c1ccc(-c2ccc(C3=C4C(=O)NC(c5ccc(-c6ccc(S(C)(=O)=O)cc6)cc5)=C4C(=O)N3)cc2)cc1,O=C1NC(c2ccc(-c3ccccc3)cc2)=C2C(=O)NC(c3ccc(-c4ccccc4)cc3)=C12,O=C1NC(c2ccc(-c3ccccc3)cc2)=C2C(=O)NC(c3ccc(-c4ccccc4)cc3)=C12,True,False
CCCCn1c2ccccc2c2cc(-c3sc(-c4cccs4)c4cc5ccccc5cc34)ccc21,c1csc(-c2sc(-c3ccc4[nH]c5ccccc5c4c3)c3cc4ccccc4cc23)c1,c1csc(-c2sc(-c3ccc4[nH]c5ccccc5c4c3)c3cc4ccccc4cc23)c1,True,False
CN(C)c1ccncc1,c1ccncc1,c1ccncc1,False,True
CCOC(=O)C=Cc1ccc(N(C)C)cc1,c1ccccc1,c1ccccc1,False,True
Nc1c(Br)cc(C#Cc2ccc(N(c3ccccc3)c3ccccc3)cc2)cc1C=O,C(#Cc1ccc(N(c2ccccc2)c2ccccc2)cc1)c1ccccc1,C(#Cc1ccc(N(c2ccccc2)c2ccccc2)cc1)c1ccccc1,True,False
NCCC(=O)N1Cc2ccccc2-c2nnn(-c3cc4ccc(O)cc4oc3=O)c2-c2ccccc21,O=c1oc2ccccc2cc1-n1nnc2c1-c1ccccc1NCc1ccccc1-2,O=c1oc2ccccc2cc1-n1nnc2c1-c1ccccc1NCc1ccccc1-2,False,True
CC(C)CN1C(=O)c2cccc3c(NCCO)ccc(c23)C1=O,O=C1NC(=O)c2cccc3cccc1c23,O=C1NC(=O)c2cccc3cccc1c23,True,False
CN1c2ccccc2Sc2cc(C=[N+]([O-])c3ccc(Cl)cc3)ccc21,C(=[NH+]c1ccccc1)c1ccc2c(c1)Sc1ccccc1N2,C(=[NH+]c1ccccc1)c1ccc2c(c1)Sc1ccccc1N2,False,True
OCc1nc2c(Br)cc(C#Cc3ccc(N(c4ccccc4)c4ccccc4)cc3)cc2cc1O,C(#Cc1ccc2ncccc2c1)c1ccc(N(c2ccccc2)c2ccccc2)cc1,C(#Cc1ccc2ncccc2c1)c1ccc(N(c2ccccc2)c2ccccc2)cc1,True,False
O=S1(=O)c2ccc(-n3c4ccccc4c4ccccc43)cc2-c2cc(-n3c4ccccc4c4ccccc43)ccc21,O=S1(=O)c2ccc(-n3c4ccccc4c4ccccc43)cc2-c2cc(-n3c4ccccc4c4ccccc43)ccc21,O=S1(=O)c2ccc(-n3c4ccccc4c4ccccc43)cc2-c2cc(-n3c4ccccc4c4ccccc43)ccc21,True,False
Cn1c(N)nc2ncc(-c3ccccc3)cc21,c1ccc(-c2cnc3nc[nH]c3c2)cc1,c1ccc(-c2cnc3nc[nH]c3c2)cc1,False,True
c1ccc(-c2cccs2)cc1,c1ccc(-c2cccs2)cc1,c1ccc(-c2cccs2)cc1,True,False
CCOC(=O)c1cc2cc(C(C)=O)cn2cc1-c1ccccc1,c1ccc(-c2ccc3cccn3c2)cc1,c1ccc(-c2ccc3cccn3c2)cc1,False,True
CC1=C(C)C(=O)C(NC(Cc2ccccc2)C(=O)O)=CC1=O,O=C1C=CC(=O)C(NCCc2ccccc2)=C1,O=C1C=CC(=O)C(NCCc2ccccc2)=C1,False,True
CCn1c2ccccc2c2cc(C=Cc3ccc4ccccc4n3)ccc21,C(=Cc1ccc2ccccc2n1)c1ccc2[nH]c3ccccc3c2c1,C(=Cc1ccc2ccccc2n1)c1ccc2[nH]c3ccccc3c2c1,True,False
CN(C)c1ccc(C=c2oc(=Cc3cccc(Cl)c3)c3ccccc23)cc1,C(c1ccccc1)=c1oc(=Cc2ccccc2)c2ccccc12,C(c1ccccc1)=c1oc(=Cc2ccccc2)c2ccccc12,True,False
COc1ccc(N(c2ccc(OC)cc2)c2ccc(-c3ccc(C=C(C#N)C(=O)O)cn3)cc2)cc1,c1ccc(N(c2ccccc2)c2ccc(-c3ccccn3)cc2)cc1,c1ccc(N(c2ccccc2)c2ccc(-c3ccccn3)cc2)cc1,True,False
Nc1c(S(=O)(=O)O)cc(Br)c2c1C(=O)c1ccccc1C2=O,O=C1c2ccccc2C(=O)c2ccccc21,O=C1c2ccccc2C(=O)c2ccccc21,True,False
CCN(CC)c1ccc2cc(C=CC(=O)c3c(O)c4ccccc4n(C)c3=O)c(=O)oc2c1,O=C(C=Cc1cc2ccccc2oc1=O)c1cc2ccccc2[nH]c1=O,O=C(C=Cc1cc2ccccc2oc1=O)c1cc2ccccc2[nH]c1=O,True,False
Oc1ccc2ccccc2c1CN1CCOCCOCCOCCOCC1,c1ccc2c(CN3CCOCCOCCOCCOCC3)cccc2c1,c1ccc2c(CN3CCOCCOCCOCCOCC3)cccc2c1,True,False
Cc1ccc2c(-c3cnc4ccccc4c3)c3ccccc3c(-c3cnc4ccccc4c3)c2c1,c1ccc2ncc(-c3c4ccccc4c(-c4cnc5ccccc5c4)c4ccccc34)cc2c1,c1ccc2ncc(-c3c4ccccc4c(-c4cnc5ccccc5c4)c4ccccc34)cc2c1,True,False
O=C(O)c1ccccc1N=Nc1nc2ccc([N+](=O)[O-])cc2s1,c1ccc(N=Nc2nc3ccccc3s2)cc1,c1ccc(N=Nc2nc3ccccc3s2)cc1,False,True
N#CC(=CC=CC=Cc1ccc(N(CCO)CCO)cc1)C(=O)NCCOCCO,c1ccccc1,c1ccccc1,False,True
COc1ccc(C=Cc2ccc(O)c(C=NCCN(C)C)c2)cc1,C(=Cc1ccccc1)c1ccccc1,C(=Cc1ccccc1)c1ccccc1,False,True
COc1cc2c(c3ccccc13)OC(N)=C(C#N)C2c1ccc(Cl)cc1,C1=CC(c2ccccc2)c2ccc3ccccc3c2O1,C1=CC(c2ccccc2)c2ccc3ccccc3c2O1,True,False
CCN1CCN(CC)c2cc3oc(=O)c(-c4nc5ccccc5[nH]4)cc3cc21,O=c1oc2cc3c(cc2cc1-c1nc2ccccc2[nH]1)NCCN3,O=c1oc2cc3c(cc2cc1-c1nc2ccccc2[nH]1)NCCN3,True,False
c1ccc(N(c2ccccc2)c2ccc(-c3cc(-c4ccccn4)nc(-c4ccccn4)c3)cc2)cc1,c1ccc(N(c2ccccc2)c2ccc(-c3cc(-c4ccccn4)nc(-c4ccccn4)c3)cc2)cc1,c1ccc(N(c2ccccc2)c2ccc(-c3cc(-c4ccccn4)nc(-c4ccccn4)c3)cc2)cc1,True,False
COC(=O)Cc1cccc(C23OCC(C)(C)C2(C(C)(C)C)OO3)c1,c1ccc(C23OCCC2OO3)cc1,c1ccc(C23OCCC2OO3)cc1,True,False
Cc1ccc2nc(N=Nc3c(N)nc4c(N=Nc5nccs5)c(N)nn4c3N)sc2c1,c1ccc2sc(N=Nc3cnc4c(N=Nc5nccs5)cnn4c3)nc2c1,c1ccc2sc(N=Nc3cnc4c(N=Nc5nccs5)cnn4c3)nc2c1,True,False
COC(=O)c1cc(C(=O)OC)n2ncc3ccccc3c12,c1ccc2c(c1)cnn1cccc21,c1ccc2c(c1)cnn1cccc21,True,False
Clc1ccc(-n2cccc2)cc1,c1ccc(-n2cccc2)cc1,c1ccc(-n2cccc2)cc1,True,False
c1cc2c(s1)sc1sccc12,c1cc2c(s1)sc1sccc12,c1cc2c(s1)sc1sccc12,True,False
COc1ccc(-c2nc3ncccn3c2CO)cc1OC,c1ccc(-c2cn3cccnc3n2)cc1,c1ccc(-c2cn3cccnc3n2)cc1,True,False
O=Cc1cccc(O)c1,c1ccccc1,c1ccccc1,False,True
CC(=O)C(Cl)c1ccccc1,c1ccccc1,c1ccccc1,False,True
COc1ccc(-c2cc(-c3nnc(-c4ccccc4)o3)n(Cc3ccc(C(C)(C)C)cc3)n2)cc1,c1ccc(Cn2nc(-c3ccccc3)cc2-c2nnc(-c3ccccc3)o2)cc1,c1ccc(Cn2nc(-c3ccccc3)cc2-c2nnc(-c3ccccc3)o2)cc1,True,False
CCN(CC)c1ccc(C(=O)NC(C)C)cc1,c1ccccc1,c1ccccc1,False,True
CCn1c2nc(-c3ccccc3)nc(=O)c-2[n+]([O-])c2ccccc21,O=c1nc(-c2ccccc2)nc2[nH]c3ccccc3[nH+]c1-2,O=c1nc(-c2ccccc2)nc2[nH]c3ccccc3[nH+]c1-2,True,False
Cc1cc2nc(N=Nc3c(-c4ccccc4)[nH]c4ccccc34)sc2cc1C,c1ccc(-c2[nH]c3ccccc3c2N=Nc2nc3ccccc3s2)cc1,c1ccc(-c2[nH]c3ccccc3c2N=Nc2nc3ccccc3s2)cc1,True,False
Cc1cc2cccnc2c2ncccc12,c1cnc2c(c1)ccc1cccnc12,c1cnc2c(c1)ccc1cccnc12,False,True
COc1ccc(-c2c(C#N)c(N)nc(N)c2C#N)cc1,c1ccc(-c2ccncc2)cc1,c1ccc(-c2ccncc2)cc1,True,False
Cc1cc(C)c(C#Cc2c3c(c4cccc5cccc2c54)=C(c2ccccc2)c2ccccc2-3)c(C)c1,C(#Cc1c2c(c3cccc4cccc1c43)=C(c1ccccc1)c1ccccc1-2)c1ccccc1,C(#Cc1c2c(c3cccc4cccc1c43)=C(c1ccccc1)c1ccccc1-2)c1ccccc1,True,False
COC(=O)c1cc(C(=O)OC)n2nc(-c3ccc(Cl)cc3)ccc12,c1ccc(-c2ccc3cccn3n2)cc1,c1ccc(-c2ccc3cccn3n2)cc1,True,False
CCCCn1c2ccc(C#Cc3ccccc3)cc2c2cc(C#Cc3ccccc3)ccc21,C(#Cc1ccc2[nH]c3ccc(C#Cc4ccccc4)cc3c2c1)c1ccccc1,C(#Cc1ccc2[nH]c3ccc(C#Cc4ccccc4)cc3c2c1)c1ccccc1,True,False
c1cnc(N2CCNCC2)nc1,c1cnc(N2CCNCC2)nc1,c1cnc(N2CCNCC2)nc1,True,False
COc1ccc(-n2cccc2)cc1,c1ccc(-n2cccc2)cc1,c1ccc(-n2cccc2)cc1,True,False
O=C1C(=CC=C2C=CN(CC(O)CO)C=C2)C(=O)c2ccccc21,O=C1C(=CC=C2C=CNC=C2)C(=O)c2ccccc21,O=C1C(=CC=C2C=CNC=C2)C(=O)c2ccccc21,True,False
C(=Nc1ccc2ccccc2c1)c1ccc(-c2ccccc2)cc1,C(=Nc1ccc2ccccc2c1)c1ccc(-c2ccccc2)cc1,C(=Nc1ccc2ccccc2c1)c1ccc(-c2ccccc2)cc1,True,False
N#Cc1c(N)nc(N)c(C#N)c1-c1ccc(Cl)cc1,c1ccc(-c2ccncc2)cc1,c1ccc(-c2ccncc2)cc1,True,False
C(=Cc1ccc(N2CCCCC2)c2nsnc12)c1ccncc1,C(=Cc1ccc(N2CCCCC2)c2nsnc12)c1ccncc1,C(=Cc1ccc(N2CCCCC2)c2nsnc12)c1ccncc1,True,False
CC(C)(C)n1c(=O)c2cc3ccc4cccc5ccc(c2c1=O)c3c45,O=c1[nH]c(=O)c2c1cc1ccc3cccc4ccc2c1c34,O=c1[nH]c(=O)c2c1cc1ccc3cccc4ccc2c1c34,True,False
Nc1nc(=O)c2nc(CNc3ccc(C(=O)N[C@@H](CCC(=O)O)C(=O)O)cc3)cnc2[nH]1,O=c1nc[nH]c2ncc(CNc3ccccc3)nc12,O=c1nc[nH]c2ncc(CNc3ccccc3)nc12,True,False
Cc1ccc2c(C=Cc3ccc(N(C)c4ccccc4)cc3)cc(=O)oc2c1,O=c1cc(C=Cc2ccc(Nc3ccccc3)cc2)c2ccccc2o1,O=c1cc(C=Cc2ccc(Nc3ccccc3)cc2)c2ccccc2o1,True,False
CN(c1ccccc1)c1ccc(-c2cc3cccc4c5nc(-c6ccc(N(C)c7ccccc7)cc6)cc6cccc(c(n2)c34)c65)cc1,c1ccc(Nc2ccc(-c3cc4cccc5c6nc(-c7ccc(Nc8ccccc8)cc7)cc7cccc(c(n3)c45)c76)cc2)cc1,c1ccc(Nc2ccc(-c3cc4cccc5c6nc(-c7ccc(Nc8ccccc8)cc7)cc7cccc(c(n3)c45)c76)cc2)cc1,True,False
Cn1c2ccccc2c2cc(C=C(C#N)c3ccc(C=C4SC(=S)N(CC(=O)O)C4=O)s3)ccc21,O=C1NC(=S)SC1=Cc1ccc(C=Cc2ccc3[nH]c4ccccc4c3c2)s1,O=C1NC(=S)SC1=Cc1ccc(C=Cc2ccc3[nH]c4ccccc4c3c2)s1,True,False
CCCCN1C(=O)c2ccc3c4ccc5c6c(cc(-c7ccc(C(C)C)cc7)c(c7ccc(c2c37)C1=O)c64)C(=O)N(CC(C)CC)C5=O,O=C1NC(=O)c2ccc3c4c(-c5ccccc5)cc5c6c(ccc(c7ccc1c2c73)c64)C(=O)NC5=O,O=C1NC(=O)c2ccc3c4c(-c5ccccc5)cc5c6c(ccc(c7ccc1c2c73)c64)C(=O)NC5=O,False,True
COc1ccc2nc(N=Nc3nc4ccc(OC)cc4s3)sc2c1,c1ccc2sc(N=Nc3nc4ccccc4s3)nc2c1,c1ccc2sc(N=Nc3nc4ccccc4s3)nc2c1,True,False
CN(C)c1ccc(C#Cc2ccc(-c3c(F)c(F)c(-c4ccc(C#Cc5ccc(N(C)C)cc5)cc4)c(F)c3F)cc2)cc1,C(#Cc1ccc(-c2ccc(-c3ccc(C#Cc4ccccc4)cc3)cc2)cc1)c1ccccc1,C(#Cc1ccc(-c2ccc(-c3ccc(C#Cc4ccccc4)cc3)cc2)cc1)c1ccccc1,True,False
O=C1C(=Cc2ccc(Cl)cc2)N=C(c2ccccc2)N1Cc1ccccc1,O=C1C(=Cc2ccccc2)N=C(c2ccccc2)N1Cc1ccccc1,O=C1C(=Cc2ccccc2)N=C(c2ccccc2)N1Cc1ccccc1,False,True
c1cnc2c(c1)c1ncccc1c1nccnc21,c1cnc2c(c1)c1ncccc1c1nccnc21,c1cnc2c(c1)c1ncccc1c1nccnc21,True,False
c1csc(-c2sc(-c3cccs3)c(-c3cccs3)c2-c2cccs2)c1,c1csc(-c2sc(-c3cccs3)c(-c3cccs3)c2-c2cccs2)c1,c1csc(-c2sc(-c3cccs3)c(-c3cccs3)c2-c2cccs2)c1,True,False
O=C(O)c1ccc2cc3ccccc3cc2c1,c1ccc2cc3ccccc3cc2c1,c1ccc2cc3ccccc3cc2c1,False,True
COc1ccc(Cn2ccc3c2-c2[nH]c(=O)c(S(=O)(=O)c4ccccc4)cc2CC3)cc1,O=c1[nH]c2c(cc1S(=O)(=O)c1ccccc1)CCc1ccn(Cc3ccccc3)c1-2,O=c1[nH]c2c(cc1S(=O)(=O)c1ccccc1)CCc1ccn(Cc3ccccc3)c1-2,True,False
O=C(O)c1cccc(O)c1,c1ccccc1,c1ccccc1,False,True
CCn1c2ccc(C#Cc3ccccc3)cc2c2cc(C#Cc3ccccc3)ccc21,C(#Cc1ccc2[nH]c3ccc(C#Cc4ccccc4)cc3c2c1)c1ccccc1,C(#Cc1ccc2[nH]c3ccc(C#Cc4ccccc4)cc3c2c1)c1ccccc1,True,False
CCN1C(=O)C(=C2C(=CC=C3N(C)c4ccccc4C3(C)C)c3ccccc3C2=CC=C2N(C)c3ccccc3C2(C)C)C(=O)N(CC)C1=S,O=C1NC(=S)NC(=O)C1=C1C(=CC=C2Cc3ccccc3N2)c2ccccc2C1=CC=C1Cc2ccccc2N1,O=C1NC(=S)NC(=O)C1=C1C(=CC=C2Cc3ccccc3N2)c2ccccc2C1=CC=C1Cc2ccccc2N1,True,False
CCN(c1ccccc1)c1cc(=O)[nH]c(-c2ccccc2)n1,O=c1cc(Nc2ccccc2)nc(-c2ccccc2)[nH]1,O=c1cc(Nc2ccccc2)nc(-c2ccccc2)[nH]1,True,False
CCOC(=O)c1cc(C(=O)c2ccc(Cl)cc2)n2ncccc12,O=C(c1ccccc1)c1ccc2cccnn12,O=C(c1ccccc1)c1ccc2cccnn12,True,False
F[B-]1(F)Oc2ccc3ccccc3c2-c2c3c(c4c([n+]21)CCc1ccccc1-4)CCc1ccccc1-3,[BH2-]1Oc2ccc3ccccc3c2-c2c3c(c4c([n+]21)CCc1ccccc1-4)CCc1ccccc1-3,[BH2-]1Oc2ccc3ccccc3c2-c2c3c(c4c([n+]21)CCc1ccccc1-4)CCc1ccccc1-3,True,False
COc1ccc(-n2c(-c3ccc(OC)c4ccccc34)nc3c4ccccc4c4ccccc4c32)cc1,c1ccc(-n2c(-c3cccc4ccccc34)nc3c4ccccc4c4ccccc4c32)cc1,c1ccc(-n2c(-c3cccc4ccccc34)nc3c4ccccc4c4ccccc4c32)cc1,False,True
O=C(O)Cc1cc(I)c(Oc2cc(I)c(O)c(I)c2)c(I)c1,c1ccc(Oc2ccccc2)cc1,c1ccc(Oc2ccccc2)cc1,True,False
O=C1c2ccc([N+](=O)[O-])c3cccc(c23)C1CCCl,O=C1Cc2cccc3cccc1c23,O=C1Cc2cccc3cccc1c23,True,False
CCOC(=O)c1c(N)sc(N=Nc2ccc([N+](=O)[O-])cc2)c1-c1ccccc1,c1ccc(N=Nc2sccc2-c2ccccc2)cc1,c1ccc(N=Nc2sccc2-c2ccccc2)cc1,True,False
O=C1c2ccccc2C(=O)c2c(-c3ccccc3)ccc(-c3ccccc3)c21,O=C1c2ccccc2C(=O)c2c(-c3ccccc3)ccc(-c3ccccc3)c21,O=C1c2ccccc2C(=O)c2c(-c3ccccc3)ccc(-c3ccccc3)c21,True,False
O=[N+]([O-])c1ccc(-c2nc3ccccn3c2CO)cc1,c1ccc(-c2cn3ccccc3n2)cc1,c1ccc(-c2cn3ccccc3n2)cc1,True,False
Cc1cc(C)cc(-n2c(-c3ccc(F)cc3)nc3c4ccccc4c4ccccc4c32)c1,c1ccc(-c2nc3c4ccccc4c4ccccc4c3n2-c2ccccc2)cc1,c1ccc(-c2nc3c4ccccc4c4ccccc4c3n2-c2ccccc2)cc1,False,True
N#CC(=Cc1ccc(-c2ccc(-c3ccc4ccc5cccc6ccc3c4c56)s2)cc1)C(=O)O,c1ccc(-c2ccc(-c3ccc4ccc5cccc6ccc3c4c56)s2)cc1,c1ccc(-c2ccc(-c3ccc4ccc5cccc6ccc3c4c56)s2)cc1,True,False
C#CCn1cccc1-c1cccs1,c1c[nH]c(-c2cccs2)c1,c1c[nH]c(-c2cccs2)c1,True,False
CC(=O)Nc1c(O)cc(C(=O)O)cc1[N+](=O)[O-],c1ccccc1,c1ccccc1,False,True
Nc1nc2c(N=Nc3ccccc3)c(N)nn2c(N)c1N=Nc1ccc([N+](=O)[O-])cc1,c1ccc(N=Nc2cnc3c(N=Nc4ccccc4)cnn3c2)cc1,c1ccc(N=Nc2cnc3c(N=Nc4ccccc4)cnn3c2)cc1,False,True
c1ccc(-n2c3ccccc3c3cc(-c4nc(-c5ccc6c(c5)c5ccccc5n6-c5ccccc5)c5ccccc5n4)ccc32)cc1,c1ccc(-n2c3ccccc3c3cc(-c4nc(-c5ccc6c(c5)c5ccccc5n6-c5ccccc5)c5ccccc5n4)ccc32)cc1,c1ccc(-n2c3ccccc3c3cc(-c4nc(-c5ccc6c(c5)c5ccccc5n6-c5ccccc5)c5ccccc5n4)ccc32)cc1,True,False
COc1cc(C(C#N)=Cc2ccc(-c3nnc(C)o3)cc2)c(OC)cc1C(C#N)=Cc1ccc(-c2nnc(C)o2)cc1,C(=Cc1ccc(-c2nnco2)cc1)c1ccc(C=Cc2ccc(-c3nnco3)cc2)cc1,C(=Cc1ccc(-c2nnco2)cc1)c1ccc(C=Cc2ccc(-c3nnco3)cc2)cc1,True,False
Nc1ccc(N2CCOCC2)cc1,c1ccc(N2CCOCC2)cc1,c1ccc(N2CCOCC2)cc1,False,True
COc1ccc(-c2ccc(-c3cccc(C(F)(F)F)c3)s2)cc1,c1ccc(-c2ccc(-c3ccccc3)s2)cc1,c1ccc(-c2ccc(-c3ccccc3)s2)cc1,True,False
CCn1c(-c2cc(C)cc(C(c3ccccc3)c3ccccc3)c2O)nc2ccccc21,c1ccc(C(c2ccccc2)c2cccc(-c3nc4ccccc4[nH]3)c2)cc1,c1ccc(C(c2ccccc2)c2cccc(-c3nc4ccccc4[nH]3)c2)cc1,True,False
CCN(CC)c1ccc(-c2nc3ccc(C(=O)O)cc3[nH]2)cc1,c1ccc(-c2nc3ccccc3[nH]2)cc1,c1ccc(-c2nc3ccccc3[nH]2)cc1,True,False
CC(=O)c1ccc(-c2sc(-c3ccc(C=O)s3)c(C#N)c2C#N)s1,c1csc(-c2ccc(-c3cccs3)s2)c1,c1csc(-c2ccc(-c3cccs3)s2)c1,True,False
CCc1nccnc1C(=O)C=Cc1ccc(Cl)cc1,O=C(C=Cc1ccccc1)c1cnccn1,O=C(C=Cc1ccccc1)c1cnccn1,True,False
[C-]#[N+]c1ccc(-c2ccc(N(C)C)cc2)cc1,c1ccc(-c2ccccc2)cc1,c1ccc(-c2ccccc2)cc1,True,False
CC(=O)OCCN(CCC#N)c1ccc(N=Nc2nc(-c3ccc(Cl)cc3Cl)cs2)cc1,c1ccc(N=Nc2nc(-c3ccccc3)cs2)cc1,c1ccc(N=Nc2nc(-c3ccccc3)cs2)cc1,True,False
Cc1ccc(C(C#N)=Cc2ccc(-c3csc(C=C(C#N)c4ccccc4)c3)cc2)cc1,C(=Cc1ccc(-c2csc(C=Cc3ccccc3)c2)cc1)c1ccccc1,C(=Cc1ccc(-c2csc(C=Cc3ccccc3)c2)cc1)c1ccccc1,True,False
c1ccc(-c2nc3ccccc3n2-c2ccccc2)cc1,c1ccc(-c2nc3ccccc3n2-c2ccccc2)cc1,c1ccc(-c2nc3ccccc3n2-c2ccccc2)cc1,True,False
Cn1ccc2c1-c1[nH]c(=O)c(S(=O)(=O)c3ccccc3)cc1CC2,O=c1[nH]c2c(cc1S(=O)(=O)c1ccccc1)CCc1cc[nH]c1-2,O=c1[nH]c2c(cc1S(=O)(=O)c1ccccc1)CCc1cc[nH]c1-2,True,False
CN(C)c1ccc(C=CC(=O)O)cc1,c1ccccc1,c1ccccc1,False,True
CCn1c2ccccc2c2cc(-c3nc(-c4ccccc4)c(-c4ccccc4)n3-c3ccc(F)cc3)ccc21,c1ccc(-c2nc(-c3ccc4[nH]c5ccccc5c4c3)n(-c3ccccc3)c2-c2ccccc2)cc1,c1ccc(-c2nc(-c3ccc4[nH]c5ccccc5c4c3)n(-c3ccccc3)c2-c2ccccc2)cc1,False,True
c1ccc2c(c1)ccc1ccc3sccc3c12,c1ccc2c(c1)ccc1ccc3sccc3c12,c1ccc2c(c1)ccc1ccc3sccc3c12,True,False
COc1ccc(N=Nc2c(C)nn3c(N=Nc4ccc([N+](=O)[O-])cc4)c(-c4ccccc4)[nH]c23)cc1,c1ccc(N=Nc2cnn3c(N=Nc4ccccc4)c(-c4ccccc4)[nH]c23)cc1,c1ccc(N=Nc2cnn3c(N=Nc4ccccc4)c(-c4ccccc4)[nH]c23)cc1,True,False
O=c1nc2ccnc-2c1=O,O=c1nc2ccnc-2c1=O,O=c1nc2ccnc-2c1=O,True,False
CC(=O)c1cc2cc3ccccc3nc2nc1C,c1ccc2nc3ncccc3cc2c1,c1ccc2nc3ncccc3cc2c1,True,False
CN(CCO)c1ccc(N=Nc2ccc(N=Nc3ccc(S(=O)(=O)NC(=O)c4ccccc4)cc3)cc2)cc1,O=C(NS(=O)(=O)c1ccc(N=Nc2ccc(N=Nc3ccccc3)cc2)cc1)c1ccccc1,O=C(NS(=O)(=O)c1ccc(N=Nc2ccc(N=Nc3ccccc3)cc2)cc1)c1ccccc1,True,False
CC(C)(C)C1=CC(=CC=Cc2cnccn2)C=C(C(C)(C)C)O1,C(=Cc1cnccn1)C=C1C=COC=C1,C(=Cc1cnccn1)C=C1C=COC=C1,True,False
Cc1cc(C)c(B(c2cccs2)c2c(C)cc(C)cc2C)c(C)c1,c1ccc(B(c2ccccc2)c2cccs2)cc1,c1ccc(B(c2ccccc2)c2cccs2)cc1,False,True
Cn1c(-c2ccc(-c3nc4ccccc4[nH]3)cc2)nc(-c2ccccc2)c1-c1ccccc1,c1ccc(-c2nc(-c3ccc(-c4nc5ccccc5[nH]4)cc3)[nH]c2-c2ccccc2)cc1,c1ccc(-c2nc(-c3ccc(-c4nc5ccccc5[nH]4)cc3)[nH]c2-c2ccccc2)cc1,True,False
COC(=O)Cc1cc(=O)oc2cc(N)c(Cl)cc12,O=c1ccc2ccccc2o1,O=c1ccc2ccccc2o1,False,True
CCn1c2ccccc2c2cc(C=CC3=[O+][B-](F)(F)Oc4c3c(=O)oc3ccccc43)ccc21,O=c1oc2ccccc2c2c1C(C=Cc1ccc3[nH]c4ccccc4c3c1)=[O+][BH2-]O2,O=c1oc2ccccc2c2c1C(C=Cc1ccc3[nH]c4ccccc4c3c1)=[O+][BH2-]O2,True,False
O=[N+]([O-])c1ccc2nc(N=Nc3ccc4cccccc3-4)sc2c1,c1ccc2ccc(N=Nc3nc4ccccc4s3)c-2cc1,c1ccc2ccc(N=Nc3nc4ccccc4s3)c-2cc1,True,False
Cc1nn2c(N=Nc3ccccc3)c(-c3ccccc3)[nH]c2c1N=Nc1ccc(Cl)cc1,c1ccc(N=Nc2cnn3c(N=Nc4ccccc4)c(-c4ccccc4)[nH]c23)cc1,c1ccc(N=Nc2cnn3c(N=Nc4ccccc4)c(-c4ccccc4)[nH]c23)cc1,True,False
c1ccc(-c2cc(-c3ccccc3)nc(-c3ccccc3)c2)cc1,c1ccc(-c2cc(-c3ccccc3)nc(-c3ccccc3)c2)cc1,c1ccc(-c2cc(-c3ccccc3)nc(-c3ccccc3)c2)cc1,False,True
c1ccc(-n2cnnn2)c(OCCOCCOc2ccccc2-n2cnnn2)c1,c1ccc(-n2cnnn2)c(OCCOCCOc2ccccc2-n2cnnn2)c1,c1ccc(-n2cnnn2)c(OCCOCCOc2ccccc2-n2cnnn2)c1,True,False
COc1ccc(C2(c3ccc(OC)c(Cl)c3)C=C3c4ccccc4C=CC3OC2)cc1Cl,C1=CC2OCC(c3ccccc3)(c3ccccc3)C=C2c2ccccc21,C1=CC2OCC(c3ccccc3)(c3ccccc3)C=C2c2ccccc21,True,False
CN(C)c1ccc(-c2ccc(-c3ccc(C=O)s3)s2)cc1,c1ccc(-c2ccc(-c3cccs3)s2)cc1,c1ccc(-c2ccc(-c3cccs3)s2)cc1,False,True
COc1ccc(C(=Cc2ccc(C=C(C#N)c3ccc([N+](=O)[O-])cc3)cc2)c2ccc(OC)cc2)cc1,C(=Cc1ccc(C=C(c2ccccc2)c2ccccc2)cc1)c1ccccc1,C(=Cc1ccc(C=C(c2ccccc2)c2ccccc2)cc1)c1ccccc1,True,False
CCC1=C(C)C(=O)NC1=Cc1[nH]c(C(C)(C)c2[nH]c(C=C3NC(=O)C(C)=C3CC)c(C)c2CCC(=O)O)c(CCC(=O)O)c1C,O=C1C=CC(=Cc2ccc(Cc3ccc(C=C4C=CC(=O)N4)[nH]3)[nH]2)N1,O=C1C=CC(=Cc2ccc(Cc3ccc(C=C4C=CC(=O)N4)[nH]3)[nH]2)N1,False,True
Brc1cncnc1-c1ccc(-c2cccs2)s1,c1csc(-c2ccc(-c3ccncn3)s2)c1,c1csc(-c2ccc(-c3ccncn3)s2)c1,True,False
CC(C)n1c(=O)c2cc3ccc4cccc5ccc(c2c1=O)c3c45,O=c1[nH]c(=O)c2c1cc1ccc3cccc4ccc2c1c34,O=c1[nH]c(=O)c2c1cc1ccc3cccc4ccc2c1c34,True,False
CCn1cc(C(c2ccc(-n3c4ccccc4c4ccccc43)cc2)c2cn(CC)c3ccc(OC)cc23)c2cc(OC)ccc21,c1ccc2c(C(c3ccc(-n4c5ccccc5c5ccccc54)cc3)c3c[nH]c4ccccc34)c[nH]c2c1,c1ccc2c(C(c3ccc(-n4c5ccccc5c5ccccc54)cc3)c3c[nH]c4ccccc34)c[nH]c2c1,False,True
Cc1cc(C2=C(c3c(C)sc4ccccc34)C(=O)N(Cc3ccccc3)C2=O)c(C)s1,O=C1C(c2ccsc2)=C(c2csc3ccccc23)C(=O)N1Cc1ccccc1,O=C1C(c2ccsc2)=C(c2csc3ccccc23)C(=O)N1Cc1ccccc1,True,False
COc1ccc(NN=C(C(=O)c2ccccc2)c2nc(C)cc(=O)[nH]2)cc1,O=C(C(=NNc1ccccc1)c1nccc(=O)[nH]1)c1ccccc1,O=C(C(=NNc1ccccc1)c1nccc(=O)[nH]1)c1ccccc1,False,True
Cc1ccc(Oc2c3c4c(cc(=O)oc4c4ccccc24)-c2ccccc2C3=O)cc1,O=C1c2ccccc2-c2cc(=O)oc3c2c1c(Oc1ccccc1)c1ccccc13,O=C1c2ccccc2-c2cc(=O)oc3c2c1c(Oc1ccccc1)c1ccccc13,False,True
COC(=O)c1c(C(=O)OC)c2cccnn2c1C(=O)OC,c1cnn2cccc2c1,c1cnn2cccc2c1,True,False
CCN(CCO)c1ccc(C(C#N)=C(C#N)C#N)cc1,c1ccccc1,c1ccccc1,False,True
Nc1nc2c(nc(C=Cc3ccc(C(F)(F)F)cc3)n2C2OC(CO)C(O)C2O)c(=O)[nH]1,O=c1[nH]cnc2c1nc(C=Cc1ccccc1)n2C1CCCO1,O=c1[nH]cnc2c1nc(C=Cc1ccccc1)n2C1CCCO1,True,False
CN(C)c1ccc(-c2nc(-c3ccc(-c4ccc(C#N)cc4)cc3)[nH]c2-c2ccc(N(C)C)cc2)cc1,c1ccc(-c2ccc(-c3nc(-c4ccccc4)c(-c4ccccc4)[nH]3)cc2)cc1,c1ccc(-c2ccc(-c3nc(-c4ccccc4)c(-c4ccccc4)[nH]3)cc2)cc1,True,False
Cn1ccc2ncnc(Oc3ccc(NC(=O)Nc4cccc(F)c4)cc3)c21,O=C(Nc1ccccc1)Nc1ccc(Oc2ncnc3cc[nH]c23)cc1,O=C(Nc1ccccc1)Nc1ccc(Oc2ncnc3cc[nH]c23)cc1,True,False
COc1ccc(-c2ccc(-c3sc(-c4ccc(-c5ccc(OC)s5)s4)c([N+](=O)[O-])c3[N+](=O)[O-])s2)s1,c1csc(-c2ccc(-c3ccc(-c4ccc(-c5cccs5)s4)s3)s2)c1,c1csc(-c2ccc(-c3ccc(-c4ccc(-c5cccs5)s4)s3)s2)c1,False,True
O=[N+]([O-])c1ccccc1N=NC(=NNc1ccccc1)c1ccccc1,c1ccc(N=NC(=NNc2ccccc2)c2ccccc2)cc1,c1ccc(N=NC(=NNc2ccccc2)c2ccccc2)cc1,True,False
Cc1nc2c3c(-c4ccccc4)n(-c4ccccc4)nc3c(C)nn2c1N=Nc1cccc([N+](=O)[O-])c1,c1ccc(N=Nc2cnc3c4c(-c5ccccc5)n(-c5ccccc5)nc4cnn23)cc1,c1ccc(N=Nc2cnc3c4c(-c5ccccc5)n(-c5ccccc5)nc4cnn23)cc1,True,False
COc1cc(NS(=O)(=O)c2ccc(N=Nc3ccc(N=Nc4ccc(N(CCO)CCO)cc4)cc3)cc2)nc(OC)n1,O=S(=O)(Nc1ccncn1)c1ccc(N=Nc2ccc(N=Nc3ccccc3)cc2)cc1,O=S(=O)(Nc1ccncn1)c1ccc(N=Nc2ccc(N=Nc3ccccc3)cc2)cc1,False,True
COc1ccccc1-c1ccccc1O,c1ccc(-c2ccccc2)cc1,c1ccc(-c2ccccc2)cc1,True,False
CC1=CC(=C(C#N)C#N)C=C(C=Cc2ccc(N(C)C)cc2)O1,C=C1C=COC(C=Cc2ccccc2)=C1,C=C1C=COC(C=Cc2ccccc2)=C1,False,True
C1=CCC(C2(c3ccccc3)C=CC(c3ccsc3)=CC2c2ccccc2)=C1,C1=CCC(C2(c3ccccc3)C=CC(c3ccsc3)=CC2c2ccccc2)=C1,C1=CCC(C2(c3ccccc3)C=CC(c3ccsc3)=CC2c2ccccc2)=C1,True,False
Oc1ccc2ccccc2c1-c1c(O)ccc2ccccc12,c1ccc2c(-c3cccc4ccccc34)cccc2c1,c1ccc2c(-c3cccc4ccccc34)cccc2c1,True,False
Cc1ccc2[nH]c(=S)[nH]c2c1,S=c1[nH]c2ccccc2[nH]1,S=c1[nH]c2ccccc2[nH]1,True,False
CCCCOc1cc(C)c(C=Cc2ccc([N+](=O)[O-])cc2[N+](=O)[O-])cc1C,C(=Cc1ccccc1)c1ccccc1,C(=Cc1ccccc1)c1ccccc1,False,True
c1cc2ccc3ccc(COCc4ccc5ccc6cccc7ccc4c5c67)c4ccc(c1)c2c34,c1cc2ccc3ccc(COCc4ccc5ccc6cccc7ccc4c5c67)c4ccc(c1)c2c34,c1cc2ccc3ccc(COCc4ccc5ccc6cccc7ccc4c5c67)c4ccc(c1)c2c34,True,False
O=[N+]([O-])c1cc([N+](=O)[O-])c2ccccc2c1O,c1ccc2ccccc2c1,c1ccc2ccccc2c1,True,False
CO[Si](CCCSC(=O)c1ccccc1)(OC)OC,c1ccccc1,c1ccccc1,False,True
Nc1nc(-c2ccc(NC(=O)c3ccccc3)cc2)c(N=Nc2cccc(Cl)c2)s1,O=C(Nc1ccc(-c2ncsc2N=Nc2ccccc2)cc1)c1ccccc1,O=C(Nc1ccc(-c2ncsc2N=Nc2ccccc2)cc1)c1ccccc1,True,False
Brc1c2ccccc2c(-c2nc(-c3ccccc3)c(-c3ccccc3)[nH]2)c2ccccc12,c1ccc(-c2nc(-c3c4ccccc4cc4ccccc34)[nH]c2-c2ccccc2)cc1,c1ccc(-c2nc(-c3c4ccccc4cc4ccccc34)[nH]c2-c2ccccc2)cc1,True,False
CC(=C(C#N)C#N)c1ccc(N=Nc2ccc(O)c3ncccc23)cc1,c1ccc(N=Nc2cccc3ncccc23)cc1,c1ccc(N=Nc2cccc3ncccc23)cc1,True,False
O=NN1CCCc2ccc3cccnc3c21,c1cnc2c3c(ccc2c1)CCCN3,c1cnc2c3c(ccc2c1)CCCN3,True,False
Cc1ccc(-c2ccc(C3CC(c4ccc5c(c4)C4(c6ccccc6-c6ccccc64)c4ccccc4-5)=NN3c3ccccc3)cc2)cc1,c1ccc(-c2ccc(C3CC(c4ccc5c(c4)C4(c6ccccc6-c6ccccc64)c4ccccc4-5)=NN3c3ccccc3)cc2)cc1,c1ccc(-c2ccc(C3CC(c4ccc5c(c4)C4(c6ccccc6-c6ccccc64)c4ccccc4-5)=NN3c3ccccc3)cc2)cc1,True,False
COc1ccc(C=Cc2ccncc2)cc1C=NCCN(C)C,C(=Cc1ccncc1)c1ccccc1,C(=Cc1ccncc1)c1ccccc1,True,False
COc1ccc(C#Cc2cc3cc(C(C)(C)C)cc4c(C#Cc5ccc(OC)cc5)cc5cc(C(C)(C)C)cc2c5c34)cc1,C(#Cc1cc2cccc3c(C#Cc4ccccc4)cc4cccc1c4c23)c1ccccc1,C(#Cc1cc2cccc3c(C#Cc4ccccc4)cc4cccc1c4c23)c1ccccc1,True,False
CC1c2cc3nc(-c4ccccc4)[nH]c3cc2-c2cc3c(cc21)nc(-c1ccccc1)n3Cc1ccccc1,c1ccc(Cn2c(-c3ccccc3)nc3cc4c(cc32)-c2cc3[nH]c(-c5ccccc5)nc3cc2C4)cc1,c1ccc(Cn2c(-c3ccccc3)nc3cc4c(cc32)-c2cc3[nH]c(-c5ccccc5)nc3cc2C4)cc1,True,False
COc1ccc2c(c1)c(C1=C(c3cc(-c4ccc(Br)cc4)sc3C)C(=O)N(c3ccccc3)C1=O)c(C)n2C,O=C1C(c2csc(-c3ccccc3)c2)=C(c2c[nH]c3ccccc23)C(=O)N1c1ccccc1,O=C1C(c2csc(-c3ccccc3)c2)=C(c2c[nH]c3ccccc23)C(=O)N1c1ccccc1,False,True
CCN(CC)c1ccc2cc(C#N)c(=NC(=O)Nc3c(C)cccc3C(C)C)oc2c1,O=C(N=c1ccc2ccccc2o1)Nc1ccccc1,O=C(N=c1ccc2ccccc2o1)Nc1ccccc1,True,False
C=C(c1ccc(OC)cc1)c1[nH]c2ccccc2c1CCNS(=O)(=O)c1ccccc1[N+](=O)[O-],C=C(c1ccccc1)c1[nH]c2ccccc2c1CCNS(=O)(=O)c1ccccc1,C=C(c1ccccc1)c1[nH]c2ccccc2c1CCNS(=O)(=O)c1ccccc1,True,False
CCc1c(CC)c2cc3nc(cc4[nH]c(cc5nc(cc1[nH]2)C=C5)c(CC)c4CC)C=C3,C1=Cc2cc3ccc(cc4nc(cc5ccc(cc1n2)[nH]5)C=C4)[nH]3,C1=Cc2cc3ccc(cc4nc(cc5ccc(cc1n2)[nH]5)C=C4)[nH]3,True,False
CN(C)c1ccc(C=c2oc(=Cc3ccc(C(F)(F)F)cc3)c3ccccc23)cc1,C(c1ccccc1)=c1oc(=Cc2ccccc2)c2ccccc12,C(c1ccccc1)=c1oc(=Cc2ccccc2)c2ccccc12,True,False
COc1ccc(-c2nc3c(c4c2-c2ccc(Br)cc2CC4)-c2ccc(Br)cc2CC3)cc1OC,c1ccc(-c2nc3c(c4c2-c2ccccc2CC4)-c2ccccc2CC3)cc1,c1ccc(-c2nc3c(c4c2-c2ccccc2CC4)-c2ccccc2CC3)cc1,True,False
CC(=CC(=O)c1ccccc1)Nc1ccc2oc(=O)ccc2c1,O=C(C=CNc1ccc2oc(=O)ccc2c1)c1ccccc1,O=C(C=CNc1ccc2oc(=O)ccc2c1)c1ccccc1,True,False
CCn1c2ccccc2c2cc(-n3c4cc(C#N)ccc4c4ccc(C#N)cc43)ccc21,c1ccc2c(c1)[nH]c1ccc(-n3c4ccccc4c4ccccc43)cc12,c1ccc2c(c1)[nH]c1ccc(-n3c4ccccc4c4ccccc43)cc12,False,True
Brc1ccc(C=Cc2ccncc2)c2nsnc12,C(=Cc1cccc2nsnc12)c1ccncc1,C(=Cc1cccc2nsnc12)c1ccncc1,True,False
C[Si](C)(C)c1cc2cc3cc4cc5cc([Si](C)(C)C)c([Si](C)(C)C)cc5cc4cc3cc2cc1[Si](C)(C)C,c1ccc2cc3cc4cc5ccccc5cc4cc3cc2c1,c1ccc2cc3cc4cc5ccccc5cc4cc3cc2c1,True,False
Cn1cccc1C(C#N)C#N,c1cc[nH]c1,c1cc[nH]c1,True,False
CNc1ccc(O)cc1,c1ccccc1,c1ccccc1,False,True
Nc1ccn([C@H]2C[C@H](O)[C@@H](CO)O2)c(=O)n1,O=c1ncccn1[C@H]1CCCO1,O=c1ncccn1[C@H]1CCCO1,True,False
c1ccc2c(c1)-c1ccccc1C21c2ccccc2-c2ccccc21,c1ccc2c(c1)-c1ccccc1C21c2ccccc2-c2ccccc21,c1ccc2c(c1)-c1ccccc1C21c2ccccc2-c2ccccc21,False,True
O=P(c1ccccc1)(c1ccccc1)c1ccc2c(c1)c1cc(-c3ccc4c(c3)c3ccccc3n4-c3ccccc3)ccc1n2-c1ccccc1,O=P(c1ccccc1)(c1ccccc1)c1ccc2c(c1)c1cc(-c3ccc4c(c3)c3ccccc3n4-c3ccccc3)ccc1n2-c1ccccc1,O=P(c1ccccc1)(c1ccccc1)c1ccc2c(c1)c1cc(-c3ccc4c(c3)c3ccccc3n4-c3ccccc3)ccc1n2-c1ccccc1,True,False
N#Cc1ccc(N=Nc2ccc(O)c3ncccc23)cc1,c1ccc(N=Nc2cccc3ncccc23)cc1,c1ccc(N=Nc2cccc3ncccc23)cc1,True,False
COC(=O)Cc1cc(=O)oc2c(F)c(N)ccc12,O=c1ccc2ccccc2o1,O=c1ccc2ccccc2o1,False,True
CN(C)c1ccc(C=C(C2=C(C#N)C(=C(C#N)C#N)N(Cc3ccccc3)C2=O)c2cccs2)cc1,C=C1C=C(C(=Cc2ccccc2)c2cccs2)C(=O)N1Cc1ccccc1,C=C1C=C(C(=Cc2ccccc2)c2cccs2)C(=O)N1Cc1ccccc1,False,True
Cn1c(C(C#N)=C(C#N)C#N)ccc1-c1ccc(-c2cccs2)s1,c1c[nH]c(-c2ccc(-c3cccs3)s2)c1,c1c[nH]c(-c2ccc(-c3cccs3)s2)c1,True,False
O=c1c2c(O)ccc(O)c2c(=O)c2c1c(F)c(F)c1sc3ccccc3[nH]c12,O=c1c2ccccc2c(=O)c2c1ccc1sc3ccccc3[nH]c12,O=c1c2ccccc2c(=O)c2c1ccc1sc3ccccc3[nH]c12,True,False
Cc1ccc(N(c2ccc(C)cc2)c2ccc3ccc4cccc5ccc2c3c45)cc1,c1ccc(N(c2ccccc2)c2ccc3ccc4cccc5ccc2c3c45)cc1,c1ccc(N(c2ccccc2)c2ccc3ccc4cccc5ccc2c3c45)cc1,False,True
COc1ccc(-c2cc3cc(-c4ccc(C=C(C#N)C(=O)O)o4)cc4c3n2-c2ccccc2S4)cc1,c1ccc(-c2cc3cc(-c4ccco4)cc4c3n2-c2ccccc2S4)cc1,c1ccc(-c2cc3cc(-c4ccco4)cc4c3n2-c2ccccc2S4)cc1,False,True
O=C(O)CCc1ccc(O)cc1,c1ccccc1,c1ccccc1,False,True
N#Cc1ccc(NC(=O)c2sc3ccsc3c2Cl)cc1,O=C(Nc1ccccc1)c1cc2sccc2s1,O=C(Nc1ccccc1)c1cc2sccc2s1,True,False
COC(=O)c1cc2ccccc2cc1-c1cc2ccccc2cc1C(=O)N(C)[C@@H]1C[C@@H]2C[C@H]([C@H]1C)C2(C)C,O=C(N[C@H]1C[C@H]2C[C@H](C2)C1)c1cc2ccccc2cc1-c1ccc2ccccc2c1,O=C(N[C@H]1C[C@H]2C[C@H](C2)C1)c1cc2ccccc2cc1-c1ccc2ccccc2c1,True,False
CC(C)(C)c1ccc(-c2ccc(N(c3ccccc3)c3ccc(-c4ccc(C(C)(C)C)cc4)cc3)cc2)cc1,c1ccc(-c2ccc(N(c3ccccc3)c3ccc(-c4ccccc4)cc3)cc2)cc1,c1ccc(-c2ccc(N(c3ccccc3)c3ccc(-c4ccccc4)cc3)cc2)cc1,True,False
Nc1ccccc1N=Nc1ccccc1,c1ccc(N=Nc2ccccc2)cc1,c1ccc(N=Nc2ccccc2)cc1,False,True
CC1C2=C(C=CC(c3cccs3)(c3ccc(-c4sc(-c5cccs5)c5ccccc45)s3)C2)c2ccccc21,C1=CC(c2cccs2)(c2ccc(-c3sc(-c4cccs4)c4ccccc34)s2)CC2=C1c1ccccc1C2,C1=CC(c2cccs2)(c2ccc(-c3sc(-c4cccs4)c4ccccc34)s2)CC2=C1c1ccccc1C2,True,False
c1cc2c3c(cccc3c1)CC2,c1cc2c3c(cccc3c1)CC2,c1cc2c3c(cccc3c1)CC2,True,False
O=c1[nH]c(=O)n(C2OC[C@](O)(CO)[C@H]2O)cc1C(F)(F)F,O=c1ccn(C2CCCO2)c(=O)[nH]1,O=c1ccn(C2CCCO2)c(=O)[nH]1,True,False
CC(C)(C)C#Cc1ccc(-c2ccc(-c3ccc(C#CC(C)(C)C)s3)s2)s1,c1csc(-c2ccc(-c3cccs3)s2)c1,c1csc(-c2ccc(-c3cccs3)s2)c1,True,False
CCN(CC)c1ccc2c(-c3cnn(-c4cccc(S(=O)(=O)[O-])c4)c3)c3ccc(N(CC)CC)cc3[o+]c2c1,c1ccc(-n2cc(-c3c4ccccc4[o+]c4ccccc34)cn2)cc1,c1ccc(-n2cc(-c3c4ccccc4[o+]c4ccccc34)cn2)cc1,True,False
CCOC(=O)c1cc(C(=O)OC)c2ccc(-c3ccc(Br)cc3)nn12,c1ccc(-c2ccc3cccn3n2)cc1,c1ccc(-c2ccc3cccn3n2)cc1,True,False
Oc1cccc2ccc3cccnc3c12,c1ccc2c(c1)ccc1cccnc12,c1ccc2c(c1)ccc1cccnc12,True,False
CN(C)c1cccc2c(S(=O)(=O)NCCN)cccc12,c1ccc2ccccc2c1,c1ccc2ccccc2c1,True,False
O=C1C=CC(=C(c2ccc(O)cc2)c2ccc(O)cc2)C=C1,O=C1C=CC(=C(c2ccccc2)c2ccccc2)C=C1,O=C1C=CC(=C(c2ccccc2)c2ccccc2)C=C1,False,True
c1ccc(N(c2ccc(-c3ccc(N(c4ccccc4)c4cccc5ccccc45)cc3)cc2)c2cccc3ccccc23)cc1,c1ccc(N(c2ccc(-c3ccc(N(c4ccccc4)c4cccc5ccccc45)cc3)cc2)c2cccc3ccccc23)cc1,c1ccc(N(c2ccc(-c3ccc(N(c4ccccc4)c4cccc5ccccc45)cc3)cc2)c2cccc3ccccc23)cc1,True,False
O=Cc1ccc(N(c2ccccc2)c2c3ccccc3c(C=O)c3ccccc23)cc1,c1ccc(N(c2ccccc2)c2c3ccccc3cc3ccccc23)cc1,c1ccc(N(c2ccccc2)c2c3ccccc3cc3ccccc23)cc1,True,False
COc1ccc2c(c1)c1c(OC)c3ccccc3c(OC)c1n2C,c1ccc2cc3c(cc2c1)[nH]c1ccccc13,c1ccc2cc3c(cc2c1)[nH]c1ccccc13,True,False
Cc1cn([C@@]2(N=[N+]=[N-])C[C@H](O)[C@@H](CO)O2)c(=O)[nH]c1=O,O=c1ccn(C2CCCO2)c(=O)[nH]1,O=c1ccn(C2CCCO2)c(=O)[nH]1,True,False
Cc1cc(C)c(B(c2ccc(B3N(C(C)(C)C)C=CN3C(C)(C)C)s2)c2c(C)cc(C)cc2C)c(C)c1,C1=CNB(c2ccc(B(c3ccccc3)c3ccccc3)s2)N1,C1=CNB(c2ccc(B(c3ccccc3)c3ccccc3)s2)N1,True,False
CNc1ccc2c(c1)c(Cc1nc3ccccc3c3ccc(NC)cc13)nc1ccccc12,c1ccc2c(c1)nc(Cc1nc3ccccc3c3ccccc13)c1ccccc12,c1ccc2c(c1)nc(Cc1nc3ccccc3c3ccccc13)c1ccccc12,True,False
Cc1cc(C)n(-c2ccccn2)n1,c1ccc(-n2cccn2)nc1,c1ccc(-n2cccn2)nc1,True,False
CCOC(=O)c1ccc(-c2cnc(C#Cc3ccc(OC)cc3)s2)cc1,C(#Cc1ncc(-c2ccccc2)s1)c1ccccc1,C(#Cc1ncc(-c2ccccc2)s1)c1ccccc1,True,False
CN(C)c1ccc2cc3c(nc(=Nc4ccc(Br)cc4)n4c5ccccc5nc34)oc2c1,c1ccc(N=c2nc3oc4ccccc4cc3c3nc4ccccc4n23)cc1,c1ccc(N=c2nc3oc4ccccc4cc3c3nc4ccccc4n23)cc1,True,False
C#Cc1ccc(N(c2ccc(C#Cc3ccc(OC)nn3)cc2)c2ccc(C#Cc3ccc(OC)nn3)cc2)cc1,C(#Cc1cccnn1)c1ccc(N(c2ccccc2)c2ccc(C#Cc3cccnn3)cc2)cc1,C(#Cc1cccnn1)c1ccc(N(c2ccccc2)c2ccc(C#Cc3cccnn3)cc2)cc1,True,False
C=Cc1c2[nH]c(c1C)C=c1[nH]c(c(CCC(=O)O)c1C)=Cc1[nH]c(c(C)c1CCC(=O)O)C=c1[nH]c(c(C)c1CC)=C2,C1=c2ccc([nH]2)=Cc2ccc([nH]2)C=c2ccc([nH]2)=Cc2ccc1[nH]2,C1=c2ccc([nH]2)=Cc2ccc([nH]2)C=c2ccc([nH]2)=Cc2ccc1[nH]2,True,False
Cc1c(C(=O)C=Cc2ccc(OCCCN3CCN(c4ncccn4)CC3)cc2)nnn1-c1ccnc2cc(Cl)ccc12,O=C(C=Cc1ccc(OCCCN2CCN(c3ncccn3)CC2)cc1)c1cn(-c2ccnc3ccccc23)nn1,O=C(C=Cc1ccc(OCCCN2CCN(c3ncccn3)CC2)cc1)c1cn(-c2ccnc3ccccc23)nn1,False,True
CCSc1cc2c(cc1C=C(C#N)C(=O)O)Sc1ccccc1N2c1ccc(OC)cc1,c1ccc(N2c3ccccc3Sc3ccccc32)cc1,c1ccc(N2c3ccccc3Sc3ccccc32)cc1,True,False
COc1c2ccccc2c(OC)c2c1c1ccc(C(F)(F)F)cc1n2C,c1ccc2cc3c(cc2c1)[nH]c1ccccc13,c1ccc2cc3c(cc2c1)[nH]c1ccccc13,True,False
CCC1(c2ccc(N)cc2)CCC(=O)NC1=O,O=C1CCC(c2ccccc2)C(=O)N1,O=C1CCC(c2ccccc2)C(=O)N1,True,False
Cn1cc(C=C(C#N)c2ccc(C=Nc3ccc(C(=O)O)cc3)s2)c2cc([N+](=O)[O-])ccc21,C(=Cc1c[nH]c2ccccc12)c1ccc(C=Nc2ccccc2)s1,C(=Cc1c[nH]c2ccccc12)c1ccc(C=Nc2ccccc2)s1,True,False
NC1=C(Cl)C(=O)C(NCc2ccccc2)=C(Cl)C1=O,O=C1C=CC(=O)C(NCc2ccccc2)=C1,O=C1C=CC(=O)C(NCc2ccccc2)=C1,True,False
CC(C)(C)Nc1c(-c2ccc(-c3cc(=O)cc(-c4ccccc4)o3)cc2)nc2ccccn12,O=c1cc(-c2ccccc2)oc(-c2ccc(-c3cn4ccccc4n3)cc2)c1,O=c1cc(-c2ccccc2)oc(-c2ccc(-c3cn4ccccc4n3)cc2)c1,True,False
COc1ccc(C(C#N)=Cc2ccc(N(c3ccccc3)c3ccccc3)cc2)cc1,C(=Cc1ccc(N(c2ccccc2)c2ccccc2)cc1)c1ccccc1,C(=Cc1ccc(N(c2ccccc2)c2ccccc2)cc1)c1ccccc1,False,True
C#CCOC(=O)[C@@H](NC1=C(Br)C(=O)O[C@@H]1OC1CC2CCC1(C)C2(C)C)c1ccccc1,O=C1C=C(NCc2ccccc2)[C@@H](OC2CC3CCC2C3)O1,O=C1C=C(NCc2ccccc2)[C@@H](OC2CC3CCC2C3)O1,True,False
CCn1c2ccccc2c2cc(C#Cc3ccccc3)ccc21,C(#Cc1ccc2[nH]c3ccccc3c2c1)c1ccccc1,C(#Cc1ccc2[nH]c3ccccc3c2c1)c1ccccc1,True,False
CCN(CC)c1ccc2cc(C#N)c(=NC(=O)Nc3ccccc3)oc2c1,O=C(N=c1ccc2ccccc2o1)Nc1ccccc1,O=C(N=c1ccc2ccccc2o1)Nc1ccccc1,True,False
C=CCN=C1SCC(=O)N1Cc1c2ccccc2nc2ccccc12,N=C1SCC(=O)N1Cc1c2ccccc2nc2ccccc12,N=C1SCC(=O)N1Cc1c2ccccc2nc2ccccc12,True,False
CC(C)(C)c1ccc(-c2ccc3nc(Nc4ccc5cc(-c6ccc(C(C)(C)C)cc6)ccc5n4)ccc3c2)cc1,c1ccc(-c2ccc3nc(Nc4ccc5cc(-c6ccccc6)ccc5n4)ccc3c2)cc1,c1ccc(-c2ccc3nc(Nc4ccc5cc(-c6ccccc6)ccc5n4)ccc3c2)cc1,True,False
CCN(CC)c1ccc(C=C(C#N)c2ccc(C=CC(=O)O)s2)cc1,C(=Cc1cccs1)c1ccccc1,C(=Cc1cccs1)c1ccccc1,True,False
Clc1cc2cccnc2c2ncccc12,c1cnc2c(c1)ccc1cccnc12,c1cnc2c(c1)ccc1cccnc12,False,True
FC(F)(F)c1nnc(N=Nc2ccc(-c3cccs3)s2)s1,c1csc(-c2ccc(N=Nc3nncs3)s2)c1,c1csc(-c2ccc(N=Nc3nncs3)s2)c1,False,True
CN(C)c1ccc(C=CC=CC=C(C#N)C(=O)NCCOCCO)cc1,c1ccccc1,c1ccccc1,False,True
O=C1Nc2cccc3cccc1c23,O=C1Nc2cccc3cccc1c23,O=C1Nc2cccc3cccc1c23,True,False
N#Cc1ccc(N=Nc2ccc(OCCBr)cc2)cc1,c1ccc(N=Nc2ccccc2)cc1,c1ccc(N=Nc2ccccc2)cc1,False,True
Nc1ccc2nn(-c3ccccc3O)nc2c1,c1ccc(-n2nc3ccccc3n2)cc1,c1ccc(-n2nc3ccccc3n2)cc1,True,False
O=C1OC(OCc2ccccc2)C(Nc2ccccc2)=C1Br,O=C1C=C(Nc2ccccc2)C(OCc2ccccc2)O1,O=C1C=C(Nc2ccccc2)C(OCc2ccccc2)O1,False,True
CC(=O)c1ccc(-c2scc3c2OCCO3)cc1,c1ccc(-c2scc3c2OCCO3)cc1,c1ccc(-c2scc3c2OCCO3)cc1,True,False
N#Cc1c(N)sc2c1-c1ccccc1C2=Nc1ccccc1,c1ccc(N=C2c3ccccc3-c3ccsc32)cc1,c1ccc(N=C2c3ccccc3-c3ccsc32)cc1,False,True
COc1ccc(C(=Cc2ccc(C=Cc3ccc(C#N)cc3)cc2)c2ccc(OC)cc2)cc1,C(=Cc1ccc(C=C(c2ccccc2)c2ccccc2)cc1)c1ccccc1,C(=Cc1ccc(C=C(c2ccccc2)c2ccccc2)cc1)c1ccccc1,True,False
c1ccc(CNCCNCc2ccccn2)nc1,c1ccc(CNCCNCc2ccccn2)nc1,c1ccc(CNCCNCc2ccccn2)nc1,True,False
CCN(CC)Cc1ccc2cccc(O)c2n1,c1ccc2ncccc2c1,c1ccc2ncccc2c1,False,True
O=Cc1ccc(N(c2ccc(C=O)cc2)c2c3ccccc3c(C=O)c3ccccc23)cc1,c1ccc(N(c2ccccc2)c2c3ccccc3cc3ccccc23)cc1,c1ccc(N(c2ccccc2)c2c3ccccc3cc3ccccc23)cc1,True,False
Cc1ccc(-c2nc3cc4c(cc3[nH]2)-c2ccccc2C4C)cc1,c1ccc(-c2nc3cc4c(cc3[nH]2)-c2ccccc2C4)cc1,c1ccc(-c2nc3cc4c(cc3[nH]2)-c2ccccc2C4)cc1,True,False
C(=Cc1ccc(-n2c3ccccc3c3ccccc32)cc1)c1ccc(-c2nc3ccccc3s2)cc1,C(=Cc1ccc(-n2c3ccccc3c3ccccc32)cc1)c1ccc(-c2nc3ccccc3s2)cc1,C(=Cc1ccc(-n2c3ccccc3c3ccccc32)cc1)c1ccc(-c2nc3ccccc3s2)cc1,True,False
CCOC(=O)c1c2c(c3ccccc3c1-c1ccccc1)OC(c1ccccc1)(c1ccccc1)C=C2,C1=CC(c2ccccc2)(c2ccccc2)Oc2c1cc(-c1ccccc1)c1ccccc21,C1=CC(c2ccccc2)(c2ccccc2)Oc2c1cc(-c1ccccc1)c1ccccc21,True,False
O=S(=O)(O)c1ccc(N=Nc2c(-c3ccccc3)nn(-c3ccccc3)c2Nc2nc(Cl)nc(Cl)n2)cc1,c1ccc(N=Nc2c(-c3ccccc3)nn(-c3ccccc3)c2Nc2ncncn2)cc1,c1ccc(N=Nc2c(-c3ccccc3)nn(-c3ccccc3)c2Nc2ncncn2)cc1,True,False
Cn1cc(C(=O)c2ccccc2Cc2ccccc2)c(=O)c2c(O)c(F)c(F)cc21,O=C(c1ccccc1Cc1ccccc1)c1c[nH]c2ccccc2c1=O,O=C(c1ccccc1Cc1ccccc1)c1c[nH]c2ccccc2c1=O,True,False
N#CC(C#N)=C(C=Cc1cccnc1)c1ccc(N)cc1,C=C(C=Cc1cccnc1)c1ccccc1,C=C(C=Cc1cccnc1)c1ccccc1,True,False
[2H]CC1=C(n2ccc(=O)[nH]c2=O)O[C@H](CO[Si](C)(C)C(C)(C)C)[C@H]1O[Si](C)(C)C(C)(C)C,O=c1ccn(C2=CCCO2)c(=O)[nH]1,O=c1ccn(C2=CCCO2)c(=O)[nH]1,True,False
NS(=O)(=O)c1ccc(-n2ccc3ccccc32)cc1N1CCOCCOCCOCCOCC1,c1cc(N2CCOCCOCCOCCOCC2)cc(-n2ccc3ccccc32)c1,c1cc(N2CCOCCOCCOCCOCC2)cc(-n2ccc3ccccc32)c1,True,False
CC(C)(c1ccc(OCCO)cc1)c1ccc(OCCO)cc1,c1ccc(Cc2ccccc2)cc1,c1ccc(Cc2ccccc2)cc1,False,True
Cc1cc(Br)sc1-c1sc(-c2sc(Br)cc2C)c2nc(-c3ccccc3)c(-c3ccccc3)nc12,c1ccc(-c2nc3c(-c4cccs4)sc(-c4cccs4)c3nc2-c2ccccc2)cc1,c1ccc(-c2nc3c(-c4cccs4)sc(-c4cccs4)c3nc2-c2ccccc2)cc1,False,True
O=C(O)CCCc1ccc2ccc3cccc4ccc1c2c34,c1cc2ccc3cccc4ccc(c1)c2c34,c1cc2ccc3cccc4ccc(c1)c2c34,True,False
O=[N+]([O-])c1ccc(O)c(N=Cc2c(O)ccc3ccccc23)c1,C(=Nc1ccccc1)c1cccc2ccccc12,C(=Nc1ccccc1)c1cccc2ccccc12,True,False
Fc1ccc(C2(c3ccc(F)cc3)C=Cc3c(ccc4ccccc34)O2)cc1,C1=CC(c2ccccc2)(c2ccccc2)Oc2ccc3ccccc3c21,C1=CC(c2ccccc2)(c2ccccc2)Oc2ccc3ccccc3c21,False,True
CONc1c([N+](=O)[O-])cc(C(=O)OCC(=O)c2ccc3ccc4cccc5ccc2c3c45)cc1[N+](=O)[O-],O=C(OCC(=O)c1ccc2ccc3cccc4ccc1c2c34)c1ccccc1,O=C(OCC(=O)c1ccc2ccc3cccc4ccc1c2c34)c1ccccc1,True,False
Cc1ccc(-c2sc(-c3ccc(N)cc3)c3ccccc23)s1,c1ccc(-c2sc(-c3cccs3)c3ccccc23)cc1,c1ccc(-c2sc(-c3cccs3)c3ccccc23)cc1,False,True
c1ccc(N(c2ccccc2)c2ccc(-c3sc(-c4cccs4)c4cc5ccccc5cc34)cc2)cc1,c1ccc(N(c2ccccc2)c2ccc(-c3sc(-c4cccs4)c4cc5ccccc5cc34)cc2)cc1,c1ccc(N(c2ccccc2)c2ccc(-c3sc(-c4cccs4)c4cc5ccccc5cc34)cc2)cc1,True,False
CC1c2ccccc2-c2cc3c(C#C[Si](C)(C)C)c4ccccc4c(C#C[Si](C)(C)C)c3cc21,c1ccc2c(c1)Cc1cc3cc4ccccc4cc3cc1-2,c1ccc2c(c1)Cc1cc3cc4ccccc4cc3cc1-2,True,False
N#CC(=Cc1c(F)cc(-c2ccc(-c3ccc(N(c4ccccc4)c4ccccc4)cc3)s2)cc1F)C(=O)O,c1ccc(-c2ccc(-c3ccc(N(c4ccccc4)c4ccccc4)cc3)s2)cc1,c1ccc(-c2ccc(-c3ccc(N(c4ccccc4)c4ccccc4)cc3)s2)cc1,True,False
O=C1C=CC(=O)C2(C1)NC(=O)c1ccccc1N2,O=C1C=CC(=O)C2(C1)NC(=O)c1ccccc1N2,O=C1C=CC(=O)C2(C1)NC(=O)c1ccccc1N2,True,False
c1ccc2c3c([nH]c2c1)CCCC3,c1ccc2c3c([nH]c2c1)CCCC3,c1ccc2c3c([nH]c2c1)CCCC3,True,False
Cc1cccc2c1n(C)c1nc(-c3ccccc3)nc(=O)c-1[n+]2[O-],O=c1nc(-c2ccccc2)nc2[nH]c3ccccc3[nH+]c1-2,O=c1nc(-c2ccccc2)nc2[nH]c3ccccc3[nH+]c1-2,True,False
Nc1nc(=O)c2ncn(CCC(CO)CO)c2[nH]1,O=c1nc[nH]c2[nH]cnc12,O=c1nc[nH]c2[nH]cnc12,True,False
O=C1C(O)=C(C(Nn2cnnc2)c2ccc(O)cc2)C(=O)c2ccccc21,O=C1C=C(C(Nn2cnnc2)c2ccccc2)C(=O)c2ccccc21,O=C1C=C(C(Nn2cnnc2)c2ccccc2)C(=O)c2ccccc21,True,False
COc1ccc(C2(c3ccccc3)NC(C#N)=C(C#N)N2C)cc1,C1=CNC(c2ccccc2)(c2ccccc2)N1,C1=CNC(c2ccccc2)(c2ccccc2)N1,True,False
CN(C)c1ccc(C#Cc2ccc(C=C(C#N)C(=O)O)cc2)cc1,C(#Cc1ccccc1)c1ccccc1,C(#Cc1ccccc1)c1ccccc1,True,False
N#CC(=CN1c2ccccc2CCC1Cl)C(=O)O,c1ccc2c(c1)CCCN2,c1ccc2c(c1)CCCN2,True,False
FC(F)(F)c1ccc(C=Cc2ccc3c4c(ccc3c2)OC(c2ccccc2)(c2ccccc2)C4=C=C(c2ccccc2)c2ccccc2)cc1,C(=C(c1ccccc1)c1ccccc1)=C1c2c(ccc3cc(C=Cc4ccccc4)ccc23)OC1(c1ccccc1)c1ccccc1,C(=C(c1ccccc1)c1ccccc1)=C1c2c(ccc3cc(C=Cc4ccccc4)ccc23)OC1(c1ccccc1)c1ccccc1,True,False
O=[N+]([O-])c1cc2c(c([N+](=O)[O-])c1)-c1c(cc([N+](=O)[O-])cc1[N+](=O)[O-])C2=CC=C1N(c2ccccc2)c2ccccc2N1c1ccccc1,C(C=C1N(c2ccccc2)c2ccccc2N1c1ccccc1)=C1c2ccccc2-c2ccccc21,C(C=C1N(c2ccccc2)c2ccccc2N1c1ccccc1)=C1c2ccccc2-c2ccccc21,True,False
CN1c2ccccc2Sc2ccc(C=Nc3ccc4c(c3)Cc3ccccc3-4)cc21,C(=Nc1ccc2c(c1)Cc1ccccc1-2)c1ccc2c(c1)Nc1ccccc1S2,C(=Nc1ccc2c(c1)Cc1ccccc1-2)c1ccc2c(c1)Nc1ccccc1S2,True,False
Cc1cc(C#N)c(C=Cc2ccc3c(c2)Sc2ccccc2N3C)cc1C#N,C(=Cc1ccc2c(c1)Sc1ccccc1N2)c1ccccc1,C(=Cc1ccc2c(c1)Sc1ccccc1N2)c1ccccc1,True,False
Cc1cc(C(C)(C)C)cc(C)c1CC1=NCCN1,c1ccc(CC2=NCCN2)cc1,c1ccc(CC2=NCCN2)cc1,True,False
COc1ccc2c(c1)c(C1=C(c3cc(-c4ccc(Br)cc4)sc3C)C(=O)N(Cc3ccccc3)C1=O)c(C)n2C,O=C1C(c2csc(-c3ccccc3)c2)=C(c2c[nH]c3ccccc23)C(=O)N1Cc1ccccc1,O=C1C(c2csc(-c3ccccc3)c2)=C(c2c[nH]c3ccccc23)C(=O)N1Cc1ccccc1,False,True
CCn1c2ccccc2c2cc(-c3cc(C#N)c(N)nc3-c3cccs3)ccc21,c1csc(-c2ncccc2-c2ccc3[nH]c4ccccc4c3c2)c1,c1csc(-c2ncccc2-c2ccc3[nH]c4ccccc4c3c2)c1,True,False
CCN(CC)c1ccc2cc(C(C)=O)c(=O)oc2c1,O=c1ccc2ccccc2o1,O=c1ccc2ccccc2o1,False,True
N#CC(=Cc1ccc(-c2ccc(-c3ccc(N(c4ccccc4)c4ccccc4)cc3)cc2)s1)C(=O)O,c1ccc(N(c2ccccc2)c2ccc(-c3ccc(-c4cccs4)cc3)cc2)cc1,c1ccc(N(c2ccccc2)c2ccc(-c3ccc(-c4cccs4)cc3)cc2)cc1,True,False
COC(=O)c1c(C=Cc2ccc(C=Cc3ccccc3)cc2)oc2cc3c(C(=O)OC)c(C=Cc4ccc(C=Cc5ccccc5)cc4)oc3cc12,C(=Cc1ccc(C=Cc2cc3cc4oc(C=Cc5ccc(C=Cc6ccccc6)cc5)cc4cc3o2)cc1)c1ccccc1,C(=Cc1ccc(C=Cc2cc3cc4oc(C=Cc5ccc(C=Cc6ccccc6)cc5)cc4cc3o2)cc1)c1ccccc1,False,True
Cc1sc2ccccc2c1C1=C(c2ccc(N3CCOCC3)cc2)CCC1=O,O=C1CCC(c2ccc(N3CCOCC3)cc2)=C1c1csc2ccccc12,O=C1CCC(c2ccc(N3CCOCC3)cc2)=C1c1csc2ccccc12,True,False
O=[N+]([O-])c1ccc(-c2ccc(-n3c4ccccc4c4ccccc43)cc2)c2nsnc12,c1cc(-c2ccc(-n3c4ccccc4c4ccccc43)cc2)c2nsnc2c1,c1cc(-c2ccc(-n3c4ccccc4c4ccccc43)cc2)c2nsnc2c1,True,False
Cc1cc(=O)oc2cc(N)ccc12,O=c1ccc2ccccc2o1,O=c1ccc2ccccc2o1,False,True
Cn1c(-c2ccccc2)c(N=Nc2nc3ccccc3s2)c2ccccc21,c1ccc(-c2[nH]c3ccccc3c2N=Nc2nc3ccccc3s2)cc1,c1ccc(-c2[nH]c3ccccc3c2N=Nc2nc3ccccc3s2)cc1,True,False
O=C1NC(c2ccccc2)=C2C(=O)OC(c3ccc([N+](=O)[O-])cc3)=C12,O=C1NC(c2ccccc2)=C2C(=O)OC(c3ccccc3)=C12,O=C1NC(c2ccccc2)=C2C(=O)OC(c3ccccc3)=C12,False,True
Cc1c(C(=O)C=Cc2ccc(C(F)(F)F)cc2)nnn1-c1ccnc2cc(Cl)ccc12,O=C(C=Cc1ccccc1)c1cn(-c2ccnc3ccccc23)nn1,O=C(C=Cc1ccccc1)c1cn(-c2ccnc3ccccc23)nn1,True,False
Cc1ccncc1,c1ccncc1,c1ccncc1,False,True
C(#Cc1ccc(C#Cc2ccc(-n3c4ccccc4c4ccccc43)cc2)cc1)c1ccccc1,C(#Cc1ccc(C#Cc2ccc(-n3c4ccccc4c4ccccc43)cc2)cc1)c1ccccc1,C(#Cc1ccc(C#Cc2ccc(-n3c4ccccc4c4ccccc43)cc2)cc1)c1ccccc1,True,False
[2H]c1cc2cc3nc(cc4ccc(cc5nc(cc1[nH]2)C=C5)[nH]4)C=C3,C1=Cc2cc3ccc(cc4nc(cc5ccc(cc1n2)[nH]5)C=C4)[nH]3,C1=Cc2cc3ccc(cc4nc(cc5ccc(cc1n2)[nH]5)C=C4)[nH]3,True,False
CCN(CC)c1ccc2cc(C=C(C#N)c3nc4ccccc4o3)c(=O)oc2c1,O=c1oc2ccccc2cc1C=Cc1nc2ccccc2o1,O=c1oc2ccccc2cc1C=Cc1nc2ccccc2o1,True,False
CCOc1ccc(N(c2ccc(C=Cc3ccnc(-n4ccnc4)n3)cc2)c2ccc(OCC)cc2)cc1,C(=Cc1ccnc(-n2ccnc2)n1)c1ccc(N(c2ccccc2)c2ccccc2)cc1,C(=Cc1ccnc(-n2ccnc2)n1)c1ccc(N(c2ccccc2)c2ccccc2)cc1,True,False
CCOC(=O)C(Cc1ccccc1)NC(=O)[C@@H]1CSCCN1S(=O)(=O)c1ccc(C)cc1,O=C(NCCc1ccccc1)[C@@H]1CSCCN1S(=O)(=O)c1ccccc1,O=C(NCCc1ccccc1)[C@@H]1CSCCN1S(=O)(=O)c1ccccc1,True,False
CCOC(=O)C1=C(c2ccccc2)NC(=O)C1=NNc1ccccc1,O=C1NC(c2ccccc2)=CC1=NNc1ccccc1,O=C1NC(c2ccccc2)=CC1=NNc1ccccc1,True,False
CN(C)c1ccc(C=Cc2ccc(-c3nc(-c4ccccc4)c(-c4ccccc4)n3-c3ccccc3)cc2)cc1,C(=Cc1ccc(-c2nc(-c3ccccc3)c(-c3ccccc3)n2-c2ccccc2)cc1)c1ccccc1,C(=Cc1ccc(-c2nc(-c3ccccc3)c(-c3ccccc3)n2-c2ccccc2)cc1)c1ccccc1,False,True
CCN(c1ccc(C)cc1)c1cc(=O)[nH]c(-c2ccccc2)n1,O=c1cc(Nc2ccccc2)nc(-c2ccccc2)[nH]1,O=c1cc(Nc2ccccc2)nc(-c2ccccc2)[nH]1,True,False
c1ccc(C2=NN(c3ccccc3)c3cc4c(cc3=N2)Sc2ccccc2N=4)cc1,c1ccc(C2=NN(c3ccccc3)c3cc4c(cc3=N2)Sc2ccccc2N=4)cc1,c1ccc(C2=NN(c3ccccc3)c3cc4c(cc3=N2)Sc2ccccc2N=4)cc1,True,False
CC(C)(C)c1cc(C=NN=Cc2ccc3ccc4cccc5ccc2c3c45)c(O)c(C(C)(C)C)c1,C(=NN=Cc1ccc2ccc3cccc4ccc1c2c34)c1ccccc1,C(=NN=Cc1ccc2ccc3cccc4ccc1c2c34)c1ccccc1,True,False
Cn1c2cc(-c3ccc(-c4ccc5c6nc7ccccc7nc6n(C)c5c4)s3)ccc2c2nc3ccccc3nc21,c1ccc2nc3c(nc2c1)[nH]c1cc(-c2ccc(-c4ccc5c(c4)[nH]c4nc6ccccc6nc45)s2)ccc13,c1ccc2nc3c(nc2c1)[nH]c1cc(-c2ccc(-c4ccc5c(c4)[nH]c4nc6ccccc6nc45)s2)ccc13,True,False
COC(=O)c1ccc(-c2ccc(-c3ccccc3)cn2)nc1,c1ccc(-c2ccc(-c3ccccn3)nc2)cc1,c1ccc(-c2ccc(-c3ccccn3)nc2)cc1,True,False
COc1ccc(-c2cnc(-c3ccc(-c4nc5ccccc5s4)cc3)s2)cc1,c1ccc(-c2cnc(-c3ccc(-c4nc5ccccc5s4)cc3)s2)cc1,c1ccc(-c2cnc(-c3ccc(-c4nc5ccccc5s4)cc3)s2)cc1,True,False
COc1cc(-c2cc(C#N)cc(C#N)c2)c(OC)cc1-c1cc(C#N)cc(C#N)c1,c1ccc(-c2ccc(-c3ccccc3)cc2)cc1,c1ccc(-c2ccc(-c3ccccc3)cc2)cc1,False,True
C(=Cc1cccnn1)C=C1C=C(c2ccccc2)OC(c2ccccc2)=C1,C(=Cc1cccnn1)C=C1C=C(c2ccccc2)OC(c2ccccc2)=C1,C(=Cc1cccnn1)C=C1C=C(c2ccccc2)OC(c2ccccc2)=C1,True,False
CC(=O)c1ccc2cc(N(C)CCO)ccc2c1,c1ccc2ccccc2c1,c1ccc2ccccc2c1,True,False
c1ccc(P(CCCP(c2ccccc2)c2ccccc2)c2ccccc2)cc1,c1ccc(P(CCCP(c2ccccc2)c2ccccc2)c2ccccc2)cc1,c1ccc(P(CCCP(c2ccccc2)c2ccccc2)c2ccccc2)cc1,False,True
CC1(C)C2CC[C@]1(C)C(=Nc1ccccc1)C2,c1ccc(N=C2CC3CCC2C3)cc1,c1ccc(N=C2CC3CCC2C3)cc1,True,False
Cc1nn2c(N=Nc3ccccc3)c(-c3ccc4ccccc4c3)nc2c2c(-c3ccccc3)n(-c3ccccc3)nc12,c1ccc(N=Nc2c(-c3ccc4ccccc4c3)nc3c4c(-c5ccccc5)n(-c5ccccc5)nc4cnn23)cc1,c1ccc(N=Nc2c(-c3ccc4ccccc4c3)nc3c4c(-c5ccccc5)n(-c5ccccc5)nc4cnn23)cc1,True,False
COc1cc(NS(=O)(=O)c2ccc(N=Nc3ccc(N=Nc4ccc(O)cc4)cc3)cc2)nc(OC)n1,O=S(=O)(Nc1ccncn1)c1ccc(N=Nc2ccc(N=Nc3ccccc3)cc2)cc1,O=S(=O)(Nc1ccncn1)c1ccc(N=Nc2ccc(N=Nc3ccccc3)cc2)cc1,False,True
Cc1cn([C@H]2C[C@@](O)(n3cc(CNC(=O)Cc4cc(=O)oc5cc(O)ccc45)nn3)[C@@H](CO)O2)c(=O)[nH]c1=O,O=C(Cc1cc(=O)oc2ccccc12)NCc1cn(C2CO[C@@H](n3ccc(=O)[nH]c3=O)C2)nn1,O=C(Cc1cc(=O)oc2ccccc12)NCc1cn(C2CO[C@@H](n3ccc(=O)[nH]c3=O)C2)nn1,True,False
Cc1cc2nc(N=Nc3c(C)[nH]c4ccccc34)sc2cc1C,c1ccc2sc(N=Nc3c[nH]c4ccccc34)nc2c1,c1ccc2sc(N=Nc3c[nH]c4ccccc34)nc2c1,True,False
COc1ccc2c(c1O)C(=O)OC2,O=C1OCc2ccccc21,O=C1OCc2ccccc21,True,False
COC(=O)c1ccc(OCc2nnc(-c3ccn4c(C)nc(Cl)c4c3)o2)cc1,c1ccc(OCc2nnc(-c3ccn4cncc4c3)o2)cc1,c1ccc(OCc2nnc(-c3ccn4cncc4c3)o2)cc1,True,False
Cc1c(-c2sc(-c3ccc(-c4ccc(-c5sc(C6(C)COc7ccccc76)c6ccccc56)s4)s3)c3ccccc23)oc2ccccc12,c1ccc2c(c1)OCC2c1sc(-c2ccc(-c3ccc(-c4sc(-c5cc6ccccc6o5)c5ccccc45)s3)s2)c2ccccc12,c1ccc2c(c1)OCC2c1sc(-c2ccc(-c3ccc(-c4sc(-c5cc6ccccc6o5)c5ccccc45)s3)s2)c2ccccc12,False,True
Cn1c2cc(-c3ccc(-c4ccc(C=O)s4)s3)ccc2c2ccc(N(c3ccccc3)c3ccc4c(c3)C(C)(C)c3ccccc3-4)cc21,c1ccc(N(c2ccc3c(c2)Cc2ccccc2-3)c2ccc3c(c2)[nH]c2cc(-c4ccc(-c5cccs5)s4)ccc23)cc1,c1ccc(N(c2ccc3c(c2)Cc2ccccc2-3)c2ccc3c(c2)[nH]c2cc(-c4ccc(-c5cccs5)s4)ccc23)cc1,True,False
CC1(C)c2c(ccc3ccccc23)NC1O,c1ccc2c3c(ccc2c1)NCC3,c1ccc2c3c(ccc2c1)NCC3,True,False
CC1=CC(=O)C=C(NC(Cc2ccccc2)C(=O)O)C1=O,O=C1C=CC(=O)C(NCCc2ccccc2)=C1,O=C1C=CC(=O)C(NCCc2ccccc2)=C1,False,True
C(=Cc1ccc2c(c1)Sc1ccccc1N2)c1ccncc1,C(=Cc1ccc2c(c1)Sc1ccccc1N2)c1ccncc1,C(=Cc1ccc2c(c1)Sc1ccccc1N2)c1ccncc1,True,False
CC1c2cc(-c3ccc(N(c4ccccc4)c4ccccc4)cc3)ccc2-c2cc3nc4c5ccccc5c5ccccc5c4nc3cc21,c1ccc(N(c2ccccc2)c2ccc(-c3ccc4c(c3)Cc3cc5nc6c7ccccc7c7ccccc7c6nc5cc3-4)cc2)cc1,c1ccc(N(c2ccccc2)c2ccc(-c3ccc4c(c3)Cc3cc5nc6c7ccccc7c7ccccc7c6nc5cc3-4)cc2)cc1,True,False
COc1cc(OC)c2c(=O)c(C)c(C)oc2c1O,O=c1ccoc2ccccc12,O=c1ccoc2ccccc12,False,True
CCC(C)Cn1c2ccccc2c2cc(-c3sc(-c4sccc4C)c4ccccc34)ccc21,c1csc(-c2sc(-c3ccc4[nH]c5ccccc5c4c3)c3ccccc23)c1,c1csc(-c2sc(-c3ccc4[nH]c5ccccc5c4c3)c3ccccc23)c1,True,False
COc1ccc(CNc2ncnc3c2nc(C=Cc2ccc(C(F)(F)F)cc2)n3Cc2ccccc2)cc1,C(=Cc1nc2c(NCc3ccccc3)ncnc2n1Cc1ccccc1)c1ccccc1,C(=Cc1nc2c(NCc3ccccc3)ncnc2n1Cc1ccccc1)c1ccccc1,True,False
COc1cc2c(c(OC)c1OC)[n+]([O-])c1c(=O)nc(-c3ccccc3)nc-1n2C,O=c1nc(-c2ccccc2)nc2[nH]c3ccccc3[nH+]c1-2,O=c1nc(-c2ccccc2)nc2[nH]c3ccccc3[nH+]c1-2,True,False
Cc1ccc(O)cc1,c1ccccc1,c1ccccc1,False,True
Cn1c(C(C#N)=C(C#N)C#N)ccc1-c1cccs1,c1c[nH]c(-c2cccs2)c1,c1c[nH]c(-c2cccs2)c1,True,False
Oc1ccccc1-c1sc(-c2cccs2)nc1O,c1ccc(-c2cnc(-c3cccs3)s2)cc1,c1ccc(-c2cnc(-c3cccs3)s2)cc1,True,False
CN(C)c1ccc(C=CC=CC=C(C#N)C(=O)NC(CO)CO)cc1,c1ccccc1,c1ccccc1,False,True
N[C@@H](Cc1ccccc1)C(=O)O,c1ccccc1,c1ccccc1,False,True
CC(C(=O)Nc1ccc(S(N)(=O)=O)cc1)N1CCNCC1,O=C(CN1CCNCC1)Nc1ccccc1,O=C(CN1CCNCC1)Nc1ccccc1,True,False
CN(C)c1ccc(C(=Cc2ccc(-c3ccc(N(c4ccccc4)c4ccc(C=C(C#N)C(=O)O)cc4)cc3)cc2)c2ccc(N(C)C)cc2)cc1,C(=C(c1ccccc1)c1ccccc1)c1ccc(-c2ccc(N(c3ccccc3)c3ccccc3)cc2)cc1,C(=C(c1ccccc1)c1ccccc1)c1ccc(-c2ccc(N(c3ccccc3)c3ccccc3)cc2)cc1,True,False
CCOc1nc2nc(-c3ccc4c(-c5ccccc5)c(C#N)c(OCC)nc4n3)ccc2c(-c2ccccc2)c1C#N,c1ccc(-c2ccnc3nc(-c4ccc5c(-c6ccccc6)ccnc5n4)ccc23)cc1,c1ccc(-c2ccnc3nc(-c4ccc5c(-c6ccccc6)ccnc5n4)ccc23)cc1,True,False
CCOC(=O)C(=NNc1ccccc1[N+](=O)[O-])C(C)=O,c1ccccc1,c1ccccc1,False,True
Cc1ccc(C=Cc2ccc3c(C)cc(=O)oc3c2)cc1,O=c1ccc2ccc(C=Cc3ccccc3)cc2o1,O=c1ccc2ccc(C=Cc3ccccc3)cc2o1,True,False
CCOC(=O)C1=C(c2ccc(-c3ccccc3)cc2)NC(=O)C1=Cc1cccc2ccccc12,O=C1NC(c2ccc(-c3ccccc3)cc2)=CC1=Cc1cccc2ccccc12,O=C1NC(c2ccc(-c3ccccc3)cc2)=CC1=Cc1cccc2ccccc12,False,True
Cn1c(C=O)ccc1-c1cccs1,c1c[nH]c(-c2cccs2)c1,c1c[nH]c(-c2cccs2)c1,True,False
CCCN1c2ccc(Br)cc2C(C)(C)C12C=Cc1c(ccc3ncccc13)O2,C1=CC2(Cc3ccccc3N2)Oc2ccc3ncccc3c21,C1=CC2(Cc3ccccc3N2)Oc2ccc3ncccc3c21,True,False
COC(=O)[C@H](CC(C)C)NC(=CC(=C1C(=O)N(S(=O)(=O)c2ccc(C)cc2)c2ccccc21)c1ccccc1)c1ccc(C(C)(C)C)cc1,O=C1C(=C(C=Cc2ccccc2)c2ccccc2)c2ccccc2N1S(=O)(=O)c1ccccc1,O=C1C(=C(C=Cc2ccccc2)c2ccccc2)c2ccccc2N1S(=O)(=O)c1ccccc1,True,False
N#Cc1cc2ccc(Br)cc2c2ccccc12,c1ccc2c(c1)ccc1ccccc12,c1ccc2c(c1)ccc1ccccc12,True,False
c1ccc(-c2ccc(-c3ccc(-c4ccc(-c5ccc(-c6ccccc6)cc5)s4)o3)cc2)cc1,c1ccc(-c2ccc(-c3ccc(-c4ccc(-c5ccc(-c6ccccc6)cc5)s4)o3)cc2)cc1,c1ccc(-c2ccc(-c3ccc(-c4ccc(-c5ccc(-c6ccccc6)cc5)s4)o3)cc2)cc1,True,False
Cc1ccc(-c2sc(-c3sc(-c4ccc(C)s4)c(C#N)c3C#N)c(C#N)c2C#N)s1,c1csc(-c2ccc(-c3ccc(-c4cccs4)s3)s2)c1,c1csc(-c2ccc(-c3ccc(-c4cccs4)s3)s2)c1,True,False
Cc1ccc(OCc2nnc(-c3ccn4c(C)nc(Cl)c4c3)o2)cc1,c1ccc(OCc2nnc(-c3ccn4cncc4c3)o2)cc1,c1ccc(OCc2nnc(-c3ccn4cncc4c3)o2)cc1,True,False
O=C1OC(c2ccccc2)=NC1=Cc1ccc([N+](=O)[O-])cc1,O=C1OC(c2ccccc2)=NC1=Cc1ccccc1,O=C1OC(c2ccccc2)=NC1=Cc1ccccc1,True,False
CCOC(=O)c1[nH]c(C)c(C(=NN)C(=O)c2ccccc2)c1C,N=C(C(=O)c1ccccc1)c1cc[nH]c1,N=C(C(=O)c1ccccc1)c1cc[nH]c1,False,True
Cc1c(C(=O)C=Cc2ccc(OCCCN3CCN(C)CC3)cc2)nnn1-c1ccnc2cc(Cl)ccc12,O=C(C=Cc1ccc(OCCCN2CCNCC2)cc1)c1cn(-c2ccnc3ccccc23)nn1,O=C(C=Cc1ccc(OCCCN2CCNCC2)cc1)c1cn(-c2ccnc3ccccc23)nn1,True,False
CC1=NC(=Cc2c[nH]c3ccccc23)C(=O)N1C,O=C1NC=NC1=Cc1c[nH]c2ccccc12,O=C1NC=NC1=Cc1c[nH]c2ccccc12,True,False
CN1C=CC(=CN=Nc2ccc(C=C(C#N)C#N)cc2)c2ccccc21,C1=CC(=CN=Nc2ccccc2)c2ccccc2N1,C1=CC(=CN=Nc2ccccc2)c2ccccc2N1,True,False
COC(=O)[C@@H]1CCCN1C(=CC(=C1C(=O)N(S(=O)(=O)c2ccc(C)cc2)c2ccccc21)c1ccccc1)c1ccc(C(C)(C)C)cc1,O=C1C(=C(C=C(c2ccccc2)N2CCCC2)c2ccccc2)c2ccccc2N1S(=O)(=O)c1ccccc1,O=C1C(=C(C=C(c2ccccc2)N2CCCC2)c2ccccc2)c2ccccc2N1S(=O)(=O)c1ccccc1,False,True
COc1ccc(-c2cc3c(=O)[nH]c(-c4ccccc4)cn3n2)cc1,O=c1[nH]c(-c2ccccc2)cn2nc(-c3ccccc3)cc12,O=c1[nH]c(-c2ccccc2)cn2nc(-c3ccccc3)cc12,False,True
CCN(CC)c1ccc2cc(C=CC3=[O+][B-](F)(F)Oc4c3c(=O)oc3ccccc43)c(=O)oc2c1,O=c1oc2ccccc2cc1C=CC1=[O+][BH2-]Oc2c1c(=O)oc1ccccc21,O=c1oc2ccccc2cc1C=CC1=[O+][BH2-]Oc2c1c(=O)oc1ccccc21,False,True
Cc1cc(O)ccc1Cl,c1ccccc1,c1ccccc1,False,True
C(=Cc1cc(-c2ccccn2)nc(-c2ccccn2)n1)c1ccc(N(Cc2ccccn2)Cc2ccccn2)cc1,C(=Cc1cc(-c2ccccn2)nc(-c2ccccn2)n1)c1ccc(N(Cc2ccccn2)Cc2ccccn2)cc1,C(=Cc1cc(-c2ccccn2)nc(-c2ccccn2)n1)c1ccc(N(Cc2ccccn2)Cc2ccccn2)cc1,True,False
CCCCN1C(=O)C2=C(c3ccc(-c4cc5ccccc5o4)o3)N(CC(C)CC)C(=O)C2=C1c1ccc(-c2cc3ccccc3o2)o1,O=C1NC(c2ccc(-c3cc4ccccc4o3)o2)=C2C(=O)NC(c3ccc(-c4cc5ccccc5o4)o3)=C12,O=C1NC(c2ccc(-c3cc4ccccc4o3)o2)=C2C(=O)NC(c3ccc(-c4cc5ccccc5o4)o3)=C12,False,True
O=[N+]([O-])c1ccc2nc(N=Nc3ccc(Cl)cc3)sc2c1,c1ccc(N=Nc2nc3ccccc3s2)cc1,c1ccc(N=Nc2nc3ccccc3s2)cc1,False,True
CCCCn1cc(C=C(C#N)C#N)c2ccccc21,c1ccc2[nH]ccc2c1,c1ccc2[nH]ccc2c1,True,False
O=Cc1cccc([N+](=O)[O-])c1,c1ccccc1,c1ccccc1,False,True
c1ccc2c(c1)ccc1c3ccccc3sc21,c1ccc2c(c1)ccc1c3ccccc3sc21,c1ccc2c(c1)ccc1c3ccccc3sc21,False,True
CN(C)c1ccc(C=C2N=C(c3ccccc3)OC2=O)cc1,O=C1OC(c2ccccc2)=NC1=Cc1ccccc1,O=C1OC(c2ccccc2)=NC1=Cc1ccccc1,True,False
CCN1CCN(CC)c2cc3oc(=O)c(C(=O)C=Cc4ccccc4)cc3cc21,O=C(C=Cc1ccccc1)c1cc2cc3c(cc2oc1=O)NCCN3,O=C(C=Cc1ccccc1)c1cc2cc3c(cc2oc1=O)NCCN3,True,False
COc1ccc2nc(N=Nc3ccc4cccccc3-4)sc2c1,c1ccc2ccc(N=Nc3nc4ccccc4s3)c-2cc1,c1ccc2ccc(N=Nc3nc4ccccc4s3)c-2cc1,True,False
N#CC(=Cc1ccc(C=C(c2ccccc2)c2ccccc2)cc1)c1ccc([N+](=O)[O-])cc1,C(=Cc1ccc(C=C(c2ccccc2)c2ccccc2)cc1)c1ccccc1,C(=Cc1ccc(C=C(c2ccccc2)c2ccccc2)cc1)c1ccccc1,True,False
CN[C@@H]1CCc2ccccc21,c1ccc2c(c1)CCC2,c1ccc2c(c1)CCC2,True,False
CN(C)c1cccc2c(C#Cc3cccc4c(N(C)C)cccc34)cccc12,C(#Cc1cccc2ccccc12)c1cccc2ccccc12,C(#Cc1cccc2ccccc12)c1cccc2ccccc12,True,False
CCOC(=O)c1cc2c(O)c(CN(CC(=O)O)CC(=O)O)c(O)c(CN(CC(=O)O)CC(=O)O)c2oc1=O,O=c1ccc2ccccc2o1,O=c1ccc2ccccc2o1,False,True
COc1ccc(C#Cc2ccc(-c3nc(C#N)c(C#N)n3C)cc2)cc1,C(#Cc1ccc(-c2ncc[nH]2)cc1)c1ccccc1,C(#Cc1ccc(-c2ncc[nH]2)cc1)c1ccccc1,True,False
Clc1ccccc1-n1cccc1,c1ccc(-n2cccc2)cc1,c1ccc(-n2cccc2)cc1,True,False
O=[N+]([O-])c1cccc2cn[nH]c12,c1ccc2[nH]ncc2c1,c1ccc2[nH]ncc2c1,True,False
C[Si](C)(C)C#Cc1ccc2c(c1)C(=O)c1cc(C#C[Si](C)(C)C)ccc1-2,O=C1c2ccccc2-c2ccccc21,O=C1c2ccccc2-c2ccccc21,True,False
CC(C)(C)c1ccc(-c2cc(C#N)c(-c3sc(-c4ccc(C(C)(C)C)cc4)cc3C#N)s2)cc1,c1ccc(-c2ccc(-c3ccc(-c4ccccc4)s3)s2)cc1,c1ccc(-c2ccc(-c3ccc(-c4ccccc4)s3)s2)cc1,False,True
O=[N+]([O-])c1ccc2nc3c(nc2c1)-c1cccc2c([N+](=O)[O-])ccc-3c12,c1cc2c3c(cccc3c1)-c1nc3ccccc3nc1-2,c1cc2c3c(cccc3c1)-c1nc3ccccc3nc1-2,True,False
COc1ccc2nc(N=Nc3c(N)nn4c(N)c(N=Nc5nc6ccccc6s5)c(N)nc34)sc2c1,c1ccc2sc(N=Nc3cnc4c(N=Nc5nc6ccccc6s5)cnn4c3)nc2c1,c1ccc2sc(N=Nc3cnc4c(N=Nc5nc6ccccc6s5)cnn4c3)nc2c1,True,False
CN(C)c1ccc(C=C2N=C(c3ccccc3)N(Cc3ccccc3)C2=O)cc1,O=C1C(=Cc2ccccc2)N=C(c2ccccc2)N1Cc1ccccc1,O=C1C(=Cc2ccccc2)N=C(c2ccccc2)N1Cc1ccccc1,False,True
c1ccc(N2c3ccccc3Sc3nc4ccccc4nc32)cc1,c1ccc(N2c3ccccc3Sc3nc4ccccc4nc32)cc1,c1ccc(N2c3ccccc3Sc3nc4ccccc4nc32)cc1,True,False
COc1ccc(-c2[nH]c3ccccc3c2-c2ccc(S(C)(=O)=O)cc2)cc1,c1ccc(-c2[nH]c3ccccc3c2-c2ccccc2)cc1,c1ccc(-c2[nH]c3ccccc3c2-c2ccccc2)cc1,True,False
Cc1cn([C@H]2C[C@H](O)[C@@H](COP(=O)(O)OP(=O)(O)O[C@H]3O[C@@H](C)C(=O)[C@@H](O)[C@H]3O)O2)c(=O)[nH]c1=O,O=C1CC[C@@H](O[PH](=O)O[PH](=O)OC[C@@H]2CC[C@H](n3ccc(=O)[nH]c3=O)O2)OC1,O=C1CC[C@@H](O[PH](=O)O[PH](=O)OC[C@@H]2CC[C@H](n3ccc(=O)[nH]c3=O)O2)OC1,True,False
Cc1nn(-c2ccccc2)c2cc(C)n3c4ccccc4nc3c12,c1ccc(-n2ncc3c2ccn2c4ccccc4nc32)cc1,c1ccc(-n2ncc3c2ccn2c4ccccc4nc32)cc1,True,False
Cc1nn2c(N=Nc3cccc([N+](=O)[O-])c3)c(-c3ccccc3)[nH]c2c1N=Nc1ccccc1,c1ccc(N=Nc2cnn3c(N=Nc4ccccc4)c(-c4ccccc4)[nH]c23)cc1,c1ccc(N=Nc2cnn3c(N=Nc4ccccc4)c(-c4ccccc4)[nH]c23)cc1,True,False
N#CC(=Cc1ccc(N(c2ccccc2)c2ccccc2)cc1)c1ccc(-c2ccccc2)cc1,C(=Cc1ccc(N(c2ccccc2)c2ccccc2)cc1)c1ccc(-c2ccccc2)cc1,C(=Cc1ccc(N(c2ccccc2)c2ccccc2)cc1)c1ccc(-c2ccccc2)cc1,True,False
CCN(CC)Cc1ccc2c(Cl)ccc(OC)c2n1,c1ccc2ncccc2c1,c1ccc2ncccc2c1,False,True
O=c1oc2ccccc2cc1-c1csc(N=Nc2c(-c3ccccc3)[nH]c3ccccc23)n1,O=c1oc2ccccc2cc1-c1csc(N=Nc2c(-c3ccccc3)[nH]c3ccccc23)n1,O=c1oc2ccccc2cc1-c1csc(N=Nc2c(-c3ccccc3)[nH]c3ccccc23)n1,False,True
CC(C)(C)c1ccc(-c2sc(-c3ccc(C(C)(C)C)cc3)c3[nH]c(-c4ccc(-c5ccc(C=C(C#N)C(=O)O)s5)cc4)nc23)cc1,c1ccc(-c2sc(-c3ccccc3)c3[nH]c(-c4ccc(-c5cccs5)cc4)nc23)cc1,c1ccc(-c2sc(-c3ccccc3)c3[nH]c(-c4ccc(-c5cccs5)cc4)nc23)cc1,True,False
Cn1cc(C=C(C#N)c2ccc(C=C3SC(=S)N(CC(=O)O)C3=O)s2)c2cc([N+](=O)[O-])ccc21,O=C1NC(=S)SC1=Cc1ccc(C=Cc2c[nH]c3ccccc23)s1,O=C1NC(=S)SC1=Cc1ccc(C=Cc2c[nH]c3ccccc23)s1,True,False
CN(C)c1ccc(C=c2oc(=Cc3ccc(C#N)cc3)c3ccccc23)cc1,C(c1ccccc1)=c1oc(=Cc2ccccc2)c2ccccc12,C(c1ccccc1)=c1oc(=Cc2ccccc2)c2ccccc12,True,False
CC1c2ccccc2-c2ccc(-c3sc(-c4ccc(C=C(C#N)C#N)s4)c4ccccc34)cc21,c1csc(-c2sc(-c3ccc4c(c3)Cc3ccccc3-4)c3ccccc23)c1,c1csc(-c2sc(-c3ccc4c(c3)Cc3ccccc3-4)c3ccccc23)c1,True,False
COc1ccc(OCc2nnc(-c3ccn4c(C)nc(Cl)c4c3)o2)cc1,c1ccc(OCc2nnc(-c3ccn4cncc4c3)o2)cc1,c1ccc(OCc2nnc(-c3ccn4cncc4c3)o2)cc1,True,False
CCOC(=O)c1cc(C(=O)OC)c2c3ccccc3cnn12,c1ccc2c(c1)cnn1cccc21,c1ccc2c(c1)cnn1cccc21,True,False
CCn1c2ccccc2c2cc(-c3ccc(C=Cc4ccc(C(=C(c5ccccc5)c5ccccc5)c5ccccc5)cc4)cc3)ccc21,C(=Cc1ccc(-c2ccc3[nH]c4ccccc4c3c2)cc1)c1ccc(C(=C(c2ccccc2)c2ccccc2)c2ccccc2)cc1,C(=Cc1ccc(-c2ccc3[nH]c4ccccc4c3c2)cc1)c1ccc(C(=C(c2ccccc2)c2ccccc2)c2ccccc2)cc1,True,False
Cc1ccc(N(c2ccc(C)cc2)c2ccc3c(c2)C(c2ccccc2)(c2ccccc2)c2cc(-c4ccc(C=C(C#N)C(=O)O)cc4)ccc2-3)cc1,c1ccc(-c2ccc3c(c2)C(c2ccccc2)(c2ccccc2)c2cc(N(c4ccccc4)c4ccccc4)ccc2-3)cc1,c1ccc(-c2ccc3c(c2)C(c2ccccc2)(c2ccccc2)c2cc(N(c4ccccc4)c4ccccc4)ccc2-3)cc1,True,False
COc1ccc(Nc2nc(Nc3ccc(N)cc3)nc(Nc3ccc(OC)cc3)n2)cc1,c1ccc(Nc2nc(Nc3ccccc3)nc(Nc3ccccc3)n2)cc1,c1ccc(Nc2nc(Nc3ccccc3)nc(Nc3ccccc3)n2)cc1,True,False
O=C(C=Cc1ccccc1)c1ccccc1,O=C(C=Cc1ccccc1)c1ccccc1,O=C(C=Cc1ccccc1)c1ccccc1,True,False
C(=C(c1ccccc1)c1ccccc1)=C1c2c(ccc3cc(C=Cc4ccccc4)ccc23)OC1(c1ccccc1)c1ccccc1,C(=C(c1ccccc1)c1ccccc1)=C1c2c(ccc3cc(C=Cc4ccccc4)ccc23)OC1(c1ccccc1)c1ccccc1,C(=C(c1ccccc1)c1ccccc1)=C1c2c(ccc3cc(C=Cc4ccccc4)ccc23)OC1(c1ccccc1)c1ccccc1,True,False
c1ccc2c(c1)Nc1ccccc1S2,c1ccc2c(c1)Nc1ccccc1S2,c1ccc2c(c1)Nc1ccccc1S2,True,False
O=C(NN=Cc1ccccc1O)c1cc2ccccc2cc1O,O=C(NN=Cc1ccccc1)c1ccc2ccccc2c1,O=C(NN=Cc1ccccc1)c1ccc2ccccc2c1,True,False
COc1ccc(-c2ccc3c(c2)Sc2cc(-c4ccc(C=C(C#N)C(=O)O)s4)ccc2N3c2ccc(OC)cc2)cc1,c1ccc(-c2ccc3c(c2)Sc2cc(-c4cccs4)ccc2N3c2ccccc2)cc1,c1ccc(-c2ccc3c(c2)Sc2cc(-c4cccs4)ccc2N3c2ccccc2)cc1,True,False
Fc1ccc(-c2ccc3c(c2)C(c2c4ccccc4cc4ccccc24)c2ccccc2-3)cc1,c1ccc(-c2ccc3c(c2)C(c2c4ccccc4cc4ccccc24)c2ccccc2-3)cc1,c1ccc(-c2ccc3c(c2)C(c2c4ccccc4cc4ccccc24)c2ccccc2-3)cc1,True,False
Clc1ccc(-c2cc(-c3nnc(-c4ccccc4)o3)n(Cc3ccc(Cl)nc3)n2)cc1,c1ccc(-c2cc(-c3nnc(-c4ccccc4)o3)n(Cc3cccnc3)n2)cc1,c1ccc(-c2cc(-c3nnc(-c4ccccc4)o3)n(Cc3cccnc3)n2)cc1,True,False
N#CC(=Cc1ccc(-c2ccc(-c3ccc(N(c4ccccc4)c4ccccc4)cc3)s2)s1)C(=O)O,c1ccc(N(c2ccccc2)c2ccc(-c3ccc(-c4cccs4)s3)cc2)cc1,c1ccc(N(c2ccccc2)c2ccc(-c3ccc(-c4cccs4)s3)cc2)cc1,True,False
COC(=O)c1c(C(=O)OC)c2ccc(C=Cc3ccc4ccccc4c3)nn2c1C(=O)OC,C(=Cc1ccc2cccn2n1)c1ccc2ccccc2c1,C(=Cc1ccc2cccn2n1)c1ccc2ccccc2c1,True,False
COc1ccc(-n2c(-c3ccc(C)cc3)nc3c4cccnc4c4ncccc4c32)cc1,c1ccc(-c2nc3c4cccnc4c4ncccc4c3n2-c2ccccc2)cc1,c1ccc(-c2nc3c4cccnc4c4ncccc4c3n2-c2ccccc2)cc1,True,False
CCn1c2ccc(-c3cccnc3OC)cc2c2cc(-c3cccnc3OC)ccc21,c1cncc(-c2ccc3[nH]c4ccc(-c5cccnc5)cc4c3c2)c1,c1cncc(-c2ccc3[nH]c4ccc(-c5cccnc5)cc4c3c2)c1,False,True
COc1cc(OC)cc(-n2cc(COc3ccc(N=Nc4cc5c(cc4O)OCO5)cc3)nn2)c1,c1ccc(-n2cc(COc3ccc(N=Nc4ccc5c(c4)OCO5)cc3)nn2)cc1,c1ccc(-n2cc(COc3ccc(N=Nc4ccc5c(c4)OCO5)cc3)nn2)cc1,True,False
CC(=O)CCc1ccc2c(N=Nc3c([N+](=O)[O-])cc(C(=O)O)cc3[N+](=O)[O-])c(O)ccc2c1,c1ccc(N=Nc2cccc3ccccc23)cc1,c1ccc(N=Nc2cccc3ccccc23)cc1,True,False
CC1=NC(=Cc2ccc(C#N)cc2)C(=O)N1C,O=C1NC=NC1=Cc1ccccc1,O=C1NC=NC1=Cc1ccccc1,True,False
N#CCc1ccc([N+](=O)[O-])cc1,c1ccccc1,c1ccccc1,False,True
c1ccc(Cn2ccnc2)cc1,c1ccc(Cn2ccnc2)cc1,c1ccc(Cn2ccnc2)cc1,True,False
Cc1ccc2c(C#N)cc3ccc(C#N)cc3c2c1,c1ccc2c(c1)ccc1ccccc12,c1ccc2c(c1)ccc1ccccc12,True,False
C1=CC(c2ccccc2)(c2ccccc2)Oc2ccccc21,C1=CC(c2ccccc2)(c2ccccc2)Oc2ccccc21,C1=CC(c2ccccc2)(c2ccccc2)Oc2ccccc21,True,False
COc1ccc(C=Cc2nc3cc(OC)c(OC)cc3nc2C=Cc2ccc(-c3cc(-c4ccccn4)nc(-c4ccccn4)c3)cc2)cc1,C(=Cc1nc2ccccc2nc1C=Cc1ccc(-c2cc(-c3ccccn3)nc(-c3ccccn3)c2)cc1)c1ccccc1,C(=Cc1nc2ccccc2nc1C=Cc1ccc(-c2cc(-c3ccccn3)nc(-c3ccccn3)c2)cc1)c1ccccc1,False,True
CN1c2ccc(Cl)cc2C(C)(C)C12C=Cc1c(c(-c3nc(-c4ccccc4)c(-c4ccccc4)o3)cc3ccccc13)O2,C1=CC2(Cc3ccccc3N2)Oc2c(-c3nc(-c4ccccc4)c(-c4ccccc4)o3)cc3ccccc3c21,C1=CC2(Cc3ccccc3N2)Oc2c(-c3nc(-c4ccccc4)c(-c4ccccc4)o3)cc3ccccc3c21,True,False
Cc1ccc2[nH]c(-c3ccc(S(N)(=O)=O)cc3)c(-c3ccc(F)cc3)c2c1,c1ccc(-c2[nH]c3ccccc3c2-c2ccccc2)cc1,c1ccc(-c2[nH]c3ccccc3c2-c2ccccc2)cc1,True,False
Cn1ccc(-c2cccc(Br)c2)c1,c1ccc(-c2cc[nH]c2)cc1,c1ccc(-c2cc[nH]c2)cc1,True,False
O=c1ccc2cc(N=Cc3c[nH]c4ccccc34)ccc2o1,O=c1ccc2cc(N=Cc3c[nH]c4ccccc34)ccc2o1,O=c1ccc2cc(N=Cc3c[nH]c4ccccc34)ccc2o1,True,False
C[n+]1c2cc(N)ccc2cc2ccc(N)cc21.Nc1ccc2cc3ccc(N)cc3nc2c1.[Cl-],c1ccc2[nH+]c3ccccc3cc2c1.c1ccc2nc3ccccc3cc2c1,c1ccc2[nH+]c3ccccc3cc2c1.c1ccc2nc3ccccc3cc2c1,True,False
CCCCCCCCCCCCCC[C@@H](O)[C@@H](O)[C@H](CO[C@H]1O[C@H](CO)[C@H](O)[C@H](O)[C@H]1O)NC(=O)CCCCCCC,C1CCOCC1,C1CCOCC1,True,False
Cc1cc(C=C(C#N)C#N)cc(C)c1O,c1ccccc1,c1ccccc1,False,True
Cc1cc(C=C2C(=O)C=CC2=O)cc(C)c1O,O=C1C=CC(=O)C1=Cc1ccccc1,O=C1C=CC(=O)C1=Cc1ccccc1,True,False
CC(C)(C)c1cc(C=C2C(=O)C=CC2=O)cc(C(C)(C)C)c1O,O=C1C=CC(=O)C1=Cc1ccccc1,O=C1C=CC(=O)C1=Cc1ccccc1,True,False
CS(C)=O,,acyclic_5124,True,False
N.N.[Cl-].[Cl-].[Pt+2],,acyclic_5125,True,False
c1ccc2[s+]c3ccccc3cc2c1,c1ccc2[s+]c3ccccc3cc2c1,c1ccc2[s+]c3ccccc3cc2c1,True,False
c1ccc2[se+]c3ccccc3cc2c1,c1ccc2[se+]c3ccccc3cc2c1,c1ccc2[se+]c3ccccc3cc2c1,True,False
CCCCCCCCCCCC[n+]1ccccc1.[Cl-],c1cc[nH+]cc1,c1cc[nH+]cc1,True,False
Cl.N=C(N)c1ccc(NC(=O)c2sc3sccc3c2Cl)cc1,O=C(Nc1ccccc1)c1cc2ccsc2s1,O=C(Nc1ccccc1)c1cc2ccsc2s1,False,True
CC(C)N=C(N)c1ccc(NC(=O)c2sc3sccc3c2Cl)cc1.Cl,O=C(Nc1ccccc1)c1cc2ccsc2s1,O=C(Nc1ccccc1)c1cc2ccsc2s1,False,True
Cl.N=C(N)c1ccc(NC(=O)c2sc3ccsc3c2Cl)cc1,O=C(Nc1ccccc1)c1cc2sccc2s1,O=C(Nc1ccccc1)c1cc2sccc2s1,True,False
CC(C)N=C(N)c1ccc(NC(=O)c2sc3ccsc3c2Cl)cc1.Cl,O=C(Nc1ccccc1)c1cc2sccc2s1,O=C(Nc1ccccc1)c1cc2sccc2s1,True,False
CCC1(C(N)=O)CC=C[NH+]1[O-],C1=C[NH2+]CC1,C1=C[NH2+]CC1,False,True
CCCC1(C(N)=O)CC=C[NH+]1[O-],C1=C[NH2+]CC1,C1=C[NH2+]CC1,False,True
CCCCC1(C(N)=O)CC=C[NH+]1[O-],C1=C[NH2+]CC1,C1=C[NH2+]CC1,False,True
CCC1=C[NH+]([O-])C(C)(C(N)=O)C1,C1=C[NH2+]CC1,C1=C[NH2+]CC1,False,True
CC1=C[NH+]([O-])C(C)(C(N)=O)C1,C1=C[NH2+]CC1,C1=C[NH2+]CC1,False,True
CCC1=C[NH+]([O-])C(C)(C(=O)NC)C1,C1=C[NH2+]CC1,C1=C[NH2+]CC1,False,True
CNC(=O)C1(C)CC(C)=C[NH+]1[O-],C1=C[NH2+]CC1,C1=C[NH2+]CC1,False,True
FC(F)=C(F)Cl,,acyclic_5140,True,False
CCO,,acyclic_5141,True,False
C1=CC=NNC=C1,C1=CC=NNC=C1,C1=CC=NNC=C1,True,False
CCCNc1cc2oc3cc(=[NH+]CC)c(C)cc-3nc2c2cc3ccccc3cc12.[Cl-],[NH+]=c1ccc2nc3c(ccc4cc5ccccc5cc43)oc-2c1,[NH+]=c1ccc2nc3c(ccc4cc5ccccc5cc43)oc-2c1,True,False
CC[NH+]=c1cc2oc3cc(NCCCC(=O)OCC)c4cc5ccccc5cc4c3nc-2cc1C.[Cl-],[NH+]=c1ccc2nc3c(ccc4cc5ccccc5cc43)oc-2c1,[NH+]=c1ccc2nc3c(ccc4cc5ccccc5cc43)oc-2c1,True,False
CC[NH+]=c1cc2oc3cc(NCCCO)c4cc5ccccc5cc4c3nc-2cc1C.[Cl-],[NH+]=c1ccc2nc3c(ccc4cc5ccccc5cc43)oc-2c1,[NH+]=c1ccc2nc3c(ccc4cc5ccccc5cc43)oc-2c1,True,False
CC[NH+]=c1cc2oc3cc(NCCCCl)c4cc5ccccc5cc4c3nc-2cc1C.[Cl-],[NH+]=c1ccc2nc3c(ccc4cc5ccccc5cc43)oc-2c1,[NH+]=c1ccc2nc3c(ccc4cc5ccccc5cc43)oc-2c1,True,False
COc1cc(-c2[o+]c3cc(O)cc(O)c3cc2O)cc(O)c1O.[Cl-],c1ccc(-c2ccc3ccccc3[o+]2)cc1,c1ccc(-c2ccc3ccccc3[o+]2)cc1,False,True
COc1cc(-c2[o+]c3cc(O)cc(O)c3cc2O)cc(OC)c1O.[Cl-],c1ccc(-c2ccc3ccccc3[o+]2)cc1,c1ccc(-c2ccc3ccccc3[o+]2)cc1,False,True
COc1cc(C=Cc2cc(OC)c(OC)c(OC)c2)cc(OC)c1OC,C(=Cc1ccccc1)c1ccccc1,C(=Cc1ccccc1)c1ccccc1,False,True
O=C1Cc2ccccc2C(=O)N1,O=C1Cc2ccccc2C(=O)N1,O=C1Cc2ccccc2C(=O)N1,True,False
O=C([O-])c1ccc(-c2cc(C(=O)[O-])ccn2)nc1,c1ccc(-c2ccccn2)nc1,c1ccc(-c2ccccn2)nc1,True,False
N#CC1=COC2=C(CCCC2)C1,C1=COC2=C(C1)CCCC2,C1=COC2=C(C1)CCCC2,True,False
CC(C)[NH-],,acyclic_5153,True,False
[Cl-].c1ccc(C[NH2+]Cc2ccc3c(c2)OCO3)cc1,c1ccc(C[NH2+]Cc2ccc3c(c2)OCO3)cc1,c1ccc(C[NH2+]Cc2ccc3c(c2)OCO3)cc1,True,False
COc1ccc(C[NH2+]Cc2ccc3c(c2)OCO3)cc1.[Cl-],c1ccc(C[NH2+]Cc2ccc3c(c2)OCO3)cc1,c1ccc(C[NH2+]Cc2ccc3c(c2)OCO3)cc1,True,False
COc1ccc(C[NH2+]Cc2ccc3c(c2)OCO3)cc1OC.[Cl-],c1ccc(C[NH2+]Cc2ccc3c(c2)OCO3)cc1,c1ccc(C[NH2+]Cc2ccc3c(c2)OCO3)cc1,True,False
COc1cc(C[NH2+]Cc2ccc3c(c2)OCO3)cc(OC)c1OC.[Cl-],c1ccc(C[NH2+]Cc2ccc3c(c2)OCO3)cc1,c1ccc(C[NH2+]Cc2ccc3c(c2)OCO3)cc1,True,False
COc1cc(C[NH2+]Cc2ccc3c(c2)OCO3)ccc1O.[Cl-],c1ccc(C[NH2+]Cc2ccc3c(c2)OCO3)cc1,c1ccc(C[NH2+]Cc2ccc3c(c2)OCO3)cc1,True,False
Oc1ccc(C[NH2+]Cc2ccc3c(c2)OCO3)cc1O.[Cl-],c1ccc(C[NH2+]Cc2ccc3c(c2)OCO3)cc1,c1ccc(C[NH2+]Cc2ccc3c(c2)OCO3)cc1,True,False
[Cl-].c1ccc(CC[NH2+]Cc2ccc3c(c2)OCO3)cc1,c1ccc(CC[NH2+]Cc2ccc3c(c2)OCO3)cc1,c1ccc(CC[NH2+]Cc2ccc3c(c2)OCO3)cc1,True,False
COc1ccc(C[NH+](C)Cc2ccc3c(c2)OCO3)cc1.[Cl-],c1ccc(C[NH2+]Cc2ccc3c(c2)OCO3)cc1,c1ccc(C[NH2+]Cc2ccc3c(c2)OCO3)cc1,True,False
COc1ccc(C[NH+](C)Cc2ccc3c(c2)OCO3)cc1OC.[Cl-],c1ccc(C[NH2+]Cc2ccc3c(c2)OCO3)cc1,c1ccc(C[NH2+]Cc2ccc3c(c2)OCO3)cc1,True,False
COc1cc(C[NH+](C)Cc2ccc3c(c2)OCO3)cc(OC)c1OC.[Cl-],c1ccc(C[NH2+]Cc2ccc3c(c2)OCO3)cc1,c1ccc(C[NH2+]Cc2ccc3c(c2)OCO3)cc1,True,False
C1COCCO1,C1COCCO1,C1COCCO1,True,False
C=Cc1c(C)c2[nH]c1=CC1=NC(=C(CCC(=O)O)C1C)C=C1N=C(C=C3N=C(C=2)C(C=C)C3C)C(C)=C1CCC(=O)O,C1=CC2=NC1=CC1=CCC(=N1)C=c1ccc([nH]1)=CC1=NC(=C2)CC1,C1=CC2=NC1=CC1=CCC(=N1)C=c1ccc([nH]1)=CC1=NC(=C2)CC1,True,False
COc1cc(OC)c(-c2c3nc(c(-c4c(OC)cc(OC)cc4OC)c4ccc([nH]4)c(-c4c(OC)cc(OC)cc4OC)c4nc(c(-c5c(OC)cc(OC)cc5OC)c5ccc2[nH]5)C=C4)C=C3)c(OC)c1,C1=Cc2nc1c(-c1ccccc1)c1ccc([nH]1)c(-c1ccccc1)c1nc(c(-c3ccccc3)c3ccc([nH]3)c2-c2ccccc2)C=C1,C1=Cc2nc1c(-c1ccccc1)c1ccc([nH]1)c(-c1ccccc1)c1nc(c(-c3ccccc3)c3ccc([nH]3)c2-c2ccccc2)C=C1,True,False
c1ccc(-n2c3ccccc3c3cc(-c4ccc5c(c4)c4ccccc4n5-c4ccc5c(c4)C4(c6ccccc6-c6ccccc64)c4ccccc4-5)ccc32)cc1,c1ccc(-n2c3ccccc3c3cc(-c4ccc5c(c4)c4ccccc4n5-c4ccc5c(c4)C4(c6ccccc6-c6ccccc64)c4ccccc4-5)ccc32)cc1,c1ccc(-n2c3ccccc3c3cc(-c4ccc5c(c4)c4ccccc4n5-c4ccc5c(c4)C4(c6ccccc6-c6ccccc64)c4ccccc4-5)ccc32)cc1,False,True
c1ccc(-n2c3ccccc3c3cc(-c4ccc5c(c4)c4ccccc4n5-c4ccc5c(c4)-c4ccccc4C54c5ccccc5-c5ccccc54)ccc32)cc1,c1ccc(-n2c3ccccc3c3cc(-c4ccc5c(c4)c4ccccc4n5-c4ccc5c(c4)-c4ccccc4C54c5ccccc5-c5ccccc54)ccc32)cc1,c1ccc(-n2c3ccccc3c3cc(-c4ccc5c(c4)c4ccccc4n5-c4ccc5c(c4)-c4ccccc4C54c5ccccc5-c5ccccc54)ccc32)cc1,True,False
CC(C)OC(C)C,,acyclic_5169,True,False
C1CCCCC1,C1CCCCC1,C1CCCCC1,True,False
C1CCOC1,C1CCOC1,C1CCOC1,False,True
CC(C)(C)c1ccc2c3ccccc3n(-c3ccc(-c4ccc(-n5c6ccccc6c6ccc(C(C)(C)C)c(C(C)(C)C)c65)cc4)cc3)c2c1C(C)(C)C,c1ccc2c(c1)c1ccccc1n2-c1ccc(-c2ccc(-n3c4ccccc4c4ccccc43)cc2)cc1,c1ccc2c(c1)c1ccccc1n2-c1ccc(-c2ccc(-n3c4ccccc4c4ccccc43)cc2)cc1,True,False
CC(C)(C)c1ccc2c(c1)c1cc(C(C)(C)C)ccc1n2-c1cc2c3c(c1)CCc1cc(-n4c5ccc(C(C)(C)C)cc5c5cc(C(C)(C)C)ccc54)cc(c1-3)CC2,c1ccc2c(c1)c1ccccc1n2-c1cc2c3c(c1)CCc1cc(-n4c5ccccc5c5ccccc54)cc(c1-3)CC2,c1ccc2c(c1)c1ccccc1n2-c1cc2c3c(c1)CCc1cc(-n4c5ccccc5c5ccccc54)cc(c1-3)CC2,True,False
CC(C)(C)c1ccc2c(c1)c1cc(C(C)(C)C)ccc1n2-c1cc2ccc3cc(-n4c5ccc(C(C)(C)C)cc5c5cc(C(C)(C)C)ccc54)cc4ccc(c1)c2c34,c1ccc2c(c1)c1ccccc1n2-c1cc2ccc3cc(-n4c5ccccc5c5ccccc54)cc4ccc(c1)c2c34,c1ccc2c(c1)c1ccccc1n2-c1cc2ccc3cc(-n4c5ccccc5c5ccccc54)cc4ccc(c1)c2c34,True,False
COC(=O)c1ccc(-c2cc(-c3ccc(C(=O)OC)cc3)c3ccc4c(-c5ccc(C(=O)OC)cc5)cc(-c5ccc(C(=O)OC)cc5)c5ccc2c3c54)cc1,c1ccc(-c2cc(-c3ccccc3)c3ccc4c(-c5ccccc5)cc(-c5ccccc5)c5ccc2c3c54)cc1,c1ccc(-c2cc(-c3ccccc3)c3ccc4c(-c5ccccc5)cc(-c5ccccc5)c5ccc2c3c54)cc1,True,False
O=C([O-])c1ccccn1,c1ccncc1,c1ccncc1,False,True
CCCCCC,,acyclic_5177,True,False
CC(C)=O,,acyclic_5178,True,False
c1ccc(N(c2ccccc2)c2ccc(-c3ccc4c(c3)[Si](c3ccccc3)(c3ccccc3)c3cc(-c5ccc(N(c6ccccc6)c6ccccc6)cc5)ccc3-4)cc2)cc1,c1ccc(N(c2ccccc2)c2ccc(-c3ccc4c(c3)[Si](c3ccccc3)(c3ccccc3)c3cc(-c5ccc(N(c6ccccc6)c6ccccc6)cc5)ccc3-4)cc2)cc1,c1ccc(N(c2ccccc2)c2ccc(-c3ccc4c(c3)[Si](c3ccccc3)(c3ccccc3)c3cc(-c5ccc(N(c6ccccc6)c6ccccc6)cc5)ccc3-4)cc2)cc1,True,False
c1ccc([Si]2(c3ccccc3)c3cc(-c4ccc(-n5c6ccccc6c6ccccc65)cc4)ccc3-c3ccc(-c4ccc(-n5c6ccccc6c6ccccc65)cc4)cc32)cc1,c1ccc([Si]2(c3ccccc3)c3cc(-c4ccc(-n5c6ccccc6c6ccccc65)cc4)ccc3-c3ccc(-c4ccc(-n5c6ccccc6c6ccccc65)cc4)cc32)cc1,c1ccc([Si]2(c3ccccc3)c3cc(-c4ccc(-n5c6ccccc6c6ccccc65)cc4)ccc3-c3ccc(-c4ccc(-n5c6ccccc6c6ccccc65)cc4)cc32)cc1,True,False
CCOC(C)=O,,acyclic_5181,False,True
ClCCl,,acyclic_5182,True,False
CC(C)(C)c1ccc2c(c1)c1cc(C(C)(C)C)ccc1n2-c1ccc2nc(Nc3ccc4cc(-n5c6ccc(C(C)(C)C)cc6c6cc(C(C)(C)C)ccc65)ccc4n3)ccc2c1,c1ccc2c(c1)c1ccccc1n2-c1ccc2nc(Nc3ccc4cc(-n5c6ccccc6c6ccccc65)ccc4n3)ccc2c1,c1ccc2c(c1)c1ccccc1n2-c1ccc2nc(Nc3ccc4cc(-n5c6ccccc6c6ccccc65)ccc4n3)ccc2c1,True,False
O=P(c1ccccc1)(c1ccccc1)c1cccc(N(c2ccccc2)c2ccc(N(c3ccccc3)c3cccc4ccccc34)c3ccccc23)c1,O=P(c1ccccc1)(c1ccccc1)c1cccc(N(c2ccccc2)c2ccc(N(c3ccccc3)c3cccc4ccccc34)c3ccccc23)c1,O=P(c1ccccc1)(c1ccccc1)c1cccc(N(c2ccccc2)c2ccc(N(c3ccccc3)c3cccc4ccccc34)c3ccccc23)c1,False,True
O=P(c1ccccc1)(c1ccccc1)c1ccc(N(c2ccccc2)c2ccc(N(c3ccccc3)c3cccc4ccccc34)c3ccccc23)cc1,O=P(c1ccccc1)(c1ccccc1)c1ccc(N(c2ccccc2)c2ccc(N(c3ccccc3)c3cccc4ccccc34)c3ccccc23)cc1,O=P(c1ccccc1)(c1ccccc1)c1ccc(N(c2ccccc2)c2ccc(N(c3ccccc3)c3cccc4ccccc34)c3ccccc23)cc1,True,False
CC(C)(C)c1ccc(-n2c(-c3ccc(-c4ccc(S(=O)(=O)c5ccc(-c6ccc(-n7c8ccccc8c8ccccc87)cc6)cc5)cc4)cc3)nc3c4ccccc4c4ccccc4c32)cc1,O=S(=O)(c1ccc(-c2ccc(-c3nc4c5ccccc5c5ccccc5c4n3-c3ccccc3)cc2)cc1)c1ccc(-c2ccc(-n3c4ccccc4c4ccccc43)cc2)cc1,O=S(=O)(c1ccc(-c2ccc(-c3nc4c5ccccc5c5ccccc5c4n3-c3ccccc3)cc2)cc1)c1ccc(-c2ccc(-n3c4ccccc4c4ccccc43)cc2)cc1,True,False
CC1c2cc(-c3cccc(C(=C(C#N)c4ccc(Br)cc4)c4ccccc4)c3)ccc2-c2ccc(-c3cccc(C(=C(C#N)c4ccc(Br)cc4)c4ccccc4)c3)cc21,C(=C(c1ccccc1)c1cccc(-c2ccc3c(c2)Cc2cc(-c4cccc(C(=Cc5ccccc5)c5ccccc5)c4)ccc2-3)c1)c1ccccc1,C(=C(c1ccccc1)c1cccc(-c2ccc3c(c2)Cc2cc(-c4cccc(C(=Cc5ccccc5)c5ccccc5)c4)ccc2-3)c1)c1ccccc1,False,True
C=C1C(O)C2OC3(CCC2OC1C(O)CC(C)C1CC2(CCCOC2)COC1C)CCC(C)(C=CC(C)C1CC(C)=CC2(O1)OC(C)(CC(C)(O)C(=O)O)CCC2O)O3.[K],C=C1CC2OC3(CCC(C=CCC4CC=CC5(CCCCO5)O4)O3)CCC2OC1CCCC1COCC2(CCCOC2)C1,C=C1CC2OC3(CCC(C=CCC4CC=CC5(CCCCO5)O4)O3)CCC2OC1CCCC1COCC2(CCCOC2)C1,False,True
C=CC(C)=C[C@@]1(C)SC(O)=C(C)C1=O,O=C1C=CSC1,O=C1C=CSC1,True,False
CCCO,,acyclic_5190,True,False
[Cl-].[NH3+]Cc1c2ccccc2cc2ccccc12,c1ccc2cc3ccccc3cc2c1,c1ccc2cc3ccccc3cc2c1,False,True
CC#N,,acyclic_5192,True,False
CCCCCCC,,acyclic_5193,True,False
COC(=O)[C](C)C,,acyclic_5194,True,False
C=CCl,,acyclic_5195,True,False
O=P1(N(CCCl)CCCl)NCCCO1,O=[PH]1NCCCO1,O=[PH]1NCCCO1,True,False
[Zn][I]I,,acyclic_5197,True,False
[GaH2][I][I]I,,acyclic_5198,True,False
O=C([O-])c1ccccc1-c1c2cc(Br)c(=O)c(Br)c-2oc2c(Br)c([O-])c(Br)cc12.[Na+].[Na+],O=c1ccc2c(-c3ccccc3)c3ccccc3oc-2c1,O=c1ccc2c(-c3ccccc3)c3ccccc3oc-2c1,True,False
Cc1cc2nc3c(C)c(N)ccc3[n+](-c3ccccc3)c2cc1N.[Cl-],c1ccc(-[n+]2c3ccccc3nc3ccccc32)cc1,c1ccc(-[n+]2c3ccccc3nc3ccccc32)cc1,True,False
O=C(O)CS,,acyclic_5201,False,True
NC(CS)C(=O)O,,acyclic_5202,True,False
O=C(O)CCS,,acyclic_5203,True,False
CPN[I]Cl,,acyclic_5204,True,False
CCCCCC(N)=O,,acyclic_5205,True,False
CCCCCCNC(=O)CCCCC(N)=O,,acyclic_5206,True,False
[Cl].[Cl].c1ccc(-n2c[n+](-c3ccccc3)[n+](-c3ccc(-c4ccc(-n5n[n+](-c6ccccc6)c[n+]5-c5ccccc5)cc4)cc3)n2)cc1,c1ccc(-n2c[n+](-c3ccccc3)[n+](-c3ccc(-c4ccc(-n5n[n+](-c6ccccc6)c[n+]5-c5ccccc5)cc4)cc3)n2)cc1,c1ccc(-n2c[n+](-c3ccccc3)[n+](-c3ccc(-c4ccc(-n5n[n+](-c6ccccc6)c[n+]5-c5ccccc5)cc4)cc3)n2)cc1,True,False
c1ccc(N(Cc2cc(CN(c3ccccn3)c3ccccn3)c(CN(c3ccccn3)c3ccccn3)cc2CN(c2ccccn2)c2ccccn2)c2ccccn2)nc1,c1ccc(N(Cc2cc(CN(c3ccccn3)c3ccccn3)c(CN(c3ccccn3)c3ccccn3)cc2CN(c2ccccn2)c2ccccn2)c2ccccn2)nc1,c1ccc(N(Cc2cc(CN(c3ccccn3)c3ccccn3)c(CN(c3ccccn3)c3ccccn3)cc2CN(c2ccccn2)c2ccccn2)c2ccccn2)nc1,True,False
CC(C[N+](C)(C)C)OC(N)=O.[Cl-],,acyclic_5209,True,False
Cc1cc(C2=C(c3cc(C)sc3C)C(=O)C([n+]3ccccc3)C2)c(C)s1.[Br-],O=C1C(c2ccsc2)=C(c2ccsc2)CC1[n+]1ccccc1,O=C1C(c2ccsc2)=C(c2ccsc2)CC1[n+]1ccccc1,True,False
Cc1cc(C2=C(c3cc(C)sc3C)C(=O)C(=C[c-]3cccc3)C2)c(C)s1.[Fe+2].c1cc[cH-]c1,O=C1C(=C[c-]2cccc2)CC(c2ccsc2)=C1c1ccsc1.c1cc[cH-]c1,O=C1C(=C[c-]2cccc2)CC(c2ccsc2)=C1c1ccsc1.c1cc[cH-]c1,True,False
O=[N+]([O-])C(Cl)(Cl)Cl,,acyclic_5212,True,False
ClC(Cl)Cl,,acyclic_5213,False,True
C[N+](C)(C)CCCCCCCCCC[N+](C)(C)C.[Br],,acyclic_5214,True,False
O=C(O)CN1C(=O)CSC1=S,O=C1CSC(=S)N1,O=C1CSC(=S)N1,True,False
CC(=N[Si](C)(C)C)O[Si](C)(C)C,,acyclic_5216,True,False
COO,,acyclic_5217,False,True
CCCCCCCCCCCCCCCC(=O)OC[C@H](COP(=O)(O)OCC[N+](C)(C)C)OC(=O)CCCCCCCCCCCCCCC,,acyclic_5218,True,False
CCCCCCCCCCCCCCCCCC[N+](C)(C)CCCCCCCCCCCCCCCCCC.[Br-],,acyclic_5219,True,False
CCCCCCCCCCCCCCCC(=O)OCC(COP(=O)(O)OCC(O)CO)OC(=O)CCCCCCCCCCCCCCC,,acyclic_5220,False,True
ClC(Cl)(Cl)Cl,,acyclic_5221,True,False
PC=S,,acyclic_5222,True,False
CC(C)=CCCC(C)=CC=CC(C)=CC=CC(C)=CC=CC=C(C)C=CC=C(C)C=CC=C(C)CCC=C(C)C,,acyclic_5223,True,False
CCCCCCCCCCO,,acyclic_5224,True,False
NC1C=C(C(=O)O)CCC1,C1=CCCCC1,C1=CCCCC1,False,True
N[C@@H](Cc1cc(I)c(Oc2ccc(O)c(I)c2)c(I)c1)C(=O)[O-].[Na+],c1ccc(Oc2ccccc2)cc1,c1ccc(Oc2ccccc2)cc1,True,False
N[C@@H](CCC(=O)N[C@@H](CSc1cc(Br)cc(O)c1O)C(=O)NCC(=O)O)C(=O)O,c1ccccc1,c1ccccc1,False,True
CC=O,,acyclic_5228,True,False
O=S(=O)([O-])c1ccc(-c2c3nc(c(-c4ccc(S(=O)(=O)[O-])cc4)c4ccc([nH]4)c(-c4ccc(S(=O)(=O)[O-])cc4)c4nc(c(-c5ccc(S(=O)(=O)[O-])cc5)c5ccc2[nH]5)C=C4)C=C3)cc1,C1=Cc2nc1c(-c1ccccc1)c1ccc([nH]1)c(-c1ccccc1)c1nc(c(-c3ccccc3)c3ccc([nH]3)c2-c2ccccc2)C=C1,C1=Cc2nc1c(-c1ccccc1)c1ccc([nH]1)c(-c1ccccc1)c1nc(c(-c3ccccc3)c3ccc([nH]3)c2-c2ccccc2)C=C1,True,False
CCSC(=N)N,,acyclic_5230,True,False
O.O=C1C=CC(=Nc2cc(Cl)c([O-])c(Cl)c2)C=C1.[Na+],O=C1C=CC(=Nc2ccccc2)C=C1,O=C1C=CC(=Nc2ccccc2)C=C1,True,False
O=C(O)C1=CC(=CC=[N+]2CCC[C@H]2C(=O)[O-])C[C@@H](C(=O)O)N1,C1=CC(=CC=[N+]2CCCC2)CCN1,C1=CC(=CC=[N+]2CCCC2)CCN1,False,True
C[I]I,,acyclic_5233,True,False
c1ccccc1,c1ccccc1,c1ccccc1,False,True
COc1cc(OC)c(OC)c(-[n+]2c(-c3ccccc3)cc(-c3ccccc3)cc2-c2ccccc2)c1OC,c1ccc(-c2cc(-c3ccccc3)[n+](-c3ccccc3)c(-c3ccccc3)c2)cc1,c1ccc(-c2cc(-c3ccccc3)[n+](-c3ccccc3)c(-c3ccccc3)c2)cc1,True,False
CCCCCCCCCCCC[N+](C)(C)C.[Cl-],,acyclic_5236,False,True
OCCS,,acyclic_5237,False,True
O=S(=O)([O-])c1ccc2c(-c3ccccc3)c3cc(S(=O)(=O)[O-])ccc3c(-c3ccccc3)c2c1,c1ccc(-c2c3ccccc3c(-c3ccccc3)c3ccccc23)cc1,c1ccc(-c2c3ccccc3c(-c3ccccc3)c3ccccc23)cc1,True,False
O=S(=O)([O-])c1ccc2c(-c3ccccc3)c3ccc(S(=O)(=O)[O-])cc3c(-c3ccccc3)c2c1,c1ccc(-c2c3ccccc3c(-c3ccccc3)c3ccccc23)cc1,c1ccc(-c2c3ccccc3c(-c3ccccc3)c3ccccc23)cc1,True,False
CC1=C(C=CCl)CC(Cl)C(C)(Cl)C1,C1=CCCCC1,C1=CCCCC1,False,True
NN1CCCCC1,C1CCNCC1,C1CCNCC1,True,False
CC1CCCCC1,C1CCCCC1,C1CCCCC1,True,False
CNC=O,,acyclic_5243,True,False
CC(C)=CCOP(=O)(O)OP(=O)(O)O,,acyclic_5244,True,False
CCOCC,,acyclic_5245,True,False
C[n+]1ccccc1C=Cc1ccccc1.[I-],C(=Cc1cccc[nH+]1)c1ccccc1,C(=Cc1cccc[nH+]1)c1ccccc1,True,False
NCCCN,,acyclic_5247,True,False
C[C@H](CCC(N)=O)[C@H]1CC[C@H]2[C@@H]3C(O)C[C@@H]4C[C@H](O)CC[C@]4(C)[C@H]3CC[C@]12C,C1CC[C@H]2CC[C@H]3[C@@H]4CCCC4CC[C@@H]3C2C1,C1CC[C@H]2CC[C@H]3[C@@H]4CCCC4CC[C@@H]3C2C1,True,False
[O]=[Mg].[O]=[Nb]12[O][Nb](=[O])([O]1)[O]2.[O]=[Pb].[O]=[Pb].[O]=[Pb],[O]=[Nb]12[O][Nb](=[O])([O]1)[O]2,[O]=[Nb]12[O][Nb](=[O])([O]1)[O]2,True,False
CCCCCCCCCCCCCC(=O)O[C@@H]1[C@@H](C)[C@@]2(O)[C@@H](C=C(CO)C[C@]3(O)C(=O)C(C)=C[C@@H]23)[C@@H]2C(C)(C)[C@]12OC(C)=O,O=C1C=C[C@@H]2C1CC=C[C@@H]1C2CCC2C[C@H]21,O=C1C=C[C@@H]2C1CC=C[C@@H]1C2CCC2C[C@H]21,True,False
C=CCOC1CC(C)(C)NC(C)(C)C1,C1CCNCC1,C1CCNCC1,True,False
CCNc1cc2[o+]c3cc(NCC)c(C)cc3c(-c3ccccc3C(=O)OCC)c2cc1C.[Cl-],c1ccc(-c2c3ccccc3[o+]c3ccccc23)cc1,c1ccc(-c2c3ccccc3[o+]c3ccccc23)cc1,True,False
C[CH2][Hg+].O=P([O-])(O)O,,acyclic_5253,True,False
O=P1([O-])OP(=O)([O-])OP(=O)([O-])OP(=O)([O-])OP(=O)([O-])OP(=O)([O-])O1.[Na+].[Na+].[Na+].[Na+].[Na+].[Na+],O=[PH]1O[PH](=O)O[PH](=O)O[PH](=O)O[PH](=O)O[PH](=O)O1,O=[PH]1O[PH](=O)O[PH](=O)O[PH](=O)O[PH](=O)O[PH](=O)O1,True,False
NPOP,,acyclic_5255,True,False
NPOPOP,,acyclic_5256,True,False
P[P][Pt],,acyclic_5257,True,False
CP[I]SO,,acyclic_5258,False,True
CN(C)c1ccc([C+](c2ccccc2)c2ccc(N(C)C)cc2)cc1.[Cl-],c1ccc([C+](c2ccccc2)c2ccccc2)cc1,c1ccc([C+](c2ccccc2)c2ccccc2)cc1,True,False
CC1(C)C2=C(C=C(C#N)C#N)CCCN2c2ccccc21,C1=C2Cc3ccccc3N2CCC1,C1=C2Cc3ccccc3N2CCC1,True,False
CC1(C)C2=C(C=CC=C(C#N)C#N)CCCN2c2ccccc21,C1=C2Cc3ccccc3N2CCC1,C1=C2Cc3ccccc3N2CCC1,True,False
CC1(C)C2=C(C=CC=CC=C(C#N)C#N)CCCN2c2ccccc21,C1=C2Cc3ccccc3N2CCC1,C1=C2Cc3ccccc3N2CCC1,True,False
CCN1C(=O)C(=CC2=C3N(CCC2)c2ccccc2C3(C)C)C(=O)N(CC)C1=S,O=C1NC(=S)NC(=O)C1=CC1=C2Cc3ccccc3N2CCC1,O=C1NC(=S)NC(=O)C1=CC1=C2Cc3ccccc3N2CCC1,True,False
CCN1C(=O)C(=CC=CC2=C3N(CCC2)c2ccccc2C3(C)C)C(=O)N(CC)C1=S,O=C1NC(=S)NC(=O)C1=CC=CC1=C2Cc3ccccc3N2CCC1,O=C1NC(=S)NC(=O)C1=CC=CC1=C2Cc3ccccc3N2CCC1,True,False
CCN1C(=O)C(=CC=CC=CC2=C3N(CCC2)c2ccccc2C3(C)C)C(=O)N(CC)C1=S,O=C1NC(=S)NC(=O)C1=CC=CC=CC1=C2Cc3ccccc3N2CCC1,O=C1NC(=S)NC(=O)C1=CC=CC=CC1=C2Cc3ccccc3N2CCC1,True,False
[S][P][P][Ru],,acyclic_5266,True,False
NCCO,,acyclic_5267,True,False
CC12CCC(CC1)C2(C)C,C1CC2CCC1C2,C1CC2CCC1C2,True,False
CC1=NCCN1,C1=NCCN1,C1=NCCN1,False,True
c1cscn1,c1cscn1,c1cscn1,True,False
C[n+]1cnc2nc[nH]c2c1N,c1nc2nc[nH+]cc2[nH]1,c1nc2nc[nH+]cc2[nH]1,True,False
CCCCCCCCCCCCCCCCOP(=O)(O)OCC[N+](C)(C)C,,acyclic_5272,False,True
C=C(C)C(=O)OCCO,,acyclic_5273,True,False
C=C.C=CCC,,acyclic_5274,True,False
C[C@H]1[C@@H](O)[C@@H](O)[C@H](O)CN1C,C1CCNCC1,C1CCNCC1,True,False
C1=Cc2nc1c(-c1cccc3c1Cc1ccccc1-3)c1ccc([nH]1)c(-c1cccc3c1Cc1ccccc1-3)c1nc(c(-c3cccc4c3Cc3ccccc3-4)c3ccc([nH]3)c2-c2cccc3c2Cc2ccccc2-3)C=C1,C1=Cc2nc1c(-c1cccc3c1Cc1ccccc1-3)c1ccc([nH]1)c(-c1cccc3c1Cc1ccccc1-3)c1nc(c(-c3cccc4c3Cc3ccccc3-4)c3ccc([nH]3)c2-c2cccc3c2Cc2ccccc2-3)C=C1,C1=Cc2nc1c(-c1cccc3c1Cc1ccccc1-3)c1ccc([nH]1)c(-c1cccc3c1Cc1ccccc1-3)c1nc(c(-c3cccc4c3Cc3ccccc3-4)c3ccc([nH]3)c2-c2cccc3c2Cc2ccccc2-3)C=C1,True,False
CCCCCCCCCCCC,,acyclic_5277,True,False
IN[I][I]I,,acyclic_5278,True,False
Cc1ccc(S(=O)(=O)O)cc1.NC(N=O)=NNC=C1C=CC=CN1,C=C1C=CC=CN1.c1ccccc1,C=C1C=CC=CN1.c1ccccc1,False,True
CSC1=C(SC)SC(=c2c3ccccc3c(=C3SC(SC)=C(SC)S3)c3cc(C=CC=Cc4ccc([N+](=O)[O-])cc4)ccc23)S1,C(C=Cc1ccc2c(=C3SC=CS3)c3ccccc3c(=C3SC=CS3)c2c1)=Cc1ccccc1,C(C=Cc1ccc2c(=C3SC=CS3)c3ccccc3c(=C3SC=CS3)c2c1)=Cc1ccccc1,False,True
CSC1=C(SC)SC(=c2c3ccccc3c(=C3SC(SC)=C(SC)S3)c3cc(C=CC=CC=Cc4ccc([N+](=O)[O-])cc4)ccc23)S1,C(=CC=Cc1ccc2c(=C3SC=CS3)c3ccccc3c(=C3SC=CS3)c2c1)C=Cc1ccccc1,C(=CC=Cc1ccc2c(=C3SC=CS3)c3ccccc3c(=C3SC=CS3)c2c1)C=Cc1ccccc1,False,True
CSC1=C(SC)SC(=c2c3ccccc3c(=C3SC(SC)=C(SC)S3)c3cc(C=Cc4ccc(C=Cc5ccc([N+](=O)[O-])cc5)s4)ccc23)S1,C1=CSC(=c2c3ccccc3c(=C3SC=CS3)c3cc(C=Cc4ccc(C=Cc5ccccc5)s4)ccc23)S1,C1=CSC(=c2c3ccccc3c(=C3SC=CS3)c3cc(C=Cc4ccc(C=Cc5ccccc5)s4)ccc23)S1,True,False
CCCc1c(CCC)c(CCC)c2cc(-c3ccc(-c4ccc(-c5ccc6c(CCC)c(CCC)c(CCC)c(CCC)c6c5)s4)s3)ccc2c1CCC,c1ccc2cc(-c3ccc(-c4ccc(-c5ccc6ccccc6c5)s4)s3)ccc2c1,c1ccc2cc(-c3ccc(-c4ccc(-c5ccc6ccccc6c5)s4)s3)ccc2c1,True,False
N#Cc1cc(Cl)c(Cl)cc1C#N,c1ccccc1,c1ccccc1,False,True
C1COO1,C1COO1,C1COO1,True,False
CCC1=C(C)c2nc1cc1[nH]c(cc3nc(cc4[nH]c(c(C)c4CC)c2-c2cc(OC)cc(OC)c2)C(C)=C3CCC(=O)OC)c(CCC(=O)OC)c1C,C1=Cc2cc3ccc([nH]3)c(-c3ccccc3)c3nc(cc4ccc(cc1n2)[nH]4)C=C3,C1=Cc2cc3ccc([nH]3)c(-c3ccccc3)c3nc(cc4ccc(cc1n2)[nH]4)C=C3,True,False
CN(C)c1cccc2c(C#Cc3cccc4c(C#Cc5cccc6c(C#CC#Cc7cccc8c(C#Cc9cccc%10c(C#Cc%11cccc%12c(N(C)C)cccc%11%12)cccc9%10)cccc78)cccc56)cccc34)cccc12,C(C#Cc1cccc2c(C#Cc3cccc4c(C#Cc5cccc6ccccc56)cccc34)cccc12)#Cc1cccc2c(C#Cc3cccc4c(C#Cc5cccc6ccccc56)cccc34)cccc12,C(C#Cc1cccc2c(C#Cc3cccc4c(C#Cc5cccc6ccccc56)cccc34)cccc12)#Cc1cccc2c(C#Cc3cccc4c(C#Cc5cccc6ccccc56)cccc34)cccc12,True,False
CN(C)c1cccc2c(C#Cc3cccc4c(C#Cc5ccc(C#Cc6cccc7c(C#Cc8cccc9c(N(C)C)cccc89)cccc67)cc5)cccc34)cccc12,C(#Cc1cccc2c(C#Cc3cccc4ccccc34)cccc12)c1ccc(C#Cc2cccc3c(C#Cc4cccc5ccccc45)cccc23)cc1,C(#Cc1cccc2c(C#Cc3cccc4ccccc34)cccc12)c1ccc(C#Cc2cccc3c(C#Cc4cccc5ccccc45)cccc23)cc1,True,False
C=CC,,acyclic_5289,True,False
C#Cc1c(C#Cc2ccccc2C#Cc2ccc(C#Cc3ccccc3C#Cc3cc([Si](C)(C)C)cc([Si](C)(C)C)c3C#C)s2)cc([Si](C)(C)C)cc1[Si](C)(C)C,C(#Cc1ccccc1C#Cc1ccc(C#Cc2ccccc2C#Cc2ccccc2)s1)c1ccccc1,C(#Cc1ccccc1C#Cc1ccc(C#Cc2ccccc2C#Cc2ccccc2)s1)c1ccccc1,False,True
C[N+](C)(C)CCCNC(=O)c1cc(=O)c2ccccc2o1.[I-],O=c1ccoc2ccccc12,O=c1ccoc2ccccc12,False,True
COc1ccc2c(=O)cc(C(=O)NCCC[N+](C)(C)C)oc2c1.[I-],O=c1ccoc2ccccc12,O=c1ccoc2ccccc12,False,True
COc1ccc2oc(C(=O)NCCC[N+](C)(C)C)cc(=O)c2c1.[I-],O=c1ccoc2ccccc12,O=c1ccoc2ccccc12,False,True
COc1cccc2oc(C(=O)NCCC[N+](C)(C)C)cc(=O)c12.[I-],O=c1ccoc2ccccc12,O=c1ccoc2ccccc12,False,True
COc1ccc(-c2c3nc(c(-c4cc(C(C)(C)C)cc(C(C)(C)C)c4)c4ccc([nH]4)c(-c4cc(C(C)(C)C)cc(C(C)(C)C)c4)c4nc(c(-c5cc(C(C)(C)C)cc(C(C)(C)C)c5)c5ccc2[nH]5)C=C4)C=C3)cc1,C1=Cc2nc1c(-c1ccccc1)c1ccc([nH]1)c(-c1ccccc1)c1nc(c(-c3ccccc3)c3ccc([nH]3)c2-c2ccccc2)C=C1,C1=Cc2nc1c(-c1ccccc1)c1ccc([nH]1)c(-c1ccccc1)c1nc(c(-c3ccccc3)c3ccc([nH]3)c2-c2ccccc2)C=C1,True,False
FC1(F)C(c2ccc3c(c2)C2(c4ccccc4-c4ccccc42)c2ccccc2-3)=C(c2ccc3c(c2)C2(c4ccccc4-c4ccccc42)c2ccccc2-3)C(F)(F)C1(F)F,c1ccc2c(c1)-c1ccccc1C21c2ccccc2-c2ccc(C3=C(c4ccc5c(c4)C4(c6ccccc6-c6ccccc64)c4ccccc4-5)CCC3)cc21,c1ccc2c(c1)-c1ccccc1C21c2ccccc2-c2ccc(C3=C(c4ccc5c(c4)C4(c6ccccc6-c6ccccc64)c4ccccc4-5)CCC3)cc21,True,False
COC(=O)[C@H](CCCCN)NC(C)=O.Cl,,acyclic_5297,True,False
COC(=O)[C@H](CO)NC(=O)OC(C)(C)C,,acyclic_5298,False,True
CCn1c2ccc(C=Cc3ccc4c(c3)c3cc(N(c5ccccc5)c5cccc(C)c5)ccc3n4CC)cc2c2cc(N(c3ccccc3)c3cccc(C)c3)ccc21,C(=Cc1ccc2[nH]c3ccc(N(c4ccccc4)c4ccccc4)cc3c2c1)c1ccc2[nH]c3ccc(N(c4ccccc4)c4ccccc4)cc3c2c1,C(=Cc1ccc2[nH]c3ccc(N(c4ccccc4)c4ccccc4)cc3c2c1)c1ccc2[nH]c3ccc(N(c4ccccc4)c4ccccc4)cc3c2c1,True,False
CCn1c2ccc(C=Cc3ccc4c(c3)c3cc(N(c5ccccc5)c5cccc6ccccc56)ccc3n4CC)cc2c2cc(N(c3ccccc3)c3cccc4ccccc34)ccc21,C(=Cc1ccc2[nH]c3ccc(N(c4ccccc4)c4cccc5ccccc45)cc3c2c1)c1ccc2[nH]c3ccc(N(c4ccccc4)c4cccc5ccccc45)cc3c2c1,C(=Cc1ccc2[nH]c3ccc(N(c4ccccc4)c4cccc5ccccc45)cc3c2c1)c1ccc2[nH]c3ccc(N(c4ccccc4)c4cccc5ccccc45)cc3c2c1,True,False
CCn1c2ccc(C=Cc3ccc4c(c3)c3cc(N(c5ccccc5)c5ccc6ccc7cccc8ccc5c6c78)ccc3n4CC)cc2c2cc(N(c3ccccc3)c3ccc4ccc5cccc6ccc3c4c56)ccc21,C(=Cc1ccc2[nH]c3ccc(N(c4ccccc4)c4ccc5ccc6cccc7ccc4c5c67)cc3c2c1)c1ccc2[nH]c3ccc(N(c4ccccc4)c4ccc5ccc6cccc7ccc4c5c67)cc3c2c1,C(=Cc1ccc2[nH]c3ccc(N(c4ccccc4)c4ccc5ccc6cccc7ccc4c5c67)cc3c2c1)c1ccc2[nH]c3ccc(N(c4ccccc4)c4ccc5ccc6cccc7ccc4c5c67)cc3c2c1,True,False
COC(=O)CC[C@@H](C)[C@H]1CC[C@H]2[C@@H]3[C@H](C(=O)c4ccc5ccc6cccc7ccc4c5c67)C[C@@H]4C[C@H](C(C)=O)CC[C@]4(C)[C@H]3C[C@H](C(=O)c3ccc4ccc5cccc6ccc3c4c56)[C@]12C,O=C(c1ccc2ccc3cccc4ccc1c2c34)[C@H]1C[C@@H]2C3CCCC[C@H]3C[C@@H](C(=O)c3ccc4ccc5cccc6ccc3c4c56)[C@H]2[C@@H]2CCCC12,O=C(c1ccc2ccc3cccc4ccc1c2c34)[C@H]1C[C@@H]2C3CCCC[C@H]3C[C@@H](C(=O)c3ccc4ccc5cccc6ccc3c4c56)[C@H]2[C@@H]2CCCC12,False,True
CCOc1c(F)c(F)c(C2=C(C)C(=O)n3c2cc2c(C)c(S(=O)(=O)[O-])c(C)n2c3=O)c(F)c1F.[Na+],O=C1C=C(c2ccccc2)c2cc3cccn3c(=O)n21,O=C1C=C(c2ccccc2)c2cc3cccn3c(=O)n21,True,False
CC(C)C(=O)[O-],,acyclic_5304,False,True
CC(=O)[O-],,acyclic_5305,True,False
O=C([O-])c1ccccc1,c1ccccc1,c1ccccc1,False,True
C[Si](C)(C)C#Cc1ccc(C#Cc2ccc(C#Cc3ccc4c(c3)C(=O)c3cc(C#Cc5ccc(C#Cc6ccc(C#C[Si](C)(C)C)cc6)cc5)ccc3-4)cc2)cc1,O=C1c2cc(C#Cc3ccc(C#Cc4ccccc4)cc3)ccc2-c2ccc(C#Cc3ccc(C#Cc4ccccc4)cc3)cc21,O=C1c2cc(C#Cc3ccc(C#Cc4ccccc4)cc3)ccc2-c2ccc(C#Cc3ccc(C#Cc4ccccc4)cc3)cc21,False,True
CC1c2cc(-c3ccc(-c4ccc5c(c4)C(C)(C)c4cc(-n6c7ccccc7c7ccccc76)ccc4-5)s3)ccc2-c2ccc(-n3c4ccccc4c4ccccc43)cc21,c1ccc2c(c1)c1ccccc1n2-c1ccc2c(c1)Cc1cc(-c3ccc(-c4ccc5c(c4)Cc4cc(-n6c7ccccc7c7ccccc76)ccc4-5)s3)ccc1-2,c1ccc2c(c1)c1ccccc1n2-c1ccc2c(c1)Cc1cc(-c3ccc(-c4ccc5c(c4)Cc4cc(-n6c7ccccc7c7ccccc76)ccc4-5)s3)ccc1-2,True,False
CC1c2cc(-c3ccc(-c4ccc(-c5ccc6c(c5)C(C)(C)c5cc(-n7c8ccccc8c8ccccc87)ccc5-6)s4)s3)ccc2-c2ccc(-n3c4ccccc4c4ccccc43)cc21,c1ccc2c(c1)c1ccccc1n2-c1ccc2c(c1)Cc1cc(-c3ccc(-c4ccc(-c5ccc6c(c5)Cc5cc(-n7c8ccccc8c8ccccc87)ccc5-6)s4)s3)ccc1-2,c1ccc2c(c1)c1ccccc1n2-c1ccc2c(c1)Cc1cc(-c3ccc(-c4ccc(-c5ccc6c(c5)Cc5cc(-n7c8ccccc8c8ccccc87)ccc5-6)s4)s3)ccc1-2,True,False
CC1c2cc(-c3ccc(-c4ccc(-c5ccc(-c6ccc7c(c6)C(C)(C)c6cc(-n8c9ccccc9c9ccccc98)ccc6-7)s5)s4)s3)ccc2-c2ccc(-n3c4ccccc4c4ccccc43)cc21,c1ccc2c(c1)c1ccccc1n2-c1ccc2c(c1)Cc1cc(-c3ccc(-c4ccc(-c5ccc(-c6ccc7c(c6)Cc6cc(-n8c9ccccc9c9ccccc98)ccc6-7)s5)s4)s3)ccc1-2,c1ccc2c(c1)c1ccccc1n2-c1ccc2c(c1)Cc1cc(-c3ccc(-c4ccc(-c5ccc(-c6ccc7c(c6)Cc6cc(-n8c9ccccc9c9ccccc98)ccc6-7)s5)s4)s3)ccc1-2,False,True
C[n+]1cccc(CCC(=O)OCCCC2=CNc3ccccc3N=CC(CCCOC(=O)CCc3ccc[n+](C)c3)=CNc3ccccc3N=C2)c1.O.O.[Br-].[Br-],O=C(CCc1ccc[nH+]c1)OCCCC1=CNc2ccccc2N=CC(CCCOC(=O)CCc2ccc[nH+]c2)=CNc2ccccc2N=C1,O=C(CCc1ccc[nH+]c1)OCCCC1=CNc2ccccc2N=CC(CCCOC(=O)CCc2ccc[nH+]c2)=CNc2ccccc2N=C1,True,False
C1=Nc2ccccc2NC=C(CCC[n+]2ccccc2)C=Nc2ccccc2NC=C1CCC[n+]1ccccc1.O.O.O.[Br-].[Br-],C1=Nc2ccccc2NC=C(CCC[n+]2ccccc2)C=Nc2ccccc2NC=C1CCC[n+]1ccccc1,C1=Nc2ccccc2NC=C(CCC[n+]2ccccc2)C=Nc2ccccc2NC=C1CCC[n+]1ccccc1,False,True
C1=Nc2ccccc2NC=C(CCC[n+]2ccc(-c3ccncc3)cc2)C=Nc2ccccc2NC=C1CCC[n+]1ccc(-c2ccncc2)cc1.O.O.O.O.O.[Br-].[Br-],C1=Nc2ccccc2NC=C(CCC[n+]2ccc(-c3ccncc3)cc2)C=Nc2ccccc2NC=C1CCC[n+]1ccc(-c2ccncc2)cc1,C1=Nc2ccccc2NC=C(CCC[n+]2ccc(-c3ccncc3)cc2)C=Nc2ccccc2NC=C1CCC[n+]1ccc(-c2ccncc2)cc1,True,False
C[Si](C)(C)C#Cc1c2cc3cc([Si](C)(C)C)c([Si](C)(C)C)cc3cc2c(C#C[Si](C)(C)C)c2cc3cc([Si](C)(C)C)c([Si](C)(C)C)cc3cc12,c1ccc2cc3cc4cc5ccccc5cc4cc3cc2c1,c1ccc2cc3cc4cc5ccccc5cc4cc3cc2c1,True,False
CC(C)[Si](C#Cc1c2cc3cc([Si](C)(C)C)c([Si](C)(C)C)cc3cc2c(C#C[Si](C(C)C)(C(C)C)C(C)C)c2cc3cc([Si](C)(C)C)c([Si](C)(C)C)cc3cc12)(C(C)C)C(C)C,c1ccc2cc3cc4cc5ccccc5cc4cc3cc2c1,c1ccc2cc3cc4cc5ccccc5cc4cc3cc2c1,True,False
CC(C)(C)C#Cc1c2cc3cc([Si](C)(C)C)c([Si](C)(C)C)cc3cc2c(C#CC(C)(C)C)c2cc3cc([Si](C)(C)C)c([Si](C)(C)C)cc3cc12,c1ccc2cc3cc4cc5ccccc5cc4cc3cc2c1,c1ccc2cc3cc4cc5ccccc5cc4cc3cc2c1,True,False
C[Si](C)(C)c1cc2cc3c(C#Cc4ccccc4)c4cc5cc([Si](C)(C)C)c([Si](C)(C)C)cc5cc4c(C#Cc4ccccc4)c3cc2cc1[Si](C)(C)C,C(#Cc1c2cc3ccccc3cc2c(C#Cc2ccccc2)c2cc3ccccc3cc12)c1ccccc1,C(#Cc1c2cc3ccccc3cc2c(C#Cc2ccccc2)c2cc3ccccc3cc12)c1ccccc1,True,False
C[Si](C)(C)c1cc2cc3c(-c4ccccc4)c4cc5cc([Si](C)(C)C)c([Si](C)(C)C)cc5cc4c(-c4ccccc4)c3cc2cc1[Si](C)(C)C,c1ccc(-c2c3cc4ccccc4cc3c(-c3ccccc3)c3cc4ccccc4cc23)cc1,c1ccc(-c2c3cc4ccccc4cc3c(-c3ccccc3)c3cc4ccccc4cc23)cc1,False,True
Cc1ccc(-c2c3cc4cc([Si](C)(C)C)c([Si](C)(C)C)cc4cc3c(-c3ccc(C)cc3)c3cc4cc([Si](C)(C)C)c([Si](C)(C)C)cc4cc23)cc1,c1ccc(-c2c3cc4ccccc4cc3c(-c3ccccc3)c3cc4ccccc4cc23)cc1,c1ccc(-c2c3cc4ccccc4cc3c(-c3ccccc3)c3cc4ccccc4cc23)cc1,False,True
COc1ccc(Cc2c3cc4cc([Si](C)(C)C)c([Si](C)(C)C)cc4cc3c(Cc3ccc(OC)cc3)c3cc4cc([Si](C)(C)C)c([Si](C)(C)C)cc4cc23)cc1,c1ccc(Cc2c3cc4ccccc4cc3c(Cc3ccccc3)c3cc4ccccc4cc23)cc1,c1ccc(Cc2c3cc4ccccc4cc3c(Cc3ccccc3)c3cc4ccccc4cc23)cc1,True,False
C[Si](C)(C)c1cc2cc3c(-c4ccc(C#N)cc4)c4cc5cc([Si](C)(C)C)c([Si](C)(C)C)cc5cc4c(-c4ccc(C#N)cc4)c3cc2cc1[Si](C)(C)C,c1ccc(-c2c3cc4ccccc4cc3c(-c3ccccc3)c3cc4ccccc4cc23)cc1,c1ccc(-c2c3cc4ccccc4cc3c(-c3ccccc3)c3cc4ccccc4cc23)cc1,False,True
CC1=CC=CC(C)(c2c3cc4cc([Si](C)(C)C)c([Si](C)(C)C)cc4cc3c(C3(C)C=CC=C(C)C3)c3cc4cc([Si](C)(C)C)c([Si](C)(C)C)cc4cc23)C1,C1=CCC(c2c3cc4ccccc4cc3c(C3C=CC=CC3)c3cc4ccccc4cc23)C=C1,C1=CCC(c2c3cc4ccccc4cc3c(C3C=CC=CC3)c3cc4ccccc4cc23)C=C1,False,True
C[Si](C)(C)c1cc2cc3c(-c4cccs4)c4cc5cc([Si](C)(C)C)c([Si](C)(C)C)cc5cc4c(-c4cccs4)c3cc2cc1[Si](C)(C)C,c1csc(-c2c3cc4ccccc4cc3c(-c3cccs3)c3cc4ccccc4cc23)c1,c1csc(-c2c3cc4ccccc4cc3c(-c3cccs3)c3cc4ccccc4cc23)c1,True,False
C[Si](C)(C)c1ccc(-c2c3cc4cc([Si](C)(C)C)c([Si](C)(C)C)cc4cc3c(-c3ccc([Si](C)(C)C)s3)c3cc4cc([Si](C)(C)C)c([Si](C)(C)C)cc4cc23)s1,c1csc(-c2c3cc4ccccc4cc3c(-c3cccs3)c3cc4ccccc4cc23)c1,c1csc(-c2c3cc4ccccc4cc3c(-c3cccs3)c3cc4ccccc4cc23)c1,True,False
Cc1nc2ccccc2c2ccc(NC(=O)NCCNC(=O)Nc3ccc4c(c3)c(C)nc3ccccc34)cc12.O.O.O,O=C(NCCNC(=O)Nc1ccc2c(cnc3ccccc32)c1)Nc1ccc2c(cnc3ccccc32)c1,O=C(NCCNC(=O)Nc1ccc2c(cnc3ccccc32)c1)Nc1ccc2c(cnc3ccccc32)c1,True,False
Cc1nc2ccccc2c2ccc(NC(=O)NCCCCCCNC(=O)Nc3ccc4c(c3)c(C)nc3ccccc34)cc12.O.O.O,O=C(NCCCCCCNC(=O)Nc1ccc2c(cnc3ccccc32)c1)Nc1ccc2c(cnc3ccccc32)c1,O=C(NCCCCCCNC(=O)Nc1ccc2c(cnc3ccccc32)c1)Nc1ccc2c(cnc3ccccc32)c1,True,False
CCN(CC)c1ccc(N=Nc2ncc(C=Cc3sc4ccccc4[n+]3CC)s2)cc1.[I-],C(=Cc1[nH+]c2ccccc2s1)c1cnc(N=Nc2ccccc2)s1,C(=Cc1[nH+]c2ccccc2s1)c1cnc(N=Nc2ccccc2)s1,False,True
CCCCCC[n+]1c(C=Cc2cnc(N=Nc3ccc(N(CC)CC)cc3)s2)sc2ccccc21.[I-],C(=Cc1[nH+]c2ccccc2s1)c1cnc(N=Nc2ccccc2)s1,C(=Cc1[nH+]c2ccccc2s1)c1cnc(N=Nc2ccccc2)s1,False,True
CCN(CC)c1ccc(N=Nc2ncc(C=Cc3sc4ccc(I)cc4[n+]3CC)s2)cc1.[I-],C(=Cc1[nH+]c2ccccc2s1)c1cnc(N=Nc2ccccc2)s1,C(=Cc1[nH+]c2ccccc2s1)c1cnc(N=Nc2ccccc2)s1,False,True
CCN(CC)c1ccc(N=Nc2ncc(C=Cc3sc4cc(I)ccc4[n+]3CC)s2)cc1.[I-],C(=Cc1[nH+]c2ccccc2s1)c1cnc(N=Nc2ccccc2)s1,C(=Cc1[nH+]c2ccccc2s1)c1cnc(N=Nc2ccccc2)s1,False,True
CCN(CC)c1ccc(N=Nc2ncc(C=Cc3sc4ccccc4[n+]3CC)[se]2)cc1.[I-],C(=Cc1cnc(N=Nc2ccccc2)[se]1)c1[nH+]c2ccccc2s1,C(=Cc1cnc(N=Nc2ccccc2)[se]1)c1[nH+]c2ccccc2s1,True,False
CCN(CC)c1ccc(N=Nc2ncc(C=CC3=[N+](CC)c4ccccc4C3(C)C)s2)cc1.[I-],C(=Cc1cnc(N=Nc2ccccc2)s1)C1=[NH+]c2ccccc2C1,C(=Cc1cnc(N=Nc2ccccc2)s1)C1=[NH+]c2ccccc2C1,True,False
CCN(CC)c1ccc(N=Nc2ncc(C=Cc3ccc4ccccc4[n+]3CC)s2)cc1.[I-],C(=Cc1cnc(N=Nc2ccccc2)s1)c1ccc2ccccc2[nH+]1,C(=Cc1cnc(N=Nc2ccccc2)s1)c1ccc2ccccc2[nH+]1,False,True
CCN(CC)c1ccc(N=Nc2ncc(C=Cc3cc[n+](CC)c4ccccc34)s2)cc1.[I-],C(=Cc1cc[nH+]c2ccccc12)c1cnc(N=Nc2ccccc2)s1,C(=Cc1cc[nH+]c2ccccc12)c1cnc(N=Nc2ccccc2)s1,True,False
CC1(C)c2ccccc2-c2ccc(N(c3ccc4c(c3)C(C)(C)c3ccccc3-4)c3ccc4cc(-c5ccc(C=C(C#N)C(=O)O)s5)sc4c3)cc21,c1csc(-c2cc3ccc(N(c4ccc5c(c4)Cc4ccccc4-5)c4ccc5c(c4)Cc4ccccc4-5)cc3s2)c1,c1csc(-c2cc3ccc(N(c4ccc5c(c4)Cc4ccccc4-5)c4ccc5c(c4)Cc4ccccc4-5)cc3s2)c1,False,True
CC1(C)c2ccccc2-c2ccc(N(c3ccc4c(c3)C(C)(C)c3ccccc3-4)c3ccc4cc(C=Cc5ccc(C=C(C#N)C(=O)O)s5)sc4c3)cc21,C(=Cc1cc2ccc(N(c3ccc4c(c3)Cc3ccccc3-4)c3ccc4c(c3)Cc3ccccc3-4)cc2s1)c1cccs1,C(=Cc1cc2ccc(N(c3ccc4c(c3)Cc3ccccc3-4)c3ccc4c(c3)Cc3ccccc3-4)cc2s1)c1cccs1,True,False
CC(C)(C)c1ccc2c(c1)c1cc(C(C)(C)C)ccc1n2-c1ccc(C2(c3ccc(-n4c5ccc(C(C)(C)C)cc5c5cc(C(C)(C)C)ccc54)cc3)c3ccccc3-c3ccccc32)cc1,c1ccc2c(c1)-c1ccccc1C2(c1ccc(-n2c3ccccc3c3ccccc32)cc1)c1ccc(-n2c3ccccc3c3ccccc32)cc1,c1ccc2c(c1)-c1ccccc1C2(c1ccc(-n2c3ccccc3c3ccccc32)cc1)c1ccc(-n2c3ccccc3c3ccccc32)cc1,True,False
CC(C)(C)c1ccc2c(c1)C(c1ccc(-n3c4ccccc4c4ccccc43)cc1)(c1ccc(-n3c4ccccc4c4ccccc43)cc1)c1cc(C(C)(C)C)ccc1-2,c1ccc2c(c1)-c1ccccc1C2(c1ccc(-n2c3ccccc3c3ccccc32)cc1)c1ccc(-n2c3ccccc3c3ccccc32)cc1,c1ccc2c(c1)-c1ccccc1C2(c1ccc(-n2c3ccccc3c3ccccc32)cc1)c1ccc(-n2c3ccccc3c3ccccc32)cc1,True,False
CC(=O)C(C)Cl,,acyclic_5339,True,False
O=C1Cc2ccccc2C1Cl,O=C1Cc2ccccc2C1,O=C1Cc2ccccc2C1,False,True
BrCc1cc(CBr)c(CBr)cc1CBr,c1ccccc1,c1ccccc1,False,True
Oc1cccc2ccc(OCc3cc(COc4ccc5cccc(O)c5n4)c(COc4ccc5cccc(O)c5n4)cc3COc3ccc4cccc(O)c4n3)nc12,c1ccc2nc(OCc3cc(COc4ccc5ccccc5n4)c(COc4ccc5ccccc5n4)cc3COc3ccc4ccccc4n3)ccc2c1,c1ccc2nc(OCc3cc(COc4ccc5ccccc5n4)c(COc4ccc5ccccc5n4)cc3COc3ccc4ccccc4n3)ccc2c1,False,True
COc1cc(C#Cc2cc(C#Cc3cc(OC)c(OC)c(OC)c3)nc(C#Cc3cc(OC)c(OC)c(OC)c3)n2)cc(OC)c1OC,C(#Cc1cc(C#Cc2ccccc2)nc(C#Cc2ccccc2)n1)c1ccccc1,C(#Cc1cc(C#Cc2ccccc2)nc(C#Cc2ccccc2)n1)c1ccccc1,False,True
Cc1cc2c(cc1C)NC=C(CCC[n+]1ccccc1)C=Nc1cc(C)c(C)cc1NC=C(CCC[n+]1ccccc1)C=N2.O.[Br-].[Br-],C1=Nc2ccccc2NC=C(CCC[n+]2ccccc2)C=Nc2ccccc2NC=C1CCC[n+]1ccccc1,C1=Nc2ccccc2NC=C(CCC[n+]2ccccc2)C=Nc2ccccc2NC=C1CCC[n+]1ccccc1,False,True
O.O.O=C(C1=CNc2ccccc2N=CC(C(=O)c2ccccc2OCCC[n+]2ccccc2)=CNc2ccccc2N=C1)c1ccccc1OCCC[n+]1ccccc1.[Br-].[Br-],O=C(C1=CNc2ccccc2N=CC(C(=O)c2ccccc2OCCC[n+]2ccccc2)=CNc2ccccc2N=C1)c1ccccc1OCCC[n+]1ccccc1,O=C(C1=CNc2ccccc2N=CC(C(=O)c2ccccc2OCCC[n+]2ccccc2)=CNc2ccccc2N=C1)c1ccccc1OCCC[n+]1ccccc1,True,False
Cc1cc(-c2cc(C)c(-c3sc(-c4c(C)sc5ccccc45)c4ccccc34)s2)sc1-c1sc(-c2c(C)sc3ccccc23)c2ccccc12,c1ccc2c(-c3sc(-c4ccc(-c5ccc(-c6sc(-c7csc8ccccc78)c7ccccc67)s5)s4)c4ccccc34)csc2c1,c1ccc2c(-c3sc(-c4ccc(-c5ccc(-c6sc(-c7csc8ccccc78)c7ccccc67)s5)s4)c4ccccc34)csc2c1,False,True
Cc1cc(-c2cc(C)c(-c3sc(-c4ccc5c(c4)c4ccccc4n5C)c4ccccc34)s2)sc1-c1sc(-c2ccc3c(c2)c2ccccc2n3C)c2ccccc12,c1ccc2c(c1)[nH]c1ccc(-c3sc(-c4ccc(-c5ccc(-c6sc(-c7ccc8[nH]c9ccccc9c8c7)c7ccccc67)s5)s4)c4ccccc34)cc12,c1ccc2c(c1)[nH]c1ccc(-c3sc(-c4ccc(-c5ccc(-c6sc(-c7ccc8[nH]c9ccccc9c8c7)c7ccccc67)s5)s4)c4ccccc34)cc12,False,True
CCCCn1c2ccccc2c2cc(-c3sc(-c4ccc(-c5ccc(-c6sc(-c7ccc8c(c7)c7ccccc7n8CC(C)CC)c7ccccc67)s5)s4)c4ccccc34)ccc21,c1ccc2c(c1)[nH]c1ccc(-c3sc(-c4ccc(-c5ccc(-c6sc(-c7ccc8[nH]c9ccccc9c8c7)c7ccccc67)s5)s4)c4ccccc34)cc12,c1ccc2c(c1)[nH]c1ccc(-c3sc(-c4ccc(-c5ccc(-c6sc(-c7ccc8[nH]c9ccccc9c8c7)c7ccccc67)s5)s4)c4ccccc34)cc12,False,True
c1ccc(-n2c3ccccc3c3cc(-c4sc(-c5ccc(-c6ccc(-c7sc(-c8ccc9c(c8)c8ccccc8n9-c8ccccc8)c8ccccc78)s6)s5)c5ccccc45)ccc32)cc1,c1ccc(-n2c3ccccc3c3cc(-c4sc(-c5ccc(-c6ccc(-c7sc(-c8ccc9c(c8)c8ccccc8n9-c8ccccc8)c8ccccc78)s6)s5)c5ccccc45)ccc32)cc1,c1ccc(-n2c3ccccc3c3cc(-c4sc(-c5ccc(-c6ccc(-c7sc(-c8ccc9c(c8)c8ccccc8n9-c8ccccc8)c8ccccc78)s6)s5)c5ccccc45)ccc32)cc1,True,False
Cc1cc(-c2cc(C)c(-c3sc(-c4ccc5c(c4)oc4ccccc45)c4ccccc34)s2)sc1-c1sc(-c2ccc3c(c2)oc2ccccc23)c2ccccc12,c1ccc2c(c1)oc1cc(-c3sc(-c4ccc(-c5ccc(-c6sc(-c7ccc8c(c7)oc7ccccc78)c7ccccc67)s5)s4)c4ccccc34)ccc12,c1ccc2c(c1)oc1cc(-c3sc(-c4ccc(-c5ccc(-c6sc(-c7ccc8c(c7)oc7ccccc78)c7ccccc67)s5)s4)c4ccccc34)ccc12,True,False
Cc1cc(-c2cc(C)c(-c3sc(-c4ccc5c(c4)sc4ccccc45)c4ccccc34)s2)sc1-c1sc(-c2ccc3c(c2)sc2ccccc23)c2ccccc12,c1ccc2c(c1)sc1cc(-c3sc(-c4ccc(-c5ccc(-c6sc(-c7ccc8c(c7)sc7ccccc78)c7ccccc67)s5)s4)c4ccccc34)ccc12,c1ccc2c(c1)sc1cc(-c3sc(-c4ccc(-c5ccc(-c6sc(-c7ccc8c(c7)sc7ccccc78)c7ccccc67)s5)s4)c4ccccc34)ccc12,False,True
CCOC(N)=O,,acyclic_5352,True,False
CN(C)c1ccc(C(=Cc2ccc(-c3ccc(-c4ccc(-c5ccc(N(c6ccccc6)c6ccc(C=C(C#N)C(=O)O)cc6)cc5)s4)s3)cc2)c2ccc(N(C)C)cc2)cc1,C(=C(c1ccccc1)c1ccccc1)c1ccc(-c2ccc(-c3ccc(-c4ccc(N(c5ccccc5)c5ccccc5)cc4)s3)s2)cc1,C(=C(c1ccccc1)c1ccccc1)c1ccc(-c2ccc(-c3ccc(-c4ccc(N(c5ccccc5)c5ccccc5)cc4)s3)s2)cc1,True,False
CN(C)c1ccc(C(=Cc2ccc(-c3ccc(N(c4ccccc4)c4ccc(-c5ccc(C=C(C#N)C(=O)O)s5)cc4)cc3)cc2)c2ccc(N(C)C)cc2)cc1,C(=C(c1ccccc1)c1ccccc1)c1ccc(-c2ccc(N(c3ccccc3)c3ccc(-c4cccs4)cc3)cc2)cc1,C(=C(c1ccccc1)c1ccccc1)c1ccc(-c2ccc(N(c3ccccc3)c3ccc(-c4cccs4)cc3)cc2)cc1,True,False
CCCCn1c2ccc(-c3ccc(-n4c5ccccc5c5ccccc54)s3)cc2c2cc(-c3ccc(-n4c5ccccc5c5ccccc54)s3)ccc21,c1ccc2c(c1)c1ccccc1n2-c1ccc(-c2ccc3[nH]c4ccc(-c5ccc(-n6c7ccccc7c7ccccc76)s5)cc4c3c2)s1,c1ccc2c(c1)c1ccccc1n2-c1ccc(-c2ccc3[nH]c4ccc(-c5ccc(-n6c7ccccc7c7ccccc76)s5)cc4c3c2)s1,False,True
CCCCOc1cc(-c2ccc(-n3c4ccccc4c4ccccc43)s2)c(OCC(C)CC)cc1-c1ccc(-n2c3ccccc3c3ccccc32)s1,c1ccc2c(c1)c1ccccc1n2-c1ccc(-c2ccc(-c3ccc(-n4c5ccccc5c5ccccc54)s3)cc2)s1,c1ccc2c(c1)c1ccccc1n2-c1ccc(-c2ccc(-c3ccc(-n4c5ccccc5c5ccccc54)s3)cc2)s1,True,False
CC1(C)c2ccccc2-c2ccc(-n3c4ccccc4c4cc(-c5ccc(-c6ccc(C=C7SC(=S)N(CC(=O)O)C7=O)s6)s5)ccc43)cc21,O=C1NC(=S)SC1=Cc1ccc(-c2ccc(-c3ccc4c(c3)c3ccccc3n4-c3ccc4c(c3)Cc3ccccc3-4)s2)s1,O=C1NC(=S)SC1=Cc1ccc(-c2ccc(-c3ccc4c(c3)c3ccccc3n4-c3ccc4c(c3)Cc3ccccc3-4)s2)s1,False,True
CC1(C)c2ccccc2-c2ccc(N(c3ccc4c(c3)C(C)(C)c3ccccc3-4)c3ccc4c(c3)C3(c5ccccc5-c5ccccc53)c3cc(C=C(C#N)C(=O)O)ccc3-4)cc21,c1ccc2c(c1)Cc1cc(N(c3ccc4c(c3)Cc3ccccc3-4)c3ccc4c(c3)C3(c5ccccc5-c5ccccc53)c3ccccc3-4)ccc1-2,c1ccc2c(c1)Cc1cc(N(c3ccc4c(c3)Cc3ccccc3-4)c3ccc4c(c3)C3(c5ccccc5-c5ccccc53)c3ccccc3-4)ccc1-2,True,False
CC1(C)c2ccccc2-c2ccc(N(c3ccc4c(c3)C(C)(C)c3ccccc3-4)c3ccc4c(c3)C3(c5ccccc5-c5ccccc53)c3cc(-c5ccc(C=C(C#N)C(=O)O)cc5)ccc3-4)cc21,c1ccc(-c2ccc3c(c2)C2(c4ccccc4-c4ccccc42)c2cc(N(c4ccc5c(c4)Cc4ccccc4-5)c4ccc5c(c4)Cc4ccccc4-5)ccc2-3)cc1,c1ccc(-c2ccc3c(c2)C2(c4ccccc4-c4ccccc42)c2cc(N(c4ccc5c(c4)Cc4ccccc4-5)c4ccc5c(c4)Cc4ccccc4-5)ccc2-3)cc1,True,False
CC1(C)c2ccccc2-c2ccc(N(c3ccc4c(c3)C(C)(C)c3ccccc3-4)c3ccc4c(c3)C3(c5ccccc5-c5ccccc53)c3cc(-c5ccc(C=C(C#N)C(=O)O)s5)ccc3-4)cc21,c1csc(-c2ccc3c(c2)C2(c4ccccc4-c4ccccc42)c2cc(N(c4ccc5c(c4)Cc4ccccc4-5)c4ccc5c(c4)Cc4ccccc4-5)ccc2-3)c1,c1csc(-c2ccc3c(c2)C2(c4ccccc4-c4ccccc42)c2cc(N(c4ccc5c(c4)Cc4ccccc4-5)c4ccc5c(c4)Cc4ccccc4-5)ccc2-3)c1,True,False
N#CC1CC(C(N)=O)N2N=CC=CC12,C1=CC2CCCN2N=C1,C1=CC2CCCN2N=C1,True,False
N#CC(C#N)=C1c2cccnc2-c2ncc(-n3c4ccc(C5(c6ccccc6)c6ccccc6-c6ccccc65)cc4c4cc(C5(c6ccccc6)c6ccccc6-c6ccccc65)ccc43)cc21,C=C1c2cccnc2-c2ncc(-n3c4ccc(C5(c6ccccc6)c6ccccc6-c6ccccc65)cc4c4cc(C5(c6ccccc6)c6ccccc6-c6ccccc65)ccc43)cc21,C=C1c2cccnc2-c2ncc(-n3c4ccc(C5(c6ccccc6)c6ccccc6-c6ccccc65)cc4c4cc(C5(c6ccccc6)c6ccccc6-c6ccccc65)ccc43)cc21,True,False
CCCCC,,acyclic_5363,True,False
CCC1(CC)c2ccccc2-c2ccc(-c3sc(-c4ccc(-c5ccc(-c6sc(-c7ccc8c(c7)C(CC)(CC)c7ccccc7-8)c7ccccc67)s5)s4)c4ccccc34)cc21,c1ccc2c(c1)Cc1cc(-c3sc(-c4ccc(-c5ccc(-c6sc(-c7ccc8c(c7)Cc7ccccc7-8)c7ccccc67)s5)s4)c4ccccc34)ccc1-2,c1ccc2c(c1)Cc1cc(-c3sc(-c4ccc(-c5ccc(-c6sc(-c7ccc8c(c7)Cc7ccccc7-8)c7ccccc67)s5)s4)c4ccccc34)ccc1-2,True,False
CC1(C)CC(C=Cc2cc(-c3cccs3)c(C=Cc3ccc(N(c4ccccc4)c4ccccc4)cc3)cc2-c2cccs2)=CC(=C(C#N)C#N)C1,C=C1C=C(C=Cc2cc(-c3cccs3)c(C=Cc3ccc(N(c4ccccc4)c4ccccc4)cc3)cc2-c2cccs2)CCC1,C=C1C=C(C=Cc2cc(-c3cccs3)c(C=Cc3ccc(N(c4ccccc4)c4ccccc4)cc3)cc2-c2cccs2)CCC1,True,False
C#CCN(CC#C)CC#Cc1nn([C@H]2C[C@H](O)[C@@H](COC(c3ccccc3)(c3ccc(OC)cc3)c3ccc(OC)cc3)O2)c2nc(NC(=O)C(C)C)[nH]c(=O)c12,O=c1[nH]cnc2c1cnn2[C@H]1CC[C@@H](COC(c2ccccc2)(c2ccccc2)c2ccccc2)O1,O=c1[nH]cnc2c1cnn2[C@H]1CC[C@@H](COC(c2ccccc2)(c2ccccc2)c2ccccc2)O1,True,False
Cc1ccsc1-c1ccc(-c2ccc(-c3sc(C=Cc4cc(C)c(-c5ccc(-c6ccc(-c7sccc7C)s6)s5)s4)cc3C)s2)s1,C(=Cc1ccc(-c2ccc(-c3ccc(-c4cccs4)s3)s2)s1)c1ccc(-c2ccc(-c3ccc(-c4cccs4)s3)s2)s1,C(=Cc1ccc(-c2ccc(-c3ccc(-c4cccs4)s3)s2)s1)c1ccc(-c2ccc(-c3ccc(-c4cccs4)s3)s2)s1,True,False
Cc1ccsc1-c1ccc(-c2ccc(-c3sc(CCc4cc(C)c(-c5ccc(-c6ccc(-c7sccc7C)s6)s5)s4)cc3C)s2)s1,c1csc(-c2ccc(-c3ccc(-c4ccc(CCc5ccc(-c6ccc(-c7ccc(-c8cccs8)s7)s6)s5)s4)s3)s2)c1,c1csc(-c2ccc(-c3ccc(-c4ccc(CCc5ccc(-c6ccc(-c7ccc(-c8cccs8)s7)s6)s5)s4)s3)s2)c1,True,False
CCCCCCCCCCCCNc1cc2oc3cc(=[N+](CC)CC)ccc-3nc2c2ccccc12.[Cl-],[N+]=c1ccc2nc3c(ccc4ccccc43)oc-2c1,[N+]=c1ccc2nc3c(ccc4ccccc43)oc-2c1,True,False
CCCCCCCCCCCCNc1cc2oc3cc(=[N+](C)C)ccc-3nc2c2ccccc12.[Cl-],[N+]=c1ccc2nc3c(ccc4ccccc43)oc-2c1,[N+]=c1ccc2nc3c(ccc4ccccc43)oc-2c1,True,False
CC(=O)O.O=C1CSC(=S)N1,O=C1CSC(=S)N1,O=C1CSC(=S)N1,True,False
CC1(C)c2ccccc2-c2ccc(-c3cccc(S4(c5ccccc5)CC=C5[SiH]=C6C(=C54)C=C[S]6c4ccc5c(c4)C(C)(C)c4ccccc4-5)c3)cc21,C1=C[S](c2ccc3c(c2)Cc2ccccc2-3)C2=[SiH]C3=CCS(c4ccccc4)(c4cccc(-c5ccc6c(c5)Cc5ccccc5-6)c4)C3=C12,C1=C[S](c2ccc3c(c2)Cc2ccccc2-3)C2=[SiH]C3=CCS(c4ccccc4)(c4cccc(-c5ccc6c(c5)Cc5ccccc5-6)c4)C3=C12,False,True
C1=C[S](c2ccc3c(c2)c2ccccc2n3-c2ccccc2)C2=[SiH]C3=CCS(c4ccccc4)(c4cccc(-c5ccc6c(c5)c5ccccc5n6-c5ccccc5)c4)C3=C12,C1=C[S](c2ccc3c(c2)c2ccccc2n3-c2ccccc2)C2=[SiH]C3=CCS(c4ccccc4)(c4cccc(-c5ccc6c(c5)c5ccccc5n6-c5ccccc5)c4)C3=C12,C1=C[S](c2ccc3c(c2)c2ccccc2n3-c2ccccc2)C2=[SiH]C3=CCS(c4ccccc4)(c4cccc(-c5ccc6c(c5)c5ccccc5n6-c5ccccc5)c4)C3=C12,True,False
c1ccc(N(c2ccccc2)c2ccc(-n3ccc4c(-c5ccc(-n6c7ccccc7c7ccccc76)cc5)nc(-c5ccc(-n6c7ccccc7c7ccccc76)cc5)nc43)cc2)cc1,c1ccc(N(c2ccccc2)c2ccc(-n3ccc4c(-c5ccc(-n6c7ccccc7c7ccccc76)cc5)nc(-c5ccc(-n6c7ccccc7c7ccccc76)cc5)nc43)cc2)cc1,c1ccc(N(c2ccccc2)c2ccc(-n3ccc4c(-c5ccc(-n6c7ccccc7c7ccccc76)cc5)nc(-c5ccc(-n6c7ccccc7c7ccccc76)cc5)nc43)cc2)cc1,True,False
N#CC(=Cc1ccc2c3c(cccc13)-c1c-2c(-c2ccc(N(c3ccccc3)c3ccccc3)cc2)c2ccccc2c1-c1ccc(N(c2ccccc2)c2ccccc2)cc1)C(=O)O,c1ccc(N(c2ccccc2)c2ccc(-c3c4c(c(-c5ccc(N(c6ccccc6)c6ccccc6)cc5)c5ccccc35)-c3cccc5cccc-4c35)cc2)cc1,c1ccc(N(c2ccccc2)c2ccc(-c3c4c(c(-c5ccc(N(c6ccccc6)c6ccccc6)cc5)c5ccccc35)-c3cccc5cccc-4c35)cc2)cc1,True,False
N#CC(=Cc1ccc(-c2ccc3c4c(cccc24)-c2c-3c(-c3ccc(N(c4ccccc4)c4ccccc4)cc3)c3ccccc3c2-c2ccc(N(c3ccccc3)c3ccccc3)cc2)s1)C(=O)O,c1ccc(N(c2ccccc2)c2ccc(-c3c4c(c(-c5ccc(N(c6ccccc6)c6ccccc6)cc5)c5ccccc35)-c3ccc(-c5cccs5)c5cccc-4c35)cc2)cc1,c1ccc(N(c2ccccc2)c2ccc(-c3c4c(c(-c5ccc(N(c6ccccc6)c6ccccc6)cc5)c5ccccc35)-c3ccc(-c5cccs5)c5cccc-4c35)cc2)cc1,True,False
N#CC(C#N)=Cc1ccc(C#C[c-]2cccc2)cc1.[Fe+2].c1cc[cH-]c1,C(#C[c-]1cccc1)c1ccccc1.c1cc[cH-]c1,C(#C[c-]1cccc1)c1ccccc1.c1cc[cH-]c1,False,True
O=C1C(=Cc2ccc(C#C[c-]3cccc3)cc2)Cc2ccccc21.[Fe+2].c1cc[cH-]c1,O=C1C(=Cc2ccc(C#C[c-]3cccc3)cc2)Cc2ccccc21.c1cc[cH-]c1,O=C1C(=Cc2ccc(C#C[c-]3cccc3)cc2)Cc2ccccc21.c1cc[cH-]c1,False,True
O=C1C(=Cc2ccc(C#C[c-]3cccc3)cc2)C(=O)c2ccccc21.[Fe+2].c1cc[cH-]c1,O=C1C(=Cc2ccc(C#C[c-]3cccc3)cc2)C(=O)c2ccccc21.c1cc[cH-]c1,O=C1C(=Cc2ccc(C#C[c-]3cccc3)cc2)C(=O)c2ccccc21.c1cc[cH-]c1,True,False
N#CC(=C=Cc1ccc(C#C[c-]2cccc2)cc1)C(=O)O.[Fe+2].c1cc[cH-]c1,C(#C[c-]1cccc1)c1ccccc1.c1cc[cH-]c1,C(#C[c-]1cccc1)c1ccccc1.c1cc[cH-]c1,False,True
NC(=O)C[C@H](N)C(=O)O,,acyclic_5381,True,False
c1conn1,c1conn1,c1conn1,True,False
CCCC[N+](CCCC)(CCCC)CCCC.[S-]C(=[Se])C1CCCCC1,C1CCCCC1,C1CCCCC1,True,False
CCCC[N+](CCCC)(CCCC)CCCC.[S-]C(=[Se])C12CC3CC(CC(C3)C1)C2,C1C2CC3CC1CC(C2)C3,C1C2CC3CC1CC(C2)C3,True,False
CNC(=O)[O-],,acyclic_5385,True,False
CCCNC(=O)[O-],,acyclic_5386,True,False
CC(C)CCC[C@@H](C)[C@H]1CC[C@H]2[C@@H]3CC=C4CC(OC(=O)OCc5ccc6c7cccc8cccc(c9cccc5c96)c87)CC[C@]4(C)[C@H]3CC[C@]12C,O=C(OCc1ccc2c3cccc4cccc(c5cccc1c52)c43)OC1CCC2C(=CC[C@H]3[C@@H]4CCCC4CC[C@H]23)C1,O=C(OCc1ccc2c3cccc4cccc(c5cccc1c52)c43)OC1CCC2C(=CC[C@H]3[C@@H]4CCCC4CC[C@H]23)C1,False,True
CCC(C)CN1C(=O)C(=Cc2cc(C)c(-c3ccc(-c4ccc(-c5sc(-c6ccc(N(c7ccccc7)c7ccccc7)cc6)cc5C)s4)s3)s2)C(C)=C(C#N)C1=O,O=C1C=CC(=Cc2ccc(-c3ccc(-c4ccc(-c5ccc(-c6ccc(N(c7ccccc7)c7ccccc7)cc6)s5)s4)s3)s2)C(=O)N1,O=C1C=CC(=Cc2ccc(-c3ccc(-c4ccc(-c5ccc(-c6ccc(N(c7ccccc7)c7ccccc7)cc6)s5)s4)s3)s2)C(=O)N1,True,False
Cc1cc(C=C2C(=O)c3ccccc3C2=C(C#N)C#N)sc1-c1ccc(-c2ccc(-c3sc(-c4ccc(N(c5ccccc5)c5ccccc5)cc4)cc3C)s2)s1,C=C1C(=Cc2ccc(-c3ccc(-c4ccc(-c5ccc(-c6ccc(N(c7ccccc7)c7ccccc7)cc6)s5)s4)s3)s2)C(=O)c2ccccc21,C=C1C(=Cc2ccc(-c3ccc(-c4ccc(-c5ccc(-c6ccc(N(c7ccccc7)c7ccccc7)cc6)s5)s4)s3)s2)C(=O)c2ccccc21,True,False
COC1=C(CCCBr)CC(=CC[N+](=O)[O-])C=C1CCCBr,C=C1C=CC=CC1,C=C1C=CC=CC1,True,False
COC1=C(CCCBr)CC(=CCC#N)C=C1CCCBr,C=C1C=CC=CC1,C=C1C=CC=CC1,True,False
COC1=C(CCCBr)CC(=CCBr)C=C1CCCBr,C=C1C=CC=CC1,C=C1C=CC=CC1,True,False
Cn1c2ccc(C=Cc3ccc(-c4nc5ccccc5s4)cc3)cc2c2cc3c(cc21)c1cc(C=Cc2ccc(-c4nc5ccccc5s4)cc2)ccc1n3C,C(=Cc1ccc2[nH]c3cc4c(cc3c2c1)[nH]c1ccc(C=Cc2ccc(-c3nc5ccccc5s3)cc2)cc14)c1ccc(-c2nc3ccccc3s2)cc1,C(=Cc1ccc2[nH]c3cc4c(cc3c2c1)[nH]c1ccc(C=Cc2ccc(-c3nc5ccccc5s3)cc2)cc14)c1ccc(-c2nc3ccccc3s2)cc1,True,False
CC1c2ccccc2-c2ccc(-c3c4ccccc4c(-c4ccc(-c5ccc(-c6c7ccccc7c(-c7ccc8c(c7)C(C)(C)c7ccccc7-8)c7ccccc67)s5)s4)c4ccccc34)cc21,c1ccc2c(c1)Cc1cc(-c3c4ccccc4c(-c4ccc(-c5ccc(-c6c7ccccc7c(-c7ccc8c(c7)Cc7ccccc7-8)c7ccccc67)s5)s4)c4ccccc34)ccc1-2,c1ccc2c(c1)Cc1cc(-c3c4ccccc4c(-c4ccc(-c5ccc(-c6c7ccccc7c(-c7ccc8c(c7)Cc7ccccc7-8)c7ccccc67)s5)s4)c4ccccc34)ccc1-2,True,False
Cc1ccc(-n2c(-c3ccc(-c4ccc(-c5ccc(-c6ccc(C=C(C#N)C(=O)O)s6)s5)cc4)cc3)nc3c4ccccc4c4ccccc4c32)cc1,c1ccc(-n2c(-c3ccc(-c4ccc(-c5ccc(-c6cccs6)s5)cc4)cc3)nc3c4ccccc4c4ccccc4c32)cc1,c1ccc(-n2c(-c3ccc(-c4ccc(-c5ccc(-c6cccs6)s5)cc4)cc3)nc3c4ccccc4c4ccccc4c32)cc1,True,False
CC(C)OC1=C([c-]2cccc2)C(=O)c2ccccc2C1=O.[Fe+2].c1cc[cH-]c1,O=C1C=C([c-]2cccc2)C(=O)c2ccccc21.c1cc[cH-]c1,O=C1C=C([c-]2cccc2)C(=O)c2ccccc21.c1cc[cH-]c1,True,False
CC(C)OC1=C([c-]2cccc2)C(=O)c2cc(Br)ccc2C1=O.[Fe+2].c1cc[cH-]c1,O=C1C=C([c-]2cccc2)C(=O)c2ccccc21.c1cc[cH-]c1,O=C1C=C([c-]2cccc2)C(=O)c2ccccc21.c1cc[cH-]c1,True,False
CC(C)OC1=C([c-]2cccc2)C(=O)c2cc(C(F)(F)F)ccc2C1=O.[Fe+2].c1cc[cH-]c1,O=C1C=C([c-]2cccc2)C(=O)c2ccccc21.c1cc[cH-]c1,O=C1C=C([c-]2cccc2)C(=O)c2ccccc21.c1cc[cH-]c1,True,False
COc1ccc2c(c1)C(=O)C([c-]1cccc1)=C(OC(C)C)C2=O.[Fe+2].c1cc[cH-]c1,O=C1C=C([c-]2cccc2)C(=O)c2ccccc21.c1cc[cH-]c1,O=C1C=C([c-]2cccc2)C(=O)c2ccccc21.c1cc[cH-]c1,True,False
CC(C)OC1=C([c-]2cccc2)C(=O)c2cc3c(cc2C1=O)OCO3.[Fe+2].c1cc[cH-]c1,O=C1C=C([c-]2cccc2)C(=O)c2cc3c(cc21)OCO3.c1cc[cH-]c1,O=C1C=C([c-]2cccc2)C(=O)c2cc3c(cc21)OCO3.c1cc[cH-]c1,False,True
CC(C)OC1=C([c-]2cccc2)C(=O)c2cc3c(cc2C1=O)OCCO3.[Fe+2].c1cc[cH-]c1,O=C1C=C([c-]2cccc2)C(=O)c2cc3c(cc21)OCCO3.c1cc[cH-]c1,O=C1C=C([c-]2cccc2)C(=O)c2cc3c(cc21)OCCO3.c1cc[cH-]c1,True,False
CCCCC1(CCCC)c2cc(Br)ccc2-c2cc3c(cc21)C(=O)C(OC(C)C)=C([c-]1cccc1)C3=O.[Fe+2].c1cc[cH-]c1,O=C1C=C([c-]2cccc2)C(=O)c2cc3c(cc21)Cc1ccccc1-3.c1cc[cH-]c1,O=C1C=C([c-]2cccc2)C(=O)c2cc3c(cc21)Cc1ccccc1-3.c1cc[cH-]c1,True,False
CC(C)OC1=C([c-]2cccc2)C(=O)c2c(ccc3c2OCCO3)C1=O.[Fe+2].c1cc[cH-]c1,O=C1C=C([c-]2cccc2)C(=O)c2c1ccc1c2OCCO1.c1cc[cH-]c1,O=C1C=C([c-]2cccc2)C(=O)c2c1ccc1c2OCCO1.c1cc[cH-]c1,True,False
CC1c2cc(-c3cc(C#N)c(-c4ccc5c(c4)C(C)(C)c4cc(N(c6ccccc6)c6ccccc6)ccc4-5)cc3C#N)ccc2-c2ccc(N(c3ccccc3)c3ccccc3)cc21,c1ccc(N(c2ccccc2)c2ccc3c(c2)Cc2cc(-c4ccc(-c5ccc6c(c5)Cc5cc(N(c7ccccc7)c7ccccc7)ccc5-6)cc4)ccc2-3)cc1,c1ccc(N(c2ccccc2)c2ccc3c(c2)Cc2cc(-c4ccc(-c5ccc6c(c5)Cc5cc(N(c7ccccc7)c7ccccc7)ccc5-6)cc4)ccc2-3)cc1,True,False
COC(=O)CCCC1=[NH+]c2ccc3ccccc3c2C1(C)C.F[B-](F)(F)F,C1=[NH+]c2ccc3ccccc3c2C1,C1=[NH+]c2ccc3ccccc3c2C1,True,False
COC(=O)CCCC1=[N+](C)c2ccc3ccccc3c2C1(C)C.[I-],C1=[NH+]c2ccc3ccccc3c2C1,C1=[NH+]c2ccc3ccccc3c2C1,True,False
CCCC[n+]1ccc(-c2ccc(-c3ccc4c(c3)[nH]c3cc(N(c5ccccc5)c5ccccc5)ccc34)s2)cc1.[I-],c1ccc(N(c2ccccc2)c2ccc3c(c2)[nH]c2cc(-c4ccc(-c5cc[nH+]cc5)s4)ccc23)cc1,c1ccc(N(c2ccccc2)c2ccc3c(c2)[nH]c2cc(-c4ccc(-c5cc[nH+]cc5)s4)ccc23)cc1,True,False
Cc1ccc2nc3ccccc3c(-c3ccccc3)c2c1.O1O[SiH2][SiH]=[SiH]1,O1O[SiH2][SiH]=[SiH]1.c1ccc(-c2c3ccccc3nc3ccccc23)cc1,O1O[SiH2][SiH]=[SiH]1.c1ccc(-c2c3ccccc3nc3ccccc23)cc1,False,True
Clc1ccc2nc3ccccc3c(-c3ccccc3)c2c1.O1O[SiH2][SiH]=[SiH]1,O1O[SiH2][SiH]=[SiH]1.c1ccc(-c2c3ccccc3nc3ccccc23)cc1,O1O[SiH2][SiH]=[SiH]1.c1ccc(-c2c3ccccc3nc3ccccc23)cc1,False,True
O1O[SiH2][SiH]=[SiH]1.O=[N+]([O-])c1ccc2nc3ccccc3c(-c3ccccc3)c2c1,O1O[SiH2][SiH]=[SiH]1.c1ccc(-c2c3ccccc3nc3ccccc23)cc1,O1O[SiH2][SiH]=[SiH]1.c1ccc(-c2c3ccccc3nc3ccccc23)cc1,False,True
Fc1ccc(-c2c3ccccc3nc3ccccc23)cc1.O1O[SiH2][SiH]=[SiH]1,O1O[SiH2][SiH]=[SiH]1.c1ccc(-c2c3ccccc3nc3ccccc23)cc1,O1O[SiH2][SiH]=[SiH]1.c1ccc(-c2c3ccccc3nc3ccccc23)cc1,False,True
Fc1ccccc1-c1c2ccccc2nc2ccc(Cl)cc12.O1O[SiH2][SiH]=[SiH]1,O1O[SiH2][SiH]=[SiH]1.c1ccc(-c2c3ccccc3nc3ccccc23)cc1,O1O[SiH2][SiH]=[SiH]1.c1ccc(-c2c3ccccc3nc3ccccc23)cc1,False,True
O1O[SiH2][SiH]=[SiH]1.c1ccc(-c2c3ccccc3nc3ccccc23)cc1,O1O[SiH2][SiH]=[SiH]1.c1ccc(-c2c3ccccc3nc3ccccc23)cc1,O1O[SiH2][SiH]=[SiH]1.c1ccc(-c2c3ccccc3nc3ccccc23)cc1,False,True
C(#Cc1ccc(-c2ccccc2)nn1)c1ccc(N(c2ccc(C#Cc3ccc(-c4ccccc4)nn3)cc2)c2ccc(C#Cc3ccc(-c4ccccc4)nn3)cc2)cc1,C(#Cc1ccc(-c2ccccc2)nn1)c1ccc(N(c2ccc(C#Cc3ccc(-c4ccccc4)nn3)cc2)c2ccc(C#Cc3ccc(-c4ccccc4)nn3)cc2)cc1,C(#Cc1ccc(-c2ccccc2)nn1)c1ccc(N(c2ccc(C#Cc3ccc(-c4ccccc4)nn3)cc2)c2ccc(C#Cc3ccc(-c4ccccc4)nn3)cc2)cc1,True,False
CCC1(CC)c2cc(Cn3c(-c4ccccc4)nc(-c4ccccc4)c3-c3ccccc3)ccc2-c2ccc(Cn3c(-c4ccccc4)nc(-c4ccccc4)c3-c3ccccc3)cc21,c1ccc(-c2nc(-c3ccccc3)n(Cc3ccc4c(c3)Cc3cc(Cn5c(-c6ccccc6)nc(-c6ccccc6)c5-c5ccccc5)ccc3-4)c2-c2ccccc2)cc1,c1ccc(-c2nc(-c3ccccc3)n(Cc3ccc4c(c3)Cc3cc(Cn5c(-c6ccccc6)nc(-c6ccccc6)c5-c5ccccc5)ccc3-4)c2-c2ccccc2)cc1,True,False
CCC1(c2cn(CN3C(=O)c4cc(Cl)c5c6c(Cl)cc7c8c(cc(Cl)c(c9c(Cl)cc(c4c59)C3=O)c86)C(=O)N(Cn3cc(CC4C(=O)NC(=O)NC4=O)nn3)C7=O)nn2)C(=O)NC(=O)NC1=O,O=C1NC(=O)C(Cc2cn(CN3C(=O)c4ccc5c6ccc7c8c(ccc(c9ccc(c4c59)C3=O)c86)C(=O)N(Cn3cc(C4C(=O)NC(=O)NC4=O)nn3)C7=O)nn2)C(=O)N1,O=C1NC(=O)C(Cc2cn(CN3C(=O)c4ccc5c6ccc7c8c(ccc(c9ccc(c4c59)C3=O)c86)C(=O)N(Cn3cc(C4C(=O)NC(=O)NC4=O)nn3)C7=O)nn2)C(=O)N1,False,True
CC1c2cc(-c3ccc(-c4ccc5ccc6cccc7ccc4c5c67)s3)ccc2-c2ccc(-n3c4ccc(C(C)(C)C)cc4c4cc(C(C)(C)C)ccc43)cc21,c1cc2ccc3ccc(-c4ccc(-c5ccc6c(c5)Cc5cc(-n7c8ccccc8c8ccccc87)ccc5-6)s4)c4ccc(c1)c2c34,c1cc2ccc3ccc(-c4ccc(-c5ccc6c(c5)Cc5cc(-n7c8ccccc8c8ccccc87)ccc5-6)s4)c4ccc(c1)c2c34,True,False
CC1c2cc(-c3ccc(-c4ccc(-c5ccc6ccc7cccc8ccc5c6c78)s4)s3)ccc2-c2ccc(-n3c4ccc(C(C)(C)C)cc4c4cc(C(C)(C)C)ccc43)cc21,c1cc2ccc3ccc(-c4ccc(-c5ccc(-c6ccc7c(c6)Cc6cc(-n8c9ccccc9c9ccccc98)ccc6-7)s5)s4)c4ccc(c1)c2c34,c1cc2ccc3ccc(-c4ccc(-c5ccc(-c6ccc7c(c6)Cc6cc(-n8c9ccccc9c9ccccc98)ccc6-7)s5)s4)c4ccc(c1)c2c34,False,True
CC1c2cc(-c3ccc(-c4ccc(-c5ccc(-c6ccc7ccc8cccc9ccc6c7c89)s5)s4)s3)ccc2-c2ccc(-n3c4ccc(C(C)(C)C)cc4c4cc(C(C)(C)C)ccc43)cc21,c1cc2ccc3ccc(-c4ccc(-c5ccc(-c6ccc(-c7ccc8c(c7)Cc7cc(-n9c%10ccccc%10c%10ccccc%109)ccc7-8)s6)s5)s4)c4ccc(c1)c2c34,c1cc2ccc3ccc(-c4ccc(-c5ccc(-c6ccc(-c7ccc8c(c7)Cc7cc(-n9c%10ccccc%10c%10ccccc%109)ccc7-8)s6)s5)s4)c4ccc(c1)c2c34,True,False
CC1c2cc(-c3ccc(-c4ccc(-c5ccc(-c6ccc(-c7ccc8ccc9cccc%10ccc7c8c9%10)s6)s5)s4)s3)ccc2-c2ccc(-n3c4ccc(C(C)(C)C)cc4c4cc(C(C)(C)C)ccc43)cc21,c1cc2ccc3ccc(-c4ccc(-c5ccc(-c6ccc(-c7ccc(-c8ccc9c(c8)Cc8cc(-n%10c%11ccccc%11c%11ccccc%11%10)ccc8-9)s7)s6)s5)s4)c4ccc(c1)c2c34,c1cc2ccc3ccc(-c4ccc(-c5ccc(-c6ccc(-c7ccc(-c8ccc9c(c8)Cc8cc(-n%10c%11ccccc%11c%11ccccc%11%10)ccc8-9)s7)s6)s5)s4)c4ccc(c1)c2c34,True,False
Cc1ccsc1-c1ccc(-c2ccc(-c3sc(Cc4ccc(Cc5cc(C)c(-c6ccc(-c7ccc(-c8sccc8C)s7)s6)s5)cc4)cc3C)s2)s1,c1csc(-c2ccc(-c3ccc(-c4ccc(Cc5ccc(Cc6ccc(-c7ccc(-c8ccc(-c9cccs9)s8)s7)s6)cc5)s4)s3)s2)c1,c1csc(-c2ccc(-c3ccc(-c4ccc(Cc5ccc(Cc6ccc(-c7ccc(-c8ccc(-c9cccs9)s8)s7)s6)cc5)s4)s3)s2)c1,False,True
Cc1ccsc1-c1ccc(-c2ccc(-c3sc(CNc4ccc(NCc5cc(C)c(-c6ccc(-c7ccc(-c8sccc8C)s7)s6)s5)cc4)cc3C)s2)s1,c1csc(-c2ccc(-c3ccc(-c4ccc(CNc5ccc(NCc6ccc(-c7ccc(-c8ccc(-c9cccs9)s8)s7)s6)cc5)s4)s3)s2)c1,c1csc(-c2ccc(-c3ccc(-c4ccc(CNc5ccc(NCc6ccc(-c7ccc(-c8ccc(-c9cccs9)s8)s7)s6)cc5)s4)s3)s2)c1,True,False
Cc1ccsc1-c1ccc(-c2ccc(-c3sc(Cn4c(=O)c5cc6c(=O)n(Cc7cc(C)c(-c8ccc(-c9ccc(-c%10sccc%10C)s9)s8)s7)c(=O)c6cc5c4=O)cc3C)s2)s1,O=c1c2cc3c(=O)n(Cc4ccc(-c5ccc(-c6ccc(-c7cccs7)s6)s5)s4)c(=O)c3cc2c(=O)n1Cc1ccc(-c2ccc(-c3ccc(-c4cccs4)s3)s2)s1,O=c1c2cc3c(=O)n(Cc4ccc(-c5ccc(-c6ccc(-c7cccs7)s6)s5)s4)c(=O)c3cc2c(=O)n1Cc1ccc(-c2ccc(-c3ccc(-c4cccs4)s3)s2)s1,True,False
Cc1ccsc1-c1ccc(-c2ccc(-c3sc(CNCc4cc(C)c(-c5ccc(-c6ccc(-c7sccc7C)s6)s5)s4)cc3C)s2)s1,c1csc(-c2ccc(-c3ccc(-c4ccc(CNCc5ccc(-c6ccc(-c7ccc(-c8cccs8)s7)s6)s5)s4)s3)s2)c1,c1csc(-c2ccc(-c3ccc(-c4ccc(CNCc5ccc(-c6ccc(-c7ccc(-c8cccs8)s7)s6)s5)s4)s3)s2)c1,True,False
CCCn1c(C)ccc1-c1cc(-c2c(C)cccc2C(=O)[O-])cc(-c2ccc(C)n2CCC)c1,c1ccc(-c2cc(-c3ccc[nH]3)cc(-c3ccc[nH]3)c2)cc1,c1ccc(-c2cc(-c3ccc[nH]3)cc(-c3ccc[nH]3)c2)cc1,True,False
Cn1c2ccccc2c2ccc(C=Cc3ccc(N(c4ccc(C=Cc5ccc6c7ccccc7n(C)c6c5)cc4)c4ccc(C=C(C#N)C(=O)O)cc4)cc3)cc21,C(=Cc1ccc2c(c1)[nH]c1ccccc12)c1ccc(N(c2ccccc2)c2ccc(C=Cc3ccc4c(c3)[nH]c3ccccc34)cc2)cc1,C(=Cc1ccc2c(c1)[nH]c1ccccc12)c1ccc(N(c2ccccc2)c2ccc(C=Cc3ccc4c(c3)[nH]c3ccccc34)cc2)cc1,True,False
NCC(=O)O,,acyclic_5427,False,True
C[C@H](N)C(=O)O,,acyclic_5428,True,False
CCCCOc1cc(C=Cc2ccc(C=Cc3cc(OCC(C)CC)c(OCC(C)CC)c(OCC(C)CC)c3)c3nsnc23)cc(OCC(C)CC)c1OCC(C)CC,C(=Cc1ccc(C=Cc2ccccc2)c2nsnc12)c1ccccc1,C(=Cc1ccc(C=Cc2ccccc2)c2nsnc12)c1ccccc1,True,False
CCCOc1c2ccc(-c3ccc(C(C#N)=C(C#N)C#N)s3)cc2c(OCCC)c2ccc(-c3ccc(N(c4ccccc4)c4ccccc4)cc3)cc12,c1ccc(N(c2ccccc2)c2ccc(-c3ccc4cc5cc(-c6cccs6)ccc5cc4c3)cc2)cc1,c1ccc(N(c2ccccc2)c2ccc(-c3ccc4cc5cc(-c6cccs6)ccc5cc4c3)cc2)cc1,True,False
COc1cc(OC)c(-c2nc3ccccc3n2-c2ccccc2)[c]([Pt][I])c1-c1nc2ccccc2n1-c1ccccc1,c1ccc(-n2c(-c3cccc(-c4nc5ccccc5n4-c4ccccc4)c3)nc3ccccc32)cc1,c1ccc(-n2c(-c3cccc(-c4nc5ccccc5n4-c4ccccc4)c3)nc3ccccc32)cc1,True,False
COc1ccc(C#[C][Pt][c]2c(-c3nc4ccccc4n3-c3ccccc3)c(OC)cc(OC)c2-c2nc3ccccc3n2-c2ccccc2)cc1,[C](#Cc1ccccc1)[Pt][c]1c(-c2nc3ccccc3n2-c2ccccc2)cccc1-c1nc2ccccc2n1-c1ccccc1,[C](#Cc1ccccc1)[Pt][c]1c(-c2nc3ccccc3n2-c2ccccc2)cccc1-c1nc2ccccc2n1-c1ccccc1,True,False
NCCCNc1cc2oc3cc(=[NH+]CCCCl)ccc-3nc2c2ccccc12.[Cl-],[NH+]=c1ccc2nc3c(ccc4ccccc43)oc-2c1,[NH+]=c1ccc2nc3c(ccc4ccccc43)oc-2c1,True,False
CCCNc1cc2oc3cc(=[N+](CCCCl)CCCCl)ccc-3nc2c2cc(OCCCCl)ccc12.[Cl-],[N+]=c1ccc2nc3c(ccc4ccccc43)oc-2c1,[N+]=c1ccc2nc3c(ccc4ccccc43)oc-2c1,True,False
CCCNc1cc2oc3cc(=[N+](CCCCl)CCCCl)ccc-3nc2c2ccccc12.[Cl-],[N+]=c1ccc2nc3c(ccc4ccccc43)oc-2c1,[N+]=c1ccc2nc3c(ccc4ccccc43)oc-2c1,True,False
CCC1=C(C)C2=C(C)c3c(I)c(I)c(I)n3BN2C1C,B1N2CC=CC2=Cc2cccn21,B1N2CC=CC2=Cc2cccn21,True,False
CCCCC1(CC(C)CC)c2cc(N(c3ccccc3)c3ccccc3)ccc2-c2cc3c(cc21)-c1ccc(C=C(C#N)C(=O)O)cc1C3(CC(C)CC)CC(C)CC,c1ccc(N(c2ccccc2)c2ccc3c(c2)Cc2cc4c(cc2-3)Cc2ccccc2-4)cc1,c1ccc(N(c2ccccc2)c2ccc3c(c2)Cc2cc4c(cc2-3)Cc2ccccc2-4)cc1,True,False
CCCCC1(CC(C)CC)c2cc(-c3ccc(C=C(C#N)C(=O)O)s3)ccc2-c2cc3c(cc21)-c1ccc(N(c2ccccc2)c2ccccc2)cc1C3(CC(C)CC)CC(C)CC,c1ccc(N(c2ccccc2)c2ccc3c(c2)Cc2cc4c(cc2-3)Cc2cc(-c3cccs3)ccc2-4)cc1,c1ccc(N(c2ccccc2)c2ccc3c(c2)Cc2cc4c(cc2-3)Cc2cc(-c3cccs3)ccc2-4)cc1,True,False
CCCCC1(CC(C)CC)c2cc(-c3ccc(C=C(C#N)C(=O)O)o3)ccc2-c2cc3c(cc21)-c1ccc(N(c2ccccc2)c2ccccc2)cc1C3(CC(C)CC)CC(C)CC,c1ccc(N(c2ccccc2)c2ccc3c(c2)Cc2cc4c(cc2-3)Cc2cc(-c3ccco3)ccc2-4)cc1,c1ccc(N(c2ccccc2)c2ccc3c(c2)Cc2cc4c(cc2-3)Cc2cc(-c3ccco3)ccc2-4)cc1,True,False
CC1(C)c2ccccc2-c2ccc(N(c3ccc(-c4ccc(-c5c(F)cc(-c6ccc(C=C(C#N)C(=O)O)s6)c6nsnc56)s4)cc3)c3ccc4c(c3)C(C)(C)c3ccccc3-4)cc21,c1csc(-c2ccc(-c3ccc(-c4ccc(N(c5ccc6c(c5)Cc5ccccc5-6)c5ccc6c(c5)Cc5ccccc5-6)cc4)s3)c3nsnc23)c1,c1csc(-c2ccc(-c3ccc(-c4ccc(N(c5ccc6c(c5)Cc5ccccc5-6)c5ccc6c(c5)Cc5ccccc5-6)cc4)s3)c3nsnc23)c1,True,False
CC1(C)c2ccccc2-c2ccc(N(c3ccc(-c4ccc(-c5c(F)c(F)c(-c6ccc(C=C(C#N)C(=O)O)s6)c6nsnc56)s4)cc3)c3ccc4c(c3)C(C)(C)c3ccccc3-4)cc21,c1csc(-c2ccc(-c3ccc(-c4ccc(N(c5ccc6c(c5)Cc5ccccc5-6)c5ccc6c(c5)Cc5ccccc5-6)cc4)s3)c3nsnc23)c1,c1csc(-c2ccc(-c3ccc(-c4ccc(N(c5ccc6c(c5)Cc5ccccc5-6)c5ccc6c(c5)Cc5ccccc5-6)cc4)s3)c3nsnc23)c1,True,False
Cn1c2ccc(C=C(C#N)c3nc4ccccc4s3)cc2c2c(-c3cccs3)c3c(c(-c4cccs4)c21)c1cc(C=C(C#N)c2nc4ccccc4s2)ccc1n3C,C(=Cc1nc2ccccc2s1)c1ccc2[nH]c3c(-c4cccs4)c4c([nH]c5ccc(C=Cc6nc7ccccc7s6)cc54)c(-c4cccs4)c3c2c1,C(=Cc1nc2ccccc2s1)c1ccc2[nH]c3c(-c4cccs4)c4c([nH]c5ccc(C=Cc6nc7ccccc7s6)cc54)c(-c4cccs4)c3c2c1,True,False
CCCCN1C=C(C(=O)O)C(CC(=O)O)C(C(=O)O)=C1,C1=CNC=CC1,C1=CNC=CC1,True,False
OC(C(F)(F)F)C(F)(F)F,,acyclic_5444,True,False
C(#Cc1cc(C#Cc2ccc(C=C3C=C(c4ccccc4)OC(c4ccccc4)=C3)cc2)ncn1)c1ccc(C=C2C=C(c3ccccc3)OC(c3ccccc3)=C2)cc1,C(#Cc1cc(C#Cc2ccc(C=C3C=C(c4ccccc4)OC(c4ccccc4)=C3)cc2)ncn1)c1ccc(C=C2C=C(c3ccccc3)OC(c3ccccc3)=C2)cc1,C(#Cc1cc(C#Cc2ccc(C=C3C=C(c4ccccc4)OC(c4ccccc4)=C3)cc2)ncn1)c1ccc(C=C2C=C(c3ccccc3)OC(c3ccccc3)=C2)cc1,True,False
C(#Cc1ccnc(C#Cc2ccc(C=C3C=C(c4ccccc4)OC(c4ccccc4)=C3)cc2)n1)c1ccc(C=C2C=C(c3ccccc3)OC(c3ccccc3)=C2)cc1,C(#Cc1ccnc(C#Cc2ccc(C=C3C=C(c4ccccc4)OC(c4ccccc4)=C3)cc2)n1)c1ccc(C=C2C=C(c3ccccc3)OC(c3ccccc3)=C2)cc1,C(#Cc1ccnc(C#Cc2ccc(C=C3C=C(c4ccccc4)OC(c4ccccc4)=C3)cc2)n1)c1ccc(C=C2C=C(c3ccccc3)OC(c3ccccc3)=C2)cc1,True,False
N#CC(=Cc1cc2sc(-c3ccc(N(c4ccccc4)c4cccc5ccccc45)c4nc(-c5ccccc5)c(-c5ccccc5)nc34)cc2s1)C(=O)O,c1ccc(-c2nc3c(-c4cc5sccc5s4)ccc(N(c4ccccc4)c4cccc5ccccc45)c3nc2-c2ccccc2)cc1,c1ccc(-c2nc3c(-c4cc5sccc5s4)ccc(N(c4ccccc4)c4cccc5ccccc45)c3nc2-c2ccccc2)cc1,True,False
N#CC(=Cc1ccc(-c2ccc(-c3ccc(N(c4ccccc4)c4cccc5ccccc45)cc3)c3nc(-c4ccccc4)c(-c4ccccc4)nc23)s1)C(=O)O,c1ccc(-c2nc3c(-c4ccc(N(c5ccccc5)c5cccc6ccccc56)cc4)ccc(-c4cccs4)c3nc2-c2ccccc2)cc1,c1ccc(-c2nc3c(-c4ccc(N(c5ccccc5)c5cccc6ccccc56)cc4)ccc(-c4cccs4)c3nc2-c2ccccc2)cc1,True,False
COc1ccc(N(c2ccc(OC)cc2)c2ccc(-c3ccc(-c4cc5sc(C=C(C#N)C(=O)O)cc5s4)c4nc(-c5ccccc5)c(-c5ccccc5)nc34)cc2)cc1,c1ccc(-c2nc3c(-c4ccc(N(c5ccccc5)c5ccccc5)cc4)ccc(-c4cc5sccc5s4)c3nc2-c2ccccc2)cc1,c1ccc(-c2nc3c(-c4ccc(N(c5ccccc5)c5ccccc5)cc4)ccc(-c4cc5sccc5s4)c3nc2-c2ccccc2)cc1,False,True
COc1ccc(N(c2ccc(OC)cc2)c2ccc(-c3ccc(-c4ccc(C=C(C#N)C(=O)O)s4)c4nc(-c5ccccc5)c(-c5ccccc5)nc34)cc2)cc1,c1ccc(-c2nc3c(-c4ccc(N(c5ccccc5)c5ccccc5)cc4)ccc(-c4cccs4)c3nc2-c2ccccc2)cc1,c1ccc(-c2nc3c(-c4ccc(N(c5ccccc5)c5ccccc5)cc4)ccc(-c4cccs4)c3nc2-c2ccccc2)cc1,True,False
CC(C)[Si](C#Cc1c2ccc(-c3ccc(C=C(C#N)C(=O)O)s3)cc2c(C#C[Si](C(C)C)(C(C)C)C(C)C)c2ccc(-c3ccc(N(c4ccccc4)c4ccccc4)cc3)cc12)(C(C)C)C(C)C,c1ccc(N(c2ccccc2)c2ccc(-c3ccc4cc5cc(-c6cccs6)ccc5cc4c3)cc2)cc1,c1ccc(N(c2ccccc2)c2ccc(-c3ccc4cc5cc(-c6cccs6)ccc5cc4c3)cc2)cc1,True,False
COc1ccc(-c2ccc(N(c3ccc(-c4sc(C=C(C#N)C(=O)O)c5c4OCCO5)cc3)c3ccc4c(c3)C(C)c3c-4c4c(c5c3-c3ccccc3C5(C)C)-c3ccccc3C4(C)C)cc2)cc1,c1ccc(-c2ccc(N(c3ccc(-c4scc5c4OCCO5)cc3)c3ccc4c(c3)Cc3c5c(c6c(c3-4)Cc3ccccc3-6)Cc3ccccc3-5)cc2)cc1,c1ccc(-c2ccc(N(c3ccc(-c4scc5c4OCCO5)cc3)c3ccc4c(c3)Cc3c5c(c6c(c3-4)Cc3ccccc3-6)Cc3ccccc3-5)cc2)cc1,True,False
CC1c2ccccc2-c2ccc(N(c3ccc(-c4sc(C=C(C#N)C(=O)O)c5c4OCCO5)cc3)c3ccc4c(c3)C(C)(C)c3c5c(c6c(c3-4)C(C)(C)c3ccccc3-6)C(C)(C)c3ccccc3-5)cc21,c1ccc2c(c1)Cc1cc(N(c3ccc(-c4scc5c4OCCO5)cc3)c3ccc4c(c3)Cc3c5c(c6c(c3-4)Cc3ccccc3-6)Cc3ccccc3-5)ccc1-2,c1ccc2c(c1)Cc1cc(N(c3ccc(-c4scc5c4OCCO5)cc3)c3ccc4c(c3)Cc3c5c(c6c(c3-4)Cc3ccccc3-6)Cc3ccccc3-5)ccc1-2,True,False
CC(C)O,,acyclic_5454,True,False
Cc1cc(-c2ccc(-c3ccc(C=C(C#N)C(=O)O)s3)s2)sc1-c1ccc2c(c1)c1c(-c3ccccc3)c3c(c(-c4ccccc4)c1n2C)c1ccccc1n3C,c1ccc(-c2c3[nH]c4ccc(-c5ccc(-c6ccc(-c7cccs7)s6)s5)cc4c3c(-c3ccccc3)c3[nH]c4ccccc4c23)cc1,c1ccc(-c2c3[nH]c4ccc(-c5ccc(-c6ccc(-c7cccs7)s6)s5)cc4c3c(-c3ccccc3)c3[nH]c4ccccc4c23)cc1,True,False
Cn1nc2c(-c3ccc(C=C(C#N)C(=O)O)s3)ccc(-c3ccc(-c4ccc5c(c4)c4c(-c6ccccc6)c6c(c(-c7ccccc7)c4n5C)c4ccccc4n6C)s3)c2n1,c1ccc(-c2c3[nH]c4ccc(-c5ccc(-c6ccc(-c7cccs7)c7n[nH]nc67)s5)cc4c3c(-c3ccccc3)c3[nH]c4ccccc4c23)cc1,c1ccc(-c2c3[nH]c4ccc(-c5ccc(-c6ccc(-c7cccs7)c7n[nH]nc67)s5)cc4c3c(-c3ccccc3)c3[nH]c4ccccc4c23)cc1,True,False
Cc1cc(-c2ccc(-c3cc(C)c(-c4ccc5c(c4)c4c(-c6ccccc6)c6c(c(-c7ccccc7)c4n5C)c4ccccc4n6C)s3)c3nsnc23)sc1C=C(C#N)C(=O)O,c1ccc(-c2c3[nH]c4ccc(-c5ccc(-c6ccc(-c7cccs7)c7nsnc67)s5)cc4c3c(-c3ccccc3)c3[nH]c4ccccc4c23)cc1,c1ccc(-c2c3[nH]c4ccc(-c5ccc(-c6ccc(-c7cccs7)c7nsnc67)s5)cc4c3c(-c3ccccc3)c3[nH]c4ccccc4c23)cc1,True,False
Cc1cc(C)c(B(c2ccc3c(c2)c2cc(B(c4c(C)cc(C)cc4C)c4c(C)cc(C)cc4C)ccc2n3-c2ccc(C(=C(c3ccccc3)c3ccccc3)c3ccccc3)cc2)c2c(C)cc(C)cc2C)c(C)c1,c1ccc(B(c2ccccc2)c2ccc3c(c2)c2cc(B(c4ccccc4)c4ccccc4)ccc2n3-c2ccc(C(=C(c3ccccc3)c3ccccc3)c3ccccc3)cc2)cc1,c1ccc(B(c2ccccc2)c2ccc3c(c2)c2cc(B(c4ccccc4)c4ccccc4)ccc2n3-c2ccc(C(=C(c3ccccc3)c3ccccc3)c3ccccc3)cc2)cc1,True,False
CC(C)(C)c1ccc(C#Cc2c(F)c(F)c(C#Cc3ccc(C(C)(C)C)cc3)c(C#Cc3ccc(C(C)(C)C)cc3)c2C#Cc2ccc(C(C)(C)C)cc2)cc1,C(#Cc1ccc(C#Cc2ccccc2)c(C#Cc2ccccc2)c1C#Cc1ccccc1)c1ccccc1,C(#Cc1ccc(C#Cc2ccccc2)c(C#Cc2ccccc2)c1C#Cc1ccccc1)c1ccccc1,True,False
CCCCC#Cc1c(F)c(C#CCCCC)c(C#CCCCC)c(C#CCCCC)c1F,c1ccccc1,c1ccccc1,False,True
CCCCC#Cc1c(F)c(C#CCCCC)c(C#CCCCC)c(F)c1C#CCCCC,c1ccccc1,c1ccccc1,False,True
CCCc1ccc(C#Cc2c(F)c(C#Cc3ccc(CCC)cc3)c(C#Cc3ccc(CCC)cc3)c(C#Cc3ccc(CCC)cc3)c2C#Cc2ccc(CCC)cc2)cc1,C(#Cc1cc(C#Cc2ccccc2)c(C#Cc2ccccc2)c(C#Cc2ccccc2)c1C#Cc1ccccc1)c1ccccc1,C(#Cc1cc(C#Cc2ccccc2)c(C#Cc2ccccc2)c(C#Cc2ccccc2)c1C#Cc1ccccc1)c1ccccc1,True,False
CC(C)(C)c1ccc(C#Cc2c(F)c(C#Cc3ccc(C(C)(C)C)cc3)c(C#Cc3ccc(C(C)(C)C)cc3)c(C#Cc3ccc(C(C)(C)C)cc3)c2C#Cc2ccc(C(C)(C)C)cc2)cc1,C(#Cc1cc(C#Cc2ccccc2)c(C#Cc2ccccc2)c(C#Cc2ccccc2)c1C#Cc1ccccc1)c1ccccc1,C(#Cc1cc(C#Cc2ccccc2)c(C#Cc2ccccc2)c(C#Cc2ccccc2)c1C#Cc1ccccc1)c1ccccc1,True,False
COc1ccc(-c2ccc(N(c3ccc(-c4ccc(OC)cc4)cc3)c3ccc(-c4ccc(-c5ccc(C=C(C#N)C(=O)O)s5)s4)cc3)cc2)cc1,c1ccc(-c2ccc(N(c3ccc(-c4ccccc4)cc3)c3ccc(-c4ccc(-c5cccs5)s4)cc3)cc2)cc1,c1ccc(-c2ccc(N(c3ccc(-c4ccccc4)cc3)c3ccc(-c4ccc(-c5cccs5)s4)cc3)cc2)cc1,True,False
COc1ccc(-c2ccc(N(c3ccc(-c4ccc(OC)cc4)cc3)c3ccc(-c4cc5c(s4)c4sc(C=C(C#N)C(=O)O)cc4n5C)cc3)cc2)cc1,c1ccc(-c2ccc(N(c3ccc(-c4ccccc4)cc3)c3ccc(-c4cc5[nH]c6ccsc6c5s4)cc3)cc2)cc1,c1ccc(-c2ccc(N(c3ccc(-c4ccccc4)cc3)c3ccc(-c4cc5[nH]c6ccsc6c5s4)cc3)cc2)cc1,True,False
CCN(CC)C1=C(C=C2Sc3ccccc3N2CC)C(=O)C1=Cc1sc2ccccc2[n+]1CC.O=S(=O)([O-])C(F)(F)F,O=C1C(C=C2Nc3ccccc3S2)=CC1=Cc1[nH+]c2ccccc2s1,O=C1C(C=C2Nc3ccccc3S2)=CC1=Cc1[nH+]c2ccccc2s1,False,True
CCN1C(=CC2=C(NCCO)C(=Cc3sc4ccccc4[n+]3CC)C2=O)Sc2ccccc21.O=S(=O)([O-])C(F)(F)F,O=C1C(C=C2Nc3ccccc3S2)=CC1=Cc1[nH+]c2ccccc2s1,O=C1C(C=C2Nc3ccccc3S2)=CC1=Cc1[nH+]c2ccccc2s1,False,True
CCN1C(=CC2=C(NCCO)C(=Cc3[se]c4ccccc4[n+]3CC)C2=O)[Se]c2ccccc21.O=S(=O)([O-])C(F)(F)F,O=C1C(C=C2Nc3ccccc3[Se]2)=CC1=Cc1[nH+]c2ccccc2[se]1,O=C1C(C=C2Nc3ccccc3[Se]2)=CC1=Cc1[nH+]c2ccccc2[se]1,True,False
Cn1c2ccccc2c2c(-c3ccc(N(c4ccccc4)c4ccccc4)cc3)cc3sc(-c4ccc(-c5ccc(C=C(C#N)C(=O)O)s5)s4)cc3c21,c1ccc(N(c2ccccc2)c2ccc(-c3cc4sc(-c5ccc(-c6cccs6)s5)cc4c4[nH]c5ccccc5c34)cc2)cc1,c1ccc(N(c2ccccc2)c2ccc(-c3cc4sc(-c5ccc(-c6cccs6)s5)cc4c4[nH]c5ccccc5c34)cc2)cc1,False,True
CC(C)c1ccc(N(c2ccc(C3=C4C=CC(c5ccc(-c6cccs6)s5)=[N+]4[B-](F)(F)n4c3ccc4-c3ccc(-c4cccs4)s3)cc2)c2ccc(C(C)(C)C)cc2)cc1,[BH2-]1n2c(ccc2-c2ccc(-c3cccs3)s2)C(c2ccc(N(c3ccccc3)c3ccccc3)cc2)=C2C=CC(c3ccc(-c4cccs4)s3)=[N+]12,[BH2-]1n2c(ccc2-c2ccc(-c3cccs3)s2)C(c2ccc(N(c3ccccc3)c3ccccc3)cc2)=C2C=CC(c3ccc(-c4cccs4)s3)=[N+]12,True,False
C(#Cc1ccc(C#Cc2ccc(-n3c4ccc5ccccc5c4c4c5ccccc5ccc43)cc2)c2ccccc12)c1ccc(-n2c3ccc4ccccc4c3c3c4ccccc4ccc32)cc1,C(#Cc1ccc(C#Cc2ccc(-n3c4ccc5ccccc5c4c4c5ccccc5ccc43)cc2)c2ccccc12)c1ccc(-n2c3ccc4ccccc4c3c3c4ccccc4ccc32)cc1,C(#Cc1ccc(C#Cc2ccc(-n3c4ccc5ccccc5c4c4c5ccccc5ccc43)cc2)c2ccccc12)c1ccc(-n2c3ccc4ccccc4c3c3c4ccccc4ccc32)cc1,True,False
CC(C)(C)c1ccc2c(c1)c1cc(C(C)(C)C)ccc1n2-c1ccc(C#Cc2ccc(C#Cc3ccc(-n4c5ccc(C(C)(C)C)cc5c5cc(C(C)(C)C)ccc54)cc3)c3ccccc23)cc1,C(#Cc1ccc(C#Cc2ccc(-n3c4ccccc4c4ccccc43)cc2)c2ccccc12)c1ccc(-n2c3ccccc3c3ccccc32)cc1,C(#Cc1ccc(C#Cc2ccc(-n3c4ccccc4c4ccccc43)cc2)c2ccccc12)c1ccc(-n2c3ccccc3c3ccccc32)cc1,False,True
CC(C)(C)c1ccc2c(c1)c1cc(C(C)(C)C)ccc1n2-c1ccc(C#Cc2cccc3c(C#Cc4ccc(-n5c6ccc(C(C)(C)C)cc6c6cc(C(C)(C)C)ccc65)cc4)cccc23)cc1,C(#Cc1cccc2c(C#Cc3ccc(-n4c5ccccc5c5ccccc54)cc3)cccc12)c1ccc(-n2c3ccccc3c3ccccc32)cc1,C(#Cc1cccc2c(C#Cc3ccc(-n4c5ccccc5c5ccccc54)cc3)cccc12)c1ccc(-n2c3ccccc3c3ccccc32)cc1,True,False
CC(C)(C)c1ccc2c(c1)c1cc(C(C)(C)C)ccc1n2-c1ccc(C#Cc2ccc3cc(C#Cc4ccc(-n5c6ccc(C(C)(C)C)cc6c6cc(C(C)(C)C)ccc65)cc4)ccc3c2)cc1,C(#Cc1ccc2cc(C#Cc3ccc(-n4c5ccccc5c5ccccc54)cc3)ccc2c1)c1ccc(-n2c3ccccc3c3ccccc32)cc1,C(#Cc1ccc2cc(C#Cc3ccc(-n4c5ccccc5c5ccccc54)cc3)ccc2c1)c1ccc(-n2c3ccccc3c3ccccc32)cc1,False,True
O=C1CN2c3ccccc3CC2N1,O=C1CN2c3ccccc3CC2N1,O=C1CN2c3ccccc3CC2N1,False,True
O=C1CN2c3ccc(Br)cc3CC2N1,O=C1CN2c3ccccc3CC2N1,O=C1CN2c3ccccc3CC2N1,False,True
COc1ccc2c(c1)N(c1cccc(N3C(=O)C(=C[Si](C(C)C)(C(C)C)C(C)C)Oc4ccc(OC)cc43)c1)C(=O)C(=C[Si](C(C)C)(C(C)C)C(C)C)O2,C=C1Oc2ccccc2N(c2cccc(N3C(=O)C(=C)Oc4ccccc43)c2)C1=O,C=C1Oc2ccccc2N(c2cccc(N3C(=O)C(=C)Oc4ccccc43)c2)C1=O,True,False
CCOC(=O)c1c2c(c3ccccc3c1-c1ccccc1)OC(c1ccccc1)(c1ccc(C3(c4ccccc4)C=Cc4c(C(=O)OCC)c(-c5ccccc5)c5ccccc5c4O3)s1)C=C2,C1=CC(c2ccccc2)(c2ccc(C3(c4ccccc4)C=Cc4cc(-c5ccccc5)c5ccccc5c4O3)s2)Oc2c1cc(-c1ccccc1)c1ccccc21,C1=CC(c2ccccc2)(c2ccc(C3(c4ccccc4)C=Cc4cc(-c5ccccc5)c5ccccc5c4O3)s2)Oc2c1cc(-c1ccccc1)c1ccccc21,False,True
CCOC(=O)c1c2c(c3ccccc3c1-c1ccccc1)OC(c1ccc(F)cc1)(c1ccc(C3(c4ccc(F)cc4)C=Cc4c(C(=O)OCC)c(-c5ccccc5)c5ccccc5c4O3)s1)C=C2,C1=CC(c2ccccc2)(c2ccc(C3(c4ccccc4)C=Cc4cc(-c5ccccc5)c5ccccc5c4O3)s2)Oc2c1cc(-c1ccccc1)c1ccccc21,C1=CC(c2ccccc2)(c2ccc(C3(c4ccccc4)C=Cc4cc(-c5ccccc5)c5ccccc5c4O3)s2)Oc2c1cc(-c1ccccc1)c1ccccc21,False,True
CCOC(=O)c1c2c(c3ccccc3c1-c1ccccc1)OC(c1ccc(C3(c4ccccc4F)C=Cc4c(C(=O)OCC)c(-c5ccccc5)c5ccccc5c4O3)s1)(c1ccccc1F)C=C2,C1=CC(c2ccccc2)(c2ccc(C3(c4ccccc4)C=Cc4cc(-c5ccccc5)c5ccccc5c4O3)s2)Oc2c1cc(-c1ccccc1)c1ccccc21,C1=CC(c2ccccc2)(c2ccc(C3(c4ccccc4)C=Cc4cc(-c5ccccc5)c5ccccc5c4O3)s2)Oc2c1cc(-c1ccccc1)c1ccccc21,False,True
CCOC(=O)c1c2c(c3ccccc3c1-c1ccccc1)OC(c1ccc(F)cc1)(c1ccc(C3(c4ccccc4F)C=Cc4c(C(=O)OCC)c(-c5ccccc5)c5ccccc5c4O3)s1)C=C2,C1=CC(c2ccccc2)(c2ccc(C3(c4ccccc4)C=Cc4cc(-c5ccccc5)c5ccccc5c4O3)s2)Oc2c1cc(-c1ccccc1)c1ccccc21,C1=CC(c2ccccc2)(c2ccc(C3(c4ccccc4)C=Cc4cc(-c5ccccc5)c5ccccc5c4O3)s2)Oc2c1cc(-c1ccccc1)c1ccccc21,False,True
CCOC(=O)c1c2c(c3ccccc3c1-c1ccccc1)OC(c1ccc(C)cc1)(c1ccc(C3(c4ccc(C)cc4)C=Cc4c(C(=O)OCC)c(-c5ccccc5)c5ccccc5c4O3)s1)C=C2,C1=CC(c2ccccc2)(c2ccc(C3(c4ccccc4)C=Cc4cc(-c5ccccc5)c5ccccc5c4O3)s2)Oc2c1cc(-c1ccccc1)c1ccccc21,C1=CC(c2ccccc2)(c2ccc(C3(c4ccccc4)C=Cc4cc(-c5ccccc5)c5ccccc5c4O3)s2)Oc2c1cc(-c1ccccc1)c1ccccc21,False,True
CCOC(=O)c1c2c(c3ccccc3c1-c1ccccc1)OC(c1ccc(OC)cc1)(c1ccc(C3(c4ccc(OC)cc4)C=Cc4c(C(=O)OCC)c(-c5ccccc5)c5ccccc5c4O3)s1)C=C2,C1=CC(c2ccccc2)(c2ccc(C3(c4ccccc4)C=Cc4cc(-c5ccccc5)c5ccccc5c4O3)s2)Oc2c1cc(-c1ccccc1)c1ccccc21,C1=CC(c2ccccc2)(c2ccc(C3(c4ccccc4)C=Cc4cc(-c5ccccc5)c5ccccc5c4O3)s2)Oc2c1cc(-c1ccccc1)c1ccccc21,False,True
[O-][Cl+3]([O-])([O-])[O-],,acyclic_5484,True,False
CSC1=C(SC)SC(=C2SC(I)=C(C#Cc3cccc(C#CC4=C(I)SC(=C5SC(SC)=C(SC)S5)S4)n3)S2)S1,C(#Cc1cccc(C#CC2=CSC(=C3SC=CS3)S2)n1)C1=CSC(=C2SC=CS2)S1,C(#Cc1cccc(C#CC2=CSC(=C3SC=CS3)S2)n1)C1=CSC(=C2SC=CS2)S1,True,False
F[B]F,,acyclic_5486,True,False
COc1ccc(-c2ccc(N(c3ccc(-c4ccc(OC)cc4OC)cc3)c3ccc4c(c3)sc3cc(-c5ccc(C=C(C#N)C(=O)O)s5)sc34)cc2)c(OC)c1,c1ccc(-c2ccc(N(c3ccc(-c4ccccc4)cc3)c3ccc4c(c3)sc3cc(-c5cccs5)sc34)cc2)cc1,c1ccc(-c2ccc(N(c3ccc(-c4ccccc4)cc3)c3ccc4c(c3)sc3cc(-c5cccs5)sc34)cc2)cc1,True,False
COc1ccc(-c2ccc(N(c3ccc(-c4ccc(OC)cc4OC)cc3)c3ccc4c(c3)sc3cc(C5(C=C(C#N)C(=O)O)CC=C(c6cccs6)S5)sc34)cc2)c(OC)c1,C1=C(c2cccs2)SC(c2cc3sc4cc(N(c5ccc(-c6ccccc6)cc5)c5ccc(-c6ccccc6)cc5)ccc4c3s2)C1,C1=C(c2cccs2)SC(c2cc3sc4cc(N(c5ccc(-c6ccccc6)cc5)c5ccc(-c6ccccc6)cc5)ccc4c3s2)C1,True,False
COc1ccc(-c2ccc(N(c3ccc(-c4ccc(OC)cc4OC)cc3)c3ccc4c(c3)sc3cc(-c5cc6sc(C=C(C#N)C(=O)O)cc6s5)sc34)cc2)c(OC)c1,c1ccc(-c2ccc(N(c3ccc(-c4ccccc4)cc3)c3ccc4c(c3)sc3cc(-c5cc6sccc6s5)sc34)cc2)cc1,c1ccc(-c2ccc(N(c3ccc(-c4ccccc4)cc3)c3ccc4c(c3)sc3cc(-c5cc6sccc6s5)sc34)cc2)cc1,True,False
COc1ccc(-c2ccc(N(c3ccc(-c4ccc(OC)cc4OC)cc3)c3ccc4c(c3)sc3cc(C=C(C#N)C(=O)O)sc34)cc2)c(OC)c1,c1ccc(-c2ccc(N(c3ccc(-c4ccccc4)cc3)c3ccc4c(c3)sc3ccsc34)cc2)cc1,c1ccc(-c2ccc(N(c3ccc(-c4ccccc4)cc3)c3ccc4c(c3)sc3ccsc34)cc2)cc1,True,False
CCOC(=O)C=C[C@@H](C)[C@@H](C[C@@H](O[Si](C)(C)C(C)(C)C)C(C)=CC(C)=CC(C)=CCO[Si](C)(C)C(C)(C)C)O[Si](C)(C)C(C)(C)C,,acyclic_5491,True,False
CC(=CI)C=C(C)C=O,,acyclic_5492,True,False
CC(=CI)C=C(C)[C@H](O)CC(=O)N1C(=S)SC[C@@H]1C(C)C,S=C1NCCS1,S=C1NCCS1,True,False
CC(=CI)C=C(C)[C@@H](CC=O)O[Si](C)(C)C(C)(C)C,,acyclic_5494,True,False
CC(=CI)C=C(C)[C@@H](C[C@@H](O[Si](C)(C)C(C)(C)C)[C@H](C)C=O)O[Si](C)(C)C(C)(C)C,,acyclic_5495,False,True
CCOC(=O)C=C[C@@H](C)[C@@H](C[C@@H](O[Si](C)(C)C(C)(C)C)C(C)=CC(C)=CI)O[Si](C)(C)C(C)(C)C,,acyclic_5496,False,True
CC(=CI)C=C(C)[C@@H](C[C@@H](O[Si](C)(C)C(C)(C)C)[C@H](C)C=CC=O)O[Si](C)(C)C(C)(C)C,,acyclic_5497,True,False
N[C@@H](CCC(=O)N[C@@H](CS)C(=O)NCC(=O)O)C(=O)O,,acyclic_5498,True,False
c1nnco1,c1nnco1,c1nnco1,True,False
Oc1ccc(O)cc1.c1ccc2c(c1)Nc1ccccc1S2,c1ccc2c(c1)Nc1ccccc1S2.c1ccccc1,c1ccc2c(c1)Nc1ccccc1S2.c1ccccc1,True,False
B1N2CC=CC2=Cc2cccn21,B1N2CC=CC2=Cc2cccn21,B1N2CC=CC2=Cc2cccn21,True,False
CC1=CC(=O)C(C)(O)C(=O)C1=NO,N=C1C=CC(=O)CC1=O,N=C1C=CC(=O)CC1=O,True,False
CCC(=O)c1c(C)cc(O)c(C)c1O,c1ccccc1,c1ccccc1,False,True
CCCC(=O)c1c(C)cc(O)c(C)c1O,c1ccccc1,c1ccccc1,False,True
CCC(C)C(=O)c1c(C)cc(O)c(C)c1O,c1ccccc1,c1ccccc1,False,True
Cc1cc(O)c(C)c(O)c1C(=O)CCCCCBr,c1ccccc1,c1ccccc1,False,True
COc1ccc(C(=O)c2c(C)cc(O)c(C)c2O)c(OC)c1,O=C(c1ccccc1)c1ccccc1,O=C(c1ccccc1)c1ccccc1,True,False
O=NO[O-],,acyclic_5508,True,False
c1ccnnc1,c1ccnnc1,c1ccnnc1,True,False
O=P(O)(O)O.Oc1ccc2ccccc2n1,c1ccc2ncccc2c1,c1ccc2ncccc2c1,False,True
O=C=O,,acyclic_5511,True,False
O=P([O-])([O-])CCCCCCC1c2cc(Br)ccc2-c2ccc(Br)cc21,c1ccc2c(c1)Cc1ccccc1-2,c1ccc2c(c1)Cc1ccccc1-2,True,False
[O]=[W+2]=[O],,acyclic_5513,True,False
CC(C)(C)c1ccc(N(c2ccc(-c3nnc(-c4ccc(-c5ccc(C=C6SC(=S)N(CC(=O)O)C6=O)s5)s4)s3)cc2)c2ccc(C(C)(C)C)cc2)cc1,O=C1NC(=S)SC1=Cc1ccc(-c2ccc(-c3nnc(-c4ccc(N(c5ccccc5)c5ccccc5)cc4)s3)s2)s1,O=C1NC(=S)SC1=Cc1ccc(-c2ccc(-c3nnc(-c4ccc(N(c5ccccc5)c5ccccc5)cc4)s3)s2)s1,True,False
[B].c1cncnc1,c1cncnc1,c1cncnc1,False,True
NP(O)O.c1ccc2c(c1)ccc1c3ccccc3ccc21,c1ccc2c(c1)ccc1c3ccccc3ccc21,c1ccc2c(c1)ccc1c3ccccc3ccc21,True,False
c1ccsc1,c1ccsc1,c1ccsc1,True,False
Cc1ccc(S(=O)(=O)[O-])cc1.c1ccc(C2=NN(c3ccccc3)c3cc4c(cc3=[NH+]2)Nc2ccccc2N=4)cc1,c1ccc(C2=NN(c3ccccc3)c3cc4c(cc3=[NH+]2)Nc2ccccc2N=4)cc1.c1ccccc1,c1ccc(C2=NN(c3ccccc3)c3cc4c(cc3=[NH+]2)Nc2ccccc2N=4)cc1.c1ccccc1,True,False
Cc1ccc(S(=O)(=O)[O-])cc1.c1ccc(C2=NN(c3ccccc3)c3cc4c(cc3=N2)Nc2ccccc2[N+]=4c2ccccc2)cc1,c1ccc(C2=NN(c3ccccc3)c3cc4c(cc3=N2)Nc2ccccc2[N+]=4c2ccccc2)cc1.c1ccccc1,c1ccc(C2=NN(c3ccccc3)c3cc4c(cc3=N2)Nc2ccccc2[N+]=4c2ccccc2)cc1.c1ccccc1,True,False
O=P([O-])([O-])OP(=O)([O-])[O-],,acyclic_5520,True,False
[Fe+2].[Fe+2].c1cc[cH-]c1.c1cc[cH-]c1.c1cc[cH-]c1.c1cc[cH-]c1.c1cn[nH]c1,c1cc[cH-]c1.c1cc[cH-]c1.c1cc[cH-]c1.c1cc[cH-]c1.c1cn[nH]c1,c1cc[cH-]c1.c1cc[cH-]c1.c1cc[cH-]c1.c1cc[cH-]c1.c1cn[nH]c1,True,False
C=C[n+]1ccn(CCCCCCCC)c1,c1c[nH+]c[nH]1,c1c[nH+]c[nH]1,True,False
O=P([O-])([O-])[O-].[K+].[K+].[K+],,acyclic_5523,True,False
O=P([O-])([O-])[O-].[Na+].[Na+].[Na+],,acyclic_5524,True,False
Cc1cc(C)c(-c2sc(-c3sc(C)cc3C)c3c2SC(=C2Sc4c(-c5sc(C)cc5C)sc(-c5sc(C)cc5C)c4S2)S3)s1,c1csc(-c2sc(-c3cccs3)c3c2SC(=C2Sc4c(-c5cccs5)sc(-c5cccs5)c4S2)S3)c1,c1csc(-c2sc(-c3cccs3)c3c2SC(=C2Sc4c(-c5cccs5)sc(-c5cccs5)c4S2)S3)c1,True,False
[Fe+2].c1cc[cH-]c1.c1cc[cH-]c1.c1ccc(N=Nc2ccccc2)cc1,c1cc[cH-]c1.c1cc[cH-]c1.c1ccc(N=Nc2ccccc2)cc1,c1cc[cH-]c1.c1cc[cH-]c1.c1ccc(N=Nc2ccccc2)cc1,True,False
O=C(O)CCCC[C@@H]1SC[C@@H]2NC(=O)N[C@@H]21,O=C1N[C@H]2CSC[C@H]2N1,O=C1N[C@H]2CSC[C@H]2N1,True,False
O=S(=O)([O-])CCN(CCS(=O)(=O)[O-])c1ccccc1,c1ccccc1,c1ccccc1,False,True
COc1ccccc1N(CCS(=O)(=O)[O-])CCS(=O)(=O)[O-],c1ccccc1,c1ccccc1,False,True
CCCCCC=CCC=CCCCCCCCC(=O)O,,acyclic_5530,False,True
CC1CCC(C)CC1,C1CCCCC1,C1CCCCC1,True,False
CCCCCCCCCCCCCCCC[N+](C)(C)C.[Cl-],,acyclic_5532,True,False
CC(C)=CCCC(C)=CC=CC(C)=CC=CC(C)=CC=CC=C(C)C=CCO,,acyclic_5533,True,False
CC(C)=CCCC(C)=CC=CC(C)=CC=CC(C)=CC=CC=C(C)C=CC=O,,acyclic_5534,False,True
CC(C)=CCCC(C)=CC=CC(C)=CC=CC(C)=CC=CC=O,,acyclic_5535,True,False
CC(C)=CCCC(C)=CC=CC(C)=CC(=O)O,,acyclic_5536,True,False
OCC[n+]1cc[nH]c1.[Cl-],c1c[nH+]c[nH]1,c1c[nH+]c[nH]1,True,False
Cn1cc[n+](CCO)c1.O=C([O-])C1([N+](=O)[O-])N=NC([N+](=O)[O-])=N1,C1=NCN=N1.c1c[nH+]c[nH]1,C1=NCN=N1.c1c[nH+]c[nH]1,True,False
Cn1cc[n+](CCO)c1.O=[N+]([O-])c1cc([N+](=O)[O-])c([O-])c([N+](=O)[O-])c1,c1c[nH+]c[nH]1.c1ccccc1,c1c[nH+]c[nH]1.c1ccccc1,True,False
Cn1cc[n+](CCO)c1.O=C1N=NC(C(=O)[O-])([N+](=O)[O-])N1,O=C1N=NCN1.c1c[nH+]c[nH]1,O=C1N=NCN1.c1c[nH+]c[nH]1,True,False
Cn1cc[n+](CCO)c1.O=[N+]([O-])[CH-][N+](=O)[O-],c1c[nH+]c[nH]1,c1c[nH+]c[nH]1,True,False
Cn1cc[n+](CCO)c1.N[N+](=O)[O-].N[N+](=O)[O-],c1c[nH+]c[nH]1,c1c[nH+]c[nH]1,True,False
Cn1cc[n+](CCO)c1.O=C([O-])C1([N+](=O)[O-])N=NN=N1,C1N=NN=N1.c1c[nH+]c[nH]1,C1N=NN=N1.c1c[nH+]c[nH]1,True,False
C[n+]1ccn(CCO[N+](=O)[O-])c1.O=C([O-])C1([N+](=O)[O-])N=NC([N+](=O)[O-])=N1,C1=NCN=N1.c1c[nH+]c[nH]1,C1=NCN=N1.c1c[nH+]c[nH]1,True,False
C[n+]1ccn(CCO[N+](=O)[O-])c1.O=[N+]([O-])c1cc([N+](=O)[O-])c([O-])c([N+](=O)[O-])c1,c1c[nH+]c[nH]1.c1ccccc1,c1c[nH+]c[nH]1.c1ccccc1,True,False
C[n+]1ccn(CCO[N+](=O)[O-])c1.O=C1N=NC(C(=O)[O-])([N+](=O)[O-])N1,O=C1N=NCN1.c1c[nH+]c[nH]1,O=C1N=NCN1.c1c[nH+]c[nH]1,True,False
C[n+]1ccn(CCO[N+](=O)[O-])c1.O=[N+]([O-])[CH-][N+](=O)[O-],c1c[nH+]c[nH]1,c1c[nH+]c[nH]1,True,False
C[n+]1ccn(CCO[N+](=O)[O-])c1.N[N+](=O)[O-].N[N+](=O)[O-],c1c[nH+]c[nH]1,c1c[nH+]c[nH]1,True,False
C[n+]1ccn(CCO[N+](=O)[O-])c1.O=C([O-])C1([N+](=O)[O-])N=NN=N1,C1N=NN=N1.c1c[nH+]c[nH]1,C1N=NN=N1.c1c[nH+]c[nH]1,True,False
CC1CCCC1=O,O=C1CCCC1,O=C1CCCC1,True,False
CC1CCCCC1=O,O=C1CCCCC1,O=C1CCCCC1,True,False
CCC(C)C=O,,acyclic_5552,True,False
[O]=[W]=[O],,acyclic_5553,True,False
CCOC(=O)C#CC(=O)OCC,,acyclic_5554,True,False
CO[Si](CCCN)(OC)OC,,acyclic_5555,False,True
CCC(CO)(CO)CO.CCCCCCCCC=CCCCCCCCC(=O)O.CCCCCCCCC=CCCCCCCCC(=O)O.CCCCCCCCC=CCCCCCCCC(=O)O,,acyclic_5556,True,False
CCC(CO)(CO)CO.CCCCCCCCC=CCCCCCCCC(=O)O,,acyclic_5557,True,False
CCC(CO)(CO)CO.CCCCCCCCC=CCCCCCCCC(=O)O.CCCCCCCCC=CCCCCCCCC(=O)O,,acyclic_5558,True,False
NCCC(=O)O,,acyclic_5559,True,False
C[Si](C)(C)C#Cc1ccc(-c2c3nc(c(-c4ccccc4)c4ccc([nH]4)c(-c4ccccc4)c4nc(c(-c5ccccc5)c5ccc2[nH]5)C=C4)C=C3)cc1,C1=Cc2nc1c(-c1ccccc1)c1ccc([nH]1)c(-c1ccccc1)c1nc(c(-c3ccccc3)c3ccc([nH]3)c2-c2ccccc2)C=C1,C1=Cc2nc1c(-c1ccccc1)c1ccc([nH]1)c(-c1ccccc1)c1nc(c(-c3ccccc3)c3ccc([nH]3)c2-c2ccccc2)C=C1,True,False
N=NC=NN,,acyclic_5561,True,False
C[N+]1=C(C=Cc2ccc(O)cc2)C(C)(C)c2ccccc21.[I-],C(=Cc1ccccc1)C1=[NH+]c2ccccc2C1,C(=Cc1ccccc1)C1=[NH+]c2ccccc2C1,True,False
NC=S.[Ni+2],,acyclic_5563,True,False
CC(=O)OC(=CC(=O)[C@]1(C)C[C@@H](O)CC1(C)C)C(C)=CC=O,C1CCCC1,C1CCCC1,True,False
CC(=O)OC(CC(=O)C(C)=CCO[Si](C)(C)C(C)(C)C)[C@]1(C)C[C@@H](O[Si](C)(C)C(C)(C)C)CC1(C)C,C1CCCC1,C1CCCC1,True,False
COC(=O)[C@H](Cc1ccccc1)N1CC(C)(O[C@@H]2[C@@H](O)[C@H](c3cc(OC)c4ccccc4c3OC)O[C@H](CO)[C@H]2OC2(C)CN([C@@H](Cc3ccccc3)C(=O)OC)N=N2)N=N1,c1ccc(CCN2CC(O[C@@H]3CO[C@@H](c4ccc5ccccc5c4)C[C@H]3OC3CN(CCc4ccccc4)N=N3)N=N2)cc1,c1ccc(CCN2CC(O[C@@H]3CO[C@@H](c4ccc5ccccc5c4)C[C@H]3OC3CN(CCc4ccccc4)N=N3)N=N2)cc1,True,False
COc1cc([C@@H]2O[C@H](CO)[C@@H](OC3(C)CN([C@@H](Cc4ccccc4)C(=O)O)N=N3)[C@H](OC3(C)CN([C@@H](Cc4ccccc4)C(=O)O)N=N3)[C@H]2O)c(OC)c2ccccc12,c1ccc(CCN2CC(O[C@@H]3CO[C@@H](c4ccc5ccccc5c4)C[C@H]3OC3CN(CCc4ccccc4)N=N3)N=N2)cc1,c1ccc(CCN2CC(O[C@@H]3CO[C@@H](c4ccc5ccccc5c4)C[C@H]3OC3CN(CCc4ccccc4)N=N3)N=N2)cc1,True,False
CCCCc1cc(C#CC(C)(C)O)c(CCCC)cc1C#CC(C)(C)O,c1ccccc1,c1ccccc1,False,True
CCCCOc1cc(C#CC(C)(C)O)c(OCCCC)cc1C#CC(C)(C)O,c1ccccc1,c1ccccc1,False,True
C#Cc1cc(OC)c(C#C)cc1OC,c1ccccc1,c1ccccc1,False,True
Nc1cc2cccc3ccc4c(S(=O)(=O)[O-])c(S(=O)(=O)[O-])c(S(=O)(=O)[O-])c1c4c32.[Na+].[Na+].[Na+],c1cc2ccc3cccc4ccc(c1)c2c34,c1cc2ccc3cccc4ccc(c1)c2c34,True,False
O=C1O[C@H]([C@@H](O)CO)C([O-])=C1O,O=C1C=CCO1,O=C1C=CCO1,False,True
Cc1ccc(-c2c3nc(c(-c4ccc(C)cc4)c4ccc([nH]4)c(-c4ccc(C#C[Si](C(C)C)(C(C)C)C(C)C)cc4)c4nc(c(-c5ccc(C#C[Si](C)(C)C)cc5)c5ccc2[nH]5)C=C4)C=C3)cc1,C1=Cc2nc1c(-c1ccccc1)c1ccc([nH]1)c(-c1ccccc1)c1nc(c(-c3ccccc3)c3ccc([nH]3)c2-c2ccccc2)C=C1,C1=Cc2nc1c(-c1ccccc1)c1ccc([nH]1)c(-c1ccccc1)c1nc(c(-c3ccccc3)c3ccc([nH]3)c2-c2ccccc2)C=C1,True,False
Cc1ccc(-c2c3nc(c(-c4ccc(C)cc4)c4ccc([nH]4)c(-c4ccc(C#C[Si](C)(C)C)cc4)c4nc(c(-c5ccc(I)cc5)c5ccc2[nH]5)C=C4)C=C3)cc1,C1=Cc2nc1c(-c1ccccc1)c1ccc([nH]1)c(-c1ccccc1)c1nc(c(-c3ccccc3)c3ccc([nH]3)c2-c2ccccc2)C=C1,C1=Cc2nc1c(-c1ccccc1)c1ccc([nH]1)c(-c1ccccc1)c1nc(c(-c3ccccc3)c3ccc([nH]3)c2-c2ccccc2)C=C1,True,False
Cc1ccc(-c2c3nc(c(-c4ccc(C)cc4)c4ccc([nH]4)c(-c4ccc(I)cc4)c4nc(c(-c5ccc(C)cc5)c5ccc2[nH]5)C=C4)C=C3)cc1,C1=Cc2nc1c(-c1ccccc1)c1ccc([nH]1)c(-c1ccccc1)c1nc(c(-c3ccccc3)c3ccc([nH]3)c2-c2ccccc2)C=C1,C1=Cc2nc1c(-c1ccccc1)c1ccc([nH]1)c(-c1ccccc1)c1nc(c(-c3ccccc3)c3ccc([nH]3)c2-c2ccccc2)C=C1,True,False
CC[n+]1ccc(C=Cc2ccc(OC)c(OC)c2)c2ccccc21.[O-][Cl+3]([O-])([O-])[O-],C(=Cc1cc[nH+]c2ccccc12)c1ccccc1,C(=Cc1cc[nH+]c2ccccc12)c1ccccc1,True,False
CC[n+]1ccc(C=Cc2ccc3c(c2)OCCOCCOCCOCCOCCO3)c2ccccc21.[O-][Cl+3]([O-])([O-])[O-],C(=Cc1cc[nH+]c2ccccc12)c1ccc2c(c1)OCCOCCOCCOCCOCCO2,C(=Cc1cc[nH+]c2ccccc12)c1ccc2c(c1)OCCOCCOCCOCCOCCO2,True,False
Cc1cc([C+](c2cc(C)cc(C(C)(C)C)c2O)c2cc(C)cc(C(C)(C)C)c2O)c(O)c(C(C)(C)C)c1.[Br-],c1ccc([C+](c2ccccc2)c2ccccc2)cc1,c1ccc([C+](c2ccccc2)c2ccccc2)cc1,True,False
CC(C)(C)c1cc([C+](c2cc(C(C)(C)C)cc(C(C)(C)C)c2O)c2cc(C(C)(C)C)cc(C(C)(C)C)c2O)c(O)c(C(C)(C)C)c1.[Br-],c1ccc([C+](c2ccccc2)c2ccccc2)cc1,c1ccc([C+](c2ccccc2)c2ccccc2)cc1,True,False
Cc1cc(-[c+]2c3cc(C)cc(C(C)(C)C)c3oc3c(C(C)(C)C)cc(C)cc32)c(O)c(C(C)(C)C)c1.[Br-],c1ccc(-[c+]2c3ccccc3oc3ccccc32)cc1,c1ccc(-[c+]2c3ccccc3oc3ccccc32)cc1,True,False
C1CSCCS1,C1CSCCS1,C1CSCCS1,True,False
O=C([O-])C1(c2ccccc2)C=CC=CN1,C1=CNC(c2ccccc2)C=C1,C1=CNC(c2ccccc2)C=C1,True,False
O=C1C=CC(=CC=C2C=CN(CC(O)CO)C=C2)C=C1,O=C1C=CC(=CC=C2C=CNC=C2)C=C1,O=C1C=CC(=CC=C2C=CNC=C2)C=C1,True,False
COC1=CC(=CC=C2C=CN(CC(O)CO)C=C2)C=C(OC)C1=O,O=C1C=CC(=CC=C2C=CNC=C2)C=C1,O=C1C=CC(=CC=C2C=CNC=C2)C=C1,True,False
CC(C)(C)C1=CC(=CC=C2C=CN(CC(O)CO)C=C2)C=C(C(C)(C)C)C1=O,O=C1C=CC(=CC=C2C=CNC=C2)C=C1,O=C1C=CC(=CC=C2C=CNC=C2)C=C1,True,False
O=C1C(Br)=CC(=CC=C2C=CN(CC(O)CO)C=C2)C=C1Br,O=C1C=CC(=CC=C2C=CNC=C2)C=C1,O=C1C=CC(=CC=C2C=CNC=C2)C=C1,True,False
CCN1C(=O)C(=CC=C2C=CN(CC(O)CO)C=C2)C(=O)N(CC)C1=S,O=C1NC(=S)NC(=O)C1=CC=C1C=CNC=C1,O=C1NC(=S)NC(=O)C1=CC=C1C=CNC=C1,True,False
CC1c2cc(-c3nnc(-c4ccc(N(c5ccccc5)c5ccccc5)cc4)o3)ccc2-c2ccc(-c3nnc(-c4ccc(N(c5ccccc5)c5ccccc5)cc4)o3)cc21,c1ccc(N(c2ccccc2)c2ccc(-c3nnc(-c4ccc5c(c4)Cc4cc(-c6nnc(-c7ccc(N(c8ccccc8)c8ccccc8)cc7)o6)ccc4-5)o3)cc2)cc1,c1ccc(N(c2ccccc2)c2ccc(-c3nnc(-c4ccc5c(c4)Cc4cc(-c6nnc(-c7ccc(N(c8ccccc8)c8ccccc8)cc7)o6)ccc4-5)o3)cc2)cc1,True,False
CCCCC(=O)[N-]CCC[Si](OCC)(OCC)OCC,,acyclic_5589,True,False
CC(C)(C)c1ccc(C#Cc2cc(C#Cc3ccc(P(=O)(c4ccccc4)c4ccccc4)cc3)c(C#Cc3ccc(C(C)(C)C)cc3)cc2C#Cc2ccc(P(=O)(c3ccccc3)c3ccccc3)cc2)cc1,O=P(c1ccccc1)(c1ccccc1)c1ccc(C#Cc2cc(C#Cc3ccccc3)c(C#Cc3ccc(P(=O)(c4ccccc4)c4ccccc4)cc3)cc2C#Cc2ccccc2)cc1,O=P(c1ccccc1)(c1ccccc1)c1ccc(C#Cc2cc(C#Cc3ccccc3)c(C#Cc3ccc(P(=O)(c4ccccc4)c4ccccc4)cc3)cc2C#Cc2ccccc2)cc1,False,True
CC(C)(C)c1ccc(C#Cc2cc(C#Cc3ccc(P(c4ccccc4)c4ccccc4)cc3)c(C#Cc3ccc(C(C)(C)C)cc3)cc2C#Cc2ccc(P(c3ccccc3)c3ccccc3)cc2)cc1,C(#Cc1cc(C#Cc2ccc(P(c3ccccc3)c3ccccc3)cc2)c(C#Cc2ccccc2)cc1C#Cc1ccc(P(c2ccccc2)c2ccccc2)cc1)c1ccccc1,C(#Cc1cc(C#Cc2ccc(P(c3ccccc3)c3ccccc3)cc2)c(C#Cc2ccccc2)cc1C#Cc1ccc(P(c2ccccc2)c2ccccc2)cc1)c1ccccc1,True,False
CNC1=NC(=C(C#N)[C-](C#N)C#N)C(C#N)=C1C#N.c1ccc([As+](c2ccccc2)(c2ccccc2)c2ccccc2)cc1,C=C1C=CC=N1.c1ccc([As+](c2ccccc2)(c2ccccc2)c2ccccc2)cc1,C=C1C=CC=N1.c1ccc([As+](c2ccccc2)(c2ccccc2)c2ccccc2)cc1,True,False
CN(C)C1=NC(=C(C#N)[C-](C#N)C#N)C(C#N)=C1C#N.c1ccc([As+](c2ccccc2)(c2ccccc2)c2ccccc2)cc1,C=C1C=CC=N1.c1ccc([As+](c2ccccc2)(c2ccccc2)c2ccccc2)cc1,C=C1C=CC=N1.c1ccc([As+](c2ccccc2)(c2ccccc2)c2ccccc2)cc1,True,False
N#CC1=C(C#N)C(=C(C#N)[C-](C#N)C#N)N=C1NCc1ccccc1.c1ccc([As+](c2ccccc2)(c2ccccc2)c2ccccc2)cc1,C=C1C=CC(NCc2ccccc2)=N1.c1ccc([As+](c2ccccc2)(c2ccccc2)c2ccccc2)cc1,C=C1C=CC(NCc2ccccc2)=N1.c1ccc([As+](c2ccccc2)(c2ccccc2)c2ccccc2)cc1,True,False
CN(C)C=NC1=NC(=C(C#N)[C-](C#N)C#N)C(C#N)=C1C#N.c1ccc([As+](c2ccccc2)(c2ccccc2)c2ccccc2)cc1,C=C1C=CC=N1.c1ccc([As+](c2ccccc2)(c2ccccc2)c2ccccc2)cc1,C=C1C=CC=N1.c1ccc([As+](c2ccccc2)(c2ccccc2)c2ccccc2)cc1,True,False
CCCNC(=O)NC1=NC(=C(C#N)[C-](C#N)C#N)C(C#N)=C1C#N.c1ccc([As+](c2ccccc2)(c2ccccc2)c2ccccc2)cc1,C=C1C=CC=N1.c1ccc([As+](c2ccccc2)(c2ccccc2)c2ccccc2)cc1,C=C1C=CC=N1.c1ccc([As+](c2ccccc2)(c2ccccc2)c2ccccc2)cc1,True,False
CCCCCCCCC=CCCCCCCCC(=O)[O-],,acyclic_5597,False,True
COc1ccc(-c2nnc(-c3ccc(C4=CC=C5C(=Cc6cc(-c7ccc(-c8nnc(-c9ccc(OC)cc9)o8)cn7)ccc65)C45C=CC=C4C5=Cc5ccccc54)nc3)o2)cc1,C1=CC2(C3=Cc4ccccc4C3=C1)C1=Cc3cc(-c4ccc(-c5nnc(-c6ccccc6)o5)cn4)ccc3C1=CC=C2c1ccc(-c2nnc(-c3ccccc3)o2)cn1,C1=CC2(C3=Cc4ccccc4C3=C1)C1=Cc3cc(-c4ccc(-c5nnc(-c6ccccc6)o5)cn4)ccc3C1=CC=C2c1ccc(-c2nnc(-c3ccccc3)o2)cn1,True,False
CC1c2cc(-c3ccc(-c4nnc(-c5ccc(C(C)(C)C)cc5)o4)s3)ccc2-c2ccc(-c3ccc(-c4nnc(-c5ccc(C(C)(C)C)cc5)o4)s3)cc21,c1ccc(-c2nnc(-c3ccc(-c4ccc5c(c4)Cc4cc(-c6ccc(-c7nnc(-c8ccccc8)o7)s6)ccc4-5)s3)o2)cc1,c1ccc(-c2nnc(-c3ccc(-c4ccc5c(c4)Cc4cc(-c6ccc(-c7nnc(-c8ccccc8)o7)s6)ccc4-5)s3)o2)cc1,True,False
CC(=O)O[C@H](C)C#CC1=C(C)C[C@@H](O)CC1(C)C,C1=CCCCC1,C1=CCCCC1,False,True
CC(=O)OO,,acyclic_5601,True,False
C=C[C@H]1CN2CCC1C[C@@H]2[C@@H](Oc1nnc(O[C@@H](c2ccnc3ccc(OC)cc23)[C@H]2CC3CCN2C[C@@H]3CC)c2ccccc12)c1ccnc2ccc(OC)cc12,c1ccc2c([C@H](Oc3nnc(O[C@@H](c4ccnc5ccccc45)[C@H]4CC5CCN4CC5)c4ccccc34)[C@H]3CC4CCN3CC4)ccnc2c1,c1ccc2c([C@H](Oc3nnc(O[C@@H](c4ccnc5ccccc45)[C@H]4CC5CCN4CC5)c4ccccc34)[C@H]3CC4CCN3CC4)ccnc2c1,False,True
Oc1ccc(-c2c3nc(c(-c4ccc(O)cc4)c4ccc([nH]4)c(-c4ccc5ccccc5n4)c4nc(c(-c5ccc(O)cc5)c5ccc2[nH]5)C=C4)C=C3)cc1,C1=Cc2nc1c(-c1ccccc1)c1ccc([nH]1)c(-c1ccccc1)c1nc(c(-c3ccc4ccccc4n3)c3ccc([nH]3)c2-c2ccccc2)C=C1,C1=Cc2nc1c(-c1ccccc1)c1ccc([nH]1)c(-c1ccccc1)c1nc(c(-c3ccc4ccccc4n3)c3ccc([nH]3)c2-c2ccccc2)C=C1,True,False
C1=CCC=C1.[Fe+2].c1cc[cH-]c1,C1=CCC=C1.c1cc[cH-]c1,C1=CCC=C1.c1cc[cH-]c1,True,False
C1=CSSC1,C1=CSSC1,C1=CSSC1,True,False
c1ccc(-c2cc(-c3ccccc3)[s+]c(-c3ccccc3)c2)cc1,c1ccc(-c2cc(-c3ccccc3)[s+]c(-c3ccccc3)c2)cc1,c1ccc(-c2cc(-c3ccccc3)[s+]c(-c3ccccc3)c2)cc1,True,False
C=CCCCCNC1=NC(=C(C#N)[C-](C#N)C#N)C(C#N)=C1C#N.c1ccc([As+](c2ccccc2)(c2ccccc2)c2ccccc2)cc1,C=C1C=CC=N1.c1ccc([As+](c2ccccc2)(c2ccccc2)c2ccccc2)cc1,C=C1C=CC=N1.c1ccc([As+](c2ccccc2)(c2ccccc2)c2ccccc2)cc1,True,False
C1=Cc2cc3ccc(cc4nc(cc5ccc(cc1n2)[nH]5)C=C4)[nH]3.C1=Cc2cc3ccc(cc4nc(cc5ccc(cc1n2)[nH]5)C=C4)[nH]3.[Ni+2],C1=Cc2cc3ccc(cc4nc(cc5ccc(cc1n2)[nH]5)C=C4)[nH]3.C1=Cc2cc3ccc(cc4nc(cc5ccc(cc1n2)[nH]5)C=C4)[nH]3,C1=Cc2cc3ccc(cc4nc(cc5ccc(cc1n2)[nH]5)C=C4)[nH]3.C1=Cc2cc3ccc(cc4nc(cc5ccc(cc1n2)[nH]5)C=C4)[nH]3,True,False
C1=Cc2cc3ccc(cc4nc(cc5ccc(cc1n2)[nH]5)C=C4)[nH]3.C1=Cc2cc3ccc(cc4nc(cc5ccc(cc1n2)[nH]5)C=C4)[nH]3.C1=Cc2cc3ccc(cc4nc(cc5ccc(cc1n2)[nH]5)C=C4)[nH]3.[Ni+2],C1=Cc2cc3ccc(cc4nc(cc5ccc(cc1n2)[nH]5)C=C4)[nH]3.C1=Cc2cc3ccc(cc4nc(cc5ccc(cc1n2)[nH]5)C=C4)[nH]3.C1=Cc2cc3ccc(cc4nc(cc5ccc(cc1n2)[nH]5)C=C4)[nH]3,C1=Cc2cc3ccc(cc4nc(cc5ccc(cc1n2)[nH]5)C=C4)[nH]3.C1=Cc2cc3ccc(cc4nc(cc5ccc(cc1n2)[nH]5)C=C4)[nH]3.C1=Cc2cc3ccc(cc4nc(cc5ccc(cc1n2)[nH]5)C=C4)[nH]3,True,False
c1nc[nH]n1,c1nc[nH]n1,c1nc[nH]n1,True,False
c1cncnc1,c1cncnc1,c1cncnc1,False,True
c1cnccn1,c1cnccn1,c1cnccn1,True,False
O=S1(=O)C=CC=C1,O=S1(=O)C=CC=C1,O=S1(=O)C=CC=C1,False,True
c1ncncn1,c1ncncn1,c1ncncn1,False,True
C1=NN=c2cnc3c(c21)N=NC=3,C1=NN=c2cnc3c(c21)N=NC=3,C1=NN=c2cnc3c(c21)N=NC=3,True,False
O=[N+]([O-])[O-].[Cl-],,acyclic_5616,True,False
CNC(=O)c1cc(C(=O)NC)c[n+](Cc2ccccc2)c1.[Br-],c1ccc(C[n+]2ccccc2)cc1,c1ccc(C[n+]2ccccc2)cc1,True,False
NC(=O)c1cc(C(N)=O)c[n+](Cc2ccccc2)c1.[Br-],c1ccc(C[n+]2ccccc2)cc1,c1ccc(C[n+]2ccccc2)cc1,True,False
N#C[S-],,acyclic_5619,False,True
c1ccc([N+]c2ccccc2)cc1,c1ccc([N+]c2ccccc2)cc1,c1ccc([N+]c2ccccc2)cc1,True,False
CCCC[N+](CCCC)(CCCC)CCCC.[O-][Cl+3]([O-])([O-])[O-],,acyclic_5621,False,True
C[O-].[Na+],,acyclic_5622,True,False
O=C(O)C(F)(F)F,,acyclic_5623,True,False
NC(=[NH2+])NCCc1ccc(O)c(O)c1.[Br-],c1ccccc1,c1ccccc1,False,True
CCN(CC)CC.O=P(O)(O)OP(=O)(O)OP(=O)(O)OC[C@H]1O[C@@H](c2cccc3ccccc23)C(F)(F)C1(F)F,c1ccc2c([C@H]3CCCO3)cccc2c1,c1ccc2c([C@H]3CCCO3)cccc2c1,False,True
CCOC(=O)c1cc2c(OCCN(CC(=O)O)CC(=O)O)c(CN(CC(=O)O)CC(=O)O)c(OCCN(CC(=O)O)CC(=O)O)c(CN(CC(=O)O)CC(=O)O)c2oc1=O,O=c1ccc2ccccc2o1,O=c1ccc2ccccc2o1,False,True
O=C([O-])c1ccccc1C(=O)[O-],c1ccccc1,c1ccccc1,False,True
Cc1cccc(N)c1.c1cc[nH]c1,c1cc[nH]c1.c1ccccc1,c1cc[nH]c1.c1ccccc1,True,False
CCCCNC(=O)CN1CCN(CC(=O)NCCCC)CC(=O)NCCNC(=O)C1,O=C1CNCCNCC(=O)NCCN1,O=C1CNCCNCC(=O)NCCN1,True,False
CCCCCCNC(=O)CN1CCN(CC(=O)NCCCCCC)CC(=O)NCCNC(=O)C1,O=C1CNCCNCC(=O)NCCN1,O=C1CNCCNCC(=O)NCCN1,True,False
CCCCNC(=O)CN1CCN(CC(=O)NCCCC)CC(=O)NCCCNC(=O)C1,O=C1CNCCNCC(=O)NCCCN1,O=C1CNCCNCC(=O)NCCCN1,True,False
CCCCCCNC(=O)CN1CCN(CC(=O)NCCCCCC)CC(=O)NCCCNC(=O)C1,O=C1CNCCNCC(=O)NCCCN1,O=C1CNCCNCC(=O)NCCCN1,True,False
O=S([O-])([O-])=S,,acyclic_5633,True,False
CCC1(CC)c2ccccc2-c2ccc(N(c3ccc4c(c3)C(CC)(CC)c3ccccc3-4)c3ccc4c(c3)C(CC)(CC)c3cc(-c5ccc(C=C(C#N)C(=O)O)s5)ccc3-4)cc21,c1csc(-c2ccc3c(c2)Cc2cc(N(c4ccc5c(c4)Cc4ccccc4-5)c4ccc5c(c4)Cc4ccccc4-5)ccc2-3)c1,c1csc(-c2ccc3c(c2)Cc2cc(N(c4ccc5c(c4)Cc4ccccc4-5)c4ccc5c(c4)Cc4ccccc4-5)ccc2-3)c1,True,False
CCC1(CC)c2ccccc2-c2ccc(N(c3ccc4c(c3)C(CC)(CC)c3ccccc3-4)c3ccc4c(c3)C(CC)(CC)c3cc(-c5ccc(-c6ccc(C=C(C#N)C(=O)O)s6)s5)ccc3-4)cc21,c1csc(-c2ccc(-c3ccc4c(c3)Cc3cc(N(c5ccc6c(c5)Cc5ccccc5-6)c5ccc6c(c5)Cc5ccccc5-6)ccc3-4)s2)c1,c1csc(-c2ccc(-c3ccc4c(c3)Cc3cc(N(c5ccc6c(c5)Cc5ccccc5-6)c5ccc6c(c5)Cc5ccccc5-6)ccc3-4)s2)c1,True,False
Cn1c2cc(C=C(C#N)C(=O)O)ccc2c2ccc(-c3ccc(-c4ccc(N(c5ccc(C(C)(C)C)cc5)c5ccc(C(C)(C)C)cc5)cc4)c4nsnc34)cc21,c1ccc(N(c2ccccc2)c2ccc(-c3ccc(-c4ccc5c(c4)[nH]c4ccccc45)c4nsnc34)cc2)cc1,c1ccc(N(c2ccccc2)c2ccc(-c3ccc(-c4ccc5c(c4)[nH]c4ccccc45)c4nsnc34)cc2)cc1,True,False
CCCCn1c2ccc(C=CC(=O)O)cc2c2cc(C=CC3=CC(=C(C#N)C#N)C=C(C=Cc4ccc5c(c4)c4cc(C=CC(=O)O)ccc4n5CC(C)CC)O3)ccc21,C=C1C=C(C=Cc2ccc3[nH]c4ccccc4c3c2)OC(C=Cc2ccc3[nH]c4ccccc4c3c2)=C1,C=C1C=C(C=Cc2ccc3[nH]c4ccccc4c3c2)OC(C=Cc2ccc3[nH]c4ccccc4c3c2)=C1,True,False
CCCCn1c2ccc(C=CC(=O)O)cc2c2cc(C=CC3=CC(=C4C(=O)N(CC)C(=S)N(CC)C4=O)C=C(C=Cc4ccc5c(c4)c4cc(C=CC(=O)O)ccc4n5CC(C)CC)O3)ccc21,O=C1NC(=S)NC(=O)C1=C1C=C(C=Cc2ccc3[nH]c4ccccc4c3c2)OC(C=Cc2ccc3[nH]c4ccccc4c3c2)=C1,O=C1NC(=S)NC(=O)C1=C1C=C(C=Cc2ccc3[nH]c4ccccc4c3c2)OC(C=Cc2ccc3[nH]c4ccccc4c3c2)=C1,True,False
CCCCn1c2ccc(C=CC(=O)O)cc2c2cc(C=CC3=CC(=C4C(=O)c5ccccc5C4=C(C#N)C#N)C=C(C=Cc4ccc5c(c4)c4cc(C=CC(=O)O)ccc4n5CC(C)CC)O3)ccc21,C=C1C(=C2C=C(C=Cc3ccc4[nH]c5ccccc5c4c3)OC(C=Cc3ccc4[nH]c5ccccc5c4c3)=C2)C(=O)c2ccccc21,C=C1C(=C2C=C(C=Cc3ccc4[nH]c5ccccc5c4c3)OC(C=Cc3ccc4[nH]c5ccccc5c4c3)=C2)C(=O)c2ccccc21,False,True
CCCCn1c2ccc(C=CC(=O)O)cc2c2cc(C=CC3=CC(=C4C(=C(C#N)C#N)c5ccccc5S4(=O)=O)C=C(C=Cc4ccc5c(c4)c4cc(C=CC(=O)O)ccc4n5CC(C)CC)O3)ccc21,C=C1C(=C2C=C(C=Cc3ccc4[nH]c5ccccc5c4c3)OC(C=Cc3ccc4[nH]c5ccccc5c4c3)=C2)S(=O)(=O)c2ccccc21,C=C1C(=C2C=C(C=Cc3ccc4[nH]c5ccccc5c4c3)OC(C=Cc3ccc4[nH]c5ccccc5c4c3)=C2)S(=O)(=O)c2ccccc21,True,False
Cc1n[nH]c(SCC(=O)[c-]2cccc2)n1.[Fe+2].c1cc[cH-]c1,O=C(CSc1ncn[nH]1)[c-]1cccc1.c1cc[cH-]c1,O=C(CSc1ncn[nH]1)[c-]1cccc1.c1cc[cH-]c1,False,True
O=C(CSc1nc(-c2ccco2)n[nH]1)[c-]1cccc1.[Fe+2].c1cc[cH-]c1,O=C(CSc1nc(-c2ccco2)n[nH]1)[c-]1cccc1.c1cc[cH-]c1,O=C(CSc1nc(-c2ccco2)n[nH]1)[c-]1cccc1.c1cc[cH-]c1,True,False
O=C(CSc1nc(-c2ccccc2)n[nH]1)[c-]1cccc1.[Fe+2].c1cc[cH-]c1,O=C(CSc1nc(-c2ccccc2)n[nH]1)[c-]1cccc1.c1cc[cH-]c1,O=C(CSc1nc(-c2ccccc2)n[nH]1)[c-]1cccc1.c1cc[cH-]c1,True,False
Cc1ccc(-c2n[nH]c(SCC(=O)[c-]3cccc3)n2)cc1.[Fe+2].c1cc[cH-]c1,O=C(CSc1nc(-c2ccccc2)n[nH]1)[c-]1cccc1.c1cc[cH-]c1,O=C(CSc1nc(-c2ccccc2)n[nH]1)[c-]1cccc1.c1cc[cH-]c1,True,False
COc1ccc(-c2n[nH]c(SCC(=O)[c-]3cccc3)n2)cc1.[Fe+2].c1cc[cH-]c1,O=C(CSc1nc(-c2ccccc2)n[nH]1)[c-]1cccc1.c1cc[cH-]c1,O=C(CSc1nc(-c2ccccc2)n[nH]1)[c-]1cccc1.c1cc[cH-]c1,True,False
O=C(CSc1nc(-c2cccc(Br)c2)n[nH]1)[c-]1cccc1.[Fe+2].c1cc[cH-]c1,O=C(CSc1nc(-c2ccccc2)n[nH]1)[c-]1cccc1.c1cc[cH-]c1,O=C(CSc1nc(-c2ccccc2)n[nH]1)[c-]1cccc1.c1cc[cH-]c1,True,False
O=C(CSc1nc(-c2ccc([N+](=O)[O-])cc2)n[nH]1)[c-]1cccc1.[Fe+2].c1cc[cH-]c1,O=C(CSc1nc(-c2ccccc2)n[nH]1)[c-]1cccc1.c1cc[cH-]c1,O=C(CSc1nc(-c2ccccc2)n[nH]1)[c-]1cccc1.c1cc[cH-]c1,True,False
O=Cc1cc(Br)ccc1O,c1ccccc1,c1ccccc1,False,True
CCn1c(-c2ccc3cccc([O-])c3n2)nc2ccccc21.[K+],c1ccc2nc(-c3nc4ccccc4[nH]3)ccc2c1,c1ccc2nc(-c3nc4ccccc4[nH]3)ccc2c1,False,True
[C-]#[N+]C(=Cc1ccc(N(c2ccc(-c3cccc(OC)c3)cc2)c2ccc(-c3nc4c(-c5cccc(OC)c5)ccc(-c5cccc(OC)c5)c4[nH]3)cc2)cc1)C(=O)O,c1ccc(-c2ccc(N(c3ccccc3)c3ccc(-c4nc5c(-c6ccccc6)ccc(-c6ccccc6)c5[nH]4)cc3)cc2)cc1,c1ccc(-c2ccc(N(c3ccccc3)c3ccc(-c4nc5c(-c6ccccc6)ccc(-c6ccccc6)c5[nH]4)cc3)cc2)cc1,True,False
[C-]#[N+]C(=Cc1ccc(N(c2ccc(-c3cccc(N(C)C)c3)cc2)c2ccc(-c3nc4c(-c5cccc(OC)c5)ccc(-c5cccc(OC)c5)c4[nH]3)cc2)cc1)C(=O)O,c1ccc(-c2ccc(N(c3ccccc3)c3ccc(-c4nc5c(-c6ccccc6)ccc(-c6ccccc6)c5[nH]4)cc3)cc2)cc1,c1ccc(-c2ccc(N(c3ccccc3)c3ccc(-c4nc5c(-c6ccccc6)ccc(-c6ccccc6)c5[nH]4)cc3)cc2)cc1,True,False
[C-]#[N+]C(=Cc1ccc(N(c2ccc(Br)cc2)c2ccc(-c3nc4c(-c5cccc(OC)c5)ccc(-c5cccc(OC)c5)c4[nH]3)cc2)cc1)C(=O)O,c1ccc(-c2ccc(-c3ccccc3)c3[nH]c(-c4ccc(N(c5ccccc5)c5ccccc5)cc4)nc23)cc1,c1ccc(-c2ccc(-c3ccccc3)c3[nH]c(-c4ccc(N(c5ccccc5)c5ccccc5)cc4)nc23)cc1,True,False
CCN(CC)c1ccc2c(c1)Oc1cc(N(CC)CC)ccc1C2=CC=Cc1c2ccc(N(CC)CC)cc2[o+]c2cc(N(CC)CC)ccc12.[O-][Cl+3]([O-])([O-])[O-],C(=Cc1c2ccccc2[o+]c2ccccc12)C=C1c2ccccc2Oc2ccccc21,C(=Cc1c2ccccc2[o+]c2ccccc12)C=C1c2ccccc2Oc2ccccc21,True,False
CCN(CC)c1ccc2c(c1)Oc1cc(N(CC)CC)ccc1C2=CC=CC=Cc1c2ccc(N(CC)CC)cc2[o+]c2cc(N(CC)CC)ccc12.[O-][Cl+3]([O-])([O-])[O-],C(=CC=C1c2ccccc2Oc2ccccc21)C=Cc1c2ccccc2[o+]c2ccccc12,C(=CC=C1c2ccccc2Oc2ccccc21)C=Cc1c2ccccc2[o+]c2ccccc12,True,False
CCN(CC)c1ccc2c(C=CC=C(c3ccc(N(C)C)cc3)c3ccc(N(C)C)cc3)c3ccc(N(CC)CC)cc3[o+]c2c1.[O-][Cl+3]([O-])([O-])[O-],C(=Cc1c2ccccc2[o+]c2ccccc12)C=C(c1ccccc1)c1ccccc1,C(=Cc1c2ccccc2[o+]c2ccccc12)C=C(c1ccccc1)c1ccccc1,True,False
CCN(CC)c1ccc2c(C=Cc3ccc(N(C)C)cc3)c3ccc(N(CC)CC)cc3[o+]c2c1.[O-][Cl+3]([O-])([O-])[O-],C(=Cc1c2ccccc2[o+]c2ccccc12)c1ccccc1,C(=Cc1c2ccccc2[o+]c2ccccc12)c1ccccc1,True,False
C[N+]1=CC(C)(C)c2ccccc21,C1=[NH+]c2ccccc2C1,C1=[NH+]c2ccccc2C1,False,True
CN(C)c1ccc(C(=CC=CC2[NH+](C)c3ccccc3C2(C)C)c2ccc(N(C)C)cc2)cc1.F[B-](F)(F)F,C(=CC1Cc2ccccc2[NH2+]1)C=C(c1ccccc1)c1ccccc1,C(=CC1Cc2ccccc2[NH2+]1)C=C(c1ccccc1)c1ccccc1,True,False
c1ccc2sc[nH+]c2c1,c1ccc2sc[nH+]c2c1,c1ccc2sc[nH+]c2c1,True,False
CN(C)c1ccc(C(=CC=Cc2sc3ccccc3[n+]2C)c2ccc(N(C)C)cc2)cc1.[O-][Cl+3]([O-])([O-])[O-],C(=Cc1[nH+]c2ccccc2s1)C=C(c1ccccc1)c1ccccc1,C(=Cc1[nH+]c2ccccc2s1)C=C(c1ccccc1)c1ccccc1,True,False
c1ccc2[nH+]cccc2c1,c1ccc2[nH+]cccc2c1,c1ccc2[nH+]cccc2c1,True,False
CC(=CC=C(c1ccc(N(C)C)cc1)c1ccc(N(C)C)cc1)c1ccc2ccccc2[nH+]1.Cc1ccc(S(=O)(=O)[O-])cc1,C(=Cc1ccc2ccccc2[nH+]1)C=C(c1ccccc1)c1ccccc1.c1ccccc1,C(=Cc1ccc2ccccc2[nH+]1)C=C(c1ccccc1)c1ccccc1.c1ccccc1,False,True
CC1c2cc(-c3ccc(-c4ccc5c(c4)C(C)(C)c4cc(N(c6ccccc6)c6ccccc6)ccc4-5)c4nsnc34)ccc2-c2ccc(N(c3ccccc3)c3ccccc3)cc21,c1ccc(N(c2ccccc2)c2ccc3c(c2)Cc2cc(-c4ccc(-c5ccc6c(c5)Cc5cc(N(c7ccccc7)c7ccccc7)ccc5-6)c5nsnc45)ccc2-3)cc1,c1ccc(N(c2ccccc2)c2ccc3c(c2)Cc2cc(-c4ccc(-c5ccc6c(c5)Cc5cc(N(c7ccccc7)c7ccccc7)ccc5-6)c5nsnc45)ccc2-3)cc1,False,True
O=P([O-])([O-])[O-].O=P([O-])([O-])[O-].[Zn+2].[Zn+2].[Zn+2],,acyclic_5664,True,False
O=P([O-])([O-])[O-].[Pb+3],,acyclic_5665,True,False
CC12CCC(C(=O)C1=O)C2(C)C,O=C1C(=O)C2CCC1C2,O=C1C(=O)C2CCC1C2,True,False
CCCCCCCCCCCCOS(=O)(=O)c1ccccc1.[Na],c1ccccc1,c1ccccc1,False,True
COC(=O)c1cc(Br)ccc1N,c1ccccc1,c1ccccc1,False,True
CCCCCCCCCCCCCC(=O)OP(=O)(OCC[N+](C)(C)C)OC(=O)CCCCCCCCCCCCC,,acyclic_5669,True,False
CCCCCCCCCCCCCCCC(=O)OP(=O)(OCC[N+](C)(C)C)OC(=O)CCCCCCCCCCCCCCC,,acyclic_5670,True,False
CCCCCCCCCCCCCCCCCC(=O)OP(=O)(OCC[N+](C)(C)C)OC(=O)CCCCCCCCCCCCCCCCC,,acyclic_5671,True,False
CCCCCCCCC=CCCCCCCCC(=O)OP(=O)(OCC[N+](C)(C)C)OC(=O)CCCCCCCC=CCCCCCCCC,,acyclic_5672,False,True
Cn1cnc(C#N)c1C#N,c1c[nH]cn1,c1c[nH]cn1,False,True
CN(C)c1nc(C#N)c(C#N)n1C,c1c[nH]cn1,c1c[nH]cn1,False,True
C1=CCCC=C1,C1=CCCC=C1,C1=CCCC=C1,True,False
O=C(O)c1cc(F)ccc1O.[Cu+2],c1ccccc1,c1ccccc1,False,True
c1cn[nH]c1,c1cn[nH]c1,c1cn[nH]c1,True,False
CC(C)(C)C(=CC=CC=CC=CC=C(C(C)(C)C)C(C)(C)C)C(C)(C)C,,acyclic_5678,True,False
CC(C)(C)C(=CC=CC=CC=CC=CC=CC=C(C(C)(C)C)C(C)(C)C)C(C)(C)C,,acyclic_5679,True,False
CC(C)(C)C(=CC=CC=C(C(C)(C)C)C(C)(C)C)C(C)(C)C,,acyclic_5680,True,False
CCCCOC(C)=O,,acyclic_5681,True,False
OCC(O)CO,,acyclic_5682,True,False
c1ccoc1,c1ccoc1,c1ccoc1,True,False
Nc1cc[nH+]cc1.Nc1cc[nH+]cc1.O=C([O-])c1ccccc1C(=O)[O-],c1cc[nH+]cc1.c1cc[nH+]cc1.c1ccccc1,c1cc[nH+]cc1.c1cc[nH+]cc1.c1ccccc1,True,False
[O-]c1ccccc1C=Nc1cccc2ccc(-c3nc4ccccc4[nH]3)nc12,C(=Nc1cccc2ccc(-c3nc4ccccc4[nH]3)nc12)c1ccccc1,C(=Nc1cccc2ccc(-c3nc4ccccc4[nH]3)nc12)c1ccccc1,True,False
Cc1cc(C)c([O-])c(C=Nc2cccc3ccc(-c4nc5ccccc5[nH]4)nc23)c1,C(=Nc1cccc2ccc(-c3nc4ccccc4[nH]3)nc12)c1ccccc1,C(=Nc1cccc2ccc(-c3nc4ccccc4[nH]3)nc12)c1ccccc1,True,False
Cc1cc(C(C)(C)C)cc(C=Nc2cccc3ccc(-c4nc5ccccc5[nH]4)nc23)c1[O-].Cc1cc(C(C)(C)C)cc(C=Nc2cccc3ccc(-c4nc5ccccc5[nH]4)nc23)c1[O-].[Zn+2],C(=Nc1cccc2ccc(-c3nc4ccccc4[nH]3)nc12)c1ccccc1.C(=Nc1cccc2ccc(-c3nc4ccccc4[nH]3)nc12)c1ccccc1,C(=Nc1cccc2ccc(-c3nc4ccccc4[nH]3)nc12)c1ccccc1.C(=Nc1cccc2ccc(-c3nc4ccccc4[nH]3)nc12)c1ccccc1,True,False
[O-]c1ccc(Br)cc1C=Nc1cccc2ccc(-c3nc4ccccc4[nH]3)nc12.[O-]c1ccc(Br)cc1C=Nc1cccc2ccc(-c3nc4ccccc4[nH]3)nc12.[Zn+2],C(=Nc1cccc2ccc(-c3nc4ccccc4[nH]3)nc12)c1ccccc1.C(=Nc1cccc2ccc(-c3nc4ccccc4[nH]3)nc12)c1ccccc1,C(=Nc1cccc2ccc(-c3nc4ccccc4[nH]3)nc12)c1ccccc1.C(=Nc1cccc2ccc(-c3nc4ccccc4[nH]3)nc12)c1ccccc1,True,False
c1cc[nH+]cc1,c1cc[nH+]cc1,c1cc[nH+]cc1,True,False
Nc1ccc(Oc2ccc(-c3nc(-c4ccc(C5c6c(ccc7ccccc67)Oc6ccc7ccccc7c65)cc4)[nH]c3-c3ccc(Oc4ccc(N)cc4)cc3)cc2)cc1,c1ccc(Oc2ccc(-c3nc(-c4ccc(C5c6c(ccc7ccccc67)Oc6ccc7ccccc7c65)cc4)[nH]c3-c3ccc(Oc4ccccc4)cc3)cc2)cc1,c1ccc(Oc2ccc(-c3nc(-c4ccc(C5c6c(ccc7ccccc67)Oc6ccc7ccccc7c65)cc4)[nH]c3-c3ccc(Oc4ccccc4)cc3)cc2)cc1,True,False
Nc1ccc(Oc2ccc(-c3nc(-c4ccc(C5c6c(ccc7ccccc67)Oc6ccc7ccccc7c65)cc4)[nH]c3-c3ccc(Oc4ccc(N)cc4C(F)(F)F)cc3)cc2)c(C(F)(F)F)c1,c1ccc(Oc2ccc(-c3nc(-c4ccc(C5c6c(ccc7ccccc67)Oc6ccc7ccccc7c65)cc4)[nH]c3-c3ccc(Oc4ccccc4)cc3)cc2)cc1,c1ccc(Oc2ccc(-c3nc(-c4ccc(C5c6c(ccc7ccccc67)Oc6ccc7ccccc7c65)cc4)[nH]c3-c3ccc(Oc4ccccc4)cc3)cc2)cc1,True,False
N[C@@H](CS)C(=O)O,,acyclic_5692,True,False
Cc1ccc(N(c2ccc(C)cc2)c2ccc3c(c2)C(c2ccc(C)cc2)(c2ccc(C)cc2)c2cc(-c4ccc(-c5ccc(C(=O)O)cc5)s4)sc2-3)cc1,c1ccc(-c2ccc(-c3cc4c(s3)-c3ccc(N(c5ccccc5)c5ccccc5)cc3C4(c3ccccc3)c3ccccc3)s2)cc1,c1ccc(-c2ccc(-c3cc4c(s3)-c3ccc(N(c5ccccc5)c5ccccc5)cc3C4(c3ccccc3)c3ccccc3)s2)cc1,False,True
Cc1ccc(N(c2ccc(C)cc2)c2ccc3c(c2)C(c2ccc(C)cc2)(c2ccc(C)cc2)c2cc(-c4ccc(-c5ccc(-c6ccc(C(=O)O)cc6)c6nsnc56)s4)sc2-3)cc1,c1ccc(-c2ccc(-c3ccc(-c4cc5c(s4)-c4ccc(N(c6ccccc6)c6ccccc6)cc4C5(c4ccccc4)c4ccccc4)s3)c3nsnc23)cc1,c1ccc(-c2ccc(-c3ccc(-c4cc5c(s4)-c4ccc(N(c6ccccc6)c6ccccc6)cc4C5(c4ccccc4)c4ccccc4)s3)c3nsnc23)cc1,False,True
CCn1c2ccc(-c3ccc4c(c3)c3ccccc3n4C)cc2c2c1c1c3cc(-c4ccc5c(c4)c4ccccc4n5C)ccc3n(CC)c1c1c3cc(-c4ccc5c(c4)c4ccccc4n5C)ccc3n(CC)c21,c1ccc2c(c1)[nH]c1ccc(-c3ccc4[nH]c5c(c4c3)c3[nH]c4ccc(-c6ccc7[nH]c8ccccc8c7c6)cc4c3c3[nH]c4ccc(-c6ccc7[nH]c8ccccc8c7c6)cc4c53)cc12,c1ccc2c(c1)[nH]c1ccc(-c3ccc4[nH]c5c(c4c3)c3[nH]c4ccc(-c6ccc7[nH]c8ccccc8c7c6)cc4c3c3[nH]c4ccc(-c6ccc7[nH]c8ccccc8c7c6)cc4c53)cc12,True,False
CCn1c2ccc(-c3ccc4c(c3)c3ccccc3n4C)cc2c2c3c4cc(-c5ccc6c(c5)c5ccccc5n6C)ccc4n(CC)c3c3c(c4cc(-c5ccc6c(c5)c5ccccc5n6C)ccc4n3CC)c21,c1ccc2c(c1)[nH]c1ccc(-c3ccc4[nH]c5c6[nH]c7ccc(-c8ccc9[nH]c%10ccccc%10c9c8)cc7c6c6c7cc(-c8ccc9[nH]c%10ccccc%10c9c8)ccc7[nH]c6c5c4c3)cc12,c1ccc2c(c1)[nH]c1ccc(-c3ccc4[nH]c5c6[nH]c7ccc(-c8ccc9[nH]c%10ccccc%10c9c8)cc7c6c6c7cc(-c8ccc9[nH]c%10ccccc%10c9c8)ccc7[nH]c6c5c4c3)cc12,False,True
Cc1cc(C)cc(N(c2ccc(C(C#N)=C(C#N)c3ccc(N(c4cc(C)cc(C)c4)c4ccc5ccc6cccc7ccc4c5c67)cc3)cc2)c2ccc3ccc4cccc5ccc2c3c45)c1,C(=Cc1ccc(N(c2ccccc2)c2ccc3ccc4cccc5ccc2c3c45)cc1)c1ccc(N(c2ccccc2)c2ccc3ccc4cccc5ccc2c3c45)cc1,C(=Cc1ccc(N(c2ccccc2)c2ccc3ccc4cccc5ccc2c3c45)cc1)c1ccc(N(c2ccccc2)c2ccc3ccc4cccc5ccc2c3c45)cc1,True,False
CCC1(CC)c2cc(N(c3cc(C)cc(C)c3)c3ccc4ccc5cccc6ccc3c4c56)ccc2-c2ccc(N(c3cc(C)cc(C)c3)c3ccc4ccc5cccc6ccc3c4c56)cc21,c1ccc(N(c2ccc3c(c2)Cc2cc(N(c4ccccc4)c4ccc5ccc6cccc7ccc4c5c67)ccc2-3)c2ccc3ccc4cccc5ccc2c3c45)cc1,c1ccc(N(c2ccc3c(c2)Cc2cc(N(c4ccccc4)c4ccc5ccc6cccc7ccc4c5c67)ccc2-3)c2ccc3ccc4cccc5ccc2c3c45)cc1,False,True
C(#Cc1ccc(N(c2ccc(C#Cc3ccc(C=Cc4ccncn4)cc3)cc2)c2ccc(C#Cc3ccc(C=Cc4ccncn4)cc3)cc2)cc1)c1ccc(C=Cc2ccncn2)cc1,C(#Cc1ccc(N(c2ccc(C#Cc3ccc(C=Cc4ccncn4)cc3)cc2)c2ccc(C#Cc3ccc(C=Cc4ccncn4)cc3)cc2)cc1)c1ccc(C=Cc2ccncn2)cc1,C(#Cc1ccc(N(c2ccc(C#Cc3ccc(C=Cc4ccncn4)cc3)cc2)c2ccc(C#Cc3ccc(C=Cc4ccncn4)cc3)cc2)cc1)c1ccc(C=Cc2ccncn2)cc1,True,False
C(#Cc1ccc(C=Cc2ccncn2)s1)c1ccc(N(c2ccc(C#Cc3ccc(C=Cc4ccncn4)s3)cc2)c2ccc(C#Cc3ccc(C=Cc4ccncn4)s3)cc2)cc1,C(#Cc1ccc(C=Cc2ccncn2)s1)c1ccc(N(c2ccc(C#Cc3ccc(C=Cc4ccncn4)s3)cc2)c2ccc(C#Cc3ccc(C=Cc4ccncn4)s3)cc2)cc1,C(#Cc1ccc(C=Cc2ccncn2)s1)c1ccc(N(c2ccc(C#Cc3ccc(C=Cc4ccncn4)s3)cc2)c2ccc(C#Cc3ccc(C=Cc4ccncn4)s3)cc2)cc1,True,False
C(#Cc1ccc(N(c2ccc(C#Cc3ccc(C=Cc4cnccn4)cc3)cc2)c2ccc(C#Cc3ccc(C=Cc4cnccn4)cc3)cc2)cc1)c1ccc(C=Cc2cnccn2)cc1,C(#Cc1ccc(N(c2ccc(C#Cc3ccc(C=Cc4cnccn4)cc3)cc2)c2ccc(C#Cc3ccc(C=Cc4cnccn4)cc3)cc2)cc1)c1ccc(C=Cc2cnccn2)cc1,C(#Cc1ccc(N(c2ccc(C#Cc3ccc(C=Cc4cnccn4)cc3)cc2)c2ccc(C#Cc3ccc(C=Cc4cnccn4)cc3)cc2)cc1)c1ccc(C=Cc2cnccn2)cc1,True,False
COc1ccc2c(c1)Oc1cc(OC)ccc1C21c2ccccc2-c2ccc(-c3ccc4ccc5c(-c6ccc7c(c6)C6(c8ccc(OC)cc8Oc8cc(OC)ccc86)c6ccccc6-7)ccc6ccc3c4c65)cc21,c1ccc2c(c1)Oc1ccccc1C21c2ccccc2-c2ccc(-c3ccc4ccc5c(-c6ccc7c(c6)C6(c8ccccc8Oc8ccccc86)c6ccccc6-7)ccc6ccc3c4c65)cc21,c1ccc2c(c1)Oc1ccccc1C21c2ccccc2-c2ccc(-c3ccc4ccc5c(-c6ccc7c(c6)C6(c8ccccc8Oc8ccccc86)c6ccccc6-7)ccc6ccc3c4c65)cc21,True,False
C1=CC=C2CCC=C2C=C1,C1=CC=C2CCC=C2C=C1,C1=CC=C2CCC=C2C=C1,True,False
O=C(Cc1ccccc1F)NNC(=S)[S-].[K+],c1ccccc1,c1ccccc1,False,True
CC1(C)c2ccccc2-c2ccc(C#Cc3c4ccccc4c(C#Cc4ccc5c(c4)C(C)(C)c4ccccc4-5)c4cc5c(cc34)-c3ccccc3C5(C)C)cc21,C(#Cc1c2ccccc2c(C#Cc2ccc3c(c2)Cc2ccccc2-3)c2cc3c(cc12)Cc1ccccc1-3)c1ccc2c(c1)Cc1ccccc1-2,C(#Cc1c2ccccc2c(C#Cc2ccc3c(c2)Cc2ccccc2-3)c2cc3c(cc12)Cc1ccccc1-3)c1ccc2c(c1)Cc1ccccc1-2,True,False
CC1(C)c2ccccc2-c2ccc(C#Cc3c4ccccc4c(C#Cc4ccc5c(c4)C(C)(C)c4ccccc4-5)c4cc5c(cc34)-c3ccc(Br)cc3C5(C)C)cc21,C(#Cc1c2ccccc2c(C#Cc2ccc3c(c2)Cc2ccccc2-3)c2cc3c(cc12)Cc1ccccc1-3)c1ccc2c(c1)Cc1ccccc1-2,C(#Cc1c2ccccc2c(C#Cc2ccc3c(c2)Cc2ccccc2-3)c2cc3c(cc12)Cc1ccccc1-3)c1ccc2c(c1)Cc1ccccc1-2,True,False
CC(=O)[O-].CC(=O)[O-].CC(=O)[O-].[In+3],,acyclic_5707,True,False
NC(=O)c1ccccc1.c1ccc(C[n+]2cccc3ccccc32)cc1,c1ccc(C[n+]2cccc3ccccc32)cc1.c1ccccc1,c1ccc(C[n+]2cccc3ccccc32)cc1.c1ccccc1,True,False
Cc1ccc(N(c2ccc(C)cc2)c2ccc(N3c4ccccc4Sc4cc(-c5ccc(-c6cc(C)c(C=C(C#N)C(=O)O)s6)c6nsnc56)ccc43)cc2)cc1,c1ccc(N(c2ccccc2)c2ccc(N3c4ccccc4Sc4cc(-c5ccc(-c6cccs6)c6nsnc56)ccc43)cc2)cc1,c1ccc(N(c2ccccc2)c2ccc(N3c4ccccc4Sc4cc(-c5ccc(-c6cccs6)c6nsnc56)ccc43)cc2)cc1,True,False
Cn1c(=S)n(C)c2cc(N(c3ccc(-c4cc5sc(-c6ccc(C=C(C#N)C(=O)O)s6)cc5s4)cc3)c3ccc4c(c3)n(C)c(=S)n4C)ccc21,S=c1[nH]c2ccc(N(c3ccc(-c4cc5sc(-c6cccs6)cc5s4)cc3)c3ccc4[nH]c(=S)[nH]c4c3)cc2[nH]1,S=c1[nH]c2ccc(N(c3ccc(-c4cc5sc(-c6cccs6)cc5s4)cc3)c3ccc4[nH]c(=S)[nH]c4c3)cc2[nH]1,True,False
Cn1c(=S)n(C)c2cc(N(c3ccc(-c4sc(-c5ccc(C=C(C#N)C(=O)O)s5)c5c4OCCO5)cc3)c3ccc4c(c3)n(C)c(=S)n4C)ccc21,S=c1[nH]c2ccc(N(c3ccc(-c4sc(-c5cccs5)c5c4OCCO5)cc3)c3ccc4[nH]c(=S)[nH]c4c3)cc2[nH]1,S=c1[nH]c2ccc(N(c3ccc(-c4sc(-c5cccs5)c5c4OCCO5)cc3)c3ccc4[nH]c(=S)[nH]c4c3)cc2[nH]1,True,False
CN1c2ccc(C=C(C#N)C(=O)O)cc2Sc2cc(-c3ccc(-c4ccc(N(c5ccccc5)c5ccc(C=C(C#N)C(=O)O)cc5)cc4)s3)ccc21,c1ccc(N(c2ccccc2)c2ccc(-c3ccc(-c4ccc5c(c4)Sc4ccccc4N5)s3)cc2)cc1,c1ccc(N(c2ccccc2)c2ccc(-c3ccc(-c4ccc5c(c4)Sc4ccccc4N5)s3)cc2)cc1,True,False
COS(C)(=O)=O,,acyclic_5713,True,False
CN(C)C=C(Cl)C=[N+](C)C.F[P-](F)(F)(F)(F)F,,acyclic_5714,False,True
Cc1cccc2c1nc(-[c-]1cccc1)n2-[c-]1cccc1.[Fe+2].[Fe+2].c1cc[cH-]c1.c1cc[cH-]c1,c1cc[cH-]c1.c1cc[cH-]c1.c1ccc2c(c1)nc(-[c-]1cccc1)n2-[c-]1cccc1,c1cc[cH-]c1.c1cc[cH-]c1.c1ccc2c(c1)nc(-[c-]1cccc1)n2-[c-]1cccc1,False,True
Cc1cccc2c1n(C)c(-[c-]1cccc1)[n+]2-[c-]1cccc1.[Fe+2].[Fe+2].[I-].c1cc[cH-]c1.c1cc[cH-]c1,c1cc[cH-]c1.c1cc[cH-]c1.c1ccc2c(c1)[nH]c(-[c-]1cccc1)[n+]2-[c-]1cccc1,c1cc[cH-]c1.c1cc[cH-]c1.c1ccc2c(c1)[nH]c(-[c-]1cccc1)[n+]2-[c-]1cccc1,True,False
CCn1c(-[c-]2cccc2)[n+](-[c-]2cccc2)c2cccc(C)c21.[Fe+2].[Fe+2].[I-].c1cc[cH-]c1.c1cc[cH-]c1,c1cc[cH-]c1.c1cc[cH-]c1.c1ccc2c(c1)[nH]c(-[c-]1cccc1)[n+]2-[c-]1cccc1,c1cc[cH-]c1.c1cc[cH-]c1.c1ccc2c(c1)[nH]c(-[c-]1cccc1)[n+]2-[c-]1cccc1,True,False
CCC(C)Cc1cc(C=C2C(=O)c3ccccc3C2=O)sc1-c1cc2c(s1)-c1sc(-c3sc(C=C4C(=O)c5ccccc5C4=O)cc3CC(C)CC)cc1[Si]2(C)C,O=C1C(=Cc2ccc(-c3cc4c(s3)-c3sc(-c5ccc(C=C6C(=O)c7ccccc7C6=O)s5)cc3[SiH2]4)s2)C(=O)c2ccccc21,O=C1C(=Cc2ccc(-c3cc4c(s3)-c3sc(-c5ccc(C=C6C(=O)c7ccccc7C6=O)s5)cc3[SiH2]4)s2)C(=O)c2ccccc21,True,False
CCCCN1c2ccc(C=CC(=O)O)cc2Sc2cc(C=CC3=CC(=C(C#N)C#N)C=C(C=Cc4ccc5c(c4)Sc4cc(C=CC(=O)O)ccc4N5CC(C)CC)O3)ccc21,C=C1C=C(C=Cc2ccc3c(c2)Sc2ccccc2N3)OC(C=Cc2ccc3c(c2)Sc2ccccc2N3)=C1,C=C1C=C(C=Cc2ccc3c(c2)Sc2ccccc2N3)OC(C=Cc2ccc3c(c2)Sc2ccccc2N3)=C1,False,True
CCCCN1c2ccc(C=CC(=O)O)cc2Sc2cc(C=CC3=CC(=C4C(=O)N(CC)C(=S)N(CC)C4=O)C=C(C=Cc4ccc5c(c4)Sc4cc(C=CC(=O)O)ccc4N5CC(C)CC)O3)ccc21,O=C1NC(=S)NC(=O)C1=C1C=C(C=Cc2ccc3c(c2)Sc2ccccc2N3)OC(C=Cc2ccc3c(c2)Sc2ccccc2N3)=C1,O=C1NC(=S)NC(=O)C1=C1C=C(C=Cc2ccc3c(c2)Sc2ccccc2N3)OC(C=Cc2ccc3c(c2)Sc2ccccc2N3)=C1,True,False
CCCCN1c2ccc(C=CC(=O)O)cc2Sc2cc(C=CC3=CC(=C4C(=O)c5ccccc5C4=C(C#N)C#N)C=C(C=Cc4ccc5c(c4)Sc4cc(C=CC(=O)O)ccc4N5CC(C)CC)O3)ccc21,C=C1C(=C2C=C(C=Cc3ccc4c(c3)Sc3ccccc3N4)OC(C=Cc3ccc4c(c3)Sc3ccccc3N4)=C2)C(=O)c2ccccc21,C=C1C(=C2C=C(C=Cc3ccc4c(c3)Sc3ccccc3N4)OC(C=Cc3ccc4c(c3)Sc3ccccc3N4)=C2)C(=O)c2ccccc21,False,True
F[P-](F)(F)(F)(F)F,,acyclic_5722,True,False
O=S(=O)([O-])C(F)(F)F.O=S(=O)([O-])C(F)(F)F.O=S(=O)([O-])C(F)(F)F.[Eu+3],,acyclic_5723,True,False
CCCCc1ccc(-c2c3cc(-c4sc(C=C(C#N)C(=O)OC)cc4C)sc3c(-c3ccc(CC(C)CC)s3)c3cc(-c4sc(C=C(C#N)C(=O)OC)cc4C)sc23)s1,c1csc(-c2cc3c(-c4cccs4)c4sc(-c5cccs5)cc4c(-c4cccs4)c3s2)c1,c1csc(-c2cc3c(-c4cccs4)c4sc(-c5cccs5)cc4c(-c4cccs4)c3s2)c1,True,False
CCCCOc1ccc(N(c2ccc(OCC(C)CC)cc2)c2ccc(-c3ccc(-c4ccc(N(c5ccc(OCC(C)CC)cc5)c5ccc(OCC(C)CC)cc5)cc4)c4nsnc34)cc2)cc1,c1ccc(N(c2ccccc2)c2ccc(-c3ccc(-c4ccc(N(c5ccccc5)c5ccccc5)cc4)c4nsnc34)cc2)cc1,c1ccc(N(c2ccccc2)c2ccc(-c3ccc(-c4ccc(N(c5ccccc5)c5ccccc5)cc4)c4nsnc34)cc2)cc1,True,False
Cn1ccnc1,c1c[nH]cn1,c1c[nH]cn1,False,True
CCCC#N,,acyclic_5727,False,True
Cc1cccccccs1.[Cl-],c1ccccsccc1,c1ccccsccc1,False,True
CCC(C)CC1(CC(C)CC)c2ccccc2-c2ccc(-c3ccc4c(c3)C(CC(C)CC)(CC(C)CC)c3cc(-c5ccc6c(c5)C(CC(C)CC)(CC(C)CC)c5ccccc5-6)ccc3-4)cc21,c1ccc2c(c1)Cc1cc(-c3ccc4c(c3)Cc3cc(-c5ccc6c(c5)Cc5ccccc5-6)ccc3-4)ccc1-2,c1ccc2c(c1)Cc1cc(-c3ccc4c(c3)Cc3cc(-c5ccc6c(c5)Cc5ccccc5-6)ccc3-4)ccc1-2,True,False
CCC(C)CC1(CC(C)CC)c2cc(-c3ccc(C(F)(F)F)cc3)ccc2-c2ccc(-c3ccc4c(c3)C(CC(C)CC)(CC(C)CC)c3cc(-c5ccc(C(F)(F)F)cc5)ccc3-4)cc21,c1ccc(-c2ccc3c(c2)Cc2cc(-c4ccc5c(c4)Cc4cc(-c6ccccc6)ccc4-5)ccc2-3)cc1,c1ccc(-c2ccc3c(c2)Cc2cc(-c4ccc5c(c4)Cc4cc(-c6ccccc6)ccc4-5)ccc2-3)cc1,True,False
CCN(CC)N=O,,acyclic_5731,False,True
O=NN(CCO)CCO,,acyclic_5732,True,False
O=NN1CCOCC1,C1COCCN1,C1COCCN1,False,True
COc1ccc(C(=O)c2ccccc2)c(O)c1.[O-2].[O-2].[Ti+4],O=C(c1ccccc1)c1ccccc1,O=C(c1ccccc1)c1ccccc1,True,False
Cc1cc(C)cc(N2C(=O)c3cccc4cc(N=Cc5ccc(C=Nc6cc7c8c(cccc8c6)C(=O)N(c6cc(C)cc(C)c6)C7=O)s5)cc(c34)C2=O)c1,O=C1c2cccc3cc(N=Cc4ccc(C=Nc5cc6c7c(cccc7c5)C(=O)N(c5ccccc5)C6=O)s4)cc(c23)C(=O)N1c1ccccc1,O=C1c2cccc3cc(N=Cc4ccc(C=Nc5cc6c7c(cccc7c5)C(=O)N(c5ccccc5)C6=O)s4)cc(c23)C(=O)N1c1ccccc1,True,False
Cc1cc(C)cc(N2C(=O)c3cccc4cc(N=Cc5ccc(-c6ccc(C=Nc7cc8c9c(cccc9c7)C(=O)N(c7cc(C)cc(C)c7)C8=O)s6)s5)cc(c34)C2=O)c1,O=C1c2cccc3cc(N=Cc4ccc(-c5ccc(C=Nc6cc7c8c(cccc8c6)C(=O)N(c6ccccc6)C7=O)s5)s4)cc(c23)C(=O)N1c1ccccc1,O=C1c2cccc3cc(N=Cc4ccc(-c5ccc(C=Nc6cc7c8c(cccc8c6)C(=O)N(c6ccccc6)C7=O)s5)s4)cc(c23)C(=O)N1c1ccccc1,True,False
CN1CCCC1=O,O=C1CCCN1,O=C1CCCN1,True,False
CC(=O)CC(=O)c1cc(C(=O)CC(C)=O)c(C)nc1C,c1ccncc1,c1ccncc1,False,True
Cc1c2oc(-c3ccc(Br)cc3)c(-c3ccc(Br)cc3)c2c(C)c2oc(-c3ccc(Br)cc3)c(-c3ccc(Br)cc3)c12,c1ccc(-c2oc3cc4c(-c5ccccc5)c(-c5ccccc5)oc4cc3c2-c2ccccc2)cc1,c1ccc(-c2oc3cc4c(-c5ccccc5)c(-c5ccccc5)oc4cc3c2-c2ccccc2)cc1,True,False
Cc1c2oc(-c3ccc(-c4ccccc4)cc3)c(-c3ccc(-c4ccccc4)cc3)c2c(C)c2oc(-c3ccc(-c4ccccc4)cc3)c(-c3ccc(-c4ccccc4)cc3)c12,c1ccc(-c2ccc(-c3oc4cc5c(-c6ccc(-c7ccccc7)cc6)c(-c6ccc(-c7ccccc7)cc6)oc5cc4c3-c3ccc(-c4ccccc4)cc3)cc2)cc1,c1ccc(-c2ccc(-c3oc4cc5c(-c6ccc(-c7ccccc7)cc6)c(-c6ccc(-c7ccccc7)cc6)oc5cc4c3-c3ccc(-c4ccccc4)cc3)cc2)cc1,True,False
COc1ccc(-c2ccc(-c3oc4c(C)c5c(-c6ccc(-c7ccc(OC)cc7)cc6)c(-c6ccc(-c7ccc(OC)cc7)cc6)oc5c(C)c4c3-c3ccc(-c4ccc(OC)cc4)cc3)cc2)cc1,c1ccc(-c2ccc(-c3oc4cc5c(-c6ccc(-c7ccccc7)cc6)c(-c6ccc(-c7ccccc7)cc6)oc5cc4c3-c3ccc(-c4ccccc4)cc3)cc2)cc1,c1ccc(-c2ccc(-c3oc4cc5c(-c6ccc(-c7ccccc7)cc6)c(-c6ccc(-c7ccccc7)cc6)oc5cc4c3-c3ccc(-c4ccccc4)cc3)cc2)cc1,True,False
COc1ccccc1-c1ccc(-c2oc3c(C)c4c(-c5ccc(-c6ccccc6OC)cc5)c(-c5ccc(-c6ccccc6OC)cc5)oc4c(C)c3c2-c2ccc(-c3ccccc3OC)cc2)cc1,c1ccc(-c2ccc(-c3oc4cc5c(-c6ccc(-c7ccccc7)cc6)c(-c6ccc(-c7ccccc7)cc6)oc5cc4c3-c3ccc(-c4ccccc4)cc3)cc2)cc1,c1ccc(-c2ccc(-c3oc4cc5c(-c6ccc(-c7ccccc7)cc6)c(-c6ccc(-c7ccccc7)cc6)oc5cc4c3-c3ccc(-c4ccccc4)cc3)cc2)cc1,True,False
COc1cccc(-c2ccc(-c3oc4c(C)c5c(-c6ccc(-c7cccc(OC)c7)cc6)c(-c6ccc(-c7cccc(OC)c7)cc6)oc5c(C)c4c3-c3ccc(-c4cccc(OC)c4)cc3)cc2)c1,c1ccc(-c2ccc(-c3oc4cc5c(-c6ccc(-c7ccccc7)cc6)c(-c6ccc(-c7ccccc7)cc6)oc5cc4c3-c3ccc(-c4ccccc4)cc3)cc2)cc1,c1ccc(-c2ccc(-c3oc4cc5c(-c6ccc(-c7ccccc7)cc6)c(-c6ccc(-c7ccccc7)cc6)oc5cc4c3-c3ccc(-c4ccccc4)cc3)cc2)cc1,True,False
Cc1c2oc(-c3ccc(-c4ccc(C#N)cc4)cc3)c(-c3ccc(-c4ccc(C#N)cc4)cc3)c2c(C)c2oc(-c3ccc(-c4ccc(C#N)cc4)cc3)c(-c3ccc(-c4ccc(C#N)cc4)cc3)c12,c1ccc(-c2ccc(-c3oc4cc5c(-c6ccc(-c7ccccc7)cc6)c(-c6ccc(-c7ccccc7)cc6)oc5cc4c3-c3ccc(-c4ccccc4)cc3)cc2)cc1,c1ccc(-c2ccc(-c3oc4cc5c(-c6ccc(-c7ccccc7)cc6)c(-c6ccc(-c7ccccc7)cc6)oc5cc4c3-c3ccc(-c4ccccc4)cc3)cc2)cc1,True,False
Cc1c2oc(-c3ccc(-c4ccc(C=O)cc4)cc3)c(-c3ccc(-c4ccc(C=O)cc4)cc3)c2c(C)c2oc(-c3ccc(-c4ccc(C=O)cc4)cc3)c(-c3ccc(-c4ccc(C=O)cc4)cc3)c12,c1ccc(-c2ccc(-c3oc4cc5c(-c6ccc(-c7ccccc7)cc6)c(-c6ccc(-c7ccccc7)cc6)oc5cc4c3-c3ccc(-c4ccccc4)cc3)cc2)cc1,c1ccc(-c2ccc(-c3oc4cc5c(-c6ccc(-c7ccccc7)cc6)c(-c6ccc(-c7ccccc7)cc6)oc5cc4c3-c3ccc(-c4ccccc4)cc3)cc2)cc1,True,False
Cc1c2oc(-c3ccc(-c4ccc5ccccc5c4)cc3)c(-c3ccc(-c4ccc5ccccc5c4)cc3)c2c(C)c2oc(-c3ccc(-c4ccc5ccccc5c4)cc3)c(-c3ccc(-c4ccc5ccccc5c4)cc3)c12,c1ccc2cc(-c3ccc(-c4oc5cc6c(-c7ccc(-c8ccc9ccccc9c8)cc7)c(-c7ccc(-c8ccc9ccccc9c8)cc7)oc6cc5c4-c4ccc(-c5ccc6ccccc6c5)cc4)cc3)ccc2c1,c1ccc2cc(-c3ccc(-c4oc5cc6c(-c7ccc(-c8ccc9ccccc9c8)cc7)c(-c7ccc(-c8ccc9ccccc9c8)cc7)oc6cc5c4-c4ccc(-c5ccc6ccccc6c5)cc4)cc3)ccc2c1,True,False
Cc1c2oc(-c3ccc(-c4cccc5ccccc45)cc3)c(-c3ccc(-c4cccc5ccccc45)cc3)c2c(C)c2oc(-c3ccc(-c4cccc5ccccc45)cc3)c(-c3ccc(-c4cccc5ccccc45)cc3)c12,c1ccc2c(-c3ccc(-c4oc5cc6c(-c7ccc(-c8cccc9ccccc89)cc7)c(-c7ccc(-c8cccc9ccccc89)cc7)oc6cc5c4-c4ccc(-c5cccc6ccccc56)cc4)cc3)cccc2c1,c1ccc2c(-c3ccc(-c4oc5cc6c(-c7ccc(-c8cccc9ccccc89)cc7)c(-c7ccc(-c8cccc9ccccc89)cc7)oc6cc5c4-c4ccc(-c5cccc6ccccc56)cc4)cc3)cccc2c1,True,False
Cc1c2oc(-c3ccc(-c4ccncc4)cc3)c(-c3ccc(-c4ccncc4)cc3)c2c(C)c2oc(-c3ccc(-c4ccncc4)cc3)c(-c3ccc(-c4ccncc4)cc3)c12,c1cc(-c2ccc(-c3oc4cc5c(-c6ccc(-c7ccncc7)cc6)c(-c6ccc(-c7ccncc7)cc6)oc5cc4c3-c3ccc(-c4ccncc4)cc3)cc2)ccn1,c1cc(-c2ccc(-c3oc4cc5c(-c6ccc(-c7ccncc7)cc6)c(-c6ccc(-c7ccncc7)cc6)oc5cc4c3-c3ccc(-c4ccncc4)cc3)cc2)ccn1,True,False
Cc1c2oc(-c3ccc(-c4cnc5ccccc5c4)cc3)c(-c3ccc(-c4cnc5ccccc5c4)cc3)c2c(C)c2oc(-c3ccc(-c4cnc5ccccc5c4)cc3)c(-c3ccc(-c4cnc5ccccc5c4)cc3)c12,c1ccc2ncc(-c3ccc(-c4oc5cc6c(-c7ccc(-c8cnc9ccccc9c8)cc7)c(-c7ccc(-c8cnc9ccccc9c8)cc7)oc6cc5c4-c4ccc(-c5cnc6ccccc6c5)cc4)cc3)cc2c1,c1ccc2ncc(-c3ccc(-c4oc5cc6c(-c7ccc(-c8cnc9ccccc9c8)cc7)c(-c7ccc(-c8cnc9ccccc9c8)cc7)oc6cc5c4-c4ccc(-c5cnc6ccccc6c5)cc4)cc3)cc2c1,True,False
Cc1c2oc(-c3ccc(-c4ccoc4)cc3)c(-c3ccc(-c4ccoc4)cc3)c2c(C)c2oc(-c3ccc(-c4ccoc4)cc3)c(-c3ccc(-c4ccoc4)cc3)c12,c1cc(-c2ccc(-c3oc4cc5c(-c6ccc(-c7ccoc7)cc6)c(-c6ccc(-c7ccoc7)cc6)oc5cc4c3-c3ccc(-c4ccoc4)cc3)cc2)co1,c1cc(-c2ccc(-c3oc4cc5c(-c6ccc(-c7ccoc7)cc6)c(-c6ccc(-c7ccoc7)cc6)oc5cc4c3-c3ccc(-c4ccoc4)cc3)cc2)co1,True,False
COc1ccc2oc3c(NCCCN(C)CCCNC(=O)CCCC4=C5C(C)=CC(C)=[N+]5[B-](F)(F)n5c(C)cc(C)c54)c4ccccc4[n+](C)c3c2c1.[I-],O=C(CCCC1=C2C=CC=[N+]2[BH2-]n2cccc21)NCCCNCCCNc1c2ccccc2[nH+]c2c1oc1ccccc12,O=C(CCCC1=C2C=CC=[N+]2[BH2-]n2cccc21)NCCCNCCCNc1c2ccccc2[nH+]c2c1oc1ccccc12,True,False
CC(C)(C)c1ccc2c3ccccc3n(-c3ccc4c(-c5ccccc5)c5cc(-n6c7ccccc7c7cccc(C(C)(C)C)c76)ccc5c(-c5ccccc5)c4c3)c2c1,c1ccc(-c2c3ccc(-n4c5ccccc5c5ccccc54)cc3c(-c3ccccc3)c3ccc(-n4c5ccccc5c5ccccc54)cc23)cc1,c1ccc(-c2c3ccc(-n4c5ccccc5c5ccccc54)cc3c(-c3ccccc3)c3ccc(-n4c5ccccc5c5ccccc54)cc23)cc1,True,False
C1=CC2=[C](Cc3ccccc32)[GeH]=[CH]1,C1=CC2=[C](Cc3ccccc32)[GeH]=[CH]1,C1=CC2=[C](Cc3ccccc32)[GeH]=[CH]1,True,False
CCN(CC)c1ccc2c(-c3ccccc3C(=O)O)c3c([o+]c2c1)C(=CNc1ccccc1)CCC3.[O-][Cl+3]([O-])([O-])[O-],C(Nc1ccccc1)=C1CCCc2c1[o+]c1ccccc1c2-c1ccccc1,C(Nc1ccccc1)=C1CCCc2c1[o+]c1ccccc1c2-c1ccccc1,True,False
CCN(CC)c1ccc2cc3c([o+]c2c1)C(=CNc1ccccc1)CCC3.[O-][Cl+3]([O-])([O-])[O-],C(Nc1ccccc1)=C1CCCc2cc3ccccc3[o+]c21,C(Nc1ccccc1)=C1CCCc2cc3ccccc3[o+]c21,True,False
CCCn1c2ccc(-c3ccc(OCN(C)C)cc3)cc2c(=O)c2cc3c(cc21)c(=O)c1cc(-c2ccc(OCN(C)C)cc2)ccc1n3CC(C)C,O=c1c2cc(-c3ccccc3)ccc2[nH]c2cc3c(=O)c4cc(-c5ccccc5)ccc4[nH]c3cc12,O=c1c2cc(-c3ccccc3)ccc2[nH]c2cc3c(=O)c4cc(-c5ccccc5)ccc4[nH]c3cc12,True,False
CCN(CC)C1=C(C=C2[Se]c3ccccc3N2CC)C(=O)C1=Cc1[se]c2ccccc2[n+]1CC.O=S(=O)([O-])C(F)(F)F,O=C1C(C=C2Nc3ccccc3[Se]2)=CC1=Cc1[nH+]c2ccccc2[se]1,O=C1C(C=C2Nc3ccccc3[Se]2)=CC1=Cc1[nH+]c2ccccc2[se]1,True,False
C#CC#C,,acyclic_5758,False,True
N#CC(=Cc1ccc(-c2ccc(-c3sc(-c4ccc(-c5ccc(N(c6ccccc6)c6ccccc6)cc5)s4)c4c3OCCO4)s2)s1)C(=O)O,c1ccc(N(c2ccccc2)c2ccc(-c3ccc(-c4sc(-c5ccc(-c6cccs6)s5)c5c4OCCO5)s3)cc2)cc1,c1ccc(N(c2ccccc2)c2ccc(-c3ccc(-c4sc(-c5ccc(-c6cccs6)s5)c5c4OCCO5)s3)cc2)cc1,True,False
Cc1cc(C)c(B(c2cc(-c3ccc(-n4c5ccccc5c5cc(B(c6c(C)cc(C)cc6C)c6c(C)cc(C)cc6C)ccc54)cc3)c3[nH]c4ccccc4c3c2)c2c(C)cc(C)cc2C)c(C)c1,c1ccc(B(c2ccccc2)c2cc(-c3ccc(-n4c5ccccc5c5cc(B(c6ccccc6)c6ccccc6)ccc54)cc3)c3[nH]c4ccccc4c3c2)cc1,c1ccc(B(c2ccccc2)c2cc(-c3ccc(-n4c5ccccc5c5cc(B(c6ccccc6)c6ccccc6)ccc54)cc3)c3[nH]c4ccccc4c3c2)cc1,True,False
O=S(=O)([O-])[O-],,acyclic_5761,True,False
c1ccc2c(c1)Cc1[siH]cccc1-2,c1ccc2c(c1)Cc1[siH]cccc1-2,c1ccc2c(c1)Cc1[siH]cccc1-2,True,False
Cc1ccc(-c2nc3c(-c4ccc(C=C(C#N)C(=O)O)s4)ccc(-c4ccc(-c5ccc(N(c6ccccc6)c6ccccc6)cc5)s4)c3nc2-c2ccc(C)s2)s1,c1ccc(N(c2ccccc2)c2ccc(-c3ccc(-c4ccc(-c5cccs5)c5nc(-c6cccs6)c(-c6cccs6)nc45)s3)cc2)cc1,c1ccc(N(c2ccccc2)c2ccc(-c3ccc(-c4ccc(-c5cccs5)c5nc(-c6cccs6)c(-c6cccs6)nc45)s3)cc2)cc1,False,True
Cc1cc2c3cc(C)sc3c3nc4c(-c5ccc(-c6ccc(N(c7ccccc7)c7ccccc7)cc6)s5)ccc(-c5ccc(C=C(C#N)C(=O)O)s5)c4nc3c2s1,c1ccc(N(c2ccccc2)c2ccc(-c3ccc(-c4ccc(-c5cccs5)c5nc6c(nc45)c4sccc4c4ccsc46)s3)cc2)cc1,c1ccc(N(c2ccccc2)c2ccc(-c3ccc(-c4ccc(-c5cccs5)c5nc6c(nc45)c4sccc4c4ccsc46)s3)cc2)cc1,True,False
NNC(=O)CC(=O)NN,,acyclic_5765,False,True
CN(C)[c-]1cccc1-c1cccc2ccccc12.[Fe+2].c1cc[cH-]c1,[c-]1cccc1-c1cccc2ccccc12.c1cc[cH-]c1,[c-]1cccc1-c1cccc2ccccc12.c1cc[cH-]c1,False,True
O=C([O-])CCN(CCC(=O)[O-])c1ccc(C=C2CC(=Cc3ccc(N(CCC(=O)[O-])CCC(=O)[O-])cc3)C2=O)cc1.[Na+].[Na+].[Na+].[Na+],O=C1C(=Cc2ccccc2)CC1=Cc1ccccc1,O=C1C(=Cc2ccccc2)CC1=Cc1ccccc1,True,False
O=C([O-])CCN(CCC(=O)[O-])c1ccc(C=C2CCC(=Cc3ccc(N(CCC(=O)[O-])CCC(=O)[O-])cc3)C2=O)cc1.[Na+].[Na+].[Na+].[Na+],O=C1C(=Cc2ccccc2)CCC1=Cc1ccccc1,O=C1C(=Cc2ccccc2)CCC1=Cc1ccccc1,True,False
O=C([O-])CCN(CCC(=O)[O-])c1ccc(C=C2CCCC(=Cc3ccc(N(CCC(=O)[O-])CCC(=O)[O-])cc3)C2=O)cc1.[Na+].[Na+].[Na+].[Na+],O=C1C(=Cc2ccccc2)CCCC1=Cc1ccccc1,O=C1C(=Cc2ccccc2)CCCC1=Cc1ccccc1,False,True
Cc1ccc([N-]c2cnc3ccccc3c2)c2ccccc12,c1ccc2ncc([N-]c3cccc4ccccc34)cc2c1,c1ccc2ncc([N-]c3cccc4ccccc34)cc2c1,True,False
CCc1ccc([N-]c2cnc3ccccc3c2)c2ccccc12,c1ccc2ncc([N-]c3cccc4ccccc34)cc2c1,c1ccc2ncc([N-]c3cccc4ccccc34)cc2c1,True,False
CCCc1ccc([N-]c2cnc3ccccc3c2)c2ccccc12,c1ccc2ncc([N-]c3cccc4ccccc34)cc2c1,c1ccc2ncc([N-]c3cccc4ccccc34)cc2c1,True,False
CCCCc1ccc([N-]c2cnc3ccccc3c2)c2ccccc12,c1ccc2ncc([N-]c3cccc4ccccc34)cc2c1,c1ccc2ncc([N-]c3cccc4ccccc34)cc2c1,True,False
COC(=O)c1ccc(-c2c3nc(c(-c4ccc(OC)cc4)c4ccc([nH]4)c(-c4ccc(OC)cc4)c4nc(c(-c5ccc(OC)cc5)c5ccc2[nH]5)C=C4)C=C3)cc1,C1=Cc2nc1c(-c1ccccc1)c1ccc([nH]1)c(-c1ccccc1)c1nc(c(-c3ccccc3)c3ccc([nH]3)c2-c2ccccc2)C=C1,C1=Cc2nc1c(-c1ccccc1)c1ccc([nH]1)c(-c1ccccc1)c1nc(c(-c3ccccc3)c3ccc([nH]3)c2-c2ccccc2)C=C1,True,False
COC(=O)c1ccc(-c2c3nc(c(-c4ccc(C(=O)OC)cc4)c4ccc([nH]4)c(-c4ccc(C(=O)OC)cc4)c4nc(c(-c5ccc(OC)cc5)c5ccc2[nH]5)C=C4)C=C3)cc1,C1=Cc2nc1c(-c1ccccc1)c1ccc([nH]1)c(-c1ccccc1)c1nc(c(-c3ccccc3)c3ccc([nH]3)c2-c2ccccc2)C=C1,C1=Cc2nc1c(-c1ccccc1)c1ccc([nH]1)c(-c1ccccc1)c1nc(c(-c3ccccc3)c3ccc([nH]3)c2-c2ccccc2)C=C1,True,False
CCCCCCCCCCOc1cc(C(=O)Oc2ccc(-n3cc(-[c-]4cccc4)nn3)c([N+](=O)[O-])c2)cc(OCCCCCCCCCC)c1OCCCCCCCCCC.[Fe+2].c1cc[cH-]c1,O=C(Oc1ccc(-n2cc(-[c-]3cccc3)nn2)cc1)c1ccccc1.c1cc[cH-]c1,O=C(Oc1ccc(-n2cc(-[c-]3cccc3)nn2)cc1)c1ccccc1.c1cc[cH-]c1,True,False
CCCCN1c2ccccc2Oc2cc(C=CC3=[N+](CCCC)c4ccc(C(=O)O)cc4C3(C)C)ccc21.[I-],C(=Cc1ccc2c(c1)Oc1ccccc1N2)C1=[NH+]c2ccccc2C1,C(=Cc1ccc2c(c1)Oc1ccccc1N2)C1=[NH+]c2ccccc2C1,True,False
CCCCN1c2ccccc2Oc2cc(C=CC3=C(O)C(=CC4=[N+](CCCC)c5ccc(C(=O)O)cc5C4(C)C)C3=O)ccc21.[I-],O=C1C(C=Cc2ccc3c(c2)Oc2ccccc2N3)=CC1=CC1=[NH+]c2ccccc2C1,O=C1C(C=Cc2ccc3c(c2)Oc2ccccc2N3)=CC1=CC1=[NH+]c2ccccc2C1,True,False
CCCCN1c2ccccc2Oc2cc(-c3ccc(C=CC4=[N+](CCCC)c5ccc(C(=O)O)cc5C4(C)C)s3)ccc21.[I-],C(=Cc1ccc(-c2ccc3c(c2)Oc2ccccc2N3)s1)C1=[NH+]c2ccccc2C1,C(=Cc1ccc(-c2ccc3c(c2)Oc2ccccc2N3)s1)C1=[NH+]c2ccccc2C1,False,True
CCC(C)Cc1cc(-c2cnc(-c3cc(CC(C)CC)c(-c4ccc(-c5ccc(C)s5)s4)s3)c3nsnc23)sc1-c1ccc(-c2ccc(C)s2)s1,c1csc(-c2ccc(-c3ccc(-c4cnc(-c5ccc(-c6ccc(-c7cccs7)s6)s5)c5nsnc45)s3)s2)c1,c1csc(-c2ccc(-c3ccc(-c4cnc(-c5ccc(-c6ccc(-c7cccs7)s6)s5)c5nsnc45)s3)s2)c1,True,False
F[B-](F)(F)F.F[B-](F)(F)F.F[B-](F)(F)F.F[B-](F)(F)F.[Bi+3].[Na+],,acyclic_5781,False,True
COc1cc(C=CC(=O)NCCCC[C@H](N)C(=O)O)ccc1O,c1ccccc1,c1ccccc1,False,True
COc1cc(C=CC(=O)O)cc(OC)c1O,c1ccccc1,c1ccccc1,False,True
O=C(O)[C@H](O)[C@@H](O)C(=O)O,,acyclic_5784,True,False
CCCCCCCCCCCCC1(C=O)C=CSC1C=O,C1=CSCC1,C1=CSCC1,True,False
CCCCC1(CC(C)CC)c2cc(-c3ccc4c(c3)C(CC(C)CC)(CC(C)CC)c3ccccc3-4)ccc2-c2ccc(-c3ccc4c(c3)C(CC(C)CC)(CC(C)CC)c3ccccc3-4)cc21,c1ccc2c(c1)Cc1cc(-c3ccc4c(c3)Cc3cc(-c5ccc6c(c5)Cc5ccccc5-6)ccc3-4)ccc1-2,c1ccc2c(c1)Cc1cc(-c3ccc4c(c3)Cc3cc(-c5ccc6c(c5)Cc5ccccc5-6)ccc3-4)ccc1-2,True,False
CCCCC1(CC(C)CC)c2cc(-c3ccc(F)cc3)ccc2-c2ccc(-c3ccc4c(c3)C(CC(C)CC)(CC(C)CC)c3cc(-c5ccc(F)cc5)ccc3-4)cc21,c1ccc(-c2ccc3c(c2)Cc2cc(-c4ccc5c(c4)Cc4cc(-c6ccccc6)ccc4-5)ccc2-3)cc1,c1ccc(-c2ccc3c(c2)Cc2cc(-c4ccc5c(c4)Cc4cc(-c6ccccc6)ccc4-5)ccc2-3)cc1,True,False
O=C[O-],,acyclic_5788,True,False
CCN(CC)c1ccc(C=CC2=[N+](CCC(=O)O)c3ccccc3C2(C)C)cc1.[I-],C(=Cc1ccccc1)C1=[NH+]c2ccccc2C1,C(=Cc1ccccc1)C1=[NH+]c2ccccc2C1,True,False
CC1(C)C(C=Cc2ccc(N3CCCC3)cc2)=[N+](CCC(=O)O)c2ccccc21.[I-],C(=Cc1ccc(N2CCCC2)cc1)C1=[NH+]c2ccccc2C1,C(=Cc1ccc(N2CCCC2)cc1)C1=[NH+]c2ccccc2C1,True,False
CCN(CCOCCOCCOCCOC)c1ccc(C=Cc2cc(C#N)c(C=Cc3ccc(N(CC)CCOCCOCCOCCOC)cc3)cc2C#N)cc1,C(=Cc1ccc(C=Cc2ccccc2)cc1)c1ccccc1,C(=Cc1ccc(C=Cc2ccccc2)cc1)c1ccccc1,True,False
CCN(CCOCCOCCOCCOC)c1ccc(C=C(C#N)c2ccc(C(C#N)=Cc3ccc(N(CC)CCOCCOCCOCCOC)cc3)cc2)cc1,C(=Cc1ccc(C=Cc2ccccc2)cc1)c1ccccc1,C(=Cc1ccc(C=Cc2ccccc2)cc1)c1ccccc1,True,False
C=C(C)C(=O)OCCCCCCCC,,acyclic_5793,False,True
CCCCN1c2ccccc2Oc2cc(-c3ccc(C=Cc4cc(C=C(C#N)C(=O)O)sc4-c4ccc(N(c5ccc(C)cc5)c5ccc(C)cc5)cc4)s3)ccc21,C(=Cc1ccsc1-c1ccc(N(c2ccccc2)c2ccccc2)cc1)c1ccc(-c2ccc3c(c2)Oc2ccccc2N3)s1,C(=Cc1ccsc1-c1ccc(N(c2ccccc2)c2ccccc2)cc1)c1ccc(-c2ccc3c(c2)Oc2ccccc2N3)s1,True,False
Cc1nc2c(-c3ccc(C=C(C#N)C(=O)O)s3)c3nc(C)c(C)nc3c(-c3ccc(-c4ccc(N(c5ccccc5)c5ccccc5)cc4)s3)c2nc1C,c1ccc(N(c2ccccc2)c2ccc(-c3ccc(-c4c5nccnc5c(-c5cccs5)c5nccnc45)s3)cc2)cc1,c1ccc(N(c2ccccc2)c2ccc(-c3ccc(-c4c5nccnc5c(-c5cccs5)c5nccnc45)s3)cc2)cc1,True,False
COc1ccc(N(c2ccc(OC)cc2)c2ccc(-c3ccc(-c4ccc(-c5ccc(C=C(C#N)C(=O)O)s5)c5nc(C)c(C)nc45)s3)cc2)cc1,c1ccc(N(c2ccccc2)c2ccc(-c3ccc(-c4ccc(-c5cccs5)c5nccnc45)s3)cc2)cc1,c1ccc(N(c2ccccc2)c2ccc(-c3ccc(-c4ccc(-c5cccs5)c5nccnc45)s3)cc2)cc1,True,False
CC(C)(C)c1cc[c-](C(C)(C)C)c1.CC(C)(C)c1cc[c-](C(C)(C)C)c1.[Fe+2],[c-]1cccc1.[c-]1cccc1,[c-]1cccc1.[c-]1cccc1,False,True
CC(C)(C)c1ccc[c-]1C(C)(C)C.CC(C)(C)c1ccc[c-]1C(C)(C)C.[Fe+2],[c-]1cccc1.[c-]1cccc1,[c-]1cccc1.[c-]1cccc1,False,True
NC(=O)NN=Cc1cc(Br)ccc1O,c1ccccc1,c1ccccc1,False,True
S=C1N=CCS1,S=C1N=CCS1,S=C1N=CCS1,False,True
c1c[nH+]c[nH]1,c1c[nH+]c[nH]1,c1c[nH+]c[nH]1,True,False
NCCN1CCOCC1,C1COCCN1,C1COCCN1,False,True
Oc1c(Cl)cc(Cl)cc1Cl,c1ccccc1,c1ccccc1,False,True
O=C1C=CC(=O)C=C1,O=C1C=CC(=O)C=C1,O=C1C=CC(=O)C=C1,False,True
NC1CCCCC1N,C1CCCCC1,C1CCCCC1,True,False
Cn1c2cc(-c3ccc(-c4cc(-c5ccccn5)nc(-c5ccccn5)c4)cc3)ccc2c2ccc(-c3ccc(-c4cc(-c5ccccn5)nc(-c5ccccn5)c4)cc3)cc21,c1ccc(-c2cc(-c3ccc(-c4ccc5c(c4)[nH]c4cc(-c6ccc(-c7cc(-c8ccccn8)nc(-c8ccccn8)c7)cc6)ccc45)cc3)cc(-c3ccccn3)n2)nc1,c1ccc(-c2cc(-c3ccc(-c4ccc5c(c4)[nH]c4cc(-c6ccc(-c7cc(-c8ccccn8)nc(-c8ccccn8)c7)cc6)ccc45)cc3)cc(-c3ccccn3)n2)nc1,True,False
CC1=C(c2sc(-c3ccc(-c4cc(-c5ccccn5)nc(-c5ccccn5)c4)cc3)cc2C)S(=[SiH2])C(c2ccc(-c3cc(-c4ccccn4)nc(-c4ccccn4)c3)cc2)=C1,[SiH2]=S1C(c2ccc(-c3cc(-c4ccccn4)nc(-c4ccccn4)c3)cc2)=CC=C1c1ccc(-c2ccc(-c3cc(-c4ccccn4)nc(-c4ccccn4)c3)cc2)s1,[SiH2]=S1C(c2ccc(-c3cc(-c4ccccn4)nc(-c4ccccn4)c3)cc2)=CC=C1c1ccc(-c2ccc(-c3cc(-c4ccccn4)nc(-c4ccccn4)c3)cc2)s1,True,False
CCCCn1c2cc(C=C3C(=O)N(CC(C)CC)C(=O)C(C#N)=C3C)sc2c2sc(-c3ccc(N(c4ccccc4)c4ccccc4)cc3)cc21,O=C1C=CC(=Cc2cc3[nH]c4cc(-c5ccc(N(c6ccccc6)c6ccccc6)cc5)sc4c3s2)C(=O)N1,O=C1C=CC(=Cc2cc3[nH]c4cc(-c5ccc(N(c6ccccc6)c6ccccc6)cc5)sc4c3s2)C(=O)N1,True,False
CN(C)N=O,,acyclic_5809,True,False
O=NN1CCCC1,C1CCNC1,C1CCNC1,True,False
CCCCN(CCCC)N=O,,acyclic_5811,True,False
N#CCCC1=NOC(=O)C1,O=C1CC=NO1,O=C1CC=NO1,True,False
CCOS(C)(=O)=O,,acyclic_5813,True,False
O=C1CC(=O)NC(=O)N1,O=C1CC(=O)NC(=O)N1,O=C1CC(=O)NC(=O)N1,True,False
O=C1CC(=O)NC(=S)N1,O=C1CC(=O)NC(=S)N1,O=C1CC(=O)NC(=S)N1,True,False
O=C([O-])CC(O)C(=O)[O-],,acyclic_5816,True,False
O=C([O-])CC(O)(CC(=O)[O-])C(=O)[O-].[Na+].[Na+].[Na+],,acyclic_5817,True,False
C(=C[c-]1cccc1)c1nnc(-c2nc(-c3ccccc3)no2)o1.[Fe+2].c1cc[cH-]c1,C(=C[c-]1cccc1)c1nnc(-c2nc(-c3ccccc3)no2)o1.c1cc[cH-]c1,C(=C[c-]1cccc1)c1nnc(-c2nc(-c3ccccc3)no2)o1.c1cc[cH-]c1,True,False
Cc1ccc(-c2noc(-c3nnc(C=C[c-]4cccc4)o3)n2)cc1.[Fe+2].c1cc[cH-]c1,C(=C[c-]1cccc1)c1nnc(-c2nc(-c3ccccc3)no2)o1.c1cc[cH-]c1,C(=C[c-]1cccc1)c1nnc(-c2nc(-c3ccccc3)no2)o1.c1cc[cH-]c1,True,False
COc1ccc(-c2noc(-c3nnc(C=C[c-]4cccc4)o3)n2)cc1.[Fe+2].c1cc[cH-]c1,C(=C[c-]1cccc1)c1nnc(-c2nc(-c3ccccc3)no2)o1.c1cc[cH-]c1,C(=C[c-]1cccc1)c1nnc(-c2nc(-c3ccccc3)no2)o1.c1cc[cH-]c1,True,False
Clc1ccc(-c2noc(-c3nnc(C=C[c-]4cccc4)o3)n2)cc1.[Fe+2].c1cc[cH-]c1,C(=C[c-]1cccc1)c1nnc(-c2nc(-c3ccccc3)no2)o1.c1cc[cH-]c1,C(=C[c-]1cccc1)c1nnc(-c2nc(-c3ccccc3)no2)o1.c1cc[cH-]c1,True,False
FC(F)(F)c1ccc(-c2noc(-c3nnc(C=C[c-]4cccc4)o3)n2)cc1.[Fe+2].c1cc[cH-]c1,C(=C[c-]1cccc1)c1nnc(-c2nc(-c3ccccc3)no2)o1.c1cc[cH-]c1,C(=C[c-]1cccc1)c1nnc(-c2nc(-c3ccccc3)no2)o1.c1cc[cH-]c1,True,False
C=CC#N.C=CC=C.C=Cc1ccccc1,c1ccccc1,c1ccccc1,False,True
c1ccc(-c2cc(-c3ccccc3N(c3ccccc3)c3ccccc3)c(-c3ccccc3)cc2-c2ccccc2N(c2ccccc2)c2ccccc2)cc1,c1ccc(-c2cc(-c3ccccc3N(c3ccccc3)c3ccccc3)c(-c3ccccc3)cc2-c2ccccc2N(c2ccccc2)c2ccccc2)cc1,c1ccc(-c2cc(-c3ccccc3N(c3ccccc3)c3ccccc3)c(-c3ccccc3)cc2-c2ccccc2N(c2ccccc2)c2ccccc2)cc1,True,False
c1ccc(Cc2cc(-c3ccccc3N(c3ccccc3)c3ccccc3)c(Cc3ccccc3)cc2-c2ccccc2N(c2ccccc2)c2ccccc2)cc1,c1ccc(Cc2cc(-c3ccccc3N(c3ccccc3)c3ccccc3)c(Cc3ccccc3)cc2-c2ccccc2N(c2ccccc2)c2ccccc2)cc1,c1ccc(Cc2cc(-c3ccccc3N(c3ccccc3)c3ccccc3)c(Cc3ccccc3)cc2-c2ccccc2N(c2ccccc2)c2ccccc2)cc1,False,True
c1ccc(N(c2ccccc2)c2ccccc2-c2cc(-c3cccc4ccccc34)c(-c3ccccc3N(c3ccccc3)c3ccccc3)cc2-c2cccc3ccccc23)cc1,c1ccc(N(c2ccccc2)c2ccccc2-c2cc(-c3cccc4ccccc34)c(-c3ccccc3N(c3ccccc3)c3ccccc3)cc2-c2cccc3ccccc23)cc1,c1ccc(N(c2ccccc2)c2ccccc2-c2cc(-c3cccc4ccccc34)c(-c3ccccc3N(c3ccccc3)c3ccccc3)cc2-c2cccc3ccccc23)cc1,True,False
O=S([O-])[O-],,acyclic_5827,True,False
CN1C(=CN=Nc2ccc(C=CC3Sc4ccccc4N3CCO)cc2)C(C)(C)c2ccccc21.[I-],C(=CC1Nc2ccccc2S1)c1ccc(N=NC=C2Cc3ccccc3N2)cc1,C(=CC1Nc2ccccc2S1)c1ccc(N=NC=C2Cc3ccccc3N2)cc1,False,True
CN1C(=CN=Nc2ccc(C=CC3=CCN(CCO)c4ccccc43)cc2)C(C)(C)c2ccccc21.[I-],C(=Cc1ccc(N=NC=C2Cc3ccccc3N2)cc1)C1=CCNc2ccccc21,C(=Cc1ccc(N=NC=C2Cc3ccccc3N2)cc1)C1=CCNc2ccccc21,True,False
CC(C)(C)c1ccc(-c2nc3c4ccc(-c5ccc6c(c5)c5ccccc5n6-c5ccccc5)cc4c4cc(-c5ccc6c(c5)c5ccccc5n6-c5ccccc5)ccc4c3n2-c2ccc(C(C)(C)C)cc2)cc1,c1ccc(-c2nc3c4ccc(-c5ccc6c(c5)c5ccccc5n6-c5ccccc5)cc4c4cc(-c5ccc6c(c5)c5ccccc5n6-c5ccccc5)ccc4c3n2-c2ccccc2)cc1,c1ccc(-c2nc3c4ccc(-c5ccc6c(c5)c5ccccc5n6-c5ccccc5)cc4c4cc(-c5ccc6c(c5)c5ccccc5n6-c5ccccc5)ccc4c3n2-c2ccccc2)cc1,True,False
Cc1ccc(C#Cc2ccc(-c3c4nc(c(C)c5ccc([nH]5)c(-c5ccc(C#Cc6ccc(C)s6)cc5)c5nc(c(C)c6ccc3[nH]6)C=C5)C=C4)cc2)s1,C(#Cc1cccs1)c1ccc(-c2c3nc(cc4ccc([nH]4)c(-c4ccc(C#Cc5cccs5)cc4)c4nc(cc5ccc2[nH]5)C=C4)C=C3)cc1,C(#Cc1cccs1)c1ccc(-c2c3nc(cc4ccc([nH]4)c(-c4ccc(C#Cc5cccs5)cc4)c4nc(cc5ccc2[nH]5)C=C4)C=C3)cc1,True,False
O=P(c1ccccc1)(c1ccc2c(c1)-c1ccccc1C21c2ccccc2-c2ccccc21)c1ccc2c(c1)-c1ccccc1C21c2ccccc2-c2ccccc21,O=P(c1ccccc1)(c1ccc2c(c1)-c1ccccc1C21c2ccccc2-c2ccccc21)c1ccc2c(c1)-c1ccccc1C21c2ccccc2-c2ccccc21,O=P(c1ccccc1)(c1ccc2c(c1)-c1ccccc1C21c2ccccc2-c2ccccc21)c1ccc2c(c1)-c1ccccc1C21c2ccccc2-c2ccccc21,False,True
COC(=O)C1COc2ccc(Cl)cc2C1,c1ccc2c(c1)CCCO2,c1ccc2c(c1)CCCO2,False,True
O=C1CCN1,O=C1CCN1,O=C1CCN1,True,False
O=C1c2ccc3c4ccc5c6c(ccc(c7ccc(c2c37)C(=O)N1c1ccc(N=Cc2ccc3ccc7cccc8ccc2c3c78)cc1)c64)C(=O)N(c1ccc(N=Cc2ccc3ccc4cccc6ccc2c3c46)cc1)C5=O,O=C1c2ccc3c4ccc5c6c(ccc(c7ccc(c2c37)C(=O)N1c1ccc(N=Cc2ccc3ccc7cccc8ccc2c3c78)cc1)c64)C(=O)N(c1ccc(N=Cc2ccc3ccc4cccc6ccc2c3c46)cc1)C5=O,O=C1c2ccc3c4ccc5c6c(ccc(c7ccc(c2c37)C(=O)N1c1ccc(N=Cc2ccc3ccc7cccc8ccc2c3c78)cc1)c64)C(=O)N(c1ccc(N=Cc2ccc3ccc4cccc6ccc2c3c46)cc1)C5=O,False,True
O=C1c2ccc3c4ccc5c6c(ccc(c7ccc(c2c37)C(=O)N1c1ccc(N=C2c3ccccc3-c3ccccc32)cc1)c64)C(=O)N(c1ccc(N=C2c3ccccc3-c3ccccc32)cc1)C5=O,O=C1c2ccc3c4ccc5c6c(ccc(c7ccc(c2c37)C(=O)N1c1ccc(N=C2c3ccccc3-c3ccccc32)cc1)c64)C(=O)N(c1ccc(N=C2c3ccccc3-c3ccccc32)cc1)C5=O,O=C1c2ccc3c4ccc5c6c(ccc(c7ccc(c2c37)C(=O)N1c1ccc(N=C2c3ccccc3-c3ccccc32)cc1)c64)C(=O)N(c1ccc(N=C2c3ccccc3-c3ccccc32)cc1)C5=O,True,False
O=C1c2ccc3c4ccc5c6c(ccc(c7ccc(c2c37)C(=O)N1c1ccc(N=Cc2ccc([N+](=O)[O-])cc2)cc1)c64)C(=O)N(c1ccc(N=Cc2ccc([N+](=O)[O-])cc2)cc1)C5=O,O=C1c2ccc3c4ccc5c6c(ccc(c7ccc(c2c37)C(=O)N1c1ccc(N=Cc2ccccc2)cc1)c64)C(=O)N(c1ccc(N=Cc2ccccc2)cc1)C5=O,O=C1c2ccc3c4ccc5c6c(ccc(c7ccc(c2c37)C(=O)N1c1ccc(N=Cc2ccccc2)cc1)c64)C(=O)N(c1ccc(N=Cc2ccccc2)cc1)C5=O,True,False
O=C1c2ccc3c4ccc5c6c(ccc(c7ccc(c2c37)C(=O)N1c1ccc(N=Cc2c(O)cccc2[N+](=O)[O-])cc1)c64)C(=O)N(c1ccc(N=Cc2c(O)cccc2[N+](=O)[O-])cc1)C5=O,O=C1c2ccc3c4ccc5c6c(ccc(c7ccc(c2c37)C(=O)N1c1ccc(N=Cc2ccccc2)cc1)c64)C(=O)N(c1ccc(N=Cc2ccccc2)cc1)C5=O,O=C1c2ccc3c4ccc5c6c(ccc(c7ccc(c2c37)C(=O)N1c1ccc(N=Cc2ccccc2)cc1)c64)C(=O)N(c1ccc(N=Cc2ccccc2)cc1)C5=O,True,False
CN(C)c1ccc(C=Nc2ccc(N3C(=O)c4ccc5c6ccc7c8c(ccc(c9ccc(c4c59)C3=O)c86)C(=O)N(c3ccc(N=Cc4ccc(N(C)C)cc4)cc3)C7=O)cc2)cc1,O=C1c2ccc3c4ccc5c6c(ccc(c7ccc(c2c37)C(=O)N1c1ccc(N=Cc2ccccc2)cc1)c64)C(=O)N(c1ccc(N=Cc2ccccc2)cc1)C5=O,O=C1c2ccc3c4ccc5c6c(ccc(c7ccc(c2c37)C(=O)N1c1ccc(N=Cc2ccccc2)cc1)c64)C(=O)N(c1ccc(N=Cc2ccccc2)cc1)C5=O,True,False
C1CNCCN1,C1CNCCN1,C1CNCCN1,True,False
O=C([O-])c1cc(OCc2ccccc2)c(OCc2ccccc2O)c(OCc2ccccc2)c1-c1ccccc1,c1ccc(COc2ccc(-c3ccccc3)c(OCc3ccccc3)c2OCc2ccccc2)cc1,c1ccc(COc2ccc(-c3ccccc3)c(OCc3ccccc3)c2OCc2ccccc2)cc1,True,False
O=C([O-])c1cc(OCc2ccccc2)c(OCc2cccc(O)c2)c(OCc2ccccc2)c1-c1ccccc1,c1ccc(COc2ccc(-c3ccccc3)c(OCc3ccccc3)c2OCc2ccccc2)cc1,c1ccc(COc2ccc(-c3ccccc3)c(OCc3ccccc3)c2OCc2ccccc2)cc1,True,False
COc1ccccc1COc1c(OCc2ccccc2)cc(C(=O)[O-])c(-c2ccccc2)c1OCc1ccccc1,c1ccc(COc2ccc(-c3ccccc3)c(OCc3ccccc3)c2OCc2ccccc2)cc1,c1ccc(COc2ccc(-c3ccccc3)c(OCc3ccccc3)c2OCc2ccccc2)cc1,True,False
Cc1ccc(C(C)C)c(COc2c(OCc3ccccc3)cc(C(=O)[O-])c(-c3ccccc3)c2OCc2ccccc2)c1,c1ccc(COc2ccc(-c3ccccc3)c(OCc3ccccc3)c2OCc2ccccc2)cc1,c1ccc(COc2ccc(-c3ccccc3)c(OCc3ccccc3)c2OCc2ccccc2)cc1,True,False
COc1cc(C=O)ccc1COc1c(OCc2ccccc2)cc(C(=O)[O-])c(-c2ccccc2)c1OCc1ccccc1,c1ccc(COc2ccc(-c3ccccc3)c(OCc3ccccc3)c2OCc2ccccc2)cc1,c1ccc(COc2ccc(-c3ccccc3)c(OCc3ccccc3)c2OCc2ccccc2)cc1,True,False
COc1ccc(C=O)cc1COc1c(OCc2ccccc2)cc(C(=O)[O-])c(-c2ccccc2)c1OCc1ccccc1,c1ccc(COc2ccc(-c3ccccc3)c(OCc3ccccc3)c2OCc2ccccc2)cc1,c1ccc(COc2ccc(-c3ccccc3)c(OCc3ccccc3)c2OCc2ccccc2)cc1,True,False
CC(=O)O,,acyclic_5847,True,False
CN1c2ccc(Br)cc2C(C)(C)C12C=Cc1cc(Br)cc(-c3nc(-c4ccccc4)c(-c4ccccc4)n3Cc3ccccc3)c1O2,C1=CC2(Cc3ccccc3N2)Oc2c1cccc2-c1nc(-c2ccccc2)c(-c2ccccc2)n1Cc1ccccc1,C1=CC2(Cc3ccccc3N2)Oc2c1cccc2-c1nc(-c2ccccc2)c(-c2ccccc2)n1Cc1ccccc1,True,False
N[C@@H](CO)C(=O)O,,acyclic_5849,True,False
CCOc1cc(C=O)ccc1O,c1ccccc1,c1ccccc1,False,True
COc1cc(C=O)ccc1O,c1ccccc1,c1ccccc1,False,True
O=S(=O)([O-])c1cc2cc(Nc3ccccc3)ccc2c(O)c1N=Nc1ccc2ncnc(N3CCOCC3)c2c1.[Na+],c1ccc(Nc2ccc3cc(N=Nc4ccc5ncnc(N6CCOCC6)c5c4)ccc3c2)cc1,c1ccc(Nc2ccc3cc(N=Nc4ccc5ncnc(N6CCOCC6)c5c4)ccc3c2)cc1,True,False
CNc1ccc2cc(S(=O)(=O)[O-])c(N=Nc3ccc4ncnc(N5CCOCC5)c4c3)c(O)c2c1.[Na+],c1ccc2cc(N=Nc3ccc4ncnc(N5CCOCC5)c4c3)ccc2c1,c1ccc2cc(N=Nc3ccc4ncnc(N5CCOCC5)c4c3)ccc2c1,True,False
COCC(NC(CC=O)(C(=O)[O-])c1ccccc1Nc1c(Cl)cccc1Cl)C1NCc2ccccc21,c1ccc(Nc2ccccc2CNCC2NCc3ccccc32)cc1,c1ccc(Nc2ccccc2CNCC2NCc3ccccc32)cc1,True,False
C1=Cc2nc1c(-c1ccccc1)c1ccc([nH]1)c(-c1ccccc1)c1nc(c(-c3ccccc3)c3[nH]c(cc3C=Cc3ccc4ccc5cccc6ccc3c4c56)c2-c2ccccc2)C=C1,C1=Cc2nc1c(-c1ccccc1)c1ccc([nH]1)c(-c1ccccc1)c1nc(c(-c3ccccc3)c3[nH]c(cc3C=Cc3ccc4ccc5cccc6ccc3c4c56)c2-c2ccccc2)C=C1,C1=Cc2nc1c(-c1ccccc1)c1ccc([nH]1)c(-c1ccccc1)c1nc(c(-c3ccccc3)c3[nH]c(cc3C=Cc3ccc4ccc5cccc6ccc3c4c56)c2-c2ccccc2)C=C1,True,False
N[C@@H](Cc1ccc(O)cc1)C(=O)[O-],c1ccccc1,c1ccccc1,False,True
N#C[O-],,acyclic_5857,False,True
COc1ccc(CO)cc1OC,c1ccccc1,c1ccccc1,False,True
NCCCCN,,acyclic_5859,True,False
NCCCNCCCCNCCCN,,acyclic_5860,True,False
NCCCCNCCCN,,acyclic_5861,True,False
O=C1CN=CN1,O=C1CN=CN1,O=C1CN=CN1,False,True
O=C([O-])c1ccc(-c2ccsc2)cc1,c1ccc(-c2ccsc2)cc1,c1ccc(-c2ccsc2)cc1,False,True
C=C(C)C(=O)OC,,acyclic_5864,True,False
C=CCN1c2ccccc2C(C)(C)C12C=Cc1c(ccc3c1ccc[n+]3C)O2.[I-],C1=CC2(Cc3ccccc3N2)Oc2ccc3[nH+]cccc3c21,C1=CC2(Cc3ccccc3N2)Oc2ccc3[nH+]cccc3c21,True,False
CCCN1c2ccc(Br)cc2C(C)(C)C12C=Cc1c(ccc3c1ccc[n+]3C)O2.[I-],C1=CC2(Cc3ccccc3N2)Oc2ccc3[nH+]cccc3c21,C1=CC2(Cc3ccccc3N2)Oc2ccc3[nH+]cccc3c21,True,False
Cc1ccc2c(c1)C(C)(C)C1(C=Cc3c(ccc4c3ccc[n+]4C)O1)N2C.[I-],C1=CC2(Cc3ccccc3N2)Oc2ccc3[nH+]cccc3c21,C1=CC2(Cc3ccccc3N2)Oc2ccc3[nH+]cccc3c21,True,False
COc1ccc2c(c1)C(C)(C)C1(C=Cc3c(ccc4c3ccc[n+]4C)O1)N2C.[I-],C1=CC2(Cc3ccccc3N2)Oc2ccc3[nH+]cccc3c21,C1=CC2(Cc3ccccc3N2)Oc2ccc3[nH+]cccc3c21,True,False
CCC(COC1C=CC=CC1=NC1c2cccnc2-c2ncccc21)(COC1C=CC=CC1=NC1c2cccnc2-c2ncccc21)COC1C=CC=CC1=NC1c2cccnc2-c2ncccc21,C1=CC(=NC2c3cccnc3-c3ncccc32)C(OCC(COC2C=CC=CC2=NC2c3cccnc3-c3ncccc32)COC2C=CC=CC2=NC2c3cccnc3-c3ncccc32)C=C1,C1=CC(=NC2c3cccnc3-c3ncccc32)C(OCC(COC2C=CC=CC2=NC2c3cccnc3-c3ncccc32)COC2C=CC=CC2=NC2c3cccnc3-c3ncccc32)C=C1,True,False
CN1CCNC1=S,S=C1NCCN1,S=C1NCCN1,True,False
O=C([O-])c1ccccc1O,c1ccccc1,c1ccccc1,False,True
[2H]C([2H])([2H])C(=O)C([2H])([2H])[2H],,acyclic_5872,True,False
Cc1cn([C@H]2C[C@H](O)[C@@H](COP(=O)(O)O)O2)c(=O)nc1N,O=c1ncccn1[C@H]1CCCO1,O=c1ncccn1[C@H]1CCCO1,True,False
NCC(=O)CCC(=O)O,,acyclic_5874,True,False
OC[C@@H](O)[C@H](O)[C@@H](O)CO,,acyclic_5875,True,False
COc1ccc(C=O)cc1OC,c1ccccc1,c1ccccc1,False,True
COc1cc(C=O)cc(OC)c1O,c1ccccc1,c1ccccc1,False,True
CC1c2cc(-c3ccc(-c4ccc(C=C(C#N)C(=O)O)s4)s3)ccc2-c2ccc(N3c4ccccc4Sc4cc(C=C5c6ccccc6-c6ccccc65)ccc43)cc21,C(=C1c2ccccc2-c2ccccc21)c1ccc2c(c1)Sc1ccccc1N2c1ccc2c(c1)Cc1cc(-c3ccc(-c4cccs4)s3)ccc1-2,C(=C1c2ccccc2-c2ccccc21)c1ccc2c(c1)Sc1ccccc1N2c1ccc2c(c1)Cc1cc(-c3ccc(-c4cccs4)s3)ccc1-2,True,False
CN1c2c(nc(N)[nH]c2=O)NCC1CNc1ccc(C(=O)N[C@@H](CCC(=O)[O-])C(=O)O)cc1,O=c1[nH]cnc2c1NC(CNc1ccccc1)CN2,O=c1[nH]cnc2c1NC(CNc1ccccc1)CN2,True,False
Nc1nc2c(c(=O)[nH]1)N(C=O)C(CNc1ccc(C(=O)N[C@@H](CCC(=O)[O-])C(=O)O)cc1)CN2,O=c1[nH]cnc2c1NC(CNc1ccccc1)CN2,O=c1[nH]cnc2c1NC(CNc1ccccc1)CN2,True,False
Nc1nc2c(c(=O)[nH]1)NC(CN(C=O)c1ccc(C(=O)N[C@@H](CCC(=O)[O-])C(=O)O)cc1)CN2,O=c1[nH]cnc2c1NC(CNc1ccccc1)CN2,O=c1[nH]cnc2c1NC(CNc1ccccc1)CN2,True,False
Nc1nc2c(c(=O)[nH]1)NC(CNc1ccc(C(=O)N[C@@H](CCC(=O)[O-])C(=O)O)cc1)CN2,O=c1[nH]cnc2c1NC(CNc1ccccc1)CN2,O=c1[nH]cnc2c1NC(CNc1ccccc1)CN2,True,False
C=[N+]=[N-].N#CBr.N#CC([N+](=O)[O-])[N+](=O)[O-].O=[N+]([O-])C[N+](=O)[O-].c1c[nH]nn1.c1nnn[nH]1,c1c[nH]nn1.c1nnn[nH]1,c1c[nH]nn1.c1nnn[nH]1,True,False
N#[N+][O-],,acyclic_5884,False,True
CC1(C)C2CCC1(C)C(O)C2,C1CC2CCC1C2,C1CC2CCC1C2,True,False
CCCCCCCCCCCCCCCC(=O)OC,,acyclic_5886,False,True
CCCCCCCCCCCCCCCCCCCCCCCCCC,,acyclic_5887,True,False
CC(C)=CCCC(C)=CCCC(C)=CCO,,acyclic_5888,True,False
O=C[C@H]([18F])[C@@H](O)[C@H](O)[C@H](O)CO,,acyclic_5889,True,False
CC(C)=CCCC(C)=CCCC(C)=CCCC=C(C)CCC=C(C)CCC=C(C)C,,acyclic_5890,False,True
Cl.N[C@@H](C(=O)O)c1ccccc1,c1ccccc1,c1ccccc1,False,True
CC(C)[C@H](N)C(=O)O.Cl,,acyclic_5892,True,False
Cl.NCC(=O)O.NCC(=O)O,,acyclic_5893,True,False
NCC(=O)O.[Cl-].[Cl-].[Zn+2],,acyclic_5894,False,True
NCC(=O)O.O=S(=O)([O-])[O-].[Zn+2],,acyclic_5895,False,True
NCC(=O)O.O=C(O)C(=O)O,,acyclic_5896,True,False
[N-]=[N+]=NCCCCCCCCCCCS,,acyclic_5897,True,False
C1=CC[IH]C=C1,C1=CC[IH]C=C1,C1=CC[IH]C=C1,True,False
C#CCOC(=O)CNC1=C(Br)C(=O)O[C@@H]1OC1CC(C)CCC1C(C)C,O=C1C=C[C@@H](OC2CCCCC2)O1,O=C1C=C[C@@H](OC2CCCCC2)O1,True,False
C#CCOC(=O)[C@H](C)NC1=C(Br)C(=O)O[C@@H]1OC1CC(C)CCC1C(C)C,O=C1C=C[C@@H](OC2CCCCC2)O1,O=C1C=C[C@@H](OC2CCCCC2)O1,True,False
C#CCOC(=O)[C@@H](NC1=C(Br)C(=O)O[C@@H]1OC1CC(C)CCC1C(C)C)C(C)C,O=C1C=C[C@@H](OC2CCCCC2)O1,O=C1C=C[C@@H](OC2CCCCC2)O1,True,False
C#CCOC(=O)[C@H](CC(C)C)NC1=C(Br)C(=O)O[C@@H]1OC1CC(C)CCC1C(C)C,O=C1C=C[C@@H](OC2CCCCC2)O1,O=C1C=C[C@@H](OC2CCCCC2)O1,True,False
C#CCOC(=O)CCCCCNC1=C(Br)C(=O)O[C@@H]1OC1CC(C)CCC1C(C)C,O=C1C=C[C@@H](OC2CCCCC2)O1,O=C1C=C[C@@H](OC2CCCCC2)O1,True,False
C#CCOC(=O)CCCNC1=C(Br)C(=O)O[C@@H]1OC1CC(C)CCC1C(C)C,O=C1C=C[C@@H](OC2CCCCC2)O1,O=C1C=C[C@@H](OC2CCCCC2)O1,True,False
C#CCOC(=O)CNC1=C(Br)C(=O)O[C@@H]1OC1CC2CCC1(C)C2(C)C,O=C1C=C[C@@H](OC2CC3CCC2C3)O1,O=C1C=C[C@@H](OC2CC3CCC2C3)O1,True,False
C#CCOC(=O)[C@H](C)NC1=C(Br)C(=O)O[C@@H]1OC1CC2CCC1(C)C2(C)C,O=C1C=C[C@@H](OC2CC3CCC2C3)O1,O=C1C=C[C@@H](OC2CC3CCC2C3)O1,True,False
C#CCOC(=O)[C@@H](NC1=C(Br)C(=O)O[C@@H]1OC1CC2CCC1(C)C2(C)C)C(C)C,O=C1C=C[C@@H](OC2CC3CCC2C3)O1,O=C1C=C[C@@H](OC2CC3CCC2C3)O1,True,False
C#CCOC(=O)[C@H](CC(C)C)NC1=C(Br)C(=O)O[C@@H]1OC1CC2CCC1(C)C2(C)C,O=C1C=C[C@@H](OC2CC3CCC2C3)O1,O=C1C=C[C@@H](OC2CC3CCC2C3)O1,True,False
C#CCOC(=O)CCCCCNC1=C(Br)C(=O)O[C@@H]1OC1CC2CCC1(C)C2(C)C,O=C1C=C[C@@H](OC2CC3CCC2C3)O1,O=C1C=C[C@@H](OC2CC3CCC2C3)O1,True,False
C#CCOC(=O)CCCNC1=C(Br)C(=O)O[C@@H]1OC1CC2CCC1(C)C2(C)C,O=C1C=C[C@@H](OC2CC3CCC2C3)O1,O=C1C=C[C@@H](OC2CC3CCC2C3)O1,True,False
C#CCOc1ccc(-c2c3nc(c(-c4ccccc4)c4ccc([nH]4)c(-c4ccc(OCC#C)cc4)c4nc(c(-c5ccccc5)c5ccc2[nH]5)C=C4)C=C3)cc1,C1=Cc2nc1c(-c1ccccc1)c1ccc([nH]1)c(-c1ccccc1)c1nc(c(-c3ccccc3)c3ccc([nH]3)c2-c2ccccc2)C=C1,C1=Cc2nc1c(-c1ccccc1)c1ccc([nH]1)c(-c1ccccc1)c1nc(c(-c3ccccc3)c3ccc([nH]3)c2-c2ccccc2)C=C1,True,False
CCC[CH2][Sn]([CH2]CCC)([CH2]CCC)[Sn]([CH2]CCC)([CH2]CCC)[Sn]([CH2]CCC)([CH2]CCC)[CH2]CCC,,acyclic_5912,True,False
CCC[CH2][Sn]([CH2]CCC)([CH2]CCC)[Sn]([CH3])([CH3])[Sn]([CH2]CCC)([CH2]CCC)[CH2]CCC,,acyclic_5913,True,False
[CH3][Sn]([CH3])([Sn]([c]1ccccc1)([c]1ccccc1)[c]1ccccc1)[Sn]([c]1ccccc1)([c]1ccccc1)[c]1ccccc1,c1cc[c]([Sn]([Sn][Sn]([c]2ccccc2)([c]2ccccc2)[c]2ccccc2)([c]2ccccc2)[c]2ccccc2)cc1,c1cc[c]([Sn]([Sn][Sn]([c]2ccccc2)([c]2ccccc2)[c]2ccccc2)([c]2ccccc2)[c]2ccccc2)cc1,True,False
CC(=O)N[C@@H](CS)C(=O)O,,acyclic_5915,False,True
CCC(S)C(=O)O,,acyclic_5916,True,False
CCCC(S)C(=O)O,,acyclic_5917,False,True
CCCCC(S)C(=O)O,,acyclic_5918,True,False
CCCCCCCCCC(S)C(=O)O,,acyclic_5919,True,False
CC(S)C(=O)O,,acyclic_5920,True,False
CC(C)=CCc1cccc2oc3ccccc3c(=O)c12.O=c1c2cc(O)c(O)cc2oc2cc(O)cc(O)c12,O=c1c2ccccc2oc2ccccc12.O=c1c2ccccc2oc2ccccc12,O=c1c2ccccc2oc2ccccc12.O=c1c2ccccc2oc2ccccc12,True,False
NC1=CC(=O)C(=O)c2ccccc21,O=C1C=Cc2ccccc2C1=O,O=C1C=Cc2ccccc2C1=O,True,False
NC(=S)NN=C1C=Cc2ccccc2C1=O,N=C1C=Cc2ccccc2C1=O,N=C1C=Cc2ccccc2C1=O,True,False
NC(=O)NN=C1C=Cc2ccccc2C1=O,N=C1C=Cc2ccccc2C1=O,N=C1C=Cc2ccccc2C1=O,True,False
O=C1C(=NO)C=Cc2ccccc21,N=C1C=Cc2ccccc2C1=O,N=C1C=Cc2ccccc2C1=O,True,False
NN=C1C=Cc2ccccc2C1=O,N=C1C=Cc2ccccc2C1=O,N=C1C=Cc2ccccc2C1=O,True,False
NC(=S)NN=C1C=C(N)c2ccccc2C1=O,N=C1C=Cc2ccccc2C1=O,N=C1C=Cc2ccccc2C1=O,True,False
NC(=O)NN=C1C=C(N)c2ccccc2C1=O,N=C1C=Cc2ccccc2C1=O,N=C1C=Cc2ccccc2C1=O,True,False
NC1=CC(=NO)C(=O)c2ccccc21,N=C1C=Cc2ccccc2C1=O,N=C1C=Cc2ccccc2C1=O,True,False
NN=C1C=C(N)c2ccccc2C1=O,N=C1C=Cc2ccccc2C1=O,N=C1C=Cc2ccccc2C1=O,True,False
O=C1C=Cc2ccccc2C1=O,O=C1C=Cc2ccccc2C1=O,O=C1C=Cc2ccccc2C1=O,True,False
CNC.c1ccc2ncccc2c1,c1ccc2ncccc2c1,c1ccc2ncccc2c1,False,True
CONC(=O)O,,acyclic_5933,True,False
S=C(NN=Cc1ccccc1OCCCOc1ccccc1C=NNC(=S)Nc1ccc(Br)cc1)Nc1ccc(Br)cc1,S=C(NN=Cc1ccccc1OCCCOc1ccccc1C=NNC(=S)Nc1ccccc1)Nc1ccccc1,S=C(NN=Cc1ccccc1OCCCOc1ccccc1C=NNC(=S)Nc1ccccc1)Nc1ccccc1,True,False
OC(COc1ccccc1C=NNC(=S)Nc1ccc(Br)cc1)COc1ccccc1C=NNC(=S)Nc1ccc(Br)cc1,S=C(NN=Cc1ccccc1OCCCOc1ccccc1C=NNC(=S)Nc1ccccc1)Nc1ccccc1,S=C(NN=Cc1ccccc1OCCCOc1ccccc1C=NNC(=S)Nc1ccccc1)Nc1ccccc1,True,False
CC(S)C(=O)NCCNC(=O)C(C)S,,acyclic_5936,True,False
CN(C)C(=S)SC(=S)N(C)C,,acyclic_5937,True,False
CCN(CC)C(=S)SSC(=S)N(CC)CC,,acyclic_5938,True,False
CC(C)[C@@H]1CC[C@@H](C)C[C@H]1O[C@H]1OC(=O)C(Br)=C1NCCCCCC(=O)OCC#CC#CCOC(=O)CCCCCNC1=C(Br)C(=O)O[C@@H]1O[C@@H]1C[C@H](C)CC[C@H]1C(C)C,O=C1C=C(NCCCCCC(=O)OCC#CC#CCOC(=O)CCCCCNC2=CC(=O)O[C@@H]2OC2CCCCC2)[C@@H](OC2CCCCC2)O1,O=C1C=C(NCCCCCC(=O)OCC#CC#CCOC(=O)CCCCCNC2=CC(=O)O[C@@H]2OC2CCCCC2)[C@@H](OC2CCCCC2)O1,True,False
CC(C)[C@@H]1CC[C@@H](C)C[C@H]1O[C@H]1OC(=O)C(Br)=C1NCCCC(=O)OCC#CC#CCOC(=O)CCCNC1=C(Br)C(=O)O[C@@H]1O[C@@H]1C[C@H](C)CC[C@H]1C(C)C,O=C1C=C(NCCCC(=O)OCC#CC#CCOC(=O)CCCNC2=CC(=O)O[C@@H]2OC2CCCCC2)[C@@H](OC2CCCCC2)O1,O=C1C=C(NCCCC(=O)OCC#CC#CCOC(=O)CCCNC2=CC(=O)O[C@@H]2OC2CCCCC2)[C@@H](OC2CCCCC2)O1,False,True
CC(C)[C@@H]1CC[C@@H](C)C[C@H]1O[C@H]1OC(=O)C(Br)=C1NCC(=O)OCC#CC#CCOC(=O)CNC1=C(Br)C(=O)O[C@@H]1O[C@@H]1C[C@H](C)CC[C@H]1C(C)C,O=C1C=C(NCC(=O)OCC#CC#CCOC(=O)CNC2=CC(=O)O[C@@H]2OC2CCCCC2)[C@@H](OC2CCCCC2)O1,O=C1C=C(NCC(=O)OCC#CC#CCOC(=O)CNC2=CC(=O)O[C@@H]2OC2CCCCC2)[C@@H](OC2CCCCC2)O1,False,True
CC(C)[C@@H]1CC[C@@H](C)C[C@H]1O[C@H]1OC(=O)C(Br)=C1N[C@@H](C)C(=O)OCC#CC#CCOC(=O)[C@@H](C)NC1=C(Br)C(=O)O[C@@H]1O[C@@H]1C[C@H](C)CC[C@H]1C(C)C,O=C1C=C(NCC(=O)OCC#CC#CCOC(=O)CNC2=CC(=O)O[C@@H]2OC2CCCCC2)[C@@H](OC2CCCCC2)O1,O=C1C=C(NCC(=O)OCC#CC#CCOC(=O)CNC2=CC(=O)O[C@@H]2OC2CCCCC2)[C@@H](OC2CCCCC2)O1,False,True
CC(C)[C@H](NC1=C(Br)C(=O)O[C@@H]1O[C@@H]1C[C@H](C)CC[C@H]1C(C)C)C(=O)OCC#CC#CCOC(=O)[C@H](NC1=C(Br)C(=O)O[C@@H]1O[C@@H]1C[C@H](C)CC[C@H]1C(C)C)C(C)C,O=C1C=C(NCC(=O)OCC#CC#CCOC(=O)CNC2=CC(=O)O[C@@H]2OC2CCCCC2)[C@@H](OC2CCCCC2)O1,O=C1C=C(NCC(=O)OCC#CC#CCOC(=O)CNC2=CC(=O)O[C@@H]2OC2CCCCC2)[C@@H](OC2CCCCC2)O1,False,True
CC(C)C[C@H](NC1=C(Br)C(=O)O[C@@H]1O[C@@H]1C[C@H](C)CC[C@H]1C(C)C)C(=O)OCC#CC#CCOC(=O)[C@@H](CC(C)C)NC1=C(Br)C(=O)O[C@@H]1O[C@@H]1C[C@H](C)CC[C@H]1C(C)C,O=C1C=C(NCC(=O)OCC#CC#CCOC(=O)CNC2=CC(=O)O[C@@H]2OC2CCCCC2)[C@@H](OC2CCCCC2)O1,O=C1C=C(NCC(=O)OCC#CC#CCOC(=O)CNC2=CC(=O)O[C@@H]2OC2CCCCC2)[C@@H](OC2CCCCC2)O1,False,True
CC1(C)[C@H]2CC[C@]1(C)[C@H](O[C@H]1OC(=O)C(Br)=C1NCCCCCC(=O)OCC#CC#CCOC(=O)CCCCCNC1=C(Br)C(=O)O[C@@H]1O[C@@H]1C[C@@H]3CC[C@@]1(C)C3(C)C)C2,O=C1C=C(NCCCCCC(=O)OCC#CC#CCOC(=O)CCCCCNC2=CC(=O)O[C@@H]2O[C@@H]2C[C@@H]3CCC2C3)[C@@H](O[C@@H]2C[C@@H]3CCC2C3)O1,O=C1C=C(NCCCCCC(=O)OCC#CC#CCOC(=O)CCCCCNC2=CC(=O)O[C@@H]2O[C@@H]2C[C@@H]3CCC2C3)[C@@H](O[C@@H]2C[C@@H]3CCC2C3)O1,True,False
CC1(C)[C@H]2CC[C@]1(C)C(O[C@H]1OC(=O)C(Br)=C1NCCCC(=O)OCC#CC#CCOC(=O)CCCNC1=C(Br)C(=O)O[C@@H]1O[C@@H]1C[C@@H]3CC[C@@]1(C)C3(C)C)C2,O=C1C=C(NCCCC(=O)OCC#CC#CCOC(=O)CCCNC2=CC(=O)O[C@@H]2O[C@@H]2C[C@@H]3CCC2C3)[C@@H](OC2C[C@@H]3CCC2C3)O1,O=C1C=C(NCCCC(=O)OCC#CC#CCOC(=O)CCCNC2=CC(=O)O[C@@H]2O[C@@H]2C[C@@H]3CCC2C3)[C@@H](OC2C[C@@H]3CCC2C3)O1,False,True
CC1(C)[C@H]2CC[C@]1(C)[C@H](O[C@H]1OC(=O)C(Br)=C1NCC(=O)OCC#CC#CCOC(=O)CNC1=C(Br)C(=O)O[C@@H]1O[C@@H]1C[C@@H]3CC[C@@]1(C)C3(C)C)C2,O=C1C=C(NCC(=O)OCC#CC#CCOC(=O)CNC2=CC(=O)O[C@@H]2O[C@@H]2C[C@@H]3CCC2C3)[C@@H](O[C@@H]2C[C@@H]3CCC2C3)O1,O=C1C=C(NCC(=O)OCC#CC#CCOC(=O)CNC2=CC(=O)O[C@@H]2O[C@@H]2C[C@@H]3CCC2C3)[C@@H](O[C@@H]2C[C@@H]3CCC2C3)O1,True,False
C[C@H](NC1=C(Br)C(=O)O[C@@H]1O[C@@H]1C[C@@H]2CC[C@@]1(C)C2(C)C)C(=O)OCC#CC#CCOC(=O)[C@H](C)NC1=C(Br)C(=O)O[C@@H]1O[C@@H]1C[C@@H]2CC[C@@]1(C)C2(C)C,O=C1C=C(NCC(=O)OCC#CC#CCOC(=O)CNC2=CC(=O)O[C@@H]2O[C@@H]2C[C@@H]3CCC2C3)[C@@H](O[C@@H]2C[C@@H]3CCC2C3)O1,O=C1C=C(NCC(=O)OCC#CC#CCOC(=O)CNC2=CC(=O)O[C@@H]2O[C@@H]2C[C@@H]3CCC2C3)[C@@H](O[C@@H]2C[C@@H]3CCC2C3)O1,True,False
CC(C)[C@H](NC1=C(Br)C(=O)O[C@@H]1O[C@@H]1C[C@@H]2CC[C@@]1(C)C2(C)C)C(=O)OCC#CC#CCOC(=O)[C@@H](NC1=C(Br)C(=O)O[C@@H]1O[C@@H]1C[C@@H]2CC[C@@]1(C)C2(C)C)C(C)C,O=C1C=C(NCC(=O)OCC#CC#CCOC(=O)CNC2=CC(=O)O[C@@H]2O[C@@H]2C[C@@H]3CCC2C3)[C@@H](O[C@@H]2C[C@@H]3CCC2C3)O1,O=C1C=C(NCC(=O)OCC#CC#CCOC(=O)CNC2=CC(=O)O[C@@H]2O[C@@H]2C[C@@H]3CCC2C3)[C@@H](O[C@@H]2C[C@@H]3CCC2C3)O1,True,False
CC(C)C[C@H](NC1=C(Br)C(=O)O[C@@H]1O[C@@H]1C[C@@H]2CC[C@@]1(C)C2(C)C)C(=O)OCC#CC#CCOC(=O)[C@H](CC(C)C)NC1=C(Br)C(=O)O[C@@H]1O[C@@H]1C[C@@H]2CC[C@@]1(C)C2(C)C,O=C1C=C(NCC(=O)OCC#CC#CCOC(=O)CNC2=CC(=O)O[C@@H]2O[C@@H]2C[C@@H]3CCC2C3)[C@@H](O[C@@H]2C[C@@H]3CCC2C3)O1,O=C1C=C(NCC(=O)OCC#CC#CCOC(=O)CNC2=CC(=O)O[C@@H]2O[C@@H]2C[C@@H]3CCC2C3)[C@@H](O[C@@H]2C[C@@H]3CCC2C3)O1,True,False
OP(O)O,,acyclic_5951,True,False
Cc1nc2c(O)cccn2c(=O)c1Cl.Cl,O=c1ccnc2ccccn12,O=c1ccnc2ccccn12,False,True
Clc1ccc(N2N=C([c-]3cccc3)CC2c2ccccc2)nn1.[Fe+2].c1cc[cH-]c1,c1cc[cH-]c1.c1ccc(C2CC([c-]3cccc3)=NN2c2cccnn2)cc1,c1cc[cH-]c1.c1ccc(C2CC([c-]3cccc3)=NN2c2cccnn2)cc1,True,False
Clc1ccc(N2N=C([c-]3cccc3)CC2c2ccccc2Cl)nn1.[Fe+2].c1cc[cH-]c1,c1cc[cH-]c1.c1ccc(C2CC([c-]3cccc3)=NN2c2cccnn2)cc1,c1cc[cH-]c1.c1ccc(C2CC([c-]3cccc3)=NN2c2cccnn2)cc1,True,False
Clc1ccc(C2CC([c-]3cccc3)=NN2c2ccc(Cl)nn2)c(Cl)c1.[Fe+2].c1cc[cH-]c1,c1cc[cH-]c1.c1ccc(C2CC([c-]3cccc3)=NN2c2cccnn2)cc1,c1cc[cH-]c1.c1ccc(C2CC([c-]3cccc3)=NN2c2cccnn2)cc1,True,False
Clc1ccc(N2N=C([c-]3cccc3)CC2c2ccccc2OCc2ccccc2)nn1.[Fe+2].c1cc[cH-]c1,c1cc[cH-]c1.c1ccc(COc2ccccc2C2CC([c-]3cccc3)=NN2c2cccnn2)cc1,c1cc[cH-]c1.c1ccc(COc2ccccc2C2CC([c-]3cccc3)=NN2c2cccnn2)cc1,True,False
Clc1ccc(N2N=C([c-]3cccc3)CC2c2ccc(OCc3ccccc3)cc2)nn1.[Fe+2].c1cc[cH-]c1,c1cc[cH-]c1.c1ccc(COc2ccc(C3CC([c-]4cccc4)=NN3c3cccnn3)cc2)cc1,c1cc[cH-]c1.c1ccc(COc2ccc(C3CC([c-]4cccc4)=NN3c3cccnn3)cc2)cc1,False,True
CCCOc1ccc(N2N=C([c-]3cccc3)CC2c2ccccc2Cl)nn1.[Fe+2].c1cc[cH-]c1,c1cc[cH-]c1.c1ccc(C2CC([c-]3cccc3)=NN2c2cccnn2)cc1,c1cc[cH-]c1.c1ccc(C2CC([c-]3cccc3)=NN2c2cccnn2)cc1,True,False
CCCOc1ccc(N2N=C([c-]3cccc3)CC2c2ccc(Cl)cc2Cl)nn1.[Fe+2].c1cc[cH-]c1,c1cc[cH-]c1.c1ccc(C2CC([c-]3cccc3)=NN2c2cccnn2)cc1,c1cc[cH-]c1.c1ccc(C2CC([c-]3cccc3)=NN2c2cccnn2)cc1,True,False
CCCOc1ccc(N2N=C([c-]3cccc3)CC2c2ccccc2OCc2ccccc2)nn1.[Fe+2].c1cc[cH-]c1,c1cc[cH-]c1.c1ccc(COc2ccccc2C2CC([c-]3cccc3)=NN2c2cccnn2)cc1,c1cc[cH-]c1.c1ccc(COc2ccccc2C2CC([c-]3cccc3)=NN2c2cccnn2)cc1,True,False
O=C([O-])CC(O)(CC(=O)[O-])C(=O)[O-],,acyclic_5961,True,False
O=C(c1cccs1)[c-]1cccc1.[Fe+2].c1cc[cH-]c1,O=C(c1cccs1)[c-]1cccc1.c1cc[cH-]c1,O=C(c1cccs1)[c-]1cccc1.c1cc[cH-]c1,True,False
O=C(c1cccs1)[c-]1cccc1.O=C(c1cccs1)[c-]1cccc1.[Fe+2],O=C(c1cccs1)[c-]1cccc1.O=C(c1cccs1)[c-]1cccc1,O=C(c1cccs1)[c-]1cccc1.O=C(c1cccs1)[c-]1cccc1,True,False
C(=Cc1[nH+]c2ccccc2s1)c1ccccc1,C(=Cc1[nH+]c2ccccc2s1)c1ccccc1,C(=Cc1[nH+]c2ccccc2s1)c1ccccc1,True,False
C1=Cc2nc1c(-c1ccc(-c3ccccc3)cc1)c1ccc([nH]1)c(-c1ccc(-c3ccccc3)cc1)c1nc(c(-c3ccc(-c4ccccc4)cc3)c3ccc([nH]3)c2-c2ccc(-c3ccccc3)cc2)C=C1,C1=Cc2nc1c(-c1ccc(-c3ccccc3)cc1)c1ccc([nH]1)c(-c1ccc(-c3ccccc3)cc1)c1nc(c(-c3ccc(-c4ccccc4)cc3)c3ccc([nH]3)c2-c2ccc(-c3ccccc3)cc2)C=C1,C1=Cc2nc1c(-c1ccc(-c3ccccc3)cc1)c1ccc([nH]1)c(-c1ccc(-c3ccccc3)cc1)c1nc(c(-c3ccc(-c4ccccc4)cc3)c3ccc([nH]3)c2-c2ccc(-c3ccccc3)cc2)C=C1,True,False
CCCC[O-].CCCC[O-].CCCC[O-].CCCC[O-].[Ti+4],,acyclic_5966,True,False
O=C1C=CC(=O)C(N2CCOCC2)=C1,O=C1C=CC(=O)C(N2CCOCC2)=C1,O=C1C=CC(=O)C(N2CCOCC2)=C1,True,False
O=C1C=C(N2CCOCC2)C(=O)C=C1N1CCOCC1,O=C1C=C(N2CCOCC2)C(=O)C=C1N1CCOCC1,O=C1C=C(N2CCOCC2)C(=O)C=C1N1CCOCC1,True,False
COc1ccc(Cc2nnc3sc(-c4cc[cH-]c4)nn23)cc1.[Fe+2].c1cc[cH-]c1,c1cc[cH-]c1.c1ccc(Cc2nnc3sc(-c4cc[cH-]c4)nn23)cc1,c1cc[cH-]c1.c1ccc(Cc2nnc3sc(-c4cc[cH-]c4)nn23)cc1,True,False
N#CC(C#N)=C(C#N)C#N,,acyclic_5970,True,False
CC1COC(=O)O1,O=C1OCCO1,O=C1OCCO1,False,True
CC1=CC(=O)CCC1,O=C1C=CCCC1,O=C1C=CCCC1,True,False
COc1ccc(-c2ccc(C3=C4C(=O)N(C(=O)OC(C)(C)C)C(c5ccc(-c6ccc(OC)c(OC)c6)cc5)=C4C(=O)N3C(=O)OC(C)(C)C)cc2)cc1OC,O=C1NC(c2ccc(-c3ccccc3)cc2)=C2C(=O)NC(c3ccc(-c4ccccc4)cc3)=C12,O=C1NC(c2ccc(-c3ccccc3)cc2)=C2C(=O)NC(c3ccc(-c4ccccc4)cc3)=C12,True,False
CN(C)c1ccc(-c2ccc(C3=C4C(=O)N(C(=O)OC(C)(C)C)C(c5ccc(-c6ccc(N(C)C)cc6)cc5)=C4C(=O)N3C(=O)OC(C)(C)C)cc2)cc1,O=C1NC(c2ccc(-c3ccccc3)cc2)=C2C(=O)NC(c3ccc(-c4ccccc4)cc3)=C12,O=C1NC(c2ccc(-c3ccccc3)cc2)=C2C(=O)NC(c3ccc(-c4ccccc4)cc3)=C12,True,False
CSc1ccc(-c2ccc(C3=C4C(=O)N(C(=O)OC(C)(C)C)C(c5ccc(-c6ccc(SC)cc6)cc5)=C4C(=O)N3C(=O)OC(C)(C)C)cc2)cc1,O=C1NC(c2ccc(-c3ccccc3)cc2)=C2C(=O)NC(c3ccc(-c4ccccc4)cc3)=C12,O=C1NC(c2ccc(-c3ccccc3)cc2)=C2C(=O)NC(c3ccc(-c4ccccc4)cc3)=C12,True,False
CC(C)(C)OC(=O)N1C(=O)C2=C(c3ccc(-c4ccc(C(C)(C)C)cc4)cc3)N(C(=O)OC(C)(C)C)C(=O)C2=C1c1ccc(-c2ccc(C(C)(C)C)cc2)cc1,O=C1NC(c2ccc(-c3ccccc3)cc2)=C2C(=O)NC(c3ccc(-c4ccccc4)cc3)=C12,O=C1NC(c2ccc(-c3ccccc3)cc2)=C2C(=O)NC(c3ccc(-c4ccccc4)cc3)=C12,True,False
CC(C)(C)OC(=O)N1C(=O)C2=C(c3ccc(-c4ccc(S(C)(=O)=O)cc4)cc3)N(C(=O)OC(C)(C)C)C(=O)C2=C1c1ccc(-c2ccc(S(C)(=O)=O)cc2)cc1,O=C1NC(c2ccc(-c3ccccc3)cc2)=C2C(=O)NC(c3ccc(-c4ccccc4)cc3)=C12,O=C1NC(c2ccc(-c3ccccc3)cc2)=C2C(=O)NC(c3ccc(-c4ccccc4)cc3)=C12,True,False
C[C@@H](O)CN1CCN(CC(=O)O)CCN(CC(=O)O)CCN(CC(=O)O)CC1,C1CNCCNCCNCCN1,C1CNCCNCCNCCN1,True,False
CC(=O)Nc1ccc(C(=O)O)cc1NC(N)=[NH2+],c1ccccc1,c1ccccc1,False,True
CC1(C)[C@@H]2CC[C@@]1(C)[C@@H](OP(=O)(O)OP(=O)(O)O)C2,C1CC2CCC1C2,C1CC2CCC1C2,True,False
OC[C@H]1O[C@H](OC[C@H]2CO2)[C@H](O)[C@@H](O)[C@@H]1O,C1CC[C@@H](OC[C@H]2CO2)OC1,C1CC[C@@H](OC[C@H]2CO2)OC1,True,False
CCCCCCCCC=CCCCCCCCC(=O)OCC(C[N+](C)(C)C)OC(=O)CCCCCCCC=CCCCCCCCC,,acyclic_5982,True,False
CCCCCCCCC=CCCCCCCCC(=O)O[C@H](COC(=O)CCCCCCCCCCCCCCC)COP(=O)([O-])OCC[N+](C)(C)C,,acyclic_5983,False,True
COc1ccc(-n2c(C)c(C(c3ccc(-n4c5ccccc5c5ccccc54)cc3)c3c(C)n(-c4ccc(OC)cc4)c4ccccc34)c3ccccc32)cc1,c1ccc(-n2cc(C(c3ccc(-n4c5ccccc5c5ccccc54)cc3)c3cn(-c4ccccc4)c4ccccc34)c3ccccc32)cc1,c1ccc(-n2cc(C(c3ccc(-n4c5ccccc5c5ccccc54)cc3)c3cn(-c4ccccc4)c4ccccc34)c3ccccc32)cc1,True,False
C[Si]1(c2ccccc2)C([Si](C)(c2ccccc2)c2ccccc2)=C(c2ccccc2)C(c2ccccc2)=C1[Si](C)(c1ccccc1)c1ccccc1,c1ccc(C2=C([SiH](c3ccccc3)c3ccccc3)[SiH](c3ccccc3)C([SiH](c3ccccc3)c3ccccc3)=C2c2ccccc2)cc1,c1ccc(C2=C([SiH](c3ccccc3)c3ccccc3)[SiH](c3ccccc3)C([SiH](c3ccccc3)c3ccccc3)=C2c2ccccc2)cc1,True,False
C[Si](C1=C(c2ccccc2)C(c2ccccc2)=C([Si](C)(c2ccccc2)c2ccccc2)[Si]1(c1ccccc1)c1ccccc1)(c1ccccc1)c1ccccc1,c1ccc(C2=C([SiH](c3ccccc3)c3ccccc3)[Si](c3ccccc3)(c3ccccc3)C([SiH](c3ccccc3)c3ccccc3)=C2c2ccccc2)cc1,c1ccc(C2=C([SiH](c3ccccc3)c3ccccc3)[Si](c3ccccc3)(c3ccccc3)C([SiH](c3ccccc3)c3ccccc3)=C2c2ccccc2)cc1,True,False
CC1(C)c2cc(-c3c4ccccc4c(-c4ccc([Si](c5ccccc5)(c5ccccc5)c5ccccc5)cc4)c4ccccc34)ccc2-c2ccc([Si](c3ccccc3)(c3ccccc3)c3ccccc3)cc21,c1ccc([Si](c2ccccc2)(c2ccccc2)c2ccc(-c3c4ccccc4c(-c4ccc5c(c4)Cc4cc([Si](c6ccccc6)(c6ccccc6)c6ccccc6)ccc4-5)c4ccccc34)cc2)cc1,c1ccc([Si](c2ccccc2)(c2ccccc2)c2ccc(-c3c4ccccc4c(-c4ccc5c(c4)Cc4cc([Si](c6ccccc6)(c6ccccc6)c6ccccc6)ccc4-5)c4ccccc34)cc2)cc1,False,True
CC1(C)c2cc(-c3c4ccccc4c(-c4c5ccccc5c(-c5ccccc5)c5ccccc45)c4ccccc34)ccc2-c2ccc([Si](c3ccccc3)(c3ccccc3)c3ccccc3)cc21,c1ccc(-c2c3ccccc3c(-c3c4ccccc4c(-c4ccc5c(c4)Cc4cc([Si](c6ccccc6)(c6ccccc6)c6ccccc6)ccc4-5)c4ccccc34)c3ccccc23)cc1,c1ccc(-c2c3ccccc3c(-c3c4ccccc4c(-c4ccc5c(c4)Cc4cc([Si](c6ccccc6)(c6ccccc6)c6ccccc6)ccc4-5)c4ccccc34)c3ccccc23)cc1,True,False
CC1(C)c2cc(-c3c4ccccc4c(-c4ccc(-c5c6ccccc6c(-c6ccccc6)c6ccccc56)cc4)c4ccccc34)ccc2-c2ccc([Si](c3ccccc3)(c3ccccc3)c3ccccc3)cc21,c1ccc(-c2c3ccccc3c(-c3ccc(-c4c5ccccc5c(-c5ccc6c(c5)Cc5cc([Si](c7ccccc7)(c7ccccc7)c7ccccc7)ccc5-6)c5ccccc45)cc3)c3ccccc23)cc1,c1ccc(-c2c3ccccc3c(-c3ccc(-c4c5ccccc5c(-c5ccc6c(c5)Cc5cc([Si](c7ccccc7)(c7ccccc7)c7ccccc7)ccc5-6)c5ccccc45)cc3)c3ccccc23)cc1,False,True
C[N+]1=C(C=Cc2cc(Cl)c3cccnc3c2O)C(C)(C)c2ccccc21.Cl.O.O.O.[Cl-],C(=Cc1ccc2cccnc2c1)C1=[NH+]c2ccccc2C1,C(=Cc1ccc2cccnc2c1)C1=[NH+]c2ccccc2C1,True,False
CC1(C)CC(NCCC(=O)NC2CC(C)(C)NC(C)(C)C2)CC(C)(C)N1,O=C(CCNC1CCNCC1)NC1CCNCC1,O=C(CCNC1CCNCC1)NC1CCNCC1,True,False
CCOP(=O)(O)OCC,,acyclic_5992,False,True
CCCNc1cc2oc3cc(=[NH+]CCCO)ccc-3nc2c2ccccc12.[Cl-],[NH+]=c1ccc2nc3c(ccc4ccccc43)oc-2c1,[NH+]=c1ccc2nc3c(ccc4ccccc43)oc-2c1,True,False
CCCNc1cc2oc3cc(=[NH+]CCCC(=O)OCC)ccc-3nc2c2ccccc12.[Cl-],[NH+]=c1ccc2nc3c(ccc4ccccc43)oc-2c1,[NH+]=c1ccc2nc3c(ccc4ccccc43)oc-2c1,True,False
CCOC(=O)CCCNc1cc2oc3cc(=[NH+]CCCC(=O)OCC)ccc-3nc2c2ccccc12.[Cl-],[NH+]=c1ccc2nc3c(ccc4ccccc43)oc-2c1,[NH+]=c1ccc2nc3c(ccc4ccccc43)oc-2c1,True,False
CN1C(=CC=CC=CC2=C(C#N)C(=C(C#N)C#N)OC2(C)C)C(C)(C)c2ccccc21,C=C1C=C(C=CC=CC=C2Cc3ccccc3N2)CO1,C=C1C=C(C=CC=CC=C2Cc3ccccc3N2)CO1,True,False
CN1C(=CC=CC=CC=CC2=C(C#N)C(=C(C#N)C#N)OC2(C)C)C(C)(C)c2ccccc21,C=C1C=C(C=CC=CC=CC=C2Cc3ccccc3N2)CO1,C=C1C=C(C=CC=CC=CC=C2Cc3ccccc3N2)CO1,True,False
CN1C(=CC=C2CC(C(C)(C)C)CC(C=CC3=C(C#N)C(=C(C#N)C#N)OC3(C)C)=C2Cl)C(C)(C)c2ccccc21,C=C1C=C(C=CC2=CC(=CC=C3Cc4ccccc4N3)CCC2)CO1,C=C1C=C(C=CC2=CC(=CC=C3Cc4ccccc4N3)CCC2)CO1,True,False
CN1C(=CC=C2CC(C(C)(C)C)CC(C=CC3=C(C#N)C(=C(C#N)C#N)OC3(C)C)=C2Br)C(C)(C)c2ccccc21,C=C1C=C(C=CC2=CC(=CC=C3Cc4ccccc4N3)CCC2)CO1,C=C1C=C(C=CC2=CC(=CC=C3Cc4ccccc4N3)CCC2)CO1,True,False
Cc1cc(C(C)(C)C)c(OC2=C(C=CC3=C(C#N)C(=C(C#N)C#N)OC3(C)C)CC(C(C)(C)C)CC2=CC=C2N(C)c3ccccc3C2(C)C)c(C(C)(C)C)c1,C=C1C=C(C=CC2=C(Oc3ccccc3)C(=CC=C3Cc4ccccc4N3)CCC2)CO1,C=C1C=C(C=CC2=C(Oc3ccccc3)C(=CC=C3Cc4ccccc4N3)CCC2)CO1,True,False
COC(C)(C)CCCC(C)=CC=CC(C)=CC=CC(C)=CC=CC=C(C)C=CC=C(C)CCC=C(C)CCC=C(C)C,,acyclic_6001,True,False
O=S(=O)(O)c1ccc(N=Nc2c(S(=O)(=O)O)cc3ccc(NC4=CC(Nc5ccc(S(=O)(=O)O)cc5S(=O)(=O)O)=NN(Cl)N4)cc3c2O)cc1,C1=C(Nc2ccc3ccc(N=Nc4ccccc4)cc3c2)NNN=C1Nc1ccccc1,C1=C(Nc2ccc3ccc(N=Nc4ccccc4)cc3c2)NNN=C1Nc1ccccc1,True,False
CCN,,acyclic_6003,True,False
CC(C)(C)c1ccc2c(c1)c1ccccc1n2-c1ccc(-c2nc(-c3ccc(-n4c5ccccc5c5cc(C(C)(C)C)ccc54)cc3)nc(-c3ccc(-n4c5ccccc5c5cc(C(C)(C)C)ccc54)cc3)n2)cc1,c1ccc2c(c1)c1ccccc1n2-c1ccc(-c2nc(-c3ccc(-n4c5ccccc5c5ccccc54)cc3)nc(-c3ccc(-n4c5ccccc5c5ccccc54)cc3)n2)cc1,c1ccc2c(c1)c1ccccc1n2-c1ccc(-c2nc(-c3ccc(-n4c5ccccc5c5ccccc54)cc3)nc(-c3ccc(-n4c5ccccc5c5ccccc54)cc3)n2)cc1,True,False
Cn1c2ccccc2c2cc(C#Cc3ccc(-c4nc(-c5ccc(C#Cc6ccc7c(c6)c6ccccc6n7C)cc5)nc(-c5ccc(C#Cc6ccc7c(c6)c6ccccc6n7C)cc5)n4)cc3)ccc21,C(#Cc1ccc2[nH]c3ccccc3c2c1)c1ccc(-c2nc(-c3ccc(C#Cc4ccc5[nH]c6ccccc6c5c4)cc3)nc(-c3ccc(C#Cc4ccc5[nH]c6ccccc6c5c4)cc3)n2)cc1,C(#Cc1ccc2[nH]c3ccccc3c2c1)c1ccc(-c2nc(-c3ccc(C#Cc4ccc5[nH]c6ccccc6c5c4)cc3)nc(-c3ccc(C#Cc4ccc5[nH]c6ccccc6c5c4)cc3)n2)cc1,True,False
O=C1C(=NNc2ccc(S(=O)(=O)[O-])c3ccccc23)C=C(S(=O)(=O)[O-])c2ccccc21.[Na+].[Na+],O=C1C(=NNc2cccc3ccccc23)C=Cc2ccccc21,O=C1C(=NNc2cccc3ccccc23)C=Cc2ccccc21,True,False
O=S(=O)([O-])c1cccc(N=Nc2ccc(N=Nc3ccc(Nc4ccccc4)c4c(S(=O)(=O)[O-])cccc34)c3ccccc23)c1.[Na+].[Na+],c1ccc(N=Nc2ccc(N=Nc3ccc(Nc4ccccc4)c4ccccc34)c3ccccc23)cc1,c1ccc(N=Nc2ccc(N=Nc3ccc(Nc4ccccc4)c4ccccc34)c3ccccc23)cc1,True,False
CN(C)c1ccc2nc3ccc(N)cc3[n+](-c3ccccc3)c2c1.[Cl-],c1ccc(-[n+]2c3ccccc3nc3ccccc32)cc1,c1ccc(-[n+]2c3ccccc3nc3ccccc32)cc1,True,False
O=C1C(O)=C(O)OC1C(O)CO,O=C1C=COC1,O=C1C=COC1,False,True
C[N+](C)(C)c1cccc(N=Nc2ccc(Nc3nc(Cl)nc(Cl)n3)cc2NC(N)=O)c1,c1ccc(N=Nc2ccc(Nc3ncncn3)cc2)cc1,c1ccc(N=Nc2ccc(Nc3ncncn3)cc2)cc1,True,False
CCN(CC)c1ccc(N=Nc2cccc([N+](C)(C)C)c2)c(Nc2nc(Cl)nc(Cl)n2)c1,c1ccc(N=Nc2ccccc2Nc2ncncn2)cc1,c1ccc(N=Nc2ccccc2Nc2ncncn2)cc1,True,False
CCN(CC)c1ccc(N=Nc2cccc([N+](C)(C)C)c2)c(Nc2nc(Cl)nc(Nc3ccccc3)n2)c1,c1ccc(N=Nc2ccccc2Nc2ncnc(Nc3ccccc3)n2)cc1,c1ccc(N=Nc2ccccc2Nc2ncnc(Nc3ccccc3)n2)cc1,True,False
CCN(CC)c1ccc(N=Nc2cccc([N+](C)(C)C)c2)c(Nc2nc(Cl)nc(Nc3cccc([N+](C)(C)C)c3)n2)c1,c1ccc(N=Nc2ccccc2Nc2ncnc(Nc3ccccc3)n2)cc1,c1ccc(N=Nc2ccccc2Nc2ncnc(Nc3ccccc3)n2)cc1,True,False
CC1c2cc(C=C(C#N)c3ccc(-c4ccc(C=C(C#N)C(=O)O)s4)s3)ccc2-c2ccc(-n3c4ccc(C(C)(C)C)cc4c4cc(C(C)(C)C)ccc43)cc21,C(=Cc1ccc(-c2cccs2)s1)c1ccc2c(c1)Cc1cc(-n3c4ccccc4c4ccccc43)ccc1-2,C(=Cc1ccc(-c2cccs2)s1)c1ccc2c(c1)Cc1cc(-n3c4ccccc4c4ccccc43)ccc1-2,True,False
Cc1ccc(-c2ccc3c(c2)c2cc(-c4ccc(C)s4)ccc2n3-c2ccc3c(c2)C(C)c2cc(C=C(C#N)c4ccc(-c5ccc(C=C(C#N)C(=O)O)s5)s4)ccc2-3)s1,C(=Cc1ccc(-c2cccs2)s1)c1ccc2c(c1)Cc1cc(-n3c4ccc(-c5cccs5)cc4c4cc(-c5cccs5)ccc43)ccc1-2,C(=Cc1ccc(-c2cccs2)s1)c1ccc2c(c1)Cc1cc(-n3c4ccc(-c5cccs5)cc4c4cc(-c5cccs5)ccc43)ccc1-2,True,False
Cc1cc2sc(-c3ccc4c(c3)c3cc(-c5cc6sc(C)cc6s5)ccc3n4-c3ccc4c(c3)C(C)c3cc(C=C(C#N)c5ccc(-c6ccc(C=C(C#N)C(=O)O)s6)s5)ccc3-4)cc2s1,C(=Cc1ccc(-c2cccs2)s1)c1ccc2c(c1)Cc1cc(-n3c4ccc(-c5cc6sccc6s5)cc4c4cc(-c5cc6sccc6s5)ccc43)ccc1-2,C(=Cc1ccc(-c2cccs2)s1)c1ccc2c(c1)Cc1cc(-n3c4ccc(-c5cc6sccc6s5)cc4c4cc(-c5cc6sccc6s5)ccc43)ccc1-2,True,False
CC1c2ccccc2-c2ccc(N(c3ccc(-c4ccc(-c5sc(-c6ccc(C=C(C#N)C(=O)O)s6)c6c5OCCO6)s4)cc3)c3ccc4c(c3)C(C)(C)c3ccccc3-4)cc21,c1csc(-c2sc(-c3ccc(-c4ccc(N(c5ccc6c(c5)Cc5ccccc5-6)c5ccc6c(c5)Cc5ccccc5-6)cc4)s3)c3c2OCCO3)c1,c1csc(-c2sc(-c3ccc(-c4ccc(N(c5ccc6c(c5)Cc5ccccc5-6)c5ccc6c(c5)Cc5ccccc5-6)cc4)s3)c3c2OCCO3)c1,True,False
O=P(O)(O)OCCCO,,acyclic_6018,True,False
O=C1OC(c2ccc(O)c(S(=O)(=O)[O-])c2)(c2ccc(O)c(S(=O)(=O)[O-])c2)c2c(Br)c(Br)c(Br)c(Br)c21.[Na+].[Na+],O=C1OC(c2ccccc2)(c2ccccc2)c2ccccc21,O=C1OC(c2ccccc2)(c2ccccc2)c2ccccc21,False,True
N#SF,,acyclic_6020,True,False
O=S(=O)([O-])c1ccc2cc(Nc3nc(Cl)nc(Cl)n3)c(O)c(N=Nc3cn(-c4ccccc4)nc3-c3ccccc3)c2c1.[Na+],c1ccc(-c2nn(-c3ccccc3)cc2N=Nc2cc(Nc3ncncn3)cc3ccccc23)cc1,c1ccc(-c2nn(-c3ccccc3)cc2N=Nc2cc(Nc3ncncn3)cc3ccccc23)cc1,True,False
O=S(=O)([O-])c1ccc2cc(Nc3nc(Cl)nc(Cl)n3)c(O)c(N=Nc3cn(-c4ccccc4)nc3-c3ccc(Cl)cc3)c2c1.[Na+],c1ccc(-c2nn(-c3ccccc3)cc2N=Nc2cc(Nc3ncncn3)cc3ccccc23)cc1,c1ccc(-c2nn(-c3ccccc3)cc2N=Nc2cc(Nc3ncncn3)cc3ccccc23)cc1,True,False
Cc1ccc(-c2nn(-c3ccccc3)cc2N=Nc2c(O)c(Nc3nc(Cl)nc(Cl)n3)cc3ccc(S(=O)(=O)[O-])cc23)cc1.[Na+],c1ccc(-c2nn(-c3ccccc3)cc2N=Nc2cc(Nc3ncncn3)cc3ccccc23)cc1,c1ccc(-c2nn(-c3ccccc3)cc2N=Nc2cc(Nc3ncncn3)cc3ccccc23)cc1,True,False
O=S(=O)([O-])c1cc(Nc2nc(Cl)nc(Cl)n2)c2c(O)c(N=Nc3cc(-c4ccccc4)nn3-c3ccccc3)c(S(=O)(=O)[O-])cc2c1.[Na+].[Na+],c1ccc(-c2cc(N=Nc3ccc4cccc(Nc5ncncn5)c4c3)n(-c3ccccc3)n2)cc1,c1ccc(-c2cc(N=Nc3ccc4cccc(Nc5ncncn5)c4c3)n(-c3ccccc3)n2)cc1,True,False
O=S(=O)([O-])c1cc(Nc2nc(Cl)nc(Cl)n2)c2c(O)c(N=Nc3cc(-c4ccc(Cl)cc4)nn3-c3ccccc3)c(S(=O)(=O)[O-])cc2c1.[Na+].[Na+],c1ccc(-c2cc(N=Nc3ccc4cccc(Nc5ncncn5)c4c3)n(-c3ccccc3)n2)cc1,c1ccc(-c2cc(N=Nc3ccc4cccc(Nc5ncncn5)c4c3)n(-c3ccccc3)n2)cc1,True,False
Cc1ccc(-c2cc(N=Nc3c(S(=O)(=O)[O-])cc4cc(S(=O)(=O)[O-])cc(Nc5nc(Cl)nc(Cl)n5)c4c3O)n(-c3ccccc3)n2)cc1.[Na+].[Na+],c1ccc(-c2cc(N=Nc3ccc4cccc(Nc5ncncn5)c4c3)n(-c3ccccc3)n2)cc1,c1ccc(-c2cc(N=Nc3ccc4cccc(Nc5ncncn5)c4c3)n(-c3ccccc3)n2)cc1,True,False
CCOc1ccc(N=Nc2ccc(C=Cc3ccc(N=Nc4ccc(OCC)cc4)cc3S(=O)(=O)[O-])c(S(=O)(=O)[O-])c2)cc1.[Na+].[Na+],C(=Cc1ccc(N=Nc2ccccc2)cc1)c1ccc(N=Nc2ccccc2)cc1,C(=Cc1ccc(N=Nc2ccccc2)cc1)c1ccc(N=Nc2ccccc2)cc1,True,False
O=C1C=Cc2ccccc2C1=NNc1ccc(S(=O)(=O)[O-])c2ccccc12.[Na+],O=C1C=Cc2ccccc2C1=NNc1cccc2ccccc12,O=C1C=Cc2ccccc2C1=NNc1cccc2ccccc12,True,False
CCN(CC)c1ccc([C+](c2ccccc2)c2ccc(N(CC)CC)cc2)cc1.O=S(=O)([O-])O,c1ccc([C+](c2ccccc2)c2ccccc2)cc1,c1ccc([C+](c2ccccc2)c2ccccc2)cc1,True,False
CCNc1ccc([C+](c2ccc(N(C)C)cc2)c2ccc(N(C)C)cc2)c2ccccc12.[Cl-],c1ccc([C+](c2ccccc2)c2cccc3ccccc23)cc1,c1ccc([C+](c2ccccc2)c2cccc3ccccc23)cc1,False,True
CN(C)c1ccc([C+](c2ccccc2)c2ccc(N(C)C)cc2)cc1.O=C([O-])C(=O)O,c1ccc([C+](c2ccccc2)c2ccccc2)cc1,c1ccc([C+](c2ccccc2)c2ccccc2)cc1,True,False
Cc1cc([C+](c2ccc(N)c(C)c2)c2ccc(N)c(C)c2)ccc1N.[Cl-],c1ccc([C+](c2ccccc2)c2ccccc2)cc1,c1ccc([C+](c2ccccc2)c2ccccc2)cc1,True,False
c1ccc(-c2ccc(N(c3ccc(-c4ccccc4)cc3)c3cc(N(c4ccccc4)c4ccccc4)cc(N(c4ccc(-c5ccccc5)cc4)c4ccc(-c5ccccc5)cc4)c3)cc2)cc1,c1ccc(-c2ccc(N(c3ccc(-c4ccccc4)cc3)c3cc(N(c4ccccc4)c4ccccc4)cc(N(c4ccc(-c5ccccc5)cc4)c4ccc(-c5ccccc5)cc4)c3)cc2)cc1,c1ccc(-c2ccc(N(c3ccc(-c4ccccc4)cc3)c3cc(N(c4ccccc4)c4ccccc4)cc(N(c4ccc(-c5ccccc5)cc4)c4ccc(-c5ccccc5)cc4)c3)cc2)cc1,True,False
CCC1(CC)c2ccccc2-c2ccc(N(c3ccc4c(c3)C(CC)(CC)c3ccccc3-4)c3ccc4c5ccc(Br)cc5n(C)c4c3)cc21,c1ccc2c(c1)Cc1cc(N(c3ccc4c(c3)Cc3ccccc3-4)c3ccc4c(c3)[nH]c3ccccc34)ccc1-2,c1ccc2c(c1)Cc1cc(N(c3ccc4c(c3)Cc3ccccc3-4)c3ccc4c(c3)[nH]c3ccccc34)ccc1-2,True,False
CCC1(CC)c2ccccc2-c2ccc(N(c3ccc4c(c3)C(CC)(CC)c3ccccc3-4)c3ccc4c5ccc(-c6ccc(C=O)s6)cc5n(C)c4c3)cc21,c1csc(-c2ccc3c(c2)[nH]c2cc(N(c4ccc5c(c4)Cc4ccccc4-5)c4ccc5c(c4)Cc4ccccc4-5)ccc23)c1,c1csc(-c2ccc3c(c2)[nH]c2cc(N(c4ccc5c(c4)Cc4ccccc4-5)c4ccc5c(c4)Cc4ccccc4-5)ccc23)c1,True,False
CCC1(CC)c2ccccc2-c2ccc(N(c3ccc4c(c3)C(CC)(CC)c3ccccc3-4)c3ccc4c5ccc(-c6ccc(-c7ccc(C=O)s7)s6)cc5n(C)c4c3)cc21,c1csc(-c2ccc(-c3ccc4c(c3)[nH]c3cc(N(c5ccc6c(c5)Cc5ccccc5-6)c5ccc6c(c5)Cc5ccccc5-6)ccc34)s2)c1,c1csc(-c2ccc(-c3ccc4c(c3)[nH]c3cc(N(c5ccc6c(c5)Cc5ccccc5-6)c5ccc6c(c5)Cc5ccccc5-6)ccc34)s2)c1,True,False
CCC1(CC)c2ccccc2-c2ccc(N(c3ccc4c(c3)C(CC)(CC)c3ccccc3-4)c3ccc4c5ccc(-c6ccc(C=C(C#N)C(=O)O)s6)cc5n(C)c4c3)cc21,c1csc(-c2ccc3c(c2)[nH]c2cc(N(c4ccc5c(c4)Cc4ccccc4-5)c4ccc5c(c4)Cc4ccccc4-5)ccc23)c1,c1csc(-c2ccc3c(c2)[nH]c2cc(N(c4ccc5c(c4)Cc4ccccc4-5)c4ccc5c(c4)Cc4ccccc4-5)ccc23)c1,True,False
Cn1c2cc(-c3ccc(-c4ccc(C=C(C#N)C(=O)O)s4)s3)ccc2c2ccc(N(c3ccccc3)c3ccc4c(c3)C(C)(C)c3ccccc3-4)cc21,c1ccc(N(c2ccc3c(c2)Cc2ccccc2-3)c2ccc3c(c2)[nH]c2cc(-c4ccc(-c5cccs5)s4)ccc23)cc1,c1ccc(N(c2ccc3c(c2)Cc2ccccc2-3)c2ccc3c(c2)[nH]c2cc(-c4ccc(-c5cccs5)s4)ccc23)cc1,True,False
CCC1(CC)c2ccccc2-c2ccc(N(c3ccc4c(c3)C(CC)(CC)c3ccccc3-4)c3ccc4c5ccc(-c6ccc(-c7ccc(C=C(C#N)C(=O)O)s7)s6)cc5n(C)c4c3)cc21,c1csc(-c2ccc(-c3ccc4c(c3)[nH]c3cc(N(c5ccc6c(c5)Cc5ccccc5-6)c5ccc6c(c5)Cc5ccccc5-6)ccc34)s2)c1,c1csc(-c2ccc(-c3ccc4c(c3)[nH]c3cc(N(c5ccc6c(c5)Cc5ccccc5-6)c5ccc6c(c5)Cc5ccccc5-6)ccc34)s2)c1,True,False
O=C1C=Cc2cc(S(=O)(=O)[O-])ccc2C1=NNc1ccc(S(=O)(=O)[O-])cc1.[Na+].[Na+],O=C1C=Cc2ccccc2C1=NNc1ccccc1,O=C1C=Cc2ccccc2C1=NNc1ccccc1,True,False
CCN(Cc1cccc(S(=O)(=O)[O-])c1)c1ccc([C+](c2ccc(N(CC)Cc3cccc(S(=O)(=O)[O-])c3)cc2)c2ccc(O)cc2S(=O)(=O)[O-])cc1.[Na+].[Na+],c1ccc(CNc2ccc([C+](c3ccccc3)c3ccc(NCc4ccccc4)cc3)cc2)cc1,c1ccc(CNc2ccc([C+](c3ccccc3)c3ccc(NCc4ccccc4)cc3)cc2)cc1,True,False
c1ccc(-n2c(-c3cccc(-c4c5ccccc5c(-c5cc6ccccc6c6ccccc56)c5ccccc45)c3)nc3c4ccccc4c4ccccc4c32)cc1,c1ccc(-n2c(-c3cccc(-c4c5ccccc5c(-c5cc6ccccc6c6ccccc56)c5ccccc45)c3)nc3c4ccccc4c4ccccc4c32)cc1,c1ccc(-n2c(-c3cccc(-c4c5ccccc5c(-c5cc6ccccc6c6ccccc56)c5ccccc45)c3)nc3c4ccccc4c4ccccc4c32)cc1,True,False
c1ccc(-n2c(-c3ccc(-c4c5ccccc5c(-c5cc6ccccc6c6ccccc56)c5ccccc45)cc3)nc3c4ccccc4c4ccccc4c32)cc1,c1ccc(-n2c(-c3ccc(-c4c5ccccc5c(-c5cc6ccccc6c6ccccc56)c5ccccc45)cc3)nc3c4ccccc4c4ccccc4c32)cc1,c1ccc(-n2c(-c3ccc(-c4c5ccccc5c(-c5cc6ccccc6c6ccccc56)c5ccccc45)cc3)nc3c4ccccc4c4ccccc4c32)cc1,True,False
C=CC(C)(OC(=O)Nc1cc(Cl)cc(Cl)c1)C(=O)O,c1ccccc1,c1ccccc1,False,True
C=CC(C)(O)C(=O)Nc1cc(Cl)cc(Cl)c1,c1ccccc1,c1ccccc1,False,True
CC(C)[Si](C#Cc1c2cc(-c3ccc(C=C(C#N)C(=O)O)s3)oc2c(C#C[Si](C(C)C)(C(C)C)C(C)C)c2cc(-c3ccc(N(c4ccccc4)c4cccc5ccccc45)cc3)oc12)(C(C)C)C(C)C,c1ccc(N(c2ccc(-c3cc4cc5oc(-c6cccs6)cc5cc4o3)cc2)c2cccc3ccccc23)cc1,c1ccc(N(c2ccc(-c3cc4cc5oc(-c6cccs6)cc5cc4o3)cc2)c2cccc3ccccc23)cc1,False,True
COc1c2cc(-c3ccc(C=C(C#N)C(=O)O)s3)sc2c(OC)c2cc(-c3ccc(N(c4ccccc4)c4cccc5ccccc45)cc3)sc12,c1ccc(N(c2ccc(-c3cc4cc5sc(-c6cccs6)cc5cc4s3)cc2)c2cccc3ccccc23)cc1,c1ccc(N(c2ccc(-c3cc4cc5sc(-c6cccs6)cc5cc4s3)cc2)c2cccc3ccccc23)cc1,True,False
CCC=CC=CCCCCCCCCOC(C)=O,,acyclic_6048,True,False
CC=CCC=CCCCCCCCCOC(C)=O,,acyclic_6049,True,False
CCC(C)Oc1c2cc(-c3ccc4c5nc6ccccc6nc5n(C)c4c3)sc2c(OC(C)CC)c2cc(-c3ccc4c5nc6ccccc6nc5n(C)c4c3)sc12,c1ccc2nc3c(nc2c1)[nH]c1cc(-c2cc4cc5sc(-c6ccc7c(c6)[nH]c6nc8ccccc8nc67)cc5cc4s2)ccc13,c1ccc2nc3c(nc2c1)[nH]c1cc(-c2cc4cc5sc(-c6ccc7c(c6)[nH]c6nc8ccccc8nc67)cc5cc4s2)ccc13,True,False
COc1cc2cc(c1Cl)N(C)C(=O)CC(OC(=O)C(C)(C)OC)C1(C)OC1C(C)C1CC(O)(NC(=O)O1)C(OC)C=CC=C(C)C2,O=C1CCC2OC2CC2CC(CC=CC=CCc3cccc(c3)N1)NC(=O)O2,O=C1CCC2OC2CC2CC(CC=CC=CCc3cccc(c3)N1)NC(=O)O2,True,False
Cc1ccc[nH]1,c1cc[nH]c1,c1cc[nH]c1,True,False
Cc1cc(NN=C2C(=O)C=Cc3ccccc32)c(S(=O)(=O)[O-])cc1Cl.Cc1cc(NN=C2C(=O)C=Cc3ccccc32)c(S(=O)(=O)[O-])cc1Cl.[Ba+2],O=C1C=Cc2ccccc2C1=NNc1ccccc1.O=C1C=Cc2ccccc2C1=NNc1ccccc1,O=C1C=Cc2ccccc2C1=NNc1ccccc1.O=C1C=Cc2ccccc2C1=NNc1ccccc1,True,False
c1cc2c3c(c1)CCc1cc(C(=C(c4cc5c6c(c4)CCc4cccc(c4-6)CC5)c4cc5c6c(c4)CCc4cccc(c4-6)CC5)c4cc5c6c(c4)CCc4cccc(c4-6)CC5)cc(c1-3)CC2,c1cc2c3c(c1)CCc1cc(C(=C(c4cc5c6c(c4)CCc4cccc(c4-6)CC5)c4cc5c6c(c4)CCc4cccc(c4-6)CC5)c4cc5c6c(c4)CCc4cccc(c4-6)CC5)cc(c1-3)CC2,c1cc2c3c(c1)CCc1cc(C(=C(c4cc5c6c(c4)CCc4cccc(c4-6)CC5)c4cc5c6c(c4)CCc4cccc(c4-6)CC5)c4cc5c6c(c4)CCc4cccc(c4-6)CC5)cc(c1-3)CC2,True,False
C[C@](O[C@@H]1CC(C(=O)O)=C[C@@H](OP(=O)(O)O)[C@H]1O)(C(=O)O)P(=O)(O)O,C1=CCCCC1,C1=CCCCC1,False,True
Cc1ccc(N(C=Cc2ccc(N(c3ccc(C)cc3)c3ccc(C)cc3)cc2)c2ccc(-c3ccc(N(c4ccccc4)c4ccc(C)cc4)cc3)cc2)cc1,C(=CN(c1ccccc1)c1ccc(-c2ccc(N(c3ccccc3)c3ccccc3)cc2)cc1)c1ccc(N(c2ccccc2)c2ccccc2)cc1,C(=CN(c1ccccc1)c1ccc(-c2ccc(N(c3ccccc3)c3ccccc3)cc2)cc1)c1ccc(N(c2ccccc2)c2ccccc2)cc1,True,False
Cc1ccc(N(C=Cc2ccc(N(c3ccc(C)cc3)c3ccc(C)cc3)cc2)c2ccc(-c3ccc(N(C=Cc4ccc(N(c5ccc(C)cc5)c5ccc(C)cc5)cc4)c4ccc(C)cc4)cc3)cc2)cc1,C(=CN(c1ccccc1)c1ccc(-c2ccc(N(C=Cc3ccc(N(c4ccccc4)c4ccccc4)cc3)c3ccccc3)cc2)cc1)c1ccc(N(c2ccccc2)c2ccccc2)cc1,C(=CN(c1ccccc1)c1ccc(-c2ccc(N(C=Cc3ccc(N(c4ccccc4)c4ccccc4)cc3)c3ccccc3)cc2)cc1)c1ccc(N(c2ccccc2)c2ccccc2)cc1,True,False
Cc1ccc(N(C=CC=Cc2ccc(N(c3ccc(C)cc3)c3ccc(C)cc3)cc2)c2ccc(-c3ccc(N(c4ccccc4)c4ccc(C)cc4)cc3)cc2)cc1,C(C=CN(c1ccccc1)c1ccc(-c2ccc(N(c3ccccc3)c3ccccc3)cc2)cc1)=Cc1ccc(N(c2ccccc2)c2ccccc2)cc1,C(C=CN(c1ccccc1)c1ccc(-c2ccc(N(c3ccccc3)c3ccccc3)cc2)cc1)=Cc1ccc(N(c2ccccc2)c2ccccc2)cc1,False,True
Cc1cc(C=C2Sc3ccccc3N2C)cc(C)[n+]1CCCCC[n+]1c(C)cc(C=C2Sc3ccccc3N2C)cc1C.[O-][Cl+3]([O-])([O-])[O-].[O-][Cl+3]([O-])([O-])[O-],C(=C1Nc2ccccc2S1)c1cc[n+](CCCCC[n+]2ccc(C=C3Nc4ccccc4S3)cc2)cc1,C(=C1Nc2ccccc2S1)c1cc[n+](CCCCC[n+]2ccc(C=C3Nc4ccccc4S3)cc2)cc1,True,False
Cc1cc(C=C2Sc3ccccc3N2C)cc(C)[n+]1CCCCCC[n+]1c(C)cc(C=C2Sc3ccccc3N2C)cc1C.[O-][Cl+3]([O-])([O-])[O-].[O-][Cl+3]([O-])([O-])[O-],C(=C1Nc2ccccc2S1)c1cc[n+](CCCCCC[n+]2ccc(C=C3Nc4ccccc4S3)cc2)cc1,C(=C1Nc2ccccc2S1)c1cc[n+](CCCCCC[n+]2ccc(C=C3Nc4ccccc4S3)cc2)cc1,True,False
Cc1cc(C=C2Sc3ccccc3N2C)cc(C)[n+]1CCOCC[n+]1c(C)cc(C=C2Sc3ccccc3N2C)cc1C.[O-][Cl+3]([O-])([O-])[O-].[O-][Cl+3]([O-])([O-])[O-],C(=C1Nc2ccccc2S1)c1cc[n+](CCOCC[n+]2ccc(C=C3Nc4ccccc4S3)cc2)cc1,C(=C1Nc2ccccc2S1)c1cc[n+](CCOCC[n+]2ccc(C=C3Nc4ccccc4S3)cc2)cc1,True,False
Cc1cc(C=C2Sc3ccccc3N2C)cc(C)[n+]1CCCNCCC[n+]1c(C)cc(C=C2Sc3ccccc3N2C)cc1C.[O-][Cl+3]([O-])([O-])[O-].[O-][Cl+3]([O-])([O-])[O-],C(=C1Nc2ccccc2S1)c1cc[n+](CCCNCCC[n+]2ccc(C=C3Nc4ccccc4S3)cc2)cc1,C(=C1Nc2ccccc2S1)c1cc[n+](CCCNCCC[n+]2ccc(C=C3Nc4ccccc4S3)cc2)cc1,False,True
Cc1cc(C=C2Sc3ccccc3N2C)cc(C)[n+]1CCNCCNCC[n+]1c(C)cc(C=C2Sc3ccccc3N2C)cc1C.[O-][Cl+3]([O-])([O-])[O-].[O-][Cl+3]([O-])([O-])[O-],C(=C1Nc2ccccc2S1)c1cc[n+](CCNCCNCC[n+]2ccc(C=C3Nc4ccccc4S3)cc2)cc1,C(=C1Nc2ccccc2S1)c1cc[n+](CCNCCNCC[n+]2ccc(C=C3Nc4ccccc4S3)cc2)cc1,False,True
Cc1cc(C=C2Sc3ccccc3N2C)cc(C)[n+]1CCCCCCCCCCCC[n+]1c(C)cc(C=C2Sc3ccccc3N2C)cc1C.[O-][Cl+3]([O-])([O-])[O-].[O-][Cl+3]([O-])([O-])[O-],C(=C1Nc2ccccc2S1)c1cc[n+](CCCCCCCCCCCC[n+]2ccc(C=C3Nc4ccccc4S3)cc2)cc1,C(=C1Nc2ccccc2S1)c1cc[n+](CCCCCCCCCCCC[n+]2ccc(C=C3Nc4ccccc4S3)cc2)cc1,True,False
CCN(CCO)c1ccc(N=Nc2ccc(C=CC3=CC(=C(C#N)C#N)C=C(C=Cc4ccc(N=Nc5ccc(N(CC)CCO)cc5)cc4)O3)cc2)cc1,C=C1C=C(C=Cc2ccc(N=Nc3ccccc3)cc2)OC(C=Cc2ccc(N=Nc3ccccc3)cc2)=C1,C=C1C=C(C=Cc2ccc(N=Nc3ccccc3)cc2)OC(C=Cc2ccc(N=Nc3ccccc3)cc2)=C1,False,True
N#CC(C#N)=C1C=C(C=Cc2ccc(N=Nc3ccc(N(CCO)CCO)cc3)cc2)OC(C=Cc2ccc(N=Nc3ccc(N(CCO)CCO)cc3)cc2)=C1,C=C1C=C(C=Cc2ccc(N=Nc3ccccc3)cc2)OC(C=Cc2ccc(N=Nc3ccccc3)cc2)=C1,C=C1C=C(C=Cc2ccc(N=Nc3ccccc3)cc2)OC(C=Cc2ccc(N=Nc3ccccc3)cc2)=C1,False,True
COPC,,acyclic_6067,True,False
CN1C(=Cc2c3ccccc3[n+](C)c3c2oc2ccccc23)Sc2ccccc21.[I-],C(=C1Nc2ccccc2S1)c1c2ccccc2[nH+]c2c1oc1ccccc12,C(=C1Nc2ccccc2S1)c1c2ccccc2[nH+]c2c1oc1ccccc12,True,False
CPO[I][I]I,,acyclic_6069,True,False
CC(=O)[O-].[NH4+],,acyclic_6070,True,False
Oc1c(Cl)cc(-c2ccc(Cl)c(Cl)c2Cl)cc1Cl,c1ccc(-c2ccccc2)cc1,c1ccc(-c2ccccc2)cc1,True,False
CCN(CC)c1ccc2c(C(C=O)=CN(C)C)c3ccc(N(CC)CC)cc3[o+]c2c1.[O-][Cl+3]([O-])([O-])[O-],c1ccc2[o+]c3ccccc3cc2c1,c1ccc2[o+]c3ccccc3cc2c1,True,False
CCN(CC)c1ccc2c(-c3cnn(-c4ccccc4)c3)c3ccc(N(CC)CC)cc3[o+]c2c1.[O-][Cl+3]([O-])([O-])[O-],c1ccc(-n2cc(-c3c4ccccc4[o+]c4ccccc34)cn2)cc1,c1ccc(-n2cc(-c3c4ccccc4[o+]c4ccccc34)cn2)cc1,True,False
CCN(CC)c1ccc2c(-c3cnn(-c4ccccc4)c3N)c3ccc(N(CC)CC)cc3[o+]c2c1.[O-][Cl+3]([O-])([O-])[O-],c1ccc(-n2cc(-c3c4ccccc4[o+]c4ccccc34)cn2)cc1,c1ccc(-n2cc(-c3c4ccccc4[o+]c4ccccc34)cn2)cc1,True,False
CCN1C(=CC2=C([O-])C(=CC3=[N+](C)c4c(ccc5c6c(ccc45)C(C)(C)C(C=C4C(=O)C(C=C5N(C)c7ccc(C(=O)O)cc7C5(C)C)=C4[O-])=[N+]6C)C3(C)C)C2=O)C(C)(C)c2c1ccc1ccccc21,O=C1C(C=C2Cc3ccccc3N2)=CC1=CC1=[NH+]c2c(ccc3c4c(ccc23)CC(C=C2C=C(C=C3Cc5c(ccc6ccccc56)N3)C2=O)=[NH+]4)C1,O=C1C(C=C2Cc3ccccc3N2)=CC1=CC1=[NH+]c2c(ccc3c4c(ccc23)CC(C=C2C=C(C=C3Cc5c(ccc6ccccc56)N3)C2=O)=[NH+]4)C1,True,False
CCNc1nc(C#N)c(C#N)nc1CC(O)C1=Nc2c(cc(C#N)n2C#N)N(CC)C1C,c1cnc(CCC2=Nc3[nH]ccc3NC2)cn1,c1cnc(CCC2=Nc3[nH]ccc3NC2)cn1,True,False
CCNc1nc(C#N)c(C#N)nc1CC(=O)C1=Nc2c(cc(C#N)n2C#N)N(CC)C1C,O=C(Cc1cnccn1)C1=Nc2[nH]ccc2NC1,O=C(Cc1cnccn1)C1=Nc2[nH]ccc2NC1,True,False
O=[N+]([O-])c1ccc(N=Nc2ccc(OCCOc3ccc(C(c4ccc(OCCOc5ccc(N=Nc6ccc([N+](=O)[O-])cc6)cc5)cc4)(C(F)(F)F)C(F)(F)F)cc3)cc2)cc1,c1ccc(N=Nc2ccc(OCCOc3ccc(Cc4ccc(OCCOc5ccc(N=Nc6ccccc6)cc5)cc4)cc3)cc2)cc1,c1ccc(N=Nc2ccc(OCCOc3ccc(Cc4ccc(OCCOc5ccc(N=Nc6ccccc6)cc5)cc4)cc3)cc2)cc1,True,False
N#Cc1ccc(N=Nc2ccc(OCCOc3ccc(C(c4ccc(OCCOc5ccc(N=Nc6ccc(C#N)cc6)cc5)cc4)(C(F)(F)F)C(F)(F)F)cc3)cc2)cc1,c1ccc(N=Nc2ccc(OCCOc3ccc(Cc4ccc(OCCOc5ccc(N=Nc6ccccc6)cc5)cc4)cc3)cc2)cc1,c1ccc(N=Nc2ccc(OCCOc3ccc(Cc4ccc(OCCOc5ccc(N=Nc6ccccc6)cc5)cc4)cc3)cc2)cc1,True,False
FC(F)(F)c1ccc(N=Nc2ccc(OCCOc3ccc(C(c4ccc(OCCOc5ccc(N=Nc6ccc(C(F)(F)F)cc6)cc5)cc4)(C(F)(F)F)C(F)(F)F)cc3)cc2)cc1,c1ccc(N=Nc2ccc(OCCOc3ccc(Cc4ccc(OCCOc5ccc(N=Nc6ccccc6)cc5)cc4)cc3)cc2)cc1,c1ccc(N=Nc2ccc(OCCOc3ccc(Cc4ccc(OCCOc5ccc(N=Nc6ccccc6)cc5)cc4)cc3)cc2)cc1,True,False
Fc1ccc(N=Nc2ccc(OCCOc3ccc(C(c4ccc(OCCOc5ccc(N=Nc6ccc(F)c(Cl)c6)cc5)cc4)(C(F)(F)F)C(F)(F)F)cc3)cc2)cc1Cl,c1ccc(N=Nc2ccc(OCCOc3ccc(Cc4ccc(OCCOc5ccc(N=Nc6ccccc6)cc5)cc4)cc3)cc2)cc1,c1ccc(N=Nc2ccc(OCCOc3ccc(Cc4ccc(OCCOc5ccc(N=Nc6ccccc6)cc5)cc4)cc3)cc2)cc1,True,False
FC(F)(F)C(c1ccc(OCCOc2ccc(N=Nc3ccc(Cl)cc3)cc2)cc1)(c1ccc(OCCOc2ccc(N=Nc3ccc(Cl)cc3)cc2)cc1)C(F)(F)F,c1ccc(N=Nc2ccc(OCCOc3ccc(Cc4ccc(OCCOc5ccc(N=Nc6ccccc6)cc5)cc4)cc3)cc2)cc1,c1ccc(N=Nc2ccc(OCCOc3ccc(Cc4ccc(OCCOc5ccc(N=Nc6ccccc6)cc5)cc4)cc3)cc2)cc1,True,False
FC(F)(F)C(c1ccc(OCCOc2ccc(N=Nc3ccc(Br)cc3)cc2)cc1)(c1ccc(OCCOc2ccc(N=Nc3ccc(Br)cc3)cc2)cc1)C(F)(F)F,c1ccc(N=Nc2ccc(OCCOc3ccc(Cc4ccc(OCCOc5ccc(N=Nc6ccccc6)cc5)cc4)cc3)cc2)cc1,c1ccc(N=Nc2ccc(OCCOc3ccc(Cc4ccc(OCCOc5ccc(N=Nc6ccccc6)cc5)cc4)cc3)cc2)cc1,True,False
N#Cc1ccc(N=Nc2ccc(OCCON3C(=O)c4ccc(C(c5ccc6c(c5)C(=O)N(OCCOc5ccc(N=Nc7ccc(C#N)cc7)cc5)C6=O)(C(F)(F)F)C(F)(F)F)cc4C3=O)cc2)cc1,O=C1c2ccc(Cc3ccc4c(c3)C(=O)N(OCCOc3ccc(N=Nc5ccccc5)cc3)C4=O)cc2C(=O)N1OCCOc1ccc(N=Nc2ccccc2)cc1,O=C1c2ccc(Cc3ccc4c(c3)C(=O)N(OCCOc3ccc(N=Nc5ccccc5)cc3)C4=O)cc2C(=O)N1OCCOc1ccc(N=Nc2ccccc2)cc1,True,False
O=C1c2ccc(C(c3ccc4c(c3)C(=O)N(OCCOc3ccc(N=Nc5ccc(Cl)cc5)cc3)C4=O)(C(F)(F)F)C(F)(F)F)cc2C(=O)N1OCCOc1ccc(N=Nc2ccc(Cl)cc2)cc1,O=C1c2ccc(Cc3ccc4c(c3)C(=O)N(OCCOc3ccc(N=Nc5ccccc5)cc3)C4=O)cc2C(=O)N1OCCOc1ccc(N=Nc2ccccc2)cc1,O=C1c2ccc(Cc3ccc4c(c3)C(=O)N(OCCOc3ccc(N=Nc5ccccc5)cc3)C4=O)cc2C(=O)N1OCCOc1ccc(N=Nc2ccccc2)cc1,True,False
BPPB,,acyclic_6086,True,False
CCn1c2ccc(-c3ccc(C(C)(C)C)cc3)cc2c2c1c1c3cc(-c4ccc(C(C)(C)C)cc4)ccc3n(CC)c1c1c3cc(-c4ccc(C(C)(C)C)cc4)ccc3n(CC)c21,c1ccc(-c2ccc3[nH]c4c(c3c2)c2[nH]c3ccc(-c5ccccc5)cc3c2c2[nH]c3ccc(-c5ccccc5)cc3c42)cc1,c1ccc(-c2ccc3[nH]c4c(c3c2)c2[nH]c3ccc(-c5ccccc5)cc3c2c2[nH]c3ccc(-c5ccccc5)cc3c42)cc1,False,True
CCn1c2ccc(-c3ccc(OC)cc3)cc2c2c1c1c3cc(-c4ccc(OC)cc4)ccc3n(CC)c1c1c3cc(-c4ccc(OC)cc4)ccc3n(CC)c21,c1ccc(-c2ccc3[nH]c4c(c3c2)c2[nH]c3ccc(-c5ccccc5)cc3c2c2[nH]c3ccc(-c5ccccc5)cc3c42)cc1,c1ccc(-c2ccc3[nH]c4c(c3c2)c2[nH]c3ccc(-c5ccccc5)cc3c2c2[nH]c3ccc(-c5ccccc5)cc3c42)cc1,False,True
CCn1c2ccc(-c3ccc4c(c3)-c3ccccc3C4C)cc2c2c1c1c3cc(-c4ccc5c(c4)C(C)(C)c4ccccc4-5)ccc3n(CC)c1c1c3cc(-c4ccc5c(c4)C(C)(C)c4ccccc4-5)ccc3n(CC)c21,c1ccc2c(c1)Cc1cc(-c3ccc4[nH]c5c(c4c3)c3[nH]c4ccc(-c6ccc7c(c6)-c6ccccc6C7)cc4c3c3[nH]c4ccc(-c6ccc7c(c6)Cc6ccccc6-7)cc4c53)ccc1-2,c1ccc2c(c1)Cc1cc(-c3ccc4[nH]c5c(c4c3)c3[nH]c4ccc(-c6ccc7c(c6)-c6ccccc6C7)cc4c3c3[nH]c4ccc(-c6ccc7c(c6)Cc6ccccc6-7)cc4c53)ccc1-2,False,True
COC(=O)c1cc(Cl)ccc1NC(=O)C(=O)O,c1ccccc1,c1ccccc1,False,True
CCOC(=O)C(C#N)=C1C=C(C)CC(C)(C)C1,C=C1C=CCCC1,C=C1C=CCCC1,True,False
CC1=CC(=C(C#N)C#N)CC(C)(C)C1,C=C1C=CCCC1,C=C1C=CCCC1,True,False
CCCN1C(=O)C2=C(c3cccs3)N(CC(C)C)C(=O)C2=C1c1ccc(-c2ccc(C3=C4C(=O)N(CC(C)C)C(c5cccs5)=C4C(=O)N3CC(C)C)s2)s1,O=C1NC(c2ccc(-c3ccc(C4=C5C(=O)NC(c6cccs6)=C5C(=O)N4)s3)s2)=C2C(=O)NC(c3cccs3)=C12,O=C1NC(c2ccc(-c3ccc(C4=C5C(=O)NC(c6cccs6)=C5C(=O)N4)s3)s2)=C2C(=O)NC(c3cccs3)=C12,True,False
CCN1C(=O)C2=C(c3cccs3)N(C(C)C)C(=O)C2=C1c1ccc(-c2ccc(C3=C4C(=O)N(C(C)C)C(c5cccs5)=C4C(=O)N3C(C)C)s2)s1,O=C1NC(c2ccc(-c3ccc(C4=C5C(=O)NC(c6cccs6)=C5C(=O)N4)s3)s2)=C2C(=O)NC(c3cccs3)=C12,O=C1NC(c2ccc(-c3ccc(C4=C5C(=O)NC(c6cccs6)=C5C(=O)N4)s3)s2)=C2C(=O)NC(c3cccs3)=C12,True,False
Clc1ccc(-c2nc3cc(-c4c5nc(c(-c6ccccc6)c6ccc([nH]6)c(-c6ccccc6)c6nc(c(-c7ccccc7)c7ccc4[nH]7)C=C6)C=C5)ccc3[nH]2)cc1,C1=Cc2nc1c(-c1ccccc1)c1ccc([nH]1)c(-c1ccccc1)c1nc(c(-c3ccc4[nH]c(-c5ccccc5)nc4c3)c3ccc([nH]3)c2-c2ccccc2)C=C1,C1=Cc2nc1c(-c1ccccc1)c1ccc([nH]1)c(-c1ccccc1)c1nc(c(-c3ccc4[nH]c(-c5ccccc5)nc4c3)c3ccc([nH]3)c2-c2ccccc2)C=C1,True,False
C1=Cc2nc1c(-c1ccccc1)c1ccc([nH]1)c(-c1ccccc1)c1nc(c(-c3ccc4[nH]c(-c5cccc6ccccc56)nc4c3)c3ccc([nH]3)c2-c2ccccc2)C=C1,C1=Cc2nc1c(-c1ccccc1)c1ccc([nH]1)c(-c1ccccc1)c1nc(c(-c3ccc4[nH]c(-c5cccc6ccccc56)nc4c3)c3ccc([nH]3)c2-c2ccccc2)C=C1,C1=Cc2nc1c(-c1ccccc1)c1ccc([nH]1)c(-c1ccccc1)c1nc(c(-c3ccc4[nH]c(-c5cccc6ccccc56)nc4c3)c3ccc([nH]3)c2-c2ccccc2)C=C1,False,True
C1=Cc2nc1c(-c1ccccc1)c1ccc([nH]1)c(-c1ccccc1)c1nc(c(-c3ccc4[nH]c(-c5ccc6ccc7cccc8ccc5c6c78)nc4c3)c3ccc([nH]3)c2-c2ccccc2)C=C1,C1=Cc2nc1c(-c1ccccc1)c1ccc([nH]1)c(-c1ccccc1)c1nc(c(-c3ccc4[nH]c(-c5ccc6ccc7cccc8ccc5c6c78)nc4c3)c3ccc([nH]3)c2-c2ccccc2)C=C1,C1=Cc2nc1c(-c1ccccc1)c1ccc([nH]1)c(-c1ccccc1)c1nc(c(-c3ccc4[nH]c(-c5ccc6ccc7cccc8ccc5c6c78)nc4c3)c3ccc([nH]3)c2-c2ccccc2)C=C1,True,False
C1=Cc2nc1c(-c1ccccc1)c1ccc([nH]1)c(-c1ccccc1)c1nc(c(-c3ccc4[nH]c(-c5ccc6c(c5)Cc5ccccc5-6)nc4c3)c3ccc([nH]3)c2-c2ccccc2)C=C1,C1=Cc2nc1c(-c1ccccc1)c1ccc([nH]1)c(-c1ccccc1)c1nc(c(-c3ccc4[nH]c(-c5ccc6c(c5)Cc5ccccc5-6)nc4c3)c3ccc([nH]3)c2-c2ccccc2)C=C1,C1=Cc2nc1c(-c1ccccc1)c1ccc([nH]1)c(-c1ccccc1)c1nc(c(-c3ccc4[nH]c(-c5ccc6c(c5)Cc5ccccc5-6)nc4c3)c3ccc([nH]3)c2-c2ccccc2)C=C1,True,False
FC(F)(F)c1ccc(-c2nc3cc(-c4c5nc(c(-c6ccccc6)c6ccc([nH]6)c(-c6ccccc6)c6nc(c(-c7ccccc7)c7ccc4[nH]7)C=C6)C=C5)ccc3[nH]2)cc1,C1=Cc2nc1c(-c1ccccc1)c1ccc([nH]1)c(-c1ccccc1)c1nc(c(-c3ccc4[nH]c(-c5ccccc5)nc4c3)c3ccc([nH]3)c2-c2ccccc2)C=C1,C1=Cc2nc1c(-c1ccccc1)c1ccc([nH]1)c(-c1ccccc1)c1nc(c(-c3ccc4[nH]c(-c5ccccc5)nc4c3)c3ccc([nH]3)c2-c2ccccc2)C=C1,True,False
Clc1ccc(-c2nc3cc(-c4c5nc(c(-c6ccccc6)c6ccc([nH]6)c(-c6ccccc6)c6nc(c(-c7ccccc7)c7ccc4[nH]7)C=C6)C=C5)ccc3o2)cc1,C1=Cc2nc1c(-c1ccccc1)c1ccc([nH]1)c(-c1ccccc1)c1nc(c(-c3ccc4oc(-c5ccccc5)nc4c3)c3ccc([nH]3)c2-c2ccccc2)C=C1,C1=Cc2nc1c(-c1ccccc1)c1ccc([nH]1)c(-c1ccccc1)c1nc(c(-c3ccc4oc(-c5ccccc5)nc4c3)c3ccc([nH]3)c2-c2ccccc2)C=C1,True,False
C1=Cc2nc1c(-c1ccccc1)c1ccc([nH]1)c(-c1ccccc1)c1nc(c(-c3ccc4oc(-c5cccc6ccccc56)nc4c3)c3ccc([nH]3)c2-c2ccccc2)C=C1,C1=Cc2nc1c(-c1ccccc1)c1ccc([nH]1)c(-c1ccccc1)c1nc(c(-c3ccc4oc(-c5cccc6ccccc56)nc4c3)c3ccc([nH]3)c2-c2ccccc2)C=C1,C1=Cc2nc1c(-c1ccccc1)c1ccc([nH]1)c(-c1ccccc1)c1nc(c(-c3ccc4oc(-c5cccc6ccccc56)nc4c3)c3ccc([nH]3)c2-c2ccccc2)C=C1,True,False
C1=Cc2nc1c(-c1ccccc1)c1ccc([nH]1)c(-c1ccccc1)c1nc(c(-c3ccc4oc(-c5ccc6ccc7cccc8ccc5c6c78)nc4c3)c3ccc([nH]3)c2-c2ccccc2)C=C1,C1=Cc2nc1c(-c1ccccc1)c1ccc([nH]1)c(-c1ccccc1)c1nc(c(-c3ccc4oc(-c5ccc6ccc7cccc8ccc5c6c78)nc4c3)c3ccc([nH]3)c2-c2ccccc2)C=C1,C1=Cc2nc1c(-c1ccccc1)c1ccc([nH]1)c(-c1ccccc1)c1nc(c(-c3ccc4oc(-c5ccc6ccc7cccc8ccc5c6c78)nc4c3)c3ccc([nH]3)c2-c2ccccc2)C=C1,True,False
C1=Cc2nc1c(-c1ccccc1)c1ccc([nH]1)c(-c1ccccc1)c1nc(c(-c3ccc4oc(-c5ccc6c(c5)Cc5ccccc5-6)nc4c3)c3ccc([nH]3)c2-c2ccccc2)C=C1,C1=Cc2nc1c(-c1ccccc1)c1ccc([nH]1)c(-c1ccccc1)c1nc(c(-c3ccc4oc(-c5ccc6c(c5)Cc5ccccc5-6)nc4c3)c3ccc([nH]3)c2-c2ccccc2)C=C1,C1=Cc2nc1c(-c1ccccc1)c1ccc([nH]1)c(-c1ccccc1)c1nc(c(-c3ccc4oc(-c5ccc6c(c5)Cc5ccccc5-6)nc4c3)c3ccc([nH]3)c2-c2ccccc2)C=C1,True,False
COc1cc(C=C(c2ccccc2)c2ccccc2)ccc1N(c1ccc(C=C(c2ccccc2)c2ccccc2)cc1OC)c1ccc(C=C(c2ccccc2)c2ccccc2)cc1OC,C(=C(c1ccccc1)c1ccccc1)c1ccc(N(c2ccc(C=C(c3ccccc3)c3ccccc3)cc2)c2ccc(C=C(c3ccccc3)c3ccccc3)cc2)cc1,C(=C(c1ccccc1)c1ccccc1)c1ccc(N(c2ccc(C=C(c3ccccc3)c3ccccc3)cc2)c2ccc(C=C(c3ccccc3)c3ccccc3)cc2)cc1,True,False
COc1cc(N(c2ccc(C=C(c3ccccc3)c3ccccc3)c(OC)c2)c2ccc(C=C(c3ccccc3)c3ccccc3)c(OC)c2)ccc1C=C(c1ccccc1)c1ccccc1,C(=C(c1ccccc1)c1ccccc1)c1ccc(N(c2ccc(C=C(c3ccccc3)c3ccccc3)cc2)c2ccc(C=C(c3ccccc3)c3ccccc3)cc2)cc1,C(=C(c1ccccc1)c1ccccc1)c1ccc(N(c2ccc(C=C(c3ccccc3)c3ccccc3)cc2)c2ccc(C=C(c3ccccc3)c3ccccc3)cc2)cc1,True,False
CN1C(=CC=Cc2oc3ccccc3[n+]2C)Oc2ccccc21.[Cl-],C(=Cc1[nH+]c2ccccc2o1)C=C1Nc2ccccc2O1,C(=Cc1[nH+]c2ccccc2o1)C=C1Nc2ccccc2O1,True,False
CN1C(=CC=Cc2oc3ccccc3[n+]2C)Sc2ccccc21.[Cl-],C(=Cc1[nH+]c2ccccc2o1)C=C1Nc2ccccc2S1,C(=Cc1[nH+]c2ccccc2o1)C=C1Nc2ccccc2S1,True,False
Cc1ccc2c(c1)N(C)C(=CC=Cc1oc3ccccc3[n+]1C)O2.[Cl-],C(=Cc1[nH+]c2ccccc2o1)C=C1Nc2ccccc2O1,C(=Cc1[nH+]c2ccccc2o1)C=C1Nc2ccccc2O1,True,False
Cc1ccc2c(c1)N(C)C(=CC=Cc1oc3ccccc3[n+]1C)S2.[Cl-],C(=Cc1[nH+]c2ccccc2o1)C=C1Nc2ccccc2S1,C(=Cc1[nH+]c2ccccc2o1)C=C1Nc2ccccc2S1,True,False
Cc1ccc2c(c1)N(C)C(=CC=Cc1sc3ccccc3[n+]1C)S2.[Cl-],C(=Cc1[nH+]c2ccccc2s1)C=C1Nc2ccccc2S1,C(=Cc1[nH+]c2ccccc2s1)C=C1Nc2ccccc2S1,True,False
O=C1C=Cc2cc(S(=O)(=O)[O-])cc(S(=O)(=O)[O-])c2C1=NNc1ccc(N=Nc2ccccc2)cc1.[Na+].[Na+],O=C1C=Cc2ccccc2C1=NNc1ccc(N=Nc2ccccc2)cc1,O=C1C=Cc2ccccc2C1=NNc1ccc(N=Nc2ccccc2)cc1,True,False
O=C1C=Cc2cc(S(=O)(=O)[O-])cc(S(=O)(=O)[O-])c2C1=NNc1ccccc1.[Na+].[Na+],O=C1C=Cc2ccccc2C1=NNc1ccccc1,O=C1C=Cc2ccccc2C1=NNc1ccccc1,True,False
CC1(C)c2ccccc2-c2ccc(-c3cc4c(-c5cccc6ccccc56)c5ccccc5c(-c5cccc6ccccc56)c4cc3-c3ccc4c(c3)C(C)(C)c3ccccc3-4)cc21,c1ccc2c(c1)Cc1cc(-c3cc4c(-c5cccc6ccccc56)c5ccccc5c(-c5cccc6ccccc56)c4cc3-c3ccc4c(c3)Cc3ccccc3-4)ccc1-2,c1ccc2c(c1)Cc1cc(-c3cc4c(-c5cccc6ccccc56)c5ccccc5c(-c5cccc6ccccc56)c4cc3-c3ccc4c(c3)Cc3ccccc3-4)ccc1-2,False,True
C[n+]1c(C=Cc2ccccc2)sc2ccccc21.[I-],C(=Cc1[nH+]c2ccccc2s1)c1ccccc1,C(=Cc1[nH+]c2ccccc2s1)c1ccccc1,True,False
CN(C)c1ccc(C=Cc2sc3ccccc3[n+]2C)cc1.[I-],C(=Cc1[nH+]c2ccccc2s1)c1ccccc1,C(=Cc1[nH+]c2ccccc2s1)c1ccccc1,True,False
O=C(O)C[C@H](NC(=O)CP(=O)(O)O)C(=O)O,,acyclic_6116,True,False
CCOP(=O)(CC)SCCN(CC)CC,,acyclic_6117,True,False
C=COCC(C)C,,acyclic_6118,False,True
C[I][I]I,,acyclic_6119,True,False
CC1c2ccccc2-c2ccc(-c3ccccc3-c3cc(-c4ccc(-c5ccc6c(c5)C(C)(C)c5ccccc5-6)cc4)cc(-c4ccc(-c5ccc6c(c5)C(C)(C)c5ccccc5-6)cc4)c3)cc21,c1ccc2c(c1)Cc1cc(-c3ccc(-c4cc(-c5ccc(-c6ccc7c(c6)Cc6ccccc6-7)cc5)cc(-c5ccccc5-c5ccc6c(c5)Cc5ccccc5-6)c4)cc3)ccc1-2,c1ccc2c(c1)Cc1cc(-c3ccc(-c4cc(-c5ccc(-c6ccc7c(c6)Cc6ccccc6-7)cc5)cc(-c5ccccc5-c5ccc6c(c5)Cc5ccccc5-6)c4)cc3)ccc1-2,True,False
CC1c2ccccc2-c2ccc(C=Cc3ccc(-c4cc(-c5ccc(C=Cc6ccc7c(c6)C(C)(C)c6ccccc6-7)cc5)cc(-c5ccc(C=Cc6ccc7c(c6)C(C)(C)c6ccccc6-7)cc5)c4)cc3)cc21,C(=Cc1ccc2c(c1)Cc1ccccc1-2)c1ccc(-c2cc(-c3ccc(C=Cc4ccc5c(c4)Cc4ccccc4-5)cc3)cc(-c3ccc(C=Cc4ccc5c(c4)Cc4ccccc4-5)cc3)c2)cc1,C(=Cc1ccc2c(c1)Cc1ccccc1-2)c1ccc(-c2cc(-c3ccc(C=Cc4ccc5c(c4)Cc4ccccc4-5)cc3)cc(-c3ccc(C=Cc4ccc5c(c4)Cc4ccccc4-5)cc3)c2)cc1,True,False
CC1c2ccccc2-c2ccc(C#Cc3ccc(-c4cc(-c5ccc(C#Cc6ccc7c(c6)C(C)(C)c6ccccc6-7)cc5)cc(-c5ccc(C#Cc6ccc7c(c6)C(C)(C)c6ccccc6-7)cc5)c4)cc3)cc21,C(#Cc1ccc2c(c1)Cc1ccccc1-2)c1ccc(-c2cc(-c3ccc(C#Cc4ccc5c(c4)Cc4ccccc4-5)cc3)cc(-c3ccc(C#Cc4ccc5c(c4)Cc4ccccc4-5)cc3)c2)cc1,C(#Cc1ccc2c(c1)Cc1ccccc1-2)c1ccc(-c2cc(-c3ccc(C#Cc4ccc5c(c4)Cc4ccccc4-5)cc3)cc(-c3ccc(C#Cc4ccc5c(c4)Cc4ccccc4-5)cc3)c2)cc1,True,False
CC[N+](C)(C)c1ccc([C+](c2ccc(N(C)C)cc2)c2ccc(N(C)C)cc2)cc1.[Br-].[Cl-].[Cl-].[Cl-].[Zn+2],c1ccc([C+](c2ccccc2)c2ccccc2)cc1,c1ccc([C+](c2ccccc2)c2ccccc2)cc1,True,False
C=C(C#N)C(=O)O,,acyclic_6124,True,False
Cc1cc2nc3c(cc(N)c4ccccc43)[o+]c2cc1N(C)C.[Cl-],c1ccc2c(c1)ccc1[o+]c3ccccc3nc12,c1ccc2c(c1)ccc1[o+]c3ccccc3nc12,True,False
CN(C)c1ccc([C+](c2ccc(N(C)C)cc2)c2ccc(N(C)C)cc2)cc1.[Cl-],c1ccc([C+](c2ccccc2)c2ccccc2)cc1,c1ccc([C+](c2ccccc2)c2ccccc2)cc1,True,False
Brc1ccc(C=Cc2ccc(N(c3ccc(C=Cc4ccc(Br)c5ccccc45)cc3)c3ccc(C=Cc4ccc(C=Cc5ccncc5)c5ccccc45)cc3)cc2)c2ccccc12,C(=Cc1ccc(C=Cc2ccc(N(c3ccc(C=Cc4cccc5ccccc45)cc3)c3ccc(C=Cc4cccc5ccccc45)cc3)cc2)c2ccccc12)c1ccncc1,C(=Cc1ccc(C=Cc2ccc(N(c3ccc(C=Cc4cccc5ccccc45)cc3)c3ccc(C=Cc4cccc5ccccc45)cc3)cc2)c2ccccc12)c1ccncc1,True,False
Brc1ccc(C=Cc2ccc(N(c3ccc(C=Cc4ccc(C=Cc5ccncc5)c5ccccc45)cc3)c3ccc(C=Cc4ccc(C=Cc5ccncc5)c5ccccc45)cc3)cc2)c2ccccc12,C(=Cc1ccc(C=Cc2ccc(N(c3ccc(C=Cc4cccc5ccccc45)cc3)c3ccc(C=Cc4ccc(C=Cc5ccncc5)c5ccccc45)cc3)cc2)c2ccccc12)c1ccncc1,C(=Cc1ccc(C=Cc2ccc(N(c3ccc(C=Cc4cccc5ccccc45)cc3)c3ccc(C=Cc4ccc(C=Cc5ccncc5)c5ccccc45)cc3)cc2)c2ccccc12)c1ccncc1,True,False
Cc1sc2c(c1C)c(=O)n1c([n+]2C)C(=Cc2ccc(N(C)C)cc2)CC1.[I-],O=c1c2ccsc2[nH+]c2n1CCC2=Cc1ccccc1,O=c1c2ccsc2[nH+]c2n1CCC2=Cc1ccccc1,True,False
CN(C)c1ccc(C=C2CCC3N=C4C(=C[N+]23C)C2=C(CCCC2)S4=O)cc1.[I-],O=S1C2=NC3CCC(=Cc4ccccc4)[NH+]3C=C2C2=C1CCCC2,O=S1C2=NC3CCC(=Cc4ccccc4)[NH+]3C=C2C2=C1CCCC2,True,False
CC[n+]1c2n(c(=O)c3c(C)c(C)sc31)CCC2=Cc1ccc(N(C)C)cc1.[I-],O=c1c2ccsc2[nH+]c2n1CCC2=Cc1ccccc1,O=c1c2ccsc2[nH+]c2n1CCC2=Cc1ccccc1,True,False
Cc1ccc(-c2csc3c2c(=O)n2c([n+]3C)C(=Cc3ccc(N(C)C)cc3)CC2)cc1.[I-],O=c1c2c(-c3ccccc3)csc2[nH+]c2n1CCC2=Cc1ccccc1,O=c1c2c(-c3ccccc3)csc2[nH+]c2n1CCC2=Cc1ccccc1,True,False
NC(=[NH2+])NCCCOB1OCCO1,B1OCCO1,B1OCCO1,True,False
N#CC(C#N)[c-]1cccc1.[Fe+2].c1cc[cH-]c1,[c-]1cccc1.c1cc[cH-]c1,[c-]1cccc1.c1cc[cH-]c1,True,False
ClC=C[As](Cl)C=CCl,,acyclic_6135,True,False
CCC(C)CN1c2ccccc2Sc2cc(-c3ccc(C4=C5C(=O)N(C)C(c6ccc(-c7ccc8c(c7)Sc7ccccc7N8CC(C)CC)s6)=C5C(=O)N4C)s3)ccc21,O=C1NC(c2ccc(-c3ccc4c(c3)Sc3ccccc3N4)s2)=C2C(=O)NC(c3ccc(-c4ccc5c(c4)Sc4ccccc4N5)s3)=C12,O=C1NC(c2ccc(-c3ccc4c(c3)Sc3ccccc3N4)s2)=C2C(=O)NC(c3ccc(-c4ccc5c(c4)Sc4ccccc4N5)s3)=C12,True,False
CCC(C)CN1c2ccccc2Sc2cc(-c3cnc(C4=C5C(=O)N(C)C(c6ncc(-c7ccc8c(c7)Sc7ccccc7N8CC(C)CC)s6)=C5C(=O)N4C)s3)ccc21,O=C1NC(c2ncc(-c3ccc4c(c3)Sc3ccccc3N4)s2)=C2C(=O)NC(c3ncc(-c4ccc5c(c4)Sc4ccccc4N5)s3)=C12,O=C1NC(c2ncc(-c3ccc4c(c3)Sc3ccccc3N4)s2)=C2C(=O)NC(c3ncc(-c4ccc5c(c4)Sc4ccccc4N5)s3)=C12,True,False
CCC(C)CN1c2ccccc2Sc2cc(-c3cc4sc(C5=C6C(=O)N(C)C(c7csc8cc(-c9ccc%10c(c9)Sc9ccccc9N%10CC(C)CC)sc78)=C6C(=O)N5C)cc4s3)ccc21,O=C1NC(c2csc3cc(-c4ccc5c(c4)Sc4ccccc4N5)sc23)=C2C(=O)NC(c3cc4sc(-c5ccc6c(c5)Sc5ccccc5N6)cc4s3)=C12,O=C1NC(c2csc3cc(-c4ccc5c(c4)Sc4ccccc4N5)sc23)=C2C(=O)NC(c3cc4sc(-c5ccc6c(c5)Sc5ccccc5N6)cc4s3)=C12,True,False
CCN(CC)c1ccc(N=Nc2nc(Cl)c(C=CC3=[N+](CC)c4ccccc4C3(C)C)s2)cc1.[I-],C(=Cc1cnc(N=Nc2ccccc2)s1)C1=[NH+]c2ccccc2C1,C(=Cc1cnc(N=Nc2ccccc2)s1)C1=[NH+]c2ccccc2C1,True,False
CCN(CC)c1ccc(N=Nc2nc(Cl)c(C=Cc3sc4ccccc4[n+]3CC)s2)cc1.[I-],C(=Cc1[nH+]c2ccccc2s1)c1cnc(N=Nc2ccccc2)s1,C(=Cc1[nH+]c2ccccc2s1)c1cnc(N=Nc2ccccc2)s1,False,True
CCCCCC[n+]1c(C=Cc2sc(N=Nc3ccc(N(CC)CC)cc3)nc2Cl)sc2ccccc21.[I-],C(=Cc1[nH+]c2ccccc2s1)c1cnc(N=Nc2ccccc2)s1,C(=Cc1[nH+]c2ccccc2s1)c1cnc(N=Nc2ccccc2)s1,False,True
CCN(CC)c1ccc(N=Nc2nc(Cl)c(C=Cc3sc4cc(I)ccc4[n+]3CC)s2)cc1.[I-],C(=Cc1[nH+]c2ccccc2s1)c1cnc(N=Nc2ccccc2)s1,C(=Cc1[nH+]c2ccccc2s1)c1cnc(N=Nc2ccccc2)s1,False,True
CCN(CC)c1ccc(N=Nc2nc(Cl)c(C=Cc3[se]c4ccccc4[n+]3CC)s2)cc1.[I-],C(=Cc1[nH+]c2ccccc2[se]1)c1cnc(N=Nc2ccccc2)s1,C(=Cc1[nH+]c2ccccc2[se]1)c1cnc(N=Nc2ccccc2)s1,True,False
CCN(CC)c1ccc(N=Nc2nc(Cl)c(C=Cc3ccc4ccccc4[n+]3CC)s2)cc1.[I-],C(=Cc1cnc(N=Nc2ccccc2)s1)c1ccc2ccccc2[nH+]1,C(=Cc1cnc(N=Nc2ccccc2)s1)c1ccc2ccccc2[nH+]1,False,True
CCN(CC)c1ccc(N=Nc2nc(Cl)c(C=Cc3cc[n+](CC)c4ccccc34)s2)cc1.[I-],C(=Cc1cc[nH+]c2ccccc12)c1cnc(N=Nc2ccccc2)s1,C(=Cc1cc[nH+]c2ccccc12)c1cnc(N=Nc2ccccc2)s1,True,False
CC[N+]1=C(C=Cc2cnc(N=Nc3cc4c5c(c3)CCCN5CCC4)s2)C(C)(C)c2ccccc21,C(=Cc1cnc(N=Nc2cc3c4c(c2)CCCN4CCC3)s1)C1=[NH+]c2ccccc2C1,C(=Cc1cnc(N=Nc2cc3c4c(c2)CCCN4CCC3)s1)C1=[NH+]c2ccccc2C1,True,False
CC[n+]1c(C=Cc2cnc(N=Nc3cc4c5c(c3)CCCN5CCC4)s2)sc2ccccc21,C(=Cc1[nH+]c2ccccc2s1)c1cnc(N=Nc2cc3c4c(c2)CCCN4CCC3)s1,C(=Cc1[nH+]c2ccccc2s1)c1cnc(N=Nc2cc3c4c(c2)CCCN4CCC3)s1,True,False
CCCCN1C(=O)C2=C(c3ccc(-c4ccc5cc(F)ccc5c4)s3)N(CC(C)CC)C(=O)C2=C1c1ccc(-c2ccc3cc(F)ccc3c2)s1,O=C1NC(c2ccc(-c3ccc4ccccc4c3)s2)=C2C(=O)NC(c3ccc(-c4ccc5ccccc5c4)s3)=C12,O=C1NC(c2ccc(-c3ccc4ccccc4c3)s2)=C2C(=O)NC(c3ccc(-c4ccc5ccccc5c4)s3)=C12,True,False
C(#Cc1ccc(N(c2ccccc2)c2ccccc2)cc1)c1ccc(N=Nc2ccc(C#Cc3ccc(N(c4ccccc4)c4ccccc4)cc3)cc2)cc1,C(#Cc1ccc(N(c2ccccc2)c2ccccc2)cc1)c1ccc(N=Nc2ccc(C#Cc3ccc(N(c4ccccc4)c4ccccc4)cc3)cc2)cc1,C(#Cc1ccc(N(c2ccccc2)c2ccccc2)cc1)c1ccc(N=Nc2ccc(C#Cc3ccc(N(c4ccccc4)c4ccccc4)cc3)cc2)cc1,True,False
C(#Cc1ccc(-n2c3ccccc3c3ccccc32)cc1)c1ccc(N=Nc2ccc(C#Cc3ccc(-n4c5ccccc5c5ccccc54)cc3)cc2)cc1,C(#Cc1ccc(-n2c3ccccc3c3ccccc32)cc1)c1ccc(N=Nc2ccc(C#Cc3ccc(-n4c5ccccc5c5ccccc54)cc3)cc2)cc1,C(#Cc1ccc(-n2c3ccccc3c3ccccc32)cc1)c1ccc(N=Nc2ccc(C#Cc3ccc(-n4c5ccccc5c5ccccc54)cc3)cc2)cc1,True,False
[Br-].c1ccc2c[n+]3ccccc3cc2c1,c1ccc2c[n+]3ccccc3cc2c1,c1ccc2c[n+]3ccccc3cc2c1,True,False
Cc1cc(=O)oc2cc(O)ccc12.Cc1cc(=O)oc2cc(O)ccc12,O=c1ccc2ccccc2o1.O=c1ccc2ccccc2o1,O=c1ccc2ccccc2o1.O=c1ccc2ccccc2o1,True,False
CCn1c(=Cc2sc3ccccc3[n+]2C)sc(=C2Sc3ccccc3N2C)c1=O.[I-],O=c1[nH]c(=Cc2[nH+]c3ccccc3s2)sc1=C1Nc2ccccc2S1,O=c1[nH]c(=Cc2[nH+]c3ccccc3s2)sc1=C1Nc2ccccc2S1,False,True
CCn1c(=Cc2cc[n+](C)c3ccccc23)sc(=C2Sc3ccccc3N2C)c1=O.[I-],O=c1[nH]c(=Cc2cc[nH+]c3ccccc23)sc1=C1Nc2ccccc2S1,O=c1[nH]c(=Cc2cc[nH+]c3ccccc23)sc1=C1Nc2ccccc2S1,True,False
O=C(O)Cc1ccc(-c2c3nc(c(-c4ccc(CC(=O)O)cc4)c4ccc([nH]4)c(-c4ccccc4O)c4nc(c(-c5ccc(CC(=O)O)cc5)c5ccc2[nH]5)C=C4)C=C3)cc1,C1=Cc2nc1c(-c1ccccc1)c1ccc([nH]1)c(-c1ccccc1)c1nc(c(-c3ccccc3)c3ccc([nH]3)c2-c2ccccc2)C=C1,C1=Cc2nc1c(-c1ccccc1)c1ccc([nH]1)c(-c1ccccc1)c1nc(c(-c3ccccc3)c3ccc([nH]3)c2-c2ccccc2)C=C1,True,False
N[C@@H](CCC(=O)N[C@@H](CS)C(=O)NCC(=O)NCCCCNCCCNC(=O)CNC(=O)[C@H](CS)NC(=O)CC[C@H](N)C(=O)O)C(=O)O,,acyclic_6156,False,True
c1cc[nH]c1,c1cc[nH]c1,c1cc[nH]c1,True,False
Cc1ccc(S(=O)(=O)Oc2ccc(N=Nc3ccc(-c4ccc(NN=C5C(=O)C=Cc6cc(S(=O)(=O)[O-])cc(S(=O)(=O)[O-])c65)c(C)c4)cc3C)cc2)cc1.[Na+].[Na+],O=C1C=Cc2ccccc2C1=NNc1ccc(-c2ccc(N=Nc3ccc(OS(=O)(=O)c4ccccc4)cc3)cc2)cc1,O=C1C=Cc2ccccc2C1=NNc1ccc(-c2ccc(N=Nc3ccc(OS(=O)(=O)c4ccccc4)cc3)cc2)cc1,False,True
CC1=NN(c2c(C)cccc2Cl)C(=O)C1N=Nc1cc(NC(=O)c2ccc3c(c2)N([O-])NC(Cl)=N3)ccc1S(=O)(=O)O.[Na+],O=C(Nc1cccc(N=NC2C=NN(c3ccccc3)C2=O)c1)c1ccc2c(c1)NNC=N2,O=C(Nc1cccc(N=NC2C=NN(c3ccccc3)C2=O)c1)c1ccc2c(c1)NNC=N2,False,True
N=NN.O=C1CC(=O)N(c2ccccc2)N1.O=C1CC(=O)N(c2ccccc2)N1,O=C1CC(=O)N(c2ccccc2)N1.O=C1CC(=O)N(c2ccccc2)N1,O=C1CC(=O)N(c2ccccc2)N1.O=C1CC(=O)N(c2ccccc2)N1,True,False
BP[I]B,,acyclic_6161,False,True
[Cu][I]I,,acyclic_6162,True,False
Nc1c(N=Nc2ccc(S(=O)(=O)CCOS(=O)(=O)[O-])cc2)c(S(=O)(=O)[O-])cc2c1C(=O)C(=NNc1ccc(S(=O)(=O)CCOS(=O)(=O)[O-])cc1)C(S(=O)(=O)[O-])=C2.[Na+].[Na+].[Na+].[Na+],O=C1C(=NNc2ccccc2)C=Cc2ccc(N=Nc3ccccc3)cc21,O=C1C(=NNc2ccccc2)C=Cc2ccc(N=Nc3ccccc3)cc21,True,False
CCCCC(CC)COCCCN.Cc1nn(-c2ccccc2)c([O-])c1N=Nc1cc([N+](=O)[O-])cc(S(=O)(=O)[O-])c1[O-].[Cr+3].[H+].[OH-],c1ccc(N=Nc2cnn(-c3ccccc3)c2)cc1,c1ccc(N=Nc2cnn(-c3ccccc3)c2)cc1,True,False
c1ccc(C(=C(c2ccccc2)c2ccc(-c3ccc4c(c3)C(c3ccccc3)(c3ccccc3)c3ccccc3-4)cc2)c2ccc(-c3ccc4c(c3)C(c3ccccc3)(c3ccccc3)c3ccccc3-4)cc2)cc1,c1ccc(C(=C(c2ccccc2)c2ccc(-c3ccc4c(c3)C(c3ccccc3)(c3ccccc3)c3ccccc3-4)cc2)c2ccc(-c3ccc4c(c3)C(c3ccccc3)(c3ccccc3)c3ccccc3-4)cc2)cc1,c1ccc(C(=C(c2ccccc2)c2ccc(-c3ccc4c(c3)C(c3ccccc3)(c3ccccc3)c3ccccc3-4)cc2)c2ccc(-c3ccc4c(c3)C(c3ccccc3)(c3ccccc3)c3ccccc3-4)cc2)cc1,True,False
c1ccc(C(=C(c2ccccc2)c2ccc(-c3ccc4c(c3)C3(c5ccccc5-c5ccccc53)c3ccccc3-4)cc2)c2ccc(-c3ccc4c(c3)C3(c5ccccc5-c5ccccc53)c3ccccc3-4)cc2)cc1,c1ccc(C(=C(c2ccccc2)c2ccc(-c3ccc4c(c3)C3(c5ccccc5-c5ccccc53)c3ccccc3-4)cc2)c2ccc(-c3ccc4c(c3)C3(c5ccccc5-c5ccccc53)c3ccccc3-4)cc2)cc1,c1ccc(C(=C(c2ccccc2)c2ccc(-c3ccc4c(c3)C3(c5ccccc5-c5ccccc53)c3ccccc3-4)cc2)c2ccc(-c3ccc4c(c3)C3(c5ccccc5-c5ccccc53)c3ccccc3-4)cc2)cc1,True,False
[Cl-].c1cc2c(cc1N1CCCC1)Sc1cc(N3CCCC3)ccc1[NH2+]2,c1cc2c(cc1N1CCCC1)Sc1cc(N3CCCC3)ccc1[NH2+]2,c1cc2c(cc1N1CCCC1)Sc1cc(N3CCCC3)ccc1[NH2+]2,True,False
[Cl-].c1cc2c(cc1N1CCCCC1)Sc1cc(N3CCCCC3)ccc1[NH2+]2,c1cc2c(cc1N1CCCCC1)Sc1cc(N3CCCCC3)ccc1[NH2+]2,c1cc2c(cc1N1CCCCC1)Sc1cc(N3CCCCC3)ccc1[NH2+]2,False,True
CN(c1ccccc1)c1ccc2c(c1)Sc1cc(N(C)c3ccccc3)ccc1[NH2+]2.[Cl-],c1ccc(Nc2ccc3c(c2)Sc2cc(Nc4ccccc4)ccc2[NH2+]3)cc1,c1ccc(Nc2ccc3c(c2)Sc2cc(Nc4ccccc4)ccc2[NH2+]3)cc1,False,True
CN(Cc1ccccc1)c1ccc2c(c1)Sc1cc(N(C)Cc3ccccc3)ccc1[NH2+]2.[Cl-],c1ccc(CNc2ccc3c(c2)Sc2cc(NCc4ccccc4)ccc2[NH2+]3)cc1,c1ccc(CNc2ccc3c(c2)Sc2cc(NCc4ccccc4)ccc2[NH2+]3)cc1,True,False
[Cl-].c1ccc(CN(Cc2ccccc2)c2ccc3c(c2)Sc2cc(N(Cc4ccccc4)Cc4ccccc4)ccc2[NH2+]3)cc1,c1ccc(CN(Cc2ccccc2)c2ccc3c(c2)Sc2cc(N(Cc4ccccc4)Cc4ccccc4)ccc2[NH2+]3)cc1,c1ccc(CN(Cc2ccccc2)c2ccc3c(c2)Sc2cc(N(Cc4ccccc4)Cc4ccccc4)ccc2[NH2+]3)cc1,False,True
CN1c2ccc(C=C(C#N)C(=O)O)cc2Sc2cc(N(c3ccc(C(C)(C)c4ccccc4)cc3)c3ccc(C(C)(C)c4ccccc4)cc3)ccc21,c1ccc(Cc2ccc(N(c3ccc(Cc4ccccc4)cc3)c3ccc4c(c3)Sc3ccccc3N4)cc2)cc1,c1ccc(Cc2ccc(N(c3ccc(Cc4ccccc4)cc3)c3ccc4c(c3)Sc3ccccc3N4)cc2)cc1,True,False
CN1c2ccc(C=C(C#N)C(=O)O)cc2Sc2cc(-c3ccc(N(c4ccc5c(c4)C(C)(C)c4ccccc4-5)c4ccc5c(c4)C(C)(C)c4ccccc4-5)cc3)ccc21,c1ccc2c(c1)Cc1cc(N(c3ccc(-c4ccc5c(c4)Sc4ccccc4N5)cc3)c3ccc4c(c3)Cc3ccccc3-4)ccc1-2,c1ccc2c(c1)Cc1cc(N(c3ccc(-c4ccc5c(c4)Sc4ccccc4N5)cc3)c3ccc4c(c3)Cc3ccccc3-4)ccc1-2,True,False
CCN(CC)S(F)(F)F,,acyclic_6174,True,False
O=C1C(=C2Nc3ccc(S(=O)(=O)[O-])cc3C2=O)Nc2ccc(S(=O)(=O)[O-])cc21.[Na+].[Na+],O=C1C(=C2Nc3ccccc3C2=O)Nc2ccccc21,O=C1C(=C2Nc3ccccc3C2=O)Nc2ccccc21,True,False
Cn1nc2c(n1)c1c3sc(-c4ccc(N(c5ccccc5)c5ccccc5)cc4)cc3n(C)c1c1c2c2sc(C=C(C#N)C(=O)O)cc2n1C,c1ccc(N(c2ccccc2)c2ccc(-c3cc4[nH]c5c6[nH]c7ccsc7c6c6n[nH]nc6c5c4s3)cc2)cc1,c1ccc(N(c2ccccc2)c2ccc(-c3cc4[nH]c5c6[nH]c7ccsc7c6c6n[nH]nc6c5c4s3)cc2)cc1,True,False
COc1ccc(N(c2ccc(OC)cc2)c2ccc(-c3cc4c(s3)c3c5nn(C)nc5c5c6sc(C=C(C#N)C(=O)O)cc6n(C)c5c3n4C)cc2)cc1,c1ccc(N(c2ccccc2)c2ccc(-c3cc4[nH]c5c6[nH]c7ccsc7c6c6n[nH]nc6c5c4s3)cc2)cc1,c1ccc(N(c2ccccc2)c2ccc(-c3cc4[nH]c5c6[nH]c7ccsc7c6c6n[nH]nc6c5c4s3)cc2)cc1,True,False
COc1ccc(-c2ccc(N(c3ccc(-c4ccc(OC)cc4)cc3)c3ccc(-c4cc5c(s4)c4c6nn(C)nc6c6c7sc(C=C(C#N)C(=O)O)cc7n(C)c6c4n5C)cc3)cc2)cc1,c1ccc(-c2ccc(N(c3ccc(-c4ccccc4)cc3)c3ccc(-c4cc5[nH]c6c7[nH]c8ccsc8c7c7n[nH]nc7c6c5s4)cc3)cc2)cc1,c1ccc(-c2ccc(N(c3ccc(-c4ccccc4)cc3)c3ccc(-c4cc5[nH]c6c7[nH]c8ccsc8c7c7n[nH]nc7c6c5s4)cc3)cc2)cc1,True,False
CCC(C)Cn1c2cc(C=C(C#N)C(=O)O)sc2c2c3nn(C)nc3c3c4sc(-c5ccc(N(c6ccccc6)c6ccccc6)cc5)cc4n(CC(C)CC)c3c21,c1ccc(N(c2ccccc2)c2ccc(-c3cc4[nH]c5c6[nH]c7ccsc7c6c6n[nH]nc6c5c4s3)cc2)cc1,c1ccc(N(c2ccccc2)c2ccc(-c3cc4[nH]c5c6[nH]c7ccsc7c6c6n[nH]nc6c5c4s3)cc2)cc1,True,False
CC(C)(C)c1ccc2c(c1)c1cc(C(C)(C)C)ccc1n2-c1ccc(-n2c3ccc(C(C)(C)C)cc3c3cc(C(C)(C)C)ccc32)c2nc(-c3ccccc3)c(-c3ccccc3)nc12,c1ccc(-c2nc3c(-n4c5ccccc5c5ccccc54)ccc(-n4c5ccccc5c5ccccc54)c3nc2-c2ccccc2)cc1,c1ccc(-c2nc3c(-n4c5ccccc5c5ccccc54)ccc(-n4c5ccccc5c5ccccc54)c3nc2-c2ccccc2)cc1,True,False
c1ccc(-c2nc3c(-c4ccc(-n5c6ccccc6c6ccccc65)cc4)ccc(-c4ccc(-n5c6ccccc6c6ccccc65)cc4)c3nc2-c2ccccc2)cc1,c1ccc(-c2nc3c(-c4ccc(-n5c6ccccc6c6ccccc65)cc4)ccc(-c4ccc(-n5c6ccccc6c6ccccc65)cc4)c3nc2-c2ccccc2)cc1,c1ccc(-c2nc3c(-c4ccc(-n5c6ccccc6c6ccccc65)cc4)ccc(-c4ccc(-n5c6ccccc6c6ccccc65)cc4)c3nc2-c2ccccc2)cc1,True,False
NCCCCNCCCNC(=O)CNC(=O)[C@H](CS)NC(=O)CC[C@H](N)C(=O)O,,acyclic_6182,True,False
CCCCN1C(=O)C(=CC=CC=C2Oc3ccccc3N2CCCS(=O)(=O)[O-])C(=O)N(CCCC)C1=S.[Na+],O=C1NC(=S)NC(=O)C1=CC=CC=C1Nc2ccccc2O1,O=C1NC(=S)NC(=O)C1=CC=CC=C1Nc2ccccc2O1,True,False
N#CC(=Cc1ccc(-c2ccc3c(c2)CCc2cc(-c4ccc(N(c5ccccc5)c5ccccc5)cc4)ccc2N3COc2ccc(C(=O)O)cc2)s1)C(=O)O,c1ccc(OCN2c3ccc(-c4ccc(N(c5ccccc5)c5ccccc5)cc4)cc3CCc3cc(-c4cccs4)ccc32)cc1,c1ccc(OCN2c3ccc(-c4ccc(N(c5ccccc5)c5ccccc5)cc4)cc3CCc3cc(-c4cccs4)ccc32)cc1,True,False
CCCOc1cc(-c2cc(OCCC)c(NN=C(C(C)=O)C(=O)Nc3cccc([N+](=O)[O-])c3)cc2C)c(C)cc1NN=C(C(C)=O)C(=O)Nc1cccc([N+](=O)[O-])c1,O=C(C=NNc1ccc(-c2ccc(NN=CC(=O)Nc3ccccc3)cc2)cc1)Nc1ccccc1,O=C(C=NNc1ccc(-c2ccc(NN=CC(=O)Nc3ccccc3)cc2)cc1)Nc1ccccc1,True,False
CCCOc1cc(-c2cc(OCCC)c(NN=C(C(C)=O)C(=O)Nc3ccc([N+](=O)[O-])cc3)cc2C)c(C)cc1NN=C(C(C)=O)C(=O)Nc1ccc([N+](=O)[O-])cc1,O=C(C=NNc1ccc(-c2ccc(NN=CC(=O)Nc3ccccc3)cc2)cc1)Nc1ccccc1,O=C(C=NNc1ccc(-c2ccc(NN=CC(=O)Nc3ccccc3)cc2)cc1)Nc1ccccc1,True,False
CCCOc1cc(-c2cc(OCCC)c(NN=C(C(C)=O)C(=O)Nc3cccc(C(C)=O)c3)cc2C)c(C)cc1NN=C(C(C)=O)C(=O)Nc1cccc(C(C)=O)c1,O=C(C=NNc1ccc(-c2ccc(NN=CC(=O)Nc3ccccc3)cc2)cc1)Nc1ccccc1,O=C(C=NNc1ccc(-c2ccc(NN=CC(=O)Nc3ccccc3)cc2)cc1)Nc1ccccc1,True,False
CCCOc1cc(-c2cc(OCCC)c(NN=C(C(C)=O)C(=O)Nc3cccc(C(C)=O)c3)cc2OC)c(OC)cc1NN=C(C(C)=O)C(=O)Nc1cccc(C(C)=O)c1,O=C(C=NNc1ccc(-c2ccc(NN=CC(=O)Nc3ccccc3)cc2)cc1)Nc1ccccc1,O=C(C=NNc1ccc(-c2ccc(NN=CC(=O)Nc3ccccc3)cc2)cc1)Nc1ccccc1,True,False
CN1C(=CC=CC=CC2=[N+](C)c3ccccc3C2(C)C)C(C)(C)c2ccccc21.[I-],C(=CC=C1Cc2ccccc2N1)C=CC1=[NH+]c2ccccc2C1,C(=CC=C1Cc2ccccc2N1)C=CC1=[NH+]c2ccccc2C1,True,False
CN1C(=CC=C(Cl)C=CC2=[N+](C)c3ccccc3C2(C)C)C(C)(C)c2ccccc21.[I-],C(=CC=C1Cc2ccccc2N1)C=CC1=[NH+]c2ccccc2C1,C(=CC=C1Cc2ccccc2N1)C=CC1=[NH+]c2ccccc2C1,True,False
CN1C(=CC=C(Br)C=CC2=[N+](C)c3ccccc3C2(C)C)C(C)(C)c2ccccc21.[I-],C(=CC=C1Cc2ccccc2N1)C=CC1=[NH+]c2ccccc2C1,C(=CC=C1Cc2ccccc2N1)C=CC1=[NH+]c2ccccc2C1,True,False
CN1C(=CC=CC=CC2=[N+](C)c3cc4c(cc3C2(C)C)OCO4)C(C)(C)c2cc3c(cc21)OCO3.[I-],C(=CC=C1Cc2cc3c(cc2N1)OCO3)C=CC1=[NH+]c2cc3c(cc2C1)OCO3,C(=CC=C1Cc2cc3c(cc2N1)OCO3)C=CC1=[NH+]c2cc3c(cc2C1)OCO3,True,False
O=C(O)CCN1C(=CC=Cc2sc3ccccc3[n+]2CCC(=O)O)Sc2ccccc21.[I-],C(=Cc1[nH+]c2ccccc2s1)C=C1Nc2ccccc2S1,C(=Cc1[nH+]c2ccccc2s1)C=C1Nc2ccccc2S1,True,False
O=C(O)CCN1C(=CC=CC=Cc2sc3ccccc3[n+]2CCC(=O)O)Sc2ccccc21.[I-],C(=CC=C1Nc2ccccc2S1)C=Cc1[nH+]c2ccccc2s1,C(=CC=C1Nc2ccccc2S1)C=Cc1[nH+]c2ccccc2s1,False,True
CC1(C)C(=CC=CC=CC=CC2=[N+](CCCCS(=O)(=O)[O-])c3ccc4ccccc4c3C2(C)C)N(CCCCS(=O)(=O)[O-])c2ccc3ccccc3c21.[Na+],C(=CC=CC1=[NH+]c2ccc3ccccc3c2C1)C=CC=C1Cc2c(ccc3ccccc23)N1,C(=CC=CC1=[NH+]c2ccc3ccccc3c2C1)C=CC=C1Cc2c(ccc3ccccc23)N1,True,False
NCCCCCCN,,acyclic_6196,True,False
CNc1ccc([C+](c2ccc(N(C)C)cc2)c2ccc(N(C)C)cc2)cc1.[Cl-],c1ccc([C+](c2ccccc2)c2ccccc2)cc1,c1ccc([C+](c2ccccc2)c2ccccc2)cc1,True,False
Cc1cc2[nH+]c3ccc(N(C)C)cc3nc2cc1N.[Cl-],c1ccc2[nH+]c3ccccc3nc2c1,c1ccc2[nH+]c3ccccc3nc2c1,False,True
Cc1cc2nc3ccc(N(C)C)cc3[s+]c2cc1N.[Cl-],c1ccc2[s+]c3ccccc3nc2c1,c1ccc2[s+]c3ccccc3nc2c1,True,False
COPCOCl,,acyclic_6200,True,False
O.c1ccncc1,c1ccncc1,c1ccncc1,False,True
CC(C)(C)c1ccc(-c2cc(-c3ccc(-n4c5ccccc5c5ccccc54)cc3)c3ccc4c(-c5ccc(-n6c7ccccc7c7ccccc76)cc5)cc(-c5ccc(C(C)(C)C)cc5)c5ccc2c3c45)cc1,c1ccc(-c2cc(-c3ccc(-n4c5ccccc5c5ccccc54)cc3)c3ccc4c(-c5ccc(-n6c7ccccc7c7ccccc76)cc5)cc(-c5ccccc5)c5ccc2c3c54)cc1,c1ccc(-c2cc(-c3ccc(-n4c5ccccc5c5ccccc54)cc3)c3ccc4c(-c5ccc(-n6c7ccccc7c7ccccc76)cc5)cc(-c5ccccc5)c5ccc2c3c54)cc1,True,False
FCF,,acyclic_6203,True,False
CC1c2cc(C#Cc3ccc(C#Cc4ccc5c(c4)C(C)(C)c4cc(-n6c7ccccc7c7ccccc76)ccc4-5)c4nsnc34)ccc2-c2ccc(-n3c4ccccc4c4ccccc43)cc21,C(#Cc1ccc(C#Cc2ccc3c(c2)Cc2cc(-n4c5ccccc5c5ccccc54)ccc2-3)c2nsnc12)c1ccc2c(c1)Cc1cc(-n3c4ccccc4c4ccccc43)ccc1-2,C(#Cc1ccc(C#Cc2ccc3c(c2)Cc2cc(-n4c5ccccc5c5ccccc54)ccc2-3)c2nsnc12)c1ccc2c(c1)Cc1cc(-n3c4ccccc4c4ccccc43)ccc1-2,True,False
CC1c2cc(C#Cc3ccc(C#Cc4ccc5c(c4)C(C)(C)c4cc(-n6c7ccccc7c7ccccc76)ccc4-5)cc3)ccc2-c2ccc(-n3c4ccccc4c4ccccc43)cc21,C(#Cc1ccc2c(c1)Cc1cc(-n3c4ccccc4c4ccccc43)ccc1-2)c1ccc(C#Cc2ccc3c(c2)Cc2cc(-n4c5ccccc5c5ccccc54)ccc2-3)cc1,C(#Cc1ccc2c(c1)Cc1cc(-n3c4ccccc4c4ccccc43)ccc1-2)c1ccc(C#Cc2ccc3c(c2)Cc2cc(-n4c5ccccc5c5ccccc54)ccc2-3)cc1,False,True
CC1c2cc(C#Cc3c4ccccc4c(C#Cc4ccc5c(c4)C(C)(C)c4cc(-n6c7ccccc7c7ccccc76)ccc4-5)c4ccccc34)ccc2-c2ccc(-n3c4ccccc4c4ccccc43)cc21,C(#Cc1c2ccccc2c(C#Cc2ccc3c(c2)Cc2cc(-n4c5ccccc5c5ccccc54)ccc2-3)c2ccccc12)c1ccc2c(c1)Cc1cc(-n3c4ccccc4c4ccccc43)ccc1-2,C(#Cc1c2ccccc2c(C#Cc2ccc3c(c2)Cc2cc(-n4c5ccccc5c5ccccc54)ccc2-3)c2ccccc12)c1ccc2c(c1)Cc1cc(-n3c4ccccc4c4ccccc43)ccc1-2,True,False
CCN(CC)c1ccc2nc3c(cc(Nc4cccc(Cl)c4)c4ccccc43)[o+]c2c1.[Cl-],c1ccc(Nc2cc3[o+]c4ccccc4nc3c3ccccc23)cc1,c1ccc(Nc2cc3[o+]c4ccccc4nc3c3ccccc23)cc1,True,False
CCN(CC)c1ccc2nc3c(cc(Nc4cccc(Cl)c4)c4ccccc43)[o+]c2c1.[Br-],c1ccc(Nc2cc3[o+]c4ccccc4nc3c3ccccc23)cc1,c1ccc(Nc2cc3[o+]c4ccccc4nc3c3ccccc23)cc1,True,False
CCN(CC)c1ccc2nc3c(cc(Nc4cccc(Cl)c4)c4ccccc43)[o+]c2c1.[I-],c1ccc(Nc2cc3[o+]c4ccccc4nc3c3ccccc23)cc1,c1ccc(Nc2cc3[o+]c4ccccc4nc3c3ccccc23)cc1,True,False
CCN(CC)c1ccc2nc3c(cc(Nc4cccc(Cl)c4)c4ccccc43)[o+]c2c1.O=[N+]([O-])[O-],c1ccc(Nc2cc3[o+]c4ccccc4nc3c3ccccc23)cc1,c1ccc(Nc2cc3[o+]c4ccccc4nc3c3ccccc23)cc1,True,False
CCN(CC)c1ccc2nc3c(cc(Nc4cccc(Cl)c4)c4ccccc43)[o+]c2c1.O=S(=O)([O-])C(F)(F)F,c1ccc(Nc2cc3[o+]c4ccccc4nc3c3ccccc23)cc1,c1ccc(Nc2cc3[o+]c4ccccc4nc3c3ccccc23)cc1,True,False
O=[Si]=O,,acyclic_6212,True,False
C[n+]1ccc(C=Cc2ccc(N(c3ccccc3)c3ccccc3)cc2)nc1.[I-],C(=Cc1cc[nH+]cn1)c1ccc(N(c2ccccc2)c2ccccc2)cc1,C(=Cc1cc[nH+]cn1)c1ccc(N(c2ccccc2)c2ccccc2)cc1,True,False
C[n+]1ccc(C=Cc2ccc(-c3ccc(N(c4ccccc4)c4ccccc4)cc3)cc2)nc1.[I-],C(=Cc1cc[nH+]cn1)c1ccc(-c2ccc(N(c3ccccc3)c3ccccc3)cc2)cc1,C(=Cc1cc[nH+]cn1)c1ccc(-c2ccc(N(c3ccccc3)c3ccccc3)cc2)cc1,True,False
CCN(CC)c1ccc2c(C(C=Cc3sc4ccccc4[n+]3C)=CC=C3Sc4ccccc4N3C)c3ccc(N(CC)CC)cc3[o+]c2c1.[O-][Cl+3]([O-])([O-])[O-].[O-][Cl+3]([O-])([O-])[O-],C(=Cc1[nH+]c2ccccc2s1)C(=CC=C1Nc2ccccc2S1)c1c2ccccc2[o+]c2ccccc12,C(=Cc1[nH+]c2ccccc2s1)C(=CC=C1Nc2ccccc2S1)c1c2ccccc2[o+]c2ccccc12,True,False
CCN(CC)c1ccc2c(C(C=Cc3ccc4ccccc4[n+]3C)=CC=C3C=Cc4ccccc4N3C)c3ccc(N(CC)CC)cc3[o+]c2c1.[O-][Cl+3]([O-])([O-])[O-].[O-][Cl+3]([O-])([O-])[O-],C1=Cc2ccccc2NC1=CC=C(C=Cc1ccc2ccccc2[nH+]1)c1c2ccccc2[o+]c2ccccc12,C1=Cc2ccccc2NC1=CC=C(C=Cc1ccc2ccccc2[nH+]1)c1c2ccccc2[o+]c2ccccc12,True,False
CCCCCCN1C(=CC2=C(OC)C(=Cc3sc4ccccc4[n+]3CCCCCC)C2=O)Sc2ccccc21.O=S(=O)([O-])C(F)(F)F,O=C1C(C=C2Nc3ccccc3S2)=CC1=Cc1[nH+]c2ccccc2s1,O=C1C(C=C2Nc3ccccc3S2)=CC1=Cc1[nH+]c2ccccc2s1,False,True
CCCCCCN1C(=CC2=C(OC)C(=Cc3[se]c4ccccc4[n+]3CCCCCC)C2=O)[Se]c2ccccc21.O=S(=O)([O-])C(F)(F)F,O=C1C(C=C2Nc3ccccc3[Se]2)=CC1=Cc1[nH+]c2ccccc2[se]1,O=C1C(C=C2Nc3ccccc3[Se]2)=CC1=Cc1[nH+]c2ccccc2[se]1,True,False
CCCCCCN1C(=CC2=C(OC)C(=Cc3ccc4ccccc4[n+]3CCCCCC)C2=O)C=Cc2ccccc21.O=S(=O)([O-])C(F)(F)F,O=C1C(C=C2C=Cc3ccccc3N2)=CC1=Cc1ccc2ccccc2[nH+]1,O=C1C(C=C2C=Cc3ccccc3N2)=CC1=Cc1ccc2ccccc2[nH+]1,True,False
CCCCCCN1C(=CC2=C(NCc3ccccc3)C(=Cc3sc4ccccc4[n+]3CCCCCC)C2=O)Sc2ccccc21.[I-],O=C1C(=Cc2[nH+]c3ccccc3s2)C(NCc2ccccc2)=C1C=C1Nc2ccccc2S1,O=C1C(=Cc2[nH+]c3ccccc3s2)C(NCc2ccccc2)=C1C=C1Nc2ccccc2S1,True,False
CCCCCCN1C(=CC2=C(NCc3ccccc3)C(=Cc3[se]c4ccccc4[n+]3CCCCCC)C2=O)[Se]c2ccccc21.[I-],O=C1C(=Cc2[nH+]c3ccccc3[se]2)C(NCc2ccccc2)=C1C=C1Nc2ccccc2[Se]1,O=C1C(=Cc2[nH+]c3ccccc3[se]2)C(NCc2ccccc2)=C1C=C1Nc2ccccc2[Se]1,False,True
CCCCCCN1C(=CC2=C(NCc3ccccc3)C(=Cc3ccc4ccccc4[n+]3CCCCCC)C2=O)C=Cc2ccccc21.[I-],O=C1C(=Cc2ccc3ccccc3[nH+]2)C(NCc2ccccc2)=C1C=C1C=Cc2ccccc2N1,O=C1C(=Cc2ccc3ccccc3[nH+]2)C(NCc2ccccc2)=C1C=C1C=Cc2ccccc2N1,True,False
CCCCCCN1C(=CC2=C(Nc3ccccc3)C(=Cc3[se]c4ccccc4[n+]3CCCCCC)C2=O)[Se]c2ccccc21.[I-],O=C1C(=Cc2[nH+]c3ccccc3[se]2)C(Nc2ccccc2)=C1C=C1Nc2ccccc2[Se]1,O=C1C(=Cc2[nH+]c3ccccc3[se]2)C(Nc2ccccc2)=C1C=C1Nc2ccccc2[Se]1,True,False
CCCCCCN1C(=CC2=C(Nc3ccccc3)C(=Cc3ccc4ccccc4[n+]3CCCCCC)C2=O)C=Cc2ccccc21.[I-],O=C1C(=Cc2ccc3ccccc3[nH+]2)C(Nc2ccccc2)=C1C=C1C=Cc2ccccc2N1,O=C1C(=Cc2ccc3ccccc3[nH+]2)C(Nc2ccccc2)=C1C=C1C=Cc2ccccc2N1,True,False
CCCCCCN1C(=CC2=C(Nc3cccc(I)c3)C(=Cc3[se]c4ccccc4[n+]3CCCCCC)C2=O)[Se]c2ccccc21.[I-],O=C1C(=Cc2[nH+]c3ccccc3[se]2)C(Nc2ccccc2)=C1C=C1Nc2ccccc2[Se]1,O=C1C(=Cc2[nH+]c3ccccc3[se]2)C(Nc2ccccc2)=C1C=C1Nc2ccccc2[Se]1,True,False
CCCCCCN1C(=CC2=C(Nc3cccc(I)c3)C(=Cc3ccc4ccccc4[n+]3CCCCCC)C2=O)C=Cc2ccccc21.[I-],O=C1C(=Cc2ccc3ccccc3[nH+]2)C(Nc2ccccc2)=C1C=C1C=Cc2ccccc2N1,O=C1C(=Cc2ccc3ccccc3[nH+]2)C(Nc2ccccc2)=C1C=C1C=Cc2ccccc2N1,True,False
CN(C)c1ccc(N=Nc2ccc(S(=O)(=O)[O-])cc2)cc1.[Na+],c1ccc(N=Nc2ccccc2)cc1,c1ccc(N=Nc2ccccc2)cc1,False,True
Cc1cc(S(=O)(=O)[O-])ccc1NN=C1C(=O)C=Cc2ccccc21.[Na+],O=C1C=Cc2ccccc2C1=NNc1ccccc1,O=C1C=Cc2ccccc2C1=NNc1ccccc1,True,False
CC1(C)COC(=O)CCCCCCCCCCCOC(=O)[C@@H]2CCCCN2C(=O)C1=O,O=C1CCCCCCCCCCCOC(=O)[C@@H]2CCCCN2C(=O)C(=O)CCO1,O=C1CCCCCCCCCCCOC(=O)[C@@H]2CCCCN2C(=O)C(=O)CCO1,True,False
CCC(C)(C)C(=O)C(=O)N1CCCC[C@H]1C(=O)O.c1ccc(CCCc2ccccc2)cc1,C1CCNCC1.c1ccc(CCCc2ccccc2)cc1,C1CCNCC1.c1ccc(CCCc2ccccc2)cc1,True,False
CCCCC(=O)C=O,,acyclic_6231,False,True
Cc1cn(C)c(C)c1-c1c(O)c(=O)c1=O,O=c1cc(-c2cc[nH]c2)c1=O,O=c1cc(-c2cc[nH]c2)c1=O,True,False
COc1cc(C(=O)NCCCCCC(=O)[O-])cc(OC)c1OC.[Na+],c1ccccc1,c1ccccc1,False,True
COc1cc(C=Cc2nc3ccccc3s2)c(OC)cc1C=Cc1nc(C)nc(C=Cc2cc(OC)c(C=Cc3nc4ccccc4s3)cc2OC)n1,C(=Cc1ncnc(C=Cc2ccc(C=Cc3nc4ccccc4s3)cc2)n1)c1ccc(C=Cc2nc3ccccc3s2)cc1,C(=Cc1ncnc(C=Cc2ccc(C=Cc3nc4ccccc4s3)cc2)n1)c1ccc(C=Cc2nc3ccccc3s2)cc1,True,False
N#CC(=Cc1ccc(-c2cc(-c3ccc(N(c4ccccc4)c4ccccc4)cc3)c(-c3ccc(N(c4ccccc4)c4ccccc4)cc3)s2)s1)C(=O)O,c1ccc(N(c2ccccc2)c2ccc(-c3cc(-c4cccs4)sc3-c3ccc(N(c4ccccc4)c4ccccc4)cc3)cc2)cc1,c1ccc(N(c2ccccc2)c2ccc(-c3cc(-c4cccs4)sc3-c3ccc(N(c4ccccc4)c4ccccc4)cc3)cc2)cc1,True,False
CC1(C)c2ccccc2-c2ccc(N(c3ccc(-c4cnc(-c5ccc(C=C(C#N)C(=O)O)s5)c5nsnc45)cc3)c3ccc4c(c3)C(C)(C)c3ccccc3-4)cc21,c1csc(-c2ncc(-c3ccc(N(c4ccc5c(c4)Cc4ccccc4-5)c4ccc5c(c4)Cc4ccccc4-5)cc3)c3nsnc23)c1,c1csc(-c2ncc(-c3ccc(N(c4ccc5c(c4)Cc4ccccc4-5)c4ccc5c(c4)Cc4ccccc4-5)cc3)c3nsnc23)c1,True,False
Cc1ncc(C[n+]2csc(CCOP(=O)(O)OP(=O)(O)O)c2C)c(N)n1,c1ncc(C[n+]2ccsc2)cn1,c1ncc(C[n+]2ccsc2)cn1,True,False
O=P([O-])([O-])OP(=O)([O-])[O-].[Na+].[Na+].[Na+].[Na+],,acyclic_6238,False,True
Cc1cc(C)c(S(=O)(=O)[O-])c(C)c1Nc1ccc(Nc2c(C)cc(C)c(S(=O)(=O)[O-])c2C)c2c1C(=O)c1ccccc1C2=O.[Na+].[Na+],O=C1c2ccccc2C(=O)c2c(Nc3ccccc3)ccc(Nc3ccccc3)c21,O=C1c2ccccc2C(=O)c2c(Nc3ccccc3)ccc(Nc3ccccc3)c21,True,False
CC[n+]1c(-c2ccccc2)c2cc(N)ccc2c2ccc(N)cc21.[Br-],c1ccc(-c2[nH+]c3ccccc3c3ccccc23)cc1,c1ccc(-c2[nH+]c3ccccc3c3ccccc23)cc1,True,False
COc1ccc(N(c2ccc(OC)cc2)c2ccc(-c3ccc(-c4nc5c(-c6ccc(C=C(C#N)C(=O)O)s6)ccc(-c6ccc(C=C(C#N)C(=O)O)s6)c5n4C)s3)cc2)cc1,c1ccc(N(c2ccccc2)c2ccc(-c3ccc(-c4nc5c(-c6cccs6)ccc(-c6cccs6)c5[nH]4)s3)cc2)cc1,c1ccc(N(c2ccccc2)c2ccc(-c3ccc(-c4nc5c(-c6cccs6)ccc(-c6cccs6)c5[nH]4)s3)cc2)cc1,True,False
COc1ccc(N(c2ccc(OC)cc2)c2ccc(-c3nc4c(-c5cc(C)c(C=C(C#N)C(=O)O)s5)ccc(-c5cc(C)c(C=C(C#N)C(=O)O)s5)c4n3C)cc2)cc1,c1ccc(N(c2ccccc2)c2ccc(-c3nc4c(-c5cccs5)ccc(-c5cccs5)c4[nH]3)cc2)cc1,c1ccc(N(c2ccccc2)c2ccc(-c3nc4c(-c5cccs5)ccc(-c5cccs5)c4[nH]3)cc2)cc1,True,False
CC(C)(C)c1ccc2c(N(c3ccccc3)c3cccc4ccccc34)c3cc(C(C)(C)C)ccc3c(-c3ccc(-c4ccc(C=C(C#N)C(=O)O)s4)s3)c2c1,c1ccc(N(c2cccc3ccccc23)c2c3ccccc3c(-c3ccc(-c4cccs4)s3)c3ccccc23)cc1,c1ccc(N(c2cccc3ccccc23)c2c3ccccc3c(-c3ccc(-c4cccs4)s3)c3ccccc23)cc1,True,False
CC(C)(C)c1ccc2c(N(c3ccccc3)c3cccc4ccccc34)c3cc(C(C)(C)C)ccc3c(-c3ccc(-c4ccc(-c5ccc(C=C(C#N)C(=O)O)s5)c5nsnc45)s3)c2c1,c1ccc(N(c2cccc3ccccc23)c2c3ccccc3c(-c3ccc(-c4ccc(-c5cccs5)c5nsnc45)s3)c3ccccc23)cc1,c1ccc(N(c2cccc3ccccc23)c2c3ccccc3c(-c3ccc(-c4ccc(-c5cccs5)c5nsnc45)s3)c3ccccc23)cc1,True,False
CCC(C)COc1ccc(-c2ccc3c(c2)Sc2cc(-c4cc5sc(C6=C([O-])C(=CC7=[N+](C)c8ccc(C(=O)O)cc8C7(C)C)C6=O)cc5s4)ccc2N3C)cc1,O=C1C(=CC2=[NH+]c3ccccc3C2)C=C1c1cc2sc(-c3ccc4c(c3)Sc3cc(-c5ccccc5)ccc3N4)cc2s1,O=C1C(=CC2=[NH+]c3ccccc3C2)C=C1c1cc2sc(-c3ccc4c(c3)Sc3cc(-c5ccccc5)ccc3N4)cc2s1,True,False
COc1ccc(N2c3ccccc3Sc3cc(C=Cc4cccc(C=Cc5ccc6c(c5)Sc5ccccc5N6c5ccc(OC)cc5)c4)ccc32)cc1,C(=Cc1ccc2c(c1)Sc1ccccc1N2c1ccccc1)c1cccc(C=Cc2ccc3c(c2)Sc2ccccc2N3c2ccccc2)c1,C(=Cc1ccc2c(c1)Sc1ccccc1N2c1ccccc1)c1cccc(C=Cc2ccc3c(c2)Sc2ccccc2N3c2ccccc2)c1,True,False
CCCCN1c2ccccc2Sc2cc(C=Cc3ccc(-c4ccc(C=Cc5ccc6c(c5)Sc5ccccc5N6CC(C)CC)cc4)cc3)ccc21,C(=Cc1ccc2c(c1)Sc1ccccc1N2)c1ccc(-c2ccc(C=Cc3ccc4c(c3)Sc3ccccc3N4)cc2)cc1,C(=Cc1ccc2c(c1)Sc1ccccc1N2)c1ccc(-c2ccc(C=Cc3ccc4c(c3)Sc3ccccc3N4)cc2)cc1,False,True
COc1ccc(N2c3ccccc3Sc3cc(C=Cc4ccc(-c5ccc(C=Cc6ccc7c(c6)Sc6ccccc6N7c6ccc(OC)cc6)cc5)cc4)ccc32)cc1,C(=Cc1ccc2c(c1)Sc1ccccc1N2c1ccccc1)c1ccc(-c2ccc(C=Cc3ccc4c(c3)Sc3ccccc3N4c3ccccc3)cc2)cc1,C(=Cc1ccc2c(c1)Sc1ccccc1N2c1ccccc1)c1ccc(-c2ccc(C=Cc3ccc4c(c3)Sc3ccccc3N4c3ccccc3)cc2)cc1,True,False
N#CC1CN1C(N)=O,C1CN1,C1CN1,True,False
CN(C)c1ccc(C=Cc2sc3ccccc3[n+]2CC(=O)O)cc1.[Cl-],C(=Cc1[nH+]c2ccccc2s1)c1ccccc1,C(=Cc1[nH+]c2ccccc2s1)c1ccccc1,True,False
CN(C)c1ccc(C=Cc2sc3ccccc3[n+]2CC(=O)O)cc1.[Br-],C(=Cc1[nH+]c2ccccc2s1)c1ccccc1,C(=Cc1[nH+]c2ccccc2s1)c1ccccc1,True,False
CN(C)c1ccc(C=Cc2sc3ccccc3[n+]2CC(=O)O)cc1.[I-],C(=Cc1[nH+]c2ccccc2s1)c1ccccc1,C(=Cc1[nH+]c2ccccc2s1)c1ccccc1,True,False
CN(C)c1ccc(C=CC2=[N+](CCC(=O)O)c3ccccc3C2(C)C)cc1.[I-],C(=Cc1ccccc1)C1=[NH+]c2ccccc2C1,C(=Cc1ccccc1)C1=[NH+]c2ccccc2C1,True,False
CN(C)c1ccc(C=Cc2sc3ccccc3[n+]2CCC(=O)O)cc1.[I-],C(=Cc1[nH+]c2ccccc2s1)c1ccccc1,C(=Cc1[nH+]c2ccccc2s1)c1ccccc1,True,False
CCCCCCN(CCCCCC)c1ccc(C=Cc2sc3ccccc3[n+]2CCC(=O)O)cc1.[I-],C(=Cc1[nH+]c2ccccc2s1)c1ccccc1,C(=Cc1[nH+]c2ccccc2s1)c1ccccc1,True,False
CCCCCCCCCCCCN(CCCCCCCCCCCC)c1ccc(C=Cc2sc3ccccc3[n+]2CCC(=O)O)cc1.[I-],C(=Cc1[nH+]c2ccccc2s1)c1ccccc1,C(=Cc1[nH+]c2ccccc2s1)c1ccccc1,True,False
CN(C)c1ccc(C=Cc2sc3ccccc3[n+]2CCCC(=O)O)cc1.[I-],C(=Cc1[nH+]c2ccccc2s1)c1ccccc1,C(=Cc1[nH+]c2ccccc2s1)c1ccccc1,True,False
CN(C)c1ccc(C=Cc2sc3ccccc3[n+]2CCCCC(=O)O)cc1.[I-],C(=Cc1[nH+]c2ccccc2s1)c1ccccc1,C(=Cc1[nH+]c2ccccc2s1)c1ccccc1,True,False
CN(C)c1ccc(C=Cc2cc[n+](CCC(=O)O)c3ccccc23)cc1.[I-],C(=Cc1cc[nH+]c2ccccc12)c1ccccc1,C(=Cc1cc[nH+]c2ccccc12)c1ccccc1,True,False
CCCS(=O)(=O)[O-].CN(C)c1ccc(C=Cc2[nH+]c3ccccc3s2)cc1,C(=Cc1[nH+]c2ccccc2s1)c1ccccc1,C(=Cc1[nH+]c2ccccc2s1)c1ccccc1,True,False
CC1(C)CC([NH-])C(C(=O)O)C(C)(C)N1.O=c1ccc2ccccc2o1,C1CCNCC1.O=c1ccc2ccccc2o1,C1CCNCC1.O=c1ccc2ccccc2o1,True,False
CC[n+]1c(-c2ccccc2)cn2ccc(C=Cc3ccc(N(C)C)cc3)cc21.[I-],C(=Cc1ccn2cc(-c3ccccc3)[nH+]c2c1)c1ccccc1,C(=Cc1ccn2cc(-c3ccccc3)[nH+]c2c1)c1ccccc1,True,False
CC[n+]1c(-c2cccc(OC)c2)cn2ccc(C=Cc3ccc(N(C)C)cc3)cc21.[I-],C(=Cc1ccn2cc(-c3ccccc3)[nH+]c2c1)c1ccccc1,C(=Cc1ccn2cc(-c3ccccc3)[nH+]c2c1)c1ccccc1,True,False
CC[n+]1c(-c2ccc(OC)cc2OC)cn2ccc(C=Cc3ccc(N(C)C)cc3)cc21.[I-],C(=Cc1ccn2cc(-c3ccccc3)[nH+]c2c1)c1ccccc1,C(=Cc1ccn2cc(-c3ccccc3)[nH+]c2c1)c1ccccc1,True,False
CC[n+]1c(-c2ccc(-c3ccccc3)cc2)cn2ccc(C=Cc3ccc(N(C)C)cc3)cc21.[I-],C(=Cc1ccn2cc(-c3ccc(-c4ccccc4)cc3)[nH+]c2c1)c1ccccc1,C(=Cc1ccn2cc(-c3ccc(-c4ccccc4)cc3)[nH+]c2c1)c1ccccc1,True,False
CC[n+]1c(-c2ccc(C)c(C)c2)cn2ccc(C=Cc3ccc(N(C)C)cc3)cc21.[I-],C(=Cc1ccn2cc(-c3ccccc3)[nH+]c2c1)c1ccccc1,C(=Cc1ccn2cc(-c3ccccc3)[nH+]c2c1)c1ccccc1,True,False
CCCCCCN(CCCCCC)c1ccc(C=Cc2ccn3cc(-c4ccc(OC)cc4OC)[n+](CC)c3c2)cc1.[I-],C(=Cc1ccn2cc(-c3ccccc3)[nH+]c2c1)c1ccccc1,C(=Cc1ccn2cc(-c3ccccc3)[nH+]c2c1)c1ccccc1,True,False
CCCCCCC[n+]1c(-c2ccc(Cl)cc2)cn2ccc(C=Cc3ccc(N(C)C)cc3)cc21.[I-],C(=Cc1ccn2cc(-c3ccccc3)[nH+]c2c1)c1ccccc1,C(=Cc1ccn2cc(-c3ccccc3)[nH+]c2c1)c1ccccc1,True,False
CCCCCCC[n+]1c(-c2ccc(C)cc2)cn2ccc(C=Cc3ccc(N(C)C)cc3)cc21.[I-],C(=Cc1ccn2cc(-c3ccccc3)[nH+]c2c1)c1ccccc1,C(=Cc1ccn2cc(-c3ccccc3)[nH+]c2c1)c1ccccc1,True,False
CC[n+]1c(-c2ccc(C)cc2)cn2ccc(C=Cc3ccc(O)cc3)cc21.[O-][Cl+3]([O-])([O-])[O-],C(=Cc1ccn2cc(-c3ccccc3)[nH+]c2c1)c1ccccc1,C(=Cc1ccn2cc(-c3ccccc3)[nH+]c2c1)c1ccccc1,True,False
c1ccc(-n2c(-c3ccc(-c4ccc5c(c4)C4(c6ccccc6-5)c5ccccc5-c5ccc(-c6ccc(-c7nc8ccccc8n7-c7ccccc7)cc6)c6cccc4c56)cc3)nc3ccccc32)cc1,c1ccc(-n2c(-c3ccc(-c4ccc5c(c4)C4(c6ccccc6-5)c5ccccc5-c5ccc(-c6ccc(-c7nc8ccccc8n7-c7ccccc7)cc6)c6cccc4c56)cc3)nc3ccccc32)cc1,c1ccc(-n2c(-c3ccc(-c4ccc5c(c4)C4(c6ccccc6-5)c5ccccc5-c5ccc(-c6ccc(-c7nc8ccccc8n7-c7ccccc7)cc6)c6cccc4c56)cc3)nc3ccccc32)cc1,True,False
COC,,acyclic_6272,True,False
CCOc1cc(C=Cc2ccc(N(c3ccc(C=Cc4cc(OCC)c(OCC)c(OCC)c4)cc3)c3ccc(C=Cc4cc(OCC)c(OCC)c(OCC)c4)cc3)cc2)cc(OCC)c1OCC,C(=Cc1ccc(N(c2ccc(C=Cc3ccccc3)cc2)c2ccc(C=Cc3ccccc3)cc2)cc1)c1ccccc1,C(=Cc1ccc(N(c2ccc(C=Cc3ccccc3)cc2)c2ccc(C=Cc3ccccc3)cc2)cc1)c1ccccc1,True,False
CC[NH+](CC)CC.CN1C(=CC2=C([O-])C(=O)C2=C(C#N)C#N)C(C)(C)c2ccccc21,C=C1C(=O)C=C1C=C1Cc2ccccc2N1,C=C1C(=O)C=C1C=C1Cc2ccccc2N1,True,False
CC[NH+](CC)CC.CN1C(=CC2=C([O-])C(=O)C2=C(C#N)C#N)Sc2ccccc21,C=C1C(=O)C=C1C=C1Nc2ccccc2S1,C=C1C(=O)C=C1C=C1Nc2ccccc2S1,True,False
CC[NH+](CC)CC.CN1C(=CC2=C([O-])C(=O)C2=C(C#N)C#N)C=Cc2ccccc21,C=C1C(=O)C=C1C=C1C=Cc2ccccc2N1,C=C1C(=O)C=C1C=C1C=Cc2ccccc2N1,False,True
CCOC(=O)C(=C1C(=O)C(O)=C1C=C1N(C)c2ccccc2C1(C)C)[N+](=O)[O-],C=C1C(=O)C=C1C=C1Cc2ccccc2N1,C=C1C(=O)C=C1C=C1Cc2ccccc2N1,True,False
CC[NH+](CC)CC.CN1C(=CC2=C([O-])C(=O)C2=C2C(=O)NC(=O)NC2=O)C(C)(C)c2ccccc21,O=C1NC(=O)C(=C2C(=O)C=C2C=C2Cc3ccccc3N2)C(=O)N1,O=C1NC(=O)C(=C2C(=O)C=C2C=C2Cc3ccccc3N2)C(=O)N1,True,False
CN1C(=CC2=C(O)C(=O)C2=C2C(=O)c3ccccc3C2=O)C(C)(C)c2ccccc21,O=C1C=C(C=C2Cc3ccccc3N2)C1=C1C(=O)c2ccccc2C1=O,O=C1C=C(C=C2Cc3ccccc3N2)C1=C1C(=O)c2ccccc2C1=O,True,False
CC[NH+](CC)CC.CN1C(=Cc2c([O-])c(=O)c2=NC#N)C(C)(C)c2ccccc21,N=c1c(C=C2Cc3ccccc3N2)cc1=O,N=c1c(C=C2Cc3ccccc3N2)cc1=O,False,True
CCCCOc1c(C=C2N(C)c3ccccc3C2(C)C)c(=O)c1=S,O=c1c(C=C2Cc3ccccc3N2)cc1=S,O=c1c(C=C2Cc3ccccc3N2)cc1=S,True,False
CN1C(=Cc2c([S-])c(=O)c2=O)C(C)(C)c2ccccc21.[Na+],O=c1cc(C=C2Cc3ccccc3N2)c1=O,O=c1cc(C=C2Cc3ccccc3N2)c1=O,False,True
C[N+]1=C(C=CC=C2N(CCC[N+](C)(C)C)c3ccccc3C2(C)C)C(C)(C)c2ccccc21.[Br-].[Br-],C(=CC1=[NH+]c2ccccc2C1)C=C1Cc2ccccc2N1,C(=CC1=[NH+]c2ccccc2C1)C=C1Cc2ccccc2N1,False,True
CCN1C(=CC=CC2=[N+](C)c3ccccc3C2(C)C)C(C)(C)c2ccccc21.[I-],C(=CC1=[NH+]c2ccccc2C1)C=C1Cc2ccccc2N1,C(=CC1=[NH+]c2ccccc2C1)C=C1Cc2ccccc2N1,False,True
CCCCN1C(=CC=CC2=[N+](C)c3ccccc3C2(C)C)C(C)(C)c2ccccc21.[I-],C(=CC1=[NH+]c2ccccc2C1)C=C1Cc2ccccc2N1,C(=CC1=[NH+]c2ccccc2C1)C=C1Cc2ccccc2N1,False,True
C[N+]1=C(C=CC=C2N(CCCc3ccccc3)c3ccccc3C2(C)C)C(C)(C)c2ccccc21.[Br-],C(=CC1=[NH+]c2ccccc2C1)C=C1Cc2ccccc2N1CCCc1ccccc1,C(=CC1=[NH+]c2ccccc2C1)C=C1Cc2ccccc2N1CCCc1ccccc1,True,False
CCCCN1C(=CC=CC2=[N+](C)c3ccccc3C2(C)C)C(C)(C)c2cc(Br)ccc21.[I-],C(=CC1=[NH+]c2ccccc2C1)C=C1Cc2ccccc2N1,C(=CC1=[NH+]c2ccccc2C1)C=C1Cc2ccccc2N1,False,True
CCCCN1C(=CC=CC2=[N+](C)c3ccccc3C2(C)C)C(C)(C)c2cc(OC)ccc21.[I-],C(=CC1=[NH+]c2ccccc2C1)C=C1Cc2ccccc2N1,C(=CC1=[NH+]c2ccccc2C1)C=C1Cc2ccccc2N1,False,True
C[N+]1=C(C=CC=C2N(CCC[N+](C)(C)C)c3ccc(S(=O)(=O)[O-])cc3C2(C)C)C(C)(C)c2ccccc21.[Br-],C(=CC1=[NH+]c2ccccc2C1)C=C1Cc2ccccc2N1,C(=CC1=[NH+]c2ccccc2C1)C=C1Cc2ccccc2N1,False,True
CCCCN1C(=CC=CC2=[N+](C)c3ccccc3C2(C)C)C(C)(C)c2c1ccc1ccccc21.[I-],C(=CC1=[NH+]c2ccccc2C1)C=C1Cc2c(ccc3ccccc23)N1,C(=CC1=[NH+]c2ccccc2C1)C=C1Cc2c(ccc3ccccc23)N1,True,False
C[N+]1=C(C=CC=C2N(CCC[N+](C)(C)C)c3ccc(Br)cc3C2(C)C)C(C)(C)c2ccccc21.[Br-].[Br-],C(=CC1=[NH+]c2ccccc2C1)C=C1Cc2ccccc2N1,C(=CC1=[NH+]c2ccccc2C1)C=C1Cc2ccccc2N1,False,True
CN1C(=CC=CC2=[N+](C)c3ccccc3C2(C)C)Sc2ccccc21.[I-],C(=CC1=[NH+]c2ccccc2C1)C=C1Nc2ccccc2S1,C(=CC1=[NH+]c2ccccc2C1)C=C1Nc2ccccc2S1,False,True
CCCCN1C(=CC=CC2=[N+](C)c3ccccc3C2(C)C)Oc2ccccc21.[I-],C(=CC1=[NH+]c2ccccc2C1)C=C1Nc2ccccc2O1,C(=CC1=[NH+]c2ccccc2C1)C=C1Nc2ccccc2O1,True,False
CCCCn1c(=CC=CC2=[N+](C)c3ccccc3C2(C)C)c2cccc3cccc1c32.[I-],C(=CC1=[NH+]c2ccccc2C1)C=c1[nH]c2cccc3cccc1c32,C(=CC1=[NH+]c2ccccc2C1)C=c1[nH]c2cccc3cccc1c32,True,False
CC(=O)Nc1ccc(C=Cc2ccc(N(c3ccc(C=Cc4ccc(N(c5ccccc5)c5ccccc5)cc4)cc3)c3ccc(C=Cc4ccc(N(c5ccccc5)c5ccccc5)cc4)cc3)cc2)cc1,C(=Cc1ccc(N(c2ccc(C=Cc3ccc(N(c4ccccc4)c4ccccc4)cc3)cc2)c2ccc(C=Cc3ccc(N(c4ccccc4)c4ccccc4)cc3)cc2)cc1)c1ccccc1,C(=Cc1ccc(N(c2ccc(C=Cc3ccc(N(c4ccccc4)c4ccccc4)cc3)cc2)c2ccc(C=Cc3ccc(N(c4ccccc4)c4ccccc4)cc3)cc2)cc1)c1ccccc1,True,False
N#CC(=Cc1ccc(C=Cc2ccc(N(c3ccc(C=Cc4ccc(N(c5ccccc5)c5ccccc5)cc4)cc3)c3ccc(C=Cc4ccc(N(c5ccccc5)c5ccccc5)cc4)cc3)cc2)o1)C(=O)O,C(=Cc1ccc(N(c2ccc(C=Cc3ccc(N(c4ccccc4)c4ccccc4)cc3)cc2)c2ccc(C=Cc3ccco3)cc2)cc1)c1ccc(N(c2ccccc2)c2ccccc2)cc1,C(=Cc1ccc(N(c2ccc(C=Cc3ccc(N(c4ccccc4)c4ccccc4)cc3)cc2)c2ccc(C=Cc3ccco3)cc2)cc1)c1ccc(N(c2ccccc2)c2ccccc2)cc1,True,False
N#CC(=Cc1ccc(C=Cc2ccc(N(c3ccc(C=Cc4ccc(N(c5ccccc5)c5ccccc5)cc4)cc3)c3ccc(C=Cc4ccc(N(c5ccccc5)c5ccccc5)cc4)cc3)cc2)s1)C(=O)O,C(=Cc1ccc(N(c2ccc(C=Cc3ccc(N(c4ccccc4)c4ccccc4)cc3)cc2)c2ccc(C=Cc3cccs3)cc2)cc1)c1ccc(N(c2ccccc2)c2ccccc2)cc1,C(=Cc1ccc(N(c2ccc(C=Cc3ccc(N(c4ccccc4)c4ccccc4)cc3)cc2)c2ccc(C=Cc3cccs3)cc2)cc1)c1ccc(N(c2ccccc2)c2ccccc2)cc1,True,False
N#CC(=Cc1ccc(C=Cc2ccc(N(c3ccc(C=Cc4ccc(N(c5ccccc5)c5ccccc5)cc4)cc3)c3ccc(C=Cc4ccc(N(c5ccccc5)c5ccccc5)cc4)cc3)cc2)cc1)C(=O)O,C(=Cc1ccc(N(c2ccc(C=Cc3ccc(N(c4ccccc4)c4ccccc4)cc3)cc2)c2ccc(C=Cc3ccc(N(c4ccccc4)c4ccccc4)cc3)cc2)cc1)c1ccccc1,C(=Cc1ccc(N(c2ccc(C=Cc3ccc(N(c4ccccc4)c4ccccc4)cc3)cc2)c2ccc(C=Cc3ccc(N(c4ccccc4)c4ccccc4)cc3)cc2)cc1)c1ccccc1,True,False
CCN(CC)c1ccc([C+](c2ccc(N(CC)CC)cc2)c2ccc(N(CC)CC)cc2)cc1.[Cl-],c1ccc([C+](c2ccccc2)c2ccccc2)cc1,c1ccc([C+](c2ccccc2)c2ccccc2)cc1,True,False
CN(C)c1ccc(C=Cc2cc[n+](C)cc2)cc1.Cc1ccc(S(=O)(=O)[O-])cc1,C(=Cc1cc[nH+]cc1)c1ccccc1.c1ccccc1,C(=Cc1cc[nH+]cc1)c1ccccc1.c1ccccc1,True,False
CN(C)c1ccc(C=Cc2cc3ccccc3c[n+]2C)cc1.Cc1ccc(S(=O)(=O)[O-])cc1,C(=Cc1cc2ccccc2c[nH+]1)c1ccccc1.c1ccccc1,C(=Cc1cc2ccccc2c[nH+]1)c1ccccc1.c1ccccc1,False,True
CN(C)c1ccc(C=Cc2cc[n+](C)c3ccccc23)cc1.Cc1ccc(S(=O)(=O)[O-])cc1,C(=Cc1cc[nH+]c2ccccc12)c1ccccc1.c1ccccc1,C(=Cc1cc[nH+]c2ccccc12)c1ccccc1.c1ccccc1,True,False
CN(C)c1ccc(C=Cc2ccc3ccccc3[n+]2C)cc1.Cc1ccc(S(=O)(=O)[O-])cc1,C(=Cc1ccc2ccccc2[nH+]1)c1ccccc1.c1ccccc1,C(=Cc1ccc2ccccc2[nH+]1)c1ccccc1.c1ccccc1,True,False
COC1C(OC(=O)C=CC=CC=CC=CC(=O)O)CCC2(CO2)C1C1(C)OC1CC=C(C)C,C1CCC2(CO2)C(C2CO2)C1,C1CCC2(CO2)C(C2CO2)C1,True,False
CC(=O)O.CC(=O)O.CCN1C(=O)C2=C(c3ccc(C#N)cc3)N(CC)C(=O)C2=C1c1ccc(C#N)cc1,O=C1NC(c2ccccc2)=C2C(=O)NC(c3ccccc3)=C12,O=C1NC(c2ccccc2)=C2C(=O)NC(c3ccccc3)=C12,True,False
CC(=O)O.CC(=O)O.CCN1C(=O)C2=C(c3ccc(C#N)cc3)N(CC)C(=O)C2=C1c1ccccc1,O=C1NC(c2ccccc2)=C2C(=O)NC(c3ccccc3)=C12,O=C1NC(c2ccccc2)=C2C(=O)NC(c3ccccc3)=C12,True,False
CC(=O)O.CC(=O)O.CCN1C(=O)C2=C(c3ccc(N4CCCCC4)cc3)N(CC)C(=O)C2=C1c1ccc(N2CCCCC2)cc1,O=C1NC(c2ccc(N3CCCCC3)cc2)=C2C(=O)NC(c3ccc(N4CCCCC4)cc3)=C12,O=C1NC(c2ccc(N3CCCCC3)cc2)=C2C(=O)NC(c3ccc(N4CCCCC4)cc3)=C12,True,False
CC(=O)O.CC(=O)O.CCN1C(=O)C2=C(c3ccc(N4CCCCC4)cc3)N(CC)C(=O)C2=C1c1ccc(C#N)cc1,O=C1NC(c2ccc(N3CCCCC3)cc2)=C2C(=O)NC(c3ccccc3)=C12,O=C1NC(c2ccc(N3CCCCC3)cc2)=C2C(=O)NC(c3ccccc3)=C12,True,False
CC(=O)O.CC(=O)O.CCN1C(=O)C2=C(c3ccc(N4CCCCC4)cc3)N(CC)C(=O)C2=C1c1ccccc1,O=C1NC(c2ccc(N3CCCCC3)cc2)=C2C(=O)NC(c3ccccc3)=C12,O=C1NC(c2ccc(N3CCCCC3)cc2)=C2C(=O)NC(c3ccccc3)=C12,True,False
CCC1(CC)c2ccccc2-c2ccc(-c3ccc(-c4nc(-c5ccc(-c6ccc7c(c6)C(CC)(CC)c6ccccc6-7)cc5)nc(-c5ccc(-c6ccc7c(c6)C(CC)(CC)c6ccccc6-7)cc5)n4)cc3)cc21,c1ccc2c(c1)Cc1cc(-c3ccc(-c4nc(-c5ccc(-c6ccc7c(c6)Cc6ccccc6-7)cc5)nc(-c5ccc(-c6ccc7c(c6)Cc6ccccc6-7)cc5)n4)cc3)ccc1-2,c1ccc2c(c1)Cc1cc(-c3ccc(-c4nc(-c5ccc(-c6ccc7c(c6)Cc6ccccc6-7)cc5)nc(-c5ccc(-c6ccc7c(c6)Cc6ccccc6-7)cc5)n4)cc3)ccc1-2,False,True
CCN1c2ccccc2Sc2cc(-c3ccc(-c4nc(-c5ccc(-c6ccc7c(c6)Sc6ccccc6N7CC)cc5)nc(-c5ccc(-c6ccc7c(c6)Sc6ccccc6N7CC)cc5)n4)cc3)ccc21,c1ccc2c(c1)Nc1ccc(-c3ccc(-c4nc(-c5ccc(-c6ccc7c(c6)Sc6ccccc6N7)cc5)nc(-c5ccc(-c6ccc7c(c6)Sc6ccccc6N7)cc5)n4)cc3)cc1S2,c1ccc2c(c1)Nc1ccc(-c3ccc(-c4nc(-c5ccc(-c6ccc7c(c6)Sc6ccccc6N7)cc5)nc(-c5ccc(-c6ccc7c(c6)Sc6ccccc6N7)cc5)n4)cc3)cc1S2,False,True
CCn1c2ccccc2c2cc(-c3ccc(-c4nc(-c5ccc(-c6ccc7c(c6)c6ccccc6n7CC)cc5)nc(-c5ccc(-c6ccc7c(c6)c6ccccc6n7CC)cc5)n4)cc3)ccc21,c1ccc2c(c1)[nH]c1ccc(-c3ccc(-c4nc(-c5ccc(-c6ccc7[nH]c8ccccc8c7c6)cc5)nc(-c5ccc(-c6ccc7[nH]c8ccccc8c7c6)cc5)n4)cc3)cc12,c1ccc2c(c1)[nH]c1ccc(-c3ccc(-c4nc(-c5ccc(-c6ccc7[nH]c8ccccc8c7c6)cc5)nc(-c5ccc(-c6ccc7[nH]c8ccccc8c7c6)cc5)n4)cc3)cc12,True,False
O=C1CCCCC1,O=C1CCCCC1,O=C1CCCCC1,True,False
C=Cc1ccc(CN(N=Cc2ccc(N(c3ccc(C=NN(Cc4ccc(C=C)cc4)c4ccccc4)cc3)c3ccc(C=NN(Cc4ccc(C=C)cc4)c4ccccc4)cc3)cc2)c2ccccc2)cc1,C(=NN(Cc1ccccc1)c1ccccc1)c1ccc(N(c2ccc(C=NN(Cc3ccccc3)c3ccccc3)cc2)c2ccc(C=NN(Cc3ccccc3)c3ccccc3)cc2)cc1,C(=NN(Cc1ccccc1)c1ccccc1)c1ccc(N(c2ccc(C=NN(Cc3ccccc3)c3ccccc3)cc2)c2ccc(C=NN(Cc3ccccc3)c3ccccc3)cc2)cc1,True,False
C=CCNc1ccc2ccc3oc4cc(=[N+](C)C)ccc-4nc3c2c1.[Cl-],[N+]=c1ccc2nc3c(ccc4ccccc43)oc-2c1,[N+]=c1ccc2nc3c(ccc4ccccc43)oc-2c1,True,False
C=CCNc1ccc2c(ccc3oc4cc(=[N+](C)C)ccc-4nc32)c1.[Cl-],[N+]=c1ccc2nc3c(ccc4ccccc43)oc-2c1,[N+]=c1ccc2nc3c(ccc4ccccc43)oc-2c1,True,False
c1ccc2c(c1)c1ccccc1n2-c1ccc(-c2ccc3nc(Nc4ccc5cc(-c6ccc(-n7c8ccccc8c8ccccc87)cc6)ccc5n4)ccc3c2)cc1,c1ccc2c(c1)c1ccccc1n2-c1ccc(-c2ccc3nc(Nc4ccc5cc(-c6ccc(-n7c8ccccc8c8ccccc87)cc6)ccc5n4)ccc3c2)cc1,c1ccc2c(c1)c1ccccc1n2-c1ccc(-c2ccc3nc(Nc4ccc5cc(-c6ccc(-n7c8ccccc8c8ccccc87)cc6)ccc5n4)ccc3c2)cc1,True,False
c1ccc(N(c2ccccc2)c2ccc(-c3ccc4nc(Nc5ccc6cc(-c7ccc(N(c8ccccc8)c8ccccc8)cc7)ccc6n5)ccc4c3)cc2)cc1,c1ccc(N(c2ccccc2)c2ccc(-c3ccc4nc(Nc5ccc6cc(-c7ccc(N(c8ccccc8)c8ccccc8)cc7)ccc6n5)ccc4c3)cc2)cc1,c1ccc(N(c2ccccc2)c2ccc(-c3ccc4nc(Nc5ccc6cc(-c7ccc(N(c8ccccc8)c8ccccc8)cc7)ccc6n5)ccc4c3)cc2)cc1,True,False
COc1c(C=CC=Cc2ccc(N(c3ccc(C)cc3)c3ccc(C)cc3)cc2)cc(-c2cc(C)c(C=C(C#N)C(=O)O)s2)cc1C=CC=Cc1ccc(N(c2ccc(C)cc2)c2ccc(C)cc2)cc1,C(C=Cc1cc(C=CC=Cc2ccc(N(c3ccccc3)c3ccccc3)cc2)cc(-c2cccs2)c1)=Cc1ccc(N(c2ccccc2)c2ccccc2)cc1,C(C=Cc1cc(C=CC=Cc2ccc(N(c3ccccc3)c3ccccc3)cc2)cc(-c2cccs2)c1)=Cc1ccc(N(c2ccccc2)c2ccccc2)cc1,True,False
N#CC(C#N)=Cc1ccc2c(c1)C1(c3cc(C=C(C#N)C#N)ccc3-c3ccc(N(c4ccccc4)c4ccccc4)cc31)c1cc(N(c3ccccc3)c3ccccc3)ccc1-2,c1ccc(N(c2ccccc2)c2ccc3c(c2)C2(c4ccccc4-3)c3ccccc3-c3ccc(N(c4ccccc4)c4ccccc4)cc32)cc1,c1ccc(N(c2ccccc2)c2ccc3c(c2)C2(c4ccccc4-3)c3ccccc3-c3ccc(N(c4ccccc4)c4ccccc4)cc32)cc1,True,False
Cn1c2ccc(-c3ccc(-c4nc5ccccc5n4-c4ccccc4)cc3)cc2c2cc(-c3ccc(-c4nc5ccccc5n4-c4ccccc4)cc3)ccc21,c1ccc(-n2c(-c3ccc(-c4ccc5[nH]c6ccc(-c7ccc(-c8nc9ccccc9n8-c8ccccc8)cc7)cc6c5c4)cc3)nc3ccccc32)cc1,c1ccc(-n2c(-c3ccc(-c4ccc5[nH]c6ccc(-c7ccc(-c8nc9ccccc9n8-c8ccccc8)cc7)cc6c5c4)cc3)nc3ccccc32)cc1,True,False
Cn1c2cc(-c3ccc(-c4nc5ccccc5n4-c4ccccc4)cc3)ccc2c2ccc(-c3ccc(-c4nc5ccccc5n4-c4ccccc4)cc3)cc21,c1ccc(-n2c(-c3ccc(-c4ccc5c(c4)[nH]c4cc(-c6ccc(-c7nc8ccccc8n7-c7ccccc7)cc6)ccc45)cc3)nc3ccccc32)cc1,c1ccc(-n2c(-c3ccc(-c4ccc5c(c4)[nH]c4cc(-c6ccc(-c7nc8ccccc8n7-c7ccccc7)cc6)ccc45)cc3)nc3ccccc32)cc1,True,False
CCn1c2ccc(-c3ccc(-c4nc5ccccc5n4-c4ccccc4)s3)cc2c2cc(-c3ccc(-c4nc5ccccc5n4-c4ccccc4)s3)ccc21,c1ccc(-n2c(-c3ccc(-c4ccc5[nH]c6ccc(-c7ccc(-c8nc9ccccc9n8-c8ccccc8)s7)cc6c5c4)s3)nc3ccccc32)cc1,c1ccc(-n2c(-c3ccc(-c4ccc5[nH]c6ccc(-c7ccc(-c8nc9ccccc9n8-c8ccccc8)s7)cc6c5c4)s3)nc3ccccc32)cc1,True,False
Cn1c2cc(-c3ccc(-c4nc5ccccc5n4-c4ccccc4)s3)ccc2c2ccc(-c3ccc(-c4nc5ccccc5n4-c4ccccc4)s3)cc21,c1ccc(-n2c(-c3ccc(-c4ccc5c(c4)[nH]c4cc(-c6ccc(-c7nc8ccccc8n7-c7ccccc7)s6)ccc45)s3)nc3ccccc32)cc1,c1ccc(-n2c(-c3ccc(-c4ccc5c(c4)[nH]c4cc(-c6ccc(-c7nc8ccccc8n7-c7ccccc7)s6)ccc45)s3)nc3ccccc32)cc1,True,False
N#CC(=Cc1ccc(N(c2ccc(-c3ccc(N(c4ccccc4)c4ccccc4)cc3)cc2)c2ccc(-c3ccc(N(c4ccccc4)c4ccccc4)cc3)cc2)cc1)C(=O)O,c1ccc(N(c2ccccc2)c2ccc(-c3ccc(N(c4ccccc4)c4ccc(-c5ccc(N(c6ccccc6)c6ccccc6)cc5)cc4)cc3)cc2)cc1,c1ccc(N(c2ccccc2)c2ccc(-c3ccc(N(c4ccccc4)c4ccc(-c5ccc(N(c6ccccc6)c6ccccc6)cc5)cc4)cc3)cc2)cc1,True,False
N#CC(=Cc1ccc(-c2ccc(N(c3ccc(-c4ccc(N(c5ccccc5)c5ccccc5)cc4)cc3)c3ccc(-c4ccc(N(c5ccccc5)c5ccccc5)cc4)cc3)cc2)s1)C(=O)O,c1ccc(N(c2ccccc2)c2ccc(-c3ccc(N(c4ccc(-c5ccc(N(c6ccccc6)c6ccccc6)cc5)cc4)c4ccc(-c5cccs5)cc4)cc3)cc2)cc1,c1ccc(N(c2ccccc2)c2ccc(-c3ccc(N(c4ccc(-c5ccc(N(c6ccccc6)c6ccccc6)cc5)cc4)c4ccc(-c5cccs5)cc4)cc3)cc2)cc1,False,True
PBNP,,acyclic_6327,True,False
CCCCCCCCOC1OC(CO)C(O)C(O)C1O,C1CCOCC1,C1CCOCC1,True,False
CCCC(CCC)C(=O)[O-].CCCC(CCC)C(=O)[O-].[Mg+2],,acyclic_6329,True,False
CCn1c2ccccc2c2cc(-c3ccc(-c4c5ccccc5c(-c5ccc(-c6ccc7c(c6)c6ccccc6n7CC)cc5)c5cc(C(C)(C)C)ccc45)cc3)ccc21,c1ccc2c(c1)[nH]c1ccc(-c3ccc(-c4c5ccccc5c(-c5ccc(-c6ccc7[nH]c8ccccc8c7c6)cc5)c5ccccc45)cc3)cc12,c1ccc2c(c1)[nH]c1ccc(-c3ccc(-c4c5ccccc5c(-c5ccc(-c6ccc7[nH]c8ccccc8c7c6)cc5)c5ccccc45)cc3)cc12,True,False
CCn1c2ccccc2c2cc(-c3ccc(-c4c5ccccc5c(-c5ccc(-c6ccc7c(c6)c6ccccc6n7CC)cc5)c5ccccc45)cc3)ccc21,c1ccc2c(c1)[nH]c1ccc(-c3ccc(-c4c5ccccc5c(-c5ccc(-c6ccc7[nH]c8ccccc8c7c6)cc5)c5ccccc45)cc3)cc12,c1ccc2c(c1)[nH]c1ccc(-c3ccc(-c4c5ccccc5c(-c5ccc(-c6ccc7[nH]c8ccccc8c7c6)cc5)c5ccccc45)cc3)cc12,True,False
CCCCCCCCCCCCC(=O)O,,acyclic_6332,True,False
O=C(O)[C@@H]1C[C@]2(C(=O)O)C=C[C@@H](O)[C@@H](C2)O1,C1=CC2CCO[C@@H](C1)C2,C1=CC2CCO[C@@H](C1)C2,False,True
CCn1c2ccc(C(C)(C)C)cc2c2cc(C(C)(C)C)cc(N(c3ccccc3)c3ccc(-c4ccc(N(c5ccccc5)c5cc(C(C)(C)C)cc6c7cc(C(C)(C)C)ccc7n(CC)c56)cc4)cc3)c21,c1ccc(N(c2ccc(-c3ccc(N(c4ccccc4)c4cccc5c4[nH]c4ccccc45)cc3)cc2)c2cccc3c2[nH]c2ccccc23)cc1,c1ccc(N(c2ccc(-c3ccc(N(c4ccccc4)c4cccc5c4[nH]c4ccccc45)cc3)cc2)c2cccc3c2[nH]c2ccccc23)cc1,True,False
CCN(CC)C(=O)[C@@H]1CCCN(Cc2ccc(CN3CCC[C@@H](C(=O)N(CC)CC)C3)cc2)C1.[Br-].[Br-].[H+].[H+],c1cc(CN2CCCCC2)ccc1CN1CCCCC1,c1cc(CN2CCCCC2)ccc1CN1CCCCC1,True,False
CC[N+](CC)(CC)CC,,acyclic_6336,True,False
COC(=O)c1c(C=Cc2ccc(C=Cc3ccc([N+](=O)[O-])cc3)cc2)oc2cc3c(C(=O)OC)c(C=Cc4ccc(C=Cc5ccc([N+](=O)[O-])cc5)cc4)oc3cc12,C(=Cc1ccc(C=Cc2cc3cc4oc(C=Cc5ccc(C=Cc6ccccc6)cc5)cc4cc3o2)cc1)c1ccccc1,C(=Cc1ccc(C=Cc2cc3cc4oc(C=Cc5ccc(C=Cc6ccccc6)cc5)cc4cc3o2)cc1)c1ccccc1,False,True
COC(=O)c1c(C=Cc2ccc(C=Cc3ccc(C)cc3)cc2)oc2cc3c(C(=O)OC)c(C=Cc4ccc(C=Cc5ccc(C)cc5)cc4)oc3cc12,C(=Cc1ccc(C=Cc2cc3cc4oc(C=Cc5ccc(C=Cc6ccccc6)cc5)cc4cc3o2)cc1)c1ccccc1,C(=Cc1ccc(C=Cc2cc3cc4oc(C=Cc5ccc(C=Cc6ccccc6)cc5)cc4cc3o2)cc1)c1ccccc1,False,True
COC(=O)c1c(C=Cc2ccc(C=Cc3ccc(OC)cc3)cc2)oc2cc3c(C(=O)OC)c(C=Cc4ccc(C=Cc5ccc(OC)cc5)cc4)oc3cc12,C(=Cc1ccc(C=Cc2cc3cc4oc(C=Cc5ccc(C=Cc6ccccc6)cc5)cc4cc3o2)cc1)c1ccccc1,C(=Cc1ccc(C=Cc2cc3cc4oc(C=Cc5ccc(C=Cc6ccccc6)cc5)cc4cc3o2)cc1)c1ccccc1,False,True
COC(=O)c1c(C=Cc2ccc(C=Cc3ccc(F)cc3)cc2)oc2cc3c(C(=O)OC)c(C=Cc4ccc(C=Cc5ccc(F)cc5)cc4)oc3cc12,C(=Cc1ccc(C=Cc2cc3cc4oc(C=Cc5ccc(C=Cc6ccccc6)cc5)cc4cc3o2)cc1)c1ccccc1,C(=Cc1ccc(C=Cc2cc3cc4oc(C=Cc5ccc(C=Cc6ccccc6)cc5)cc4cc3o2)cc1)c1ccccc1,False,True
COC(=O)c1c(C=Cc2ccc(C=Cc3ccc(Cl)cc3)cc2)oc2cc3c(C(=O)OC)c(C=Cc4ccc(C=Cc5ccc(Cl)cc5)cc4)oc3cc12,C(=Cc1ccc(C=Cc2cc3cc4oc(C=Cc5ccc(C=Cc6ccccc6)cc5)cc4cc3o2)cc1)c1ccccc1,C(=Cc1ccc(C=Cc2cc3cc4oc(C=Cc5ccc(C=Cc6ccccc6)cc5)cc4cc3o2)cc1)c1ccccc1,False,True
COC(=O)c1c(C=Cc2ccc(C=Cc3ccc(C(F)(F)F)cc3)cc2)oc2cc3c(C(=O)OC)c(C=Cc4ccc(C=Cc5ccc(C(F)(F)F)cc5)cc4)oc3cc12,C(=Cc1ccc(C=Cc2cc3cc4oc(C=Cc5ccc(C=Cc6ccccc6)cc5)cc4cc3o2)cc1)c1ccccc1,C(=Cc1ccc(C=Cc2cc3cc4oc(C=Cc5ccc(C=Cc6ccccc6)cc5)cc4cc3o2)cc1)c1ccccc1,False,True
COC(=O)c1c(C=Cc2ccc(C=Cc3ccc(SC)cc3)cc2)oc2cc3c(C(=O)OC)c(C=Cc4ccc(C=Cc5ccc(SC)cc5)cc4)oc3cc12,C(=Cc1ccc(C=Cc2cc3cc4oc(C=Cc5ccc(C=Cc6ccccc6)cc5)cc4cc3o2)cc1)c1ccccc1,C(=Cc1ccc(C=Cc2cc3cc4oc(C=Cc5ccc(C=Cc6ccccc6)cc5)cc4cc3o2)cc1)c1ccccc1,False,True
COC(=O)c1c(C=Cc2ccc(C=Cc3cc(OC)c(OC)c(OC)c3)cc2)oc2cc3c(C(=O)OC)c(C=Cc4ccc(C=Cc5cc(OC)c(OC)c(OC)c5)cc4)oc3cc12,C(=Cc1ccc(C=Cc2cc3cc4oc(C=Cc5ccc(C=Cc6ccccc6)cc5)cc4cc3o2)cc1)c1ccccc1,C(=Cc1ccc(C=Cc2cc3cc4oc(C=Cc5ccc(C=Cc6ccccc6)cc5)cc4cc3o2)cc1)c1ccccc1,False,True
COC(=O)c1c(C=Cc2ccc(C=Cc3ccc4ccccc4c3)cc2)oc2cc3c(C(=O)OC)c(C=Cc4ccc(C=Cc5ccc6ccccc6c5)cc4)oc3cc12,C(=Cc1ccc2ccccc2c1)c1ccc(C=Cc2cc3cc4oc(C=Cc5ccc(C=Cc6ccc7ccccc7c6)cc5)cc4cc3o2)cc1,C(=Cc1ccc2ccccc2c1)c1ccc(C=Cc2cc3cc4oc(C=Cc5ccc(C=Cc6ccc7ccccc7c6)cc5)cc4cc3o2)cc1,True,False
C[n+]1c(-c2ccccc2)cn2ccc(C=Cc3ccc([N+]4(C)CCCCC4)cc3)cc21.[I-].[I-],C(=Cc1ccn2cc(-c3ccccc3)[nH+]c2c1)c1ccc([NH+]2CCCCC2)cc1,C(=Cc1ccn2cc(-c3ccccc3)[nH+]c2c1)c1ccc([NH+]2CCCCC2)cc1,False,True
COc1ccc(-c2cn3ccc(C=Cc4ccc([N+]5(C)CCCCC5)cc4)cc3[n+]2C)cc1.[I-].[I-],C(=Cc1ccn2cc(-c3ccccc3)[nH+]c2c1)c1ccc([NH+]2CCCCC2)cc1,C(=Cc1ccn2cc(-c3ccccc3)[nH+]c2c1)c1ccc([NH+]2CCCCC2)cc1,False,True
CC[N+](C)(CC)c1ccc(C=Cc2ccn3cc(-c4ccccc4)[n+](C)c3c2)cc1.[I-].[I-],C(=Cc1ccn2cc(-c3ccccc3)[nH+]c2c1)c1ccccc1,C(=Cc1ccn2cc(-c3ccccc3)[nH+]c2c1)c1ccccc1,True,False
CC[N+](C)(CC)c1ccc(C=Cc2ccn3cc(-c4ccc(OC)cc4)[n+](C)c3c2)cc1.[I-].[I-],C(=Cc1ccn2cc(-c3ccccc3)[nH+]c2c1)c1ccccc1,C(=Cc1ccn2cc(-c3ccccc3)[nH+]c2c1)c1ccccc1,True,False
C[n+]1c(-c2ccccc2)cn2ccc(C=Cc3ccc([N+](C)(C)C)cc3)cc21.[I-].[I-],C(=Cc1ccn2cc(-c3ccccc3)[nH+]c2c1)c1ccccc1,C(=Cc1ccn2cc(-c3ccccc3)[nH+]c2c1)c1ccccc1,True,False
COc1ccc(-c2cn3ccc(C=Cc4ccc([N+](C)(C)C)cc4)cc3[n+]2C)cc1.[I-].[I-],C(=Cc1ccn2cc(-c3ccccc3)[nH+]c2c1)c1ccccc1,C(=Cc1ccn2cc(-c3ccccc3)[nH+]c2c1)c1ccccc1,True,False
COc1cc(-c2c3nc(c(-c4ccc(O)c(OC)c4)c4ccc([nH]4)c(-c4ccc(OC)c(OC)c4)c4nc(c(-c5ccc(O)c(OC)c5)c5ccc2[nH]5)C=C4)C=C3)ccc1O,C1=Cc2nc1c(-c1ccccc1)c1ccc([nH]1)c(-c1ccccc1)c1nc(c(-c3ccccc3)c3ccc([nH]3)c2-c2ccccc2)C=C1,C1=Cc2nc1c(-c1ccccc1)c1ccc([nH]1)c(-c1ccccc1)c1nc(c(-c3ccccc3)c3ccc([nH]3)c2-c2ccccc2)C=C1,True,False
COc1cc(-c2c3nc(c(-c4cc(OC)c(O)c(OC)c4)c4ccc([nH]4)c(-c4cc(OC)c(OC)c(OC)c4)c4nc(c(-c5cc(OC)c(O)c(OC)c5)c5ccc2[nH]5)C=C4)C=C3)cc(OC)c1O,C1=Cc2nc1c(-c1ccccc1)c1ccc([nH]1)c(-c1ccccc1)c1nc(c(-c3ccccc3)c3ccc([nH]3)c2-c2ccccc2)C=C1,C1=Cc2nc1c(-c1ccccc1)c1ccc([nH]1)c(-c1ccccc1)c1nc(c(-c3ccccc3)c3ccc([nH]3)c2-c2ccccc2)C=C1,True,False
COc1ccc(-c2c3nc(c(-c4ccc(OC)cc4)c4ccc([nH]4)c(-c4ccc(OC)cc4)c4nc(c(-c5ccc(NC(C)=O)cc5)c5ccc2[nH]5)C=C4)C=C3)cc1,C1=Cc2nc1c(-c1ccccc1)c1ccc([nH]1)c(-c1ccccc1)c1nc(c(-c3ccccc3)c3ccc([nH]3)c2-c2ccccc2)C=C1,C1=Cc2nc1c(-c1ccccc1)c1ccc([nH]1)c(-c1ccccc1)c1nc(c(-c3ccccc3)c3ccc([nH]3)c2-c2ccccc2)C=C1,True,False
COc1ccc(-c2c3nc(c(-c4ccc(OC)cc4)c4ccc([nH]4)c(-c4ccc(OC)cc4)c4nc(c(-c5ccc(N)cc5)c5ccc2[nH]5)C=C4)C=C3)cc1,C1=Cc2nc1c(-c1ccccc1)c1ccc([nH]1)c(-c1ccccc1)c1nc(c(-c3ccccc3)c3ccc([nH]3)c2-c2ccccc2)C=C1,C1=Cc2nc1c(-c1ccccc1)c1ccc([nH]1)c(-c1ccccc1)c1nc(c(-c3ccccc3)c3ccc([nH]3)c2-c2ccccc2)C=C1,True,False
C[C@H](CC(=O)O)OC(=O)C[C@@H](C)OC(=O)C[C@@H](C)O,,acyclic_6356,True,False
COc1c(OC)c(-c2ccc(-c3ccc(N(c4ccccc4)c4ccccc4)cc3)s2)c2nc(C)c(C)nc2c1-c1ccc(C=C(C#N)C(=O)O)s1,c1ccc(N(c2ccccc2)c2ccc(-c3ccc(-c4ccc(-c5cccs5)c5nccnc45)s3)cc2)cc1,c1ccc(N(c2ccccc2)c2ccc(-c3ccc(-c4ccc(-c5cccs5)c5nccnc45)s3)cc2)cc1,True,False
PSS,,acyclic_6358,True,False
C[C@H]1O[C@H](O)[C@H](O)[C@@H](O)[C@@H]1N[C@H]1C=C(CO)[C@@H](O)[C@H](O)[C@H]1O,C1=C[C@H](N[C@H]2CCCOC2)CCC1,C1=C[C@H](N[C@H]2CCCOC2)CCC1,True,False
O=C(O)CN(CC(=O)O)CC(O)CN(CC(=O)O)CC(=O)O,,acyclic_6360,True,False
C[n+]1ccc(C=Cc2ccc(C=Cc3ccc(N(c4ccccc4)c4ccccc4)cc3)cc2)cc1.[I-],C(=Cc1ccc(C=Cc2ccc(N(c3ccccc3)c3ccccc3)cc2)cc1)c1cc[nH+]cc1,C(=Cc1ccc(C=Cc2ccc(N(c3ccccc3)c3ccccc3)cc2)cc1)c1cc[nH+]cc1,True,False
C[n+]1ccc(C=Cc2ccc(C=Cc3ccc(-n4c5ccccc5c5ccccc54)cc3)cc2)cc1.[I-],C(=Cc1ccc(C=Cc2ccc(-n3c4ccccc4c4ccccc43)cc2)cc1)c1cc[nH+]cc1,C(=Cc1ccc(C=Cc2ccc(-n3c4ccccc4c4ccccc43)cc2)cc1)c1cc[nH+]cc1,True,False
C[n+]1ccc(C=Cc2ccc(C=Cc3nc4ccccc4s3)cc2)cc1.[I-],C(=Cc1ccc(C=Cc2nc3ccccc3s2)cc1)c1cc[nH+]cc1,C(=Cc1ccc(C=Cc2nc3ccccc3s2)cc1)c1cc[nH+]cc1,True,False
CCn1c2ccc(B(c3c(C)cc(C)cc3C)c3c(C)cc(C)cc3C)cc2c2cc(C(=C(c3ccccc3)c3ccccc3)c3ccccc3)ccc21,c1ccc(B(c2ccccc2)c2ccc3[nH]c4ccc(C(=C(c5ccccc5)c5ccccc5)c5ccccc5)cc4c3c2)cc1,c1ccc(B(c2ccccc2)c2ccc3[nH]c4ccc(C(=C(c5ccccc5)c5ccccc5)c5ccccc5)cc4c3c2)cc1,True,False
C=CCO,,acyclic_6365,True,False
CN1C(C)(C)CC(O)CC1(C)C,C1CCNCC1,C1CCNCC1,True,False
SBI,,acyclic_6367,True,False
SB[I]I,,acyclic_6368,True,False
O=P(O)(O)OC[C@H]1O[C@H](O[C@@H]2[C@H](O)[C@@H](O[C@@H]3[C@H](O)[C@@H](O)O[C@H](CO)[C@H]3O)O[C@H](CO)[C@H]2O)[C@@H](O)[C@@H](O)[C@@H]1O,C1CC[C@@H](O[C@H]2CCO[C@H](OC3CCOCC3)C2)OC1,C1CC[C@@H](O[C@H]2CCO[C@H](OC3CCOCC3)C2)OC1,True,False
C[Si](C)(c1ccc(-c2ccc(-c3ccc4c5ccccc5n(-c5ccccc5)c4c3)cc2)cc1)c1ccc(-c2ccc(-c3ccc4c5ccccc5n(-c5ccccc5)c4c3)cc2)cc1,c1ccc(-n2c3ccccc3c3ccc(-c4ccc(-c5ccc([SiH2]c6ccc(-c7ccc(-c8ccc9c%10ccccc%10n(-c%10ccccc%10)c9c8)cc7)cc6)cc5)cc4)cc32)cc1,c1ccc(-n2c3ccccc3c3ccc(-c4ccc(-c5ccc([SiH2]c6ccc(-c7ccc(-c8ccc9c%10ccccc%10n(-c%10ccccc%10)c9c8)cc7)cc6)cc5)cc4)cc32)cc1,True,False
COc1ccc(C(OC[C@H]2O[C@@H](n3ccc4nccn4c3=O)C[C@@H]2OP(OCCC#N)N(C(C)C)C(C)C)(c2ccccc2)c2ccc(OC)cc2)cc1,O=c1n([C@H]2CC[C@@H](COC(c3ccccc3)(c3ccccc3)c3ccccc3)O2)ccc2nccn12,O=c1n([C@H]2CC[C@@H](COC(c3ccccc3)(c3ccccc3)c3ccccc3)O2)ccc2nccn12,False,True
Cc1c(NC(=O)C(Br)CBr)c(C)c(S(=O)(=O)[O-])c(C)c1Nc1cc(S(=O)(=O)[O-])c(N)c2c1C(=O)c1ccccc1C2=O.[Na+].[Na+],O=C1c2ccccc2C(=O)c2c(Nc3ccccc3)cccc21,O=C1c2ccccc2C(=O)c2c(Nc3ccccc3)cccc21,False,True
C1=CC(c2ccccc2)(c2ccc(Oc3ccc4cc(Oc5ccc(C6(c7ccccc7)C=Cc7c(ccc8ccccc78)O6)cc5)ccc4c3)cc2)Oc2ccc3ccccc3c21,C1=CC(c2ccccc2)(c2ccc(Oc3ccc4cc(Oc5ccc(C6(c7ccccc7)C=Cc7c(ccc8ccccc78)O6)cc5)ccc4c3)cc2)Oc2ccc3ccccc3c21,C1=CC(c2ccccc2)(c2ccc(Oc3ccc4cc(Oc5ccc(C6(c7ccccc7)C=Cc7c(ccc8ccccc78)O6)cc5)ccc4c3)cc2)Oc2ccc3ccccc3c21,True,False
C1=CC(c2ccccc2)(c2ccc(Oc3ccc4ccc(Oc5ccc(C6(c7ccccc7)C=Cc7c(ccc8ccccc78)O6)cc5)cc4c3)cc2)Oc2ccc3ccccc3c21,C1=CC(c2ccccc2)(c2ccc(Oc3ccc4ccc(Oc5ccc(C6(c7ccccc7)C=Cc7c(ccc8ccccc78)O6)cc5)cc4c3)cc2)Oc2ccc3ccccc3c21,C1=CC(c2ccccc2)(c2ccc(Oc3ccc4ccc(Oc5ccc(C6(c7ccccc7)C=Cc7c(ccc8ccccc78)O6)cc5)cc4c3)cc2)Oc2ccc3ccccc3c21,False,True
C1=CC(c2ccccc2)(c2ccc(Oc3cc4ccccc4cc3Oc3ccc(C4(c5ccccc5)C=Cc5c(ccc6ccccc56)O4)cc3)cc2)Oc2ccc3ccccc3c21,C1=CC(c2ccccc2)(c2ccc(Oc3cc4ccccc4cc3Oc3ccc(C4(c5ccccc5)C=Cc5c(ccc6ccccc56)O4)cc3)cc2)Oc2ccc3ccccc3c21,C1=CC(c2ccccc2)(c2ccc(Oc3cc4ccccc4cc3Oc3ccc(C4(c5ccccc5)C=Cc5c(ccc6ccccc56)O4)cc3)cc2)Oc2ccc3ccccc3c21,False,True
C1=CC(c2ccccc2)(c2ccc(Oc3cc(Oc4ccc(C5(c6ccccc6)C=Cc6c(ccc7ccccc67)O5)cc4)c4ccccc4c3)cc2)Oc2ccc3ccccc3c21,C1=CC(c2ccccc2)(c2ccc(Oc3cc(Oc4ccc(C5(c6ccccc6)C=Cc6c(ccc7ccccc67)O5)cc4)c4ccccc4c3)cc2)Oc2ccc3ccccc3c21,C1=CC(c2ccccc2)(c2ccc(Oc3cc(Oc4ccc(C5(c6ccccc6)C=Cc6c(ccc7ccccc67)O5)cc4)c4ccccc4c3)cc2)Oc2ccc3ccccc3c21,True,False
C1=CC(c2ccccc2)(c2ccc(Oc3cccc4c(Oc5ccc(C6(c7ccccc7)C=Cc7c(ccc8ccccc78)O6)cc5)cccc34)cc2)Oc2ccc3ccccc3c21,C1=CC(c2ccccc2)(c2ccc(Oc3cccc4c(Oc5ccc(C6(c7ccccc7)C=Cc7c(ccc8ccccc78)O6)cc5)cccc34)cc2)Oc2ccc3ccccc3c21,C1=CC(c2ccccc2)(c2ccc(Oc3cccc4c(Oc5ccc(C6(c7ccccc7)C=Cc7c(ccc8ccccc78)O6)cc5)cccc34)cc2)Oc2ccc3ccccc3c21,True,False
C1=CC(c2ccccc2)(c2ccc(Oc3ccc4c(Oc5ccc(C6(c7ccccc7)C=Cc7c(ccc8ccccc78)O6)cc5)cccc4c3)cc2)Oc2ccc3ccccc3c21,C1=CC(c2ccccc2)(c2ccc(Oc3ccc4c(Oc5ccc(C6(c7ccccc7)C=Cc7c(ccc8ccccc78)O6)cc5)cccc4c3)cc2)Oc2ccc3ccccc3c21,C1=CC(c2ccccc2)(c2ccc(Oc3ccc4c(Oc5ccc(C6(c7ccccc7)C=Cc7c(ccc8ccccc78)O6)cc5)cccc4c3)cc2)Oc2ccc3ccccc3c21,True,False
C1=CC(c2ccccc2)(c2ccc(Oc3ccccc3-c3ccccc3Oc3ccc(C4(c5ccccc5)C=Cc5c(ccc6ccccc56)O4)cc3)cc2)Oc2ccc3ccccc3c21,C1=CC(c2ccccc2)(c2ccc(Oc3ccccc3-c3ccccc3Oc3ccc(C4(c5ccccc5)C=Cc5c(ccc6ccccc56)O4)cc3)cc2)Oc2ccc3ccccc3c21,C1=CC(c2ccccc2)(c2ccc(Oc3ccccc3-c3ccccc3Oc3ccc(C4(c5ccccc5)C=Cc5c(ccc6ccccc56)O4)cc3)cc2)Oc2ccc3ccccc3c21,True,False
C1CO1,C1CO1,C1CO1,True,False
[PH2][V][PH2],,acyclic_6381,True,False
O=C(C(=O)c1cc(Br)ccc1O)c1cc(Br)ccc1O,O=C(C(=O)c1ccccc1)c1ccccc1,O=C(C(=O)c1ccccc1)c1ccccc1,True,False
CN(C)C1CCc2c(ccc(O)c2O)C1,c1ccc2c(c1)CCCC2,c1ccc2c(c1)CCCC2,True,False
CNC1CCc2c(ccc(O)c2O)C1.[Br-].[H+],c1ccc2c(c1)CCCC2,c1ccc2c(c1)CCCC2,True,False
C=CCOc1c(Br)cc2c(-c3ccccc3C(=O)NC3CC(C)(C)NC(C)(C)C3)c3cc(Br)c(=O)c(Br)c-3oc2c1Br,O=C(NC1CCNCC1)c1ccccc1-c1c2ccc(=O)cc-2oc2ccccc12,O=C(NC1CCNCC1)c1ccccc1-c1c2ccc(=O)cc-2oc2ccccc12,True,False
CCCC[n+]1ccccc1C=Cc1ccc(N(CC)CC)cc1.O=S(=O)([O-])C(F)(F)F,C(=Cc1cccc[nH+]1)c1ccccc1,C(=Cc1cccc[nH+]1)c1ccccc1,True,False
CCCC[n+]1ccccc1C=Cc1ccc(N(CC)CC)cc1.O=S(=O)([N-]S(=O)(=O)C(F)(F)F)C(F)(F)F,C(=Cc1cccc[nH+]1)c1ccccc1,C(=Cc1cccc[nH+]1)c1ccccc1,True,False
O=C1C=Cc2cc(S(=O)(=O)[O-])cc(S(=O)(=O)[O-])c2C1=NNc1ccc(S(=O)(=O)[O-])c2ccccc12.[Na+].[Na+].[Na+],O=C1C=Cc2ccccc2C1=NNc1cccc2ccccc12,O=C1C=Cc2ccccc2C1=NNc1cccc2ccccc12,True,False
CC1=NN(c2cc(Cl)c(S(=O)(=O)[O-])cc2Cl)C(=O)C1N=Nc1ccc(S(=O)(=O)[O-])cc1.[Na+].[Na+],O=C1C(N=Nc2ccccc2)C=NN1c1ccccc1,O=C1C(N=Nc2ccccc2)C=NN1c1ccccc1,False,True
Nc1c(N=Nc2ccc([N+](=O)[O-])cc2)c(S(=O)(=O)[O-])cc2c1C(=O)C(=NNc1ccccc1)C(S(=O)(=O)[O-])=C2.[Na+].[Na+],O=C1C(=NNc2ccccc2)C=Cc2ccc(N=Nc3ccccc3)cc21,O=C1C(=NNc2ccccc2)C=Cc2ccc(N=Nc3ccccc3)cc21,True,False
CCC(C)CCC(CC)C[S]=c1nc(-c2ccc(-c3cc4ccccc4o3)s2)c2c(=S)nc(-c3ccc(-c4cc5ccccc5o4)s3)c1=2,[S]=c1nc(-c2ccc(-c3cc4ccccc4o3)s2)c2c(=S)nc(-c3ccc(-c4cc5ccccc5o4)s3)c1=2,[S]=c1nc(-c2ccc(-c3cc4ccccc4o3)s2)c2c(=S)nc(-c3ccc(-c4cc5ccccc5o4)s3)c1=2,True,False
BCB,,acyclic_6392,True,False
COS(=O)(=O)OC,,acyclic_6393,True,False
CCOS(=O)(=O)OCC,,acyclic_6394,True,False
O=C(O)CCl,,acyclic_6395,True,False
C[N+](C)(C)CCCCC[N+](C)(C)C.[Br-].[Br-],,acyclic_6396,False,True
Cc1cc(N(C)C)cc2[s+]c3cc(N(C)C)cc(C)c3nc12.[Cl-],c1ccc2[s+]c3ccccc3nc2c1,c1ccc2[s+]c3ccccc3nc2c1,True,False
CN(C)c1ccc2nc3ccc(N)cc3[s+]c2c1.[Cl-],c1ccc2[s+]c3ccccc3nc2c1,c1ccc2[s+]c3ccccc3nc2c1,True,False
CC[n+]1c(-c2ccccc2)c2cc(N)ccc2c2ccc(N)cc21,c1ccc(-c2[nH+]c3ccccc3c3ccccc23)cc1,c1ccc(-c2[nH+]c3ccccc3c3ccccc23)cc1,True,False
CNCCCNCCCNCCC(N)=O,,acyclic_6400,False,True
O=C1CCC(=O)N1Br,O=C1CCC(=O)N1,O=C1CCC(=O)N1,True,False
C[N+](C)(C)CCN(Cc1ccccc1)c1ccc(C(C#N)=C(C#N)C#N)cc1.[O-][Cl+3]([O-])([O-])[O-],c1ccc(CNc2ccccc2)cc1,c1ccc(CNc2ccccc2)cc1,True,False
CCCCCCCCCCCCCC[N+](C)(C)C.[Br-],,acyclic_6403,False,True
CCCCCCCCCCCC[N+](C)(C)C.[Br-],,acyclic_6404,True,False
c1ccc(-n2c3ccccc3c3ccccc32)c(-c2ccc3ccc4c(-c5c6ccccc6cc6cccc(-c7ccccc7-n7c8ccccc8c8ccccc87)c56)ccc5ccc2c3c54)c1,c1ccc(-n2c3ccccc3c3ccccc32)c(-c2ccc3ccc4c(-c5c6ccccc6cc6cccc(-c7ccccc7-n7c8ccccc8c8ccccc87)c56)ccc5ccc2c3c54)c1,c1ccc(-n2c3ccccc3c3ccccc32)c(-c2ccc3ccc4c(-c5c6ccccc6cc6cccc(-c7ccccc7-n7c8ccccc8c8ccccc87)c56)ccc5ccc2c3c54)c1,True,False
CN(C)c1ccc2c(c1)Sc1cc3c(cc1N2)CCC[NH2+]3.O=S(=O)([O-])O,c1ccc2c(c1)Nc1cc3c(cc1S2)[NH2+]CCC3,c1ccc2c(c1)Nc1cc3c(cc1S2)[NH2+]CCC3,True,False
CC1CC(C)(C)[NH2+]c2cc3c(cc21)Nc1ccc(N(C)C)cc1S3.O=S(=O)([O-])O,c1ccc2c(c1)Nc1cc3c(cc1S2)[NH2+]CCC3,c1ccc2c(c1)Nc1cc3c(cc1S2)[NH2+]CCC3,True,False
CC1CC(C)(C)[NH+](C)c2cc3c(cc21)Nc1ccc(N(C)C)cc1S3.O=S(=O)([O-])O,c1ccc2c(c1)Nc1cc3c(cc1S2)[NH2+]CCC3,c1ccc2c(c1)Nc1cc3c(cc1S2)[NH2+]CCC3,True,False
CC[NH+]1c2cc3c(cc2C(C)CC1(C)C)Nc1ccc(N(C)C)cc1S3.O=S(=O)([O-])O,c1ccc2c(c1)Nc1cc3c(cc1S2)[NH2+]CCC3,c1ccc2c(c1)Nc1cc3c(cc1S2)[NH2+]CCC3,True,False
CCN(CC)c1ccc2c(c1)Sc1cc3c(cc1N2)C(C)CC(C)(C)[NH+]3CC.O=S(=O)([O-])O,c1ccc2c(c1)Nc1cc3c(cc1S2)[NH2+]CCC3,c1ccc2c(c1)Nc1cc3c(cc1S2)[NH2+]CCC3,True,False
Cc1cc2c(c3c1Nc1ccc(N(C)C)cc1S3)C(C)CC(C)(C)[NH+]2CCO.O=S(=O)([O-])O,c1ccc2c(c1)Nc1ccc3c(c1S2)CCC[NH2+]3,c1ccc2c(c1)Nc1ccc3c(c1S2)CCC[NH2+]3,True,False
CCN(CC)c1cc(C)c2c(c1)Sc1c(c(C)cc3c1C(C)CC(C)(C)[NH+]3CCO)N2.O=S(=O)([O-])O,c1ccc2c(c1)Nc1ccc3c(c1S2)CCC[NH2+]3,c1ccc2c(c1)Nc1ccc3c(c1S2)CCC[NH2+]3,True,False
CC1CC(C)(C)N(C)c2cc3c(cc21)Nc1cc2c(cc1S3)[NH+](C)C(C)(C)CC2C.O=S(=O)([O-])O,c1c2c(cc3c1Nc1cc4c(cc1S3)[NH2+]CCC4)NCCC2,c1c2c(cc3c1Nc1cc4c(cc1S3)[NH2+]CCC4)NCCC2,True,False
CCN1c2cc3c(cc2C(C)CC1(C)C)Nc1cc2c(cc1S3)[NH+](CC)C(C)(C)CC2C.O=S(=O)([O-])O,c1c2c(cc3c1Nc1cc4c(cc1S3)[NH2+]CCC4)NCCC2,c1c2c(cc3c1Nc1cc4c(cc1S3)[NH2+]CCC4)NCCC2,True,False
Cc1cc2c(c3c1Nc1cc4c(cc1S3)N(C)C(C)(C)CC4C)C(C)CC(C)(C)[NH+]2CCO.O=S(=O)([O-])O,c1c2c(cc3c1Nc1ccc4c(c1S3)CCC[NH2+]4)NCCC2,c1c2c(cc3c1Nc1ccc4c(c1S3)CCC[NH2+]4)NCCC2,True,False
Cc1cc2c(c3c1Nc1c(C)cc4c(c1S3)C(C)CC(C)(C)[NH+]4CCO)C(C)CC(C)(C)N2CCO.O=S(=O)([O-])O,c1cc2c(c3c1NCCC3)Sc1c(ccc3c1CCC[NH2+]3)N2,c1cc2c(c3c1NCCC3)Sc1c(ccc3c1CCC[NH2+]3)N2,True,False
COc1ccc(-c2ccc(N(c3ccc(-c4cc5c(s4)-c4sc(C=C(C#N)C(=O)O)cc4C5C)cc3)c3ccc(-c4ccc(OC)cc4OC)cc3)cc2)c(OC)c1,c1ccc(-c2ccc(N(c3ccc(-c4ccccc4)cc3)c3ccc(-c4cc5c(s4)-c4sccc4C5)cc3)cc2)cc1,c1ccc(-c2ccc(N(c3ccc(-c4ccccc4)cc3)c3ccc(-c4cc5c(s4)-c4sccc4C5)cc3)cc2)cc1,True,False
O=C([O-])c1cc(C(=O)[O-])c(C(=O)[O-])cc1C(=O)[O-],c1ccccc1,c1ccccc1,False,True
O=C([O-])c1cccc(C(=O)[O-])c1C(=O)[O-],c1ccccc1,c1ccccc1,False,True
O=C([O-])c1ccc(C(=O)[O-])c(C(=O)[O-])c1,c1ccccc1,c1ccccc1,False,True
O=C([O-])c1cccc(C(=O)[O-])c1,c1ccccc1,c1ccccc1,False,True
[S-]c1ccccc1.c1ccc([S+](c2ccccc2)c2ccccc2)cc1,c1ccc([S+](c2ccccc2)c2ccccc2)cc1.c1ccccc1,c1ccc([S+](c2ccccc2)c2ccccc2)cc1.c1ccccc1,True,False
NC(=O)CC[C@H](N)C(=O)O.[Cu],,acyclic_6423,True,False
COc1ccc(-c2c3nc(c(-c4ccc(OC)cc4)c4ccc([nH]4)c(-c4ccc([N+](=O)[O-])cc4)c4nc(c(-c5ccc(OC)cc5)c5ccc2[nH]5)C=C4)C=C3)cc1,C1=Cc2nc1c(-c1ccccc1)c1ccc([nH]1)c(-c1ccccc1)c1nc(c(-c3ccccc3)c3ccc([nH]3)c2-c2ccccc2)C=C1,C1=Cc2nc1c(-c1ccccc1)c1ccc([nH]1)c(-c1ccccc1)c1nc(c(-c3ccccc3)c3ccc([nH]3)c2-c2ccccc2)C=C1,True,False
[Fe+2].c1cc[c-](-c2cncnc2)c1.c1cc[cH-]c1,c1cc[c-](-c2cncnc2)c1.c1cc[cH-]c1,c1cc[c-](-c2cncnc2)c1.c1cc[cH-]c1,True,False
[Ag+].[O]=[Re](=[O])(=[O])[O-],,acyclic_6426,True,False
C1=Cc2nc1c(-c1ccccc1)c1ccc([nH]1)c(-c1ccccc1)c1nc(c(-c3ccccc3)c3ccc([nH]3)c2-c2ccccc2)C=C1.[Zn],C1=Cc2nc1c(-c1ccccc1)c1ccc([nH]1)c(-c1ccccc1)c1nc(c(-c3ccccc3)c3ccc([nH]3)c2-c2ccccc2)C=C1,C1=Cc2nc1c(-c1ccccc1)c1ccc([nH]1)c(-c1ccccc1)c1nc(c(-c3ccccc3)c3ccc([nH]3)c2-c2ccccc2)C=C1,True,False
O=C(C=C[c-]1cccc1)OCc1ccccc1.[Fe+2].c1cc[cH-]c1,O=C(C=C[c-]1cccc1)OCc1ccccc1.c1cc[cH-]c1,O=C(C=C[c-]1cccc1)OCc1ccccc1.c1cc[cH-]c1,True,False
[C-]#[N+]C(C)(C)C,,acyclic_6429,True,False
[C-]#[N+]C1CCCCC1,C1CCCCC1,C1CCCCC1,True,False
[C-]#[N+]c1c(C)cccc1C,c1ccccc1,c1ccccc1,False,True
O=C(O)C=C(CC(=O)O)C(=O)O,,acyclic_6432,True,False
O=C(O)CC(O)(CC(=O)O)C(=O)O,,acyclic_6433,True,False
O=C(Nc1ccc(-c2c3nc(c(-c4ccc(C(F)(F)F)cc4)c4ccc([nH]4)c(-c4ccc(C(F)(F)F)cc4)c4nc(c(-c5ccc(C(F)(F)F)cc5)c5ccc2[nH]5)C=C4)C=C3)cc1)c1ccccc1,O=C(Nc1ccc(-c2c3nc(c(-c4ccccc4)c4ccc([nH]4)c(-c4ccccc4)c4nc(c(-c5ccccc5)c5ccc2[nH]5)C=C4)C=C3)cc1)c1ccccc1,O=C(Nc1ccc(-c2c3nc(c(-c4ccccc4)c4ccc([nH]4)c(-c4ccccc4)c4nc(c(-c5ccccc5)c5ccc2[nH]5)C=C4)C=C3)cc1)c1ccccc1,True,False
O=C(C=Cc1ccccc1)[c-]1cccc1.[Fe+2].c1cc[cH-]c1,O=C(C=Cc1ccccc1)[c-]1cccc1.c1cc[cH-]c1,O=C(C=Cc1ccccc1)[c-]1cccc1.c1cc[cH-]c1,True,False
O=C(C=C[c-]1cccc1)c1ccccc1.[Fe+2].c1cc[cH-]c1,O=C(C=C[c-]1cccc1)c1ccccc1.c1cc[cH-]c1,O=C(C=C[c-]1cccc1)c1ccccc1.c1cc[cH-]c1,True,False
O=C(C=Cc1ccccc1)[c-]1cccc1.[Ru+2].c1cc[cH-]c1,O=C(C=Cc1ccccc1)[c-]1cccc1.c1cc[cH-]c1,O=C(C=Cc1ccccc1)[c-]1cccc1.c1cc[cH-]c1,True,False
O=C(C=C[c-]1cccc1)[c-]1cccc1.[Fe+2].[Fe+2].c1cc[cH-]c1.c1cc[cH-]c1,O=C(C=C[c-]1cccc1)[c-]1cccc1.c1cc[cH-]c1.c1cc[cH-]c1,O=C(C=C[c-]1cccc1)[c-]1cccc1.c1cc[cH-]c1.c1cc[cH-]c1,True,False
O=C(C=C[c-]1cccc1)[c-]1cccc1.[Fe+2].[Ru+2].c1cc[cH-]c1.c1cc[cH-]c1,O=C(C=C[c-]1cccc1)[c-]1cccc1.c1cc[cH-]c1.c1cc[cH-]c1,O=C(C=C[c-]1cccc1)[c-]1cccc1.c1cc[cH-]c1.c1cc[cH-]c1,True,False
O=C(C=C[c-]1cccc1)[c-]1cccc1.[Ru+2].[Ru+2].c1cc[cH-]c1.c1cc[cH-]c1,O=C(C=C[c-]1cccc1)[c-]1cccc1.c1cc[cH-]c1.c1cc[cH-]c1,O=C(C=C[c-]1cccc1)[c-]1cccc1.c1cc[cH-]c1.c1cc[cH-]c1,True,False
CC1(N)CNCCNCCNCCNCCNC1,C1CNCCNCCNCCNCCNC1,C1CNCCNCCNCCNCCNC1,False,True
[O-]P([O-])[O-],,acyclic_6442,True,False
N#C[S][Fe]([S]C#N)[S]C#N,,acyclic_6443,True,False
[Fe+2].c1cc[cH-]c1.c1ccc2nc(-[c-]3cccc3)cnc2c1,c1cc[cH-]c1.c1ccc2nc(-[c-]3cccc3)cnc2c1,c1cc[cH-]c1.c1ccc2nc(-[c-]3cccc3)cnc2c1,False,True
[Cl-].[Cl-].[Cu+].[H+],,acyclic_6445,True,False
CC(=O)N[O-],,acyclic_6446,True,False
NCC(=O)[O-],,acyclic_6447,True,False
NCCNCCN,,acyclic_6448,True,False
CO[I]I,,acyclic_6449,True,False
NCC(=O)NO,,acyclic_6450,True,False
C[C@H](N)C(=O)NO,,acyclic_6451,True,False
CCCC(N)C(=O)NO,,acyclic_6452,True,False
CC(C)C[C@H](N)C(=O)NO,,acyclic_6453,False,True
N[C@@H](CO)C(=O)NO,,acyclic_6454,True,False
[NH][N][S],,acyclic_6455,True,False
I[I][Pt],,acyclic_6456,True,False
[Pd][I]I,,acyclic_6457,True,False
NC(=O)NC(N)=O,,acyclic_6458,True,False
NCC(=O)NCC(=O)O,,acyclic_6459,True,False
NCC(=O)NCC(=O)NCC(=O)NCC(=O)O,,acyclic_6460,False,True
NCC(=O)NCC(=O)NCC(=O)NCC(=O)NCC(=O)O,,acyclic_6461,True,False
O=C(O)C[C@H](O)C(=O)O,,acyclic_6462,True,False
NCCN,,acyclic_6463,True,False
C[C@H](N)C(=O)NCC(=O)O,,acyclic_6464,True,False
OCCO,,acyclic_6465,True,False
[Mn][I]I,,acyclic_6466,True,False
CO[I][I]I,,acyclic_6467,True,False
CCCCCCCCCCCCCC(=O)O[C@@H]1[C@@H](C)[C@@]2(O)[C@@H](C=C(CO)C[C@]3(OC)C(=O)C(C)=C[C@@H]23)[C@@H]2C(C)(C)[C@]12OC(C)=O,O=C1C=C[C@@H]2C1CC=C[C@@H]1C2CCC2C[C@H]21,O=C1C=C[C@@H]2C1CC=C[C@@H]1C2CCC2C[C@H]21,True,False
CC(C)(N=NC(C)(C)C(=N)N)C(=N)N.[Cl-].[Cl-].[H+].[H+],,acyclic_6469,True,False
NCCNCCNCCNCCN.[Cl-].[H+],,acyclic_6470,True,False
NCCN(CCN)CCN,,acyclic_6471,True,False
O=C1CC[C@@H](C(=O)O)N1,O=C1CCCN1,O=C1CCCN1,True,False
[Mg+2].c1ccc2c3[n-]c(nc4[nH]c(nc5[n-]c([nH]c6[nH]c([nH]3)c3ccccc63)c3c5CCCC3)C3CCCCC43)c2c1,c1ccc2c3[n-]c(nc4[nH]c(nc5[n-]c([nH]c6[nH]c([nH]3)c3ccccc63)c3c5CCCC3)C3CCCCC43)c2c1,c1ccc2c3[n-]c(nc4[nH]c(nc5[n-]c([nH]c6[nH]c([nH]3)c3ccccc63)c3c5CCCC3)C3CCCCC43)c2c1,True,False
C=CC(C)(Cl)C(Cl)C=CC(C=O)=CCl,,acyclic_6474,False,True
CC(=O)[O-].CC(=O)[O-].CC(=O)[O-].[Lu+3],,acyclic_6475,True,False
CNCC(N)=O,,acyclic_6476,True,False
C[C@@H](O)[C@H](NC(=O)[C@@H]1CSSC[C@H](NC(=O)[C@H](N)Cc2ccccc2)C(=O)N[C@@H](Cc2ccc(O)cc2)C(=O)NC(Cc2c[nH]c3ccccc23)C(=O)N[C@@H](CN)C(=O)N1)C(N)=O,O=C1CNC(=O)C(Cc2c[nH]c3ccccc23)NC(=O)[C@H](Cc2ccccc2)NC(=O)[C@@H](NC(=O)CCc2ccccc2)CSSCCN1,O=C1CNC(=O)C(Cc2c[nH]c3ccccc23)NC(=O)[C@H](Cc2ccccc2)NC(=O)[C@@H](NC(=O)CCc2ccccc2)CSSCCN1,True,False
[Ti][I][V],,acyclic_6478,True,False
CCN(N=Cc1cc(Cl)ccc1O)C(N)=S,c1ccccc1,c1ccccc1,False,True
CCN(N=Cc1cc(Cl)cc(Cl)c1O)C(N)=S,c1ccccc1,c1ccccc1,False,True
CN(C)P(=O)(N(C)C)N(C)C,,acyclic_6481,True,False
[O]=[V].c1ccc2c3[nH]c(c2c1)N=c1[nH]c(c2ccccc12)=Nc1[nH]c(c2ccccc12)N=c1[nH]c(c2ccccc12)=N3,c1ccc2c3[nH]c(c2c1)N=c1[nH]c(c2ccccc12)=Nc1[nH]c(c2ccccc12)N=c1[nH]c(c2ccccc12)=N3,c1ccc2c3[nH]c(c2c1)N=c1[nH]c(c2ccccc12)=Nc1[nH]c(c2ccccc12)N=c1[nH]c(c2ccccc12)=N3,False,True
[Cd][I]I,,acyclic_6483,True,False
CCCCOP(=O)(OCCCC)OCCCC,,acyclic_6484,True,False
COc1ccc(C=CC(=O)[c-]2cccc2)cc1.[Fe+2].c1cc[cH-]c1,O=C(C=Cc1ccccc1)[c-]1cccc1.c1cc[cH-]c1,O=C(C=Cc1ccccc1)[c-]1cccc1.c1cc[cH-]c1,True,False
Cc1ccc(C=CC(=O)[c-]2cccc2)cc1.[Fe+2].c1cc[cH-]c1,O=C(C=Cc1ccccc1)[c-]1cccc1.c1cc[cH-]c1,O=C(C=Cc1ccccc1)[c-]1cccc1.c1cc[cH-]c1,True,False
O=C(C=Cc1ccc(C(F)(F)F)cc1)[c-]1cccc1.[Fe+2].c1cc[cH-]c1,O=C(C=Cc1ccccc1)[c-]1cccc1.c1cc[cH-]c1,O=C(C=Cc1ccccc1)[c-]1cccc1.c1cc[cH-]c1,True,False
NCCSSCCN.[Cl].[Pt+2],,acyclic_6488,True,False
CCn1c(=NN=c2sc3cc(S(=O)(=O)[O-])ccc3n2CC)sc2cc(S(=O)(=O)[O-])ccc21.[NH4+].[NH4+],c1ccc2sc(=NN=c3[nH]c4ccccc4s3)[nH]c2c1,c1ccc2sc(=NN=c3[nH]c4ccccc4s3)[nH]c2c1,False,True
CN1C(=C(F)C(F)=C(F)C(F)=C(F)c2sc3ccccc3[n+]2C)Sc2ccccc21.F[B-](F)(F)F,C(=CC=C1Nc2ccccc2S1)C=Cc1[nH+]c2ccccc2s1,C(=CC=C1Nc2ccccc2S1)C=Cc1[nH+]c2ccccc2s1,False,True
CN1C(=C(F)C(=C(F)c2sc3ccccc3[n+]2C)C(F)C(F)(F)F)Sc2ccccc21.F[B-](F)(F)F,C(=Cc1[nH+]c2ccccc2s1)C=C1Nc2ccccc2S1,C(=Cc1[nH+]c2ccccc2s1)C=C1Nc2ccccc2S1,True,False
CCN1C(=CC=C2CCCC(C=CC3=[N+](CC)c4ccc5ccccc5c4C3(C)C)=C2Cl)C(C)(C)c2c1ccc1ccccc21.[I-],C(=CC1=[NH+]c2ccc3ccccc3c2C1)C1=CC(=CC=C2Cc3c(ccc4ccccc34)N2)CCC1,C(=CC1=[NH+]c2ccc3ccccc3c2C1)C1=CC(=CC=C2Cc3c(ccc4ccccc34)N2)CCC1,True,False
CCN1C(=CC=C2CCCC(C=CC3=[N+](CC)c4ccc5ccccc5c4C3(C)C)=C2Cl)C(C)(C)c2c1ccc1ccccc21.O=S(=O)([N-]S(=O)(=O)C(F)(F)F)C(F)(F)F,C(=CC1=[NH+]c2ccc3ccccc3c2C1)C1=CC(=CC=C2Cc3c(ccc4ccccc34)N2)CCC1,C(=CC1=[NH+]c2ccc3ccccc3c2C1)C1=CC(=CC=C2Cc3c(ccc4ccccc34)N2)CCC1,True,False
CCN1C(=CC=C2CCCC(C=CC3=[N+](CC)c4ccc5ccccc5c4C3(C)C)=C2Cl)C(C)(C)c2c1ccc1ccccc21.O=S(=O)([O-])C(F)(F)F,C(=CC1=[NH+]c2ccc3ccccc3c2C1)C1=CC(=CC=C2Cc3c(ccc4ccccc34)N2)CCC1,C(=CC1=[NH+]c2ccc3ccccc3c2C1)C1=CC(=CC=C2Cc3c(ccc4ccccc34)N2)CCC1,True,False
C1=CCCC=CCC1.[CH3][Pt][CH3],C1=CCCC=CCC1,C1=CCCC=CCC1,False,True
C1COCCN1,C1COCCN1,C1COCCN1,False,True
C1CCSC1,C1CCSC1,C1CCSC1,True,False
BBF,,acyclic_6498,True,False
COC(C)(C)CC=CC(C)CC=CC(C)=CC=CC(C)=CCCC=C(C)C=CC=C(C)CCC=C(C)CCCC(C)C,,acyclic_6499,True,False
CC1=CC2OC3CC4OC(=O)C=CC=CC(C(C)O)OCC(O)C(C)CC(=O)OCC2(CC1O)C4(C)C31CO1,O=C1C=CC=CCOCCCCC(=O)OCC23CCC=CC2OC2CC(O1)C3C21CO1,O=C1C=CC=CCOCCCCC(=O)OCC23CCC=CC2OC2CC(O1)C3C21CO1,True,False
CC1=C[C@H]2O[C@@H]3C[C@H]4OC(=O)C=CC=CC(C(C)O)OCC(O)C(C)CC(=O)OC[C@@]2(C[C@@H]1O)[C@]4(C)[C@@]31CO1,O=C1C=CC=CCOCCCCC(=O)OC[C@]23CCC=C[C@H]2O[C@@H]2C[C@@H](O1)C3[C@@]21CO1,O=C1C=CC=CCOCCCCC(=O)OC[C@]23CCC=C[C@H]2O[C@@H]2C[C@@H](O1)C3[C@@]21CO1,False,True
Cc1cc(C)c(S)c(C)c1,c1ccccc1,c1ccccc1,False,True
C[I]N,,acyclic_6503,True,False
N[I]O,,acyclic_6504,True,False
CCC1=C(CC)c2cc3[nH]c(cc4nc(cc5[nH]c(cc1n2)c(CC)c5CC)C(CC)=C4CC)c(CC)c3CC.[Zn],C1=Cc2cc3ccc(cc4nc(cc5ccc(cc1n2)[nH]5)C=C4)[nH]3,C1=Cc2cc3ccc(cc4nc(cc5ccc(cc1n2)[nH]5)C=C4)[nH]3,True,False
CCC1=C(CC)c2cc3[nH]c(cc4nc(cc5[nH]c(cc1n2)c(CC)c5CC)C(CC)=C4CC)c(CC)c3CC.[Pt],C1=Cc2cc3ccc(cc4nc(cc5ccc(cc1n2)[nH]5)C=C4)[nH]3,C1=Cc2cc3ccc(cc4nc(cc5ccc(cc1n2)[nH]5)C=C4)[nH]3,True,False
CCC1=C(CC)c2cc3[nH]c(cc4nc(cc5[nH]c(cc1n2)c(CC)c5CC)C(CC)=C4CC)c(CC)c3CC.[Pd],C1=Cc2cc3ccc(cc4nc(cc5ccc(cc1n2)[nH]5)C=C4)[nH]3,C1=Cc2cc3ccc(cc4nc(cc5ccc(cc1n2)[nH]5)C=C4)[nH]3,True,False
NCCS,,acyclic_6508,True,False
OCCCS,,acyclic_6509,True,False
CNc1ccc2nc3ccc(N(C)C)cc3[s+]c2c1.[Cl-],c1ccc2[s+]c3ccccc3nc2c1,c1ccc2[s+]c3ccccc3nc2c1,True,False
CNc1ccc2nc3ccc(N)cc3[s+]c2c1.[Cl-],c1ccc2[s+]c3ccccc3nc2c1,c1ccc2[s+]c3ccccc3nc2c1,True,False
CC(=CCN=C1N=CN=C2N=CN=C21)CO,N=C1N=CN=C2N=CN=C12,N=C1N=CN=C2N=CN=C12,True,False
C1CC2CC3CCC(N3)C3CCC(CC4CCC(CC1N2)N4)N3,C1CC2CC3CCC(N3)C3CCC(CC4CCC(CC1N2)N4)N3,C1CC2CC3CCC(N3)C3CCC(CC4CCC(CC1N2)N4)N3,True,False
CCC(C)C,,acyclic_6514,True,False
O=C1CCCN1,O=C1CCCN1,O=C1CCCN1,True,False
CCCC(C)=O,,acyclic_6516,False,True
NC=O,,acyclic_6517,False,True
COC(C)=O,,acyclic_6518,True,False
COC=O,,acyclic_6519,True,False
CCCCCCCCO,,acyclic_6520,True,False
CCCCCCO,,acyclic_6521,False,True
CN(C)[C@@H]1C(=O)C(=C(N)O)C(=O)[C@@]2(O)C(=O)C3=C(O)c4c(O)ccc(Cl)c4[C@@](C)(O)[C@H]3C[C@@H]12,C=C1C(=O)C[C@@H]2C[C@@H]3Cc4ccccc4C=C3C(=O)C2C1=O,C=C1C(=O)C[C@@H]2C[C@@H]3Cc4ccccc4C=C3C(=O)C2C1=O,True,False
CN(C)[C@@H]1C(=O)C(=C(N)O)C(=O)[C@@]2(O)C(=O)C3=C(O)c4c(O)ccc(Cl)c4[C@@H](O)[C@H]3C[C@@H]12,C=C1C(=O)C[C@@H]2C[C@@H]3Cc4ccccc4C=C3C(=O)C2C1=O,C=C1C(=O)C[C@@H]2C[C@@H]3Cc4ccccc4C=C3C(=O)C2C1=O,True,False
CN(C)[C@@H]1C(=O)C(=C(N)O)C(=O)[C@@]2(O)C(=O)C3=C(O)c4c(O)cccc4[C@@](C)(O)[C@H]3C[C@@H]12.[Cl-].[H+],C=C1C(=O)C[C@@H]2C[C@@H]3Cc4ccccc4C=C3C(=O)C2C1=O,C=C1C(=O)C[C@@H]2C[C@@H]3Cc4ccccc4C=C3C(=O)C2C1=O,True,False
CN(C)c1ccc(C(=O)[O-])cc1,c1ccccc1,c1ccccc1,False,True
CCCCCCCCCCC1=C(O)NC(=O)C1=O,O=C1C=CNC1=O,O=C1C=CNC1=O,True,False
C1CCC2CCCCC2C1,C1CCC2CCCCC2C1,C1CCC2CCCCC2C1,False,True
CCC=CCC=CCC=CCCCCCCCC(=O)O,,acyclic_6528,True,False
CCCCCC=CCC=CCC=CCC=CCCCC(=O)O,,acyclic_6529,True,False
Cc1ncc(COP(=O)(O)O)c(C=O)c1O.O,c1ccncc1,c1ccncc1,False,True
CC=CC=CC=O,,acyclic_6531,True,False
CC(=O)C(C)=O,,acyclic_6532,True,False
CC(C)=CC(=O)O,,acyclic_6533,True,False
C=CCCCCCC,,acyclic_6534,True,False
O=C(O)C=CC=CC(=O)O,,acyclic_6535,True,False
CCCCCC(=O)CP(=O)(O)O,,acyclic_6536,False,True
O=C(O)C1=C[C@H](O)[C@@H](O)CO1,C1=COCCC1,C1=COCCC1,True,False
CPBP,,acyclic_6538,True,False
c1ccc(-n2c(-c3ccc(-c4ccc(-c5nc6c7ccccc7c7ccccc7c6n5-c5ccccc5)cc4)cc3)nc3c4ccccc4c4ccccc4c32)cc1,c1ccc(-n2c(-c3ccc(-c4ccc(-c5nc6c7ccccc7c7ccccc7c6n5-c5ccccc5)cc4)cc3)nc3c4ccccc4c4ccccc4c32)cc1,c1ccc(-n2c(-c3ccc(-c4ccc(-c5nc6c7ccccc7c7ccccc7c6n5-c5ccccc5)cc4)cc3)nc3c4ccccc4c4ccccc4c32)cc1,True,False
C=CO,,acyclic_6540,False,True
O=S(=O)([N-]S(=O)(=O)C(F)(F)F)C(F)(F)F,,acyclic_6541,True,False
PPI,,acyclic_6542,True,False
NBPPI,,acyclic_6543,False,True
O[C@H](CS)[C@@H](O)CS,,acyclic_6544,True,False
O=P(O)(O)O[C@H]1O[C@H](CO)[C@@H](O)[C@H](O)[C@@H]1O,C1CCOCC1,C1CCOCC1,True,False
CCC(=O)C1(c2cccc(Cl)c2)CCN(CCCN(C)C)CC1.[Cl-].[Cl-].[H+].[H+],c1ccc(C2CCNCC2)cc1,c1ccc(C2CCNCC2)cc1,True,False
O=C(CI)OCCOC(=O)CI,,acyclic_6547,True,False
CCCCCCO[C@@H]1O[C@H](CO)[C@H](O)C[C@H]1O[C@@H]1O[C@@H](C)[C@@H](O)[C@@H](O)[C@@H]1O,C1CC[C@H](O[C@@H]2CCCOC2)OC1,C1CC[C@H](O[C@@H]2CCCOC2)OC1,False,True
OC[C@H]1O[C@H](S)[C@H](O)[C@@H](O)[C@@H]1S,C1CCOCC1,C1CCOCC1,True,False
N[C@@H](CS)C(=O)N[C@H]1[C@@H](OC2[C@H](O)[C@H](O)C(O)[C@H](O)[C@H]2O)O[C@H](CO)[C@@H](O)[C@@H]1O,C1CCC(O[C@@H]2CCCCO2)CC1,C1CCC(O[C@@H]2CCCCO2)CC1,True,False
c1ccc(-n2c(-c3ccc(-c4cccc(-c5nc6c7ccccc7c7ccccc7c6n5-c5ccccc5)c4)cc3)nc3c4ccccc4c4ccccc4c32)cc1,c1ccc(-n2c(-c3ccc(-c4cccc(-c5nc6c7ccccc7c7ccccc7c6n5-c5ccccc5)c4)cc3)nc3c4ccccc4c4ccccc4c32)cc1,c1ccc(-n2c(-c3ccc(-c4cccc(-c5nc6c7ccccc7c7ccccc7c6n5-c5ccccc5)c4)cc3)nc3c4ccccc4c4ccccc4c32)cc1,False,True
[Cl-].c1ccc(-c2nn(-c3ccccc3)[n+](-c3ccccc3)n2)cc1,c1ccc(-c2nn(-c3ccccc3)[n+](-c3ccccc3)n2)cc1,c1ccc(-c2nn(-c3ccccc3)[n+](-c3ccccc3)n2)cc1,True,False
CCF.O,,acyclic_6553,True,False
[Cl-].[H+].c1ccc2c(c1)NCCS2,c1ccc2c(c1)NCCS2,c1ccc2c(c1)NCCS2,True,False
C1=NC2=CCn3cccc3C2=C1,C1=NC2=CCn3cccc3C2=C1,C1=NC2=CCn3cccc3C2=C1,False,True
O=C(O)Cc1[nH+]c2ccccc2s1,c1ccc2sc[nH+]c2c1,c1ccc2sc[nH+]c2c1,True,False
CC(=O)O.O=c1oc2ccccc2cc1-c1ccc([N+](=O)[O-])cc1,O=c1oc2ccccc2cc1-c1ccccc1,O=c1oc2ccccc2cc1-c1ccccc1,True,False
N#CC1=C(C#N)C(=O)C(Cl)=C(Cl)C1=O,O=C1C=CC(=O)C=C1,O=C1C=CC(=O)C=C1,False,True
O=C1C(Br)=C(Br)C(=O)C(Br)=C1Br,O=C1C=CC(=O)C=C1,O=C1C=CC(=O)C=C1,False,True
O=C1C(I)=C(I)C(=O)C(I)=C1I,O=C1C=CC(=O)C=C1,O=C1C=CC(=O)C=C1,False,True
O=C1C(Cl)=C(Cl)C(=O)C(Cl)=C1Cl,O=C1C=CC(=O)C=C1,O=C1C=CC(=O)C=C1,False,True
O=C([O-])CC(C(=O)[O-])C(CC(=O)[O-])C(=O)[O-],,acyclic_6562,True,False
O=C([O-])CC(=O)[O-],,acyclic_6563,True,False
Cc1cc2nc3cc(C)c(N)cc3[n+](-c3ccccc3)c2cc1N.[Cl-],c1ccc(-[n+]2c3ccccc3nc3ccccc32)cc1,c1ccc(-[n+]2c3ccccc3nc3ccccc32)cc1,True,False
F[B-](F)(F)F,,acyclic_6565,True,False
CC(=O)CC(=O)SCCNC(=O)CCNC(=O)[C@H](O)C(C)(C)COP(=O)(O)OP(=O)(O)OC[C@H]1O[C@@H](n2cnc3c(N)ncnc32)[C@H](O)[C@@H]1OP(=O)(O)O,c1ncc2ncn([C@H]3CCCO3)c2n1,c1ncc2ncn([C@H]3CCCO3)c2n1,False,True
C[C@H](CCC(=O)O)[C@H]1CC[C@H]2[C@@H]3[C@H](O)C[C@@H]4C[C@H](O)CC[C@]4(C)[C@H]3CC[C@]12C,C1CC[C@H]2CC[C@H]3[C@@H]4CCCC4CC[C@@H]3C2C1,C1CC[C@H]2CC[C@H]3[C@@H]4CCCC4CC[C@@H]3C2C1,True,False
CCNC(=O)CCNC(=O)[C@H](O)C(C)(C)COP(=O)(O)OP(=O)(O)OC[C@H]1O[C@@H](n2cnc3c(N)ncnc32)[C@H](O)[C@@H]1OP(=O)(O)O,c1ncc2ncn([C@H]3CCCO3)c2n1,c1ncc2ncn([C@H]3CCCO3)c2n1,False,True
CC(=O)N[C@@H]1[C@@H](O)[C@H](O[C@@H]2O[C@H](CO)[C@H](O)[C@H](O)[C@H]2O)[C@@H](CO)O[C@@H]1O,C1CC[C@H](O[C@H]2CCCOC2)OC1,C1CC[C@H](O[C@H]2CCCOC2)OC1,True,False
CC1=C(C(=O)O)N2C(=O)[C@@H](NC(=O)[C@H](N)C3=CCC=CC3)[C@H]2SC1,O=C(CC1=CCC=CC1)N[C@@H]1C(=O)N2C=CCS[C@H]12,O=C(CC1=CCC=CC1)N[C@@H]1C(=O)N2C=CCS[C@H]12,False,True
O=C1c2ccccc2C(=O)c2c1cc(S(=O)(=O)[O-])c(O)c2O.[Na+],O=C1c2ccccc2C(=O)c2ccccc21,O=C1c2ccccc2C(=O)c2ccccc21,True,False
CCOc1cc(C=CC2=CC(=C(C#N)C#N)CC(C)(C)C2)ccc1O,C=C1C=C(C=Cc2ccccc2)CCC1,C=C1C=C(C=Cc2ccccc2)CCC1,True,False
CCCOc1cc(C=CC2=CC(=C(C#N)C#N)CC(C)(C)C2)ccc1O,C=C1C=C(C=Cc2ccccc2)CCC1,C=C1C=C(C=Cc2ccccc2)CCC1,True,False
CCOc1cc(C=CC2=CC(=C(C#N)C#N)CCC2)ccc1O,C=C1C=C(C=Cc2ccccc2)CCC1,C=C1C=C(C=Cc2ccccc2)CCC1,True,False
COc1cc(C=Cc2cc(C#N)c(C)cc2C#N)cc(OC)c1OC,C(=Cc1ccccc1)c1ccccc1,C(=Cc1ccccc1)c1ccccc1,False,True
O=C(C[n+]1ccccc1)c1ccccc1,O=C(C[n+]1ccccc1)c1ccccc1,O=C(C[n+]1ccccc1)c1ccccc1,False,True
Cc1cccc[n+]1CC(=O)c1ccccc1,O=C(C[n+]1ccccc1)c1ccccc1,O=C(C[n+]1ccccc1)c1ccccc1,False,True
CC(C(=O)c1ccccc1)[n+]1ccccc1,O=C(C[n+]1ccccc1)c1ccccc1,O=C(C[n+]1ccccc1)c1ccccc1,False,True
CC(C(=O)c1ccccc1)[n+]1ccc(C=NO)cc1,O=C(C[n+]1ccccc1)c1ccccc1,O=C(C[n+]1ccccc1)c1ccccc1,False,True
Cl.NC1=NC(c2ccco2)N2C(=N1)Nc1ccccc12,C1=NC(c2ccco2)N2C(=N1)Nc1ccccc12,C1=NC(c2ccco2)N2C(=N1)Nc1ccccc12,False,True
Cl.NC1=NC(c2ccccc2)N2C(=N1)Nc1ccccc12,C1=NC(c2ccccc2)N2C(=N1)Nc1ccccc12,C1=NC(c2ccccc2)N2C(=N1)Nc1ccccc12,True,False
Cl.NC1=NC(c2ccc(F)cc2)N2C(=N1)Nc1ccccc12,C1=NC(c2ccccc2)N2C(=N1)Nc1ccccc12,C1=NC(c2ccccc2)N2C(=N1)Nc1ccccc12,True,False
Cl.N#Cc1ccc(C2N=C(N)N=C3Nc4ccccc4N32)cc1,C1=NC(c2ccccc2)N2C(=N1)Nc1ccccc12,C1=NC(c2ccccc2)N2C(=N1)Nc1ccccc12,True,False
Cc1ccc(C2N=C(N)N=C3Nc4ccccc4N32)cc1.Cl,C1=NC(c2ccccc2)N2C(=N1)Nc1ccccc12,C1=NC(c2ccccc2)N2C(=N1)Nc1ccccc12,True,False
c1ccc(N(c2ccccc2)c2cc(N(c3ccccc3)c3ccccc3)c3ccc4c(N(c5ccccc5)c5ccccc5)cc(N(c5ccccc5)c5ccccc5)c5ccc2c3c54)cc1,c1ccc(N(c2ccccc2)c2cc(N(c3ccccc3)c3ccccc3)c3ccc4c(N(c5ccccc5)c5ccccc5)cc(N(c5ccccc5)c5ccccc5)c5ccc2c3c54)cc1,c1ccc(N(c2ccccc2)c2cc(N(c3ccccc3)c3ccccc3)c3ccc4c(N(c5ccccc5)c5ccccc5)cc(N(c5ccccc5)c5ccccc5)c5ccc2c3c54)cc1,False,True
Cc1ccc(N(c2ccc(C)cc2)c2cc(N(c3ccc(C)cc3)c3ccc(C)cc3)c3ccc4c(N(c5ccc(C)cc5)c5ccc(C)cc5)cc(N(c5ccc(C)cc5)c5ccc(C)cc5)c5ccc2c3c54)cc1,c1ccc(N(c2ccccc2)c2cc(N(c3ccccc3)c3ccccc3)c3ccc4c(N(c5ccccc5)c5ccccc5)cc(N(c5ccccc5)c5ccccc5)c5ccc2c3c54)cc1,c1ccc(N(c2ccccc2)c2cc(N(c3ccccc3)c3ccccc3)c3ccc4c(N(c5ccccc5)c5ccccc5)cc(N(c5ccccc5)c5ccccc5)c5ccc2c3c54)cc1,False,True
CN1C(=Cc2cc[n+](C)c3ccccc23)Sc2ccccc21.Cc1ccc(S(=O)(=O)[O-])cc1,C(=C1Nc2ccccc2S1)c1cc[nH+]c2ccccc12.c1ccccc1,C(=C1Nc2ccccc2S1)c1cc[nH+]c2ccccc12.c1ccccc1,False,True
NNC(=O)C(=O)NN,,acyclic_6588,False,True
CPP,,acyclic_6589,True,False
Cc1onc(C(=O)O)c1C[C@H](N)C(=O)O,c1cnoc1,c1cnoc1,True,False
N#CC(C#N)=c1ccc(=C(C#N)C#N)cc1,C=c1ccc(=C)cc1,C=c1ccc(=C)cc1,False,True
CCNc1ccc([C+](c2ccc(NCC)c(C)c2)c2ccc(S(=O)(=O)[O-])cc2S(=O)(=O)[O-])cc1C.[Na+],c1ccc([C+](c2ccccc2)c2ccccc2)cc1,c1ccc([C+](c2ccccc2)c2ccccc2)cc1,True,False
c1ccc(N(c2ccccc2)c2ccccc2-c2cc(-c3cccs3)c(-c3ccccc3N(c3ccccc3)c3ccccc3)cc2-c2cccs2)cc1,c1ccc(N(c2ccccc2)c2ccccc2-c2cc(-c3cccs3)c(-c3ccccc3N(c3ccccc3)c3ccccc3)cc2-c2cccs2)cc1,c1ccc(N(c2ccccc2)c2ccccc2-c2cc(-c3cccs3)c(-c3ccccc3N(c3ccccc3)c3ccccc3)cc2-c2cccs2)cc1,True,False
C[C@]12CCC(=O)C=C1CC[C@@H]1[C@@H]2[C@@H]2C[C@@]3([C@@H](C(=O)CO)CC[C@@H]13)[C@@H](O)O2,O=C1C=C2CC[C@@H]3[C@@H](C2CC1)[C@@H]1C[C@@]2(CCC[C@@H]32)CO1,O=C1C=C2CC[C@@H]3[C@@H](C2CC1)[C@@H]1C[C@@]2(CCC[C@@H]32)CO1,False,True
CC(C)[C@@H](C)C=C[C@@H](C)[C@H]1CC[C@H]2[C@@H]3CC=C4C[C@@H](O)CC[C@]4(C)[C@H]3CC[C@]12C,C1=C2CCCCC2[C@H]2CCC3CCC[C@H]3[C@@H]2C1,C1=C2CCCCC2[C@H]2CCC3CCC[C@H]3[C@@H]2C1,True,False
NC(CO)C(=O)O,,acyclic_6596,False,True
O=P.c1ccc2c(c1)[nH]c1ccccc12,c1ccc2c(c1)[nH]c1ccccc12,c1ccc2c(c1)[nH]c1ccccc12,True,False
C[C@H]1OC([n+]2cccc(C(N)=O)c2)[C@H](O)[C@@H]1O,c1cc[n+](C2CCCO2)cc1,c1cc[n+](C2CCCO2)cc1,True,False
O=P([O-])([O-])O.[Na+].[Na+],,acyclic_6599,True,False
CC(C)CCC1(CCC(C)C)c2ccccc2-c2ccc(-c3cc(-c4ccc5c(c4)C(CCC(C)C)(CCC(C)C)c4ccccc4-5)c4ccc5cc(C(C)(C)C)cc6ccc3c4c65)cc21,c1ccc2c(c1)Cc1cc(-c3cc(-c4ccc5c(c4)Cc4ccccc4-5)c4ccc5cccc6ccc3c4c65)ccc1-2,c1ccc2c(c1)Cc1cc(-c3cc(-c4ccc5c(c4)Cc4ccccc4-5)c4ccc5cccc6ccc3c4c65)ccc1-2,True,False
O=[N+]([O-])C([N+](=O)[O-])([N+](=O)[O-])[N+](=O)[O-],,acyclic_6601,True,False
NPPBI,,acyclic_6602,True,False
CC(C)(C)O,,acyclic_6603,True,False
C[N+]1(C)CCC[C@H]1C(=O)O,C1CC[NH2+]C1,C1CC[NH2+]C1,True,False
CC(=O)c1cc(C=NN(Cc2ccccc2C)C(=S)[S-])ccn1,C(=NNCc1ccccc1)c1ccncc1,C(=NNCc1ccccc1)c1ccncc1,True,False
[I-].[I-].c1cc[n+](CCCc2ccc(CCC[n+]3ccccc3)cc2)cc1,c1cc[n+](CCCc2ccc(CCC[n+]3ccccc3)cc2)cc1,c1cc[n+](CCCc2ccc(CCC[n+]3ccccc3)cc2)cc1,True,False
[Br-].[Br-].c1cc[n+](CCCc2ccc(CCC[n+]3ccccc3)cc2)cc1,c1cc[n+](CCCc2ccc(CCC[n+]3ccccc3)cc2)cc1,c1cc[n+](CCCc2ccc(CCC[n+]3ccccc3)cc2)cc1,True,False
CC(C)(C)c1cc[n+](CCCc2ccc(CCC[n+]3ccc(C(C)(C)C)cc3)cc2)cc1.[Br-].[Br-],c1cc[n+](CCCc2ccc(CCC[n+]3ccccc3)cc2)cc1,c1cc[n+](CCCc2ccc(CCC[n+]3ccccc3)cc2)cc1,True,False
CN(C)C(=O)Cl,,acyclic_6609,True,False
CN1c2ccccc2C(C)(C)C12C=Cc1cc([N+](=O)[O-])cc(C[n+]3ccccc3)c1O2.[Cl-],C1=CC2(Cc3ccccc3N2)Oc2c1cccc2C[n+]1ccccc1,C1=CC2(Cc3ccccc3N2)Oc2c1cccc2C[n+]1ccccc1,True,False
CCCCCCCCOc1ccc2cc(C(=O)c3n[nH]nc3-[c-]3cccc3)ccc2c1Cl.[Fe+2].c1cc[cH-]c1,O=C(c1ccc2ccccc2c1)c1n[nH]nc1-[c-]1cccc1.c1cc[cH-]c1,O=C(c1ccc2ccccc2c1)c1n[nH]nc1-[c-]1cccc1.c1cc[cH-]c1,False,True
CCCCCCCCCCCCCCOc1ccc2cc(C(=O)c3n[nH]nc3-[c-]3cccc3)ccc2c1Cl.[Fe+2].c1cc[cH-]c1,O=C(c1ccc2ccccc2c1)c1n[nH]nc1-[c-]1cccc1.c1cc[cH-]c1,O=C(c1ccc2ccccc2c1)c1n[nH]nc1-[c-]1cccc1.c1cc[cH-]c1,False,True
CCCCCCCCCCCCCCCCOc1ccc2cc(C(=O)c3n[nH]nc3-[c-]3cccc3)ccc2c1Cl.[Fe+2].c1cc[cH-]c1,O=C(c1ccc2ccccc2c1)c1n[nH]nc1-[c-]1cccc1.c1cc[cH-]c1,O=C(c1ccc2ccccc2c1)c1n[nH]nc1-[c-]1cccc1.c1cc[cH-]c1,False,True
O=[S]I,,acyclic_6614,True,False
CC1CS[C@H]([C@@H](C=O)NC(=O)CCCC[C@H](NC(=O)C[NH3+])C(=O)[O-])NC1C(=O)[O-],C1CNCSC1,C1CNCSC1,True,False
C=CC=CC=CC=CC=C,,acyclic_6616,True,False
C=CC=CC=CC=CC=CC=CC=C,,acyclic_6617,True,False
CCCCCCCCCCC[C@@H](O)CC(=O)N[C@H]1[C@@H](OP(=O)(O)O)O[C@H](CO)[C@@H](O)[C@@H]1OC(=O)C[C@H](O)CCCCCCCCCCC,C1CCOCC1,C1CCOCC1,True,False
CC[C@H](NC(=O)C[C@H](O)[C@H](CC(C)C)NC(=O)[C@@H](NC(=O)[C@H](Cc1cccc2ccccc12)NC(C)=O)C(C)C)C(=O)N[C@@H](Cc1cccc2ccccc12)C(N)=O,O=C(CCCNC(=O)CNC(=O)CCc1cccc2ccccc12)NCC(=O)NCCc1cccc2ccccc12,O=C(CCCNC(=O)CNC(=O)CCc1cccc2ccccc12)NCC(=O)NCCc1cccc2ccccc12,True,False
CCCCCCCCCCC[C@@H](O)CC(=O)N[C@@H]1[C@@H](OC(=O)C[C@H](O)CCCCCCCCCCC)[C@H](OP(=O)(O)O)[C@@H](CO)O[C@H]1O,C1CCOCC1,C1CCOCC1,True,False
CCCCCCCCCCCCCCCCCC(=O)OC[C@@H](O)COP(=O)(O)OCC[N+](C)(C)C,,acyclic_6621,True,False
O=C([O-])c1ccccc1-c1c2cc(I)c(=O)c(I)c-2oc2c(I)c([O-])c(I)cc12.[Na+].[Na+],O=c1ccc2c(-c3ccccc3)c3ccccc3oc-2c1,O=c1ccc2c(-c3ccccc3)c3ccccc3oc-2c1,True,False
O=C(O)CCCCCCCC(=O)O,,acyclic_6623,True,False
P[P][Y],,acyclic_6624,True,False
[Bi+3].[O-2].[O-2].[O-2].[O-2].[V],,acyclic_6625,True,False
COC(=O)C=C(C)C=CC=C(C)C=CC1=C(C)CCCC1(C)C,C1=CCCCC1,C1=CCCCC1,False,True
CC(C=CC=C(C)C=CC1=C(C)CCCC1(C)C)=CC=O,C1=CCCCC1,C1=CCCCC1,False,True
CCCCCCCCCCCC(=O)NC1(NC(=O)CCCCCCCCCCC)CCCCC1,C1CCCCC1,C1CCCCC1,True,False
N[C@H]1C(O)O[C@H](CO)[C@@H](O)[C@@H]1O,C1CCOCC1,C1CCOCC1,True,False
N[C@@H](CCC(=O)O)C(=O)O,,acyclic_6630,True,False
CCCCN,,acyclic_6631,True,False
c1ccc(-c2c3nc(c(-c4ccccc4)c4[nH]c(c(-c5ccccc5)c5nc(c(-c6ccccc6)c6[nH]c2c2ccccc62)-c2ccccc2-5)c2ccccc42)-c2ccccc2-3)cc1,c1ccc(-c2c3nc(c(-c4ccccc4)c4[nH]c(c(-c5ccccc5)c5nc(c(-c6ccccc6)c6[nH]c2c2ccccc62)-c2ccccc2-5)c2ccccc42)-c2ccccc2-3)cc1,c1ccc(-c2c3nc(c(-c4ccccc4)c4[nH]c(c(-c5ccccc5)c5nc(c(-c6ccccc6)c6[nH]c2c2ccccc62)-c2ccccc2-5)c2ccccc42)-c2ccccc2-3)cc1,True,False
C[n+]1c2n(c(=O)c3cc(O)ccc31)CCc1c-2[nH]c2ccccc12,O=c1c2ccccc2[nH+]c2n1CCc1c-2[nH]c2ccccc12,O=c1c2ccccc2[nH+]c2n1CCc1c-2[nH]c2ccccc12,True,False
Cc1cc(C)cc(C)c1,c1ccccc1,c1ccccc1,False,True
O=C(O)[C@@H](O)[C@@H](O)[C@H](O)C(=O)CO,,acyclic_6635,True,False
OB(O)O,,acyclic_6636,False,True
O=C[C@H](O)[C@@H](O)[C@@H](O)[C@H](O)CO,,acyclic_6637,False,True
C1=Cc2ccccc2[NH2+]1,C1=Cc2ccccc2[NH2+]1,C1=Cc2ccccc2[NH2+]1,True,False
CN1C(=O)C(=C2C=C(C=Cc3ccc(N(CCOC(c4ccccc4)(c4ccccc4)c4ccccc4)CCOC(c4ccccc4)(c4ccccc4)c4ccccc4)cc3)OC(C(C)(C)C)=C2)C(=O)N(C)C1=O,O=C1NC(=O)C(=C2C=COC(C=Cc3ccc(N(CCOC(c4ccccc4)(c4ccccc4)c4ccccc4)CCOC(c4ccccc4)(c4ccccc4)c4ccccc4)cc3)=C2)C(=O)N1,O=C1NC(=O)C(=C2C=COC(C=Cc3ccc(N(CCOC(c4ccccc4)(c4ccccc4)c4ccccc4)CCOC(c4ccccc4)(c4ccccc4)c4ccccc4)cc3)=C2)C(=O)N1,True,False
CC(C)(C)C1=CC(=C2C(=O)NC(=S)NC2=O)C=C(C=Cc2ccc(N(CCOC(c3ccccc3)(c3ccccc3)c3ccccc3)CCOC(c3ccccc3)(c3ccccc3)c3ccccc3)cc2)O1,O=C1NC(=S)NC(=O)C1=C1C=COC(C=Cc2ccc(N(CCOC(c3ccccc3)(c3ccccc3)c3ccccc3)CCOC(c3ccccc3)(c3ccccc3)c3ccccc3)cc2)=C1,O=C1NC(=S)NC(=O)C1=C1C=COC(C=Cc2ccc(N(CCOC(c3ccccc3)(c3ccccc3)c3ccccc3)CCOC(c3ccccc3)(c3ccccc3)c3ccccc3)cc2)=C1,True,False
CC(C)(C)C1=CC(=C(C#N)C#N)C=C(C=Cc2ccc(N(CCOC(c3ccccc3)(c3ccccc3)c3ccccc3)CCOC(c3ccccc3)(c3ccccc3)c3ccccc3)cc2)O1,C=C1C=COC(C=Cc2ccc(N(CCOC(c3ccccc3)(c3ccccc3)c3ccccc3)CCOC(c3ccccc3)(c3ccccc3)c3ccccc3)cc2)=C1,C=C1C=COC(C=Cc2ccc(N(CCOC(c3ccccc3)(c3ccccc3)c3ccccc3)CCOC(c3ccccc3)(c3ccccc3)c3ccccc3)cc2)=C1,True,False
CC(C)(C)C1=CC(=C2C(=O)c3ccccc3C2=O)C=C(C=Cc2ccc(N(CCOC(c3ccccc3)(c3ccccc3)c3ccccc3)CCOC(c3ccccc3)(c3ccccc3)c3ccccc3)cc2)O1,O=C1C(=C2C=COC(C=Cc3ccc(N(CCOC(c4ccccc4)(c4ccccc4)c4ccccc4)CCOC(c4ccccc4)(c4ccccc4)c4ccccc4)cc3)=C2)C(=O)c2ccccc21,O=C1C(=C2C=COC(C=Cc3ccc(N(CCOC(c4ccccc4)(c4ccccc4)c4ccccc4)CCOC(c4ccccc4)(c4ccccc4)c4ccccc4)cc3)=C2)C(=O)c2ccccc21,True,False
CC(C)(C)C1=CC(=C2C(=O)NC(=O)NC2=O)C=C(C=Cc2ccc(N(CCOC(c3ccccc3)(c3ccccc3)c3ccccc3)CCOC(c3ccccc3)(c3ccccc3)c3ccccc3)cc2)O1,O=C1NC(=O)C(=C2C=COC(C=Cc3ccc(N(CCOC(c4ccccc4)(c4ccccc4)c4ccccc4)CCOC(c4ccccc4)(c4ccccc4)c4ccccc4)cc3)=C2)C(=O)N1,O=C1NC(=O)C(=C2C=COC(C=Cc3ccc(N(CCOC(c4ccccc4)(c4ccccc4)c4ccccc4)CCOC(c4ccccc4)(c4ccccc4)c4ccccc4)cc3)=C2)C(=O)N1,True,False
CN(C)c1ccc(C=Cc2cc[n+](C)cc2)cc1.O=S(=O)([O-])c1ccc2ccccc2c1,C(=Cc1cc[nH+]cc1)c1ccccc1.c1ccc2ccccc2c1,C(=Cc1cc[nH+]cc1)c1ccccc1.c1ccc2ccccc2c1,False,True
CN(C)c1ccc(C=Cc2cc[n+](C)cc2)cc1.[I-],C(=Cc1cc[nH+]cc1)c1ccccc1,C(=Cc1cc[nH+]cc1)c1ccccc1,True,False
CN(C)c1ccc(C=Cc2cc[n+](C)c3ccccc23)cc1.[I-],C(=Cc1cc[nH+]c2ccccc12)c1ccccc1,C(=Cc1cc[nH+]c2ccccc12)c1ccccc1,True,False
CN(C)c1ccc(C=Cc2cc[n+](C)c3ccccc23)cc1.O=S(=O)([O-])c1ccc2ccccc2c1,C(=Cc1cc[nH+]c2ccccc12)c1ccccc1.c1ccc2ccccc2c1,C(=Cc1cc[nH+]c2ccccc12)c1ccccc1.c1ccc2ccccc2c1,True,False
CN1C(=CC=Cc2cc[n+](C)cc2)C(C)(C)c2ccccc21.Cc1ccc(S(=O)(=O)[O-])cc1,C(=Cc1cc[nH+]cc1)C=C1Cc2ccccc2N1.c1ccccc1,C(=Cc1cc[nH+]cc1)C=C1Cc2ccccc2N1.c1ccccc1,True,False
CN1C(=CC=Cc2cc[n+](C)c3ccccc23)C(C)(C)c2ccccc21.[I-],C(=Cc1cc[nH+]c2ccccc12)C=C1Cc2ccccc2N1,C(=Cc1cc[nH+]c2ccccc12)C=C1Cc2ccccc2N1,False,True
CN1C(=CC=Cc2cc[n+](C)c3ccccc23)C(C)(C)c2ccccc21.Cc1ccc(S(=O)(=O)[O-])cc1,C(=Cc1cc[nH+]c2ccccc12)C=C1Cc2ccccc2N1.c1ccccc1,C(=Cc1cc[nH+]c2ccccc12)C=C1Cc2ccccc2N1.c1ccccc1,True,False
CN1C(=CC=Cc2cc[n+](C)c3ccccc23)C(C)(C)c2ccccc21.O=S(=O)([O-])c1ccc2ccccc2c1,C(=Cc1cc[nH+]c2ccccc12)C=C1Cc2ccccc2N1.c1ccc2ccccc2c1,C(=Cc1cc[nH+]c2ccccc12)C=C1Cc2ccccc2N1.c1ccc2ccccc2c1,True,False
CN1C(=CC=Cc2cc[n+](C)cc2)C(C)(C)c2ccccc21.O=S(=O)([O-])c1ccc2ccccc2c1,C(=Cc1cc[nH+]cc1)C=C1Cc2ccccc2N1.c1ccc2ccccc2c1,C(=Cc1cc[nH+]cc1)C=C1Cc2ccccc2N1.c1ccc2ccccc2c1,False,True
Cc1ccc(-c2ccc3c(c2)c2cc(-c4ccc(C)cc4)ccc2n3-c2ccc(C=Cc3ccc(C=Cc4ccc(-n5c6ccc(-c7ccc(C)cc7)cc6c6cc(-c7ccc(C)cc7)ccc65)cc4)cc3)cc2)cc1,C(=Cc1ccc(-n2c3ccc(-c4ccccc4)cc3c3cc(-c4ccccc4)ccc32)cc1)c1ccc(C=Cc2ccc(-n3c4ccc(-c5ccccc5)cc4c4cc(-c5ccccc5)ccc43)cc2)cc1,C(=Cc1ccc(-n2c3ccc(-c4ccccc4)cc3c3cc(-c4ccccc4)ccc32)cc1)c1ccc(C=Cc2ccc(-n3c4ccc(-c5ccccc5)cc4c4cc(-c5ccccc5)ccc43)cc2)cc1,True,False
O=P(CCn1c2ccc(-c3cccc(-n4c5ccccc5c5ccccc54)c3)cc2c2cc(-c3cccc(-n4c5ccccc5c5ccccc54)c3)ccc21)(c1ccccc1)c1ccccc1,O=P(CCn1c2ccc(-c3cccc(-n4c5ccccc5c5ccccc54)c3)cc2c2cc(-c3cccc(-n4c5ccccc5c5ccccc54)c3)ccc21)(c1ccccc1)c1ccccc1,O=P(CCn1c2ccc(-c3cccc(-n4c5ccccc5c5ccccc54)c3)cc2c2cc(-c3cccc(-n4c5ccccc5c5ccccc54)c3)ccc21)(c1ccccc1)c1ccccc1,True,False
O=P(Cn1c2ccc(-c3cccc(-n4c5ccccc5c5ccccc54)c3)cc2c2cc(-c3cccc(-n4c5ccccc5c5ccccc54)c3)ccc21)(c1ccccc1)c1ccccc1,O=P(Cn1c2ccc(-c3cccc(-n4c5ccccc5c5ccccc54)c3)cc2c2cc(-c3cccc(-n4c5ccccc5c5ccccc54)c3)ccc21)(c1ccccc1)c1ccccc1,O=P(Cn1c2ccc(-c3cccc(-n4c5ccccc5c5ccccc54)c3)cc2c2cc(-c3cccc(-n4c5ccccc5c5ccccc54)c3)ccc21)(c1ccccc1)c1ccccc1,True,False
C(=Cc1ccc(N(c2ccccc2)c2ccc(-c3nc4ccccc4nc3-c3ccc(N(c4ccccc4)c4ccc(C=Cc5ccccc5)cc4)cc3)cc2)cc1)c1ccccc1,C(=Cc1ccc(N(c2ccccc2)c2ccc(-c3nc4ccccc4nc3-c3ccc(N(c4ccccc4)c4ccc(C=Cc5ccccc5)cc4)cc3)cc2)cc1)c1ccccc1,C(=Cc1ccc(N(c2ccccc2)c2ccc(-c3nc4ccccc4nc3-c3ccc(N(c4ccccc4)c4ccc(C=Cc5ccccc5)cc4)cc3)cc2)cc1)c1ccccc1,True,False
O=[N+]([O-])c1ccc(C=Cc2ccc(N(c3ccccc3)c3ccc(-c4nc5ccccc5nc4-c4ccc(N(c5ccccc5)c5ccc(C=Cc6ccc([N+](=O)[O-])cc6)cc5)cc4)cc3)cc2)cc1,C(=Cc1ccc(N(c2ccccc2)c2ccc(-c3nc4ccccc4nc3-c3ccc(N(c4ccccc4)c4ccc(C=Cc5ccccc5)cc4)cc3)cc2)cc1)c1ccccc1,C(=Cc1ccc(N(c2ccccc2)c2ccc(-c3nc4ccccc4nc3-c3ccc(N(c4ccccc4)c4ccc(C=Cc5ccccc5)cc4)cc3)cc2)cc1)c1ccccc1,True,False
[In+3].[In+3].[O-2].[O-2].[O-2],,acyclic_6658,False,True
CC1(C)CC(=O)C2=C(C1)Oc1ccc3ccc(OCCCNCCCNc4ccnc5cc(Cl)ccc45)cc3c1C2c1ccc(C(F)(F)F)cc1,O=C1CCCC2=C1C(c1ccccc1)c1c(ccc3ccc(OCCCNCCCNc4ccnc5ccccc45)cc13)O2,O=C1CCCC2=C1C(c1ccccc1)c1c(ccc3ccc(OCCCNCCCNc4ccnc5ccccc45)cc13)O2,True,False
NC(N)=S.NC(N)=S.[Cl-].[NH4+],,acyclic_6660,True,False
N#CC(=Cc1ccc(-c2ccc(C=C3c4cc(N(c5ccccc5)c5ccccc5)ccc4-c4ccc(N(c5ccccc5)c5ccccc5)cc43)s2)s1)C(=O)O,C(=C1c2cc(N(c3ccccc3)c3ccccc3)ccc2-c2ccc(N(c3ccccc3)c3ccccc3)cc21)c1ccc(-c2cccs2)s1,C(=C1c2cc(N(c3ccccc3)c3ccccc3)ccc2-c2ccc(N(c3ccccc3)c3ccccc3)cc21)c1ccc(-c2cccs2)s1,True,False
COc1cc(C=CCSC[C@H](N)C(=O)O)cc(OC)c1O,c1ccccc1,c1ccccc1,False,True
COc1cc(C=CCSC[C@H](NC(=O)CC[C@H](N)C(=O)O)C(=O)NCC(=O)O)ccc1O,c1ccccc1,c1ccccc1,False,True
COc1cc(C=CCSC[C@H](NC(=O)CC[C@H](N)C(=O)O)C(=O)NCC(=O)O)cc(OC)c1O,c1ccccc1,c1ccccc1,False,True
COc1cc(C=CCSC[C@H](NC(=O)CC[C@H](N)C(=O)O)C(=O)O)ccc1O,c1ccccc1,c1ccccc1,False,True
COc1cc(C=CCSC[C@H](NC(=O)CC[C@H](N)C(=O)O)C(=O)O)cc(OC)c1O,c1ccccc1,c1ccccc1,False,True
COc1cc(C=CC(=O)OC(=O)C(O)C(CC(=O)[O-])C(=O)[O-])ccc1O,c1ccccc1,c1ccccc1,False,True
COc1ccc(-c2c3nc(c(-c4ccc(OC)cc4)c4ccc([nH]4)c(-c4ccc(OC)cc4)c4nc(c(-c5ccc(OC)cc5)c5ccc2[nH]5)C=C4)C=C3)cc1,C1=Cc2nc1c(-c1ccccc1)c1ccc([nH]1)c(-c1ccccc1)c1nc(c(-c3ccccc3)c3ccc([nH]3)c2-c2ccccc2)C=C1,C1=Cc2nc1c(-c1ccccc1)c1ccc([nH]1)c(-c1ccccc1)c1nc(c(-c3ccccc3)c3ccc([nH]3)c2-c2ccccc2)C=C1,True,False
C=CC=CC=CC=CC,,acyclic_6669,True,False
O=C(O)C[c-]1cccc1.[Fe+2].c1cc[cH-]c1,[c-]1cccc1.c1cc[cH-]c1,[c-]1cccc1.c1cc[cH-]c1,True,False
CC(O)[c-]1cccc1.[Fe+2].c1cc[cH-]c1,[c-]1cccc1.c1cc[cH-]c1,[c-]1cccc1.c1cc[cH-]c1,True,False
CC(=NO)[c-]1cccc1.[Fe+2].c1cc[cH-]c1,[c-]1cccc1.c1cc[cH-]c1,[c-]1cccc1.c1cc[cH-]c1,True,False
O=C(O)[c-]1cccc1.O=C(O)[c-]1cccc1.[Fe+2],[c-]1cccc1.[c-]1cccc1,[c-]1cccc1.[c-]1cccc1,False,True
Cc1cc(C)[c-](C)c1.Cc1cc(C)[c-](C)c1.[Fe+2],[c-]1cccc1.[c-]1cccc1,[c-]1cccc1.[c-]1cccc1,False,True
CCCCN1CCC(C([Si](C)(C)C)[Si](C)(C)C)OC1,C1CNCOC1,C1CNCOC1,True,False
CC(C)CN1CCC(C([Si](C)(C)C)[Si](C)(C)C)OC1,C1CNCOC1,C1CNCOC1,True,False
C1=CCCC=CCC1,C1=CCCC=CCC1,C1=CCCC=CCC1,False,True
CC(C)(C(=O)[O-])C(=O)[O-],,acyclic_6678,True,False
[Br-].[Br-].c1cs[c]([Sb]([c]2cccs2)[c]2cccs2)c1,c1cs[c]([Sb]([c]2cccs2)[c]2cccs2)c1,c1cs[c]([Sb]([c]2cccs2)[c]2cccs2)c1,False,True
C1=C[SiH2]C=C1,C1=C[SiH2]C=C1,C1=C[SiH2]C=C1,True,False
O=C1c2cc(Br)ccc2-c2ccc(C#C[c-]3cccc3)cc21.[Fe+2].c1cc[cH-]c1,O=C1c2ccccc2-c2ccc(C#C[c-]3cccc3)cc21.c1cc[cH-]c1,O=C1c2ccccc2-c2ccc(C#C[c-]3cccc3)cc21.c1cc[cH-]c1,False,True
C[Si](C)(C)C#Cc1cccc2c1C(=O)c1cc(C#C[c-]3cccc3)ccc1-2.[Fe+2].c1cc[cH-]c1,O=C1c2ccccc2-c2ccc(C#C[c-]3cccc3)cc21.c1cc[cH-]c1,O=C1c2ccccc2-c2ccc(C#C[c-]3cccc3)cc21.c1cc[cH-]c1,False,True
C#Cc1ccc2c(c1)C(=O)c1cc(C#C[c-]3cccc3)ccc1-2.[Fe+2].c1cc[cH-]c1,O=C1c2ccccc2-c2ccc(C#C[c-]3cccc3)cc21.c1cc[cH-]c1,O=C1c2ccccc2-c2ccc(C#C[c-]3cccc3)cc21.c1cc[cH-]c1,False,True
C[Si](C)(C)[Si](C)([Si](C)(C)C)[Si](C)(C)[Si](C)([Si](C)(C)C)[Si](C)(C)C,,acyclic_6684,True,False
C[SiH]([Si](C)([Si](C)(C)C)[Si](C)(C)C)[Si](C)([Si](C)(C)C)[Si](C)(C)C,,acyclic_6685,True,False
C[Si](C)(C)[Si](C)([Si](C)(C)C)[Si](C)(Br)[Si](C)([Si](C)(C)C)[Si](C)(C)C,,acyclic_6686,True,False
C[Si](C)(C)[Si](C)([Si](C)(C)C)[Si](C)(Cl)[Si](C)([Si](C)(C)C)[Si](C)(C)C,,acyclic_6687,True,False
C[Si](C)(C)[Si](C)([Si](C)(C)C)[Si](C)(F)[Si](C)([Si](C)(C)C)[Si](C)(C)C,,acyclic_6688,True,False
C[Si](C)(C)[Si](C)([Si](C)(C)C)[Si](C)(O)[Si](C)([Si](C)(C)C)[Si](C)(C)C,,acyclic_6689,True,False
O=CC#C[c-]1cccc1.[Fe+2].c1cc[cH-]c1,[c-]1cccc1.c1cc[cH-]c1,[c-]1cccc1.c1cc[cH-]c1,True,False
C#C[c-]1cccc1.[Fe+2].c1cc[cH-]c1,[c-]1cccc1.c1cc[cH-]c1,[c-]1cccc1.c1cc[cH-]c1,True,False
CN(C)c1ccc(C=Cc2ccc(C(O)(c3ccccc3)[c-]3cccc3)cc2)cc1.[Fe+2].c1cc[cH-]c1,C(=Cc1ccc(C(c2ccccc2)[c-]2cccc2)cc1)c1ccccc1.c1cc[cH-]c1,C(=Cc1ccc(C(c2ccccc2)[c-]2cccc2)cc1)c1ccccc1.c1cc[cH-]c1,True,False
CN(C)c1ccc(C=Cc2ccc(C(O)(c3ccc(C=Cc4ccc(N(C)C)cc4)cc3)[c-]3cccc3)cc2)cc1.[Fe+2].c1cc[cH-]c1,C(=Cc1ccc(C(c2ccc(C=Cc3ccccc3)cc2)[c-]2cccc2)cc1)c1ccccc1.c1cc[cH-]c1,C(=Cc1ccc(C(c2ccc(C=Cc3ccccc3)cc2)[c-]2cccc2)cc1)c1ccccc1.c1cc[cH-]c1,False,True
OC(c1ccccc1)(c1ccc(C=C[c-]2cccc2)cc1)c1cccc2ccccc12.[Fe+2].c1cc[cH-]c1,C(=C[c-]1cccc1)c1ccc(C(c2ccccc2)c2cccc3ccccc23)cc1.c1cc[cH-]c1,C(=C[c-]1cccc1)c1ccc(C(c2ccccc2)c2cccc3ccccc23)cc1.c1cc[cH-]c1,True,False
OC(c1ccccc1)(c1ccc(C=C[c-]2cccc2)cc1)c1ccc(C=C[c-]2cccc2)cc1.[Fe+2].[Fe+2].c1cc[cH-]c1.c1cc[cH-]c1,C(=C[c-]1cccc1)c1ccc(C(c2ccccc2)c2ccc(C=C[c-]3cccc3)cc2)cc1.c1cc[cH-]c1.c1cc[cH-]c1,C(=C[c-]1cccc1)c1ccc(C(c2ccccc2)c2ccc(C=C[c-]3cccc3)cc2)cc1.c1cc[cH-]c1.c1cc[cH-]c1,True,False
OC(c1ccc(C=C[c-]2cccc2)cc1)(c1ccc(C=C[c-]2cccc2)cc1)c1ccc(C=C[c-]2cccc2)cc1.[Fe+2].[Fe+2].[Fe+2].c1cc[cH-]c1.c1cc[cH-]c1.c1cc[cH-]c1,C(=C[c-]1cccc1)c1ccc(C(c2ccc(C=C[c-]3cccc3)cc2)c2ccc(C=C[c-]3cccc3)cc2)cc1.c1cc[cH-]c1.c1cc[cH-]c1.c1cc[cH-]c1,C(=C[c-]1cccc1)c1ccc(C(c2ccc(C=C[c-]3cccc3)cc2)c2ccc(C=C[c-]3cccc3)cc2)cc1.c1cc[cH-]c1.c1cc[cH-]c1.c1cc[cH-]c1,True,False
O=C1c2cc(Br)ccc2-c2ccc(C#Cc3ccc(-[c-]4cccc4)cc3)cc21.[Fe+2].c1cc[cH-]c1,O=C1c2ccccc2-c2ccc(C#Cc3ccc(-[c-]4cccc4)cc3)cc21.c1cc[cH-]c1,O=C1c2ccccc2-c2ccc(C#Cc3ccc(-[c-]4cccc4)cc3)cc21.c1cc[cH-]c1,True,False
O=C1c2cc(C#Cc3ccc(-[c-]4cccc4)cc3)ccc2-c2ccc(C#Cc3ccc(-[c-]4cccc4)cc3)cc21.[Fe+2].[Fe+2].c1cc[cH-]c1.c1cc[cH-]c1,O=C1c2cc(C#Cc3ccc(-[c-]4cccc4)cc3)ccc2-c2ccc(C#Cc3ccc(-[c-]4cccc4)cc3)cc21.c1cc[cH-]c1.c1cc[cH-]c1,O=C1c2cc(C#Cc3ccc(-[c-]4cccc4)cc3)ccc2-c2ccc(C#Cc3ccc(-[c-]4cccc4)cc3)cc21.c1cc[cH-]c1.c1cc[cH-]c1,True,False
C(C#Cc1ccc(-[c-]2cccc2)cc1)#Cc1ccc(-[c-]2cccc2)cc1.[Fe+2].[Fe+2].c1cc[cH-]c1.c1cc[cH-]c1,C(C#Cc1ccc(-[c-]2cccc2)cc1)#Cc1ccc(-[c-]2cccc2)cc1.c1cc[cH-]c1.c1cc[cH-]c1,C(C#Cc1ccc(-[c-]2cccc2)cc1)#Cc1ccc(-[c-]2cccc2)cc1.c1cc[cH-]c1.c1cc[cH-]c1,False,True
C[Si](C)(C)C#Cc1cccc2c1C(=O)c1cc(C#Cc3ccc(-[c-]4cccc4)cc3)ccc1-2.[Fe+2].c1cc[cH-]c1,O=C1c2ccccc2-c2ccc(C#Cc3ccc(-[c-]4cccc4)cc3)cc21.c1cc[cH-]c1,O=C1c2ccccc2-c2ccc(C#Cc3ccc(-[c-]4cccc4)cc3)cc21.c1cc[cH-]c1,True,False
C#Cc1ccc2c(c1)C(=O)c1cc(C#Cc3ccc(-[c-]4cccc4)cc3)ccc1-2.[Fe+2].c1cc[cH-]c1,O=C1c2ccccc2-c2ccc(C#Cc3ccc(-[c-]4cccc4)cc3)cc21.c1cc[cH-]c1,O=C1c2ccccc2-c2ccc(C#Cc3ccc(-[c-]4cccc4)cc3)cc21.c1cc[cH-]c1,True,False
[Ni+2].c1cc[cH-]c1.c1cc[cH-]c1,c1cc[cH-]c1.c1cc[cH-]c1,c1cc[cH-]c1.c1cc[cH-]c1,True,False
CCC1(CC)c2cc(B(c3c(C)cc(C)cc3C)c3c(C)cc(C)cc3C)ccc2-c2ccc(B(c3c(C)cc(C)cc3C)c3c(C)cc(C)cc3C)cc21,c1ccc(B(c2ccccc2)c2ccc3c(c2)Cc2cc(B(c4ccccc4)c4ccccc4)ccc2-3)cc1,c1ccc(B(c2ccccc2)c2ccc3c(c2)Cc2cc(B(c4ccccc4)c4ccccc4)ccc2-3)cc1,True,False
C1=C[CH]([Fe][CH]2C=Cc3ccccc32)c2ccccc21,C1=C[CH]([Fe][CH]2C=Cc3ccccc32)c2ccccc21,C1=C[CH]([Fe][CH]2C=Cc3ccccc32)c2ccccc21,False,True
CC1=Cc2ccccc2[CH]1[Fe][CH]1C(C)=Cc2ccccc21,C1=C[CH]([Fe][CH]2C=Cc3ccccc32)c2ccccc21,C1=C[CH]([Fe][CH]2C=Cc3ccccc32)c2ccccc21,False,True
CC1=[C]([Fe][C]2=C(C)c3ccccc3C2C)C(C)c2ccccc21,C1=[C]([Fe][C]2=Cc3ccccc3C2)Cc2ccccc21,C1=[C]([Fe][C]2=Cc3ccccc3C2)Cc2ccccc21,True,False
Cc1ccc(C)c2c1C=C[CH]2[Fe][CH]1C=Cc2c(C)ccc(C)c21,C1=C[CH]([Fe][CH]2C=Cc3ccccc32)c2ccccc21,C1=C[CH]([Fe][CH]2C=Cc3ccccc32)c2ccccc21,False,True
CC1=[C]([Fe][C]2=C(C)c3c(C)ccc(C)c3C2C)C(C)c2c(C)ccc(C)c21,C1=[C]([Fe][C]2=Cc3ccccc3C2)Cc2ccccc21,C1=[C]([Fe][C]2=Cc3ccccc3C2)Cc2ccccc21,True,False
c1cc[pH]c1,c1cc[pH]c1,c1cc[pH]c1,True,False
COC(=O)C(C(C)=O)C1CCC(=O)C1,O=C1CCCC1,O=C1CCCC1,True,False
[Fe+2].c1cc[c-](-c2ccc(N3CNN=N3)cc2)c1.c1cc[cH-]c1,c1cc[c-](-c2ccc(N3CNN=N3)cc2)c1.c1cc[cH-]c1,c1cc[c-](-c2ccc(N3CNN=N3)cc2)c1.c1cc[cH-]c1,True,False
[Fe+2].c1cc[c-](-c2ccc(-n3cnnc3)cc2)c1.c1cc[cH-]c1,c1cc[c-](-c2ccc(-n3cnnc3)cc2)c1.c1cc[cH-]c1,c1cc[c-](-c2ccc(-n3cnnc3)cc2)c1.c1cc[cH-]c1,True,False
[Fe+2].c1cc[c-](-n2cnnc2)c1.c1cc[cH-]c1,c1cc[c-](-n2cnnc2)c1.c1cc[cH-]c1,c1cc[c-](-n2cnnc2)c1.c1cc[cH-]c1,True,False
[Fe+2].c1cc[c-](N2CNN=N2)c1.c1cc[cH-]c1,c1cc[c-](N2CNN=N2)c1.c1cc[cH-]c1,c1cc[c-](N2CNN=N2)c1.c1cc[cH-]c1,True,False
O=C1C=C([c-]2cccc2)C(=O)C=C1[c-]1cccc1.[Fe+2].[Fe+2].c1cc[cH-]c1.c1cc[cH-]c1,O=C1C=C([c-]2cccc2)C(=O)C=C1[c-]1cccc1.c1cc[cH-]c1.c1cc[cH-]c1,O=C1C=C([c-]2cccc2)C(=O)C=C1[c-]1cccc1.c1cc[cH-]c1.c1cc[cH-]c1,True,False
O=C1C=C([c-]2cccc2)C(=O)C([c-]2cccc2)=C1.[Fe+2].[Fe+2].c1cc[cH-]c1.c1cc[cH-]c1,O=C1C=C([c-]2cccc2)C(=O)C([c-]2cccc2)=C1.c1cc[cH-]c1.c1cc[cH-]c1,O=C1C=C([c-]2cccc2)C(=O)C([c-]2cccc2)=C1.c1cc[cH-]c1.c1cc[cH-]c1,True,False
C[Si](C)(C=Cc1ccc(-c2cccc3[nH]c4ccccc4c23)cc1)c1ccccc1-c1c2ccccc2c(-c2ccccc2[Si](C)(C)C=Cc2ccc(-c3cccc4[nH]c5ccccc5c34)cc2)c2ccccc12,C(=Cc1ccc(-c2cccc3[nH]c4ccccc4c23)cc1)[SiH2]c1ccccc1-c1c2ccccc2c(-c2ccccc2[SiH2]C=Cc2ccc(-c3cccc4[nH]c5ccccc5c34)cc2)c2ccccc12,C(=Cc1ccc(-c2cccc3[nH]c4ccccc4c23)cc1)[SiH2]c1ccccc1-c1c2ccccc2c(-c2ccccc2[SiH2]C=Cc2ccc(-c3cccc4[nH]c5ccccc5c34)cc2)c2ccccc12,True,False
C[Si](C)(c1ccc(-c2cccc3[nH]c4ccccc4c23)cc1)c1ccccc1-c1c2ccccc2c(-c2ccccc2[Si](C)(C)c2ccc(-c3cccc4[nH]c5ccccc5c34)cc2)c2ccccc12,c1ccc(-c2c3ccccc3c(-c3ccccc3[SiH2]c3ccc(-c4cccc5[nH]c6ccccc6c45)cc3)c3ccccc23)c([SiH2]c2ccc(-c3cccc4[nH]c5ccccc5c34)cc2)c1,c1ccc(-c2c3ccccc3c(-c3ccccc3[SiH2]c3ccc(-c4cccc5[nH]c6ccccc6c45)cc3)c3ccccc23)c([SiH2]c2ccc(-c3cccc4[nH]c5ccccc5c34)cc2)c1,True,False
CC(C)(C)c1ccc2c(-c3ccccc3[Si](C)(C)c3ccc(-c4cccc5[nH]c6ccccc6c45)cc3)c3ccccc3c(-c3ccccc3[Si](C)(C)c3ccc(-c4cccc5[nH]c6ccccc6c45)cc3)c2c1,c1ccc(-c2c3ccccc3c(-c3ccccc3[SiH2]c3ccc(-c4cccc5[nH]c6ccccc6c45)cc3)c3ccccc23)c([SiH2]c2ccc(-c3cccc4[nH]c5ccccc5c34)cc2)c1,c1ccc(-c2c3ccccc3c(-c3ccccc3[SiH2]c3ccc(-c4cccc5[nH]c6ccccc6c45)cc3)c3ccccc23)c([SiH2]c2ccc(-c3cccc4[nH]c5ccccc5c34)cc2)c1,True,False
C[Si](C)(c1ccc(-c2c3ccccc3c(-c3ccc([Si](C)(C)c4ccc5ccc6cccc7ccc4c5c67)cc3)c3ccccc23)cc1)c1ccc2ccc3cccc4ccc1c2c34,c1cc2ccc3ccc([SiH2]c4ccc(-c5c6ccccc6c(-c6ccc([SiH2]c7ccc8ccc9cccc%10ccc7c8c9%10)cc6)c6ccccc56)cc4)c4ccc(c1)c2c34,c1cc2ccc3ccc([SiH2]c4ccc(-c5c6ccccc6c(-c6ccc([SiH2]c7ccc8ccc9cccc%10ccc7c8c9%10)cc6)c6ccccc56)cc4)c4ccc(c1)c2c34,True,False
CC(C)(C)c1ccc2c(-c3ccc([Si](C)(C)c4ccc5ccc6cccc7ccc4c5c67)cc3)c3ccccc3c(-c3ccc([Si](C)(C)c4ccc5ccc6cccc7ccc4c5c67)cc3)c2c1,c1cc2ccc3ccc([SiH2]c4ccc(-c5c6ccccc6c(-c6ccc([SiH2]c7ccc8ccc9cccc%10ccc7c8c9%10)cc6)c6ccccc56)cc4)c4ccc(c1)c2c34,c1cc2ccc3ccc([SiH2]c4ccc(-c5c6ccccc6c(-c6ccc([SiH2]c7ccc8ccc9cccc%10ccc7c8c9%10)cc6)c6ccccc56)cc4)c4ccc(c1)c2c34,True,False
COc1ccc(C(C#N)=C[c-]2cccc2)cc1.[Fe+2].c1cc[cH-]c1,C(=C[c-]1cccc1)c1ccccc1.c1cc[cH-]c1,C(=C[c-]1cccc1)c1ccccc1.c1cc[cH-]c1,True,False
N#CC(=C[c-]1cccc1)c1ccc(Cl)cc1.[Fe+2].c1cc[cH-]c1,C(=C[c-]1cccc1)c1ccccc1.c1cc[cH-]c1,C(=C[c-]1cccc1)c1ccccc1.c1cc[cH-]c1,True,False
N#CC(=C[c-]1cccc1)c1ccc(C(F)(F)F)cc1.[Fe+2].c1cc[cH-]c1,C(=C[c-]1cccc1)c1ccccc1.c1cc[cH-]c1,C(=C[c-]1cccc1)c1ccccc1.c1cc[cH-]c1,True,False
N#CC(=C[c-]1cccc1)c1ccc([N+](=O)[O-])cc1.[Fe+2].c1cc[cH-]c1,C(=C[c-]1cccc1)c1ccccc1.c1cc[cH-]c1,C(=C[c-]1cccc1)c1ccccc1.c1cc[cH-]c1,True,False
C(=Cc1ccc(-[c-]2cccc2)s1)c1ccc[cH-]1.[Ru+2].[Ru+2].c1cc[cH-]c1.c1cc[cH-]c1,C(=Cc1ccc(-[c-]2cccc2)s1)c1ccc[cH-]1.c1cc[cH-]c1.c1cc[cH-]c1,C(=Cc1ccc(-[c-]2cccc2)s1)c1ccc[cH-]1.c1cc[cH-]c1.c1cc[cH-]c1,True,False
C(=Cc1cc2sc(-[c-]3cccc3)cc2s1)c1ccc[cH-]1.[Ru+2].[Ru+2].c1cc[cH-]c1.c1cc[cH-]c1,C(=Cc1cc2sc(-[c-]3cccc3)cc2s1)c1ccc[cH-]1.c1cc[cH-]c1.c1cc[cH-]c1,C(=Cc1cc2sc(-[c-]3cccc3)cc2s1)c1ccc[cH-]1.c1cc[cH-]c1.c1cc[cH-]c1,False,True
C1=CNNC1,C1=CNNC1,C1=CNNC1,True,False
Cc1ccc(-c2c3nc(c(-c4ccc(C)cc4)c4ccc(s4)c(-c4ccc(C#C[c-]5cccc5)cc4)c4nc(c(-c5ccc(C)cc5)c5ccc2s5)C=C4)C=C3)cc1.[Fe+2].c1cc[cH-]c1,C(#C[c-]1cccc1)c1ccc(-c2c3nc(c(-c4ccccc4)c4ccc(s4)c(-c4ccccc4)c4nc(c(-c5ccccc5)c5ccc2s5)C=C4)C=C3)cc1.c1cc[cH-]c1,C(#C[c-]1cccc1)c1ccc(-c2c3nc(c(-c4ccccc4)c4ccc(s4)c(-c4ccccc4)c4nc(c(-c5ccccc5)c5ccc2s5)C=C4)C=C3)cc1.c1cc[cH-]c1,True,False
Cc1ccc(-c2c3nc(c(C#C[c-]4cccc4)c4ccc(s4)c(-c4ccc(C)cc4)c4nc(c(-c5ccc(C)cc5)c5ccc2[nH]5)C=C4)C=C3)cc1.[Fe+2].c1cc[cH-]c1,C(#C[c-]1cccc1)c1c2nc(c(-c3ccccc3)c3ccc([nH]3)c(-c3ccccc3)c3nc(c(-c4ccccc4)c4ccc1s4)C=C3)C=C2.c1cc[cH-]c1,C(#C[c-]1cccc1)c1c2nc(c(-c3ccccc3)c3ccc([nH]3)c(-c3ccccc3)c3nc(c(-c4ccccc4)c4ccc1s4)C=C3)C=C2.c1cc[cH-]c1,True,False
Cc1ccc(-c2c3nc(cc4cc(C#C[c-]5cccc5)c(s4)c(-c4ccc(C)cc4)c4nc(c(-c5ccc(C)cc5)c5ccc2s5)C=C4)C=C3)cc1.[Fe+2].c1cc[cH-]c1,C(#C[c-]1cccc1)c1cc2cc3nc(c(-c4ccccc4)c4ccc(s4)c(-c4ccccc4)c4nc(c(-c5ccccc5)c1s2)C=C4)C=C3.c1cc[cH-]c1,C(#C[c-]1cccc1)c1cc2cc3nc(c(-c4ccccc4)c4ccc(s4)c(-c4ccccc4)c4nc(c(-c5ccccc5)c1s2)C=C4)C=C3.c1cc[cH-]c1,True,False
Oc1ccccc1-c1nc(C=C[c-]2cccc2)c(C=C[c-]2cccc2)[nH]1.[Fe+2].[Fe+2].c1cc[cH-]c1.c1cc[cH-]c1,C(=C[c-]1cccc1)c1nc(-c2ccccc2)[nH]c1C=C[c-]1cccc1.c1cc[cH-]c1.c1cc[cH-]c1,C(=C[c-]1cccc1)c1nc(-c2ccccc2)[nH]c1C=C[c-]1cccc1.c1cc[cH-]c1.c1cc[cH-]c1,True,False
Oc1c(Cl)cc(Cl)cc1-c1nc(C=C[c-]2cccc2)c(C=C[c-]2cccc2)[nH]1.[Fe+2].[Fe+2].c1cc[cH-]c1.c1cc[cH-]c1,C(=C[c-]1cccc1)c1nc(-c2ccccc2)[nH]c1C=C[c-]1cccc1.c1cc[cH-]c1.c1cc[cH-]c1,C(=C[c-]1cccc1)c1nc(-c2ccccc2)[nH]c1C=C[c-]1cccc1.c1cc[cH-]c1.c1cc[cH-]c1,True,False
C#Cc1ccc(C#C[c-]2cccc2)c(-c2cccc3nc4ccccc4cc23)c1.[Fe+2].c1cc[cH-]c1,C(#C[c-]1cccc1)c1ccccc1-c1cccc2nc3ccccc3cc12.c1cc[cH-]c1,C(#C[c-]1cccc1)c1ccccc1-c1cccc2nc3ccccc3cc12.c1cc[cH-]c1,True,False
[Fe+2].c1c[nH]c(P(c2ccc[nH]2)[c-]2cccc2)c1.c1c[nH]c(P(c2ccc[nH]2)[c-]2cccc2)c1,c1c[nH]c(P(c2ccc[nH]2)[c-]2cccc2)c1.c1c[nH]c(P(c2ccc[nH]2)[c-]2cccc2)c1,c1c[nH]c(P(c2ccc[nH]2)[c-]2cccc2)c1.c1c[nH]c(P(c2ccc[nH]2)[c-]2cccc2)c1,True,False
O=C(C=Cc1cc2ccccc2nc1Cl)[c-]1cccc1.[Fe+2].c1cc[cH-]c1,O=C(C=Cc1cnc2ccccc2c1)[c-]1cccc1.c1cc[cH-]c1,O=C(C=Cc1cnc2ccccc2c1)[c-]1cccc1.c1cc[cH-]c1,True,False
Cc1ccc2nc(Cl)c(C=CC(=O)[c-]3cccc3)cc2c1.[Fe+2].c1cc[cH-]c1,O=C(C=Cc1cnc2ccccc2c1)[c-]1cccc1.c1cc[cH-]c1,O=C(C=Cc1cnc2ccccc2c1)[c-]1cccc1.c1cc[cH-]c1,True,False
Cc1ccc2cc(C=CC(=O)[c-]3cccc3)c(Cl)nc2c1.[Fe+2].c1cc[cH-]c1,O=C(C=Cc1cnc2ccccc2c1)[c-]1cccc1.c1cc[cH-]c1,O=C(C=Cc1cnc2ccccc2c1)[c-]1cccc1.c1cc[cH-]c1,True,False
Cc1cccc2cc(C=CC(=O)[c-]3cccc3)c(Cl)nc12.[Fe+2].c1cc[cH-]c1,O=C(C=Cc1cnc2ccccc2c1)[c-]1cccc1.c1cc[cH-]c1,O=C(C=Cc1cnc2ccccc2c1)[c-]1cccc1.c1cc[cH-]c1,True,False
COc1ccc2nc(Cl)c(C=CC(=O)[c-]3cccc3)cc2c1.[Fe+2].c1cc[cH-]c1,O=C(C=Cc1cnc2ccccc2c1)[c-]1cccc1.c1cc[cH-]c1,O=C(C=Cc1cnc2ccccc2c1)[c-]1cccc1.c1cc[cH-]c1,True,False
COc1ccc2cc(C=CC(=O)[c-]3cccc3)c(Cl)nc2c1.[Fe+2].c1cc[cH-]c1,O=C(C=Cc1cnc2ccccc2c1)[c-]1cccc1.c1cc[cH-]c1,O=C(C=Cc1cnc2ccccc2c1)[c-]1cccc1.c1cc[cH-]c1,True,False
C=C(C(=O)c1cc2cc(Br)cc(Br)c2nc1C)[c-]1cccc1.[Fe+2].c1cc[cH-]c1,C=C(C(=O)c1cnc2ccccc2c1)[c-]1cccc1.c1cc[cH-]c1,C=C(C(=O)c1cnc2ccccc2c1)[c-]1cccc1.c1cc[cH-]c1,True,False
C=C(C(=O)c1c(C)nc2ccccc2c1C)[c-]1cccc1.[Fe+2].c1cc[cH-]c1,C=C(C(=O)c1cnc2ccccc2c1)[c-]1cccc1.c1cc[cH-]c1,C=C(C(=O)c1cnc2ccccc2c1)[c-]1cccc1.c1cc[cH-]c1,True,False
C=C(C(=O)c1c(C)nc2ccccc2c1-c1ccccc1)[c-]1cccc1.[Fe+2].c1cc[cH-]c1,C=C(C(=O)c1cnc2ccccc2c1-c1ccccc1)[c-]1cccc1.c1cc[cH-]c1,C=C(C(=O)c1cnc2ccccc2c1-c1ccccc1)[c-]1cccc1.c1cc[cH-]c1,True,False
C=C(C(=O)c1c(C)nc2ccc(Cl)cc2c1-c1ccccc1)[c-]1cccc1.[Fe+2].c1cc[cH-]c1,C=C(C(=O)c1cnc2ccccc2c1-c1ccccc1)[c-]1cccc1.c1cc[cH-]c1,C=C(C(=O)c1cnc2ccccc2c1-c1ccccc1)[c-]1cccc1.c1cc[cH-]c1,True,False
C=C(C(=O)c1c(C)nc2ccc([N+](=O)[O-])cc2c1-c1ccccc1)[c-]1cccc1.[Fe+2].c1cc[cH-]c1,C=C(C(=O)c1cnc2ccccc2c1-c1ccccc1)[c-]1cccc1.c1cc[cH-]c1,C=C(C(=O)c1cnc2ccccc2c1-c1ccccc1)[c-]1cccc1.c1cc[cH-]c1,True,False
C=C(C(=O)c1c(C)nc2ccc(Cl)cc2c1-c1ccccc1Cl)[c-]1cccc1.[Fe+2].c1cc[cH-]c1,C=C(C(=O)c1cnc2ccccc2c1-c1ccccc1)[c-]1cccc1.c1cc[cH-]c1,C=C(C(=O)c1cnc2ccccc2c1-c1ccccc1)[c-]1cccc1.c1cc[cH-]c1,True,False
C1C[SiH2]1,C1C[SiH2]1,C1C[SiH2]1,True,False
O=C1c2cc(C#C[c-]3cccc3)ccc2-c2ccc(C#C[c-]3cccc3)cc21.[Fe+2].[Fe+2].c1cc[cH-]c1.c1cc[cH-]c1,O=C1c2cc(C#C[c-]3cccc3)ccc2-c2ccc(C#C[c-]3cccc3)cc21.c1cc[cH-]c1.c1cc[cH-]c1,O=C1c2cc(C#C[c-]3cccc3)ccc2-c2ccc(C#C[c-]3cccc3)cc21.c1cc[cH-]c1.c1cc[cH-]c1,True,False
C(#C[c-]1cccc1)c1ccc2c(c1)Cc1cc(C#C[c-]3cccc3)ccc1-2.[Fe+2].[Fe+2].c1cc[cH-]c1.c1cc[cH-]c1,C(#C[c-]1cccc1)c1ccc2c(c1)Cc1cc(C#C[c-]3cccc3)ccc1-2.c1cc[cH-]c1.c1cc[cH-]c1,C(#C[c-]1cccc1)c1ccc2c(c1)Cc1cc(C#C[c-]3cccc3)ccc1-2.c1cc[cH-]c1.c1cc[cH-]c1,True,False
C(#C[c-]1cccc1)c1ccc2c(c1)C(=C[c-]1cccc1)c1cc(C#C[c-]3cccc3)ccc1-2.[Fe+2].[Fe+2].[Fe+2].c1cc[cH-]c1.c1cc[cH-]c1.c1cc[cH-]c1,C(#C[c-]1cccc1)c1ccc2c(c1)C(=C[c-]1cccc1)c1cc(C#C[c-]3cccc3)ccc1-2.c1cc[cH-]c1.c1cc[cH-]c1.c1cc[cH-]c1,C(#C[c-]1cccc1)c1ccc2c(c1)C(=C[c-]1cccc1)c1cc(C#C[c-]3cccc3)ccc1-2.c1cc[cH-]c1.c1cc[cH-]c1.c1cc[cH-]c1,True,False
O=C1NC(=S)NC(=O)C1=C[c-]1cccc1.[Fe+2].c1cc[cH-]c1,O=C1NC(=S)NC(=O)C1=C[c-]1cccc1.c1cc[cH-]c1,O=C1NC(=S)NC(=O)C1=C[c-]1cccc1.c1cc[cH-]c1,False,True
C(=C[c-]1cccc1)c1nc2ccccc2s1.[Fe+2].c1cc[cH-]c1,C(=C[c-]1cccc1)c1nc2ccccc2s1.c1cc[cH-]c1,C(=C[c-]1cccc1)c1nc2ccccc2s1.c1cc[cH-]c1,False,True
Cc1c(C)c(C)[c-](C)c1C.Cc1c(C)c(C)[c-](C=C2C(=O)c3ccccc3C2=O)c1C.[Fe+2],O=C1C(=C[c-]2cccc2)C(=O)c2ccccc21.[c-]1cccc1,O=C1C(=C[c-]2cccc2)C(=O)c2ccccc21.[c-]1cccc1,False,True
O=C1C(=C=CC[c-]2cccc2)C(=O)c2ccccc21.[Fe+2].c1cc[cH-]c1,O=C1C(=C=CC[c-]2cccc2)C(=O)c2ccccc21.c1cc[cH-]c1,O=C1C(=C=CC[c-]2cccc2)C(=O)c2ccccc21.c1cc[cH-]c1,True,False
O=C1NC(=S)NC(=O)C1=CC=C[c-]1cccc1.[Fe+2].c1cc[cH-]c1,O=C1NC(=S)NC(=O)C1=CC=C[c-]1cccc1.c1cc[cH-]c1,O=C1NC(=S)NC(=O)C1=CC=C[c-]1cccc1.c1cc[cH-]c1,True,False
N#CC(C#N)=Cc1ccc(-[c-]2cccc2)s1.[Fe+2].c1cc[cH-]c1,c1cc[cH-]c1.c1csc(-[c-]2cccc2)c1,c1cc[cH-]c1.c1csc(-[c-]2cccc2)c1,True,False
O=C1C(=Cc2ccc(-[c-]3cccc3)s2)C(=O)c2ccccc21.[Fe+2].c1cc[cH-]c1,O=C1C(=Cc2ccc(-[c-]3cccc3)s2)C(=O)c2ccccc21.c1cc[cH-]c1,O=C1C(=Cc2ccc(-[c-]3cccc3)s2)C(=O)c2ccccc21.c1cc[cH-]c1,True,False
N#CC(C#N)=Cc1ccc(-c2ccc(-[c-]3cccc3)s2)s1.[Fe+2].c1cc[cH-]c1,c1cc[cH-]c1.c1csc(-c2ccc(-[c-]3cccc3)s2)c1,c1cc[cH-]c1.c1csc(-c2ccc(-[c-]3cccc3)s2)c1,True,False
COC(=O)c1c(C(=O)OC)c(C(=O)OC)c(C(=O)OC)c(C(=O)OC)c1C(=O)OC,c1ccccc1,c1ccccc1,False,True
O=[N+]([O-])c1c(Cl)cc(Cl)cc1Cl,c1ccccc1,c1ccccc1,False,True
O=[N+]([O-])c1c(Cl)cccc1Cl,c1ccccc1,c1ccccc1,False,True
CC[n+]1c(C=C[c-]2cccc2)cccc1C=C[c-]1cccc1.[Fe+2].[Fe+2].[I-].c1cc[cH-]c1.c1cc[cH-]c1,C(=C[c-]1cccc1)c1cccc(C=C[c-]2cccc2)[nH+]1.c1cc[cH-]c1.c1cc[cH-]c1,C(=C[c-]1cccc1)c1cccc(C=C[c-]2cccc2)[nH+]1.c1cc[cH-]c1.c1cc[cH-]c1,True,False
CC[n+]1c(C=C[c-]2cccc2)cc(C=C[c-]2cccc2)cc1C=C[c-]1cccc1.[Fe+2].[Fe+2].[Fe+2].[I-].c1cc[cH-]c1.c1cc[cH-]c1.c1cc[cH-]c1,C(=C[c-]1cccc1)c1cc(C=C[c-]2cccc2)[nH+]c(C=C[c-]2cccc2)c1.c1cc[cH-]c1.c1cc[cH-]c1.c1cc[cH-]c1,C(=C[c-]1cccc1)c1cc(C=C[c-]2cccc2)[nH+]c(C=C[c-]2cccc2)c1.c1cc[cH-]c1.c1cc[cH-]c1.c1cc[cH-]c1,True,False
C[n+]1c(C=CC=C[c-]2cccc2)cccc1C=CC=C[c-]1cccc1.[Fe+2].[Fe+2].[I-].c1cc[cH-]c1.c1cc[cH-]c1,C(C=C[c-]1cccc1)=Cc1cccc(C=CC=C[c-]2cccc2)[nH+]1.c1cc[cH-]c1.c1cc[cH-]c1,C(C=C[c-]1cccc1)=Cc1cccc(C=CC=C[c-]2cccc2)[nH+]1.c1cc[cH-]c1.c1cc[cH-]c1,True,False
C[n+]1c(C=CC=C(Cl)[c-]2cccc2)cccc1C=CC=C(Cl)[c-]1cccc1.[Fe+2].[Fe+2].[I-].c1cc[cH-]c1.c1cc[cH-]c1,C(C=C[c-]1cccc1)=Cc1cccc(C=CC=C[c-]2cccc2)[nH+]1.c1cc[cH-]c1.c1cc[cH-]c1,C(C=C[c-]1cccc1)=Cc1cccc(C=CC=C[c-]2cccc2)[nH+]1.c1cc[cH-]c1.c1cc[cH-]c1,True,False
c1cnnnn1,c1cnnnn1,c1cnnnn1,True,False
C1=CSCC1,C1=CSCC1,C1=CSCC1,True,False
O=NC(F)(F)N=O,,acyclic_6769,True,False
CCCCCCCCCCCCCCOS(=O)(=O)[O-].[Na+],,acyclic_6770,True,False
CC(C)(C)c1ccc(-c2nnc(-c3cccc(-c4ccc(N(c5ccccc5)c5ccc(-c6cccc(-c7nnc(-c8ccc(C(C)(C)C)cc8)o7)c6)cc5)cc4)c3)o2)cc1,c1ccc(-c2nnc(-c3cccc(-c4ccc(N(c5ccccc5)c5ccc(-c6cccc(-c7nnc(-c8ccccc8)o7)c6)cc5)cc4)c3)o2)cc1,c1ccc(-c2nnc(-c3cccc(-c4ccc(N(c5ccccc5)c5ccc(-c6cccc(-c7nnc(-c8ccccc8)o7)c6)cc5)cc4)c3)o2)cc1,False,True
O=[N+]([O-])c1ccc(NCCOP(=O)(O)OP(=O)([O-])O)c([N+](=O)[O-])c1.[Be+2].[F-].[F-].[F-],c1ccccc1,c1ccccc1,False,True
NNCCO,,acyclic_6773,True,False
Cc1cc([N+](C)(C)C)ccc1OC(=O)N(C)C.[I-],c1ccccc1,c1ccccc1,False,True
Cc1cc(N(C)C)ccc1OC(=O)N(C)C.[Cl-].[H+],c1ccccc1,c1ccccc1,False,True
Cc1ccc2c(c1)sc(-c1ccc(N(C)C)cc1)[n+]2C.[Cl-],c1ccc(-c2[nH+]c3ccccc3s2)cc1,c1ccc(-c2[nH+]c3ccccc3s2)cc1,False,True
CCNc1cc2[o+]c3c4c5c(cc3nc2c2ccccc12)CCCN5CCC4,c1ccc2c(c1)ccc1[o+]c3c4c5c(cc3nc12)CCCN5CCC4,c1ccc2c(c1)ccc1[o+]c3c4c5c(cc3nc12)CCCN5CCC4,True,False
CCCCCO,,acyclic_6778,True,False
N#Cc1c2cc3c4c(c2[o+]c2c5c6c(cc12)CCCN6CCC5)CCCN4CCC3.[O-][Cl+3]([O-])([O-])[O-],c1c2c3c(c4[o+]c5c6c7c(cc5cc14)CCCN7CCC6)CCCN3CCC2,c1c2c3c(c4[o+]c5c6c7c(cc5cc14)CCCN7CCC6)CCCN3CCC2,False,True
C=C(F)F,,acyclic_6780,True,False
CN(C)c1ccc2cc3ccc(N(C)C)cc3[o+]c2c1.[Cl-],c1ccc2[o+]c3ccccc3cc2c1,c1ccc2[o+]c3ccccc3cc2c1,True,False
CC(C)(COP(=O)(O)OP(=O)(O)OC[C@H]1O[C@@H](n2cnc3c(N)ncnc32)[C@H](O)[C@@H]1OP(=O)(O)O)[C@@H](O)C(=O)NCCC(=O)NCC[S+]=O,c1ncc2ncn([C@H]3CCCO3)c2n1,c1ncc2ncn([C@H]3CCCO3)c2n1,False,True
O[C@H]1[C@H](O)[C@@H](O)CN2CC[C@H](O)[C@H]12,C1CCN2CCC[C@@H]2C1,C1CCN2CCC[C@@H]2C1,True,False
CO[C@H]1O[C@H](C)[C@@H](NC(=O)[C@H](O)CCO)[C@H](O)[C@@H]1OC,C1CCOCC1,C1CCOCC1,True,False
[Fe][I]I,,acyclic_6785,True,False
I[I][Hg],,acyclic_6786,True,False
PB[I]I,,acyclic_6787,True,False
COc1ccc(C2CC(c3ccccc3)=NN2c2cccc(S(=O)(=O)c3cccc(N4N=C(c5ccccc5)CC4c4ccc(OC)cc4)c3)c2)cc1,O=S(=O)(c1cccc(N2N=C(c3ccccc3)CC2c2ccccc2)c1)c1cccc(N2N=C(c3ccccc3)CC2c2ccccc2)c1,O=S(=O)(c1cccc(N2N=C(c3ccccc3)CC2c2ccccc2)c1)c1cccc(N2N=C(c3ccccc3)CC2c2ccccc2)c1,True,False
COc1ccc(C2=NN(c3cccc(S(=O)(=O)c4cccc(N5N=C(c6ccc(OC)cc6)CC5c5ccc(OC)cc5)c4)c3)C(c3ccc(OC)cc3)C2)cc1,O=S(=O)(c1cccc(N2N=C(c3ccccc3)CC2c2ccccc2)c1)c1cccc(N2N=C(c3ccccc3)CC2c2ccccc2)c1,O=S(=O)(c1cccc(N2N=C(c3ccccc3)CC2c2ccccc2)c1)c1cccc(N2N=C(c3ccccc3)CC2c2ccccc2)c1,True,False
COc1ccc(C2CC(c3ccc(Cl)cc3)=NN2c2cccc(S(=O)(=O)c3cccc(N4N=C(c5ccc(Cl)cc5)CC4c4ccc(OC)cc4)c3)c2)cc1,O=S(=O)(c1cccc(N2N=C(c3ccccc3)CC2c2ccccc2)c1)c1cccc(N2N=C(c3ccccc3)CC2c2ccccc2)c1,O=S(=O)(c1cccc(N2N=C(c3ccccc3)CC2c2ccccc2)c1)c1cccc(N2N=C(c3ccccc3)CC2c2ccccc2)c1,True,False
Nc1ccc2cc3ccc([NH3+])cc3nc2c1.[Cl-],c1ccc2nc3ccccc3cc2c1,c1ccc2nc3ccccc3cc2c1,False,True
Nc1ccc2c(-c3ccccc3C(=O)O)c3ccc(N)cc3[o+]c2c1.[Cl-],c1ccc(-c2c3ccccc3[o+]c3ccccc23)cc1,c1ccc(-c2c3ccccc3[o+]c3ccccc23)cc1,True,False
COC(=O)c1ccccc1-c1c2ccc(N)cc2[o+]c2cc(N)ccc12.[Cl-],c1ccc(-c2c3ccccc3[o+]c3ccccc23)cc1,c1ccc(-c2c3ccccc3[o+]c3ccccc23)cc1,True,False
Cc1cccc2ccc[nH+]c12,c1ccc2[nH+]cccc2c1,c1ccc2[nH+]cccc2c1,True,False
Cc1ccc2[nH+]cccc2c1,c1ccc2[nH+]cccc2c1,c1ccc2[nH+]cccc2c1,True,False
Cc1cc[nH+]c2ccccc12,c1ccc2[nH+]cccc2c1,c1ccc2[nH+]cccc2c1,True,False
Cc1ccc2ccc[nH+]c2c1,c1ccc2[nH+]cccc2c1,c1ccc2[nH+]cccc2c1,True,False
C=CCc1ccc(O)c(OC)c1.[O]=[Zn],c1ccccc1,c1ccccc1,False,True
COC(=O)OC(=O)OC,,acyclic_6799,False,True
CCCCCCCCCCCCCCCCCC(=O)OC[C@H](COP(=O)([O-])OCC[N+](C)(C)C)OC(=O)CCCCCCCCCCCCCCCCC,,acyclic_6800,False,True
CCCCCCCCC=CCCCCCCCC(=O)OCC(COP(=O)([O-])OCC[N+](C)(C)C)OC(=O)CCCCCCCC=CCCCCCCCC,,acyclic_6801,True,False
c1ccc(-c2c3ccccc3c(-c3ccc(-c4ccc(-c5c6ccccc6c(-c6ccccc6)c6ccccc56)c5ccccc45)c4ccccc34)c3ccccc23)cc1,c1ccc(-c2c3ccccc3c(-c3ccc(-c4ccc(-c5c6ccccc6c(-c6ccccc6)c6ccccc56)c5ccccc45)c4ccccc34)c3ccccc23)cc1,c1ccc(-c2c3ccccc3c(-c3ccc(-c4ccc(-c5c6ccccc6c(-c6ccccc6)c6ccccc56)c5ccccc45)c4ccccc34)c3ccccc23)cc1,True,False
O=C([O-])P(=O)([O-])[O-].[Na+].[Na+].[Na+],,acyclic_6803,True,False
NC(=O)c1ccc[n+]([C@@H]2O[C@H](COP(=O)(O)OP(=O)(O)OC[C@H]3O[C@@H](n4cnc5c(N)ncnc54)[C@H](O)[C@@H]3O)[C@@H](O)[C@H]2O)c1,O=[PH](OC[C@@H]1CC[C@H](n2cnc3cncnc32)O1)O[PH](=O)OC[C@@H]1CC[C@H]([n+]2ccccc2)O1,O=[PH](OC[C@@H]1CC[C@H](n2cnc3cncnc32)O1)O[PH](=O)OC[C@@H]1CC[C@H]([n+]2ccccc2)O1,True,False
C1=CC(C=Cc2ccc(Oc3ccc4ccccc4c3-c3c(Oc4ccc(C=CC5C=CCc6ccccc65)cc4)ccc4ccccc34)cc2)c2ccccc2C1,C1=CC(C=Cc2ccc(Oc3ccc4ccccc4c3-c3c(Oc4ccc(C=CC5C=CCc6ccccc65)cc4)ccc4ccccc34)cc2)c2ccccc2C1,C1=CC(C=Cc2ccc(Oc3ccc4ccccc4c3-c3c(Oc4ccc(C=CC5C=CCc6ccccc65)cc4)ccc4ccccc34)cc2)c2ccccc2C1,True,False
B[N]O[B][P][V],,acyclic_6806,False,True
CC1(C)c2cc(-c3ccc([Si](c4ccccc4)(c4ccccc4)c4ccccc4)cc3)ccc2-c2ccc([Si](c3ccccc3)(c3ccccc3)c3ccccc3)cc21,c1ccc([Si](c2ccccc2)(c2ccccc2)c2ccc(-c3ccc4c(c3)Cc3cc([Si](c5ccccc5)(c5ccccc5)c5ccccc5)ccc3-4)cc2)cc1,c1ccc([Si](c2ccccc2)(c2ccccc2)c2ccc(-c3ccc4c(c3)Cc3cc([Si](c5ccccc5)(c5ccccc5)c5ccccc5)ccc3-4)cc2)cc1,True,False
Cc1ccc(C#Cc2ccc(C(=O)c3cc(C#Cc4ccc(C)cc4)c4ccc5c(C#Cc6ccc(C)cc6)cc(C#Cc6ccc(C)cc6)c6ccc3c4c56)cc2)cc1,O=C(c1ccc(C#Cc2ccccc2)cc1)c1cc(C#Cc2ccccc2)c2ccc3c(C#Cc4ccccc4)cc(C#Cc4ccccc4)c4ccc1c2c34,O=C(c1ccc(C#Cc2ccccc2)cc1)c1cc(C#Cc2ccccc2)c2ccc3c(C#Cc4ccccc4)cc(C#Cc4ccccc4)c4ccc1c2c34,True,False
[Cd][Se][I]I,,acyclic_6809,True,False
POPOP,,acyclic_6810,True,False
CC(C)(C(=O)O)[C@H](N)C(=O)O,,acyclic_6811,True,False
CN1CCc2cc3c(cc2C(=O)Cc2ccc4c(c2C1)OCO4)OCO3.[Cl-].[H+],O=C1Cc2ccc3c(c2CNCCc2cc4c(cc21)OCO4)OCO3,O=C1Cc2ccc3c(c2CNCCc2cc4c(cc21)OCO4)OCO3,True,False
[Cl-].[H+].c1cc2c(c(OCCN3CCCCC3)c1)OCCO2,c1cc2c(c(OCCN3CCCCC3)c1)OCCO2,c1cc2c(c(OCCN3CCCCC3)c1)OCCO2,True,False
CCCOC(C(=O)OC1CC[NH+](C)CC1)(c1ccccc1)c1ccccc1.[Cl-],O=C(OC1CC[NH2+]CC1)C(c1ccccc1)c1ccccc1,O=C(OC1CC[NH2+]CC1)C(c1ccccc1)c1ccccc1,True,False
N=C(N)NCCC[C@H](N)C(=O)O,,acyclic_6815,True,False
CCCC(=O)OCC,,acyclic_6816,True,False
CCOC(=O)CCC(=O)OCC,,acyclic_6817,True,False
CC(=O)OCCC(C)C,,acyclic_6818,True,False
CCOC(=O)CC,,acyclic_6819,False,True
CCCCCCCCCC(=O)OCC,,acyclic_6820,True,False
O=N[O-],,acyclic_6821,True,False
CN1C=CC=C(c2c3nc(c(C4=CC=CN(C)C4F)c4ccc([nH]4)c(C4=CC=CN(C)C4F)c4nc(c(C5=CC=CN(C)C5F)c5ccc2[nH]5)C=C4)C=C3)C1F,C1=CNCC(c2c3nc(c(C4=CC=CNC4)c4ccc([nH]4)c(C4=CC=CNC4)c4nc(c(C5=CC=CNC5)c5ccc2[nH]5)C=C4)C=C3)=C1,C1=CNCC(c2c3nc(c(C4=CC=CNC4)c4ccc([nH]4)c(C4=CC=CNC4)c4nc(c(C5=CC=CNC5)c5ccc2[nH]5)C=C4)C=C3)=C1,True,False
C=C[C@H]1CN2CCC1C[C@H]2[C@H](O)c1ccnc2ccc(OC)cc12.C=C[C@H]1CN2CCC1C[C@H]2[C@H](O)c1ccnc2ccc(OC)cc12.O.O.O=S(=O)(O)O,c1ccc2c(C[C@@H]3CC4CCN3CC4)ccnc2c1.c1ccc2c(C[C@@H]3CC4CCN3CC4)ccnc2c1,c1ccc2c(C[C@@H]3CC4CCN3CC4)ccnc2c1.c1ccc2c(C[C@@H]3CC4CCN3CC4)ccnc2c1,True,False
CN1CCN(c2ccc3c(c2)CN=C(c2ccc4c(c2)CNC(=C2C=CC(=O)C=C2)N4)N3)CC1.O.[Cl-].[Cl-].[Cl-].[H+].[H+].[H+],O=C1C=CC(=C2NCc3cc(C4=NCc5cc(N6CCNCC6)ccc5N4)ccc3N2)C=C1,O=C1C=CC(=C2NCc3cc(C4=NCc5cc(N6CCNCC6)ccc5N4)ccc3N2)C=C1,True,False
C#CC1=C(C=O)COc2ccccc21,C1=Cc2ccccc2OC1,C1=Cc2ccccc2OC1,False,True
C#Cc1ccc2ccccc2n1,c1ccc2ncccc2c1,c1ccc2ncccc2c1,False,True
CC(C)NC(=O)c1ccc(N(C)C)cc1,c1ccccc1,c1ccccc1,False,True
CCC(C)CN1C(=O)c2ccc3c4ccc5c6c(cc(-c7ccc(C)cc7)c(c7ccc(c2c37)C1=O)c64)C(=O)N(CC(C)CC)C5=O,O=C1NC(=O)c2ccc3c4c(-c5ccccc5)cc5c6c(ccc(c7ccc1c2c73)c64)C(=O)NC5=O,O=C1NC(=O)c2ccc3c4c(-c5ccccc5)cc5c6c(ccc(c7ccc1c2c73)c64)C(=O)NC5=O,False,True
CCC1=C(C)C(=O)NC1=Cc1[nH]c(C(C)(C)c2[nH]c(C=C3C=C(C)C(=O)N3)c(C)c2C(=O)O)c(C(=O)O)c1C,O=C1C=CC(=Cc2ccc(Cc3ccc(C=C4C=CC(=O)N4)[nH]3)[nH]2)N1,O=C1C=CC(=Cc2ccc(Cc3ccc(C=C4C=CC(=O)N4)[nH]3)[nH]2)N1,False,True
CCC1=C(C)C(=O)NC1=Cc1[nH]c(C(C)(C)c2[nH]c(C=C3NC(=O)C(C)=C3CC)c(C)c2C(=O)OC)c(CC(=O)OC)c1C,O=C1C=CC(=Cc2ccc(Cc3ccc(C=C4C=CC(=O)N4)[nH]3)[nH]2)N1,O=C1C=CC(=Cc2ccc(Cc3ccc(C=C4C=CC(=O)N4)[nH]3)[nH]2)N1,False,True
CCN(CC)c1ccc(C=c2c(=O)c2=Cc2ccc(N(CC)CC)cc2)cc1,O=c1c(=Cc2ccccc2)c1=Cc1ccccc1,O=c1c(=Cc2ccccc2)c1=Cc1ccccc1,True,False
CN(C)c1ccc(-c2c(O)c(=O)c2=O)cc1,O=c1cc(-c2ccccc2)c1=O,O=c1cc(-c2ccccc2)c1=O,True,False
CN(C)c1ccc(C(=O)Nc2ccc3c(c2)OCCOCCOCCOCCO3)cc1,O=C(Nc1ccc2c(c1)OCCOCCOCCOCCO2)c1ccccc1,O=C(Nc1ccc2c(c1)OCCOCCOCCOCCO2)c1ccccc1,False,True
CN(C)c1ccc(C=Cc2ccc(C=Cc3ccccc3)cc2)cc1,C(=Cc1ccc(C=Cc2ccccc2)cc1)c1ccccc1,C(=Cc1ccc(C=Cc2ccccc2)cc1)c1ccccc1,True,False
CN(C)c1ccc2c3ccc4c5c(ccc(c6cccc1c62)c53)C(=O)OC4=O,O=C1OC(=O)c2ccc3c4cccc5cccc(c6ccc1c2c63)c54,O=C1OC(=O)c2ccc3c4cccc5cccc(c6ccc1c2c63)c54,True,False
CN(C)c1ccccc1C=O,c1ccccc1,c1ccccc1,False,True
CN(c1ccccc1)c1ccc2c3c(cccc13)-c1nc(C(=O)O)c(C(=O)O)nc1-2,c1ccc(Nc2ccc3c4c(cccc24)-c2nccnc2-3)cc1,c1ccc(Nc2ccc3c4c(cccc24)-c2nccnc2-3)cc1,False,True
CN(c1ccccc1)c1ccc2c3c(cccc13)-c1nc3cc(C(=O)O)c(C(=O)O)cc3nc1-2,c1ccc(Nc2ccc3c4c(cccc24)-c2nc4ccccc4nc2-3)cc1,c1ccc(Nc2ccc3c4c(cccc24)-c2nc4ccccc4nc2-3)cc1,True,False
CN1c2ccccc2Sc2cc(C=C(C#N)C(=O)O)ccc21,c1ccc2c(c1)Nc1ccccc1S2,c1ccc2c(c1)Nc1ccccc1S2,True,False
COC(=O)c1cc2ccccc2cc1-c1cc2ccccc2cc1C(=O)N(C)C(C)C,c1ccc2cc(-c3ccc4ccccc4c3)ccc2c1,c1ccc2cc(-c3ccc4ccccc4c3)ccc2c1,True,False
COC(=O)c1cc2ccccc2cc1-c1cc2ccccc2cc1C(=O)NC(C)C,c1ccc2cc(-c3ccc4ccccc4c3)ccc2c1,c1ccc2cc(-c3ccc4ccccc4c3)ccc2c1,True,False
COc1c(OC)c2sc1c(-c1ccccc1)c1nc(c(-c3ccccc3)c3ccc([nH]3)c(-c3ccccc3)c3nc(c2-c2ccccc2)C=C3)C=C1,C1=Cc2nc1c(-c1ccccc1)c1ccc([nH]1)c(-c1ccccc1)c1nc(c(-c3ccccc3)c3ccc(s3)c2-c2ccccc2)C=C1,C1=Cc2nc1c(-c1ccccc1)c1ccc([nH]1)c(-c1ccccc1)c1nc(c(-c3ccccc3)c3ccc(s3)c2-c2ccccc2)C=C1,True,False
COc1c(OC)c2sc1c(-c1ccccc1)c1nc(c(-c3ccccc3)c3sc(c(OC)c3OC)c(-c3ccccc3)c3nc(c2-c2ccccc2)C=C3)C=C1,C1=Cc2nc1c(-c1ccccc1)c1ccc(s1)c(-c1ccccc1)c1nc(c(-c3ccccc3)c3ccc(s3)c2-c2ccccc2)C=C1,C1=Cc2nc1c(-c1ccccc1)c1ccc(s1)c(-c1ccccc1)c1nc(c(-c3ccccc3)c3ccc(s3)c2-c2ccccc2)C=C1,False,True
COc1cc(C=Cc2ccc(N(c3ccc(C=Cc4cc(OC)c(OC)c(OC)c4)cc3)c3ccc(C=Cc4cc(OC)c(OC)c(OC)c4)cc3)cc2)cc(OC)c1OC,C(=Cc1ccc(N(c2ccc(C=Cc3ccccc3)cc2)c2ccc(C=Cc3ccccc3)cc2)cc1)c1ccccc1,C(=Cc1ccc(N(c2ccc(C=Cc3ccccc3)cc2)c2ccc(C=Cc3ccccc3)cc2)cc1)c1ccccc1,True,False
COc1ccc(C#Cc2c(OC)c(OC)c(C#Cc3ccc(OC)c(OC)c3)c3nonc23)cc1OC,C(#Cc1ccc(C#Cc2ccccc2)c2nonc12)c1ccccc1,C(#Cc1ccc(C#Cc2ccccc2)c2nonc12)c1ccccc1,True,False
COc1ccc(C#Cc2c(OC)c(OC)c(C#Cc3ccc(OC)cc3)c3nonc23)cc1,C(#Cc1ccc(C#Cc2ccccc2)c2nonc12)c1ccccc1,C(#Cc1ccc(C#Cc2ccccc2)c2nonc12)c1ccccc1,True,False
COc1ccc(C#Cc2ccc(C#Cc3ccc(OC)c(OC)c3)c3nsnc23)cc1OC,C(#Cc1ccc(C#Cc2ccccc2)c2nsnc12)c1ccccc1,C(#Cc1ccc(C#Cc2ccccc2)c2nsnc12)c1ccccc1,True,False
COc1ccc(C2CC(c3ccc(Cl)cc3)=NN2c2ccc(C)c(C)c2)cc1,c1ccc(C2=NN(c3ccccc3)C(c3ccccc3)C2)cc1,c1ccc(C2=NN(c3ccccc3)C(c3ccccc3)C2)cc1,True,False
COc1ccc(C2CC(c3ccc(F)cc3)=NN2c2ccc(C)c(C)c2)cc1,c1ccc(C2=NN(c3ccccc3)C(c3ccccc3)C2)cc1,c1ccc(C2=NN(c3ccccc3)C(c3ccccc3)C2)cc1,True,False
COc1ccc(C=Cc2nc(C#N)c(C#N)nc2C=Cc2ccc(C=O)cc2)cc1,C(=Cc1nccnc1C=Cc1ccccc1)c1ccccc1,C(=Cc1nccnc1C=Cc1ccccc1)c1ccccc1,False,True
COc1ccc(N(c2ccc(OC)cc2)c2ccc3c4cccc5c(C#CC=C(C#N)C(=O)O)ccc(c6cccc2c63)c54)cc1,c1ccc(N(c2ccccc2)c2ccc3c4cccc5cccc(c6cccc2c63)c54)cc1,c1ccc(N(c2ccccc2)c2ccc3c4cccc5cccc(c6cccc2c63)c54)cc1,True,False
COc1ccc(N2c3ccccc3Sc3cc(C=C(C#N)C(=O)O)ccc32)cc1,c1ccc(N2c3ccccc3Sc3ccccc32)cc1,c1ccc(N2c3ccccc3Sc3ccccc32)cc1,True,False
COc1ccc2nc(-c3ccc(OC(=O)c4ccc5nc(-c6ccc(OC)c(OC)c6)c(-c6ccc(OC)c(OC)c6)nc5c4)cc3)oc2c1,O=C(Oc1ccc(-c2nc3ccccc3o2)cc1)c1ccc2nc(-c3ccccc3)c(-c3ccccc3)nc2c1,O=C(Oc1ccc(-c2nc3ccccc3o2)cc1)c1ccc2nc(-c3ccccc3)c(-c3ccccc3)nc2c1,True,False
COc1ccccc1-c1ccc(C=Cc2ccc(-c3ccccc3[N+](=O)[O-])cc2)cc1,C(=Cc1ccc(-c2ccccc2)cc1)c1ccc(-c2ccccc2)cc1,C(=Cc1ccc(-c2ccccc2)cc1)c1ccc(-c2ccccc2)cc1,True,False
COc1ccccc1-c1ccc(C=Cc2ccc(S(=O)(=O)OC)cc2)cc1,C(=Cc1ccc(-c2ccccc2)cc1)c1ccccc1,C(=Cc1ccc(-c2ccccc2)cc1)c1ccccc1,False,True
Cc1cc(C2=C(c3c(C)sc4ccccc34)CCC2=O)c(C)s1,O=C1CCC(c2csc3ccccc23)=C1c1ccsc1,O=C1CCC(c2csc3ccccc23)=C1c1ccsc1,True,False
Cc1ccc(-c2sc(-c3cccs3)c3cc4ccccc4cc23)s1,c1csc(-c2sc(-c3cccs3)c3cc4ccccc4cc23)c1,c1csc(-c2sc(-c3cccs3)c3cc4ccccc4cc23)c1,True,False
Cc1ccc(C#Cc2c(F)c(C#Cc3ccc(C)cc3)c(C#Cc3ccc(C)cc3)c(C#Cc3ccc(C)cc3)c2C#Cc2ccc(C)cc2)cc1,C(#Cc1cc(C#Cc2ccccc2)c(C#Cc2ccccc2)c(C#Cc2ccccc2)c1C#Cc1ccccc1)c1ccccc1,C(#Cc1cc(C#Cc2ccccc2)c(C#Cc2ccccc2)c(C#Cc2ccccc2)c1C#Cc1ccccc1)c1ccccc1,True,False
Cc1ccc(C#Cc2c(F)c(F)c(C#Cc3ccc(C)cc3)c(C#Cc3ccc(C)cc3)c2C#Cc2ccc(C)cc2)cc1,C(#Cc1ccc(C#Cc2ccccc2)c(C#Cc2ccccc2)c1C#Cc1ccccc1)c1ccccc1,C(#Cc1ccc(C#Cc2ccccc2)c(C#Cc2ccccc2)c1C#Cc1ccccc1)c1ccccc1,True,False
Cc1ccc(N(c2ccc(C=NN(C)c3ccccc3)cc2)c2ccc(C=C3SC(=S)N(CC(=O)O)C3=O)cc2)cc1,O=C1NC(=S)SC1=Cc1ccc(N(c2ccccc2)c2ccc(C=NNc3ccccc3)cc2)cc1,O=C1NC(=S)SC1=Cc1ccc(N(c2ccccc2)c2ccc(C=NNc3ccccc3)cc2)cc1,False,True
Cc1ccc2nc(N=Nc3nc4ccc(C)cc4s3)sc2c1,c1ccc2sc(N=Nc3nc4ccccc4s3)nc2c1,c1ccc2sc(N=Nc3nc4ccccc4s3)nc2c1,True,False
Cc1sc2ccccc2c1C1=C(c2c(C)sc3ccccc23)C(=O)NC1=O,O=C1NC(=O)C(c2csc3ccccc23)=C1c1csc2ccccc12,O=C1NC(=O)C(c2csc3ccccc23)=C1c1csc2ccccc12,True,False
Cn1c(-c2ccc(-c3nc(-c4ccccc4)c(-c4ccccc4)n3C)cc2)nc(-c2ccccc2)c1-c1ccccc1,c1ccc(-c2nc(-c3ccc(-c4nc(-c5ccccc5)c(-c5ccccc5)[nH]4)cc3)[nH]c2-c2ccccc2)cc1,c1ccc(-c2nc(-c3ccc(-c4nc(-c5ccccc5)c(-c5ccccc5)[nH]4)cc3)[nH]c2-c2ccccc2)cc1,True,False
Cn1c(P(=O)(c2ccccc2)c2ccccc2)c(P(=O)(c2ccccc2)c2ccccc2)n(C)c1=S,O=P(c1ccccc1)(c1ccccc1)c1[nH]c(=S)[nH]c1P(=O)(c1ccccc1)c1ccccc1,O=P(c1ccccc1)(c1ccccc1)c1[nH]c(=S)[nH]c1P(=O)(c1ccccc1)c1ccccc1,True,False
Cn1c(P(=S)(c2ccccc2)c2ccccc2)c(P(=S)(c2ccccc2)c2ccccc2)n(C)c1=S,S=c1[nH]c(P(=S)(c2ccccc2)c2ccccc2)c(P(=S)(c2ccccc2)c2ccccc2)[nH]1,S=c1[nH]c(P(=S)(c2ccccc2)c2ccccc2)c(P(=S)(c2ccccc2)c2ccccc2)[nH]1,True,False
Cn1c2ccc(-c3ccc(N(c4ccccc4)c4ccccc4)cc3)cc2c2cc(-c3ccc(C=C(C#N)C(=O)O)o3)ccc21,c1ccc(N(c2ccccc2)c2ccc(-c3ccc4[nH]c5ccc(-c6ccco6)cc5c4c3)cc2)cc1,c1ccc(N(c2ccccc2)c2ccc(-c3ccc4[nH]c5ccc(-c6ccco6)cc5c4c3)cc2)cc1,True,False
Cn1c2ccccc2c2ccccc21,c1ccc2c(c1)[nH]c1ccccc12,c1ccc2c(c1)[nH]c1ccccc12,True,False
Cn1cc(P(c2ccccc2)c2ccccc2)n(C)c1=S,S=c1[nH]cc(P(c2ccccc2)c2ccccc2)[nH]1,S=c1[nH]cc(P(c2ccccc2)c2ccccc2)[nH]1,True,False
Cn1cnc2c3c(-c4ccc([N+](=O)[O-])cc4)onc3c([N+](=O)[O-])cc21,c1ccc(-c2onc3ccc4[nH]cnc4c23)cc1,c1ccc(-c2onc3ccc4[nH]cnc4c23)cc1,False,True
O=CNC1=CC(=O)C(=O)c2ccccc21,O=C1C=Cc2ccccc2C1=O,O=C1C=Cc2ccccc2C1=O,True,False
O=[N+]([O-])c1ccc(C2C3C(c4ccccc4)=NC(c4cn(Cn5cc(C6N=C(c7ccccc7)C7C(c8ccc([N+](=O)[O-])cc8)N67)c6ccccc65)c5ccccc45)N32)cc1,c1ccc(C2=NC(c3cn(Cn4cc(C5N=C(c6ccccc6)C6C(c7ccccc7)N56)c5ccccc54)c4ccccc34)N3C2C3c2ccccc2)cc1,c1ccc(C2=NC(c3cn(Cn4cc(C5N=C(c6ccccc6)C6C(c7ccccc7)N56)c5ccccc54)c4ccccc34)N3C2C3c2ccccc2)cc1,True,False
O=[N+]([O-])c1cccc(C2C3C(c4ccccc4)=NC(c4cn(Cn5cc(C6N=C(c7ccccc7)C7C(c8cccc([N+](=O)[O-])c8)N67)c6ccccc65)c5ccccc45)N32)c1,c1ccc(C2=NC(c3cn(Cn4cc(C5N=C(c6ccccc6)C6C(c7ccccc7)N56)c5ccccc54)c4ccccc34)N3C2C3c2ccccc2)cc1,c1ccc(C2=NC(c3cn(Cn4cc(C5N=C(c6ccccc6)C6C(c7ccccc7)N56)c5ccccc54)c4ccccc34)N3C2C3c2ccccc2)cc1,True,False
OC#Cc1ccc2ccccc2n1,c1ccc2ncccc2c1,c1ccc2ncccc2c1,False,True
OCOc1c2ccccc2cc2ccccc12,c1ccc2cc3ccccc3cc2c1,c1ccc2cc3ccccc3cc2c1,False,True
ON=Cc1ccccn1,c1ccncc1,c1ccncc1,False,True
ON=Cc1cccnc1,c1ccncc1,c1ccncc1,False,True
c1ccc(-c2nc(Cc3n[nH]c(-c4ccccn4)n3)n[nH]2)nc1,c1ccc(-c2nc(Cc3n[nH]c(-c4ccccn4)n3)n[nH]2)nc1,c1ccc(-c2nc(Cc3n[nH]c(-c4ccccn4)n3)n[nH]2)nc1,True,False
