canonical_smi,solvent_grouped,et30,lambda_max_exp_nm
CCOc1nc(-c2ccc(Cl)cc2)cc(-c2ccc(N3CCOCC3)cc2)c1C#N,Chloroform,39.1,330.0
N#Cc1ccc(-c2ccc(F)cc2)nc1,Chloroform,39.1,329.0
CCOc1nc(-c2ccc(F)cc2)cc(-c2ccc(N3CCOCC3)cc2)c1C#N,Chloroform,39.1,329.0
CCOc1nc(-c2ccc(C)cc2)cc(-c2ccc(N3CCOCC3)cc2)c1C#N,Chloroform,39.1,332.5
CCOc1nc(-c2ccc(OC)cc2)cc(-c2ccc(N3CCOCC3)cc2)c1C#N,Chloroform,39.1,311.0
CCOc1nc(-c2cccs2)cc(-c2ccc(N3CCOCC3)cc2)c1C#N,Chloroform,39.1,331.0
CCOc1nc(-c2ccco2)cc(-c2ccc(N3CCOCC3)cc2)c1C#N,Chloroform,39.1,329.5
CCOc1nc2c(c(-c3ccc(N4CCOCC4)cc3)c1C#N)Cc1ccccc1-2,Chloroform,39.1,331.0
CCOc1nc2c(c(-c3ccc(N4CCOCC4)cc3)c1C#N)CSc1ccccc1-2,Chloroform,39.1,240.0
N=C(N)c1ccc(OCOc2ccc(C(=N)N)cc2)cc1,Methanol,55.4,650.0
Oc1ccccc1-c1nc2ccccc2s1,Ethanol,51.9,333.0
Fc1ccc2nc(-c3ccccc3OCc3ccccc3)sc2c1,Ethanol,51.9,322.0
CC(Cc1ccccc1)NC(C#N)c1ccccc1,Ethanol,51.9,495.0
Cc1[nH]c2ccccc2c1N=Nc1nncs1,DMSO,45.1,469.0
Cc1c(N=Nc2nncs2)c2ccccc2n1C,DMSO,45.1,441.0
c1ccc(-c2[nH]c3ccccc3c2N=Nc2nncs2)cc1,DMSO,45.1,496.0
Cn1c(-c2ccccc2)c(N=Nc2nncs2)c2ccccc21,DMSO,45.1,452.0
CSc1nnc(N=Nc2c(C)[nH]c3ccccc23)s1,DMSO,45.1,462.0
CSc1nnc(N=Nc2c(C)n(C)c3ccccc23)s1,DMSO,45.1,460.0
CSc1nnc(N=Nc2c(-c3ccccc3)[nH]c3ccccc23)s1,DMSO,45.1,509.0
CSc1nnc(N=Nc2c(-c3ccccc3)n(C)c3ccccc23)s1,DMSO,45.1,466.0
CN(C)C=O,DMSO,45.1,469.0
CCc1nnc(N=Nc2c(C)n(C)c3ccccc23)s1,DMSO,45.1,442.0
CCc1nnc(N=Nc2c(-c3ccccc3)[nH]c3ccccc23)s1,DMSO,45.1,499.0
CCc1nnc(N=Nc2c(-c3ccccc3)n(C)c3ccccc23)s1,DMSO,45.1,450.0
Cc1[nH]c2ccccc2c1N=Nc1n[nH]c(S)n1,DMSO,45.1,388.0
Cc1c(N=Nc2n[nH]c(S)n2)c2ccccc2n1C,DMSO,45.1,402.0
Sc1nc(N=Nc2c(-c3ccccc3)[nH]c3ccccc23)n[nH]1,DMSO,45.1,411.0
Cn1c(-c2ccccc2)c(N=Nc2n[nH]c(S)n2)c2ccccc21,DMSO,45.1,394.0
COC(=O)C1=C(C)NC2=C(C(=O)C(C)(C)CC2)C1c1ccccc1Cl,Methanol,55.4,367.0
COC(=O)C1=C(C)NC2=C(C(=O)C(C)(C)CC2)C1c1cccc(Cl)c1,Methanol,55.4,362.0
COC(=O)C1=C(C)NC2=C(C(=O)C(C)(C)CC2)C1c1cccc(Cl)c1Cl,Methanol,55.4,367.0
CNc1ccccc1,Hexane,31.0,260.0
Nc1ccccc1,Hexane,31.0,243.0
CF,Cyclohexane,30.9,277.0
O=C(O)c1ccccc1Nc1cccc(C(F)(F)F)c1,Cyclohexane,30.9,287.0
O=C(O)c1ccccc1C(=O)Nc1cccc2ccccc12,Cyclohexane,30.9,285.0
O=C(c1ccccc1)c1ccccc1,EthylAcetate,38.1,526.0
Brc1ccc(-c2ccc(-c3ccccc3)cc2)cc1,EthylAcetate,38.1,461.0
CCOc1ccccc1C(=O)C(=O)c1ccccc1OCC,EthylAcetate,38.1,476.0
c1ccc2ccccc2c1,EthylAcetate,38.1,413.0
OC1c2ccccc2C=Cc2ccccc21,EthylAcetate,38.1,423.0
C1=C(c2ccccc2)Cc2ccccc21,EthylAcetate,38.1,380.0
O=c1c2ccccc2sc2ccccc12,EthylAcetate,38.1,635.0
O=c1c2ccccc2oc2ccccc12,EthylAcetate,38.1,633.0
O=C(C(=O)c1ccccc1)c1ccccc1,EthylAcetate,38.1,484.0
CCC(C)(C)c1ccc2oc3ccccc3c(=O)c2c1,EthylAcetate,38.1,642.0
CCC(C)(C)c1ccc2oc3ccccc3c(=O)c2c1C(C)(C)CC,EthylAcetate,38.1,654.0
O=C(c1ccccc1)c1cc2ccccc2oc1=O,EthylAcetate,38.1,414.0
COC(=O)c1ccccc1C(=O)OC,EthylAcetate,38.1,305.0
COC(=O)c1ccc(C(=O)OC)c(C(=O)OC)c1,EthylAcetate,38.1,311.0
c1ccc2c(c1)oc1ccccc12,EthylAcetate,38.1,393.0
Clc1ccccc1-c1ccccc1,EthylAcetate,38.1,356.0
O=C([O-])Cc1ccccc1-c1ccccc1,EthylAcetate,38.1,371.0
Brc1ccc(-c2ccc(Br)cc2)cc1,EthylAcetate,38.1,399.0
Brc1ccc2c(c1)Cc1cc(Br)ccc1-2,EthylAcetate,38.1,411.0
C(#Cc1ccccc1)c1ccccc1,EthylAcetate,38.1,406.0
c1cnc2c(c1)ccc1cccnc12,EthylAcetate,38.1,440.0
c1ccc2c(c1)cnc1ccccc12,EthylAcetate,38.1,462.0
Brc1ccccc1-c1ccc(-c2ccccc2)cc1,EthylAcetate,38.1,466.0
CCOC(=O)c1ccc2ccccc2c1,EthylAcetate,38.1,425.0
N#Cc1cc2ccccc2c2ccccc12,EthylAcetate,38.1,489.0
CCOC(=O)c1cccc2ccccc12,EthylAcetate,38.1,443.0
N#Cc1cccc2ccccc12,EthylAcetate,38.1,443.0
c1ccc(-c2cnc(-c3ccccc3)o2)cc1,EthylAcetate,38.1,493.0
c1ccc2c(c1)-c1cccc3cccc-2c13,EthylAcetate,38.1,394.0
O=c1cc[nH]c2ccccc12,DMSO,45.1,290.0
O=C1C=CN=CC1,DMSO,45.1,313.0
CCOC(=O)c1c[nH]c2c([N+](=O)[O-])cc(F)cc2c1=O,DMSO,45.1,268.0
C[C@@H](O)CNc1ncnc2[nH]c(-c3ccccc3)c(-c3ccccc3)c12,DMF,43.2,460.0
OC[C@H](O)CNc1ncnc2[nH]c(-c3ccccc3)c(-c3ccccc3)c12,THF,37.4,470.0
COC(=O)c1c(C(=O)OC)c2ccc(C)nn2c1C,Cyclohexane,30.9,380.4
CCc1c(C(=O)OC)c(C(=O)OC)c2ccc(-c3ccccc3)nn12,Cyclohexane,30.9,386.0
COc1cc(OC)c2cc(-c3ccccc3)c(=O)oc2c1,Chloroform,39.1,348.0
COc1ccc2cc(-c3ccsc3)c(=O)oc2c1,Chloroform,39.1,372.0
N=C1Cc2ccccc2OC1=O,Chloroform,39.1,366.0
N=C1C(=N)c2ccccc2OC1=O,Chloroform,39.1,374.0
CCN(CC)c1ccc2c(-c3ccccc3C(=O)O)c3ccc(N(CC)CC)cc3[o+]c2c1.[Cl-],Ethanol,51.9,544.5
O=C(CCS)Nc1ccc2ncnc(Nc3ccccc3)c2c1,Ethanol,51.9,545.0
O=C(O)c1ccnc(N=Cc2cc(N=Nc3ccc([N+](=O)[O-])cc3)ccc2O)c1,Water,63.1,448.0
CC(C)c1cc(S(=O)(=O)O)cc(C(C)C)c1N=Cc1cc(N=Nc2ccc([N+](=O)[O-])cc2)ccc1O,Chloroform,39.1,380.0
COc1cc2c(cc1C=CC(=C(C#N)C#N)c1ccccc1)c1ccccc1n2C,DMSO,45.1,476.0
COc1cc2c(cc1C=C(C#N)c1nc3ccccc3s1)c1ccccc1n2C,DMSO,45.1,443.0
S=C=S,DCM,40.7,419.0
CCCCO,Other,,425.0
CCOC(=O)c1ccn2c(c1)nc1ccccc12,DCM,40.7,248.0
CCOC(=O)c1cc2nc3ccccc3n2cc1C,DCM,40.7,253.0
CCOC(=O)c1ccn2c(nc3ccccc32)c1C,DCM,40.7,250.0
CCOC(=O)c1c(C)cn2c(nc3ccccc32)c1C,DCM,40.7,250.0
CCOC(=O)c1ccn2c(nc3ccccc32)c1-c1ccccc1,DCM,40.7,256.0
CCOC(=O)c1c(C)cn2c(nc3ccccc32)c1-c1ccccc1,DCM,40.7,253.0
CCOC(=O)c1ccn2c(nc3cc(C)c(C)cc32)c1C,DCM,40.7,252.0
CCOC(=O)c1c(C)cn2c(nc3cc(C)c(C)cc32)c1C,DCM,40.7,251.0
CCOC(=O)c1ccn2c(nc3cc(C)c(C)cc32)c1-c1ccccc1,DCM,40.7,228.0
CCOC(=O)c1c(C)cn2c(nc3cc(C)c(C)cc32)c1-c1ccccc1,DCM,40.7,258.0
[H],Chloroform,39.1,477.0
CCN(CC)c1ccc2cc(-c3nc4ccccc4s3)c(=O)oc2c1,Acetonitrile,45.6,0.0
c1ccc(-c2nc(-c3ccc(-c4nc(-c5ccccc5)c(-c5ccccc5)[nH]4)s3)[nH]c2-c2ccccc2)cc1,Acetonitrile,45.6,385.0
Cn1c(-c2ccc(-c3nc(-c4ccccc4)c(-c4ccccc4)n3C)s2)nc(-c2ccccc2)c1-c1ccccc1,Acetonitrile,45.6,365.0
c1ccc(-c2nc(-c3ccccc3)c(-c3ccccc3)[nH]2)cc1,Acetonitrile,45.6,312.0
O=C(O)c1ccc2ccc3cccc4ccc1c2c34,Toluene,33.9,323.0
OCc1ccc2ccc3cccc4ccc1c2c34,Toluene,33.9,316.0
c1ccncc1,Toluene,33.9,296.0
O=C(c1ccccc1)c1ccc2oc3ccccc3c(=O)c2c1,Acetonitrile,45.6,315.0
C=C(C)C(=O)Nc1csc(-c2ccc(C(=O)c3ccccc3)cc2)c1,Chloroform,39.1,251.0
C=C(C)C(=O)Nc1csc(-c2ccc(C(=O)c3ccc(Cl)cc3)cc2)c1,Chloroform,39.1,256.0
CN(C)c1ccc(C=Cc2ccc([N+](=O)[O-])c(O)c2)cc1,Cyclohexane,30.9,462.0
C(=Cc1ccccc1)c1ccccc1,THF,37.4,412.0
CCN1c2cc(C)sc2C(C)(C)C12C=Cc1cc([N+](=O)[O-])ccc1O2,Toluene,33.9,613.0
COC(=O)c1c(C)sc2c1N(C)C1(C=Cc3c(ccc4ccccc34)O1)C2(C)C,Toluene,33.9,564.0
C[n+]1c(-c2ccccc2)c2cc(N)ccc2c2ccc(N)cc21,Water,63.1,478.0
c1cn[n-]c1,Water,63.1,700.0
CCC1(CC)c2cc(C#Cc3ccc(C=C(C#N)C(=O)O)cc3)ccc2-c2ccc(N(c3ccccc3)c3ccccc3)cc21,THF,37.4,583.0
CCC1(CC)c2cc(C#Cc3cccc(C=C(C#N)C(=O)O)c3)ccc2-c2ccc(N(c3ccccc3)c3ccccc3)cc21,THF,37.4,418.1
CCC1(CC)c2cc(C#Cc3ccc(C=C(C#N)C#N)cc3)ccc2-c2ccc(N(c3ccccc3)c3ccccc3)cc21,THF,37.4,626.4
CCC1(CC)c2cc(C#Cc3ccc(C=C(C#N)C#N)s3)ccc2-c2ccc(N(c3ccccc3)c3ccccc3)cc21,THF,37.4,632.3
O=C1NC(c2ccccn2)Nc2ccccc21,Chloroform,39.1,340.0
O=C1NC(c2cccnc2)Nc2ccccc21,Chloroform,39.1,332.2
O=C1NC(c2ccncc2)Nc2ccccc21,Chloroform,39.1,340.0
Cc1ccc(C2NC(=O)c3ccccc3N2)o1,Chloroform,39.1,329.8
[Cu],Chloroform,39.1,485.0
C(=Cc1ccc(-n2c3ccccc3c3ccccc32)cc1)c1ccc(N2CCCC2)cc1,DMF,43.2,
CSC[C@H]1O[C@@H](n2ccc3c(N)ncnc32)[C@H](O)[C@@H]1O,Acetone,42.2,450.0
[SiH2]=[Mo]=[SiH2],Acetone,42.2,448.0
C[S+](C)CC(=O)[O-],Water,63.1,432.0
[Mo],Ethanol,51.9,
Cc1ccc(-c2ccc(Br)s2)s1,Chloroform,39.1,942.0
Cc1ccccc1,Toluene,33.9,336.0
COC(=O)C1=C(C(=O)OC)SC(=c2ccc3c(c2)C=CC2OC(c4ccccc4)(c4ccccc4)C=CC=32)S1,Toluene,33.9,327.0
C1=Cc2c(ccc3ccccc23)OC1,Toluene,33.9,345.0
CCN1CCO[C@@H]2c3cccc4[nH]cc(c34)C[C@H]21,DCM,40.7,411.0
C[C@@H]1O[C@@H](OC[C@H]2O[C@@H](Oc3c(-c4ccc(O)c(O)c4)oc4cc(O)cc(O)c4c3=O)[C@H](O)[C@@H](O)[C@@H]2O)[C@H](O)[C@H](O)[C@H]1O,Water,63.1,353.0
ClC(c1cccc2cc3cc4cc5ccccc5cc4cc3cc12)c1cccc2cc3cc4cc5ccccc5cc4cc3cc12,Acetonitrile,45.6,614.0
O=C(CC1(S(=O)(=O)c2ccc(Oc3ccccc3)cc2)CCOCC1)NO,Methanol,55.4,540.0
O=C(NO)C1(CS(=O)(=O)c2ccc(Oc3ccc(Cl)cc3)cc2)CCOCC1,Methanol,55.4,527.0
C1=CC=C2C=CC=CC(=C1)C2,Chloroform,39.1,660.0
O=C(O)c1ccc(NC(=O)C(Cc2ccc(O)cc2)NC(=O)c2ccccc2)cc1,Chloroform,39.1,672.0
COc1cc2c(CCl)cc(=O)oc2c2ccccc12,Ethanol,51.9,379.0
COc1cc2c(C)cc(=O)oc2c2ccccc12,Ethanol,51.9,371.0
Cc1cc(=O)oc2c1cc(O)c1ccccc12,Ethanol,51.9,380.0
COc1cc2c(C=O)cc(=O)oc2c2ccccc12,Ethanol,51.9,377.0
COc1cc2c(CO)cc(=O)oc2c2ccccc12,Ethanol,51.9,365.0
COc1cc2c(COC(=O)[C@H](C)NC(=O)OCc3ccccc3)cc(=O)oc2c2ccccc12,Ethanol,51.9,375.0
Br.COc1cc2c(COC(=O)[C@H](C)N)cc(=O)oc2c2ccccc12,Ethanol,51.9,373.0
COC(=O)CCNC(=O)OCc1cc(=O)oc2c1cc(OC)c1ccccc12,Ethanol,51.9,374.0
COc1cc2c(COC(=O)NCCC(=O)O)cc(=O)oc2c2ccccc12,Ethanol,51.9,373.0
NC(CC(=O)c1cccc2oc3cc(=O)c4[nH]c(C(=O)O)cc(=O)c4c-3nc12)C(=O)O,Water,63.1,459.0
O=C(O)c1cc(=O)c2ccccc2[nH]1,Water,63.1,332.0
Nc1c(O)cccc1C(=O)CC(N)C(=O)O,Water,63.1,373.0
Nc1ccccc1C(=O)CC(N)C(=O)O,Water,63.1,363.0
c1ccc2sc(N=Nc3nc4ccccc4s3)nc2c1,Acetonitrile,45.6,427.0
c1cnc2c(c1)ccc1cc(-c3ccsc3)cnc12,DCM,40.7,426.0
CN(C)c1ccc(-c2nc(-c3ccc(C#Cc4ccc(C#N)cc4)cc3)[nH]c2-c2ccc(N(C)C)cc2)cc1,DCM,40.7,405.0
COc1ccc(Cc2nnc3sc(-c4cc5cccc6ccc7cccc4c7c65)nn23)cc1,DMSO,45.1,254.0
CCN1CCN(CC)c2cc3oc(=O)c(C#N)cc3cc21,Methanol,55.4,495.0
CCN(CC)c1ccc(C=Cc2ccn3cc(-c4ccc(OC)cc4)nc3c2)cc1,Toluene,33.9,453.0
COc1ccccc1N=Nc1nc2ccc([N+](=O)[O-])cc2s1,Methanol,55.4,414.0
COc1ccccc1C=CC=NN=Cc1ccc([N+](=O)[O-])cc1,Dioxane,36.0,360.0
N#CC(=Cc1ccc(N(c2ccccc2)c2ccccc2)cc1)c1ccc(Br)cc1,Cyclohexane,30.9,409.0
CN(C)c1ccc(C=Cc2ccc(C=Cc3ccccc3)cc2)cc1,Benzene,34.3,416.0
Oc1ccc(N=Nc2nccs2)c2cccnc12,DMSO,45.1,443.0
Cc1c(C(N)=O)c(=O)oc2cc3c(cc12)nc(Nc1cccc(F)c1)n3CCCn1ccnc1,Ethanol,51.9,365.0
O=COCc1ccccc1[N+](=O)[O-],Acetonitrile,45.6,260.0
C(=Cc1ccccc1C=Cc1ccccc1)c1ccccc1,Benzene,34.3,368.0
C(=Cc1cnccn1)C=C1C=C(c2ccccc2)OC(c2ccccc2)=C1,DCM,40.7,440.0
Nc1c(N=Nc2ccccc2)c(=O)[nH]c2nc3ccccc3n12,Chloroform,39.1,418.0
COc1cc(-c2nc3c(c4c2-c2ccc(Br)cc2CC4)-c2ccc(Br)cc2CC3)cc(OC)c1OC,Chloroform,39.1,374.0
C#Cc1ccc2c(c1-c1cn([C@H]3C[C@H](O)[C@@H](CO)O3)c(=O)[nH]c1=O)C(=O)c1ccccc1-2,Water,63.1,345.0
CC(C)(C=Cc1c2ccccc2cc2ccccc12)C=Cc1c2ccccc2cc2ccccc12,Chloroform,39.1,377.0
Cc1nccnc1C(=O)C=Cc1ccc(N(C)C)cc1,Ethanol,51.9,310.0
CN1C(=O)C(N=Nc2nc(-c3cc4ccccc4oc3=O)cs2)C(=O)N(C)C1=O,DMSO,45.1,417.0
CCOC(=O)C1=C(c2ccc3ccccc3c2)NC(=O)C1=NNc1ccc([N+](=O)[O-])cc1O,THF,37.4,639.0
COc1cc2c(cc1OC)-c1cc3cc4ccccc4nc3nc1C2,Acetone,42.2,386.0
Oc1ccccc1-c1nc2c(c3c1-c1ccccc1CC3)-c1ccccc1CC2,DCM,40.7,339.0
CC1c2cc(-c3ccccc3)ccc2-c2cc3nc4c5ccccc5c5ccccc5c4nc3cc21,DMSO,45.1,403.0
CCN(CC)c1ccc(Nc2cc3oc(-c4ccc(C#N)cc4)nc3c3ccccc23)cc1,Acetone,42.2,420.0
CC(C)(C)c1ccc(Cn2nc(-c3ccc(Cl)cc3)cc2-c2nnc(COc3ccc(Cl)cc3Cl)o2)cc1,DCM,40.7,262.0
CCOC(=O)Cc1csc(N=Nc2ccc(O)c3ncccc23)n1,DMSO,45.1,565.0
CCN(CC)c1ccc2cc3c(nc(=Nc4ccc(Br)cc4)n4c5ccccc5nc34)oc2c1,Chloroform,39.1,529.0
Oc1ccc(-c2nc3c(o2)c(-c2nc4ccccc4s2)cc2ccccc23)c(O)c1,DMF,43.2,322.0
C1=C2CCC(=Cc3ccc([nH]3)C=c3ccc([nH]3)=Cc3ccc1[nH]3)N2,Chloroform,39.1,715.0
CCN(CC)c1ccc(C(=O)Nc2ccc3c(c2)OCCOCCOCCOCCO3)cc1,Cyclohexane,30.9,323.0
O=C1NC(c2ccc(Cl)cc2)=C2C(=O)OC(c3ccc(Cl)cc3)=C12,DMSO,45.1,495.0
Oc1ccc(C=Cc2cc(O)cc(O)c2)cc1,Water,63.1,310.0
O=[N+]([O-])c1ccc(N=Nc2nc3ccc([N+](=O)[O-])cc3s2)cc1,Methanol,55.4,338.0
CCn1c2ccccc2c2nc3ccc(C(=O)OC)c(C(=O)OC)c3nc21,DMF,43.2,406.0
N#CC(=Cc1ccc(-c2ccc(-c3ccc4ccc5cccc6ccc3c4c56)s2)s1)C(=O)O,THF,37.4,524.0
COc1ccc2nc3[nH]c(=O)c(C#N)cc3cc2c1,Acetone,42.2,398.0
Clc1ccc(-c2cc(-c3nnc(-c4ccccc4)o3)n(Cc3ccccc3)n2)cc1,DCM,40.7,267.0
Cc1nn(C)c2nc3c(F)c(F)c(F)c(F)c3cc12,Toluene,33.9,386.0
CN1c2ccc([N+](=O)[O-])cc2C(C)(C)C12C=Cc1c(c(-c3nc4ccccc4s3)cc3ccccc13)O2,Acetone,42.2,336.0
CCCN1c2ccccc2Sc2cc(C=Cc3cc(=O)oc4ccc(C)cc34)ccc21,Chloroform,39.1,423.0
CNC(C)Cc1ccccc1Cl,Water,63.1,483.4
CCC1=C(C)c2cc3[nH]c(c(C)c3CC)c(-c3cc(O)cc(O)c3)c3nc(cc4[nH]c(cc1n2)c(CC)c4C)C(CC)=C3C,Other,,822.0
Cc1ccc(-c2ccc(C(C#N)=Cc3ccc(-c4csc(C=C(C#N)c5ccccc5)c4)cc3)cc2)cc1,THF,37.4,368.0
Cc1cc(C)c2ccc(NC(=O)CCl)nc2n1,Acetonitrile,45.6,328.0
O=[N+]([O-])c1ccc(C=NN=Cc2ccc3ccccc3c2)cc1,Dioxane,36.0,328.0
CN(C)c1ccc(-c2c(F)c(F)c(-c3ccc(N(C)C)cc3)c(F)c2F)cc1,DCM,40.7,331.0
N#Cc1c(N)sc(N=Nc2ccc([N+](=O)[O-])cc2)c1-c1ccc(Cl)cc1,Acetone,42.2,562.0
CC(C)(C)C1=CC(=CC=Cc2ccncn2)C=C(C(C)(C)C)O1,DCM,40.7,429.0
CO[Si](CCCSC(=O)c1ccncc1)(OC)OC,Chloroform,39.1,265.0
COc1ccc(Cn2c(Nc3ccc(I)cc3)nc3cc4c(C)c(C(N)=O)c(=O)oc4cc32)c(OC)c1,Ethanol,51.9,362.0
Fc1ccc(-c2nc3c(c4c2-c2ccccc2CC4)-c2ccccc2CC3)cc1,Chloroform,39.1,322.0
CN(C)c1ccc(-c2nc3c(c4c2-c2ccccc2CC4)-c2ccccc2CC3)cc1,Acetonitrile,45.6,351.0
O=Cc1ccc(-c2ccc(C3=CCC(c4ccccc4)CC3)s2)s1,Ethanol,51.9,393.0
O=[N+]([O-])c1ccc(-c2nc3c(c4c2-c2ccc(Br)cc2CC4)-c2ccc(Br)cc2CC3)cc1,Chloroform,39.1,350.0
N#Cc1c(N)sc2c1-c1ccccc1C2=Nc1ccc([N+](=O)[O-])cc1,Acetone,42.2,464.0
CCc1nccnc1C(=O)C=Cc1ccc(N(C)C)cc1,Ethanol,51.9,295.0
O=[N+]([O-])c1ccc(-c2nnc(-c3ccc(-n4c5ccccc5c5ccccc54)cc3)o2)cc1,Toluene,33.9,375.0
CCN(CC)c1ccc(-c2oc3ccccc3c(=O)c2O)cc1,Acetonitrile,45.6,574.5
CC(=O)c1cccc([N+]([O-])=Cc2ccc3c(c2)Sc2ccccc2N3C)c1,DCM,40.7,314.0
c1ccc2c(c1)Cc1nc3nc4ccccc4cc3cc1-2,Acetone,42.2,371.0
CCN(CC)c1ccc2cc3c(oc2c1)c(C#N)c(=NC1=CC(=S(=O)=O)C(C(=O)O)C=C1)n1c2ccccc2nc31,Acetonitrile,45.6,570.0
O=[N+]([O-])c1ccc(O)c(-c2nc3c(c4c2-c2ccccc2CC4)-c2ccccc2CC3)c1,DCM,40.7,342.0
CC(C)(C)c1ccc2c(c1)C(=O)C(c1ccc3cccc(N4C(=O)c5ccc(C(C)(C)C)cc5C4=O)c3n1)C2=O,Other,,456.0
COC(=O)CN1C(=O)c2cccc3c(Nc4cccc(F)c4)ccc(c23)C1=O,DMSO,45.1,442.0
CCn1c2ccc(N=Nc3nc4ccc([N+](=O)[O-])cc4s3)cc2c2cc(N=Nc3nc4ccc([N+](=O)[O-])cc4s3)ccc21,DMF,43.2,499.0
Cn1c2ccc(-c3ccc(-c4ccccc4)s3)cc2c2cc(-c3ccc(-c4ccccc4)s3)ccc21,THF,37.4,639.05
Nc1nc(-c2ccc(NC(=O)c3ccccc3)cc2)c(N=Nc2ccc([N+](=O)[O-])cc2)s1,DMSO,45.1,537.0
COc1ccc(-c2cc3cc(-c4nnc(-c5ccccc5)o4)ccn3n2)cc1OC,Cyclohexane,30.9,340.0
Nc1c(N=Nc2ccccc2[N+](=O)[O-])c(=O)[nH]c2nc3ccccc3n12,Chloroform,39.1,419.0
O=C1C(=O)c2ccccc2-c2ccccc21,Acetonitrile,45.6,554.0
CCN(CC)c1ccc2c(O)c(N=Nc3ccc([N+](=O)[O-])cc3)c(=O)oc2c1,Methanol,55.4,485.0
O=C1c2ccccc2-c2ccc(NCCCl)c3cccc1c23,Benzene,34.3,482.0
CCOC(=O)C1=C(c2ccc3ccccc3c2)NC(=O)C1=NNc1ccccc1O,THF,37.4,466.0
CC(=O)CC(=O)c1ccc(-c2nc3ccccc3n2C)o1,Toluene,33.9,382.0
COc1ccc(-c2cc3c(C#N)c4c5c(oc(=O)c4c(=N)n3[nH]2)-c2ccccc2SC5)cc1,DMF,43.2,444.0
CCn1c2ccc(-c3cccs3)cc2c2cc(-c3ccc(-c4nc5ccccc5n4-c4ccccc4)s3)ccc21,DCM,40.7,372.0
Nc1ccc2c(C(F)(F)F)cc(=O)oc2c1,DCM,40.7,360.0
c1csc(-c2nnnnc2-c2cccs2)c1,DCM,40.7,923.0
Nc1cccc(N)n1,THF,37.4,389.0
O=C(O)c1ccc(N=Nc2ccc(O)c3ncccc23)cc1,DMSO,45.1,413.0
Oc1ccc(N=Nn2cc(S)nn2)c2cccnc12,Methanol,55.4,496.0
N#CC(=Cc1c2ccccc2cc2ccccc12)c1ccc(N(c2ccccc2)c2ccccc2)cc1,THF,37.4,403.0
O=C1OC(c2ccccc2)=NC1=Cc1ccc(C=Cc2nc3ccccc3[nH]2)cc1,THF,37.4,424.0
CC(C)(C)C1=CC(=CC=CC=CC=C2c3cc([N+](=O)[O-])cc([N+](=O)[O-])c3-c3c2cc([N+](=O)[O-])cc3[N+](=O)[O-])C=C(C(C)(C)C)O1,Toluene,33.9,779.0
O=[N+]([O-])c1ccc(-c2nc3c(c4c2-c2ccccc2CC4)-c2ccccc2CC3)cc1,DMSO,45.1,353.0
Clc1ccc(-c2cc(-c3nnc(-c4cccc(Br)c4)o3)n(Cc3ccc(Cl)nc3)n2)cc1,DCM,40.7,274.0
CC(C)c1ccc(C2C3=C(CC(C)(C)CC3=O)Oc3ccc4ccc(OCCCNCCCNc5ccnc6cc(Cl)ccc56)cc4c32)cc1,Methanol,55.4,333.0
C(=Cc1c2ccccc2cc2ccccc12)c1ccccc1,Other,,385.0
Clc1ccc(-c2nc3c(c4c2-c2ccccc2CC4)-c2ccccc2CC3)cc1,Chloroform,39.1,329.0
Cc1ccc(C=NCCN=Cc2ccc(C)cc2)cc1,DCM,40.7,246.0
CN1C(=CC2=C([O-])C(=CC3=[N+](C)c4ccccc4C3(C)C)C2=O)C(C)(C)c2ccccc21,Chloroform,39.1,637.5
Cc1ccc2cccnc2c1O,Methanol,55.4,415.0
N#Cc1ccc(-c2nc3c(c4c2-c2ccc(Br)cc2CC4)-c2ccc(Br)cc2CC3)cc1,Chloroform,39.1,399.0
O=S(=O)(c1cccc(N2N=C(c3ccco3)CC2c2ccccc2)c1)c1cccc(N2N=C(c3ccco3)CC2c2ccccc2)c1,DCM,40.7,348.0
CN(C)c1ccc(C=CC=C2N=C(c3ccccc3)OC2=O)cc1,THF,37.4,488.0
Clc1ccc(-c2ccc3cc4ccccc4nc3n2)cc1,Acetone,42.2,392.0
Cc1c(C(N)=O)c(=O)oc2cc3c(cc12)nc(Nc1cccc2ccccc12)n3CCN1CCOCC1,Ethanol,51.9,349.0
CO[Si](CCCSC(=O)c1cccs1)(OC)OC,Chloroform,39.1,287.0
CCC1(CC)c2cc(C=C(C#N)C#N)ccc2-c2ccc(N(c3ccccc3)c3ccccc3)cc21,Acetonitrile,45.6,518.6
c1ccc(P(CCP(c2ccccc2)c2ccccc2)c2ccccc2)cc1,DCM,40.7,447.0
CC(=O)Nc1ccc(N=Nc2nc3ccc([N+](=O)[O-])cc3s2)cc1,Methanol,55.4,419.0
Cc1ccc(C=C(C#N)c2ccc(N(c3ccccc3)c3ccccc3)cc2)cc1,THF,37.4,398.0
Oc1ccc(N=Nc2cccnc2)c2cccnc12,DMSO,45.1,538.0
C(=Cc1ccncn1)C=C1C=C(c2ccccc2)OC(c2ccccc2)=C1,DCM,40.7,444.0
CC1(C)c2ccccc2-c2cc3c(C#Cc4ccccc4)c4ccccc4c(C#Cc4ccccc4)c3cc21,DCM,40.7,478.0
CCN(CC)c1ccc(-c2nc3ccc(-n4nc5ccc6cccc(S(=O)(=O)O)c6c5n4)cc3[nH]2)c(O)c1,DMSO,45.1,503.0
Nc1ccc2ncccc2c1,DMSO,45.1,361.0
NS(=O)(=O)c1ccc(-n2cccc2)cc1N1CCOCCOCCOCCOCC1,Acetonitrile,45.6,278.0
Cc1ccc(-c2nnc(-c3cc(-c4ccc(Cl)cc4)nn3Cc3ccc(C(C)(C)C)cc3)o2)cc1,DCM,40.7,275.0
CN(C)c1ccc(C=C(C#N)c2ccc(F)cc2)cc1,DCM,40.7,393.0
O=C1c2ccccc2C(=O)C1c1ccc2cccc(N3C(=O)c4ccccc4C3=O)c2n1,Other,,452.0
Cc1nccnc1C(=O)C=Cc1ccc(Br)cc1,Ethanol,51.9,315.0
C=CCN1c2ccc(OC)cc2C(C)(C)C12C=Cc1c(c(-c3nc(-c4ccccc4)c(-c4ccccc4)o3)cc3cc(OC)ccc13)O2,Toluene,33.9,310.0
O=[N+]([O-])c1ccc(C#Cc2ccc(-n3c4ccccc4c4ccccc43)cc2)cc1,DCM,40.7,371.0
CCN(CC)c1ccc(N=Nc2nc3ccccc3s2)c(O)c1,Methanol,55.4,528.0
C(=Cc1ccnc(-n2ccnc2)n1)c1ccc(N(c2ccccc2)c2ccccc2)cc1,DMF,43.2,410.0
CCCOc1c(C=C(c2ccccc2)c2ccccc2)cc2c3ccccc3n(CCC)c2c1C=C(c1ccccc1)c1ccccc1,THF,37.4,476.0
CN1C=CC=CC1=CC=C1C=C(Cl)c2cccnc2C1=O,THF,37.4,592.0
N#Cc1c(N)nc(N)c(C#N)c1-c1ccccc1Cl,THF,37.4,339.0
c1ccc(P(CP(c2ccccc2)c2ccccc2)c2ccccc2)cc1,THF,37.4,431.0
C(#Cc1ccc(-n2c3ccccc3c3ccccc32)cc1)c1ccc(-n2c3ccccc3c3ccccc32)cc1,DCM,40.7,372.0
N#CC(=Cc1cccc2ccccc12)c1ccc(N(c2ccccc2)c2ccc3ccccc3c2)cc1,THF,37.4,404.0
c1ccc2[nH]c(-c3ccncc3)nc2c1,DMF,43.2,314.0
CCCn1c(N=Nc2nc3ccc(C)cc3s2)ccc1-c1cccs1,DMSO,45.1,520.0
CC1(C)c2cc(-c3ccccc3)cc(-c3ccccc3)c2N2CC(=O)NC21C,THF,37.4,287.0
Oc1ccc2ccccc2c1-c1nc2c(c3c1-c1ccccc1CC3)-c1ccccc1CC2,DCM,40.7,346.0
Cn1c2ccccc2c2cc(-c3cccc4c3Oc3c(-c5ccc6c(c5)c5ccccc5n6C)cccc3C4(C)C)ccc21,Chloroform,39.1,241.0
COc1ccc(-n2c(N=Nc3ccc4ncsc4c3)ccc2-c2cccs2)cc1,DMSO,45.1,474.0
CCCN1c2ccccc2Sc2cc(C=Cc3cc(=O)oc4cc(C)ccc34)ccc21,Chloroform,39.1,424.0
c1ccc(-c2nc3c(c4c2-c2ccccc2CC4)-c2ccccc2CC3)cc1,DMSO,45.1,318.0
CC1CC=C(c2ccc(-c3cccs3)s2)CC1,Ethanol,51.9,343.0
N#CC(=Cc1cc(-c2ccc(C=C(C#N)c3ccc(-c4ccc5ccccc5c4)cc3)cc2)cs1)c1ccccc1,THF,37.4,361.0
COC(=O)[C@H](Cc1ccc2oc(-c3ccc(C)cc3)nc2c1)NC(=O)OC(C)(C)C,Methanol,55.4,342.0
COc1ccc(-c2cc3c(C#N)c4c5c(oc(=O)c4c(=N)n3[nH]2)-c2ccccc2CC5)cc1,DMF,43.2,428.0
Cn1c2ccccc2c2cc(C=C(C#N)c3ccc(C=C(C#N)C(=O)O)s3)ccc21,Chloroform,39.1,488.0
COc1ccc(C#Cc2ccc(N(c3ccc(C#Cc4ccc(OC)nn4)cc3)c3ccc(C#Cc4ccc(OC)nn4)cc3)cc2)nn1,DCM,40.7,375.0
CCN(CC)c1ccc2cc(C=CC(=O)c3c(O)c4ccc(N(CC)CC)cc4oc3=O)c(=O)oc2c1,Acetonitrile,45.6,511.0
Cc1ccc2c(C=Cc3ccc4c(c3)c3ccccc3n4C)cc(=O)oc2c1,Chloroform,39.1,393.0
Cc1ccc(C#Cc2cccc(-c3cccc(C#Cc4ccc(C)s4)n3)n2)s1,Acetonitrile,45.6,340.0
COc1ccc(-c2ccc(C3=C4C(=O)N(C(=O)OC(C)(C)C)C(c5ccc(-c6ccc(OC)cc6)cc5)=C4C(=O)N3C(=O)OC(C)(C)C)cc2)cc1,DCM,40.7,468.0
C=CCN1c2ccccc2C(C)(C)C12C=Cc1c(c(-c3nc(-c4ccccc4)c(-c4ccccc4)o3)cc3ccccc13)O2,Toluene,33.9,304.0
Nc1nc(=O)n([C@H]2C[C@H](O)[C@@H](CO)O2)cc1-c1ccco1,EthylAcetate,38.1,310.0
O=C1C=CC=C2C1=Cc1ccccc12,Ethanol,51.9,553.0
CCOc1c(F)c(F)c(C2=C(C)C(=O)n3c2cc2c(C)cc(C)n2c3=O)c(F)c1F,Cyclohexane,30.9,448.0
CCOC(=O)C1=C(c2ccccc2)N(C)C(=O)C1=Cc1ccc(-c2ccccc2)cc1,Other,,590.0
CN(C)c1ccc(C=Cc2ccn3cc(-c4ccccc4)nc3c2)cc1,Toluene,33.9,554.0
C(=NNc1ncnc2nc[nH]c12)c1ccccc1,Ethanol,51.9,268.0
c1ccc(-c2c3ccccc3c(-c3cccc(-c4c5ccccc5c(-c5ccccc5)c5ccccc45)c3)c3ccccc23)cc1,DCM,40.7,437.0
CCOC(=O)c1cc2cc3ccccc3nc2nc1C,Acetone,42.2,362.0
Cc1cc(=O)oc2cc3[nH]c(C=Cc4ccccc4)nc3cc12,Methanol,55.4,374.0
CC1=NN(c2ccccc2)C(=O)C1=Cc1cn(Cc2ccccc2)c2ccccc12,DCM,40.7,412.0
CSc1cn(N=Nc2ccc(O)c3ncccc23)nn1,Methanol,55.4,484.0
CC1(C)c2ccccc2-c2cc3c(C#Cc4ccc(C(F)(F)F)cc4)c4ccccc4c(C#Cc4ccc(C(F)(F)F)cc4)c3cc21,DCM,40.7,483.0
Nc1ccc(Nc2nc(N3CCOCC3)nc(N3CCOCC3)n2)cc1,DCM,40.7,278.0
CN(C)c1ccc(C2=C3C(=O)NC(c4ccc(N(C)C)cc4)=C3C(=O)N2)cc1,DMSO,45.1,562.0
Cc1ccccc1N=Nc1c(N)n2c(nc3ccccc32)[nH]c1=O,Chloroform,39.1,417.0
CC(C)(C)c1ccc(Cn2nc(-c3ccc(Cl)cc3)cc2-c2nnc(-c3cccc(Br)c3)o2)cc1,DCM,40.7,274.0
Cc1ccc2oc(=O)cc(C=Cc3ccc4c(c3)Sc3ccccc3N4C)c2c1,Chloroform,39.1,423.0
Cc1ccc(-c2nnc(-c3cc(-c4ccc(Cl)cc4)nn3Cc3ccc(Cl)nc3)o2)cc1,DCM,40.7,275.0
Cc1c(-c2nnc(C=Cc3ccccc3)o2)sc2sc(-c3nnc(C=Cc4ccccc4)o3)c(C)c12,Ethanol,51.9,364.0
c1cc2ccc3cccc4ccc(c1)c2c34,THF,37.4,373.0
Cc1ccc(N=Nc2ccc(O)c3ncccc23)cc1,DMSO,45.1,397.0
CCOC(=O)c1c(N)sc(N=Nc2ccc(OC)cc2)c1-c1ccccc1,DMSO,45.1,469.0
CN(C)c1ccc(-c2nc(C=CC=Cc3ccc([N+](=O)[O-])cc3)[nH]c2-c2ccc(N(C)C)cc2)cc1,DCM,40.7,474.0
CC(C)c1cccc(C(C)C)c1N=C1N=C2C=CC=CN2C1=Nc1c(C(C)C)cccc1C(C)C,THF,37.4,531.0
CC1CCCc2cc3cc4ccccc4nc3nc21,DMF,43.2,365.0
Cn1c2ccccc2c2ccc(-c3cccc4c3Oc3c(-c5ccc6c7ccccc7n(C)c6c5)cccc3C4(C)C)cc21,Chloroform,39.1,262.0
Cc1nccnc1C(=O)C=Cc1ccc(Cl)cc1,Ethanol,51.9,305.0
O=c1[nH][nH]c2c1cnc1c2c(-c2ccc(Cl)cc2)nn1-c1ccccc1,DMSO,45.1,384.0
COc1ccc(C#Cc2ccc(C#Cc3ccc(OC)c(OC)c3)c3nsnc23)cc1OC,DCM,40.7,445.0
COC(=O)c1c(C(=O)OC)c2ccc(-c3ccc(OC)cc3)nn2c1C(=O)OC,Methanol,55.4,445.0
F[B-]1(F)[O+]=c2c(c3ccccc3n2Cc2ccccc2)=NN1c1ccccc1,THF,37.4,437.0
COc1ncccc1-c1ccc2c(c1)c1ccccc1n2Cn1c2ccccc2c2cc(-c3cccnc3OC)ccc21,THF,37.4,283.0
O=C1c2ccccc2C(=O)c2c1ccc1nc(-c3ccc(F)cc3)c(-c3ccc(F)cc3)nc21,Hexane,31.0,264.0
N#Cc1ccc(-c2nc3c(c4c2-c2ccccc2CC4)-c2ccccc2CC3)cc1,Chloroform,39.1,326.0
CC(=O)Nc1ccc(N=Nc2nc3ccccc3s2)cc1,Methanol,55.4,385.0
O=C1NC(c2ccccc2)=C2C(=O)OC(c3ccc(Br)cc3)=C12,DMSO,45.1,493.0
O=S(=O)(O)Cc1ccccc1,Methanol,55.4,574.0
COc1cc(N=Nc2ccccc2)cc(C=Nn2cc(C(=O)c3ccccc3)c(-c3ccccc3)nc2=O)c1O,EthylAcetate,38.1,288.0
CCn1c2ccccc2c2cc(-c3nc(-c4ccccc4)c(-c4ccccc4)n3-c3ccc(OC)cc3)ccc21,Toluene,33.9,305.0
NS(=O)(=O)c1ccc([N+](=O)[O-])cc1,Acetonitrile,45.6,261.0
C(=Cc1c2ccccc2cc2ccccc12)c1ccc(-c2ccnc(-c3cccc(-c4ccccc4)n3)c2)cc1,DMF,43.2,498.0
CCOC(=O)c1c(C(=O)OCC)c2cccc(-c3ccccn3)n2c1C(=O)c1ccc(Br)cc1,Methanol,55.4,244.8
CN1c2ccccc2Sc2cc(C=[N+]([O-])c3cccc(Br)c3)ccc21,DCM,40.7,317.0
CCOc1ccc(N=Nc2ccc(O)c3ncccc23)cc1,DMSO,45.1,410.0
CCOC(=O)C(C=C(c1ccccc1)c1ccccc1)(CC)C(=O)OCC,Acetonitrile,45.6,194.0
Oc1ccccc1-c1sc(-c2ccccn2)nc1O,Dioxane,36.0,377.0
CNc1ccc2c3c(cccc13)C(=O)N(C(=O)OC)C2=O,DMSO,45.1,449.0
Cc1nccnc1C(=O)C=Cc1ccc(F)cc1,Ethanol,51.9,305.0
c1csc(-c2ccc(N=Nc3nc4ccccc4s3)n2-c2cccc3ccccc23)c1,DMSO,45.1,528.0
CC1c2ccccc2-c2cc3c(C#Cc4ccccc4)c4ccccc4c(C#Cc4ccccc4)c3cc21,DCM,40.7,480.0
Cn1c2ccc(C(C#N)=Cc3ccc(C#N)cc3)cc2c2ccc(C(C#N)=Cc3ccc(C#N)cc3)cc21,DCM,40.7,412.0
CC1(C)c2cc(-c3ccccc3)ccc2N2CC(=O)NC21C,THF,37.4,345.0
CN(C)C(=CC=Cc1ccccc1)c1ccc(C#N)cc1,Hexane,31.0,410.0
CC(=O)C(=O)c1ccccc1,Acetonitrile,45.6,450.0
CN1c2ccccc2Sc2ccc(C=Nc3ccc4ccccc4c3)cc21,DCM,40.7,287.0
O=c1cc(O)c2ccccc2n1-c1ccccc1,Methanol,55.4,400.0
COc1ccccc1,Acetonitrile,45.6,422.0
Cc1ccc(C=C(C#N)c2ccc(N(c3ccccc3)c3ccc4ccccc4c3)cc2)cc1,THF,37.4,401.0
CC(C)CN1C(=O)c2cccc3c(N(C)CCO)ccc(c23)C1=O,Acetone,42.2,412.0
O=C1Cc2ccccc2C1=O,Other,,613.0
CCOc1ccc(-c2ccc(N=Nc3nccs3)s2)s1,Dioxane,36.0,531.0
Cc1c(C(N)=O)c(=O)oc2cc3c(cc12)nc(Nc1ccc(Cl)c(Cl)c1)n3CCCN1CCCC1=O,Ethanol,51.9,364.0
N#CC(=Cc1ccc2ccccc2c1)c1ccc(N(c2ccccc2)c2ccccc2)cc1,THF,37.4,412.0
COc1ccc(CNc2ncnc3[nH]c(C=Cc4ccc(C#N)cc4)nc23)cc1,DMSO,45.1,371.0
CC1(C)c2ccccc2-c2cc3c(C#C[Si](C)(C)C)c4ccccc4c(C#C[Si](C)(C)C)c3cc21,DCM,40.7,455.0
COc1ccc(N=Nc2nc3ccc([N+](=O)[O-])cc3s2)cc1,Methanol,55.4,407.0
CCOC(=O)C1=C(c2ccccc2)NC(=O)C1=NNc1ccccc1O,THF,37.4,460.0
Cc1cc(C)n(-c2nc3ccccc3s2)n1,DMSO,45.1,287.0
CN1c2ccccc2Sc2cc(N=Cc3cccc4c3Sc3ccccc3N4C)ccc21,DCM,40.7,411.0
CC1c2ccccc2-c2cc3[nH]c(-c4ccccc4)nc3cc21,DMSO,45.1,356.0
CSc1nc(-c2ccc(-n3c4ccccc4c4ccccc43)cc2)cc(-c2ccc(-n3c4ccccc4c4ccccc43)cc2)n1,Toluene,33.9,291.0
O=C1C(Cl)=C(N(Cc2ccccc2)Cc2ccccc2)C(=O)C(Cl)=C1N(Cc1ccccc1)Cc1ccccc1,Chloroform,39.1,479.0
CCN(CC)c1ccc(C=C(C#N)c2ccc(-c3nc4ccc(C(=O)O)cc4[nH]3)s2)cc1,DMF,43.2,460.0
COc1ccc(-c2nc(O)c(-c3ccccc3O)s2)cc1,Dioxane,36.0,357.0
Oc1ccc(N=Nc2nc(-c3ccc(Cl)cc3)cs2)c2cccnc12,DMSO,45.1,569.0
C1=C(c2ccc(-c3cccs3)s2)CCC(c2ccccc2)C1,Hexane,31.0,347.0
COc1cc2[nH]c3ccsc3c2cc1OC,DMSO,45.1,259.0
Brc1ccc(-c2cn3ccc(C=Cc4cccs4)cc3n2)cc1,Toluene,33.9,393.0
CN(C)c1ccc(C#Cc2ccc(C=C(C#N)C(=O)O)s2)cc1,DCM,40.7,480.0
CN(C)c1ccc(C=Cc2c(F)c(F)c(C=Cc3ccc(N(C)C)cc3)c(F)c2F)cc1,DCM,40.7,408.0
Nc1ccc2c3cccc4cccc(c5cccc1c52)c43,Acetonitrile,45.6,468.0
CCn1c2ccccc2c2nc3ccc4c(=O)[nH][nH]c(=O)c4c3nc21,DMF,43.2,401.0
Cc1cc(C)c(B(c2ccc(B3N(C(C)(C)C)CCN3C(C)(C)C)s2)c2c(C)cc(C)cc2C)c(C)c1,Cyclohexane,30.9,331.0
COC(=O)c1c(C(=O)OC)c2ccc(C#Cc3ccc(F)cc3)nn2c1C(=O)OC,DMSO,45.1,467.0
COC(=O)CN1C(=O)c2cccc3c(N4CCOCC4)ccc(c23)C1=O,DMSO,45.1,399.0
COc1ccc(-c2nc3c(c4c2-c2ccc(C#N)cc2CC4)-c2ccc(C#N)cc2CC3)cc1,Acetonitrile,45.6,336.0
CC1c2cc(Br)ccc2-c2cc3c(C#Cc4ccccc4)c4ccccc4c(C#Cc4ccccc4)c3cc21,DCM,40.7,481.0
CCOCCCn1c(Nc2ccc([N+](=O)[O-])cc2)nc2cc3c(C)c(C(N)=O)c(=O)oc3cc21,Ethanol,51.9,382.0
Nc1c(N=Nc2ccccc2Cl)c(=O)[nH]c2nc3ccccc3n12,Chloroform,39.1,425.0
CC1(C)c2cc(-c3cccc4c3sc3ccccc34)ccc2N2CC(=O)NC21C,THF,37.4,333.0
Cc1cc2nc(N=Nc3c(C)n(C)c4ccccc34)sc2cc1C,Chloroform,39.1,517.0
Cc1c(C(=O)C=Cc2ccco2)nnn1-c1ccnc2cc(Cl)ccc12,Methanol,55.4,234.0
CC1=C(c2ccc(CN[C@@H]3C[C@H]3NCc3ccc(C4=CCC4C)s3)s2)CC1,Ethanol,51.9,310.0
Nc1nc2c(nc(-c3ccco3)n2[C@@H]2O[C@H](CO)[C@@H](O)[C@H]2O)c(=O)[nH]1,EthylAcetate,38.1,294.0
CC(=O)c1ccc(N=NC=C2N(C)c3ccccc3C2(C)C)cc1,THF,37.4,461.0
CN(C)c1ccc(C=Cc2ccn3cc(-c4ccccc4-c4ccc(Br)cc4)nc3c2)cc1,Toluene,33.9,415.0
Fc1ccc(-n2c(N=Nc3ccc4ncsc4c3)ccc2-c2cccs2)cc1,DMSO,45.1,468.0
COc1ccc(-c2cc3c(=O)[nH]c(-c4ccc(Cl)cc4)cn3n2)cc1,THF,37.4,334.0
O=C(O)Cc1ccccc1F,DMSO,45.1,357.0
CCCCn1c2cc(C=C(C#N)C(=O)O)sc2c2sc(-c3ccc(N(c4ccccc4)c4ccccc4)cc3)cc21,Chloroform,39.1,610.0
Cc1ccc(C=CC(=O)c2nnn(-c3ccnc4cc(Cl)ccc34)c2C)cc1,Methanol,55.4,234.0
CCOC(=O)C1=C(c2ccccc2)NC(=O)C1=Cc1ccc(-c2cccs2)s1,Other,,710.0
CCN(CC)c1ccc(-c2nc3ccc(-n4nc5ccc6ccccc6c5n4)cc3[nH]2)c(O)c1,DMSO,45.1,385.0
O=[N+]([O-])c1cccc(C=NNC(=Cc2ccc3ccccc3n2)c2ccccc2)c1,Ethanol,51.9,425.0
CO[Si](CCCSC(=O)c1cccnc1C(=O)SCCC[Si](OC)(OC)OC)(OC)OC,Chloroform,39.1,284.0
CCOC(=O)c1cc2cc3cc(OC)ccc3nc2[nH]c1=O,Acetone,42.2,382.0
CCCOc1ccc(C=CC(=C=O)CC(C=Cc2ccc(OCCC)c(OC)c2)OCCC)cc1OC,DMSO,45.1,506.0
O=CNC1=CC(=O)C(=O)c2ccccc21,Ethanol,51.9,274.0
c1ccc(Nc2nc(Nc3ccccc3)nc(Nc3ccc4cc5ccccc5cc4c3)n2)cc1,Dioxane,36.0,402.0
CCN(CC)c1ccc(C=Cc2ccc(C=Cc3ccccc3)cc2)cc1,Benzene,34.3,411.0
CC(C)(C)c1ccc(Cn2nc(-c3ccccc3)cc2-c2nnc(-c3ccccc3)o2)cc1,DCM,40.7,271.0
CCCN1c2ccccc2Sc2cc(C=Cc3cc(=O)oc4c(O)c(O)ccc34)ccc21,Chloroform,39.1,427.0
CC(=O)c1ccc(N=Nc2ccc(O)c3ncccc23)cc1,DMSO,45.1,417.0
N#Cc1ccccc1-c1c(C#N)c(N)nc(N)c1C#N,THF,37.4,493.0
O=S(=O)(c1cccc(N2N=C(c3cccs3)CC2c2ccccc2)c1)c1cccc(N2N=C(c3cccs3)CC2c2ccccc2)c1,DCM,40.7,370.0
Cc1c(O)ccc(N=Nc2ccc([N+](=O)[O-])cc2[N+](=O)[O-])c1O,Acetone,42.2,418.0
O=C1C(=CC=CC=C2C=C(c3ccccc3)OC(c3ccccc3)=C2)C(=O)c2cscc21,DCM,40.7,613.0
C(#Cc1cccs1)c1ccc(-n2c3ccccc3c3ccccc32)cc1,DCM,40.7,332.0
Cc1cc(C)c(B(c2ccc(C#Cc3cc4ccccc4n3C)cc2)c2c(C)cc(C)cc2C)c(C)c1,Cyclohexane,30.9,370.0
O=[N+]([O-])c1ccc(-c2c3nc(c(-c4ccccc4)c4ccc([nH]4)c(-c4ccccc4)c4nc(c(-c5ccccc5)c5ccc2[nH]5)C=C4)C=C3)cc1,DCM,40.7,412.0
O=C(NCC12CC3CC(C1)CC(CNC(=O)Nc1c4ccccc4cc4ccccc14)(C3)C2)Nc1c2ccccc2cc2ccccc12,DMSO,45.1,412.0
COC(=O)c1c(C(=O)OC)c2cccnn2c1C(=O)c1ccc(F)cc1,Cyclohexane,30.9,446.0
Oc1ccc2ccccc2c1C=NN=Cc1ccc2ccc3cccc4ccc1c2c34,Acetonitrile,45.6,416.0
Oc1ccccc1-c1nc2c(o1)c(-c1nc3ccccc3s1)cc1ccccc12,DMF,43.2,330.0
COc1cc(C=Cc2ccc([N+](=O)[O-])cc2)ccc1OCCO,Methanol,55.4,397.0
c1ccc(-c2nc3ccccc3s2)nc1,Methanol,55.4,300.0
CC1c2cc(-c3ccc4ccc5cccc6ccc3c4c56)ccc2-c2cc3nc4c5cccc6ccc7cccc(c4nc3cc21)c7c65,DMSO,45.1,429.0
Oc1ccc(N=Nn2ccnn2)c2cccnc12,Methanol,55.4,487.0
N#CC(=Cc1ccc(N(c2ccccc2)c2ccccc2)cc1)c1ccccc1,Cyclohexane,30.9,403.0
Nc1nc(-c2ccc(NC(=O)c3ccccc3)cc2)c(N=Nc2ccccc2[N+](=O)[O-])s1,DMSO,45.1,505.0
Cc1c(-c2nnc(-c3cccs3)o2)sc2sc(-c3nnc(-c4cccs4)o3)c(C)c12,Ethanol,51.9,355.0
Fc1ccc(-c2cc3cc(-c4nnc(-c5ccccc5)o4)ccn3n2)cc1,Cyclohexane,30.9,383.0
Cc1ccc(C(=Cc2ccc3ccccc3n2)NN=Cc2ccc([N+](=O)[O-])cc2)cc1,Ethanol,51.9,438.0
O=c1[nH][nH]c(=O)c2cc3nc(-c4ccccc4)c(-c4ccccc4)nc3cc12,DMF,43.2,364.0
COC(=O)c1c(C(=O)OC)c2ccc(C=Cc3ccc(OC)cc3)nn2c1C(=O)OC,Methanol,55.4,466.0
Nc1ccc(C=C2Oc3ccccc3C2=O)cc1,Methanol,55.4,442.0
CC(=O)NC(=O)[C@@H](N)Cc1c[nH]c2ccccc12,Cyclohexane,30.9,350.0
CCN1CCN(CC)c2cc3oc(=O)c(-c4nc5ccccc5s4)cc3cc21,Methanol,55.4,501.0
N#Cc1c2c3c(oc(=O)c2c(=N)n2[nH]c(-c4ccc(F)cc4)cc12)-c1ccccc1SC3,DMF,43.2,441.0
CCC1=C(C)C(=O)NC1=Cc1[nH]c(C(C)(C)c2[nH]c(C=C3NC(=O)C(C)=C3CC)c(C)c2C(=O)OC)c(CC(=O)OC)c1C,Benzene,34.3,435.0
C=CCCc1c2ccccc2cc2ccccc12,Acetonitrile,45.6,370.0
Fc1ccc(C=Cc2ccc3c4c(ccc3c2)OC(c2ccccc2)(c2ccccc2)C4=C=C(c2ccccc2)c2ccccc2)cc1,THF,37.4,460.0
CC1C(=O)c2cccc3cc(N=Cc4ccc(-c5ccc(C=Nc6cc7c8c(cccc8c6)C(=O)CC7=O)s5)s4)cc(c23)C1=O,Chloroform,39.1,429.0
CN1C(=O)c2cccc3cc(N=Cc4ccc(-c5cccs5)s4)cc(c23)C1=O,Chloroform,39.1,387.0
CCOC(=O)c1cc(C(N)=O)n2ncccc12,Ethanol,51.9,437.0
Oc1ccccc1-c1nc2c(ccc3c4ccccc4ccc32)[nH]1,DMSO,45.1,368.0
O=C1C(=Cc2cc3c4c(c2)CCCN4CCC3)Oc2ccccc21,Methanol,55.4,503.0
Cc1ccn2c3c(c(C(=O)c4ccccc4C(=O)O)c2c1)C(=O)c1ccccc1C3=O,DMF,43.2,504.0
CCOC(=O)c1cc(C(=O)c2ccc(C)cc2)n2ncccc12,Cyclohexane,30.9,437.0
Oc1c2cccc1Cc1cccc(c1O)Cc1cccc(c1O)Cc1cccc(c1O)C2,DMF,43.2,491.0
c1ccc(N(c2ccccc2)c2ccc(-c3ccc(-c4ccc(-c5ccncn5)s4)cc3)cc2)cc1,Acetonitrile,45.6,385.0
COc1cc2c(OC)c(OC)c3cc(OC)cc4c(OC)c(OC)c(c1)c2c34,DMF,43.2,399.0
CN(C)c1ccc(-c2nc3c(c4c2-c2ccc(C#N)cc2CC4)-c2ccc(C#N)cc2CC3)cc1,DMSO,45.1,348.0
Clc1ccc(-c2cc(-c3nnc(COc4ccc(Cl)cc4Cl)o3)n(Cc3ccc(Cl)nc3)n2)cc1,DCM,40.7,261.0
O=[N+]([O-])c1ccc(-c2cnc3cc(O)c(-c4nc5cc([N+](=O)[O-])ccc5[nH]4)cc3c2)cc1,DMF,43.2,331.0
CCOC(=O)c1cc2cc(C(=O)c3ccccc3)cn2cc1-c1cccs1,DCM,40.7,280.0
CCN(CCO)c1ccc(N=Nc2nc(-c3ccc(Cl)cc3Cl)cs2)cc1,DMF,43.2,550.0
CCOC(=O)C(C#N)=C1c2ccccc2-c2c1sc(N)c2C#N,Acetone,42.2,599.0
Oc1c(Cl)cc(Cl)cc1C=Nc1nc2ccccc2s1,Methanol,55.4,270.0
COC(=O)c1c(C(=O)OC)c2cccnn2c1C(=O)c1ccc(C)cc1,Cyclohexane,30.9,451.0
COc1ccc(-c2nc3c(c4c2-c2ccc(Br)cc2CC4)-c2ccc(Br)cc2CC3)cc1,Chloroform,39.1,361.0
O=c1nc2c(-c3ccccc3)c(-c3ccccc3)nc-2c1=O,Toluene,33.9,533.0
O=C1C(=CC=C2C=C(c3ccccc3)SC(c3ccccc3)=C2)C(=O)c2ccccc21,DCM,40.7,556.0
Clc1nc(Cl)nc(Nc2ccc3cc4ccccc4cc3c2)n1,Dioxane,36.0,398.0
OC1(c2ccc(-c3cccs3)s2)CCC(c2ccccc2)CC1,Ethanol,51.9,314.0
NCc1ccccc1-c1ccccc1-c1nc2ccccc2s1,Methanol,55.4,378.0
CCCOc1cc2c(cc1C=C(c1ccccc1)c1ccccc1)c1cc(C=C(c3ccccc3)c3ccccc3)ccc1n2CCC,THF,37.4,474.0
CC(C)(C)C1CCC(=CSC=Cc2ccc(C=CSC=C3CCC(C(C)(C)C)CC3)cc2)CC1,DCM,40.7,351.0
O=[N+]([O-])c1cc2c(c([N+](=O)[O-])c1)-c1c(cc([N+](=O)[O-])cc1[N+](=O)[O-])C2=CC=CC=c1c2cccc3cccc(c32)n1Cc1ccccc1,Toluene,33.9,772.0
O=C1c2ccccc2C(=O)c2c1ccc1nc(-c3ccccc3)c(-c3ccccc3)nc21,Hexane,31.0,262.0
c1ccc2ocnc2c1,DMF,43.2,390.0
Cc1cccc(Nc2ccccc2C(=O)O)c1C,DMF,43.2,545.0
O=c1oc2ccccc2cc1-c1csc(N=Nc2ccc(Nc3ccccc3)cc2)n1,DMSO,45.1,512.0
COc1ccccc1OCc1nnc(-c2cc(-c3ccc(Cl)cc3)nn2Cc2ccc(C(C)(C)C)cc2)o1,DCM,40.7,262.0
CN(C)c1ccc(C=Cc2ccn3cc(-c4ccccc4-c4ccc(Cl)cc4)nc3c2)cc1,Toluene,33.9,430.0
Cc1ccc(-c2nnc(-c3ccn4c(C)nc(Cl)c4c3)o2)cc1,DCM,40.7,294.0
Nc1nn2c(-c3ccccc3)ccnc2c1N=Nc1ccccc1,Cyclohexane,30.9,430.0
O=C(O)c1cc([N+](=O)[O-])c(N=Nc2ccc(O)c3ccccc23)c([N+](=O)[O-])c1,EthylAcetate,38.1,440.0
C#Cc1nc(C=Cc2ccc(N(C)C)cc2)cc(C=Cc2ccc(N(C)C)cc2)n1,DCM,40.7,440.0
COc1ccc(-c2ccc3c(c2)C(C)(C)C2(C)NC(=O)CN32)cc1,THF,37.4,274.0
CO[Si](CCCSC(=O)c1ccc(-c2ccccc2)cc1)(OC)OC,Chloroform,39.1,290.0
COC(=O)c1ccc2nc3c4ccccc4c4ccccc4c3nc2c1C(=O)OC,DMF,43.2,404.0
Cc1ccc(-c2nc3ccc4c(c3nc2-c2ccc(C)cc2)C(=O)c2ccccc2C4=O)cc1,Hexane,31.0,266.0
Cc1ccc2cc3ccccc3nc2n1,Acetone,42.2,368.0
N#Cc1c(N)nc(N)c(C#N)c1-c1cccc([N+](=O)[O-])c1,THF,37.4,337.0
COC(=O)c1c(C(=O)OC)c2cc(C)ccn2c1-c1nc(C#N)c(C#N)nc1-c1ccccc1,THF,37.4,452.0
Cc1ccc2c(-c3cc(-c4cc5c(ccc6ccccc65)oc4=O)nc(-c4cc5c(ccc6ccccc65)oc4=O)c3)cc(=O)oc2c1,Other,,385.0
CCOC(=O)c1cc2cc3cc(OC)ccc3nc2nc1C,Acetone,42.2,370.0
CCOC(=O)C1=C(c2ccccc2)NC(=O)C1=Cc1cccs1,Other,,544.0
CC(C)(C)c1cc2ccc3ccc(-c4ccc5ccc6cccc7ccc4c5c67)c4ccc(c1)c2c34,DMF,43.2,350.0
O=C1NNC(O)c2ccc3nc(-c4ccccc4)c(-c4ccccc4)nc3c21,DMF,43.2,367.0
c1ccc2nc3nc4c(cc3cc2c1)CCC4,DMF,43.2,360.0
CCCOC(=O)c1ccncc1C(=O)OCCC,Acetonitrile,45.6,396.0
CO[Si](CCCSC(=O)c1ccccn1)(OC)OC,Chloroform,39.1,265.0
CN(C)c1ccc(C#Cc2cc(C#Cc3ccc(N(C)C)cc3)nc(Cl)n2)cc1,Chloroform,39.1,434.0
O=c1[nH][nH]c(=O)c2cc3nc4c5ccccc5c5ccccc5c4nc3cc12,DMF,43.2,411.0
Cc1ccc(N=Nc2c(N)n3c(nc4ccccc43)[nH]c2=O)cc1,Chloroform,39.1,422.0
CCN1C(=O)C(=Cc2ccc(N(C)CCO)cc2)C(=O)N(CC)C1=S,DMF,43.2,504.0
CONc1c([N+](=O)[O-])cc(C(=O)NCC2COCCOCCOCCOCCOCCO2)cc1[N+](=O)[O-],Methanol,55.4,374.0
CC1(C)c2ccccc2C(C)(C)c2ccccc21,Hexane,31.0,256.0
C(=Cc1cc(C=CC=C2C=C(c3ccccc3)OC(c3ccccc3)=C2)ncn1)C=C1C=C(c2ccccc2)OC(c2ccccc2)=C1,DCM,40.7,503.0
COc1ccc(-c2cn3ccc(C=Cc4ccccc4)cc3n2)cc1,Toluene,33.9,433.0
CCOC(=O)c1c(O)c(N=Nc2ccc(OC)cc2)c2ccccc2c1O,DMSO,45.1,485.0
Clc1cccc(-n2cccc2)c1,Chloroform,39.1,311.0
CC(C)(C)[Si](C)(C)OC[C@H]1OC(n2ccc(=O)[nH]c2=O)=C(F)[C@@H]1O[Si](C)(C)C(C)(C)C,Methanol,55.4,261.0
CCCSC(=O)c1ccc(C(=O)SCCC)nc1,Acetonitrile,45.6,613.0
COc1ccc(-n2c3cc(C=C(C#N)C(=O)O)sc3c3sc(-c4ccc(N(c5ccccc5)c5ccccc5)cc4)cc32)cc1,Chloroform,39.1,610.0
CCN(CC)c1ccc(N=Nc2nc3ccc(C)cc3s2)c(O)c1,Methanol,55.4,532.0
C(=CC=C1C=C(c2ccccc2)OC(c2ccccc2)=C1)C=Cc1ccncn1,DCM,40.7,469.0
COC(=O)COc1nc(-c2ccc3ccc4cccnc4c3n2)sc1C,Acetonitrile,45.6,234.0
c1csc(-c2ccc3ccc4c(-c5cccs5)ccc5ccc2c3c54)c1,Chloroform,39.1,371.0
CCN1C(=O)C(=CC=c2c3cccc4cccc(c43)n2Cc2ccccc2)C(=O)N(CC)C1=S,Ethanol,51.9,613.0
Nc1ncnc2c1ncn2[C@H]1C[C@H](O)[C@@H](COP(=O)(O)OP(=O)(O)OP(=O)(O)O)O1,Toluene,33.9,519.0
Cc1ccc2nc(N=Cc3cc(Cl)cc(Cl)c3O)sc2c1,Methanol,55.4,273.0
CCC1=C(C)C(=O)NC1=Cc1[nH]c(C(C)(C)c2[nH]c(C=C3NC(=O)C(C)=C3CC)c(C)c2C(=O)OC)c(CC(=O)OC)c1C,Benzene,34.3,433.0
Cc1nn2c(N=Nc3ccc(Cl)cc3)c(-c3ccccc3)[nH]c2c1N=Nc1ccccc1,Dioxane,36.0,532.0
O=c1cc(-c2cc(-c3cc4ccccc4oc3=O)nc(-c3cc4ccccc4oc3=O)c2)c2ccc3ccccc3c2o1,Other,,350.0
Oc1ccccc1C1=NCCO1,Ethanol,51.9,250.0
Oc1ccc(N=Nc2ccc(Cl)cc2)c2cccnc12,DMSO,45.1,406.0
COc1ccc(C=Cc2ccn3cc(-c4ccccc4)nc3c2)cc1,Toluene,33.9,384.0
CN1C(=CN=Nc2ccc(C=C(C#N)C#N)cc2)C(C)(C)c2ccccc21,THF,37.4,540.0
CCN(CC)c1ccc(-c2nc3ccc(-n4nc5ccc6ccc(S(=O)(=O)O)cc6c5n4)cc3[nH]2)c(O)c1,DMSO,45.1,379.0
N#CC(=Cc1cccc2ccccc12)c1ccc(N(c2ccccc2)c2ccccc2)cc1,THF,37.4,400.0
O=[N+]([O-])c1cc2c(c([N+](=O)[O-])c1)-c1c(cc([N+](=O)[O-])cc1[N+](=O)[O-])C2=CC=CC=CC=C1N(c2ccccc2)c2ccccc2N1c1ccccc1,Toluene,33.9,873.0
CN1C(=CN=Nc2ccc(C=C3C(=C(C#N)C#N)CC(C)(C)CC3=C(C#N)C#N)cc2)C(C)(C)c2ccccc21,THF,37.4,429.0
COc1ccc(C#Cc2ccc(-c3c(F)c(F)c(-c4ccc(C#Cc5ccc(OC)cc5)cc4)c(F)c3F)cc2)cc1,DCM,40.7,330.0
C=C(COc1ccc(C(=O)c2ccccc2)cc1)C(=O)O,DMF,43.2,289.0
C[Si](C)(C#CC1=C(c2ccccc2)C(c2ccccc2)=C(C#C[Si](C)(C)c2ccccc2)[Si]1(C)c1ccccc1)c1ccccc1,THF,37.4,210.0
O=c1oc2ccccc2c(O)c1N=Nc1nc(-c2ccccc2)cs1,Ethanol,51.9,293.0
c1ccc(-c2nc3ccc(-c4ccc5nc(-c6ccccc6)oc5c4)cc3o2)cc1,Other,,330.0
O=[N+]([O-])c1ccc2nc(N=Nc3ccccc3Cl)sc2c1,Methanol,55.4,352.0
CN1C(=CC2=C([O-])C(=CC3=[N+](C)c4ccc(-c5ccccc5)cc4C3(C)C)C2=O)C(C)(C)c2cc(-c3ccccc3)ccc21,Chloroform,39.1,658.5
Nc1c(N=Nc2ccc(Cl)cc2)c(=O)[nH]c2nc3ccccc3n12,Chloroform,39.1,400.0
CCOC(O)C(=O)c1ccccc1,Ethanol,51.9,413.0
CCn1c2ccccc2c2cc(-c3ccc(-c4ccncn4)s3)ccc21,Acetonitrile,45.6,385.0
O=C(OC1=CC=CC(=COc2ccc(C=Cc3ccc([N+](=O)[O-])cc3)cc2)C1)c1ccc(C(=O)c2ccccc2)cc1,THF,37.4,374.0
Cc1nc(-c2ccc(-n3c4ccccc4c4ccccc43)cc2)cc(-c2ccc(-n3c4ccccc4c4ccccc43)cc2)n1,Toluene,33.9,286.0
O=[N+]([O-])c1ccccc1-c1scc2c1OCCO2,DCM,40.7,345.0
COc1ccc2oc(=O)cc(-c3cc(-c4cc5ccccc5oc4=O)nc(-c4cc5ccccc5oc4=O)c3)c2c1,Other,,355.0
CC(C)(C)C1=CC(=CC=Cc2cnc3ccccc3n2)C=C(C(C)(C)C)O1,DCM,40.7,470.0
Fc1c(F)c(F)c2nc3c(cc2c1F)c(-c1ccccc1)nn3-c1ccccc1,Toluene,33.9,415.0
CC(C)(C)[Si](C)(C)OC[C@H]1OC(n2ccc(=O)[nH]c2=O)=C(c2ccccc2)[C@@H]1O[Si](C)(C)C(C)(C)C,Methanol,55.4,253.0
CCCn1c(N=Nc2nc3ccccc3s2)ccc1-c1cccs1,DMSO,45.1,519.0
Cc1ccc(C2C3=C(CC(C)(C)CC3=O)Oc3ccc4ccc(OCCCNCCCNc5ccnc6cc(Cl)ccc56)cc4c32)cc1,Methanol,55.4,331.0
COc1ccc(Cc2nnc3sc(-c4ccc(-c5ccccc5)cc4)nn23)cc1,DMSO,45.1,300.0
O=[N+]([O-])c1ccc2nc(N=Nc3ccc(I)cc3)sc2c1,Methanol,55.4,371.0
COC(=O)c1ccc2nc(-c3ccccc3)c(-c3ccccc3)nc2c1C(=O)OC,DMF,43.2,355.0
COc1ccc2cc(-c3sc(C=C(C#N)c4cccs4)c4c3OCCO4)ccc2c1,DCM,40.7,377.0
O=Cc1ccc2c(c1)Sc1ccccc1N2,DCM,40.7,395.0
c1csc(-c2ccc(N=Nc3nc4ccccc4s3)s2)c1,Dioxane,36.0,517.0
Cc1nccnc1C(=O)C=Cc1ccc(OCc2ccccc2)cc1,Ethanol,51.9,310.0
CCN1C(=O)C(=CC=CC=CC=c2c3cccc4cccc(c43)n2Cc2ccccc2)C(=O)N(CC)C1=S,Toluene,33.9,806.0
CCn1c(SCC(=O)NN=Cc2cccc(OC)c2)nnc1-c1ccco1,DMF,43.2,550.0
COC(=O)C(C#N)=CNc1cccc(F)c1,DMSO,45.1,324.0
CCOC(=O)c1cc(C(=O)c2ccc(F)cc2)n2ncccc12,Ethanol,51.9,442.0
Cn1cc(C=C(C#N)c2ccc(C=C(C#N)C(=O)O)s2)c2ccccc21,Chloroform,39.1,495.0
CC1(C)CC(=O)C(=NNc2ccccc2C(=O)O)C(=O)C1,Water,63.1,442.0
CC1c2cc(-c3cccc4ccccc34)ccc2-c2cc3nc4c5cccc6ccc7cccc(c4nc3cc21)c7c65,DMSO,45.1,425.0
O=[N+]([O-])c1ccc(C=NN=Cc2cccs2)cc1,Dioxane,36.0,342.0
COC(=O)c1c(C(=O)OC)c2ccc(-c3ccc(Cl)cc3)nn2c1C(=O)OC,Acetonitrile,45.6,344.0
CN1C(=CN=Nc2ccc(C=CC3=C(C#N)C(=C(C#N)C#N)OC3(C)C)cc2)C(C)(C)c2ccccc21,THF,37.4,590.0
O=C1CC(=O)C(P(c2ccccc2)c2ccccc2)=C1P(c1ccccc1)c1ccccc1,DCM,40.7,374.0
COc1cccc(Nc2nc3cc4c(C)c(C(N)=O)c(=O)oc4cc3n2CCc2ccc(Cl)cc2)c1,Ethanol,51.9,354.0
COC(=O)c1c(C(=O)OC)c2ccc(-c3ccc(F)cc3)nn2c1C(=O)OC,Methanol,55.4,449.0
CC(C)(C)c1ccn2c3c(c(C(=O)c4ccccc4C(=O)O)c2c1)C(=O)c1ccccc1C3=O,DMF,43.2,507.0
O=c1c(=O)c2cc(Br)cc3c2-c2c1cc(Br)cc2c(=O)c3=O,DMF,43.2,290.0
Cc1ccc(N=C2N=C3C=CC=CN3C2=Nc2ccc(C)cc2)cc1,THF,37.4,585.0
Cc1ccc2c(C=Cc3ccc4c(c3)Sc3cc(C=Cc5cc(=O)oc6cc(C)ccc56)ccc3N4C)cc(=O)oc2c1,Chloroform,39.1,441.0
Cc1c(C(=O)C=Cc2ccc3c(c2)OCO3)nnn1-c1ccnc2cc(Cl)ccc12,Methanol,55.4,236.0
Oc1ccc(N=Nc2nc(-c3ccccc3)cs2)c2cccnc12,DMSO,45.1,570.0
CCOC(=O)C(C#N)=CNc1cccc(F)c1,DMSO,45.1,321.0
O=c1[nH]c(=O)n([C@H]2C[C@H](O)[C@@H](CO)O2)cc1-c1ccco1,EthylAcetate,38.1,316.0
COc1nc(Nc2ccc3cc4ccccc4cc3c2)nc(OC)n1,Dioxane,36.0,398.0
N#Cc1c(C#N)c2ccc3ccc4ccccc4c3c2c2c1ccc1ccc3ccccc3c12,DCM,40.7,268.0
N#CC(=Cc1cccc2ccccc12)c1ccc(N(c2ccccc2)c2cccc3ccccc23)cc1,THF,37.4,395.0
CN1c2ccccc2Sc2c(C=Nc3ccc4ccccc4c3)cccc21,DCM,40.7,321.0
CN(C)c1ccc2c3c(oc2c1)-c1ccccc1C(Cc1ccccc1)(Cc1ccccc1)C3=O,Acetonitrile,45.6,546.0
FC(F)(F)c1ccc(NC(=S)NCc2c3ccccc3cc3ccccc23)cc1,DMSO,45.1,430.0
Oc1nc(-c2ccccc2)sc1-c1ccccc1,Dioxane,36.0,362.0
CCC(=O)NC1=CC(=O)C(=O)c2ccccc21,Ethanol,51.9,267.0
Nc1cc2ccccc2oc1=O,DMSO,45.1,259.0
c1ccc(-c2nnc(-c3ccn4nc(-c5ccc6ccccc6c5)cc4c3)o2)cc1,Cyclohexane,30.9,351.0
CN(C)c1ccc(C=O)cc1,Ethanol,51.9,352.0
COc1ccc2c3c(c(-c4nc(-c5ccccc5)c(-c5ccccc5)o4)cc2c1)OC1(C=C3)N(CC(C)C)c2ccccc2C1(C)C,Toluene,33.9,396.0
Cc1cc(N=Nc2ccc(O)c3ncccc23)no1,Methanol,55.4,490.0
C1=CC(c2ccccc2)(c2ccccc2)Oc2ccc3ccccc3c21,Toluene,33.9,425.0
COc1ccc2nc3nc(C)c(C(C)=O)cc3cc2c1,Acetone,42.2,375.0
Nc1ccc(N)c2c1C(=O)c1ccccc1C2=O,Acetonitrile,45.6,544.0
CCOC(=O)c1c(N)sc(N=Nc2ccc(C#N)cc2)c1-c1ccccc1,DMSO,45.1,501.0
CCc1cccc(CC)c1N=Cc1cc(C)cc(C(c2ccccc2)c2ccccc2)c1O,Toluene,33.9,347.0
COc1ccc2nc3nc4c(cc3cc2c1)-c1cc(OC)c(OC)cc1C4,Acetone,42.2,398.0
N#Cc1cc2cc3ccccc3nc2nc1N,Acetone,42.2,387.0
CCN(CC)c1ccc2c(C#N)c3c(oc2c1)c(C#N)c(=N)n1c2ccccc2nc31,Chloroform,39.1,640.0
Cc1ccc(-c2c3cc(Br)sc3c(-c3ccc(C)s3)c3cc(Br)sc23)s1,Chloroform,39.1,348.0
O=c1c(=O)c2cccc3c2-c2c1cccc2c(=O)c3=O,DMF,43.2,290.0
COc1ccc(N(c2ccccc2)c2ccc3c(c2)c2cc(N(c4ccc(C=C(C#N)C(=O)O)cc4)c4ccc(OC)cc4)ccc2n3C)cc1,DCM,40.7,443.0
CC1c2cc(C=C(C#N)c3cccs3)ccc2-c2ccc(C=C(C#N)c3cccs3)cc21,DMSO,45.1,291.0
c1ccc2c(-n3cccc3)cccc2c1,Chloroform,39.1,356.0
CCc1nccnc1C(=O)C=Cc1ccc(F)cc1,Ethanol,51.9,310.0
O=C1C=C(NC(=O)c2cccnc2)c2ccccc2C1=O,Ethanol,51.9,268.0
Cc1c(C(=O)C=Cc2ccc(F)cc2)nnn1-c1ccnc2cc(Cl)ccc12,Methanol,55.4,237.0
CC(C)(C)C1=CC(=CC=Cc2cccnn2)C=C(C(C)(C)C)O1,DCM,40.7,410.0
CCOC(=O)c1ccc(C(=O)OCC)nc1,Acetonitrile,45.6,513.0
CCn1c2ccccc2c2cc(C=CC(=O)c3c(O)c4ccccc4oc3=O)ccc21,Methanol,55.4,467.0
O=[N+]([O-])c1ccc(OCc2nnc(-c3cc(-c4ccc(Cl)cc4)nn3Cc3ccc(Cl)nc3)o2)cc1,DCM,40.7,263.0
CN1c2ccccc2Sc2cc(N=Cc3cccc4c3N(C)c3ccccc3S4)ccc21,DCM,40.7,403.0
COC(=O)c1c(C(=O)OC)c2ccc(-c3ccc(Br)cc3)nn2c1C(=O)OC,Acetonitrile,45.6,350.0
COc1ccc(C#Cc2c3ccccc3c(C#Cc3ccc(OC)cc3)c3cc4c(cc23)-c2ccccc2C4(C)C)cc1,DCM,40.7,486.0
O=c1c2cccc3cccc(c32)c2nc3ccccc3n12,Ethanol,51.9,605.0
C=Cc1c2ccccc2cc2ccccc12,Acetonitrile,45.6,371.0
Cc1c(C(=O)C=Cc2cc(Cl)cc(Cl)c2)nnn1-c1ccnc2cc(Cl)ccc12,Methanol,55.4,236.0
CC(C)CN1C(=O)c2cccc3c(OCCO)ccc(c23)C1=O,Acetone,42.2,363.0
CCC1=C(C)c2cc3[nH]c(c(C)c3CC)c(-c3cccc(O)c3)c3nc(cc4[nH]c(cc1n2)c(CC)c4C)C(CC)=C3C,Other,,822.0
C[C@@]12CCCC(C1)C(c1ccccc1)N(N=O)C2c1ccccc1,Methanol,55.4,425.0
CCOC(=O)C1=C(c2ccccc2)NC(=O)C1=NNc1ccc([N+](=O)[O-])cc1O,THF,37.4,624.0
Oc1cccc(O)c1-c1nc2ccccc2s1,Water,63.1,335.0
O=[N+]([O-])c1cc2c(c([N+](=O)[O-])c1)-c1c(cc([N+](=O)[O-])cc1[N+](=O)[O-])C2=CC=CC=CC=C1C=C(c2ccccc2)OC(c2ccccc2)=C1,Toluene,33.9,748.0
CN(C)c1ccc2c3c(oc2c1)-c1ccccc1C(C)(C)C3=O,Acetonitrile,45.6,538.0
COc1ccc(-c2ccnc3nc(NC(C)=O)ccc23)cc1,Water,63.1,327.0
Cn1c(=O)c(C=O)c(O)c2ccccc21,Methanol,55.4,398.0
CSc1ccc(C=Cc2ccc3c(c2)c2ccccc2n3C)cc1,Cyclohexane,30.9,337.0
Cc1nn2c(N=Nc3cccc(Cl)c3)c(-c3ccccc3)[nH]c2c1N=Nc1ccccc1,Dioxane,36.0,533.0
N#CC(=C(C#N)c1ccc(-n2ccc3ccccc32)cc1)c1ccc(-n2ccc3ccccc32)cc1,THF,37.4,572.0
Cc1ccccc1OCc1nnc(-c2ccn3c(C)nc(Cl)c3c2)o1,Acetonitrile,45.6,377.0
CC1(C)c2ccccc2N(c2ccccc2)c2ccc(-c3ccc(-c4nc(-c5ccccc5)c(-c5ccccc5)n4-c4ccccc4)cc3)cc21,THF,37.4,349.0
Clc1ccccc1N=Nc1nc2ccccc2s1,Methanol,55.4,348.0
Cc1nc(Cl)c2cc(-c3nnc(-c4ccccc4)o3)ccn12,DCM,40.7,285.0
CC1=NC(=Cc2ccc(N(C)C)cc2)C(=O)N1CCN1C(=O)C(=Cc2ccc(N(C)C)cc2)N=C1C,Methanol,55.4,436.0
CCN(CC)c1ccc(C=CC(=O)O)cc1,DMF,43.2,367.0
CSc1ccc(-c2cc(-c3ccc(SC)cc3)c3ccc4c(-c5ccc(SC)cc5)cc(-c5ccc(SC)cc5)c5ccc2c3c54)cc1,Cyclohexane,30.9,403.0
O=Cc1ccc([N+](=O)[O-])cc1,Ethanol,51.9,332.0
N#CC(=Cc1ccc(-c2ccc3ccc4cccc5ccc2c3c45)s1)C(=O)O,THF,37.4,483.4
c1ccc2c(c1)-c1ccccc1C2(c1ccc(-n2c3ccccc3c3ccccc32)cc1)c1ccc(-n2c3ccccc3c3ccccc32)cc1,DCM,40.7,431.0
Cc1cc(C=Nc2c(C(C)C)cccc2C(C)C)c(O)c(C(c2ccccc2)c2ccccc2)c1,Toluene,33.9,346.0
COc1ccc2nc(N=Nc3c(-c4ccccc4)[nH]c4ccccc34)sc2c1,Chloroform,39.1,543.0
C(=Cc1ccc(-c2cnc3c(ccc4cc(-c5ccc(C=Cc6cccs6)s5)cnc43)c2)s1)c1cccs1,DCM,40.7,505.0
Nc1nc(-c2ccc(NC(=O)c3ccccc3)cc2)c(N=Nc2ccccc2)s1,DMSO,45.1,478.0
N#CC(=Cc1cn(-c2ccccc2)nc1-c1ccccc1)c1nc2ccccc2s1,Toluene,33.9,383.0
Oc1ccc(N=NN2NC=CS2)c2cccnc12,DMSO,45.1,547.0
C#Cc1ccnc(-c2cc(-c3cc(C#C)ccn3)cc(-c3cc(C#C)ccn3)c2)c1,Other,,284.0
COc1cc(C=CC(=O)c2nnn(-c3ccnc4cc(Cl)ccc34)c2C)cc(OC)c1OC,Methanol,55.4,235.0
c1ccc(-c2nc3c(-c4ccc5ccc6cccc7ccc4c5c67)ccc(-c4ccc5ccc6cccc7ccc4c5c67)c3nc2-c2ccccc2)cc1,DMSO,45.1,281.0
COc1ccc(-c2cc(-c3nnc(-c4ccc(C)cc4)o3)n(Cc3ccc(C(C)(C)C)cc3)n2)cc1,DCM,40.7,281.0
O=C(Nc1cccc2ccccc12)NC12CC3CC(C1)CC(NC(=O)Nc1cccc4ccccc14)(C3)C2,DMSO,45.1,327.0
Cc1ccc(-c2c3nc(c(-c4ccc(C)cc4)c4ccc([nH]4)c(-c4ccc([N+](=O)[O-])cc4)c4nc(c(-c5ccc(C)cc5)c5ccc2[nH]5)C=C4)C=C3)cc1,DCM,40.7,416.0
CCN(CC)c1ccc2c3c(c(=O)oc2c1)N=[N+](c1ccc(OC)cc1)[B-](F)(F)O3,DMF,43.2,546.0
c1csc(-c2ccc(N=Nc3nncs3)s2)c1,DMSO,45.1,494.0
CCOc1ccc(N(c2ccc(OCC)cc2)c2ccc(C(n3cccn3)n3cccn3)cc2)cc1,DMF,43.2,300.0
Cc1ccc(OCc2nnc(-c3cc(-c4ccc(Cl)cc4)nn3Cc3ccc(Cl)nc3)o2)cc1,DCM,40.7,260.0
CCCN1c2ccccc2Sc2cc(C=Cc3cc(=O)oc4cc(C)c(Cl)cc34)ccc21,Chloroform,39.1,432.0
CO[Si](CCCSC(=O)c1ccccc1C)(OC)OC,Chloroform,39.1,280.0
CC1c2cc(Br)ccc2-c2cc3c(C#C[Si](C)(C)C)c4ccccc4c(C#C[Si](C)(C)C)c3cc21,DCM,40.7,457.0
CCCn1c(N=Nc2ccc3ncsc3c2)ccc1-c1cccs1,DMSO,45.1,464.0
COc1ccc(C=[N+]([O-])c2ccccc2)cc1,Ethanol,51.9,660.0
Cn1c(-c2ccccc2)c(N=Nc2nc3ccc([N+](=O)[O-])cc3s2)c2ccccc21,Chloroform,39.1,566.0
CCN1C(=O)C(=CC=CC=CC=C2Sc3ccccc3N2CC)C(=O)N(CC)C1=S,DCM,40.7,708.0
CC1(C)c2cc(Br)ccc2-c2cc3c(C#Cc4ccccc4)c4ccccc4c(C#Cc4ccccc4)c3cc21,DCM,40.7,479.0
Oc1ccc2ccccc2c1-c1nc(-c2ccccc2)c2ccccn12,Acetonitrile,45.6,467.0
ON=C1c2ccccc2-c2ccccc21,DMF,43.2,318.0
CN(C)c1ccc(-c2nc(-c3ccc([N+](=O)[O-])cc3)[nH]c2-c2ccc(N(C)C)cc2)cc1,DCM,40.7,457.0
C(=Cc1ccc(C=Cc2ccc(N(c3ccccc3)c3ccccc3)cc2)c2nsnc12)c1ccc(N(c2ccccc2)c2ccccc2)cc1,DMF,43.2,391.0
N#CC(C#N)=Cc1ccc([N+](=O)[O-])cc1,Methanol,55.4,310.0
CN1C(=CC=CC=CC=C2c3cc([N+](=O)[O-])cc([N+](=O)[O-])c3-c3c2cc([N+](=O)[O-])cc3[N+](=O)[O-])C(C)(C)c2ccccc21,Toluene,33.9,773.0
CCOC(=O)c1cc2cc3ccccc3nc2[nH]c1=O,Acetone,42.2,377.0
Nc1ncnc2c1ncn2C1OC(CO)C(O)C1O,Cyclohexane,30.9,357.9
COc1ccc(-c2c3nc(c(-c4ccc(O)cc4)c4ccc([nH]4)c(-c4ccc(O)cc4)c4nc(c(-c5ccc(O)cc5)c5ccc2[nH]5)C=C4)C=C3)cc1,Chloroform,39.1,720.0
COC(=O)c1c(C(=O)OC)c2ccc(C=Cc3c4ccccc4cc4ccccc34)nn2c1C(=O)OC,Hexane,31.0,510.0
CCOC(=O)c1ccn2nc(-c3ccc(OC)c(OC)c3)cc2c1,Cyclohexane,30.9,297.0
C[C@@]12CCCC(C1)C(c1ccccc1)N([N+](=O)[O-])C2c1ccccc1,Methanol,55.4,294.0
Oc1ccccc1CNCc1ccccc1OCCCOc1ccccc1CNCc1ccccc1O,DMF,43.2,0.0
Brc1ccc(-c2nc3c(c4c2-c2ccc(Br)cc2CC4)-c2ccc(Br)cc2CC3)cc1,Chloroform,39.1,323.0
CN1C=CC(=CC=C2C=C(Cl)c3cccnc3C2=O)C=C1,THF,37.4,623.0
O=[N+]([O-])c1ccc2nc(N=Nc3cccc(Cl)c3)sc2c1,Methanol,55.4,343.0
Cn1c2ccccc2c2cc(-c3cc(-c4ccccn4)nc(-c4ccccn4)c3)ccc21,DMF,43.2,309.0
COc1ccc(C=CC(=O)c2nnn(-c3ccnc4cc(Cl)ccc34)c2C)cc1,Methanol,55.4,233.0
O=C1C(=Cc2cc3c4c(c2O)CCCN4CCC3)Oc2ccccc21,Methanol,55.4,518.0
CCN(CC)c1ccc(C=Cc2ccc(C=Cc3ccc(Br)cc3)cc2)cc1,Toluene,33.9,401.0
CCOC(=O)c1c(O)c(N=Nc2ccc(C#N)cc2)c2ccccc2c1O,DMSO,45.1,462.0
c1ccc2[nH]cnc2c1,DCM,40.7,602.0
CC(C)(C)C(=Cc1ccc2ccccc2n1)NN=Cc1cccc([N+](=O)[O-])c1,Ethanol,51.9,430.0
CCCN1c2ccccc2Sc2cc(C=Cc3cc(=O)oc4ccccc34)ccc21,Chloroform,39.1,424.0
CSC1=CNN(N=Nc2ccc(O)c3ncccc23)S1,DMSO,45.1,560.0
O=C1C=C(NC(=O)c2ccccc2)c2ccccc2C1=O,Ethanol,51.9,278.0
COc1ccc(Cc2nnc3sc(-c4ccc5ccccc5c4)nn23)cc1,Methanol,55.4,306.0
O=c1[nH]n(-c2ccccc2)c2c1cnc1c2c(-c2ccc(Br)cc2)nn1-c1ccccc1,DMSO,45.1,370.0
CCOC(=O)c1ccn2nc(-c3ccc4ccccc4c3)cc2c1,Cyclohexane,30.9,298.0
Cc1nnc(-c2ccc(C=C(C#N)c3ccc4c(c3)c3cc(C(C#N)=Cc5ccc(-c6nnc(C)o6)cc5)ccc3n4C)cc2)o1,DCM,40.7,417.0
C=C(O)c1c2ccccc2cc2ccccc12,Acetonitrile,45.6,369.0
COc1ccc(-c2cn3ccc(C=Cc4cccs4)cc3n2)cc1,Toluene,33.9,392.0
CN1C(=CC=C2CC(c3ccccc3)(c3ccccc3)CC(C=CC3=C(C#N)C(=C(C#N)C#N)OC3(C)C)=C2Cl)C(C)(C)c2ccccc21,DMF,43.2,839.0
O=[N+]([O-])c1ccc(-c2cnc3cc(O)c(-c4nc5ccccc5s4)cc3c2)cc1,Acetone,42.2,331.0
C=Cc1ncccc1-c1ccc(-c2ccc3c(c2)c2cc(-c4ccc(-c5cccnc5C=C)s4)ccc2n3C)s1,Other,,754.0
CN1C(=CN=Nc2ccc(C=C(C#N)C#N)cc2)Sc2ccccc21,DMF,43.2,484.0
O=[N+]([O-])c1ccc(-c2nnc(N=Nc3ccc(-c4cccs4)s3)s2)cc1,DMSO,45.1,565.0
c1ccc2nc3nc4c(cc3cc2c1)CCCC4,DMF,43.2,362.0
CO[Si](CCCSC(=O)c1ccccc1Cl)(OC)OC,Chloroform,39.1,274.0
CSc1ccc(N=Nc2nc3ccccc3s2)cc1,Methanol,55.4,403.0
O=C1NC(c2ccccc2)=C2C(=O)NC(c3ccccc3)=C12,DMSO,45.1,507.0
CC1(C)CC(=O)C2=C(C1)Oc1ccc3ccc(OCCCNCCNc4ccnc5cc(Cl)ccc45)cc3c1C2c1ccc(C(F)(F)F)cc1,Methanol,55.4,329.0
CC(C)(C)c1ccc2c(N(c3ccccc3)c3cccc4ccccc34)c3cc(C(C)(C)C)ccc3c(-c3ccc(C=C(C#N)C(=O)O)s3)c2c1,THF,37.4,634.0
c1ccc(N(c2ccccc2)c2ccc(-c3ccc(-c4nc5ccccc5n4-c4ccccc4)cc3)cc2)cc1,THF,37.4,355.0
COc1ccc(N=Nc2c(-c3ccccc3)[nH]c3c(N=Nc4ccccc4)c(C)nn23)cc1,Dioxane,36.0,526.0
Nc1ccc2c(c1)C(=O)c1ccccc1C2=O,Methanol,55.4,468.9
N#CC(=Cc1ccc(N(c2ccccc2)c2ccccc2)cc1)c1ccc(-c2ccc3ccccc3c2)cc1,Cyclohexane,30.9,412.0
c1csc(-c2ccc3ccc4cccc5ccc2c3c45)c1,Chloroform,39.1,347.0
CCOC(=O)c1c(C(=O)OC)c(C(=O)OC)c2ccc(-c3ccc(Cl)cc3)nn12,Acetonitrile,45.6,350.0
COc1c(O)ccc2c1C(=O)OC2,DMF,43.2,482.0
CC(C)(C)c1ccc(Cn2nc(-c3ccc(Cl)cc3)cc2-c2nnc(-c3ccccc3)o2)cc1,DCM,40.7,274.0
N#Cc1c(N)sc2c1-c1ccccc1C2=O,Acetone,42.2,531.0
CCn1c2ccccc2c2nc3cc4c(=O)[nH][nH]c(=O)c4cc3nc21,DMF,43.2,408.0
CC1CCC(=CSC=Cc2ccc(C=CSC=C3CCC(C)CC3)cc2)CC1,DCM,40.7,350.0
O=C1C(=CC=C2C=C(c3ccccc3)C=C(c3ccccc3)O2)C(=O)c2cscc21,DCM,40.7,619.0
CCOc1ccccc1-c1c(C#N)c(N)nc(N)c1C#N,THF,37.4,338.0
CCOC(=O)c1c[nH]c2cc(-c3nc4ccccc4s3)c(O)cc2c1=O,Dioxane,36.0,638.0
Cc1cccc(C)c1,Hexane,31.0,288.0
Cc1cc(C=Nc2c(C)cccc2C)c(O)c(C(c2ccccc2)c2ccccc2)c1,Toluene,33.9,346.0
CCOC(=O)C(C#N)=Cc1cn(CC)c2ccccc12,Toluene,33.9,393.0
Oc1ccc(-c2nc3ccccc3[nH]2)c(O)c1,Water,63.1,326.0
CN(C)c1ccc(C=c2c(O)c3ccccc3c3c2=Nc2ccccc2N3)cc1,THF,37.4,571.0
O=C(Nc1ccc2cc3ccccc3cc2c1)NC12CC3CC(C1)CC(NC(=O)Nc1ccc4cc5ccccc5cc4c1)(C3)C2,DMSO,45.1,407.0
CN1c2ccccc2Sc2c(C=Nc3ccc4c(c3)Cc3ccccc3-4)cccc21,DCM,40.7,351.0
Cc1ccc2c(C=Cc3cn(C)c4ccccc34)cc(=O)oc2c1,Chloroform,39.1,398.0
COC(=O)c1c(C)nn(-c2nc3ccccc3s2)c1-c1ccccc1O,DMSO,45.1,292.0
C(=Cc1ccc(N(c2ccccc2)c2ccccc2)cc1)c1ccc(-c2ccnc(-c3cccc(-c4ccccc4)n3)c2)cc1,DMF,43.2,557.0
CN1c2ccccc2Sc2cc(C=[N+]([O-])c3ccc(Br)cc3)ccc21,DCM,40.7,316.0
O=C1C(=CC=CC=C2C=C(c3ccccc3)OC(c3ccccc3)=C2)C(=O)c2ccccc21,DCM,40.7,599.0
O=C1CCC(=O)c2c1c1ccccc1c1nc3ccc4cnncc4c3nc21,DMF,43.2,404.0
CN1C=CC(=CN=Nc2ccc(CC3SC(=S)N(c4ccc(O)cc4)C3=O)cc2)c2ccccc21,THF,37.4,564.0
COC(=O)c1cc2nc3c4ccccc4c4ccccc4c3nc2cc1C(=O)OC,DMF,43.2,402.0
CONc1c([N+](=O)[O-])cc(C(=O)OC(C)C)cc1[N+](=O)[O-],Methanol,55.4,391.0
CC(C)(C)c1ccc(Cn2nc(-c3ccc(Cl)cc3)cc2-c2nnc(COc3ccc(Cl)cc3)o2)cc1,DCM,40.7,263.0
CCOc1c(C(=O)OC)c(C(=O)OC)c2cccnn12,Cyclohexane,30.9,431.0
COc1c(C(C#N)=Cc2ccc(C#N)cc2)ccc2c(OC)c(C(C#N)=Cc3ccc(C#N)cc3)ccc12,DCM,40.7,412.0
Cn1c2ccccc2c2cc(C=C(C#N)c3ccc(C=C4C(=O)NC(=O)NC4=O)s3)ccc21,Chloroform,39.1,524.0
CC1=C(c2ccccc2)c2cc3c(C)cc(C)n3c(=O)n2C1=O,Cyclohexane,30.9,437.0
Nc1ccc(Nc2nc(Nc3cccc4ccccc34)nc(Nc3cccc4ccccc34)n2)cc1,DCM,40.7,295.0
COc1ccc2c(c1)C(C)(C)C1(C=Cc3c(c(-c4nc(-c5ccccc5)c(-c5ccccc5)o4)cc4ccccc34)O1)N2C,Toluene,33.9,309.0
Cc1cc(C)cc(-c2ccc(C(C#N)=Cc3ccc(N(c4ccccc4)c4ccccc4)cc3)cc2)c1,Cyclohexane,30.9,413.0
CCN(CC)c1ccc2c(C(F)(F)F)cc(=O)oc2c1,DCM,40.7,401.0
CCOC(=O)c1c(N)sc(N=Nc2ccc(C)cc2)c1-c1ccccc1,DMSO,45.1,469.0
COC(=O)c1cc(C(=O)OC)n2nc(-c3ccc(Br)cc3)ccc12,Acetonitrile,45.6,355.0
Cc1c(C(=O)C=Cc2ccc(OCCCN3CCOCC3)cc2)nnn1-c1ccnc2cc(Cl)ccc12,Methanol,55.4,237.0
CCn1c2ccc(C=Cc3ccc4c(c3)c3cc(-c5nc6ccccc6s5)ccc3n4CC)cc2c2cc(-c3nc4ccccc4s3)ccc21,EthylAcetate,38.1,362.0
NNc1ccccc1,THF,37.4,213.0
C(=Cc1ccc(-c2ccc(C=CSC=C(c3ccccc3)c3ccccc3)cc2)cc1)SC=C(c1ccccc1)c1ccccc1,DCM,40.7,365.0
NN=Cc1ccccc1O,Ethanol,51.9,290.0
Cc1cccc(N=Nc2c(N)n3c(nc4ccccc43)[nH]c2=O)c1,Chloroform,39.1,418.0
CSc1ccc(-c2ccc(C3=C4C(=O)NC(c5ccc(-c6ccc(SC)cc6)cc5)=C4C(=O)N3)cc2)cc1,DCM,40.7,544.0
COc1ccc(-c2ccc(C3=C4C(=O)NC(c5ccc(-c6ccc(OC)cc6)cc5)=C4C(=O)N3)cc2)cc1,DCM,40.7,541.0
Cc1ccc(-c2nc3ccc(-c4ccc5nc(-c6ccc(C)cc6)oc5c4)cc3o2)cc1,Other,,331.0
CC1CC=C(c2ccc(-c3ccc(C=O)s3)s2)CC1,Hexane,31.0,395.0
O=[N+]([O-])c1ccc(C=NN=Cc2ccco2)cc1,Dioxane,36.0,341.0
COC(=O)c1c(C(=O)OC)c2ccc(C=Cc3ccc(-c4ccccc4)cc3)nn2c1C(=O)OC,Methanol,55.4,455.0
CCCN1c2ccccc2Sc2cc(C=Cc3cc(=O)oc4cc(O)ccc34)ccc21,Chloroform,39.1,422.0
CC1(C)CC(=O)C(=C(O)C=Cc2ccc(N(c3ccccc3)c3ccccc3)cc2)C(=O)C1,Methanol,55.4,466.0
OCCN(CCO)c1ccc(N=Nc2nc(-c3ccc(Cl)cc3Cl)cs2)c(Cl)c1,DMF,43.2,600.0
CCN1C(=O)C(=CC=C2N(c3ccccc3)c3ccccc3N2c2ccccc2)C(=O)N(CC)C1=S,Ethanol,51.9,481.0
N#CC(C#N)=CNc1cccc(F)c1,DMSO,45.1,319.0
O=c1[nH][nH]c2c1cnc1c2c(-c2ccc(Br)cc2)nn1-c1ccccc1,DMSO,45.1,384.5
COc1ccc(-c2c(F)c(F)c(-c3ccc(OC)cc3)c(F)c2F)cc1,DCM,40.7,282.0
CN(C)c1cccc(-c2ccc(-c3cccc(N(C)C)c3)c3[nH]c(-c4ccc(C=C(C#N)C(=O)O)cc4)nc23)c1,Chloroform,39.1,274.0
CN(C)c1ccc(C=Cc2cc(-c3ccccc3)c(C=CC3=CC(=C(C#N)C#N)CC(C)(C)C3)cc2-c2ccccc2)cc1,DMF,43.2,460.0
COc1ccc(C=Cc2cc(C=Cc3ccc(OC)cc3)nc(I)n2)cc1,DCM,40.7,374.0
Cc1c(N=Nc2nc3ccccc3s2)c2ccccc2n1C,Chloroform,39.1,507.0
Fc1c(F)c(F)c2nc3onc(-c4ccccc4)c3cc2c1F,Ethanol,51.9,342.0
CCC1=C(C)C(=O)NC1=Cc1[nH]c(C(C)(C)c2[nH]c(C=C3C=C(C)C(=O)N3)c(C)c2C(=O)O)c(C(=O)O)c1C,Benzene,34.3,443.0
O=C1NC(c2ccccc2)=C2C(=O)OC(c3ccccc3)=C12,DMSO,45.1,487.0
N#CC(=Cc1cccc(-c2ccc(-c3ccc4ccc5cccc6ccc3c4c56)s2)c1)C(=O)O,THF,37.4,394.6
N#CC(C#N)=Cc1cn(-c2ccccc2)nc1-c1ccc([N+](=O)[O-])cc1,DMSO,45.1,356.0
CC1c2ccccc2-c2cc3[nH]c(-c4ccc(C(F)(F)F)cc4)nc3cc21,DMSO,45.1,359.0
CN(C)c1ccc(C2=C3C(=O)NC(c4ccccc4)=C3C(=O)N2)cc1,DMSO,45.1,544.0
CSc1ccccc1N=Nc1nc2ccccc2s1,Methanol,55.4,428.0
COc1ccc2nc(N=Nc3c(C)[nH]c4ccccc34)sc2c1,Chloroform,39.1,504.0
C(=Cc1ccc(N(c2ccccc2)c2ccccc2)cc1)c1ccc(-c2cc(-c3ccccn3)nc(-c3ccccn3)c2)cc1,THF,37.4,296.0
CCOC(=O)c1c(N)sc2c1-c1ccccc1C2,Acetone,42.2,330.0
CN(C)c1ccc(C2=CC(=O)NC2=O)cc1,Ethanol,51.9,534.0
CC1(C)OC(=O)C(=CC=CC=C2C=C(c3ccccc3)OC(c3ccccc3)=C2)C(=O)O1,DCM,40.7,576.0
c1ccc(-c2nc3c(-c4c5ccccc5cc5ccccc45)ccc(-c4c5ccccc5cc5ccccc45)c3nc2-c2ccccc2)cc1,DMSO,45.1,350.0
COCCN(CCOC)S(=O)(=O)c1ccc(-n2cccc2)cc1,Hexane,31.0,278.0
COc1ccc2c3c(c(-c4nc(-c5ccccc5)c(-c5ccccc5)o4)cc2c1)OC1(C=C3)N(C)c2ccc(Cl)cc2C1(C)C,Toluene,33.9,305.0
c1ccc(-n2c3ccccc3c3cc(-c4nc(-c5cccc(-c6ccc7c8ccccc8c8ccccc8c7c6)c5)nc5ccccc45)ccc32)cc1,DCM,40.7,376.0
C1=C(c2ccc(-c3cccs3)s2)CCCC1,Ethanol,51.9,345.0
Cn1c(-c2ccc(-c3ccc(C=C(C#N)C(=O)O)s3)cc2)nc2c(-c3cccs3)sc(-c3cccs3)c21,THF,37.4,388.0
Cc1ccc(-c2nc(O)c(-c3ccccc3O)s2)cc1,Dioxane,36.0,359.0
O=C(O)c1ccccc1C(=O)c1c2c(n3ccc(-c4ccncc4)cc13)C(=O)c1ccccc1C2=O,Ethanol,51.9,479.0
c1ccc(-c2ccnc3c2ccc2c(-c4ccccc4)ccnc23)cc1,DCM,40.7,279.0
CCn1c2ccccc2c2cc(C=Cc3ccc(SC)cc3)ccc21,DMF,43.2,337.0
CCOC(=O)c1cc2cc(C(C)=O)cn2cc1-c1ccc(Cl)cc1,DCM,40.7,272.0
Cn1cc(C=CC(=C(C#N)C#N)c2ccc(N)cc2)c2ccccc21,Methanol,55.4,441.0
CC1c2ccccc2-c2cc3[nH]c(-c4ccc([N+](=O)[O-])cc4)nc3cc21,DMSO,45.1,400.0
Oc1ccccc1-c1sc(-c2cccc(Cl)c2)nc1O,Dioxane,36.0,368.0
Cn1c(N)c(N=Nc2nc(-c3cc4ccccc4oc3=O)cs2)c(=O)n(C)c1=O,DMSO,45.1,444.0
CN1C(=CC=C2c3cc([N+](=O)[O-])cc([N+](=O)[O-])c3-c3c2cc([N+](=O)[O-])cc3[N+](=O)[O-])C(C)(C)c2ccccc21,Toluene,33.9,640.0
c1csc(-c2cc3cccc4c5nc(-c6cccs6)cc6cccc(c(n2)c34)c65)c1,Toluene,33.9,315.0
CCN(CC)c1ccc(C=C2SC(=S)N(CC(=O)O)C2=O)cc1,DMF,43.2,458.0
COc1ccc(C=C(C#N)c2cc(OC)c(C(C#N)=Cc3ccc(OC)cc3)cc2OC)cc1,DCM,40.7,432.0
c1csc(CN[C@@H]2CCCC[C@H]2NCc2cccs2)c1,Methanol,55.4,350.0
COC(=O)CN1C(=O)c2cccc3c(NCc4ccccc4)ccc(c23)C1=O,DMSO,45.1,439.0
Cc1ccc2c(c1)C(C)(C)C1(C=Cc3c(c(-c4nc(-c5ccccc5)c(-c5ccccc5)o4)cc4ccccc34)O1)N2C,Toluene,33.9,309.0
COC(=O)[C@H](CC(C)C)NC(=CC(=C1C(=O)N(C)c2ccccc21)c1ccccc1)c1ccccc1,DCM,40.7,443.0
CC1c2ccccc2-c2cc3nc(-c4ccccc4)c(-c4ccccc4)nc3cc21,DMSO,45.1,385.0
O=C1c2ccccc2-c2ccc(N3CCOCC3)c3cccc1c23,Benzene,34.3,434.0
N#Cc1ccc(N=Nc2ccc(N)cc2N)cc1,Other,,262.0
Cc1ccc(C2C3=C(CC(C)(C)CC3=O)Oc3ccc4ccc(OCCCNCCNc5ccnc6cc(Cl)ccc56)cc4c32)cc1,Methanol,55.4,330.0
COc1ccc(CNc2ncnc3[nH]c(C=Cc4ccc(C(F)(F)F)cc4)nc23)cc1,DMSO,45.1,360.0
COc1ccc(-c2cc3c(=O)[nH]c(-c4ccc(OC)cc4)cn3n2)cc1,THF,37.4,330.0
N#Cc1nc[nH]c1C#N,Acetonitrile,45.6,320.0
O=C1c2ccccc2C(=O)c2c1ccc1nc(-c3ccc(Br)cc3)c(-c3ccc(Br)cc3)nc21,Hexane,31.0,266.0
Cc1cc(C)cc(N2C(=O)c3cccc4cc(N=Cc5ccc(-c6cccs6)s5)cc(c34)C2=O)c1,Chloroform,39.1,375.0
Oc1ccc(OCc2ccccc2)cc1N=Nc1nccs1,DMF,43.2,621.0
CC(C)(C)c1cccc2c3ccccc3n(-c3ccc(-c4ccc5c(-c6ccccc6)c6ccccc6c(-c6ccccc6)c5c4)cc3)c12,DCM,40.7,331.0
Cn1c(-c2ccc(-c3ccc(C=C(C#N)C(=O)O)s3)s2)nc2c(-c3cccs3)sc(-c3cccs3)c21,THF,37.4,414.0
O=c1[nH]n(-c2ccccc2)c2c1cnc1c2c(-c2ccc(Cl)cc2)nn1-c1ccccc1,DMSO,45.1,369.0
Brc1ccc(-c2nc3c(c4c2-c2ccccc2CC4)-c2ccccc2CC3)cc1,Chloroform,39.1,325.0
CC(=O)NC1=CC(=O)C(=O)c2ccccc21,Ethanol,51.9,265.0
COc1ccc(-c2sc(C=C(C#N)C#N)c3c2OCCO3)cc1,DCM,40.7,379.0
CC1c2cc(C#Cc3ccccc3)ccc2-c2cc3nc4c5cccc6ccc7cccc(c4nc3cc21)c7c65,DMSO,45.1,430.0
Nc1ncnc2c1nc(-c1ccco1)n2[C@@H]1O[C@H](CO)[C@@H](O)[C@H]1O,EthylAcetate,38.1,304.0
COC(=O)CN1C(=O)C(=Cc2ccc(N(C)C)cc2)N=C1C,Methanol,55.4,436.0
COc1ccc(-c2nc3ccc4c(c3nc2-c2ccc(OC)cc2)C(=O)c2ccccc2C4=O)cc1,Hexane,31.0,274.0
c1ccc(CCCOc2cc(-c3ccccn3)nc(-c3ccccn3)c2)cc1,Acetonitrile,45.6,277.0
COC(C=Cc1cc2c3c(c1)CCCN3CCC2)=C1C(=O)c2ccccc2C1=O,Cyclohexane,30.9,562.0
COc1c(C(C#N)=Cc2ccc(-c3nnc(C)o3)cc2)ccc2c(OC)c(C(C#N)=Cc3ccc(-c4nnc(C)o4)cc3)ccc12,DCM,40.7,416.0
CCN(CC)c1ccc(-c2nc3c(c4c2-c2ccccc2CC4)-c2ccccc2CC3)cc1,Acetonitrile,45.6,361.0
CO[Si](CCCSC(=O)c1ccco1)(OC)OC,Chloroform,39.1,283.0
COC(=O)C1=C2C=CC=NN2C(C(=O)OC)C1,Cyclohexane,30.9,496.0
CCOC(=O)c1c(C(=O)OCC)c2cc(-c3ccncc3)ccn2c1C(=O)c1ccc(Br)cc1,Methanol,55.4,254.4
Oc1ccc(N=Nc2ccc(Oc3ccccc3)cc2)c2cccnc12,DMSO,45.1,407.0
Cc1c(C(N)=O)c(=O)oc2cc3c(cc12)nc(Nc1cccc(Cl)c1)n3Cc1ccccn1,Ethanol,51.9,360.0
CC1(C)CC(=O)C2=C(C1)Oc1ccc3ccc(OCCCNCCCNc4ccnc5cc(Cl)ccc45)cc3c1C2c1ccc(Cl)cc1,Methanol,55.4,334.0
Cc1cc(=O)oc2c3c4c(cc12)C(C)(C)CCN4CCC3(C)C,DCM,40.7,382.0
c1ccc(-c2[nH]c3ccccc3c2N=Nc2nc3ccccc3s2)cc1,Chloroform,39.1,533.0
CC(C)(C)c1ccc(-c2nc3ccccc3o2)cc1,Other,,302.0
CCOC(=O)c1cc2cc(C(C)=O)cn2cc1-c1cccs1,DCM,40.7,267.0
Clc1ccc(-c2cn3ccc(C=Cc4ccccc4)cc3n2)cc1,Toluene,33.9,413.0
COc1cc(C=CC(=O)CC(=O)C=Cc2ccc(O)c(OC)c2)ccc1O,Water,63.1,427.0
O=c1[nH]c(-c2ccccc2)cn2nc(-c3ccc(Cl)cc3)cc12,THF,37.4,330.0
NN=Cc1c(O)ccc2ccccc12,Ethanol,51.9,304.0
C(=Cc1ccc(-n2cncn2)cc1)c1ccc(-c2ccnc(-c3cccc(-c4ccccc4)n3)c2)cc1,Ethanol,51.9,416.0
N#Cc1cc2c3c(c1)c(=O)c(=O)c1cc(C#N)cc(c1-3)c(=O)c2=O,DMF,43.2,290.0
COc1ccc(CCn2c(Nc3cc(Cl)cc(Cl)c3)nc3cc4c(C)c(C(N)=O)c(=O)oc4cc32)cc1,Ethanol,51.9,363.0
CN(C)c1ccc(-c2nc(-c3ccc(C#Cc4ccc([N+](=O)[O-])cc4)cc3)[nH]c2-c2ccc(N(C)C)cc2)cc1,DCM,40.7,420.0
Oc1c(-c2nc3ccccc3s2)cc(-c2nc3ccccc3s2)cc1-c1nc2ccccc2s1,Hexane,31.0,480.0
Cc1cc(=O)oc2cc(N)c(N)cc12,Acetonitrile,45.6,389.0
COc1ccc(N(c2ccc(OC)cc2)c2ccc3c4cccc5c(C#CC=C(C#N)C(=O)O)ccc(c6cccc2c63)c54)cc1,Toluene,33.9,506.0
CN(C)c1ccc(C#Cc2ccc(C(=O)O)cc2)cc1,DCM,40.7,382.0
c1ccc(-c2c3ccccc3c(-c3cccc(-c4c5ccccc5c(-c5ccccc5)c5ccccc45)n3)c3ccccc23)cc1,DCM,40.7,433.0
O=c1[nH]c(-c2ccccc2)cn2nc(-c3ccccc3)cc12,THF,37.4,325.0
C=CCN1c2ccc(C(F)(F)F)cc2C(C)(C)C12CCc1cc([N+](=O)[O-])ccc1O2,Acetonitrile,45.6,206.0
N#Cc1c(N)nc(N)c(C#N)c1-c1c2ccccc2cc2ccccc12,THF,37.4,391.0
COc1nc(Nc2ccc3c4cccc5cccc(c6cccc2c63)c54)nc(OC)n1,Acetonitrile,45.6,444.0
Cc1c(-c2nnc(-c3ccco3)o2)sc2sc(-c3nnc(-c4ccco4)o3)c(C)c12,Ethanol,51.9,359.0
O=[N+]([O-])c1ccc(S(=O)(=O)c2cnc(N=Nc3ccc(O)c4ncccc34)s2)cc1,DMSO,45.1,593.0
CC(C)c1ccc(C=Cc2ccc3c4c(ccc3c2)OC(c2ccccc2)(c2ccccc2)C4=C=C(c2ccccc2)c2ccccc2)cc1,THF,37.4,467.0
COC(=O)c1c(C(=O)OC)c2ccc(C=Cc3cccc4ccccc34)nn2c1C(=O)OC,Methanol,55.4,453.0
CCOC(=O)c1c(O)c(N=Nc2ccc(Cl)cc2)c2ccccc2c1O,DMSO,45.1,468.0
Brc1ccc2[nH]c3ccc(Br)cc3c2c1,Cyclohexane,30.9,412.0
CN(C)c1ccccc1C=O,Other,,415.0
CCC1=C(C)C(=O)NC1=Cc1[nH]c(C(C)(C)c2[nH]c(C=C3C=C(C)C(=O)N3)c(C)c2C(=O)O)c(C(=O)O)c1C,Benzene,34.3,447.0
Oc1ccc(-n2cccc2)cc1,Chloroform,39.1,325.0
CCn1cc(C=CC(=C(C#N)C#N)c2ccccc2)c2ccccc21,Toluene,33.9,469.0
Cc1c(-c2nnc(-c3ccc4ccccc4c3)o2)sc2sc(-c3nnc(-c4ccc5ccccc5c4)o3)c(C)c12,Ethanol,51.9,362.0
c1ccc(-c2nc3c(-c4ccccc4)sc(-c4ccccc4)c3nc2-c2ccccc2)cc1,Toluene,33.9,488.0
O=C1OC(c2ccccc2)=NC1=Cc1ccco1,THF,37.4,389.0
c1ccc2c(c1)C1c3ccccc3C2c2ccccc21,Other,,354.0
COc1cc2c(cc1C=C(c1ccccc1)c1ccccc1)c1cc(C=C(c3ccccc3)c3ccccc3)ccc1n2C,THF,37.4,474.0
N#Cc1c(N)nc(N)c(C#N)c1-c1ccccc1F,THF,37.4,338.0
C=Cc1ccnc(-c2ccc(-c3ccc4c(c3)c3cc(-c5ccc(-c6cc(C=C)ccn6)s5)ccc3n4C)s2)c1,Toluene,33.9,785.63
CN(C)c1ccc(-c2nc(-c3ccc(C=Cc4ccc(C#N)cc4)cc3)[nH]c2-c2ccc(N(C)C)cc2)cc1,DCM,40.7,407.0
N#Cc1c(N)nc(N)c(C#N)c1-c1c(F)cccc1Cl,THF,37.4,343.0
CC1(C)CC(=O)C2=C(C1)Oc1ccc3ccc(OCCCNCCNc4ccnc5cc(Cl)ccc45)cc3c1C2c1ccc(Cl)cc1,Methanol,55.4,329.0
CC(C)(C)c1ccc(-c2sc(-c3ccc(C(C)(C)C)cc3)c3[nH]c(-c4ccc(-c5ccc(C=C(C#N)C(=O)O)cc5)cc4)nc23)cc1,THF,37.4,362.0
CCN(CC)c1ccc(C=Cc2ccc(C=Cc3ccc(B(c4c(C)cc(C)cc4C)c4c(C)cc(C)cc4C)cc3)cc2)cc1,Acetonitrile,45.6,424.0
Oc1ccc(N=Nc2nc3ccccc3[nH]2)c2cccnc12,DMSO,45.1,558.0
c1ccc(N(c2ccccc2)c2ccc(-c3nc4ccccc4s3)cc2)cc1,Methanol,55.4,310.0
CCCn1c(Nc2c(C)cccc2C)nc2cc3c(C)c(C(N)=O)c(=O)oc3cc21,Ethanol,51.9,341.0
COC(=O)CN1C(=O)c2cccc3c(Nc4cnccn4)ccc(c23)C1=O,DMSO,45.1,425.0
CCOC(=O)C1=C(c2ccccc2)NC(=O)C1=CC1=CCC(=C=O)C=C1,DMSO,45.1,433.0
COc1ccc(-n2c(N=Nc3nc4ccccc4s3)ccc2-c2cccs2)cc1,DMSO,45.1,530.0
COC(=O)[C@H](Cc1ccc2oc(-c3ccc4ccc5cccc6ccc3c4c56)nc2c1)NC(=O)OC(C)(C)C,Methanol,55.4,428.0
CN1c2ccc(C(F)(F)F)cc2C(C)(C)C12CCc1cc([N+](=O)[O-])ccc1O2,Acetonitrile,45.6,205.0
C(=CP(c1ccccc1)c1ccccc1)P(c1ccccc1)c1ccccc1,DCM,40.7,445.0
CCN(CC)c1ccc2nc3c4cc(C5=CC(C)(C)NC5(C)C)ccc4c(=O)cc-3oc2c1,Dioxane,36.0,564.0
Brc1ccc2c(c1)CCc1nc(-c3ccccc3)c3c(c1-2)CCc1cc(Br)ccc1-3,Chloroform,39.1,343.0
CCOC(=O)c1c(N)sc(N=Nc2ccccc2)c1-c1ccccc1,DMSO,45.1,468.0
C(=Cc1ccc(C=CSC=C(c2ccccc2)c2ccccc2)cc1)SC=C(c1ccccc1)c1ccccc1,DCM,40.7,366.0
NC(=O)C[C@H](N)C(=O)OCc1ccccc1,Ethanol,51.9,330.0
COc1ccc(C#Cc2ccc(C#Cc3ccc(OC)c(OC)c3)c3nsnc23)cc1OC,DCM,40.7,445.0
Brc1ccc(-n2cccc2)cc1,Chloroform,39.1,315.0
CC(=O)Nc1ccc(N=Nc2ccc(O)c3ncccc23)cc1,DMSO,45.1,417.0
CCN1C(=O)C(=CC=CC=c2c3cccc4cccc(c43)n2Cc2ccccc2)C(=O)N(CC)C1=S,Toluene,33.9,707.0
Cc1cc(OCCO)c(C)cc1C=Cc1ccc([N+](=O)[O-])cc1[N+](=O)[O-],Methanol,55.4,417.0
COc1ccc2[nH]c3ccsc3c2c1,DMSO,45.1,250.0
N#Cc1cc2cc3ccccc3nc2[nH]c1=O,Acetone,42.2,392.0
O=C(c1ccccc1)c1ccc(COc2ccccc2)cc1,THF,37.4,263.0
CCN1C(=O)C(=CC=CC=CC=C2N(c3ccccc3)c3ccccc3N2c2ccccc2)C(=O)N(CC)C1=S,Ethanol,51.9,700.0
CCN1CCN(CC)c2cc3oc(=O)c(C(N)=O)cc3cc21,Methanol,55.4,462.0
N#Cc1c(N)nc(N)c(C#N)c1-c1ccccc1O,THF,37.4,374.0
CC1c2cc(-c3ccc4ccc5cccc6ccc3c4c56)ccc2-c2cc3nc4c5ccccc5c5ccccc5c4nc3cc21,DMSO,45.1,411.0
Cc1c(C(=O)C=Cc2ccc(C#N)cc2)nnn1-c1ccnc2cc(Cl)ccc12,Methanol,55.4,235.0
CC1(C)c2ccccc2N2CC(=O)NC21C,THF,37.4,240.0
O=C1C(=CC=C2C=C(c3ccccc3)OC(c3ccccc3)=C2)C(=O)c2ccccc21,DCM,40.7,528.0
Cc1ccn(-c2ccccn2)n1,Acetonitrile,45.6,381.0
COc1ccc(C=Cc2ccc3cc(F)c(F)c(O)c3n2)cc1,Acetonitrile,45.6,352.0
Cn1c2ccc(-c3sccc3-c3cccs3)cc2c2cc(-c3sccc3-c3cccs3)ccc21,Other,,675.72
CN(C)c1ccc(C(=O)Nc2ccc3c(c2)OCCOCCOCCOCCO3)cc1,Acetonitrile,45.6,318.0
c1ccc(-n2cccc2)cc1,Chloroform,39.1,310.0
NN1C(=O)c2cccc3cccc(c23)C1=O,DMSO,45.1,340.0
CO[Si](CCCSC(=O)c1cccnc1)(OC)OC,Chloroform,39.1,265.0
COC(=O)C(c1ccccc1)=[N+]([O-])c1ccccc1,DCM,40.7,618.0
CCNc1cccc2c1C(=O)c1ccccc1C2=O,DCM,40.7,510.0
Clc1sc(Cl)c(Cl)c1Cl,Acetone,42.2,579.0
COc1ccc(C=Cc2c(F)c(F)c(C=Cc3ccc(OC)cc3)c(F)c2F)cc1,DCM,40.7,329.0
O=C(O)c1cc([N+](=O)[O-])c(NOC(c2ccccc2)(c2ccccc2)c2ccccc2)c([N+](=O)[O-])c1,Methanol,55.4,405.0
CCN1C(=O)C(=CC=CC=C2N(c3ccccc3)c3ccccc3N2c2ccccc2)C(=O)N(CC)C1=S,Ethanol,51.9,587.0
Oc1c(Cl)cc(Cl)cc1C=NN=Cc1ccc2ccc3cccc4ccc1c2c34,Acetonitrile,45.6,387.0
COc1cc(C(C#N)=Cc2ccc(C#N)cc2)c(OC)cc1C(C#N)=Cc1ccc(C#N)cc1,DCM,40.7,442.0
CO[Si](CCCSC(=O)c1ccccc1[N+](=O)[O-])(OC)OC,Chloroform,39.1,265.0
Cc1nc(Cl)c2cc(-c3nnc(-c4ccc(Cl)cc4)o3)ccn12,DCM,40.7,273.0
COC(=O)[C@H](Cc1ccc2oc(-c3c4ccccc4cc4ccccc34)nc2c1)NC(=O)OC(C)(C)C,Methanol,55.4,508.0
c1ccc(N(c2ccccc2)c2ccc(-c3ccc(-c4ccncn4)s3)cc2)cc1,Acetonitrile,45.6,403.0
O=[N+]([O-])c1cc2c(c([N+](=O)[O-])c1)-c1c(cc([N+](=O)[O-])cc1[N+](=O)[O-])C2=CC=C1C=C(c2ccccc2)OC(c2ccccc2)=C1,Toluene,33.9,684.0
Cc1[nH]n(-c2ccccc2)c(=O)c1-n1nc2ccc(Cl)cc2n1,Ethanol,51.9,326.0
CN1C(=CC=C2C=CC(=O)c3ncccc32)C=Cc2ccccc21,THF,37.4,611.0
CC1c2cc(C=C(C#N)c3scc4c3OCCO4)ccc2-c2ccc(C=C(C#N)c3scc4c3OCCO4)cc21,DMSO,45.1,340.0
O=[N+]([O-])c1ccc(N=Nc2c(-c3ccccc3)[nH]c3ccccc23)cc1,Methanol,55.4,445.0
O=C1OC(c2ccccc2)=NC1=Cc1ccccc1,THF,37.4,363.0
O=S(=O)(O)c1cccc2c1ccc1nn(-c3ccc(-c4nc(-c5ccccc5)c(-c5ccccc5)[nH]4)cc3)nc12,DMSO,45.1,359.0
c1csc(-c2cc3ccc4cc(-c5cccs5)nc5c6ccccc6c(n2)c3c45)c1,Toluene,33.9,346.0
OC1(c2ccc(-c3cccs3)s2)CCC1,Hexane,31.0,316.0
N#Cc1cc2ccc3ccc4ccccc4c3c2c2c1ccc1ccc3ccccc3c12,DCM,40.7,267.0
Cc1cc(C)c(B(c2ccc(B3Oc4ccccc4O3)s2)c2c(C)cc(C)cc2C)c(C)c1,Cyclohexane,30.9,335.0
N#Cc1c(N)nc(N)c(C#N)c1-c1ccc(O)cc1,THF,37.4,338.0
O=Cc1ccc2ccc3cccc4ccc1c2c34,Hexane,31.0,393.0
Nn1c(Cc2ccccc2F)n[nH]c1=S,Acetonitrile,45.6,357.0
Nc1nc(-c2ccc(NC(=O)c3ccccc3)cc2)c(N=Nc2ccc(Cl)cc2)s1,DMSO,45.1,487.0
CC1(C)c2cc(-c3ccc4ccc5cccc6ccc3c4c56)ccc2N2CC(=O)NC21C,THF,37.4,349.0
CCN1C(=O)C(=CC=C2C=CN(C)c3ccccc32)SC1=S,Ethanol,51.9,620.5
C=CCNc1ccc2c3c(cccc13)C(=O)N(c1ccc3nn(-c4ccccc4O)nc3c1)C2=O,Chloroform,39.1,424.0
CCN(CC)c1ccc2c(C(F)(F)C(F)(F)F)cc(=O)oc2c1,DCM,40.7,409.0
Cc1ccc(-c2ccc(C(C#N)=Cc3ccc(N(c4ccccc4)c4ccccc4)cc3)cc2)cc1,Cyclohexane,30.9,417.0
O=[N+]([O-])c1cc2c(c([N+](=O)[O-])c1)-c1c(cc([N+](=O)[O-])cc1[N+](=O)[O-])C2=CC=CC=CC=c1c2cccc3cccc(c32)n1Cc1ccccc1,Toluene,33.9,773.0
O=C(NCC12CC3CC(C1)CC(CNC(=O)Nc1ccc4ccc5cccc6ccc1c4c56)(C3)C2)Nc1ccc2ccc3cccc4ccc1c2c34,DMSO,45.1,391.0
COc1cccc2c1C(=O)c1c(O)c3c(c(O)c1C2=O)CCC(O)(C(C)=O)C3OC1CC(N2CCC(OC)CC2)C(O)C(C)O1,Dioxane,36.0,423.0
CCOC(=O)c1c(C(=O)OCC)c2cccnn2c1C(N)=O,Cyclohexane,30.9,434.0
CN1c2ccccc2Sc2cc(N=Cc3ccc4c(c3)N(C)c3ccccc3S4)ccc21,DCM,40.7,403.0
COc1ccc(-c2nc(C)cc(-c3ccc(-n4c5ccccc5c5ccccc54)cc3)n2)cc1,Toluene,33.9,292.0
CCOC(=O)c1c(N)sc2c1-c1ccccc1C2=Cc1ccc([N+](=O)[O-])cc1,Acetone,42.2,492.0
CC1c2cc(-c3c4ccccc4cc4ccccc34)ccc2-c2cc3nc4c5ccccc5c5ccccc5c4nc3cc21,DMSO,45.1,398.0
CC(C)(C)c1ccc(-c2ccc(C3=C4C(=O)NC(c5ccc(-c6ccc(C(C)(C)C)cc6)cc5)=C4C(=O)N3)cc2)cc1,DCM,40.7,536.0
CC(=O)Nc1ccccc1N=Nc1nc2ccccc2s1,Methanol,55.4,335.0
CN1C(=CC=C2C=CC(=O)c3ncccc32)C(C)(C)c2cc([N+](=O)[O-])ccc21,Acetonitrile,45.6,526.0
Cc1cnc2c(n1)C(=O)NC(N)(C(=O)C(C)(C)C)N2,THF,37.4,331.0
COC(=O)c1ccc(C(=O)OC)nc1,Acetonitrile,45.6,512.0
CCc1nccnc1C(=O)C=Cc1ccc([N+](=O)[O-])cc1,Ethanol,51.9,295.0
CN1C(=CN=Nc2ccc(C=C3SC(=S)N(c4ccc(O)cc4)C3=O)cc2)C(C)(C)c2ccccc21,THF,37.4,525.0
O=C1NC(c2ccccc2)=C2C(=O)OC(c3cccnc3)=C12,DMSO,45.1,487.0
CC1c2cc(-c3cccc4ccccc34)ccc2-c2cc3nc(-c4ccccc4)c(-c4ccccc4)nc3cc21,DMSO,45.1,391.0
CC(=O)NCC(=O)NC1=CC(=O)C(=O)c2ccccc21,Ethanol,51.9,278.0
CO[Si](CCCSC(=O)c1ccccc1O)(OC)OC,Chloroform,39.1,309.0
CCN(CC)c1ccc(-c2nc3c(c4c2-c2ccc(C#N)cc2CC4)-c2ccc(C#N)cc2CC3)cc1,DMSO,45.1,375.0
COC(=O)CCN(CCNc1ccc2c3c(cccc13)C(=O)N(CCN(CCC(=O)OC)CCC(=O)OC)C2=O)CCC(=O)OC,Chloroform,39.1,450.0
CCC1=C(C)C(=O)NC1=Cc1[nH]c(C(C)(C)c2[nH]c(C=C3NC(=O)C(C)=C3CC)c(C)c2CC(=O)OC)c(CC(=O)OC)c1C,Benzene,34.3,420.0
CCN(CC)c1ccc2c(O)c(C(=O)C=CC=C3N(C)c4ccccc4C3(C)C)c(=O)oc2c1,Acetonitrile,45.6,566.0
O=C1C(=CC=C2C=C(c3ccccc3)OC(c3ccccc3)=C2)C(=O)c2cscc21,DCM,40.7,538.0
COc1nc(Cl)nc(Nc2ccc3cc4ccccc4cc3c2)n1,Dioxane,36.0,398.0
Cc1ccc2c(C=Nc3c(C)cccc3C)ccc(O)c2n1,Toluene,33.9,284.0
CC1CCC(=CSC=Cc2ccc(-c3ccc(C=CSC=C4CCC(C)CC4)cc3)cc2)CC1,DCM,40.7,353.0
CCN(CC)c1ccc2c3c(c(=O)oc2c1)C(C=Cc1ccc2c(c1)c1ccccc1n2CC)=[O+][B-](F)(F)O3,Methanol,55.4,545.0
Cc1cnc(N=Nc2ccc(O)c3ncccc23)s1,DMSO,45.1,448.0
Oc1ccc(N=Nc2nc(-c3ccc(Br)cc3)cs2)c2cccnc12,DMSO,45.1,570.0
O=c1oc2ccccc2c(O)c1N=Nc1nnc[nH]1,Ethanol,51.9,296.0
O=Cc1ccc(-c2scc3c2OCCO3)cc1,DCM,40.7,445.0
COc1ccccc1C=O,DCM,40.7,378.0
COC(=O)c1cc(C(=O)OC)n2ncccc12,Cyclohexane,30.9,430.0
COc1ccc(-c2ccc(C(C#N)=Cc3ccc(-c4csc(C=C(C#N)c5ccccc5)c4)cc3)cc2)cc1,THF,37.4,369.0
CC(=O)N1CCN(CCCOc2ccc(C=CC(=O)c3nnn(-c4ccnc5cc(Cl)ccc45)c3C)cc2)CC1,Methanol,55.4,238.0
CCOC(=O)c1c(C(=O)OC)c(C(=O)OC)c2ccc(-c3ccc(Br)cc3)nn12,Acetonitrile,45.6,350.0
CN1C(=O)c2cccc3cc(N=Cc4ccc(C=Nc5cc6c7c(cccc7c5)C(=O)N(C)C6=O)s4)cc(c23)C1=O,Chloroform,39.1,389.0
c1ccc(N(c2ccccc2)c2ccc3ccc4cccc5ccc2c3c45)cc1,DCM,40.7,379.0
O=[N+]([O-])c1ccc2nc(-c3ccccc3)cc(-c3ccccc3)c2c1,Ethanol,51.9,335.0
CCOC(=O)C1=C(c2ccccc2)NC(=O)C1=Cc1ccccc1,DMSO,45.1,412.0
Fc1ccccc1,DMF,43.2,348.0
Fc1cc2c(c3ccccc13)-c1ccc3c4cccc5cccc(c6ccc-2c1c63)c54,DCM,40.7,503.0
CC(C)(C)c1ccc(Cn2nc(-c3ccc(Cl)cc3)cc2-c2nnc(COc3ccc([N+](=O)[O-])cc3)o2)cc1,DCM,40.7,263.0
COC(=O)c1ccccc1,Ethanol,51.9,280.2
c1cc(-c2cnc3c(ccc4cc(-c5ccsc5)cnc43)c2)cs1,DCM,40.7,433.0
COc1ccc(C=Cc2sc(C=C(C#N)c3cccs3)c3c2OCCO3)cc1,DCM,40.7,460.0
O=C1NC(c2ccc(C=Cc3ccccc3)cc2)=C2C(=O)NC(c3ccc(C=Cc4ccccc4)cc3)=C12,DCM,40.7,564.0
Cc1noc2nc3c(F)c(F)c(F)c(F)c3cc12,Ethanol,51.9,335.0
COc1ccc(-c2ccc(C(C#N)=Cc3ccc(N(c4ccccc4)c4ccccc4)cc3)cc2)cc1,Cyclohexane,30.9,414.0
Nc1ccc(O)c(-c2nc3ccccc3s2)c1,Benzene,34.3,400.0
CCOC(=O)c1c(O)c(N=Nc2ccc([N+](=O)[O-])cc2)c2ccccc2c1O,DMSO,45.1,473.0
Fc1ccc(-n2c(N=Nc3nc4ccccc4s3)ccc2-c2cccs2)cc1,DMSO,45.1,526.0
CN(C)c1ccc(C=CC2=CC(=C(C#N)C#N)C=C(C=Cc3ccc(N(C)C)cc3)O2)cc1,Chloroform,39.1,483.5
COc1ccc(N=Nc2sc(N)nc2-c2ccc(NC(=O)c3ccccc3)cc2)cc1,DMSO,45.1,487.0
Nc1ccc2nc(-c3ccc(-c4cccs4)s3)cc(-c3ccccc3)c2c1,Other,,420.0
COC(=O)CCN(CCNc1ccc2c3n(c(=O)c4cccc1c42)CCN=3)CCC(=O)OC,Chloroform,39.1,432.0
C(#Cc1ccc2ccccc2c1)c1ccc(-n2c3ccccc3c3ccccc32)cc1,DCM,40.7,372.0
CCC1=CNN(N=Nc2ccc(O)c3ncccc23)S1,DMSO,45.1,549.0
Cn1c(-c2ccc(-c3ccc(C=C(C#N)C(=O)O)cc3)cc2)nc2c(-c3cccs3)sc(-c3cccs3)c21,THF,37.4,342.0
N#CC(=Cc1ccc2ccccc2c1)c1ccc(N(c2ccccc2)c2cccc3ccccc23)cc1,THF,37.4,404.0
Cc1cc(OCCO)c(C)cc1C=Cc1ccc([N+](=O)[O-])cc1,Methanol,55.4,398.0
CC1c2cc(-c3cccc4ccccc34)ccc2-c2cc3nc4c5ccccc5c5ccccc5c4nc3cc21,DMSO,45.1,401.0
C(=Cc1nc2ccccc2[nH]1)c1ccncc1,Ethanol,51.9,341.0
CN1C(=CC=C2CC(c3ccccc3)(c3ccccc3)CC(C=CC3=C(C#N)C(=C(C#N)C#N)OC3(C)C)=C2Br)C(C)(C)c2ccccc21,DMF,43.2,839.0
COc1ccc(C=Cc2ccn3cc(-c4ccc(OC)cc4)nc3c2)cc1,Toluene,33.9,387.0
CCN(CC)c1ccc(-c2nc3c(c4c2-c2ccc(Br)cc2CC4)-c2ccc(Br)cc2CC3)cc1,Chloroform,39.1,444.0
CC1C(=O)c2c(oc3cc(N(C)C)ccc23)-c2ccccc21,Acetonitrile,45.6,537.0
CO[Si](CCCSC(=O)c1cnccn1)(OC)OC,Chloroform,39.1,263.0
c1ccc(N=Nc2c(-c3ccccc3)[nH]c3ccccc23)cc1,DMSO,45.1,400.0
COc1ccc(C=c2c(O)c3ccccc3c3c2=Nc2ccccc2N3)c(OC)c1,THF,37.4,552.0
CC(C)(C)C1=CC(=CC=C2C=CC(=O)c3ncccc32)C=C(C(C)(C)C)O1,Acetonitrile,45.6,540.0
O=Cc1ccccc1O,Ethanol,51.9,251.0
CCN1CCN(CC)c2cc3oc(=O)c(C(C)=O)cc3cc21,Methanol,55.4,477.0
CCn1c(N)nc2ccccc21,DMSO,45.1,310.0
CCOC(=O)c1cc(C(=O)OC)c2ccc(-c3ccc(Cl)cc3)nn12,Acetonitrile,45.6,357.0
CC(C)c1ccc2sc3ccccc3c(=O)c2c1,Other,,382.3
O=C1CC(c2cc(O)cc(O)c2)Oc2cc(O)cc(O)c21,Methanol,55.4,240.0
NN=C(O)C(CCC[C@@H]1SC[C@@H]2NC(=O)N[C@@H]21)c1ccc2cccc(O)c2n1,Methanol,55.4,283.0
N#Cc1ccc(-c2nc(-c3ccccc3)c3ccccn23)cc1,Acetonitrile,45.6,500.0
CCOC(=O)C1=C(c2ccccc2)NC(=O)C1=Cc1ccc(N(C)C)cc1,DMSO,45.1,471.0
CN(C)c1ccc(-c2ccc(C3=C4C(=O)NC(c5ccc(-c6ccc(N(C)C)cc6)cc5)=C4C(=O)N3)cc2)cc1,DCM,40.7,566.0
Cc1nn2c(N=Nc3ccc([N+](=O)[O-])cc3)c(-c3ccccc3)[nH]c2c1N=Nc1ccccc1,Dioxane,36.0,585.0
N#CC(C#N)=C1c2ccccc2-c2c1sc(N)c2C#N,Acetone,42.2,629.0
CCOc1ccc(-c2ccc(N=Nc3ncc(C)s3)s2)s1,Dioxane,36.0,535.0
CCCSC(=O)c1ccc(C(=O)SCCC)cc1,Acetonitrile,45.6,625.0
O=Cc1cc(N=Nc2ccc(Br)cc2)ccc1O,DCM,40.7,240.0
CC(C(=O)O)c1ccc2c(N=Nc3c([N+](=O)[O-])cc(C(=O)O)cc3[N+](=O)[O-])c(O)ccc2c1,EthylAcetate,38.1,470.0
CC1(C)c2ccccc2N(c2ccccc2)c2ccc(-c3cccc(-c4nc(-c5ccccc5)c(-c5ccccc5)n4-c4ccccc4)c3)cc21,THF,37.4,311.0
O=[N+]([O-])c1ccc2nc(N=Cc3cc(Cl)cc(Cl)c3O)sc2c1,Methanol,55.4,249.0
O=C(O)c1cc([N+](=O)[O-])c(N=Nc2c(O)ccc3ccccc23)c([N+](=O)[O-])c1,EthylAcetate,38.1,470.0
Brc1ccc(C=Cc2ccc3c4c(ccc3c2)OC(c2ccccc2)(c2ccccc2)C4=C=C(c2ccccc2)c2ccccc2)cc1,THF,37.4,463.0
COC(=O)c1c(C(=O)OC)c2ccc(C#Cc3ccccc3)nn2c1C(=O)OC,DMSO,45.1,467.0
Cc1cnc2c(ccc3c(C)c(C)cnc32)c1C,DCM,40.7,273.0
N#CC(C#N)=C1C=C(Nc2ccccc2)c2ccccc21,Acetone,42.2,510.0
COc1ccc(N(c2ccc(OC)cc2)c2ccc(-c3cnc(-c4ccc(C=C(C#N)C(=O)O)s4)c4nsnc34)cc2)cc1,DCM,40.7,585.0
COC(=O)COc1nc(-c2cccc(-c3ccccn3)n2)sc1C,Acetonitrile,45.6,237.0
CCN(CC)c1ccc2c3c(c(=O)oc2c1)N=[N+](c1ccccc1)[B-](F)(F)O3,DMF,43.2,536.0
COc1nc(Cl)nc(Nc2ccc3c4cccc5cccc(c6cccc2c63)c54)n1,Acetonitrile,45.6,444.0
c1csc(-c2cc(N=Nc3nccs3)c(N3CCCCC3)s2)c1,Dioxane,36.0,531.0
O=[N+]([O-])c1ccc2nc(N=Nc3ccc(F)cc3)sc2c1,Methanol,55.4,352.0
Fc1ccccc1-c1nc2c(c3c1-c1ccccc1CC3)-c1ccccc1CC2,Chloroform,39.1,323.0
O=CNC1=CC(=O)C(=O)c2ccccc21,Ethanol,51.9,268.0
C#Cc1ccc(C(=O)c2cc(C#C)c3ccc4c(C#C)cc(C#C)c5ccc2c3c45)cc1,Hexane,31.0,428.0
COc1ccc(C=C(C#N)c2ccc3c(OC)c(C(C#N)=Cc4ccc(OC)cc4)ccc3c2OC)cc1,DCM,40.7,404.0
Cc1ccc2nccc(C)c2c1N,DMSO,45.1,355.0
N#Cc1ccc(NC(=NCC(=O)O)NC(c2ccccc2)c2ccccc2)cc1,Acetonitrile,45.6,306.3
CC(C)CN1C(=O)c2cccc3c(SCc4ccccc4)ccc(c23)C1=O,Acetonitrile,45.6,389.0
CC(C)C(=O)NC1=CC(=O)C(=O)c2ccccc21,Ethanol,51.9,270.0
CN1c2ccccc2Sc2cc(C=Nc3ccc4c(c3)Cc3ccccc3-4)ccc21,DCM,40.7,405.0
C=Cc1ccnc(-c2cc(-c3cc(C=C)ccn3)cc(-c3cc(C=C)ccn3)c2)c1,Other,,312.0
C(=NNC(=Cc1ccc2ccccc2n1)c1ccccc1)c1ccccc1,Ethanol,51.9,431.0
CCN(CC)c1ccc2cc(C=C(C#N)c3nc4ccccc4s3)c(=O)oc2c1,Toluene,33.9,528.0
CC1c2cc(C#Cc3ccccc3)ccc2-c2cc3nc4c5ccccc5c5ccccc5c4nc3cc21,DMSO,45.1,407.0
CN(C)c1ccc(C=Cc2ccc(C=Cc3ccccc3)cc2)cc1,Benzene,34.3,403.0
CCn1cc(C=C(C#N)c2nc3ccccc3s2)c2ccccc21,Toluene,33.9,427.0
CN(C)c1ccc(-c2nc(-c3ccc(C=Cc4ccc([N+](=O)[O-])cc4)cc3)[nH]c2-c2ccc(N(C)C)cc2)cc1,DCM,40.7,434.0
CC1(C)c2cc(-c3ccccc3)ccc2N2CCC(=O)NC21C,THF,37.4,290.0
CN(C)c1cccc(C=Cc2ccccc2)c1[N+](=O)[O-],Chloroform,39.1,427.0
O=[N+]([O-])c1ccc(N(CCCl)CCCl)c2nonc12,Ethanol,51.9,475.0
CNc1nc2cc3c(C)c(C(N)=O)c(=O)oc3cc2n1Cc1ccc2c(c1)OCO2,Ethanol,51.9,355.0
Cc1ccc(N=Nc2c(N)nn3c(-c4ccccc4)ccnc23)cc1,Cyclohexane,30.9,420.0
COc1cc(-c2cc3c(C#N)c4c5c(oc(=O)c4c(=N)n3[nH]2)-c2ccccc2SC5)cc(OC)c1OC,DMF,43.2,444.0
CCOC(=O)C1CC(C#N)=C2C=CC=NN21,Cyclohexane,30.9,508.0
N#CC(=Cc1cc(-c2ccc(C=C(C#N)c3ccc(-c4cccc5ccccc45)cc3)cc2)cs1)c1ccccc1,THF,37.4,364.0
CC(=O)CC(=O)c1ccc(-c2nc3ccccc3s2)o1,Toluene,33.9,394.0
c1ccc(P(CCCCP(c2ccccc2)c2ccccc2)c2ccccc2)cc1,THF,37.4,456.0
Brc1ccc(-c2cn3ccc(C=Cc4ccccc4)cc3n2)cc1,Toluene,33.9,416.0
CNC(=O)c1c2ccccc2cc2ccccc12,Acetonitrile,45.6,365.0
CCOC(=O)c1c(O)c(N=Nc2ccccc2)c2ccccc2c1O,DMSO,45.1,460.0
CN(C)c1ccccc1C=O,DCM,40.7,415.0
Nc1cccc2c1C(=O)c1ccccc1C2=O,Acetonitrile,45.6,466.0
Brc1ccc(-c2ccc3cc4ccccc4nc3n2)cc1,Acetone,42.2,398.0
Cc1nc(Cl)c2cc(-c3nnc(COc4ccc([N+](=O)[O-])cc4)o3)ccn12,Acetonitrile,45.6,368.0
CCCCOCNc1ccc2c3c(cccc13)C(=O)c1ccccc1-2,Benzene,34.3,498.0
C#Cc1nc(C=Cc2ccc(OC)cc2)cc(C=Cc2ccc(OC)cc2)n1,DCM,40.7,364.0
O=[N+]([O-])c1ccc2nc(N=Nc3cccc(CO)c3)sc2c1,Methanol,55.4,352.0
Clc1nccc(NN=Cc2ccccc2)n1,Ethanol,51.9,326.0
N#CC(=CCCc1ccc(O)c(O)c1)C(=O)NCc1ccccc1,Acetonitrile,45.6,263.0
CC1(C)c2ccccc2-c2ccc(N(c3ccc(N=Nc4ccc(C#N)cc4)cc3)c3ccc4c(c3)C(C)(C)c3ccccc3-4)cc21,Toluene,33.9,508.0
CCN(CC)c1ccc(-c2oc3cc(N=C=S)ccc3c(=O)c2O)cc1,Ethanol,51.9,607.0
CC(C)(C)C1CCC(=CSC=Cc2ccc(-c3ccc(C=CSC=C4CCC(C(C)(C)C)CC4)cc3)cc2)CC1,DCM,40.7,350.0
Nc1nc(-c2ccc(NC(=O)c3ccccc3)cc2)c(N=Nc2ccc(Br)cc2)s1,DMSO,45.1,487.0
CN1C(=O)C(=CC=C2C=C(c3ccccc3)C=C(c3ccccc3)O2)C(=O)N(C)C1=O,DCM,40.7,561.0
N#Cc1c(N)sc(N=NC2NC=C([N+](=O)[O-])S2)c1-c1ccc(Cl)cc1,Acetone,42.2,582.0
N#CC(=Cc1cc(-c2ccc(C=C(C#N)c3ccc(-c4ccc(Cl)cc4)cc3)cc2)cs1)c1ccccc1,THF,37.4,366.0
c1ccc(-c2cc3cc(-c4nnc(-c5ccccc5)o4)ccn3n2)cc1,Cyclohexane,30.9,342.0
Cc1cc2cc3c(cc2s1)sc1cc2sc(C)cc2cc13,THF,37.4,268.0
COc1ccc(-c2cc(C)nc(-c3ccc(-n4c5ccccc5c5ccccc54)cc3)n2)cc1,Toluene,33.9,292.0
CC1c2cc(-c3ccc4ccc5cccc6ccc3c4c56)ccc2-c2cc3nc(-c4ccccc4)c(-c4ccccc4)nc3cc21,DMSO,45.1,396.0
CCOC(=O)C1=C(c2ccccc2)N(C)C(=O)C1=Cc1ccc(-c2cccs2)s1,Other,,651.0
CC(C)(C)C(Cc1ccc2ccccc2n1)=NN=C(Cc1ccc2ccccc2n1)C(C)(C)C,Ethanol,51.9,317.0
N#Cc1ccc(N=Nc2c(-c3ccccc3)[nH]c3ccccc23)cc1,DMSO,45.1,
O=[N+]([O-])c1cc2c(c([N+](=O)[O-])c1)-c1c(cc([N+](=O)[O-])cc1[N+](=O)[O-])C2=CC=CC=C1N(c2ccccc2)c2ccccc2N1c1ccccc1,Toluene,33.9,790.0
Nc1nc(-c2ccc(NC(=O)c3ccccc3)cc2)c(N=Nc2cccc([N+](=O)[O-])c2)s1,DMSO,45.1,493.0
CCN(CC)c1ccc2c(C)cc(=O)oc2c1,DCM,40.7,372.0
Oc1ccc(Br)cc1-c1nc2c(c3c1-c1ccccc1CC3)-c1ccccc1CC2,DCM,40.7,345.0
Cn1c(C#Cc2ccc(C#N)cc2)cc2ccccc21,Cyclohexane,30.9,357.0
COc1ccc(N=Nc2nc3ccccc3s2)cc1,Methanol,55.4,370.0
Cc1ccc2c(C=Cc3ccc4c(c3)Sc3ccccc3N4C)cc(=O)oc2c1,Chloroform,39.1,424.0
Cc1ccc(N=Nc2c(-c3ccccc3)[nH]c3c(N=Nc4ccccc4)c(C)nn23)cc1,Dioxane,36.0,524.0
[C-]#[N+]c1ccc(-c2ccc(N)cc2)cc1,Hexane,31.0,457.0
O=C1C(=C(O)C=Cc2cc3c4c(c2)CCCN4CCC3)C(=O)c2ccccc21,THF,37.4,540.0
FC(F)(F)c1ccc2c(c1)CC1Oc3ccccc3CN21,Acetonitrile,45.6,205.0
Brc1cc(-c2ccccc2N(c2ccccc2)c2ccccc2)c(Br)cc1-c1ccccc1N(c1ccccc1)c1ccccc1,DCM,40.7,425.0
CC(C)(c1ccc(OCc2c3ccccc3cc3ccccc23)cc1)c1ccc(OCc2c3ccccc3cc3ccccc23)cc1,Chloroform,39.1,355.0
Brc1nnc(N=Nc2ccc(-c3cccs3)s2)s1,DMSO,45.1,510.0
CCCOC(=O)c1ccc(C(=O)OCCC)cc1,Acetonitrile,45.6,530.0
CC1c2ccccc2-c2cc3[nH]c(-c4ccc(Cl)cc4)nc3cc21,DMSO,45.1,360.0
Nc1nn2c(-c3ccccc3)ccnc2c1N=Nc1ccc(Cl)cc1,Cyclohexane,30.9,410.0
CN(C)c1ccc(C#Cc2c(F)c(F)c(C#Cc3ccc(N(C)C)cc3)c(F)c2F)cc1,DCM,40.7,409.0
O=[N+]([O-])c1ccc(-c2sc(-c3ccc([N+](=O)[O-])cc3)c3c2OCCO3)cc1,DCM,40.7,374.0
COc1ccc2nc(N=Nc3c(-c4ccccc4)n(C)c4ccccc34)sc2c1,Chloroform,39.1,536.0
COc1ccc2nc(N=Nc3c(C)n(C)c4ccccc34)sc2c1,Chloroform,39.1,519.0
CN(C)c1ccc(-c2nc(C=Cc3ccc(C#N)cc3)[nH]c2-c2ccc(N(C)C)cc2)cc1,DCM,40.7,434.0
COc1ccc(-c2sc(C=C(C#N)c3cccs3)c3c2OCCO3)cc1,DCM,40.7,435.0
COC(C=Cc1ccc(C)cc1)=C1C(=O)c2ccccc2C1=O,Cyclohexane,30.9,401.0
CN(C)c1ccc(C=C2CCC(=Cc3ccc(N(C)C)cc3)C2=C(C#N)C#N)cc1,Chloroform,39.1,557.0
N#CC(=C(C#N)c1ccc(-n2c(-c3ccccc3)cc3ccccc32)cc1)c1ccc(-n2c(-c3ccccc3)cc3ccccc32)cc1,THF,37.4,644.0
c1ccc2c(c1)[nH]c1cnccc12,Methanol,55.4,310.0
CCn1cc(C=C(C#N)C#N)c2ccccc21,Methanol,55.4,400.0
CCC(C)n1c(Nc2ccc(F)cc2)nc2cc3c(C)c(C(N)=O)c(=O)oc3cc21,Ethanol,51.9,358.0
COc1ccc(-c2scc3c2OCCO3)cc1,DCM,40.7,301.0
CC(=O)c1ccc(N)cc1,Other,,435.0
CC1(C)CCN2CCC(C)(C)c3c2c1cc1c(C(F)(F)C(F)(F)F)cc(=O)oc31,DCM,40.7,426.0
COc1ccc2nc3nc(C)ccc3cc2c1,Acetone,42.2,371.0
CCOC(=O)c1c(NC(C)=O)sc2c1-c1ccccc1C2,Acetone,42.2,332.0
c1cc2[nH]c3cc4c(cc3c2s1)OCO4,DMSO,45.1,260.0
CCOC(=O)C1=C(c2ccccc2)NC(=O)C1=NNc1cc([N+](=O)[O-])ccc1O,THF,37.4,546.0
Cc1c(O)ccc(N=Nc2ccc([N+](=O)[O-])cc2C#N)c1O,Acetone,42.2,441.0
CCN(CC)c1ccc2cc(C=CC(=O)c3c(O)c4ccccc4oc3=O)c(=O)oc2c1,DCM,40.7,503.0
CCN(CC)c1ccc2c(O)c(N=Nc3ccc(OC)cc3)c(=O)oc2c1,Methanol,55.4,480.0
C(#Cc1ccc2c(c1)Cc1ccccc1-2)c1ccc(-n2c3ccccc3c3ccccc32)cc1,DCM,40.7,404.0
COc1ccc(C=Cc2ccc3c4c(ccc3c2)OC(c2ccccc2)(c2ccccc2)C4=C=C(c2ccccc2)c2ccccc2)cc1,THF,37.4,470.0
COC(=O)c1c(C(=O)OC)c2ccc(C=Cc3ccc(C)cc3)nn2c1C(=O)OC,Hexane,31.0,452.0
Nc1ccccn1,DMSO,45.1,310.0
COc1ccc(-c2cc(-c3ccc(OC)cc3)c3ccc4c(-c5ccc(OC)cc5)cc(-c5ccc(OC)cc5)c5ccc2c3c54)cc1,DCM,40.7,393.0
CO[Si](CCCSC(=O)CSc1ccccc1)(OC)OC,Chloroform,39.1,249.0
CC(C)c1ccc(-c2nc3c(c4c2-c2ccccc2CC4)-c2ccccc2CC3)cc1,Chloroform,39.1,359.0
CCn1c2ccccc2c2cc(-c3ccc(-c4ccc(-c5ccncn5)s4)s3)ccc21,Acetonitrile,45.6,415.0
Nc1nc(-c2ccc(NC(=O)c3ccccc3)cc2)c(N=Nc2ccccc2Cl)s1,DMSO,45.1,492.0
Cc1c(-c2nnc(-c3cccc4ccccc34)o2)sc2sc(-c3nnc(-c4cccc5ccccc45)o3)c(C)c12,Ethanol,51.9,361.0
O=C1OC2(c3ccccc31)c1ccc(O)c(Br)c1Oc1c2ccc(O)c1Br,Water,63.1,506.0
Cc1ccc(-c2c3ccsc3c(-c3ccc(C)s3)c3ccsc23)s1,Chloroform,39.1,354.0
N#Cc1c(N)nc(N)c(C#N)c1-c1cccc2ccccc12,THF,37.4,337.0
CC1(C)c2ccccc2-c2ccc(N(c3ccc(N=Nc4ccc([N+](=O)[O-])cc4)cc3)c3ccc4c(c3)C(C)(C)c3ccccc3-4)cc21,Toluene,33.9,522.0
Cc1cccc(N(c2ccccc2)c2ccc(C(C#N)=Cc3ccc4ccccc4c3)cc2)c1,THF,37.4,413.0
Cc1c(C(=O)C=Cc2ccc(Br)cc2)nnn1-c1ccnc2cc(Cl)ccc12,Methanol,55.4,235.0
Cc1c(C(N)=O)c(=O)oc2cc3c(cc12)nc(Nc1ccccc1F)n3CC1CCCO1,Ethanol,51.9,362.0
Cn1cc(C=C(C#N)c2ccc(C=C3SC(=S)N(CC(=O)O)C3=O)s2)c2ccccc21,Chloroform,39.1,511.0
CCCOC(=O)c1ccncc1,Acetonitrile,45.6,345.0
CCN(CC)Cc1ccc2cccnc2c1O,Methanol,55.4,506.0
c1ccc2c3[nH]c(c2c1)N=c1[nH]c(c2ccccc12)=Nc1[nH]c(c2ccccc12)N=c1[nH]c(c2ccccc12)=N3,Water,63.1,684.0
Oc1ccc(-c2nc3c(c4c2-c2ccc(Br)cc2CC4)-c2ccc(Br)cc2CC3)cc1,Chloroform,39.1,367.0
CC(C)CCC1(CCC(C)C)c2ccccc2-c2ccc(-c3ccc4ccc5cccc6ccc3c4c56)cc21,DCM,40.7,400.0
C=CC(C=C=Cc1ccccc1)(c1ccc(C#N)cc1)N(C)C,Acetonitrile,45.6,422.0
CCOC(=O)c1cc2cc(C(C)=O)cn2cc1-c1ccc2ccccc2c1,DCM,40.7,261.0
Nc1ccccc1-c1nc2ccccc2s1,Methanol,55.4,365.0
C[Si](C)(C)C#Cc1ccc(C(=O)c2cc(C#C[Si](C)(C)C)c3ccc4c(C#C[Si](C)(C)C)cc(C#C[Si](C)(C)C)c5ccc2c3c45)cc1,Hexane,31.0,415.0
CC1c2ccccc2-c2cc3[nH]c(-c4c(F)cccc4F)nc3cc21,DMSO,45.1,341.0
CCN(CC)c1ccc2c(C#N)c(C=C(C#N)c3nc4ccccc4s3)c(=O)oc2c1,Toluene,33.9,611.0
CCOC1CC(C(=O)OC)=C2C=CC=NN21,Cyclohexane,30.9,496.0
Cc1c(-c2nnc(-c3c4ccccc4cc4ccccc34)o2)sc2sc(-c3nnc(-c4c5ccccc5cc5ccccc45)o3)c(C)c12,Ethanol,51.9,400.0
C=C(COC(=O)c1ccc(C(=O)c2ccccc2)cc1)C(=O)OCC,DMF,43.2,255.0
CN1C(=CC=C2C=CC(=O)c3ncccc32)C(C)(C)c2ccccc21,THF,37.4,605.0
CCC1(CC)c2cc(-c3ccc(C=C(C#N)C#N)s3)ccc2-c2ccc(N(c3ccccc3)c3cccc4ccccc34)cc21,Acetonitrile,45.6,492.0
COc1cc(C(=O)Oc2ccc(-n3cc(-c4ccccc4)nn3)c([N+](=O)[O-])c2)cc(OC)c1OC,DCM,40.7,254.0
Clc1ccc(N=Nc2c(-c3ccccc3)[nH]c3ccccc23)cc1,DMSO,45.1,412.0
CCCOC(=O)c1ccccc1C(=O)OCCC,Acetonitrile,45.6,330.0
CCOC(=O)C1=C(c2ccc(-c3ccccc3)cc2)NC(=O)C1=CC1=CCC(=C=O)C=C1,DMSO,45.1,441.0
N#CC(=Cc1ccccc1)c1ccc(N(c2ccccc2)c2ccc3ccccc3c2)cc1,THF,37.4,402.0
C=C(C)C(=O)OCCOc1ccc(-c2nnc(-c3ccccc3)s2)cc1,DMF,43.2,367.0
COc1ccc(C=CC(=O)c2nnn(-c3ccnc4cc(Cl)ccc34)c2C)cc1OC,Methanol,55.4,236.0
Cc1c(O)ccc(N=Nc2ccc([N+](=O)[O-])cc2C(F)(F)F)c1O,Acetone,42.2,423.0
FC(F)(F)c1ccc(-c2nc3c(c4c2-c2ccc(Br)cc2CC4)-c2ccc(Br)cc2CC3)cc1,Chloroform,39.1,346.0
Cc1c(C(N)=O)c(=O)oc2cc3c(cc12)nc(Nc1ccccc1)n3C,Ethanol,51.9,353.0
Oc1ccccc1-c1nc(-c2ccccc2)cs1,Acetonitrile,45.6,333.0
CCc1nnc(-c2ccn3c(C)nc(Cl)c3c2)o1,DCM,40.7,248.0
CC(=O)Nc1ccc(C=C2Oc3ccccc3C2=O)cc1,Methanol,55.4,395.0
Cn1c(-c2cnc(-c3nc4ccccc4n3C)cn2)nc2ccccc21,DMSO,45.1,397.0
CCN(CC)c1ccc2c(C#N)c(C=C(C#N)c3nc4ccccc4o3)c(=O)oc2c1,Toluene,33.9,611.0
N#CC(=Cc1ccc(-c2ncc(-c3ccc(N(c4ccccc4)c4ccccc4)cc3)c3nsnc23)s1)C(=O)O,DCM,40.7,546.0
CCN(CC)c1ccc2cc(C=CC3=[O+][B-](F)(F)Oc4c3c(=O)n(C)c3ccccc43)c(=O)oc2c1,Methanol,55.4,612.0
COc1ccc(C(=O)SCCC[Si](OC)(OC)OC)cc1,Chloroform,39.1,282.0
C(#Cc1c2ccccc2c(C#Cc2ccccc2)c2ccccc12)c1ccccc1,DCM,40.7,464.0
O=[N+]([O-])c1ccc(-c2scc3c2OCCO3)cc1,DCM,40.7,376.0
COc1ccc(-c2cn3ccc(C=Cc4ccc(SC)cc4)cc3n2)cc1,Toluene,33.9,484.0
Brc1cccc(C=NCCN=Cc2cccc(Br)c2)c1,DCM,40.7,244.0
CC(C)(C)c1ccc(-c2sc(-c3ccc(C(C)(C)C)cc3)c3[nH]c(-c4ccc(-c5ccc(C=C(C#N)C(=O)O)s5)s4)nc23)cc1,THF,37.4,428.0
Cc1c(O)ccc(N=Nc2ccc(C(F)(F)F)cc2[N+](=O)[O-])c1O,Acetone,42.2,408.0
CO[Si](CCCSC(=O)c1ccccc1N)(OC)OC,Chloroform,39.1,348.0
CCN(CC)c1ccc(N=Nc2nc3ccc([N+](=O)[O-])cc3s2)c(O)c1,Methanol,55.4,538.0
O=[N+]([O-])c1ccc(-c2cnc3cc(O)c(-c4nc5ccccc5[nH]4)cc3c2)cc1,Ethanol,51.9,340.0
CCN(CC)c1ccc(N=Nc2nc(-c3cc4ccccc4oc3=O)cs2)cc1,DMSO,45.1,508.0
Cc1cc(C)cc(N2C(=O)c3cccc4cc(N=Cc5cccs5)cc(c34)C2=O)c1,Chloroform,39.1,408.0
OCOc1c2ccccc2cc2ccccc12,Acetonitrile,45.6,372.0
CC1(C)c2ccccc2N(c2ccccc2)c2ccc(-c3ccc(-c4nc5c6ccccc6c6ccccc6c5n4-c4ccccc4)cc3)cc21,THF,37.4,367.0
COc1ccc(-c2ccc(C3=C4C(=O)NC(c5ccc(-c6ccc(OC)c(OC)c6)cc5)=C4C(=O)N3)cc2)cc1OC,DCM,40.7,543.0
COc1c(C)ccc2cccnc12,Methanol,55.4,410.0
CCCCN1C(=O)C(=Cc2cc3sc(-c4ccc(N(c5ccccc5)c5ccccc5)cc4)cc3s2)C(C)=C(C#N)C1=O,Chloroform,39.1,571.0
COC(=O)c1c(C(=O)OC)c2ccc(-c3ccc4ccccc4c3)nn2c1C(=O)OC,Methanol,55.4,450.0
FC(F)(F)c1ccc(-c2nc3c(c4c2-c2ccccc2CC4)-c2ccccc2CC3)cc1,Chloroform,39.1,327.0
O=C(c1ccccc1)c1c(Cc2ccccc2)oc2ccccc2c1=O,Acetonitrile,45.6,460.0
COc1ccc2cc(-c3sc(C=C(C#N)c4ccc(OC)c(OC)c4)c4c3OCCO4)ccc2c1,DCM,40.7,365.0
CCCOC(=O)c1ccnc(C(=O)OCCC)c1,Acetonitrile,45.6,433.0
Clc1nc(Nc2ccccc2)nc(Nc2ccc3cc4ccccc4cc3c2)n1,Dioxane,36.0,398.0
Cn1nc(-c2ccccc2)c2cc3c(F)c(F)c(F)c(F)c3nc21,Toluene,33.9,401.0
O=C1C(=CC=C2C=C(c3ccccc3)C=C(c3ccccc3)O2)C(=O)c2ccccc21,DCM,40.7,574.0
Cn1c2ccccc2c2cc(-c3cc(-c4ccccc4)nc(-c4ccccc4)c3)ccc21,DMF,43.2,501.0
CN1C(=CN=Nc2ccc3c4c(cccc24)C(=O)NC3=O)C(C)(C)c2ccccc21,THF,37.4,531.0
CCOC(=O)[C@H](C)NC(=CC(=C1C(=O)N(C)c2ccccc21)c1ccccc1)c1ccccc1,DCM,40.7,442.0
c1ccc2c(c1)c1ccccc1n2-c1ccc(-c2ccc(-c3ccc(-c4ccncn4)s3)cc2)cc1,DMSO,45.1,368.0
COC(=O)C1CC(C#N)=C2C=CC=NN21,Cyclohexane,30.9,508.0
Brc1ccc(-c2cc(-c3ccccc3)nc(-c3ccccc3)c2)cc1,Ethanol,51.9,315.0
C=C(C)C(=O)OCOc1ccc(N=Nc2ccc(OCC)cc2)cc1C,Chloroform,39.1,362.0
CC(=O)CC(=O)c1ccc(-c2nc3ccccc3o2)o1,Toluene,33.9,403.0
Nc1ncc2[nH]cnc2n1,Ethanol,51.9,310.0
C1=C(c2ccc(-c3cccs3)s2)CCC1,Ethanol,51.9,348.0
Clc1ccc(N=NC(=NNc2ccccc2)c2ccccc2)cc1,Methanol,55.4,489.0
O=C1C=CC(=CC=C2C=C(c3ccccc3)OC(c3ccccc3)=C2)c2cccnc21,Acetonitrile,45.6,545.0
CCc1nccnc1C(=O)C=Cc1ccc(Br)cc1,Ethanol,51.9,305.0
CCCOC(=O)c1ccc(C(=O)OCCC)nc1,Acetonitrile,45.6,510.0
COc1ccc(Nc2nc3cc4c(C)c(C(N)=O)c(=O)oc4cc3n2Cc2ccccc2)cc1,Ethanol,51.9,351.0
Clc1nc(Cl)nc(Nc2ccc3c4cccc5cccc(c6cccc2c63)c54)n1,Acetonitrile,45.6,446.0
Cc1ccc(CN[C@@H]2C[C@H]2NCc2ccc(C)o2)o1,Ethanol,51.9,317.0
O=c1cc(-c2cc(-c3cc4c(ccc5ccccc54)oc3=O)nc(-c3cc4c(ccc5ccccc54)oc3=O)c2)c2ccc3ccccc3c2o1,Other,,380.0
CN(C)c1ccc(-c2nc(C=CC=Cc3ccc(C#N)cc3)[nH]c2-c2ccc(N(C)C)cc2)cc1,DCM,40.7,442.0
CC(C)(C)C(=Cc1ccc2ccccc2n1)NN=Cc1ccccc1[N+](=O)[O-],Ethanol,51.9,450.0
Cc1cccc(N(c2ccccc2)c2ccc(C(C#N)=Cc3cccc4ccccc34)cc2)c1,THF,37.4,403.0
CO[Si](CCCSC(=O)c1cccc(C(=O)SCCC[Si](OC)(OC)OC)n1)(OC)OC,Chloroform,39.1,296.0
O=c1[nH]c(-c2ccc(Cl)cc2)cn2nc(-c3ccc(Cl)cc3)cc12,THF,37.4,330.0
C[Si]1(C)c2ccccc2[Si](C)(C)c2ccccc21,Hexane,31.0,266.0
c1ccc2nc3c4cccnc4c4ncccc4c3nc2c1,Acetonitrile,45.6,411.0
NC(Cc1ccc(O)cc1)C(=O)O,Water,63.1,247.0
CCN(CC)c1ccc(C=C(C#N)c2ccc(C=C3SC(=S)N(CC(=O)O)C3=O)s2)cc1,DMF,43.2,531.0
COc1cc(C=Cc2ccc([N+](=O)[O-])cc2[N+](=O)[O-])ccc1OCCO,Methanol,55.4,414.0
Cn1cc(C=C(C#N)c2ccc(C=Nc3ccc(C(=O)O)cc3)s2)c2ccccc21,Chloroform,39.1,452.0
COc1ccc(C=C(C#N)c2ccc3c(c2)c2cc(C(C#N)=Cc4ccc(OC)cc4)ccc2n3C)cc1,DCM,40.7,399.0
COc1cc(OC)c(C=CC(=C(C#N)C#N)c2cc3c(OC)cc4ccccc4c3oc2=O)c(OC)c1,Methanol,55.4,477.0
NNC(=O)Cc1ccccc1F,Ethanol,51.9,357.0
CCN(CC)c1ccc(Nc2cc3oc(-c4ccc(C#N)cc4)nc3c3ccccc23)c(C)c1,Dioxane,36.0,415.0
Cc1ccc(C(C#N)=Cc2ccc(N(c3ccccc3)c3ccccc3)cc2)cc1,Cyclohexane,30.9,402.0
COc1ccc(N(c2ccc(OC)cc2)c2ccc3c4cccc5c(C#CC=C(C#N)C(=O)O)ccc(c6cccc2c63)c54)cc1,Toluene,33.9,493.0
CO[Si](CCCSC(=O)c1ccccc1S)(OC)OC,Chloroform,39.1,315.0
CC(=O)Nc1ccccc1N=Nc1nc2ccc([N+](=O)[O-])cc2s1,Methanol,55.4,353.0
Oc1ccc(N=Nc2nc3ccccc3s2)c2cccnc12,DMSO,45.1,489.0
c1csc(-c2cc(-c3cccs3)c3ccc4c(-c5cccs5)cc(-c5cccs5)c5ccc2c3c54)c1,Cyclohexane,30.9,416.0
CC(C)CC(=O)NC1=CC(=O)C(=O)c2ccccc21,Ethanol,51.9,271.0
COC(=O)c1cc(O)n(-c2cc(C)c3c(O)n[nH]c3n2)n1,THF,37.4,296.0
CCOC(=O)C1=C(c2ccc3ccccc3c2)NC(=O)C1=NNc1cc([N+](=O)[O-])ccc1O,THF,37.4,555.0
C=Cc1ccc(-c2ccc(C(C#N)=Cc3ccc(-c4csc(C=C(C#N)c5ccccc5)c4)cc3)cc2)cc1,THF,37.4,366.0
CCn1c2c(c3ccccc31)=NN(c1ccccc1)[B-](F)(F)[O+]=2,THF,37.4,437.0
CCN(CC)c1ccc2c(O)c(N=Nc3ccccc3)c(=O)oc2c1,Methanol,55.4,463.0
CC1(C)c2cc(Br)ccc2-c2cc3c(C#C[Si](C)(C)C)c4ccccc4c(C#C[Si](C)(C)C)c3cc21,DCM,40.7,456.0
COc1ccc2cc(-c3scc4c3OCCO4)ccc2c1,DCM,40.7,318.0
CSc1ccc(N=Nc2nc3ccc([N+](=O)[O-])cc3s2)cc1,Methanol,55.4,437.0
CN1C(=CN=Nc2ccc(C=CC3=C(C#N)C(=C(C#N)C#N)OC3(C)C)cc2)Sc2ccccc21,THF,37.4,637.0
COc1ccccc1C=NCCN=Cc1ccccc1OC,DCM,40.7,246.0
COc1ccc(C#Cc2cc(C#Cc3ccc(OC)cc3)nc(C#Cc3ccc(OC)cc3)n2)cc1,Chloroform,39.1,335.0
c1ccc2scnc2c1,DMF,43.2,392.0
Oc1ccc(N=Nc2ccccc2)c2cccnc12,DMSO,45.1,396.0
C=Cc1ccc(-c2nnc(-c3ccccc3)s2)cc1,DMF,43.2,392.0
COC(=O)c1c(C(=O)OC)c2cccnn2c1C(=O)c1ccc(Cl)cc1,Cyclohexane,30.9,448.0
c1ccc2c(c1)[nH]c1c(-c3ccc4nc(Nc5ccc6cc(-c7cccc8c7[nH]c7ccccc78)ccc6n5)ccc4c3)cccc12,DCM,40.7,458.0
O=[N+]([O-])c1ccc2nc(N=Nc3ccccc3)sc2c1,Methanol,55.4,349.0
CC1(C)OC(=O)C(=CC=C2C=C(c3ccccc3)OC(c3ccccc3)=C2)C(=O)O1,DCM,40.7,498.0
NCCNc1cccc2c1C(=O)c1ccccc1C2=O,DCM,40.7,510.0
c1ccc2c(c1)nc1ccc3ccncc3n12,Ethanol,51.9,344.0
COc1ccc(-c2ccc3c(c2)c2ccccc2n3Cn2c3ccccc3c3cc(-c4ccc(OC)nc4)ccc32)cn1,THF,37.4,283.0
COc1cc(OC)c(C=NN=Cc2ccc([N+](=O)[O-])cc2)c(OC)c1,Dioxane,36.0,360.0
Oc1ccccc1C=NN=Cc1ccc2ccc3cccc4ccc1c2c34,Acetonitrile,45.6,388.0
CCN1c2ccc(C(F)(F)F)cc2C(C)(C)C12CCc1cc([N+](=O)[O-])ccc1O2,Acetonitrile,45.6,205.0
N[C@@H](Cc1ccc(O)c(O)c1)C(=O)O,DMSO,45.1,292.0
CC(C)(C)[Si](C)(C)OC[C@H]1OC(n2ccc(=O)[nH]c2=O)=C(Cc2ccccc2)[C@@H]1O[Si](C)(C)C(C)(C)C,Methanol,55.4,254.0
CN(c1ccccc1)c1ccc(-c2cc3ccc4cc(-c5ccc(N(C)c6ccccc6)cc5)nc5c6ccccc6c(n2)c3c45)cc1,Toluene,33.9,384.0
COc1ccc(-c2cn3nc(-c4ccccc4)cc3c(=O)[nH]2)cc1,THF,37.4,327.0
CN(C)c1ccc(-c2nc(C=Cc3ccc([N+](=O)[O-])cc3)[nH]c2-c2ccc(N(C)C)cc2)cc1,DCM,40.7,470.0
Clc1nc(Nc2ccccc2)nc(Nc2ccc3c4cccc5cccc(c6cccc2c63)c54)n1,Acetonitrile,45.6,444.0
O=[N+]([O-])c1cc2c(c([N+](=O)[O-])c1)-c1c(cc([N+](=O)[O-])cc1[N+](=O)[O-])C2=CC=CC=C1C=C(c2ccccc2)OC(c2ccccc2)=C1,Toluene,33.9,761.0
Cc1ccc(N=Nc2sc(N)nc2-c2ccc(NC(=O)c3ccccc3)cc2)cc1,DMSO,45.1,479.0
CC(=O)Nc1cc(N(CCOC(C)=O)CCOC(C)=O)ccc1N=Nc1ccc([N+](=O)[O-])cc1Cl,Methanol,55.4,507.0
Cc1ccc(-n2cccc2)cc1,Chloroform,39.1,315.0
COc1cc(C=Cc2nc3ccccc3o2)c(OC)cc1C=Cc1nc(C)nc(C=Cc2cc(OC)c(C=Cc3nc4ccccc4o3)cc2OC)n1,THF,37.4,502.0
CCOc1cccc(-c2nc3c(c4c2-c2ccccc2CC4)-c2ccccc2CC3)c1O,DCM,40.7,335.0
CCN1C(=CC2=C([O-])C(=CC3=[N+](CC)c4ccccc4C3(C)C)C2=O)C(C)(C)c2c1ccc1ccccc21,Chloroform,39.1,650.0
COc1ccc(-c2ccc3cc4cc(OC)ccc4nc3n2)cc1,Acetone,42.2,444.0
CC1c2cc(-c3ccc(N(c4ccccc4)c4ccccc4)cc3)ccc2-c2cc3nc4c5cccc6ccc7cccc(c4nc3cc21)c7c65,DMSO,45.1,464.0
CCOc1cc(C(=O)OC)c2cccnn12,Cyclohexane,30.9,429.0
CC(C)(C)c1cccc2c3ccccc3n(-c3ccc4c(-c5ccccc5)c5ccccc5c(-c5ccccc5)c4c3)c12,DCM,40.7,340.0
CC(C)CN1C(=O)c2cccc3c(NCCN)ccc(c23)C1=O,Acetone,42.2,431.0
Cc1cc(N)no1,DMSO,45.1,310.0
O=[N+]([O-])c1ccc(N=Nc2ccc(O)c3ncccc23)cc1,DMSO,45.1,445.0
Cc1c(N=Nc2nc(-c3cc4ccccc4oc3=O)cs2)c2ccccc2n1C,DMSO,45.1,462.0
O=[N+]([O-])c1ccc(C=c2c(O)c3ccccc3c3c2=Nc2ccccc2N3)cc1,THF,37.4,558.0
CCN(N)CCN(CCN(N)CC)c1ccc([N+](=O)[O-])c2nonc12,Acetone,42.2,345.0
C(=Cc1cc(-c2ccccn2)nc(-c2ccccn2)n1)c1ccc(C=C2C=C(c3ccccc3)OC(c3ccccc3)=C2)cc1,DCM,40.7,460.0
c1ccc2sc(-c3sc(-c4cc5ccccc5s4)c4c3OCCO4)cc2c1,DCM,40.7,395.0
Cc1c(C(N)=O)c(=O)oc2cc3c(cc12)nc(Nc1cccc(Br)c1)n3CCOc1ccccc1,Ethanol,51.9,363.0
C1=CC(c2ccc(C=Cc3ccc(-c4ccnc(-c5cccc(-c6ccccc6)n5)c4)cc3)cc2)C2=Nc3ccccc3C2=C1,DCM,40.7,469.0
Cc1cc(C)c(N=C2N=C3C=CC=CN3C2=Nc2c(C)cc(C)cc2C)c(C)c1,THF,37.4,556.0
CCN(CC)Cc1ccc2cccnc2c1OC,Methanol,55.4,390.0
N#Cc1c(N)nc(N)c(C#N)c1-c1ccccc1,THF,37.4,341.0
CC(=NNC(=Cc1ccc2ccccc2n1)C(C)(C)C)c1ccc(Br)cc1,Ethanol,51.9,442.0
CCOC(=O)C1=C(c2ccccc2)N(C)C(=O)C1=Cc1cccs1,Other,,537.0
C(=Cc1ccc(-c2cnc3c(ccc4cccnc43)c2)s1)c1cccs1,DCM,40.7,498.0
Cc1nc(Cl)c2cc(-c3nnc(-c4ccc(Cl)cc4Cl)o3)ccn12,DCM,40.7,280.0
N#CC(=Cc1cc(-c2ccc(C=C(C#N)c3ccc(-c4ccccc4)cc3)cc2)cs1)c1ccccc1,THF,37.4,366.0
Cc1cccc(OCc2nnc(-c3ccn4c(C)nc(Cl)c4c3)o2)c1,Acetonitrile,45.6,378.0
c1ccc(N=Nc2nc3ccccc3s2)cc1,Methanol,55.4,332.0
O=[N+]([O-])c1cc2c(c([N+](=O)[O-])c1)-c1c(cc([N+](=O)[O-])cc1[N+](=O)[O-])C2=CC=c1c2cccc3cccc(c32)n1Cc1ccccc1,Toluene,33.9,696.0
CC1(C)c2cc(-c3ccc4ccccc4c3)cc(-c3ccc4ccccc4c3)c2N2CC(=O)NC21C,THF,37.4,299.0
COc1cccc(-c2ccc(-c3cccc(OC)c3)c3[nH]c(-c4ccc(C=C(C#N)C(=O)O)cc4)nc23)c1,Chloroform,39.1,360.0
O=Cc1c(O)c2ccccc2n(-c2ccccc2)c1=O,Methanol,55.4,399.5
N#Cc1c2c3c(oc(=O)c2c(=N)n2[nH]c(-c4ccccc4)cc12)-c1ccccc1SC3,DMF,43.2,442.0
CC1(C)CC(=O)C(=C(O)C=Cc2ccc(N(c3ccc(-c4ccccc4)cc3)c3ccc(-c4ccccc4)cc3)cc2)C(=O)C1,Methanol,55.4,483.0
Cc1cc2c(C(=O)c3ccccc3C(=O)O)c3c(n2cc1C)C(=O)c1ccccc1C3=O,DMF,43.2,509.0
CC1(C)c2ccccc2N(c2ccccc2)c2ccc(-c3cccc(-c4nc5c6ccccc6c6ccccc6c5n4-c4ccccc4)c3)cc21,THF,37.4,324.0
COc1ccc(C#Cc2c(F)c(F)c(C#Cc3ccc(OC)cc3)c(F)c2F)cc1,DCM,40.7,362.0
C(=Cc1cnc2ccccc2n1)c1ccc(C=C2C=C(c3ccccc3)OC(c3ccccc3)=C2)cc1,DCM,40.7,450.0
COc1ccc(C#Cc2cccc(-c3cccc(C#Cc4ccc(OC)s4)n3)n2)s1,Acetonitrile,45.6,349.0
Cn1c(-c2ccccc2)c(N=Nc2nc(-c3cc4ccccc4oc3=O)cs2)c2ccccc21,DMSO,45.1,471.0
COc1ccc2nc3nc(-c4ccc(Cl)cc4)ccc3cc2c1,Acetone,42.2,403.0
CC(=O)c1ccc([N+]([O-])=Cc2ccc3c(c2)Sc2ccccc2N3C)cc1,DCM,40.7,312.0
Cc1c(C(=O)C=Cc2ccc(N(C)C)cc2)nnn1-c1ccnc2cc(Cl)ccc12,Methanol,55.4,237.0
Nc1cnc2ccccc2c1,DMSO,45.1,355.0
CNC(C)Cc1ccc(I)cc1,Water,63.1,485.6
Cc1ccc(OCc2nnc(-c3cc(-c4ccc(Cl)cc4)nn3Cc3ccc(C(C)(C)C)cc3)o2)cc1,DCM,40.7,260.0
COc1ccc(-c2c(N=Nc3ccc([N+](=O)[O-])cc3)sc(N)c2C#N)cc1,Acetone,42.2,572.0
Cc1cc(C)cc(-c2ccc(C(C#N)=Cc3ccc(-c4csc(C=C(C#N)c5ccccc5)c4)cc3)cc2)c1,THF,37.4,370.0
Cc1nc(Cl)c2cc(-c3nnc(COc4ccccc4)o3)ccn12,Acetonitrile,45.6,377.0
O=c1oc2ccccc2c(O)c1N=Nc1ccccn1,Methanol,55.4,293.0
N#CC(C#N)=C1C=C(C=Cc2ccc(N(c3ccccc3)c3ccccc3)cc2)OC(C=Cc2ccc(N(c3ccccc3)c3ccccc3)cc2)=C1,Chloroform,39.1,489.0
CCn1c2ccccc2c2nc3cc(C(=O)OC)c(C(=O)OC)cc3nc21,DMF,43.2,410.0
Fc1ccc(-c2nnc(N=Nc3ccc(-c4cccs4)s3)s2)cc1,DMSO,45.1,515.0
O=C1CC(=O)OC(Nc2ccccc2)O1,Dioxane,36.0,569.0
N#CC(=Cc1ccc(N(c2ccccc2)c2ccccc2)cc1)c1ccc(Cl)cc1,Cyclohexane,30.9,409.0
NC(Cc1ccccc1)C(=O)O,Water,63.1,241.0
CSc1ccccc1N=Nc1nc2ccc([N+](=O)[O-])cc2s1,Methanol,55.4,466.0
Cc1ccc(-c2ccc3cc4ccccc4nc3n2)cc1,Acetone,42.2,388.0
C=COC(=O)c1c2ccccc2cc2ccccc12,Acetonitrile,45.6,365.0
c1ccc(Cc2nc3c(ccc4c5ccccc5ccc43)[nH]2)cc1,Acetonitrile,45.6,365.0
c1ccc2c(c1)c1ccccc1n2-c1ccc(-c2ccc(-c3ccncn3)s2)cc1,DMSO,45.1,367.0
COc1ccc(-c2cc(-c3nnc(-c4cccc(Br)c4)o3)n(Cc3ccc(C(C)(C)C)cc3)n2)cc1,DCM,40.7,275.0
N#CC1CC(C(N)=O)N2N=Cc3ccccc3C12,Ethanol,51.9,439.0
c1cc(CN[C@@H]2CCCC[C@H]2NCc2ccsc2)cs1,Ethanol,51.9,300.0
CCOC(=O)c1c[nH]c2cc(-c3nc4ccccc4o3)c(O)cc2c1=O,Chloroform,39.1,597.0
Cc1ccc(N=Nc2c(-c3ccccc3)[nH]c3ccccc23)cc1,DMSO,45.1,401.0
COc1cc(-c2nc3c(c4c2-c2ccccc2CC4)-c2ccccc2CC3)cc(OC)c1OC,Chloroform,39.1,321.0
O=C([O-])c1ccccc1-c1c2cc3c4c(c2[o+]c2c5c6c(cc12)CCCN6CCC5)CCCN4CCC3,DMSO,45.1,586.0
COc1ccc(-n2c(N=Nc3ncc(C=O)s3)ccc2-c2cccs2)cc1,Dioxane,36.0,565.0
c1ccc(Cn2nc(-c3ccccc3)cc2-c2nnc(-c3ccccc3)o2)cc1,DCM,40.7,271.0
N#Cc1ccc(-c2ccc(C3=CCC(c4ccccc4)CC3)s2)s1,Ethanol,51.9,373.0
CCOC(=O)C(c1ccccc1)=[N+]([O-])c1ccccc1,DCM,40.7,620.0
CN(C)c1ccc(C=Cc2ccc(C#N)cc2)cc1,Acetonitrile,45.6,386.0
Cc1c(C(=O)C=Cc2cccc([N+](=O)[O-])c2)nnn1-c1ccnc2cc(Cl)ccc12,Methanol,55.4,233.0
C1=C(c2ccccc2)C=C(c2ccccc2)SC1(Cc1ccccc1)c1ccccc1,Ethanol,51.9,349.0
Cc1cc(C)c(B(c2ccc(-c3cc4ccccc4n3C)s2)c2c(C)cc(C)cc2C)c(C)c1,Cyclohexane,30.9,395.0
O=C(Cl)Cc1ccccc1F,Methanol,55.4,357.0
CC(C)(C)C(=Cc1ccc2ccccc2n1)NN=Cc1ccc([N+](=O)[O-])cc1,Ethanol,51.9,460.0
N#CC(=Cc1c2ccccc2cc2ccccc12)c1ccc(N(c2ccccc2)c2cccc3ccccc23)cc1,THF,37.4,401.0
CC(C)(C)OC(=O)N1C(=O)C2=C(c3ccc(C=Cc4ccccc4)cc3)N(C(=O)OC(C)(C)C)C(=O)C2=C1c1ccc(C=Cc2ccccc2)cc1,DCM,40.7,479.0
O=C(NCC12CC3CC(C1)CC(CNC(=O)Nc1ccc4cc5ccccc5cc4c1)(C3)C2)Nc1ccc2cc3ccccc3cc2c1,DMSO,45.1,407.0
O=c1c(O)c(-c2ccc(O)cc2)c1=O,Methanol,55.4,335.0
Oc1ccccc1-c1cn2ccccc2n1,Cyclohexane,30.9,337.0
COc1cccc(-n2cccc2)c1,Chloroform,39.1,320.0
Cc1nn(-c2ccccc2)c2nc3c(F)c(F)c(F)c(F)c3cc12,Ethanol,51.9,395.0
CN1C(=CC=CC=C2c3cc([N+](=O)[O-])cc([N+](=O)[O-])c3-c3c2cc([N+](=O)[O-])cc3[N+](=O)[O-])C(C)(C)c2ccccc21,Toluene,33.9,696.0
Cc1c2oc(-c3ccccc3)c(-c3ccccc3)c2c(C)c2oc(-c3ccccc3)c(-c3ccccc3)c12,DCM,40.7,229.0
Nc1ccc(O)cc1,Water,63.1,394.0
N#CC(C#N)=C(C=Cc1c[nH]c2ccccc12)c1ccc(N)cc1,Methanol,55.4,447.0
CN1C(=CN=Nc2ccc(C=C3SC(=S)N(c4ccc(O)cc4)C3=O)cc2)Sc2ccccc21,DMF,43.2,569.0
COc1ccccc1N=Nc1nc2ccccc2s1,Methanol,55.4,382.0
CC(C)(C)C(=O)C1(N)NC(=O)c2nccnc2N1,THF,37.4,326.0
Cc1cc2nc(N=Nc3ccc(O)c4ncccc34)sc2cc1C,DMSO,45.1,570.0
O=C(O)c1ccccc1C(=O)c1c2c(n3ccccc13)C(=O)c1ccccc1C2=O,Ethanol,51.9,493.0
O=C1C(Cl)=C(NCc2ccccc2)C(=O)C(Cl)=C1NCc1ccccc1,Chloroform,39.1,539.0
O=C(O)c1cc(-c2ccccc2)nc2ccccc12,Ethanol,51.9,365.0
Cc1nccnc1C(=O)C=Cc1ccc([N+](=O)[O-])cc1,Ethanol,51.9,315.0
c1ccc(-c2cn3ccccc3n2)cc1,Cyclohexane,30.9,336.0
OCOc1c2ccccc2cc2ccccc12,Acetonitrile,45.6,372.0
CN1C(=CC=C2C=CC(=O)c3ncccc32)Sc2ccccc21,THF,37.4,605.0
O=C(C=Cc1cn(Cc2ccccc2)c2ccccc12)c1ccc2ccccc2c1,DCM,40.7,405.0
CN(C)c1ccc(C=CC=CC(O)=C2C(=O)c3ccccc3C2=O)cc1,Acetonitrile,45.6,520.0
COc1ccc(-c2nnc(-c3ccn4c(C)nc(Cl)c4c3)o2)cc1,DCM,40.7,305.0
C(=Cc1ccn2cc(-c3ccccc3)nc2c1)c1ccc(NN2CCCCC2)cc1,Toluene,33.9,581.0
CN1c2ccccc2Sc2cccc(C=Nc3ccc4c(c3)Cc3ccccc3-4)c21,DCM,40.7,302.0
N#Cc1ccc2c(c1)CCc1nc(-c3ccc([N+](=O)[O-])cc3)c3c(c1-2)CCc1cc(C#N)ccc1-3,DMSO,45.1,360.0
CCc1nccnc1C(=O)C=Cc1ccc(OCc2ccccc2)cc1,Ethanol,51.9,250.0
CCC1=C(C)C(=O)NC1=Cc1[nH]c(C(C)(C)c2[nH]c(C=C3NC(=O)C(C)=C3CC)c(C)c2CC(=O)O)c(CC(=O)O)c1C,Benzene,34.3,438.0
CC(C)(C)c1ccc(-c2nc3ccc(-c4ccc5nc(-c6ccc(C(C)(C)C)cc6)oc5c4)cc3o2)cc1,Other,,332.0
CN(C)c1ccc(-c2nc3c(c4c2-c2ccc(Br)cc2CC4)-c2ccc(Br)cc2CC3)cc1,Chloroform,39.1,430.0
Cn1c(=O)cc(O)c2ccccc21,Methanol,55.4,400.0
CC1c2cc(-c3c4ccccc4cc4ccccc34)ccc2-c2cc3nc4c5cccc6ccc7cccc(c4nc3cc21)c7c65,DMSO,45.1,425.0
c1ccc(-c2nnc(N=Nc3ccc(-c4cccs4)s3)s2)cc1,DMSO,45.1,515.0
c1csc(-c2ccc(N=Nc3nccs3)s2)c1,Dioxane,36.0,497.0
Cc1cc2nc(N=Nc3c(-c4ccccc4)n(C)c4ccccc34)sc2cc1C,Chloroform,39.1,531.0
Cc1cc(=O)oc2cc3[nH]c(-c4ccccc4)nc3cc12,Other,,346.0
CC1c2cc(-c3c4ccccc4cc4ccccc34)ccc2-c2cc3nc(-c4ccccc4)c(-c4ccccc4)nc3cc21,DMSO,45.1,392.0
CN(C)c1ccc(C(=C(C#N)C#N)C(=C(C#N)C#N)c2ccc(C(=O)O)cc2)cc1,DCM,40.7,468.0
NC(Cc1c[nH]c2ccccc12)C(=O)O,Water,63.1,275.0
Oc1ccccc1-c1sc(-c2ccc(Cl)cc2)nc1O,Dioxane,36.0,365.0
CN(C)c1ccc(C=Cc2cc(-c3ccccc3)c(C=CC3=C(C#N)C(=C(C#N)C#N)OC3(C)C)cc2-c2ccccc2)cc1,DMF,43.2,473.5
Cc1cc(C)c(N=Cc2cc(C)cc(C(c3ccccc3)c3ccccc3)c2O)c(C)c1,Toluene,33.9,349.0
C=Cc1ccncc1,DMSO,45.1,325.0
C(=Cc1nc2ccccc2s1)c1ccc(-n2c3ccccc3c3ccccc32)cc1,Methanol,55.4,343.0
N#Cc1c2c3c(oc(=O)c2c(=N)n2[nH]c(-c4ccccc4)cc12)-c1ccccc1CC3,DMF,43.2,428.0
CCn1cc(C=C(C#N)c2nc3ccccc3[nH]2)c2ccccc21,Toluene,33.9,422.0
COc1ccc(-c2c(N=NC3NC=C([N+](=O)[O-])S3)sc(N)c2C#N)cc1,Acetone,42.2,592.0
Oc1ccccc1C=NCc1ccccc1OCCCOc1ccccc1CN=Cc1ccccc1O,DMF,43.2,0.0
c1ccc(-c2ccc3nc(Nc4ccc5cc(-c6ccccc6)ccc5n4)ccc3c2)cc1,DCM,40.7,453.0
c1ccc(N(c2ccccc2)c2ccc(C(n3cccn3)n3cccn3)cc2)cc1,DMF,43.2,301.0
CCN(CC)c1ccc(C=Cc2ccn3cc(-c4ccccc4-c4ccc(Cl)cc4)nc3c2)cc1,Toluene,33.9,410.0
CCn1c2ccccc2c2ccccc21,Other,,525.0
CC1c2cc(-c3ccccc3)ccc2-c2cc3nc4c5cccc6ccc7cccc(c4nc3cc21)c7c65,DMSO,45.1,428.0
COc1ccc(N=Nc2c(N)n3c(nc4ccccc43)[nH]c2=O)cc1,Chloroform,39.1,420.0
c1ccc(-n2c3ccccc3c3ccccc32)cc1,Cyclohexane,30.9,407.0
CCOC(=O)C1=C(c2ccccc2)NC(=O)C1=Cc1cccc2ccccc12,DMSO,45.1,419.0
CCc1cc(C)cc(CC)c1N=Cc1cc(C)cc(C(c2ccccc2)c2ccccc2)c1O,Toluene,33.9,347.0
CC(C)(C)[Si](C)(C)OC[C@H]1OC(n2ccc(=O)[nH]c2=O)=C(Cl)[C@@H]1O[Si](C)(C)C(C)(C)C,Methanol,55.4,254.0
Cc1ccc(S(N)(=O)=O)cc1,Acetonitrile,45.6,225.0
O=[N+]([O-])c1ccc([C@H]2CO2)cc1,Ethanol,51.9,740.0
Oc1ccccc1-c1sc(-c2ccccc2)nc1O,Dioxane,36.0,360.0
CC1(C)CCN2CCC(C)(C)c3c2c1cc1c(C(F)(F)F)cc(=O)oc31,DCM,40.7,417.0
CC(=O)Nc1ccc2c3cccc4cccc(c5cccc1c52)c43,Acetonitrile,45.6,453.0
Cc1ccc(C(=Cc2ccc3ccccc3n2)NN=Cc2ccccc2)cc1,Ethanol,51.9,449.0
CCCNc1ccc(C2=c3cc4c(cc3OC2=O)=C(c2ccccc2)C(=O)O4)cc1,DMF,43.2,652.0
CN(C)c1ccc(-c2nc(-c3ccc(C#N)cc3)[nH]c2-c2ccc(N(C)C)cc2)cc1,DCM,40.7,397.0
CCn1c2ccccc2c2cc(-c3nc(-c4cccs4)c(-c4cccs4)n3-c3ccc(OC)cc3)ccc21,DMSO,45.1,306.0
CN1c2ccccc2Sc2cccc(C=Nc3ccc4ccccc4c3)c21,DCM,40.7,370.0
N#CC(=Cc1ccccc1)c1ccc(N(c2ccccc2)c2ccccc2)cc1,THF,37.4,397.0
COc1c(C=C(c2ccccc2)c2ccccc2)cc2c3ccccc3n(C)c2c1C=C(c1ccccc1)c1ccccc1,THF,37.4,476.0
CCC1=C(C)c2cc3[nH]c(c(C)c3CC)c(-c3ccc(O)cc3)c3nc(cc4[nH]c(cc1n2)c(CC)c4C)C(CC)=C3C,Other,,822.0
CCOC(=O)c1sc2nc(-c3ccco3)cc(C(F)(F)F)c2c1N=Nc1ccc(N(C)C)cc1,DMF,43.2,448.0
CC1CC=C(c2ccc(-c3ccc(C#N)s3)s2)CC1,Other,,366.0
c1ccc(-c2c3ccccc3c(-c3ccc4oc5ccc(-c6c7ccccc7c(-c7ccccc7)c7ccccc67)cc5c4c3)c3ccccc23)cc1,DCM,40.7,375.0
CCN(CC)c1ccc2c(O)c(N=Nc3ccc(C(=O)O)cc3)c(=O)oc2c1,Methanol,55.4,480.0
COc1ccc(N=Nc2c(-c3ccccc3)[nH]c3ccccc23)cc1,DMSO,45.1,405.0
Cc1ccc2c(-c3cc(-c4cc5ccccc5oc4=O)nc(-c4cc5ccccc5oc4=O)c3)cc(=O)oc2c1,Other,,352.0
CC(=O)Nc1ccc(C(=O)NC2=CC(=O)C(=O)c3ccccc32)cc1,Ethanol,51.9,293.0
O=C(C=Cc1ccccc1)CC(=O)C=Cc1ccccc1,Acetonitrile,45.6,390.0
c1ccc(-n2c(-c3ccc(-c4nc(-c5ccc(-c6nc7ccccc7n6-c6ccccc6)cc5)c5ccccc5n4)cc3)nc3ccccc32)cc1,DCM,40.7,342.0
N#CC(=Cc1ccc2ccccc2c1)c1ccc(N(c2ccccc2)c2ccc3ccccc3c2)cc1,THF,37.4,412.0
CCC1(CC)c2cc(C=C(C#N)C(=O)O)ccc2-c2ccc(-c3ccc(-c4ccc5ccc6cccc7ccc4c5c67)s3)cc21,THF,37.4,508.1
N#CC(C#N)=C1C=C(Nc2ccc([N+](=O)[O-])cc2)c2ccccc21,Acetone,42.2,529.0
COc1ccc2c(c1)-c1oc(=O)c3c(=N)n4[nH]c(-c5ccccc5)cc4c(C#N)c3c1CC2,DMF,43.2,428.0
CC(C)c1ccc(N=Cc2cc(N=Nc3ccccc3)ccc2O)cc1,DMSO,45.1,240.0
COc1ccc(Cc2nnc3sc(-c4ccc(-c5ccc(-c6ccccc6)cc5)cc4)nn23)cc1,DMSO,45.1,263.0
C(#Cc1cc(C#Cc2ccccc2)nc(C#Cc2ccccc2)n1)c1ccccc1,Chloroform,39.1,341.0
Nc1ccc(-c2nc3ccccc3s2)c(O)c1,Water,63.1,365.0
COc1ccc2nc3nc4c(cc3cc2c1)-c1ccccc1C4,Acetone,42.2,373.0
Oc1cccc(O)c1-c1nc2ccccc2o1,Water,63.1,334.0
COc1ccc2nc(N=Nc3ccc(O)c4ncccc34)sc2c1,DMSO,45.1,506.0
N#Cc1c(N)nc(N)c(C#N)c1-c1ccc(Cl)cc1Cl,THF,37.4,332.0
O=[N+]([O-])c1ccc(C=NN=CC=Cc2ccccc2)cc1,Dioxane,36.0,346.0
O=[N+]([O-])c1ccc2nc(N=Nc3c(-c4ccccc4)[nH]c4ccccc34)sc2c1,Chloroform,39.1,506.0
Nc1c(N=Nc2ccc([N+](=O)[O-])cc2)c(=O)[nH]c2nc3ccccc3n12,Chloroform,39.1,474.0
[2H]C=CC1=C(n2ccc(=O)[nH]c2=O)O[C@H](CO[Si](C)(C)C(C)(C)C)[C@H]1O[Si](C)(C)C(C)(C)C,Methanol,55.4,251.0
COc1cccc(C=NNC(=O)c2cc3ccccc3cc2O)c1O,Methanol,55.4,225.0
CN1C(=O)C(=CC=CC=C2C=C(c3ccccc3)OC(c3ccccc3)=C2)C(=O)N(C)C1=S,DCM,40.7,620.0
CCC1=C(C)C(=O)NC1=Cc1[nH]c(C(C)(C)c2[nH]c(C=C3NC(=O)C(C)=C3CC)c(C)c2CCC(=O)OC)c(CCC(=O)OC)c1C,Benzene,34.3,428.0
C(=Cc1ccc(-n2ccnc2)cc1)c1ccc(-c2ccnc(-c3cccc(-c4ccccc4)n3)c2)cc1,DMF,43.2,426.0
c1ccc2c(-c3scc4c3OCCO4)c3ccccc3cc2c1,DCM,40.7,370.0
CC1c2ccccc2-c2cc3nc4c5ccccc5c5ccccc5c4nc3cc21,DMSO,45.1,389.0
N#CC1(N)CC(c2ccccc2)=C(N=Nc2ccc([N+](=O)[O-])cc2)S1,Acetone,42.2,568.0
COc1ccc(-c2nc3c(c4c2-c2ccccc2CC4)-c2ccccc2CC3)cc1OC,Chloroform,39.1,324.0
C#CCN(CC#C)CC#Cc1nn([C@H]2C[C@H](O)[C@@H](CO)O2)c2nc(NC(=O)C(C)C)[nH]c(=O)c12,Methanol,55.4,286.0
COc1ccc(-c2nc3c(c4c2-c2ccccc2CC4)-c2ccccc2CC3)cc1,DMSO,45.1,322.0
Cc1c(C(=O)C=Cc2ccc(Cl)cc2)nnn1-c1ccnc2cc(Cl)ccc12,Methanol,55.4,235.0
Clc1ccc(-c2cc3cc(-c4nnc(-c5ccccc5)o4)ccn3n2)cc1,Cyclohexane,30.9,342.0
Oc1ccc(C=Nc2ccccc2)cc1,Ethanol,51.9,293.0
CN(C)c1ccc(-c2nc(-c3ccc(-c4ccc([N+](=O)[O-])cc4)cc3)[nH]c2-c2ccc(N(C)C)cc2)cc1,DCM,40.7,417.0
CCN(CC)c1ccc2c(O)c(C(=O)C=Cc3ccc4c(c3)c3ccccc3n4CC)c(=O)oc2c1,DCM,40.7,545.0
CCOC(=O)c1cc2cc(C(C)=O)cn2cc1-c1ccc(OC)cc1,DCM,40.7,266.0
CC1c2ccccc2-c2cc3[nH]c(-c4ccc(F)cc4)nc3cc21,DMSO,45.1,354.0
Oc1ccc(N=Nc2nc3ccc(Cl)cc3s2)c2cccnc12,DMSO,45.1,564.0
Cc1nsc2nc3c(F)c(F)c(F)c(F)c3cc12,Ethanol,51.9,363.0
CN(C)c1ccc(C=Cc2cc(C=Cc3ccc(N(C)C)cc3)nc(I)n2)cc1,DCM,40.7,450.0
Nc1nn2c(-c3ccccc3)ccnc2c1N=Nc1ccc([N+](=O)[O-])cc1,Cyclohexane,30.9,415.0
COC(=O)C1=C(C(N)=O)N2N=Cc3ccccc3C2C1C(=O)OC,Ethanol,51.9,487.0
CC(C)(C)[Si](C)(C)OC[C@H]1OC(n2ccc(=O)[nH]c2=O)=C(Br)[C@@H]1O[Si](C)(C)C(C)(C)C,Methanol,55.4,255.0
O=C1Nc2ccccc2C1=Cc1ccc(-c2ccccc2)cc1,DMSO,45.1,345.0
c1ccc2sc(-c3ccc(-n4c5ccccc5c5ccccc54)cc3)nc2c1,Methanol,55.4,345.0
Fc1ccc(-c2cc(-c3ccc(F)cc3)c3ccc4c(-c5ccc(F)cc5)cc(-c5ccc(F)cc5)c5ccc2c3c54)cc1,Cyclohexane,30.9,387.0
Cc1nc(Cl)c2cc(-c3nnc(COc4ccc(-c5ccccc5)cc4)o3)ccn12,Acetonitrile,45.6,367.0
COC(=O)c1c(C(=O)OC)c2ccc(C=Cc3ccc(F)cc3)nn2c1C(=O)OC,Methanol,55.4,454.0
COc1ccc2nc3nc(-c4ccc([N+](=O)[O-])cc4)ccc3cc2c1,Acetone,42.2,394.0
CCOC(=O)c1cc2cc(C(=O)c3ccccc3)cn2cc1-c1ccc(Cl)cc1,DCM,40.7,279.0
Cc1nc(Cl)c2cc(-c3nnc(COc4ccc(Cl)cc4)o3)ccn12,Acetonitrile,45.6,369.0
O=S(=O)(O)c1ccc2c(ccc3nn(-c4ccc(-c5nc(-c6ccccc6)c(-c6ccccc6)[nH]5)cc4)nc32)c1,DMSO,45.1,363.0
Nc1ccc(Nc2nc(N(c3ccccc3)c3ccccc3)nc(N(c3ccccc3)c3ccccc3)n2)cc1,DCM,40.7,284.0
Cc1nc(Cl)c2cc(-c3nnc(-c4ccccc4F)o3)ccn12,DCM,40.7,277.0
CCN1C(=CC2=C([O-])C(=CC3=[N+](CC)c4ccc5ccccc5c4C3(C)C)C2=O)C(C)(C)c2c1ccc1ccccc21,Chloroform,39.1,665.5
O=c1[nH]c(-c2ccc(Cl)cc2)cn2nc(-c3ccccc3)cc12,THF,37.4,331.0
COC(=O)c1c(C(=O)OC)c2ccccn2c1-c1nc(C#N)c(C#N)nc1-c1ccccc1,THF,37.4,440.0
CCOC(=O)c1c(N)sc2c1-c1ccccc1C2=Cc1ccc(N(C)C)cc1,Acetone,42.2,421.0
C1=Cc2cccc3cccc1c23,Cyclohexane,30.9,325.0
COc1cccc(N=Nc2c(N)n3c(nc4ccccc43)[nH]c2=O)c1,Chloroform,39.1,418.0
CCCOc1cc(-c2ccccn2)nc(-c2ccccn2)c1,Acetonitrile,45.6,277.0
COc1ccccc1N=Nc1c(N)n2c(nc3ccccc32)[nH]c1=O,Chloroform,39.1,422.0
COc1ccc2nc3nc4c(cc3cc2c1)C(=O)CC(C)(C)C4,DMF,43.2,407.0
CCOC(=O)C1=C(c2ccc(-c3ccccc3)cc2)NC(=O)C1=Cc1ccccc1,DMSO,45.1,417.0
O=S(=O)(c1cccc(N2N=C(c3ccc(Cl)cc3)CC2c2ccco2)c1)c1cccc(N2N=C(c3ccc(Cl)cc3)CC2c2ccco2)c1,DCM,40.7,357.0
Oc1cccc(O)c1O,Water,63.1,354.0
CCOC(=O)C1=C(c2ccc(-c3ccccc3)cc2)NC(=O)C1=Cc1ccc(N(C)C)cc1,DMSO,45.1,478.0
COc1ccc(C=NCCN=Cc2ccc(OC)cc2)cc1,DCM,40.7,256.0
CS(=O)(=O)c1ccc(-c2ccc(C3=C4C(=O)NC(c5ccc(-c6ccc(S(C)(=O)=O)cc6)cc5)=C4C(=O)N3)cc2)cc1,DCM,40.7,540.0
CC(C)CN1C(=O)c2cccc3c(NCCO)ccc(c23)C1=O,DCM,40.7,430.0
CN1c2ccccc2Sc2cc(C=[N+]([O-])c3ccc(Cl)cc3)ccc21,DCM,40.7,316.0
CCOC(=O)c1cc2cc(C(C)=O)cn2cc1-c1ccccc1,DCM,40.7,269.0
COc1ccc(N(c2ccc(OC)cc2)c2ccc(-c3ccc(C=C(C#N)C(=O)O)cn3)cc2)cc1,THF,37.4,426.0
CCN(CC)c1ccc2cc(C=CC(=O)c3c(O)c4ccccc4n(C)c3=O)c(=O)oc2c1,Methanol,55.4,511.0
Cc1ccc2c(-c3cnc4ccccc4c3)c3ccccc3c(-c3cnc4ccccc4c3)c2c1,THF,37.4,421.0
O=C(O)c1ccccc1N=Nc1nc2ccc([N+](=O)[O-])cc2s1,Methanol,55.4,347.0
COc1ccc(C=Cc2ccc(O)c(C=NCCN(C)C)c2)cc1,DMSO,45.1,318.0
CCN1CCN(CC)c2cc3oc(=O)c(-c4nc5ccccc5[nH]4)cc3cc21,Methanol,55.4,487.0
c1ccc(N(c2ccccc2)c2ccc(-c3cc(-c4ccccn4)nc(-c4ccccn4)c3)cc2)cc1,DMF,43.2,289.0
COC(=O)c1cc(C(=O)OC)n2ncc3ccccc3c12,Cyclohexane,30.9,446.0
Clc1ccc(-n2cccc2)cc1,Chloroform,39.1,312.0
COc1ccc(-c2cc(-c3nnc(-c4ccccc4)o3)n(Cc3ccc(C(C)(C)C)cc3)n2)cc1,DCM,40.7,273.0
CCN(CC)c1ccc(C(=O)NC(C)C)cc1,Acetonitrile,45.6,307.0
Cc1cc2nc(N=Nc3c(-c4ccccc4)[nH]c4ccccc34)sc2cc1C,Chloroform,39.1,541.0
COc1ccc(-c2c(C#N)c(N)nc(N)c2C#N)cc1,THF,37.4,339.0
COC(=O)c1cc(C(=O)OC)n2nc(-c3ccc(Cl)cc3)ccc12,Acetonitrile,45.6,356.0
COc1ccc(-n2cccc2)cc1,Chloroform,39.1,325.0
N#Cc1c(N)nc(N)c(C#N)c1-c1ccc(Cl)cc1,THF,37.4,339.0
Cc1ccc2c(C=Cc3ccc(N(C)c4ccccc4)cc3)cc(=O)oc2c1,Chloroform,39.1,424.0
CN(c1ccccc1)c1ccc(-c2cc3cccc4c5nc(-c6ccc(N(C)c7ccccc7)cc6)cc6cccc(c(n2)c34)c65)cc1,Toluene,33.9,351.0
Cn1c2ccccc2c2cc(C=C(C#N)c3ccc(C=C4SC(=S)N(CC(=O)O)C4=O)s3)ccc21,Chloroform,39.1,504.0
CN(C)c1ccc(C#Cc2ccc(-c3c(F)c(F)c(-c4ccc(C#Cc5ccc(N(C)C)cc5)cc4)c(F)c3F)cc2)cc1,DCM,40.7,363.0
CCOC(=O)c1cc(C(=O)c2ccc(Cl)cc2)n2ncccc12,Ethanol,51.9,436.0
F[B-]1(F)Oc2ccc3ccccc3c2-c2c3c(c4c([n+]21)CCc1ccccc1-4)CCc1ccccc1-3,DCM,40.7,346.0
O=C(O)Cc1cc(I)c(Oc2cc(I)c(O)c(I)c2)c(I)c1,Other,,406.0
CCOC(=O)c1c(N)sc(N=Nc2ccc([N+](=O)[O-])cc2)c1-c1ccccc1,Methanol,55.4,529.0
O=C1c2ccccc2C(=O)c2c(-c3ccccc3)ccc(-c3ccccc3)c21,Chloroform,39.1,265.0
N#CC(=Cc1ccc(-c2ccc(-c3ccc4ccc5cccc6ccc3c4c56)s2)cc1)C(=O)O,THF,37.4,516.2
c1ccc(-n2c3ccccc3c3cc(-c4nc(-c5ccc6c(c5)c5ccccc5n6-c5ccccc5)c5ccccc5n4)ccc32)cc1,DCM,40.7,344.0
COc1cc(C(C#N)=Cc2ccc(-c3nnc(C)o3)cc2)c(OC)cc1C(C#N)=Cc1ccc(-c2nnc(C)o2)cc1,DCM,40.7,446.0
CCc1nccnc1C(=O)C=Cc1ccc(Cl)cc1,Ethanol,51.9,315.0
[C-]#[N+]c1ccc(-c2ccc(N(C)C)cc2)cc1,Hexane,31.0,417.0
CC(=O)OCCN(CCC#N)c1ccc(N=Nc2nc(-c3ccc(Cl)cc3Cl)cs2)cc1,DMF,43.2,540.0
CCn1c2ccccc2c2cc(-c3nc(-c4ccccc4)c(-c4ccccc4)n3-c3ccc(F)cc3)ccc21,DMSO,45.1,304.0
CC(=O)c1cc2cc3ccccc3nc2nc1C,Acetone,42.2,372.0
CC(C)(C)C1=CC(=CC=Cc2cnccn2)C=C(C(C)(C)C)O1,DCM,40.7,427.0
Cc1cc(C)c(B(c2cccs2)c2c(C)cc(C)cc2C)c(C)c1,Cyclohexane,30.9,323.0
CCn1c2ccccc2c2cc(C=CC3=[O+][B-](F)(F)Oc4c3c(=O)oc3ccccc43)ccc21,Acetonitrile,45.6,462.0
CCC1=C(C)C(=O)NC1=Cc1[nH]c(C(C)(C)c2[nH]c(C=C3NC(=O)C(C)=C3CC)c(C)c2CCC(=O)O)c(CCC(=O)O)c1C,Benzene,34.3,439.0
COC(=O)c1c(C(=O)OC)c2cccnn2c1C(=O)OC,Cyclohexane,30.9,431.0
CC(C)NC(=O)c1ccc(N(C)C)cc1,Acetonitrile,45.6,300.0
CCN(CCO)c1ccc(C(C#N)=C(C#N)C#N)cc1,Cyclohexane,30.9,601.0
CN(C)c1ccc(-c2nc(-c3ccc(-c4ccc(C#N)cc4)cc3)[nH]c2-c2ccc(N(C)C)cc2)cc1,DCM,40.7,391.0
CCCCOc1cc(C)c(C=Cc2ccc([N+](=O)[O-])cc2[N+](=O)[O-])cc1C,Methanol,55.4,423.0
CO[Si](CCCSC(=O)c1ccccc1)(OC)OC,Chloroform,39.1,272.0
Nc1nc(-c2ccc(NC(=O)c3ccccc3)cc2)c(N=Nc2cccc(Cl)c2)s1,DMSO,45.1,486.0
Brc1c2ccccc2c(-c2nc(-c3ccccc3)c(-c3ccccc3)[nH]2)c2ccccc12,Methanol,55.4,400.0
COc1ccc(C=Cc2ccncc2)cc1C=NCCN(C)C,DMSO,45.1,321.0
COc1ccc(-c2nc3c(c4c2-c2ccc(Br)cc2CC4)-c2ccc(Br)cc2CC3)cc1OC,Chloroform,39.1,375.0
CNc1ccc(O)cc1,Water,63.1,388.0
N#Cc1ccc(N=Nc2ccc(O)c3ncccc23)cc1,DMSO,45.1,425.0
Cc1ccc(N(c2ccc(C)cc2)c2ccc3ccc4cccc5ccc2c3c45)cc1,DCM,40.7,412.0
c1cc2c3c(cccc3c1)CC2,Cyclohexane,30.9,292.0
CCOC(=O)c1cc(C(=O)OC)c2ccc(-c3ccc(Br)cc3)nn12,Acetonitrile,45.6,356.0
CN(C)c1cccc2c(S(=O)(=O)NCCN)cccc12,DMF,43.2,339.0
Cc1cc(C)c(B(c2ccc(B3N(C(C)(C)C)C=CN3C(C)(C)C)s2)c2c(C)cc(C)cc2C)c(C)c1,Cyclohexane,30.9,331.0
Cc1cc(C)n(-c2ccccn2)n1,Acetonitrile,45.6,382.0
C#Cc1ccc(N(c2ccc(C#Cc3ccc(OC)nn3)cc2)c2ccc(C#Cc3ccc(OC)nn3)cc2)cc1,DCM,40.7,367.0
Cc1c(C(=O)C=Cc2ccc(OCCCN3CCN(c4ncccn4)CC3)cc2)nnn1-c1ccnc2cc(Cl)ccc12,Methanol,55.4,237.0
NC1=C(Cl)C(=O)C(NCc2ccccc2)=C(Cl)C1=O,Chloroform,39.1,545.0
COc1ccc(C(C#N)=Cc2ccc(N(c3ccccc3)c3ccccc3)cc2)cc1,Cyclohexane,30.9,402.0
CCN(CC)c1ccc(C=C(C#N)c2ccc(C=CC(=O)O)s2)cc1,DMF,43.2,470.0
COc1ccc(C#Cc2ccc(C#Cc3ccc(OC)c(OC)c3)c3nsnc23)cc1OC,DCM,40.7,445.0
CC(=O)c1ccc(-c2scc3c2OCCO3)cc1,DCM,40.7,335.0
N#Cc1c(N)sc2c1-c1ccccc1C2=Nc1ccccc1,Acetone,42.2,445.0
CCN(CC)Cc1ccc2cccc(O)c2n1,Methanol,55.4,438.0
Cc1ccc(-c2nc3cc4c(cc3[nH]2)-c2ccccc2C4C)cc1,DMSO,45.1,357.0
C(=Cc1ccc(-n2c3ccccc3c3ccccc32)cc1)c1ccc(-c2nc3ccccc3s2)cc1,Methanol,55.4,371.0
N#CC(C#N)=C(C=Cc1cccnc1)c1ccc(N)cc1,Methanol,55.4,443.0
[2H]CC1=C(n2ccc(=O)[nH]c2=O)O[C@H](CO[Si](C)(C)C(C)(C)C)[C@H]1O[Si](C)(C)C(C)(C)C,Methanol,55.4,255.0
CONc1c([N+](=O)[O-])cc(C(=O)OCC(=O)c2ccc3ccc4cccc5ccc2c3c45)cc1[N+](=O)[O-],Methanol,55.4,394.0
CC1c2ccccc2-c2cc3c(C#C[Si](C)(C)C)c4ccccc4c(C#C[Si](C)(C)C)c3cc21,DCM,40.7,456.0
CN(C)c1ccc(C#Cc2ccc(C=C(C#N)C(=O)O)cc2)cc1,DCM,40.7,432.0
FC(F)(F)c1ccc(C=Cc2ccc3c4c(ccc3c2)OC(c2ccccc2)(c2ccccc2)C4=C=C(c2ccccc2)c2ccccc2)cc1,THF,37.4,458.0
O=[N+]([O-])c1cc2c(c([N+](=O)[O-])c1)-c1c(cc([N+](=O)[O-])cc1[N+](=O)[O-])C2=CC=C1N(c2ccccc2)c2ccccc2N1c1ccccc1,Toluene,33.9,724.0
CN1c2ccccc2Sc2ccc(C=Nc3ccc4c(c3)Cc3ccccc3-4)cc21,DCM,40.7,285.0
COC(=O)c1c(C=Cc2ccc(C=Cc3ccccc3)cc2)oc2cc3c(C(=O)OC)c(C=Cc4ccc(C=Cc5ccccc5)cc4)oc3cc12,DCM,40.7,445.0
Cc1cc(=O)oc2cc(N)ccc12,DCM,40.7,336.0
Cn1c(-c2ccccc2)c(N=Nc2nc3ccccc3s2)c2ccccc21,Chloroform,39.1,527.0
O=C1NC(c2ccccc2)=C2C(=O)OC(c3ccc([N+](=O)[O-])cc3)=C12,DMSO,45.1,511.0
Cc1c(C(=O)C=Cc2ccc(C(F)(F)F)cc2)nnn1-c1ccnc2cc(Cl)ccc12,Methanol,55.4,236.0
C(#Cc1ccc(C#Cc2ccc(-n3c4ccccc4c4ccccc43)cc2)cc1)c1ccccc1,DCM,40.7,349.0
CCN(CC)c1ccc2cc(C=C(C#N)c3nc4ccccc4o3)c(=O)oc2c1,Toluene,33.9,529.0
CCOc1ccc(N(c2ccc(C=Cc3ccnc(-n4ccnc4)n3)cc2)c2ccc(OCC)cc2)cc1,DMF,43.2,424.0
CCOC(=O)C(Cc1ccccc1)NC(=O)[C@@H]1CSCCN1S(=O)(=O)c1ccc(C)cc1,Acetonitrile,45.6,478.0
CC(C)(C)c1cc(C=NN=Cc2ccc3ccc4cccc5ccc2c3c45)c(O)c(C(C)(C)C)c1,Acetonitrile,45.6,391.0
Cn1c2cc(-c3ccc(-c4ccc5c6nc7ccccc7nc6n(C)c5c4)s3)ccc2c2nc3ccccc3nc21,Chloroform,39.1,440.0
C(=Cc1cccnn1)C=C1C=C(c2ccccc2)OC(c2ccccc2)=C1,DCM,40.7,427.0
c1ccc(P(CCCP(c2ccccc2)c2ccccc2)c2ccccc2)cc1,DCM,40.7,475.0
Cc1cc2nc(N=Nc3c(C)[nH]c4ccccc34)sc2cc1C,Chloroform,39.1,513.0
COc1ccc2c(c1O)C(=O)OC2,DMF,43.2,456.0
COC(=O)c1ccc(OCc2nnc(-c3ccn4c(C)nc(Cl)c4c3)o2)cc1,Acetonitrile,45.6,386.0
CC1c2cc(-c3ccc(N(c4ccccc4)c4ccccc4)cc3)ccc2-c2cc3nc4c5ccccc5c5ccccc5c4nc3cc21,DMSO,45.1,438.0
Oc1ccccc1-c1sc(-c2cccs2)nc1O,Dioxane,36.0,378.0
CCOC(=O)C1=C(c2ccc(-c3ccccc3)cc2)NC(=O)C1=Cc1cccc2ccccc12,DMSO,45.1,427.0
COC(=O)[C@H](CC(C)C)NC(=CC(=C1C(=O)N(S(=O)(=O)c2ccc(C)cc2)c2ccccc21)c1ccccc1)c1ccc(C(C)(C)C)cc1,DCM,40.7,446.0
Cc1ccc(OCc2nnc(-c3ccn4c(C)nc(Cl)c4c3)o2)cc1,Acetonitrile,45.6,361.0
O=C1OC(c2ccccc2)=NC1=Cc1ccc([N+](=O)[O-])cc1,THF,37.4,379.0
Cc1c(C(=O)C=Cc2ccc(OCCCN3CCN(C)CC3)cc2)nnn1-c1ccnc2cc(Cl)ccc12,Methanol,55.4,236.0
CN1C=CC(=CN=Nc2ccc(C=C(C#N)C#N)cc2)c2ccccc21,DMF,43.2,550.0
COC(=O)[C@@H]1CCCN1C(=CC(=C1C(=O)N(S(=O)(=O)c2ccc(C)cc2)c2ccccc21)c1ccccc1)c1ccc(C(C)(C)C)cc1,DCM,40.7,482.0
COc1ccc(-c2cc3c(=O)[nH]c(-c4ccccc4)cn3n2)cc1,THF,37.4,327.0
CCN(CC)c1ccc2cc(C=CC3=[O+][B-](F)(F)Oc4c3c(=O)oc3ccccc43)c(=O)oc2c1,Methanol,55.4,623.0
O=[N+]([O-])c1ccc2nc(N=Nc3ccc(Cl)cc3)sc2c1,Methanol,55.4,355.0
CN(C)c1ccc(C=C2N=C(c3ccccc3)OC2=O)cc1,THF,37.4,465.0
CCN1CCN(CC)c2cc3oc(=O)c(C(=O)C=Cc4ccccc4)cc3cc21,Hexane,31.0,514.0
Clc1ccccc1-n1cccc1,Chloroform,39.1,310.0
Cc1nn2c(N=Nc3cccc([N+](=O)[O-])c3)c(-c3ccccc3)[nH]c2c1N=Nc1ccccc1,Dioxane,36.0,542.0
N#CC(=Cc1ccc(N(c2ccccc2)c2ccccc2)cc1)c1ccc(-c2ccccc2)cc1,Cyclohexane,30.9,419.0
CCN(CC)Cc1ccc2c(Cl)ccc(OC)c2n1,Methanol,55.4,445.0
O=c1oc2ccccc2cc1-c1csc(N=Nc2c(-c3ccccc3)[nH]c3ccccc23)n1,DMSO,45.1,500.0
CC(C)(C)c1ccc(-c2sc(-c3ccc(C(C)(C)C)cc3)c3[nH]c(-c4ccc(-c5ccc(C=C(C#N)C(=O)O)s5)cc4)nc23)cc1,THF,37.4,392.0
COc1ccc(OCc2nnc(-c3ccn4c(C)nc(Cl)c4c3)o2)cc1,Acetonitrile,45.6,375.0
CCOC(=O)c1cc(C(=O)OC)c2c3ccccc3cnn12,Cyclohexane,30.9,446.0
COc1ccc(Nc2nc(Nc3ccc(N)cc3)nc(Nc3ccc(OC)cc3)n2)cc1,DCM,40.7,283.0
O=C(C=Cc1ccccc1)c1ccccc1,Acetonitrile,45.6,491.0
C(=C(c1ccccc1)c1ccccc1)=C1c2c(ccc3cc(C=Cc4ccccc4)ccc23)OC1(c1ccccc1)c1ccccc1,THF,37.4,464.0
O=C(NN=Cc1ccccc1O)c1cc2ccccc2cc1O,Methanol,55.4,237.0
Clc1ccc(-c2cc(-c3nnc(-c4ccccc4)o3)n(Cc3ccc(Cl)nc3)n2)cc1,DCM,40.7,275.0
COC(=O)c1c(C(=O)OC)c2ccc(C=Cc3ccc4ccccc4c3)nn2c1C(=O)OC,Methanol,55.4,460.0
CCn1c2ccc(-c3cccnc3OC)cc2c2cc(-c3cccnc3OC)ccc21,THF,37.4,302.0
CC(=O)CCc1ccc2c(N=Nc3c([N+](=O)[O-])cc(C(=O)O)cc3[N+](=O)[O-])c(O)ccc2c1,EthylAcetate,38.1,470.0
CN1c2ccc(Cl)cc2C(C)(C)C12C=Cc1c(c(-c3nc(-c4ccccc4)c(-c4ccccc4)o3)cc3ccccc13)O2,Toluene,33.9,306.0
CS(C)=O,Dioxane,36.0,476.0
CCCNc1cc2oc3cc(=[NH+]CC)c(C)cc-3nc2c2cc3ccccc3cc12.[Cl-],Water,63.1,642.0
CC[NH+]=c1cc2oc3cc(NCCCC(=O)OCC)c4cc5ccccc5cc4c3nc-2cc1C.[Cl-],Ethanol,51.9,647.0
CC[NH+]=c1cc2oc3cc(NCCCO)c4cc5ccccc5cc4c3nc-2cc1C.[Cl-],Water,63.1,640.0
CC[NH+]=c1cc2oc3cc(NCCCCl)c4cc5ccccc5cc4c3nc-2cc1C.[Cl-],Ethanol,51.9,645.0
COc1cc(C=Cc2cc(OC)c(OC)c(OC)c2)cc(OC)c1OC,Water,63.1,328.0
N#CC1=COC2=C(CCCC2)C1,Ethanol,51.9,383.0
CC(C)[NH-],Methanol,55.4,374.0
C1COCCO1,Ethanol,51.9,460.0
COC(=O)c1ccc(-c2cc(-c3ccc(C(=O)OC)cc3)c3ccc4c(-c5ccc(C(=O)OC)cc5)cc(-c5ccc(C(=O)OC)cc5)c5ccc2c3c54)cc1,Dioxane,36.0,398.0
C=C1C(O)C2OC3(CCC2OC1C(O)CC(C)C1CC2(CCCOC2)COC1C)CCC(C)(C=CC(C)C1CC(C)=CC2(O1)OC(C)(CC(C)(O)C(=O)O)CCC2O)O3.[K],Water,63.1,281.0
CCCO,Water,63.1,430.0
ClC(Cl)(Cl)Cl,Acetonitrile,45.6,402.0
[Zn+2],DMF,43.2,673.0
[NH2-],Benzene,34.3,400.4
c1ccccc1,DMSO,45.1,652.0
CC1CCCCC1,Ethanol,51.9,284.3
CCOCC,Methanol,55.4,458.0
NPOP,Toluene,33.9,707.0
NPOPOP,Toluene,33.9,708.0
CC1(C)C2=C(C=C(C#N)C#N)CCCN2c2ccccc21,Hexane,31.0,449.0
CC1(C)C2=C(C=CC=C(C#N)C#N)CCCN2c2ccccc21,Ethanol,51.9,538.0
CC1(C)C2=C(C=CC=CC=C(C#N)C#N)CCCN2c2ccccc21,Hexane,31.0,636.0
CCN1C(=O)C(=CC2=C3N(CCC2)c2ccccc2C3(C)C)C(=O)N(CC)C1=S,Ethanol,51.9,508.0
CCN1C(=O)C(=CC=CC2=C3N(CCC2)c2ccccc2C3(C)C)C(=O)N(CC)C1=S,Ethanol,51.9,599.0
CCN1C(=O)C(=CC=CC=CC2=C3N(CCC2)c2ccccc2C3(C)C)C(=O)N(CC)C1=S,Ethanol,51.9,702.0
NCCO,Ethanol,51.9,592.0
[Cd],Toluene,33.9,713.0
CCC1=C(C)c2nc1cc1[nH]c(cc3nc(cc4[nH]c(c(C)c4CC)c2-c2cc(OC)cc(OC)c2)C(C)=C3CCC(=O)OC)c(CCC(=O)OC)c1C,Other,,823.0
COc1ccc(-c2c3nc(c(-c4cc(C(C)(C)C)cc(C(C)(C)C)c4)c4ccc([nH]4)c(-c4cc(C(C)(C)C)cc(C(C)(C)C)c4)c4nc(c(-c5cc(C(C)(C)C)cc(C(C)(C)C)c5)c5ccc2[nH]5)C=C4)C=C3)cc1,THF,37.4,419.0
COC(=O)[C@H](CCCCN)NC(C)=O.Cl,Acetonitrile,45.6,348.0
COC(=O)[C@H](CO)NC(=O)OC(C)(C)C,DMF,43.2,350.0
[OH-],Ethanol,51.9,515.0
CC(C)C(=O)[O-],Ethanol,51.9,628.0
[Cl-],Ethanol,51.9,634.0
CC(=O)[O-],Ethanol,51.9,634.0
O=C([O-])c1ccccc1,Ethanol,51.9,634.0
CCN(CC)c1ccc(N=Nc2ncc(C=Cc3sc4ccccc4[n+]3CC)s2)cc1.[I-],Methanol,55.4,690.0
CCCCCC[n+]1c(C=Cc2cnc(N=Nc3ccc(N(CC)CC)cc3)s2)sc2ccccc21.[I-],Methanol,55.4,693.0
CCN(CC)c1ccc(N=Nc2ncc(C=Cc3sc4ccc(I)cc4[n+]3CC)s2)cc1.[I-],Methanol,55.4,708.0
CCN(CC)c1ccc(N=Nc2ncc(C=Cc3sc4cc(I)ccc4[n+]3CC)s2)cc1.[I-],Methanol,55.4,711.0
CCN(CC)c1ccc(N=Nc2ncc(C=Cc3sc4ccccc4[n+]3CC)[se]2)cc1.[I-],Methanol,55.4,693.0
CCN(CC)c1ccc(N=Nc2ncc(C=CC3=[N+](CC)c4ccccc4C3(C)C)s2)cc1.[I-],Methanol,55.4,729.0
CCN(CC)c1ccc(N=Nc2ncc(C=Cc3ccc4ccccc4[n+]3CC)s2)cc1.[I-],Methanol,55.4,657.0
CCN(CC)c1ccc(N=Nc2ncc(C=Cc3cc[n+](CC)c4ccccc34)s2)cc1.[I-],Methanol,55.4,648.0
CC(C)(C)c1ccc2c(c1)c1cc(C(C)(C)C)ccc1n2-c1ccc(C2(c3ccc(-n4c5ccc(C(C)(C)C)cc5c5cc(C(C)(C)C)ccc54)cc3)c3ccccc3-c3ccccc32)cc1,DCM,40.7,430.0
CC(C)(C)c1ccc2c(c1)C(c1ccc(-n3c4ccccc4c4ccccc43)cc1)(c1ccc(-n3c4ccccc4c4ccccc43)cc1)c1cc(C(C)(C)C)ccc1-2,DCM,40.7,436.0
COc1cc(C#Cc2cc(C#Cc3cc(OC)c(OC)c(OC)c3)nc(C#Cc3cc(OC)c(OC)c(OC)c3)n2)cc(OC)c1OC,Chloroform,39.1,368.0
N#CC1CC(C(N)=O)N2N=CC=CC12,Ethanol,51.9,442.0
CCCCC,Other,,556.0
CC1(C)CC(C=Cc2cc(-c3cccs3)c(C=Cc3ccc(N(c4ccccc4)c4ccccc4)cc3)cc2-c2cccs2)=CC(=C(C#N)C#N)C1,DMF,43.2,464.0
C#CCN(CC#C)CC#Cc1nn([C@H]2C[C@H](O)[C@@H](COC(c3ccccc3)(c3ccc(OC)cc3)c3ccc(OC)cc3)O2)c2nc(NC(=O)C(C)C)[nH]c(=O)c12,Methanol,55.4,274.0
CC1c2cc(-c3nc4cc(C=Cc5ccc(N(c6ccc(C=Cc7ccc8nc(-c9ccc%10c(c9)C(C)(C)c9cc(N(c%11ccccc%11)c%11ccccc%11)ccc9-%10)c(-c9ccc%10c(c9)C(C)(C)c9cc(N(c%11ccccc%11)c%11ccccc%11)ccc9-%10)nc8c7)cc6)c6ccc(C=Cc7ccc8nc(-c9ccc%10c(c9)C(C)(C)c9cc(N(c%11ccccc%11)c%11ccccc%11)ccc9-%10)c(-c9ccc%10c(c9)C(C)(C)c9cc(N(c%11ccccc%11)c%11ccccc%11)ccc9-%10)nc8c7)cc6)cc5)ccc4nc3-c3ccc4c(c3)C(C)(C)c3cc(N(c5ccccc5)c5ccccc5)ccc3-4)ccc2-c2ccc(N(c3ccccc3)c3ccccc3)cc21,THF,37.4,571.0
c1conn1,Chloroform,39.1,294.0
CCCC[n+]1ccc(-c2ccc(-c3ccc4c(c3)[nH]c3cc(N(c5ccccc5)c5ccccc5)ccc34)s2)cc1.[I-],Dioxane,36.0,470.0
C(#Cc1ccc(-c2ccccc2)nn1)c1ccc(N(c2ccc(C#Cc3ccc(-c4ccccc4)nn3)cc2)c2ccc(C#Cc3ccc(-c4ccccc4)nn3)cc2)cc1,DCM,40.7,394.0
CN(C)c1ccc(C=Cc2cc(C=Cc3ccc(N(C)C)cc3)nc(C#Cc3ccc(N(c4ccc(C#Cc5nc(C=Cc6ccc(N(C)C)cc6)cc(C=Cc6ccc(N(C)C)cc6)n5)cc4)c4ccc(C#Cc5nc(C=Cc6ccc(N(C)C)cc6)cc(C=Cc6ccc(N(C)C)cc6)n5)cc4)cc3)n2)cc1,DCM,40.7,408.0
COc1ccc(C=Cc2cc(C=Cc3ccc(OC)cc3)nc(C#Cc3ccc(N(c4ccc(C#Cc5nc(C=Cc6ccc(OC)cc6)cc(C=Cc6ccc(OC)cc6)n5)cc4)c4ccc(C#Cc5nc(C=Cc6ccc(OC)cc6)cc(C=Cc6ccc(OC)cc6)n5)cc4)cc3)n2)cc1,DCM,40.7,376.0
CCC1(CC)c2cc(Cn3c(-c4ccccc4)nc(-c4ccccc4)c3-c3ccccc3)ccc2-c2ccc(Cn3c(-c4ccccc4)nc(-c4ccccc4)c3-c3ccccc3)cc21,Methanol,55.4,312.0
CCCn1c(C)ccc1-c1cc(-c2c(C)cccc2C(=O)[O-])cc(-c2ccc(C)n2CCC)c1,Other,,298.0
C[C@H](N)C(=O)O,DMSO,45.1,723.0
CCCCOc1cc(C=Cc2ccc(C=Cc3cc(OCC(C)CC)c(OCC(C)CC)c(OCC(C)CC)c3)c3nsnc23)cc(OCC(C)CC)c1OCC(C)CC,DCM,40.7,485.0
NCCCNc1cc2oc3cc(=[NH+]CCCCl)ccc-3nc2c2ccccc12.[Cl-],Water,63.1,613.0
CCCNc1cc2oc3cc(=[N+](CCCCl)CCCCl)ccc-3nc2c2cc(OCCCCl)ccc12.[Cl-],Water,63.1,630.0
CCCNc1cc2oc3cc(=[N+](CCCCl)CCCCl)ccc-3nc2c2ccccc12.[Cl-],Water,63.1,628.0
OC(C(F)(F)F)C(F)(F)F,Other,,823.0
C(#Cc1cc(C#Cc2ccc(C=C3C=C(c4ccccc4)OC(c4ccccc4)=C3)cc2)ncn1)c1ccc(C=C2C=C(c3ccccc3)OC(c3ccccc3)=C2)cc1,DCM,40.7,614.0
C(#Cc1ccnc(C#Cc2ccc(C=C3C=C(c4ccccc4)OC(c4ccccc4)=C3)cc2)n1)c1ccc(C=C2C=C(c3ccccc3)OC(c3ccccc3)=C2)cc1,DCM,40.7,557.0
N#CC(=Cc1cc2sc(-c3ccc(N(c4ccccc4)c4cccc5ccccc45)c4nc(-c5ccccc5)c(-c5ccccc5)nc34)cc2s1)C(=O)O,DMF,43.2,503.0
N#CC(=Cc1ccc(-c2ccc(-c3ccc(N(c4ccccc4)c4cccc5ccccc45)cc3)c3nc(-c4ccccc4)c(-c4ccccc4)nc23)s1)C(=O)O,DMF,43.2,457.0
COc1ccc(N(c2ccc(OC)cc2)c2ccc(-c3ccc(-c4cc5sc(C=C(C#N)C(=O)O)cc5s4)c4nc(-c5ccccc5)c(-c5ccccc5)nc34)cc2)cc1,DMF,43.2,481.0
COc1ccc(N(c2ccc(OC)cc2)c2ccc(-c3ccc(-c4ccc(C=C(C#N)C(=O)O)s4)c4nc(-c5ccccc5)c(-c5ccccc5)nc34)cc2)cc1,DMF,43.2,477.0
CN1c2ccc(C=C3SC(=S)N(CC(=O)O)C3=O)cc2Sc2cc(-n3c4ccc(-n5c6ccc(C(C)(C)C)cc6c6cc(C(C)(C)C)ccc65)cc4c4cc(-n5c6ccc(C(C)(C)C)cc6c6cc(C(C)(C)C)ccc65)ccc43)ccc21,DCM,40.7,455.0
CN1c2ccc(C=C3SC(=S)N(CC(=O)O)C3=O)cc2Sc2cc(-n3c4ccc(-n5c6ccc(C(C)(C)C)cc6c6cc(C(C)(C)C)ccc65)cc4c4cc(-n5c6ccc(C(C)(C)C)cc6c6cc(C(C)(C)C)ccc65)ccc43)ccc21,DCM,40.7,464.0
Cn1c2ccccc2c2c(-c3ccc(N(c4ccccc4)c4ccccc4)cc3)cc3sc(-c4ccc(-c5ccc(C=C(C#N)C(=O)O)s5)s4)cc3c21,Chloroform,39.1,551.0
O=C1CN2c3ccccc3CC2N1,THF,37.4,287.0
O=C1CN2c3ccc(Br)cc3CC2N1,THF,37.4,298.0
COc1ccc2c(c1)N(c1cccc(N3C(=O)C(=C[Si](C(C)C)(C(C)C)C(C)C)Oc4ccc(OC)cc43)c1)C(=O)C(=C[Si](C(C)C)(C(C)C)C(C)C)O2,Cyclohexane,30.9,313.0
[O-][Cl+3]([O-])([O-])[O-],Acetone,42.2,602.0
COc1ccc(-c2ccc(N(c3ccc(-c4ccc(OC)cc4OC)cc3)c3ccc4c(c3)sc3cc(-c5ccc(C=C(C#N)C(=O)O)s5)sc34)cc2)c(OC)c1,THF,37.4,626.0
COc1ccc(-c2ccc(N(c3ccc(-c4ccc(OC)cc4OC)cc3)c3ccc4c(c3)sc3cc(C5(C=C(C#N)C(=O)O)CC=C(c6cccs6)S5)sc34)cc2)c(OC)c1,THF,37.4,646.0
COc1ccc(-c2ccc(N(c3ccc(-c4ccc(OC)cc4OC)cc3)c3ccc4c(c3)sc3cc(-c5cc6sc(C=C(C#N)C(=O)O)cc6s5)sc34)cc2)c(OC)c1,THF,37.4,621.0
COc1ccc(-c2ccc(N(c3ccc(-c4ccc(OC)cc4OC)cc3)c3ccc4c(c3)sc3cc(C=C(C#N)C(=O)O)sc34)cc2)c(OC)c1,THF,37.4,588.0
[Zn],THF,37.4,371.0
CC(C)(C)c1ccc(N(c2ccc(-c3nnc(-c4ccc(-c5ccc(C=C6SC(=S)N(CC(=O)O)C6=O)s5)s4)s3)cc2)c2ccc(C(C)(C)C)cc2)cc1,Chloroform,39.1,453.0
[Ni+2],DCM,40.7,590.0
N=NC=NN,DCM,40.7,491.0
C1=Cc2cc3ccc(cc4nc(cc5ccc(cc1n2)[nH]5)C=C4)[nH]3.C1=Cc2cc3ccc(cc4nc(cc5ccc(cc1n2)[nH]5)C=C4)[nH]3.[Ni+2],Toluene,33.9,416.0
C1=Cc2cc3ccc(cc4nc(cc5ccc(cc1n2)[nH]5)C=C4)[nH]3.C1=Cc2cc3ccc(cc4nc(cc5ccc(cc1n2)[nH]5)C=C4)[nH]3.C1=Cc2cc3ccc(cc4nc(cc5ccc(cc1n2)[nH]5)C=C4)[nH]3.[Ni+2],Toluene,33.9,416.0
c1cnccn1,THF,37.4,530.0
OC1CCCCC1,Acetonitrile,45.6,0.0
C[O-].[Na+],DCM,40.7,291.0
O=C(O)C(F)(F)F,DCM,40.7,358.0
Cc1cccc(N)c1.c1cc[nH]c1,DMSO,45.1,860.0
CCC1(CC)c2ccccc2-c2ccc(N(c3ccc4c(c3)C(CC)(CC)c3ccccc3-4)c3ccc4c(c3)C(CC)(CC)c3cc(-c5ccc(C=C(C#N)C(=O)O)s5)ccc3-4)cc21,DCM,40.7,492.0
CCC1(CC)c2ccccc2-c2ccc(N(c3ccc4c(c3)C(CC)(CC)c3ccccc3-4)c3ccc4c(c3)C(CC)(CC)c3cc(-c5ccc(-c6ccc(C=C(C#N)C(=O)O)s6)s5)ccc3-4)cc21,DCM,40.7,513.0
CCCCn1c2ccc(C=CC(=O)O)cc2c2cc(C=CC3=CC(=C(C#N)C#N)C=C(C=Cc4ccc5c(c4)c4cc(C=CC(=O)O)ccc4n5CC(C)CC)O3)ccc21,DMF,43.2,457.0
CCCCn1c2ccc(C=CC(=O)O)cc2c2cc(C=CC3=CC(=C4C(=O)N(CC)C(=S)N(CC)C4=O)C=C(C=Cc4ccc5c(c4)c4cc(C=CC(=O)O)ccc4n5CC(C)CC)O3)ccc21,DMF,43.2,510.0
CCCCn1c2ccc(C=CC(=O)O)cc2c2cc(C=CC3=CC(=C4C(=O)c5ccccc5C4=C(C#N)C#N)C=C(C=Cc4ccc5c(c4)c4cc(C=CC(=O)O)ccc4n5CC(C)CC)O3)ccc21,DMF,43.2,583.0
CCCCn1c2ccc(C=CC(=O)O)cc2c2cc(C=CC3=CC(=C4C(=C(C#N)C#N)c5ccccc5S4(=O)=O)C=C(C=Cc4ccc5c(c4)c4cc(C=CC(=O)O)ccc4n5CC(C)CC)O3)ccc21,DMF,43.2,598.0
Cc1n[nH]c(SCC(=O)[c-]2cccc2)n1.[Fe+2].c1cc[cH-]c1,Ethanol,51.9,460.0
O=C(CSc1nc(-c2ccco2)n[nH]1)[c-]1cccc1.[Fe+2].c1cc[cH-]c1,Ethanol,51.9,460.0
O=C(CSc1nc(-c2ccccc2)n[nH]1)[c-]1cccc1.[Fe+2].c1cc[cH-]c1,Ethanol,51.9,460.0
Cc1ccc(-c2n[nH]c(SCC(=O)[c-]3cccc3)n2)cc1.[Fe+2].c1cc[cH-]c1,Ethanol,51.9,460.0
COc1ccc(-c2n[nH]c(SCC(=O)[c-]3cccc3)n2)cc1.[Fe+2].c1cc[cH-]c1,Ethanol,51.9,460.0
O=C(CSc1nc(-c2cccc(Br)c2)n[nH]1)[c-]1cccc1.[Fe+2].c1cc[cH-]c1,Ethanol,51.9,460.0
O=C(CSc1nc(-c2ccc([N+](=O)[O-])cc2)n[nH]1)[c-]1cccc1.[Fe+2].c1cc[cH-]c1,Ethanol,51.9,454.0
O=Cc1cc(Br)ccc1O,Ethanol,51.9,313.0
[C-]#[N+]C(=Cc1ccc(N(c2ccc(-c3cccc(OC)c3)cc2)c2ccc(-c3nc4c(-c5cccc(OC)c5)ccc(-c5cccc(OC)c5)c4[nH]3)cc2)cc1)C(=O)O,Toluene,33.9,310.0
[C-]#[N+]C(=Cc1ccc(N(c2ccc(-c3cccc(N(C)C)c3)cc2)c2ccc(-c3nc4c(-c5cccc(OC)c5)ccc(-c5cccc(OC)c5)c4[nH]3)cc2)cc1)C(=O)O,Toluene,33.9,360.0
[C-]#[N+]C(=Cc1ccc(N(c2ccc(Br)cc2)c2ccc(-c3nc4c(-c5cccc(OC)c5)ccc(-c5cccc(OC)c5)c4[nH]3)cc2)cc1)C(=O)O,Toluene,33.9,365.0
[Zr],DMSO,45.1,687.0
[Hf],Toluene,33.9,687.0
COC(=O)c1cc(Br)ccc1N,Water,63.1,410.0
[I],Chloroform,39.1,404.0
C1=CCCC=C1,Other,,636.0
Nc1cc[nH+]cc1.Nc1cc[nH+]cc1.O=C([O-])c1ccccc1C(=O)[O-],Methanol,55.4,335.0
[O-]c1ccccc1C=Nc1cccc2ccc(-c3nc4ccccc4[nH]3)nc12,Toluene,33.9,318.0
Cc1cc(C)c([O-])c(C=Nc2cccc3ccc(-c4nc5ccccc5[nH]4)nc23)c1,Toluene,33.9,323.0
CC(C)(C)c1cc(C=Nc2cccc3ccc(-c4nc5ccccc5[nH]4)nc23)c([O-])c(C(C)(C)C)c1.CC(C)(C)c1cc(C=Nc2cccc3ccc(-c4nc5ccccc5[nH]4)nc23)c([O-])c(C(C)(C)C)c1.[Zn+2],Toluene,33.9,324.0
Cc1cc(C(C)(C)C)cc(C=Nc2cccc3ccc(-c4nc5ccccc5[nH]4)nc23)c1[O-].Cc1cc(C(C)(C)C)cc(C=Nc2cccc3ccc(-c4nc5ccccc5[nH]4)nc23)c1[O-].[Zn+2],Toluene,33.9,323.0
[O-]c1ccc(Br)cc1C=Nc1cccc2ccc(-c3nc4ccccc4[nH]3)nc12.[O-]c1ccc(Br)cc1C=Nc1cccc2ccc(-c3nc4ccccc4[nH]3)nc12.[Zn+2],Toluene,33.9,318.0
C(#Cc1ccc(N(c2ccc(C#Cc3ccc(C=Cc4ccncn4)cc3)cc2)c2ccc(C#Cc3ccc(C=Cc4ccncn4)cc3)cc2)cc1)c1ccc(C=Cc2ccncn2)cc1,DCM,40.7,441.0
C(#Cc1ccc(C=Cc2ccncn2)s1)c1ccc(N(c2ccc(C#Cc3ccc(C=Cc4ccncn4)s3)cc2)c2ccc(C#Cc3ccc(C=Cc4ccncn4)s3)cc2)cc1,Hexane,31.0,468.0
C(#Cc1ccc(N(c2ccc(C#Cc3ccc(C=Cc4cnc5ccccc5n4)cc3)cc2)c2ccc(C#Cc3ccc(C=Cc4cnc5ccccc5n4)cc3)cc2)cc1)c1ccc(C=Cc2cnc3ccccc3n2)cc1,Hexane,31.0,458.0
C(#Cc1ccc(C=Cc2cnc3ccccc3n2)s1)c1ccc(N(c2ccc(C#Cc3ccc(C=Cc4cnc5ccccc5n4)s3)cc2)c2ccc(C#Cc3ccc(C=Cc4cnc5ccccc5n4)s3)cc2)cc1,DCM,40.7,485.0
C(#Cc1ccc(N(c2ccc(C#Cc3ccc(C=Cc4cnccn4)cc3)cc2)c2ccc(C#Cc3ccc(C=Cc4cnccn4)cc3)cc2)cc1)c1ccc(C=Cc2cnccn2)cc1,DCM,40.7,432.0
CC1(C)c2ccccc2-c2ccc(C#Cc3c4ccccc4c(C#Cc4ccc5c(c4)C(C)(C)c4ccccc4-5)c4cc5c(cc34)-c3ccccc3C5(C)C)cc21,DCM,40.7,500.0
CC1(C)c2ccccc2-c2ccc(C#Cc3c4ccccc4c(C#Cc4ccc5c(c4)C(C)(C)c4ccccc4-5)c4cc5c(cc34)-c3ccc(Br)cc3C5(C)C)cc21,DCM,40.7,501.0
CC(=O)[O-].CC(=O)[O-].CC(=O)[O-].[In+3],DMF,43.2,705.0
[Ce+3],Chloroform,39.1,652.0
[Gd+3],Chloroform,39.1,681.0
NC(=O)c1ccccc1.c1ccc(C[n+]2cccc3ccccc32)cc1,Water,63.1,270.0
CN(C)C=C(Cl)C=[N+](C)C.F[P-](F)(F)(F)(F)F,DCM,40.7,327.0
Cn1ccnc1,Acetonitrile,45.6,246.0
Cc1ccsc1-c1ccc(-c2sc(-c3ccc(-c4nc(-c5ccc(-c6cc(C)c(-c7ccc(-c8sccc8C)c8nsnc78)s6)cc5)nc(-c5ccc(-c6cc(C)c(-c7ccc(-c8sccc8C)c8nsnc78)s6)cc5)n4)cc3)cc2C)c2nsnc12,Dioxane,36.0,373.0
OCCSc1c(F)c(F)c(-c2c3nc(c(-c4c(F)c(F)c(SCCO)c(F)c4F)c4ccc([nH]4)c(-c4c(F)c(F)c(F)c(F)c4F)c4nc(c(-c5c(F)c(F)c(F)c(F)c5F)c5ccc2[nH]5)C=C4)C=C3)c(F)c1F,DMSO,45.1,413.0
OCCSc1c(F)c(F)c(-c2c3nc(c(-c4c(F)c(F)c(F)c(F)c4F)c4ccc([nH]4)c(-c4c(F)c(F)c(SCCO)c(F)c4F)c4nc(c(-c5c(F)c(F)c(F)c(F)c5F)c5ccc2[nH]5)C=C4)C=C3)c(F)c1F,DMSO,45.1,413.5
Cc1cc(C)cc(N2C(=O)c3cccc4cc(N=Cc5ccc(C=Nc6cc7c8c(cccc8c6)C(=O)N(c6cc(C)cc(C)c6)C7=O)s5)cc(c34)C2=O)c1,Chloroform,39.1,388.0
Cc1cc(C)cc(N2C(=O)c3cccc4cc(N=Cc5ccc(-c6ccc(C=Nc7cc8c9c(cccc9c7)C(=O)N(c7cc(C)cc(C)c7)C8=O)s6)s5)cc(c34)C2=O)c1,Chloroform,39.1,425.0
Cc1c2oc(-c3ccc(Br)cc3)c(-c3ccc(Br)cc3)c2c(C)c2oc(-c3ccc(Br)cc3)c(-c3ccc(Br)cc3)c12,DCM,40.7,228.0
Cc1c2oc(-c3ccc(-c4ccccc4)cc3)c(-c3ccc(-c4ccccc4)cc3)c2c(C)c2oc(-c3ccc(-c4ccccc4)cc3)c(-c3ccc(-c4ccccc4)cc3)c12,DCM,40.7,261.0
COc1ccc(-c2ccc(-c3oc4c(C)c5c(-c6ccc(-c7ccc(OC)cc7)cc6)c(-c6ccc(-c7ccc(OC)cc7)cc6)oc5c(C)c4c3-c3ccc(-c4ccc(OC)cc4)cc3)cc2)cc1,DCM,40.7,276.0
COc1ccccc1-c1ccc(-c2oc3c(C)c4c(-c5ccc(-c6ccccc6OC)cc5)c(-c5ccc(-c6ccccc6OC)cc5)oc4c(C)c3c2-c2ccc(-c3ccccc3OC)cc2)cc1,DCM,40.7,252.0
COc1cccc(-c2ccc(-c3oc4c(C)c5c(-c6ccc(-c7cccc(OC)c7)cc6)c(-c6ccc(-c7cccc(OC)c7)cc6)oc5c(C)c4c3-c3ccc(-c4cccc(OC)c4)cc3)cc2)c1,DCM,40.7,261.0
Cc1c2oc(-c3ccc(-c4ccc(C#N)cc4)cc3)c(-c3ccc(-c4ccc(C#N)cc4)cc3)c2c(C)c2oc(-c3ccc(-c4ccc(C#N)cc4)cc3)c(-c3ccc(-c4ccc(C#N)cc4)cc3)c12,DCM,40.7,275.0
Cc1c2oc(-c3ccc(-c4ccc(C=O)cc4)cc3)c(-c3ccc(-c4ccc(C=O)cc4)cc3)c2c(C)c2oc(-c3ccc(-c4ccc(C=O)cc4)cc3)c(-c3ccc(-c4ccc(C=O)cc4)cc3)c12,DCM,40.7,288.0
COC(=O)c1cccc(-c2ccc(-c3oc4c(C)c5c(-c6ccc(-c7cccc(C(=O)OC)c7)cc6)c(-c6ccc(-c7cccc(C(=O)OC)c7)cc6)oc5c(C)c4c3-c3ccc(-c4cccc(C(=O)OC)c4)cc3)cc2)c1,DCM,40.7,262.0
Cc1c2oc(-c3ccc(-c4ccc5ccccc5c4)cc3)c(-c3ccc(-c4ccc5ccccc5c4)cc3)c2c(C)c2oc(-c3ccc(-c4ccc5ccccc5c4)cc3)c(-c3ccc(-c4ccc5ccccc5c4)cc3)c12,DCM,40.7,259.0
Cc1c2oc(-c3ccc(-c4cccc5ccccc45)cc3)c(-c3ccc(-c4cccc5ccccc45)cc3)c2c(C)c2oc(-c3ccc(-c4cccc5ccccc45)cc3)c(-c3ccc(-c4cccc5ccccc45)cc3)c12,DCM,40.7,292.0
Cc1c2oc(-c3ccc(-c4ccncc4)cc3)c(-c3ccc(-c4ccncc4)cc3)c2c(C)c2oc(-c3ccc(-c4ccncc4)cc3)c(-c3ccc(-c4ccncc4)cc3)c12,DCM,40.7,262.0
Cc1c2oc(-c3ccc(-c4cnc5ccccc5c4)cc3)c(-c3ccc(-c4cnc5ccccc5c4)cc3)c2c(C)c2oc(-c3ccc(-c4cnc5ccccc5c4)cc3)c(-c3ccc(-c4cnc5ccccc5c4)cc3)c12,DCM,40.7,258.0
Cc1c2oc(-c3ccc(-c4ccoc4)cc3)c(-c3ccc(-c4ccoc4)cc3)c2c(C)c2oc(-c3ccc(-c4ccoc4)cc3)c(-c3ccc(-c4ccoc4)cc3)c12,DCM,40.7,260.0
Cc1c2oc(-c3ccc(C=Cc4cc(C(C)(C)C)cc(C(C)(C)C)c4)cc3)c(-c3ccc(C=Cc4cc(C(C)(C)C)cc(C(C)(C)C)c4)cc3)c2c(C)c2oc(-c3ccc(C=Cc4cc(C(C)(C)C)cc(C(C)(C)C)c4)cc3)c(-c3ccc(C=Cc4cc(C(C)(C)C)cc(C(C)(C)C)c4)cc3)c12,DCM,40.7,321.0
CN1c2ccccc2Sc2cc(C=Cc3ccc(N(c4ccc(C=Cc5ccc6c(c5)Sc5ccccc5N6C)cc4)c4ccc(C=Cc5ccc(C=Cc6ccc(N(c7ccc(C=Cc8ccc9c(c8)Sc8ccccc8N9C)cc7)c7ccc(C=Cc8ccc9c(c8)Sc8ccccc8N9C)cc7)cc6)c6nsnc56)cc4)cc3)ccc21,DCM,40.7,430.0
C(=Cc1ccc(N(c2ccc(C=Cc3ccc(N(c4ccccc4)c4ccccc4)cc3)cc2)c2ccc(C=Cc3ccc(C=Cc4ccc(N(c5ccc(C=Cc6ccc(N(c7ccccc7)c7ccccc7)cc6)cc5)c5ccc(C=Cc6ccc(N(c7ccccc7)c7ccccc7)cc6)cc5)cc4)c4nsnc34)cc2)cc1)c1ccc(N(c2ccccc2)c2ccccc2)cc1,DMF,43.2,425.0
CN1c2ccccc2Sc2cc(C=Cc3ccc(N(c4ccc(C=Cc5ccc6c(c5)Sc5ccccc5N6C)cc4)c4ccc(C=Cc5ccc(C=Cc6ccc(N(c7ccc(C=Cc8ccc(N(c9ccccc9)c9ccccc9)cc8)cc7)c7ccc(C=Cc8ccc(N(c9ccccc9)c9ccccc9)cc8)cc7)cc6)c6nsnc56)cc4)cc3)ccc21,DMF,43.2,430.0
[Pr],Ethanol,51.9,210.0
CC(C)(C)c1ccc2c3ccccc3n(-c3ccc4c(-c5ccccc5)c5cc(-n6c7ccccc7c7cccc(C(C)(C)C)c76)ccc5c(-c5ccccc5)c4c3)c2c1,DCM,40.7,334.0
CCN(CC)c1ccc2c(-c3ccccc3C(=O)O)c3c([o+]c2c1)C(=CNc1ccccc1)CCC3.[O-][Cl+3]([O-])([O-])[O-],Ethanol,51.9,608.0
CCN(CC)c1ccc2cc3c([o+]c2c1)C(=CNc1ccccc1)CCC3.[O-][Cl+3]([O-])([O-])[O-],Ethanol,51.9,616.0
[Ti],Toluene,33.9,702.0
CCN(CC)C1=C(C=C2[Se]c3ccccc3N2CC)C(=O)C1=Cc1[se]c2ccccc2[n+]1CC.O=S(=O)([O-])C(F)(F)F,Chloroform,39.1,698.0
CN(C)[c-]1cccc1-c1cccc2ccccc12.[Fe+2].c1cc[cH-]c1,DMF,43.2,283.0
CCCCCCCCCCOc1cc(C(=O)Oc2ccc(-n3cc(-[c-]4cccc4)nn3)c([N+](=O)[O-])c2)cc(OCCCCCCCCCC)c1OCCCCCCCCCC.[Fe+2].c1cc[cH-]c1,DCM,40.7,248.0
CCCCCCCCCCCCOc1cc(C(=O)Oc2ccc(-n3cc(-[c-]4cccc4)nn3)c([N+](=O)[O-])c2)cc(OCCCCCCCCCCCC)c1OCCCCCCCCCCCC.[Fe+2].c1cc[cH-]c1,DCM,40.7,248.0
CCCCCCCCCCCCCCOc1cc(C(=O)[O-])c(-c2ccc(-n3cc(-[c-]4cccc4)nn3)c([N+](=O)[O-])c2)c(OCCCCCCCCCCCCCC)c1OCCCCCCCCCCCCCC.[Fe+2].c1cc[cH-]c1,DCM,40.7,248.0
C[Si](C)(C=C[Si](C)(C)[Si]([Si](C)(C)C=C[Si](C)(C)c1ccc(-c2cccs2)s1)([Si](C)(C)C=C[Si](C)(C)c1ccc(-c2cccs2)s1)[Si](C)(C)C=C[Si](C)(C)c1ccc(-c2cccs2)s1)c1ccc(-c2cccs2)s1,Dioxane,36.0,311.0
CCCCN1c2ccccc2Oc2cc(C=CC3=[N+](CCCC)c4ccc(C(=O)O)cc4C3(C)C)ccc21.[I-],DCM,40.7,617.0
CCCCN1c2ccccc2Oc2cc(C=CC3=C(O)C(=CC4=[N+](CCCC)c5ccc(C(=O)O)cc5C4(C)C)C3=O)ccc21.[I-],DCM,40.7,666.0
CCCCN1c2ccccc2Oc2cc(-c3ccc(C=CC4=[N+](CCCC)c5ccc(C(=O)O)cc5C4(C)C)s3)ccc21.[I-],DCM,40.7,626.0
CCN(CC)c1ccc(C=CC2=[N+](CCC(=O)O)c3ccccc3C2(C)C)cc1.[I-],THF,37.4,563.0
CC1(C)C(C=Cc2ccc(N3CCCC3)cc2)=[N+](CCC(=O)O)c2ccccc21.[I-],THF,37.4,566.0
CCn1c2ccc(-c3ccc4c(c3)c3cc(-c5nc(-c6ccccc6)c(-c6ccccc6)n5-c5ccc(OC)cc5)ccc3n4CC)cc2c2cc(-c3nc(-c4ccccc4)c(-c4ccccc4)n3-c3ccc(OC)cc3)ccc21,DMSO,45.1,313.0
CCn1c2ccc(-c3ccc4c(c3)c3cc(-c5nc(-c6ccccc6)c(-c6ccccc6)n5-c5ccc(F)cc5)ccc3n4CC)cc2c2cc(-c3nc(-c4ccccc4)c(-c4ccccc4)n3-c3ccc(F)cc3)ccc21,DMSO,45.1,314.0
NC1CCCCC1N,Water,63.1,393.0
CCCCn1c2cc(C=C3C(=O)N(CC(C)CC)C(=O)C(C#N)=C3C)sc2c2sc(-c3ccc(N(c4ccccc4)c4ccccc4)cc3)cc21,Chloroform,39.1,621.0
O=C1CC(=O)NC(=O)N1,DCM,40.7,514.0
O=C1CC(=O)NC(=S)N1,DCM,40.7,537.0
C(=C[c-]1cccc1)c1nnc(-c2nc(-c3ccccc3)no2)o1.[Fe+2].c1cc[cH-]c1,Chloroform,39.1,327.0
Cc1ccc(-c2noc(-c3nnc(C=C[c-]4cccc4)o3)n2)cc1.[Fe+2].c1cc[cH-]c1,Chloroform,39.1,328.0
COc1ccc(-c2noc(-c3nnc(C=C[c-]4cccc4)o3)n2)cc1.[Fe+2].c1cc[cH-]c1,Chloroform,39.1,257.0
Clc1ccc(-c2noc(-c3nnc(C=C[c-]4cccc4)o3)n2)cc1.[Fe+2].c1cc[cH-]c1,Chloroform,39.1,327.0
FC(F)(F)c1ccc(-c2noc(-c3nnc(C=C[c-]4cccc4)o3)n2)cc1.[Fe+2].c1cc[cH-]c1,Chloroform,39.1,329.0
[Ar],Methanol,55.4,465.0
[O]=[Ti+2],DMSO,45.1,689.0
[Sn+2],DMSO,45.1,691.0
c1ccc(-c2cc(-c3ccccc3N(c3ccccc3)c3ccccc3)c(-c3ccccc3)cc2-c2ccccc2N(c2ccccc2)c2ccccc2)cc1,DCM,40.7,415.0
c1ccc(Cc2cc(-c3ccccc3N(c3ccccc3)c3ccccc3)c(Cc3ccccc3)cc2-c2ccccc2N(c2ccccc2)c2ccccc2)cc1,DCM,40.7,410.0
c1ccc(N(c2ccccc2)c2ccccc2-c2cc(-c3cccc4ccccc34)c(-c3ccccc3N(c3ccccc3)c3ccccc3)cc2-c2cccc3ccccc23)cc1,DCM,40.7,419.0
[Pb+2],Toluene,33.9,717.0
CN1C(=CN=Nc2ccc(C=CC3Sc4ccccc4N3CCO)cc2)C(C)(C)c2ccccc21.[I-],THF,37.4,574.0
CN1C(=CN=Nc2ccc(C=CC3=CCN(CCO)c4ccccc43)cc2)C(C)(C)c2ccccc21.[I-],THF,37.4,551.0
CC(=O)O,DMSO,45.1,267.0
O=C1CN=CN1,Methanol,55.4,459.0
C1=CC(=NC2c3cccnc3-c3ncccc32)C(OCC(COC2C=CC=CC2=NC2c3cccnc3-c3ncccc32)(COC2C=CC=CC2=NC2c3cccnc3-c3ncccc32)COC2C=CC=CC2=NC2c3cccnc3-c3ncccc32)C=C1,Chloroform,39.1,432.0
CCC(COC1C=CC=CC1=NC1c2cccnc2-c2ncccc21)(COC1C=CC=CC1=NC1c2cccnc2-c2ncccc21)COC1C=CC=CC1=NC1c2cccnc2-c2ncccc21,Chloroform,39.1,432.0
[2H]C([2H])([2H])C(=O)C([2H])([2H])[2H],Acetonitrile,45.6,370.0
COCCOCCOCCOCCOc1ccc(-c2c3nc(c(-c4cccc(I)c4)c4ccc([nH]4)c(-c4ccc(OCCOCCOCCOCCOC)cc4)c4nc(c(-c5cccc(I)c5)c5ccc2[nH]5)C=C4)C=C3)cc1.[Zn],Water,63.1,436.0
COCCOCCOCCOCCOc1ccc(-c2c3nc(c(-c4ccc(OCCOCCOCCOCCOC)cc4)c4ccc([nH]4)c(-c4cccc(I)c4)c4nc(c(-c5cccc(I)c5)c5ccc2[nH]5)C=C4)C=C3)cc1.[Zn],Water,63.1,435.0
CONC(=O)O,Methanol,55.4,378.0
S=C(NN=Cc1ccccc1OCCCOc1ccccc1C=NNC(=S)Nc1ccc(Br)cc1)Nc1ccc(Br)cc1,DCM,40.7,312.0
OC(COc1ccccc1C=NNC(=S)Nc1ccc(Br)cc1)COc1ccccc1C=NNC(=S)Nc1ccc(Br)cc1,DCM,40.7,313.0
N#CBr,Methanol,55.4,254.0
Clc1ccc(N2N=C([c-]3cccc3)CC2c2ccccc2)nn1.[Fe+2].c1cc[cH-]c1,Chloroform,39.1,326.0
Clc1ccc(N2N=C([c-]3cccc3)CC2c2ccccc2Cl)nn1.[Fe+2].c1cc[cH-]c1,Chloroform,39.1,325.0
Clc1ccc(C2CC([c-]3cccc3)=NN2c2ccc(Cl)nn2)c(Cl)c1.[Fe+2].c1cc[cH-]c1,Chloroform,39.1,324.0
Clc1ccc(N2N=C([c-]3cccc3)CC2c2ccccc2OCc2ccccc2)nn1.[Fe+2].c1cc[cH-]c1,Chloroform,39.1,326.0
Clc1ccc(N2N=C([c-]3cccc3)CC2c2ccc(OCc3ccccc3)cc2)nn1.[Fe+2].c1cc[cH-]c1,Chloroform,39.1,326.0
CCCOc1ccc(N2N=C([c-]3cccc3)CC2c2ccccc2Cl)nn1.[Fe+2].c1cc[cH-]c1,Chloroform,39.1,325.0
CCCOc1ccc(N2N=C([c-]3cccc3)CC2c2ccc(Cl)cc2Cl)nn1.[Fe+2].c1cc[cH-]c1,Chloroform,39.1,323.0
CCCOc1ccc(N2N=C([c-]3cccc3)CC2c2ccccc2OCc2ccccc2)nn1.[Fe+2].c1cc[cH-]c1,Chloroform,39.1,325.0
COc1ccc(Cc2nnc3sc(-c4cc[cH-]c4)nn23)cc1.[Fe+2].c1cc[cH-]c1,DMSO,45.1,284.0
CC1=CC(=O)CCC1,Ethanol,51.9,532.0
COc1ccc(-c2ccc(C3=C4C(=O)N(C(=O)OC(C)(C)C)C(c5ccc(-c6ccc(OC)c(OC)c6)cc5)=C4C(=O)N3C(=O)OC(C)(C)C)cc2)cc1OC,DCM,40.7,472.0
CN(C)c1ccc(-c2ccc(C3=C4C(=O)N(C(=O)OC(C)(C)C)C(c5ccc(-c6ccc(N(C)C)cc6)cc5)=C4C(=O)N3C(=O)OC(C)(C)C)cc2)cc1,DCM,40.7,518.0
CSc1ccc(-c2ccc(C3=C4C(=O)N(C(=O)OC(C)(C)C)C(c5ccc(-c6ccc(SC)cc6)cc5)=C4C(=O)N3C(=O)OC(C)(C)C)cc2)cc1,DCM,40.7,469.0
CC(C)(C)OC(=O)N1C(=O)C2=C(c3ccc(-c4ccc(C(C)(C)C)cc4)cc3)N(C(=O)OC(C)(C)C)C(=O)C2=C1c1ccc(-c2ccc(C(C)(C)C)cc2)cc1,DCM,40.7,463.0
CC(C)(C)OC(=O)N1C(=O)C2=C(c3ccc(-c4ccc(S(C)(=O)=O)cc4)cc3)N(C(=O)OC(C)(C)C)C(=O)C2=C1c1ccc(-c2ccc(S(C)(=O)=O)cc2)cc1,DCM,40.7,451.0
CC1(C)c2cc(-c3c4ccccc4c(-c4ccc([Si](c5ccccc5)(c5ccccc5)c5ccccc5)cc4)c4ccccc34)ccc2-c2ccc([Si](c3ccccc3)(c3ccccc3)c3ccccc3)cc21,DCM,40.7,453.0
CC1(C)c2cc(-c3c4ccccc4c(-c4c5ccccc5c(-c5ccc6c(c5)C(C)(C)c5cc([Si](c7ccccc7)(c7ccccc7)c7ccccc7)ccc5-6)c5ccccc45)c4ccccc34)ccc2-c2ccc([Si](c3ccccc3)(c3ccccc3)c3ccccc3)cc21,DCM,40.7,463.0
CC1(C)c2cc(-c3c4ccccc4c(-c4c5ccccc5c(-c5ccccc5)c5ccccc45)c4ccccc34)ccc2-c2ccc([Si](c3ccccc3)(c3ccccc3)c3ccccc3)cc21,DCM,40.7,450.0
CC1(C)c2cc(-c3c4ccccc4c(-c4ccc(-c5c6ccccc6c(-c6ccccc6)c6ccccc56)cc4)c4ccccc34)ccc2-c2ccc([Si](c3ccccc3)(c3ccccc3)c3ccccc3)cc21,DCM,40.7,439.0
CCCNc1cc2oc3cc(=[NH+]CCCO)ccc-3nc2c2ccccc12.[Cl-],Ethanol,51.9,615.0
CCCNc1cc2oc3cc(=[NH+]CCCC(=O)OCC)ccc-3nc2c2ccccc12.[Cl-],Ethanol,51.9,623.0
CCOC(=O)CCCNc1cc2oc3cc(=[NH+]CCCC(=O)OCC)ccc-3nc2c2ccccc12.[Cl-],Ethanol,51.9,625.0
CN1C(=CC=CC=CC2=C(C#N)C(=C(C#N)C#N)OC2(C)C)C(C)(C)c2ccccc21,DMF,43.2,698.0
CN1C(=CC=CC=CC=CC2=C(C#N)C(=C(C#N)C#N)OC2(C)C)C(C)(C)c2ccccc21,DMF,43.2,810.0
CN1C(=CC=C2CC(C(C)(C)C)CC(C=CC3=C(C#N)C(=C(C#N)C#N)OC3(C)C)=C2Cl)C(C)(C)c2ccccc21,DMF,43.2,843.0
CN1C(=CC=C2CC(C(C)(C)C)CC(C=CC3=C(C#N)C(=C(C#N)C#N)OC3(C)C)=C2Br)C(C)(C)c2ccccc21,DMF,43.2,843.0
Cc1cc(C(C)(C)C)c(OC2=C(C=CC3=C(C#N)C(=C(C#N)C#N)OC3(C)C)CC(C(C)(C)C)CC2=CC=C2N(C)c3ccccc3C2(C)C)c(C(C)(C)C)c1,DMF,43.2,896.0
CCC(C)Oc1c2cc(-c3ccc4c5nc6ccccc6nc5n(C)c4c3)sc2c(OC(C)CC)c2cc(-c3ccc4c5nc6ccccc6nc5n(C)c4c3)sc12,Chloroform,39.1,500.0
Cc1cc(C=C2Sc3ccccc3N2C)cc(C)[n+]1CCCCC[n+]1c(C)cc(C=C2Sc3ccccc3N2C)cc1C.[O-][Cl+3]([O-])([O-])[O-].[O-][Cl+3]([O-])([O-])[O-],DMF,43.2,451.0
Cc1cc(C=C2Sc3ccccc3N2C)cc(C)[n+]1CCCCCC[n+]1c(C)cc(C=C2Sc3ccccc3N2C)cc1C.[O-][Cl+3]([O-])([O-])[O-].[O-][Cl+3]([O-])([O-])[O-],DMF,43.2,454.0
Cc1cc(C=C2Sc3ccccc3N2C)cc(C)[n+]1CCOCC[n+]1c(C)cc(C=C2Sc3ccccc3N2C)cc1C.[O-][Cl+3]([O-])([O-])[O-].[O-][Cl+3]([O-])([O-])[O-],DMF,43.2,451.0
Cc1cc(C=C2Sc3ccccc3N2C)cc(C)[n+]1CCCNCCC[n+]1c(C)cc(C=C2Sc3ccccc3N2C)cc1C.[O-][Cl+3]([O-])([O-])[O-].[O-][Cl+3]([O-])([O-])[O-],DMF,43.2,455.0
Cc1cc(C=C2Sc3ccccc3N2C)cc(C)[n+]1CCNCCNCC[n+]1c(C)cc(C=C2Sc3ccccc3N2C)cc1C.[O-][Cl+3]([O-])([O-])[O-].[O-][Cl+3]([O-])([O-])[O-],DMF,43.2,455.0
Cc1cc(C=C2Sc3ccccc3N2C)cc(C)[n+]1CCCCCC(=O)N1CCN(C(=O)CCCCC[n+]2c(C)cc(C=C3Sc4ccccc4N3C)cc2C)CC1.[O-][Cl+3]([O-])([O-])[O-].[O-][Cl+3]([O-])([O-])[O-],DMF,43.2,453.0
Cc1cc(C=C2Sc3ccccc3N2C)cc(C)[n+]1CCCCCCCCCCCC[n+]1c(C)cc(C=C2Sc3ccccc3N2C)cc1C.[O-][Cl+3]([O-])([O-])[O-].[O-][Cl+3]([O-])([O-])[O-],DMF,43.2,453.0
Cc1cc(C=C2Sc3ccccc3N2C)cc(C)[n+]1CCCCCC(=O)Nc1ccc(NC(=O)Nc2ccc(Cc3ccc(NC(=O)Nc4ccc(NC(=O)CCCCC[n+]5c(C)cc(C=C6Sc7ccccc7N6C)cc5C)cc4)cc3)cc2)cc1.[O-][Cl+3]([O-])([O-])[O-].[O-][Cl+3]([O-])([O-])[O-],DMF,43.2,452.0
CC(=O)[O-].[NH4+],Toluene,33.9,325.0
CI,Other,,535.6
BPPB,DMSO,45.1,505.0
CCOC(=O)C(C#N)=C1C=C(C)CC(C)(C)C1,Methanol,55.4,625.0
CC1=CC(=C(C#N)C#N)CC(C)(C)C1,Acetonitrile,45.6,639.0
COc1cc(C=C(c2ccccc2)c2ccccc2)ccc1N(c1ccc(C=C(c2ccccc2)c2ccccc2)cc1OC)c1ccc(C=C(c2ccccc2)c2ccccc2)cc1OC,THF,37.4,395.0
COc1cc(N(c2ccc(C=C(c3ccccc3)c3ccccc3)c(OC)c2)c2ccc(C=C(c3ccccc3)c3ccccc3)c(OC)c2)ccc1C=C(c1ccccc1)c1ccccc1,THF,37.4,394.0
CCC(C)CN1c2ccccc2Sc2cc(-c3ccc(C4=C5C(=O)N(C)C(c6ccc(-c7ccc8c(c7)Sc7ccccc7N8CC(C)CC)s6)=C5C(=O)N4C)s3)ccc21,DCM,40.7,664.0
CCC(C)CN1c2ccccc2Sc2cc(-c3cnc(C4=C5C(=O)N(C)C(c6ncc(-c7ccc8c(c7)Sc7ccccc7N8CC(C)CC)s6)=C5C(=O)N4C)s3)ccc21,DCM,40.7,655.0
CCC(C)CN1c2ccccc2Sc2cc(-c3cc4sc(C5=C6C(=O)N(C)C(c7csc8cc(-c9ccc%10c(c9)Sc9ccccc9N%10CC(C)CC)sc78)=C6C(=O)N5C)cc4s3)ccc21,DCM,40.7,677.0
CCN(CC)c1ccc(N=Nc2nc(Cl)c(C=CC3=[N+](CC)c4ccccc4C3(C)C)s2)cc1.[I-],Methanol,55.4,747.0
CCN(CC)c1ccc(N=Nc2nc(Cl)c(C=Cc3sc4ccccc4[n+]3CC)s2)cc1.[I-],Methanol,55.4,708.0
CCCCCC[n+]1c(C=Cc2sc(N=Nc3ccc(N(CC)CC)cc3)nc2Cl)sc2ccccc21.[I-],Methanol,55.4,711.0
CCN(CC)c1ccc(N=Nc2nc(Cl)c(C=Cc3sc4cc(I)ccc4[n+]3CC)s2)cc1.[I-],Methanol,55.4,732.0
CCN(CC)c1ccc(N=Nc2nc(Cl)c(C=Cc3[se]c4ccccc4[n+]3CC)s2)cc1.[I-],Methanol,55.4,717.0
CCN(CC)c1ccc(N=Nc2nc(Cl)c(C=Cc3ccc4ccccc4[n+]3CC)s2)cc1.[I-],Methanol,55.4,678.0
CCN(CC)c1ccc(N=Nc2nc(Cl)c(C=Cc3cc[n+](CC)c4ccccc34)s2)cc1.[I-],Methanol,55.4,672.0
CC[N+]1=C(C=Cc2cnc(N=Nc3cc4c5c(c3)CCCN5CCC4)s2)C(C)(C)c2ccccc21,Methanol,55.4,810.0
CC[n+]1c(C=Cc2cnc(N=Nc3cc4c5c(c3)CCCN5CCC4)s2)sc2ccccc21,Methanol,55.4,756.0
CCn1c(=Cc2sc3ccccc3[n+]2C)sc(=C2Sc3ccccc3N2C)c1=O.[I-],DMF,43.2,506.0
CCn1c(=Cc2cc[n+](C)c3ccccc23)sc(=C2Sc3ccccc3N2C)c1=O.[I-],DMF,43.2,571.0
O=C(O)Cc1ccc(-c2c3nc(c(-c4ccc(CC(=O)O)cc4)c4ccc([nH]4)c(-c4ccccc4O)c4nc(c(-c5ccc(CC(=O)O)cc5)c5ccc2[nH]5)C=C4)C=C3)cc1,DMSO,45.1,648.6
c1cc[nH]c1,Acetone,42.2,458.5
N=NN.O=C1CC(=O)N(c2ccccc2)N1.O=C1CC(=O)N(c2ccccc2)N1,Acetone,42.2,371.0
BP[I]B,DMSO,45.1,483.0
[Cu][I]I,DMSO,45.1,526.0
COc1cc(C2(c3ccccc3)c3ccccc3-c3ccccc32)ccc1N(c1ccc(C2(c3ccccc3)c3ccccc3-c3ccccc32)cc1OC)c1ccc(C2(c3ccccc3)c3ccccc3-c3ccccc32)cc1OC,THF,37.4,309.0
COc1cc(N(c2ccc(C3(c4ccccc4)c4ccccc4-c4ccccc43)c(OC)c2)c2ccc(C3(c4ccccc4)c4ccccc4-c4ccccc43)c(OC)c2)ccc1C1(c2ccccc2)c2ccccc2-c2ccccc21,THF,37.4,309.0
COc1ccc(C2(c3ccc(N(c4ccc(C5(c6ccc(OC)cc6)c6ccccc6-c6ccccc65)cc4OC)c4ccc(C5(c6ccc(OC)cc6)c6ccccc6-c6ccccc65)cc4OC)c(OC)c3)c3ccccc3-c3ccccc32)cc1,THF,37.4,310.0
COc1ccc(C2(c3ccc(N(c4ccc(C5(c6ccc(OC)cc6)c6ccccc6-c6ccccc65)c(OC)c4)c4ccc(C5(c6ccc(OC)cc6)c6ccccc6-c6ccccc65)c(OC)c4)cc3OC)c3ccccc3-c3ccccc32)cc1,THF,37.4,310.0
O.c1ccncc1,Ethanol,51.9,700.0
C[n+]1ccc(C=Cc2ccc(N(c3ccccc3)c3ccccc3)cc2)nc1.[I-],DCM,40.7,564.0
C[n+]1ccc(C=Cc2ccc(-c3ccc(N(c4ccccc4)c4ccccc4)cc3)cc2)nc1.[I-],DCM,40.7,520.0
CCCCC(=O)C=O,Other,,498.0
Cc1cn(C)c(C)c1-c1c(O)c(=O)c1=O,Methanol,55.4,347.0
CC1(C)c2ccccc2-c2ccc(N(c3ccc(-c4cnc(-c5ccc(C=C(C#N)C(=O)O)s5)c5nsnc45)cc3)c3ccc4c(c3)C(C)(C)c3ccccc3-4)cc21,DCM,40.7,575.0
CC(C)(C)c1ccc2c(N(c3ccccc3)c3cccc4ccccc34)c3cc(C(C)(C)C)ccc3c(-c3ccc(-c4ccc(C=C(C#N)C(=O)O)s4)s3)c2c1,THF,37.4,628.0
CC(C)(C)c1ccc2c(N(c3ccccc3)c3cccc4ccccc34)c3cc(C(C)(C)C)ccc3c(-c3ccc(-c4ccc(-c5ccc(C=C(C#N)C(=O)O)s5)c5nsnc45)s3)c2c1,THF,37.4,772.0
CCC(C)COc1ccc(-c2ccc3c(c2)Sc2cc(-c4cc5sc(C6=C([O-])C(=CC7=[N+](C)c8ccc(C(=O)O)cc8C7(C)C)C6=O)cc5s4)ccc2N3C)cc1,THF,37.4,662.0
CN(C)c1ccc(C=Cc2cc[n+](C)cc2)cc1.Cc1ccc(S(=O)(=O)[O-])cc1,Methanol,55.4,522.0
CN(C)c1ccc(C=Cc2cc3ccccc3c[n+]2C)cc1.Cc1ccc(S(=O)(=O)[O-])cc1,Methanol,55.4,441.0
CN(C)c1ccc(C=Cc2cc[n+](C)c3ccccc23)cc1.Cc1ccc(S(=O)(=O)[O-])cc1,Methanol,55.4,581.0
CN(C)c1ccc(C=Cc2ccc3ccccc3[n+]2C)cc1.Cc1ccc(S(=O)(=O)[O-])cc1,Methanol,55.4,556.0
CCC1(CC)c2ccccc2-c2ccc(-c3ccc(-c4nc(-c5ccc(-c6ccc7c(c6)C(CC)(CC)c6ccccc6-7)cc5)nc(-c5ccc(-c6ccc7c(c6)C(CC)(CC)c6ccccc6-7)cc5)n4)cc3)cc21,THF,37.4,356.0
CCN1c2ccccc2Sc2cc(-c3ccc(-c4nc(-c5ccc(-c6ccc7c(c6)Sc6ccccc6N7CC)cc5)nc(-c5ccc(-c6ccc7c(c6)Sc6ccccc6N7CC)cc5)n4)cc3)ccc21,THF,37.4,403.0
CCn1c2ccccc2c2cc(-c3ccc(-c4nc(-c5ccc(-c6ccc7c(c6)c6ccccc6n7CC)cc5)nc(-c5ccc(-c6ccc7c(c6)c6ccccc6n7CC)cc5)n4)cc3)ccc21,THF,37.4,380.0
O=C1CCCCC1,DMSO,45.1,554.0
Cn1c2ccc(-c3ccc(-c4nc5ccccc5n4-c4ccccc4)cc3)cc2c2cc(-c3ccc(-c4nc5ccccc5n4-c4ccccc4)cc3)ccc21,DCM,40.7,341.0
Cn1c2cc(-c3ccc(-c4nc5ccccc5n4-c4ccccc4)cc3)ccc2c2ccc(-c3ccc(-c4nc5ccccc5n4-c4ccccc4)cc3)cc21,DCM,40.7,349.0
CCn1c2ccc(-c3ccc(-c4nc5ccccc5n4-c4ccccc4)s3)cc2c2cc(-c3ccc(-c4nc5ccccc5n4-c4ccccc4)s3)ccc21,DCM,40.7,388.0
Cn1c2cc(-c3ccc(-c4nc5ccccc5n4-c4ccccc4)s3)ccc2c2ccc(-c3ccc(-c4nc5ccccc5n4-c4ccccc4)s3)cc21,DCM,40.7,406.0
c1ccc([Si](c2ccccc2)(c2ccccc2)c2ccc(-c3cc(-c4ccc([Si](c5ccccc5)(c5ccccc5)c5ccccc5)cc4)c4ccc5c(-c6ccc([Si](c7ccccc7)(c7ccccc7)c7ccccc7)cc6)cc(-c6ccc([Si](c7ccccc7)(c7ccccc7)c7ccccc7)cc6)c6ccc3c4c65)cc2)cc1,Hexane,31.0,408.0
C(#Cc1cc(C#Cc2ccc([Si](c3ccccc3)(c3ccccc3)c3ccccc3)cc2)c2ccc3c(C#Cc4ccc([Si](c5ccccc5)(c5ccccc5)c5ccccc5)cc4)cc(C#Cc4ccc([Si](c5ccccc5)(c5ccccc5)c5ccccc5)cc4)c4ccc1c2c43)c1ccc([Si](c2ccccc2)(c2ccccc2)c2ccccc2)cc1,Toluene,33.9,501.0
COC(=O)c1c(C=Cc2ccc(C=Cc3ccc([N+](=O)[O-])cc3)cc2)oc2cc3c(C(=O)OC)c(C=Cc4ccc(C=Cc5ccc([N+](=O)[O-])cc5)cc4)oc3cc12,DCM,40.7,455.0
COC(=O)c1c(C=Cc2ccc(C=Cc3ccc(C)cc3)cc2)oc2cc3c(C(=O)OC)c(C=Cc4ccc(C=Cc5ccc(C)cc5)cc4)oc3cc12,DCM,40.7,447.0
COC(=O)c1c(C=Cc2ccc(C=Cc3ccc(OC)cc3)cc2)oc2cc3c(C(=O)OC)c(C=Cc4ccc(C=Cc5ccc(OC)cc5)cc4)oc3cc12,DCM,40.7,450.0
COC(=O)c1c(C=Cc2ccc(C=Cc3ccc(F)cc3)cc2)oc2cc3c(C(=O)OC)c(C=Cc4ccc(C=Cc5ccc(F)cc5)cc4)oc3cc12,DCM,40.7,445.0
COC(=O)c1c(C=Cc2ccc(C=Cc3ccc(Cl)cc3)cc2)oc2cc3c(C(=O)OC)c(C=Cc4ccc(C=Cc5ccc(Cl)cc5)cc4)oc3cc12,DCM,40.7,446.0
COC(=O)c1c(C=Cc2ccc(C=Cc3ccc(C(F)(F)F)cc3)cc2)oc2cc3c(C(=O)OC)c(C=Cc4ccc(C=Cc5ccc(C(F)(F)F)cc5)cc4)oc3cc12,DCM,40.7,446.0
COC(=O)c1c(C=Cc2ccc(C=Cc3ccc(SC)cc3)cc2)oc2cc3c(C(=O)OC)c(C=Cc4ccc(C=Cc5ccc(SC)cc5)cc4)oc3cc12,DCM,40.7,452.0
COC(=O)c1c(C=Cc2ccc(C=Cc3cc(OC)c(OC)c(OC)c3)cc2)oc2cc3c(C(=O)OC)c(C=Cc4ccc(C=Cc5cc(OC)c(OC)c(OC)c5)cc4)oc3cc12,DCM,40.7,451.0
COC(=O)c1c(C=Cc2ccc(C=Cc3ccc4ccccc4c3)cc2)oc2cc3c(C(=O)OC)c(C=Cc4ccc(C=Cc5ccc6ccccc6c5)cc4)oc3cc12,DCM,40.7,452.0
C[n+]1c(-c2ccccc2)cn2ccc(C=Cc3ccc([N+]4(C)CCCCC4)cc3)cc21.[I-].[I-],Methanol,55.4,353.0
COc1ccc(-c2cn3ccc(C=Cc4ccc([N+]5(C)CCCCC5)cc4)cc3[n+]2C)cc1.[I-].[I-],Methanol,55.4,359.0
CC[N+](C)(CC)c1ccc(C=Cc2ccn3cc(-c4ccccc4)[n+](C)c3c2)cc1.[I-].[I-],Methanol,55.4,352.0
CC[N+](C)(CC)c1ccc(C=Cc2ccn3cc(-c4ccc(OC)cc4)[n+](C)c3c2)cc1.[I-].[I-],Methanol,55.4,359.0
C[n+]1c(-c2ccccc2)cn2ccc(C=Cc3ccc([N+](C)(C)C)cc3)cc21.[I-].[I-],Methanol,55.4,352.0
COc1ccc(-c2cn3ccc(C=Cc4ccc([N+](C)(C)C)cc4)cc3[n+]2C)cc1.[I-].[I-],Methanol,55.4,358.0
COc1cc(-c2c3nc(c(-c4ccc(O)c(OC)c4)c4ccc([nH]4)c(-c4ccc(OC)c(OC)c4)c4nc(c(-c5ccc(O)c(OC)c5)c5ccc2[nH]5)C=C4)C=C3)ccc1O,Chloroform,39.1,726.0
COc1cc(-c2c3nc(c(-c4cc(OC)c(O)c(OC)c4)c4ccc([nH]4)c(-c4cc(OC)c(OC)c(OC)c4)c4nc(c(-c5cc(OC)c(O)c(OC)c5)c5ccc2[nH]5)C=C4)C=C3)cc(OC)c1O,Chloroform,39.1,723.0
COc1ccc(-c2c3nc(c(-c4ccc(OC)cc4)c4ccc([nH]4)c(-c4ccc(OC)cc4)c4nc(c(-c5ccc(NC(C)=O)cc5)c5ccc2[nH]5)C=C4)C=C3)cc1,Chloroform,39.1,721.0
COc1ccc(-c2c3nc(c(-c4ccc(OC)cc4)c4ccc([nH]4)c(-c4ccc(OC)cc4)c4nc(c(-c5ccc(N)cc5)c5ccc2[nH]5)C=C4)C=C3)cc1,Chloroform,39.1,721.0
C[C@H]1O[C@H](O)[C@H](O)[C@@H](O)[C@@H]1N[C@H]1C=C(CO)[C@@H](O)[C@H](O)[C@H]1O,THF,37.4,397.0
C[n+]1ccc(C=Cc2ccc(C=Cc3ccc(N(c4ccccc4)c4ccccc4)cc3)cc2)cc1.[I-],DMF,43.2,764.0
C[n+]1ccc(C=Cc2ccc(C=Cc3ccc(-n4c5ccccc5c5ccccc54)cc3)cc2)cc1.[I-],DMF,43.2,636.0
C[n+]1ccc(C=Cc2ccc(C=Cc3nc4ccccc4s3)cc2)cc1.[I-],DMF,43.2,546.0
SBI,DCM,40.7,900.0
SB[I]I,DCM,40.7,700.0
O=P(O)(O)OC[C@H]1O[C@H](O[C@@H]2[C@H](O)[C@@H](O[C@@H]3[C@H](O)[C@@H](O)O[C@H](CO)[C@H]3O)O[C@H](CO)[C@H]2O)[C@@H](O)[C@@H](O)[C@@H]1O,Chloroform,39.1,410.0
C1CO1,Dioxane,36.0,416.0
[PH2][V][PH2],DMSO,45.1,437.0
CCCC[n+]1ccccc1C=Cc1ccc(N(CC)CC)cc1.O=S(=O)([O-])C(F)(F)F,DCM,40.7,510.0
CCCC[n+]1ccccc1C=Cc1ccc(N(CC)CC)cc1.O=S(=O)([N-]S(=O)(=O)C(F)(F)F)C(F)(F)F,DCM,40.7,512.0
COS(=O)(=O)OC,Water,63.1,746.0
CCOS(=O)(=O)OCC,Water,63.1,708.0
O=C(O)CCl,Water,63.1,687.0
C[N+](C)(C)CCCCC[N+](C)(C)C.[Br-].[Br-],Toluene,33.9,532.0
CC[C@H](C)[C@H](NC(=O)[C@H](CCCNC(=N)N)NC(=O)[C@H](CS)NC(=O)[C@H](Cc1ccccc1)NC(=O)CNC(=O)[C@H](C)NC(=O)[C@H](CCCNC(=N)N)NC(=O)[C@H](CCCNC(=N)N)NC(=O)[C@H](CCC(=O)O)NC(=O)[C@H](CCCNC(=N)N)NC(=O)[C@@H]1CCCN1C(=O)[C@H](CC(C)C)NC(=O)[C@H](CS)NC(=O)[C@H](CC(C)C)NC(=O)[C@H](C)NC(=O)[C@H](CCCNC(=N)N)NC(=O)[C@H](CCCNC(=N)N)NC(=O)[C@H](CS)NC(=O)[C@H](C)NC(=O)[C@H](CS)NC(=O)[C@@H](NC(=O)[C@@H](N)C(C)C)C(C)C)C(=O)N[C@@H](CCCNC(=N)N)C(=O)NCC(=O)N[C@@H](CCCNC(=N)N)C(=O)N[C@H](C(=O)N[C@@H](Cc1cnc[nH]1)C(=O)N1CCC[C@H]1C(=O)N[C@@H](CC(C)C)C(=O)N[C@@H](CS)C(=O)N[C@@H](CS)C(=O)N[C@@H](CCCNC(=N)N)C(=O)N[C@@H](CCCNC(=N)N)C(=O)O)[C@@H](C)CC,DMF,43.2,502.0
CC[C@H](C)[C@H](NC(=O)[C@H](CCCNC(=N)N)NC(=O)[C@H](CS)NC(=O)[C@H](Cc1ccccc1)NC(=O)CNC(=O)[C@H](C)NC(=O)[C@H](CCCNC(=N)N)NC(=O)[C@H](CCCNC(=N)N)NC(=O)[C@H](CCC(=O)O)NC(=O)[C@H](CC(C)C)NC(=O)[C@@H]1CCCN1C(=O)[C@H](CC(C)C)NC(=O)[C@H](CS)NC(=O)[C@H](CC(C)C)NC(=O)[C@H](C)NC(=O)[C@H](CCCNC(=N)N)NC(=O)[C@H](CCCNC(=N)N)NC(=O)[C@H](CS)NC(=O)[C@H](C)NC(=O)[C@H](CS)NC(=O)[C@@H](NC(=O)[C@@H](N)C(C)C)C(C)C)C(=O)N[C@@H](CCCNC(=N)N)C(=O)NCC(=O)N[C@@H](CCCNC(=N)N)C(=O)N[C@H](C(=O)N[C@@H](Cc1cnc[nH]1)C(=O)N1CCC[C@H]1C(=O)N[C@@H](CC(C)C)C(=O)N[C@@H](CS)C(=O)N[C@@H](CS)C(=O)N[C@@H](CCCNC(=N)N)C(=O)N[C@@H](CCCNC(=N)N)C(=O)O)[C@@H](C)CC,DMF,43.2,498.0
CCCSc1cc(-c2ccccn2)nc(-c2cc(SCCC)cc(-c3cc(SCCC)cc(-c4cccc(-c5cc(SCCC)cc(-c6cc(SCCC)cc(-c7cc(SCCC)cc(-c8ccccn8)n7)n6)n5)n4)n3)n2)c1,Acetonitrile,45.6,266.0
COc1ccc(-c2c3nc(c(-c4ccc(OC)cc4)c4ccc([nH]4)c(-c4ccc([N+](=O)[O-])cc4)c4nc(c(-c5ccc(OC)cc5)c5ccc2[nH]5)C=C4)C=C3)cc1,DCM,40.7,419.0
C1=Cc2nc1c(-c1ccccc1)c1ccc([nH]1)c(-c1ccccc1)c1nc(c(-c3ccccc3)c3ccc([nH]3)c2-c2ccccc2)C=C1.[Zn],DCM,40.7,419.0
O=C(Nc1ccc(-c2c3nc(c(-c4ccc(C(F)(F)F)cc4)c4ccc([nH]4)c(-c4ccc(C(F)(F)F)cc4)c4nc(c(-c5ccc(C(F)(F)F)cc5)c5ccc2[nH]5)C=C4)C=C3)cc1)c1ccccc1,Toluene,33.9,650.0
O=C(C=Cc1ccccc1)[c-]1cccc1.[Fe+2].c1cc[cH-]c1,DCM,40.7,382.0
O=C(C=C[c-]1cccc1)c1ccccc1.[Fe+2].c1cc[cH-]c1,DCM,40.7,384.0
O=C(C=Cc1ccccc1)[c-]1cccc1.[Ru+2].c1cc[cH-]c1,DCM,40.7,496.0
O=C(C=C[c-]1cccc1)[c-]1cccc1.[Fe+2].[Fe+2].c1cc[cH-]c1.c1cc[cH-]c1,DCM,40.7,383.0
O=C(C=C[c-]1cccc1)[c-]1cccc1.[Fe+2].[Ru+2].c1cc[cH-]c1.c1cc[cH-]c1,DCM,40.7,381.0
O=C(C=C[c-]1cccc1)[c-]1cccc1.[Ru+2].[Ru+2].c1cc[cH-]c1.c1cc[cH-]c1,DCM,40.7,389.0
[Fe+3],DCM,40.7,941.0
[Ag+].[Cl-],DCM,40.7,479.0
CO[I]I,DMF,43.2,540.0
OCCO,Other,,681.0
[Mg+2].c1ccc2c3[n-]c(nc4[nH]c(nc5[n-]c([nH]c6[nH]c([nH]3)c3ccccc63)c3c5CCCC3)C3CCCCC43)c2c1,DMSO,45.1,685.0
C=CC(C)(Cl)C(Cl)C=CC(C=O)=CCl,DMF,43.2,743.0
CC(=O)[O-].CC(=O)[O-].CC(=O)[O-].[Lu+3],DMSO,45.1,705.0
[Cd+2],DMF,43.2,457.0
[Cd][I]I,DMSO,45.1,404.0
COc1ccc(C=CC(=O)[c-]2cccc2)cc1.[Fe+2].c1cc[cH-]c1,Acetonitrile,45.6,487.0
Cc1ccc(C=CC(=O)[c-]2cccc2)cc1.[Fe+2].c1cc[cH-]c1,Acetonitrile,45.6,487.0
O=C(C=Cc1ccc(C(F)(F)F)cc1)[c-]1cccc1.[Fe+2].c1cc[cH-]c1,Acetonitrile,45.6,501.0
[O]=[Ti],THF,37.4,697.0
COC(C)(C)CC=CC(C)CC=CC(C)=CC=CC(C)=CCCC=C(C)C=CC=C(C)CCC=C(C)CCCC(C)C,Ethanol,51.9,720.0
Cc1cc(C)c(S)c(C)c1,Ethanol,51.9,480.0
C1CC2CC3CCC(N3)C3CCC(CC4CCC(CC1N2)N4)N3,DCM,40.7,656.0
CN(C)[C@@H]1C(=O)C(=C(N)O)C(=O)[C@@]2(O)C(=O)C3=C(O)c4c(O)ccc(Cl)c4[C@@](C)(O)[C@H]3C[C@@H]12,DMSO,45.1,480.0
CN(C)[C@@H]1C(=O)C(=C(N)O)C(=O)[C@@]2(O)C(=O)C3=C(O)c4c(O)ccc(Cl)c4[C@@H](O)[C@H]3C[C@@H]12,Ethanol,51.9,480.0
CN(C)[C@@H]1C(=O)C(=C(N)O)C(=O)[C@@]2(O)C(=O)C3=C(O)c4c(O)cccc4[C@@](C)(O)[C@H]3C[C@@H]12.[Cl-].[H+],Acetonitrile,45.6,480.0
PP,Methanol,55.4,530.0
OF,Acetonitrile,45.6,589.0
Cc1cc2nc3cc(C)c(N)cc3[n+](-c3ccccc3)c2cc1N.[Cl-],Water,63.1,537.0
F[B-](F)(F)F,Dioxane,36.0,532.0
CC(=O)CC(=O)SCCNC(=O)CCNC(=O)[C@H](O)C(C)(C)COP(=O)(O)OP(=O)(O)OC[C@H]1O[C@@H](n2cnc3c(N)ncnc32)[C@H](O)[C@@H]1OP(=O)(O)O,Acetone,42.2,323.0
[PH2][W],DMF,43.2,1150.0
c1ccc(N(c2ccccc2)c2cc(N(c3ccccc3)c3ccccc3)c3ccc4c(N(c5ccccc5)c5ccccc5)cc(N(c5ccccc5)c5ccccc5)c5ccc2c3c54)cc1,DCM,40.7,461.0
Cc1ccc(N(c2ccc(C)cc2)c2cc(N(c3ccc(C)cc3)c3ccc(C)cc3)c3ccc4c(N(c5ccc(C)cc5)c5ccc(C)cc5)cc(N(c5ccc(C)cc5)c5ccc(C)cc5)c5ccc2c3c54)cc1,THF,37.4,476.0
CN1C(=Cc2cc[n+](C)c3ccccc23)Sc2ccccc21.Cc1ccc(S(=O)(=O)[O-])cc1,Chloroform,39.1,653.0
CC(C)(C)c1cc2ccc3ccc(-c4cc(-c5ccc6ccc7cc(C(C)(C)C)cc8ccc5c6c78)c5ccc6c(-c7ccc8ccc9cc(C(C)(C)C)cc%10ccc7c8c9%10)cc(-c7ccc8ccc9cc(C(C)(C)C)cc%10ccc7c8c9%10)c7ccc4c5c76)c4ccc(c1)c2c34,DMF,43.2,397.0
CC(C)CCC1(CCC(C)C)c2ccccc2-c2ccc(-c3cc(-c4ccc5c(c4)C(CCC(C)C)(CCC(C)C)c4ccccc4-5)c4ccc5c(-c6ccc7c(c6)C(CCC(C)C)(CCC(C)C)c6ccccc6-7)cc(-c6ccc7c(c6)C(CCC(C)C)(CCC(C)C)c6ccccc6-7)c6ccc3c4c65)cc21,DCM,40.7,395.0
CCNc1ccc([C+](c2ccc(NCC)c(C)c2)c2ccc(S(=O)(=O)[O-])cc2S(=O)(=O)[O-])cc1C.[Na+],Cyclohexane,30.9,356.1
c1ccc(N(c2ccccc2)c2ccccc2-c2cc(-c3cccs3)c(-c3ccccc3N(c3ccccc3)c3ccccc3)cc2-c2cccs2)cc1,DMF,43.2,412.0
NC(CO)C(=O)O,DMSO,45.1,276.0
C[C@H]1OC([n+]2cccc(C(N)=O)c2)[C@H](O)[C@@H]1O,Methanol,55.4,793.0
CC(C)CCC1(CCC(C)C)c2ccccc2-c2ccc(-c3cc(-c4ccc5c(c4)C(CCC(C)C)(CCC(C)C)c4ccccc4-5)c4ccc5cc(C(C)(C)C)cc6ccc3c4c65)cc21,DCM,40.7,414.0
CC(C)CCC1(CCC(C)C)c2ccccc2-c2ccc(-c3cc4c(-c5ccc6c(c5)C(CCC(C)C)(CCC(C)C)c5ccccc5-6)cc(-c5ccc6c(c5)C(CCC(C)C)(CCC(C)C)c5ccccc5-6)c5cc(-c6ccc7c(c6)C(CCC(C)C)(CCC(C)C)c6ccccc6-7)c6cc(C(C)(C)C)cc3c6c45)cc21,DCM,40.7,442.0
C[N+]1(C)CCC[C@H]1C(=O)O,Methanol,55.4,482.0
[I-].[I-].c1cc[n+](CCCc2ccc(CCC[n+]3ccccc3)cc2)cc1,Acetonitrile,45.6,260.0
[Br-].[Br-].c1cc[n+](CCCc2ccc(CCC[n+]3ccccc3)cc2)cc1,Acetonitrile,45.6,263.0
CC(C)(C)c1cc[n+](CCCc2ccc(CCC[n+]3ccc(C(C)(C)C)cc3)cc2)cc1.[Br-].[Br-],Acetonitrile,45.6,258.0
O=[S]I,Methanol,55.4,436.0
O=C(O)CCCCCCCC(=O)O,Chloroform,39.1,480.0
CC(C)(C)c1cc2ccc3ccc(-c4ccc(C(c5ccc(-c6ccc7ccc8cc(C(C)(C)C)cc9ccc6c7c89)cc5)C(c5ccc(-c6ccc7ccc8cc(C(C)(C)C)cc9ccc6c7c89)cc5)c5ccc(-c6ccc7ccc8cc(C(C)(C)C)cc9ccc6c7c89)cc5)cc4)c4ccc(c1)c2c34,THF,37.4,342.0
Cc1cc(C)cc(C)c1,Hexane,31.0,294.0
CN(C)c1ccc(C=Cc2cc[n+](C)cc2)cc1.O=S(=O)([O-])c1ccc2ccccc2c1,Methanol,55.4,477.0
CN(C)c1ccc(C=Cc2cc[n+](C)cc2)cc1.[I-],Methanol,55.4,505.0
CN(C)c1ccc(C=Cc2cc[n+](C)c3ccccc23)cc1.[I-],Methanol,55.4,562.0
CN(C)c1ccc(C=Cc2cc[n+](C)c3ccccc23)cc1.O=S(=O)([O-])c1ccc2ccccc2c1,Chloroform,39.1,555.0
CN1C(=CC=Cc2cc[n+](C)cc2)C(C)(C)c2ccccc21.Cc1ccc(S(=O)(=O)[O-])cc1,Methanol,55.4,531.0
CN1C(=CC=Cc2cc[n+](C)c3ccccc23)C(C)(C)c2ccccc21.[I-],Methanol,55.4,606.0
CN1C(=CC=Cc2cc[n+](C)c3ccccc23)C(C)(C)c2ccccc21.Cc1ccc(S(=O)(=O)[O-])cc1,Methanol,55.4,606.0
CN1C(=CC=Cc2cc[n+](C)c3ccccc23)C(C)(C)c2ccccc21.O=S(=O)([O-])c1ccc2ccccc2c1,Chloroform,39.1,604.0
CN1C(=CC=Cc2cc[n+](C)cc2)C(C)(C)c2ccccc21.O=S(=O)([O-])c1ccc2ccccc2c1,Chloroform,39.1,531.0
C(=Cc1ccc(N(c2ccccc2)c2ccc(-c3nc4ccccc4nc3-c3ccc(N(c4ccccc4)c4ccc(C=Cc5ccccc5)cc4)cc3)cc2)cc1)c1ccccc1,Acetonitrile,45.6,368.0
O=[N+]([O-])c1ccc(C=Cc2ccc(N(c3ccccc3)c3ccc(-c4nc5ccccc5nc4-c4ccc(N(c5ccccc5)c5ccc(C=Cc6ccc([N+](=O)[O-])cc6)cc5)cc4)cc3)cc2)cc1,Acetonitrile,45.6,428.0
CC1(C)CC(=O)C2=C(C1)Oc1ccc3ccc(OCCCNCCCNc4ccnc5cc(Cl)ccc45)cc3c1C2c1ccc(C(F)(F)F)cc1,Methanol,55.4,334.0
O=C1c2cc(Br)ccc2-c2ccc(C#C[c-]3cccc3)cc21.[Fe+2].c1cc[cH-]c1,DCM,40.7,279.0
C[Si](C)(C)C#Cc1cccc2c1C(=O)c1cc(C#C[c-]3cccc3)ccc1-2.[Fe+2].c1cc[cH-]c1,DCM,40.7,288.0
C#Cc1ccc2c(c1)C(=O)c1cc(C#C[c-]3cccc3)ccc1-2.[Fe+2].c1cc[cH-]c1,DCM,40.7,284.0
O=C1c2cc(Br)ccc2-c2ccc(C#Cc3ccc(-[c-]4cccc4)cc3)cc21.[Fe+2].c1cc[cH-]c1,DCM,40.7,279.0
O=C1c2cc(C#Cc3ccc(-[c-]4cccc4)cc3)ccc2-c2ccc(C#Cc3ccc(-[c-]4cccc4)cc3)cc21.[Fe+2].[Fe+2].c1cc[cH-]c1.c1cc[cH-]c1,DCM,40.7,257.0
C(C#Cc1ccc(-[c-]2cccc2)cc1)#Cc1ccc(-[c-]2cccc2)cc1.[Fe+2].[Fe+2].c1cc[cH-]c1.c1cc[cH-]c1,DCM,40.7,258.0
C[Si](C)(C)C#Cc1cccc2c1C(=O)c1cc(C#Cc3ccc(-[c-]4cccc4)cc3)ccc1-2.[Fe+2].c1cc[cH-]c1,DCM,40.7,286.0
C#Cc1ccc2c(c1)C(=O)c1cc(C#Cc3ccc(-[c-]4cccc4)cc3)ccc1-2.[Fe+2].c1cc[cH-]c1,DCM,40.7,240.0
CCC1(CC)c2cc(B(c3c(C)cc(C)cc3C)c3c(C)cc(C)cc3C)ccc2-c2ccc(B(c3c(C)cc(C)cc3C)c3c(C)cc(C)cc3C)cc21,THF,37.4,371.0
C1=C[CH]([Fe][CH]2C=Cc3ccccc32)c2ccccc21,DCM,40.7,422.0
CC1=Cc2ccccc2[CH]1[Fe][CH]1C(C)=Cc2ccccc21,DCM,40.7,418.0
CC1=[C]([Fe][C]2=C(C)c3ccccc3C2C)C(C)c2ccccc21,DCM,40.7,422.0
Cc1ccc(C)c2c1C=C[CH]2[Fe][CH]1C=Cc2c(C)ccc(C)c21,DCM,40.7,416.0
CC1=[C]([Fe][C]2=C(C)c3c(C)ccc(C)c3C2C)C(C)c2c(C)ccc(C)c21,DCM,40.7,422.0
c1cc[pH]c1,THF,37.4,412.0
[Fe+2].c1cc[c-](-c2ccc(N3CNN=N3)cc2)c1.c1cc[cH-]c1,Acetonitrile,45.6,211.0
[Fe+2].c1cc[c-](-c2ccc(-n3cnnc3)cc2)c1.c1cc[cH-]c1,Acetonitrile,45.6,212.0
[Fe+2].c1cc[c-](-n2cnnc2)c1.c1cc[cH-]c1,Acetonitrile,45.6,207.0
[Fe+2].c1cc[c-](N2CNN=N2)c1.c1cc[cH-]c1,Acetonitrile,45.6,204.0
C[Si](C)(C=Cc1ccc(-c2cccc3[nH]c4ccccc4c23)cc1)c1ccccc1-c1c2ccccc2c(-c2ccccc2[Si](C)(C)C=Cc2ccc(-c3cccc4[nH]c5ccccc5c34)cc2)c2ccccc12,DCM,40.7,328.0
CC(C)(C)c1ccc2c(-c3ccccc3[Si](C)(C)C=Cc3ccc(-c4cccc5[nH]c6ccccc6c45)cc3)c3ccccc3c(-c3ccccc3[Si](C)(C)C=Cc3ccc(-c4cccc5[nH]c6ccccc6c45)cc3)c2c1,DCM,40.7,294.0
C[Si](C)(c1ccc(-c2cccc3[nH]c4ccccc4c23)cc1)c1ccccc1-c1c2ccccc2c(-c2ccccc2[Si](C)(C)c2ccc(-c3cccc4[nH]c5ccccc5c34)cc2)c2ccccc12,DCM,40.7,293.0
CC(C)(C)c1ccc2c(-c3ccccc3[Si](C)(C)c3ccc(-c4cccc5[nH]c6ccccc6c45)cc3)c3ccccc3c(-c3ccccc3[Si](C)(C)c3ccc(-c4cccc5[nH]c6ccccc6c45)cc3)c2c1,DCM,40.7,295.0
C[Si](C)(c1ccc(-c2c3ccccc3c(-c3ccc([Si](C)(C)c4ccc5ccc6cccc7ccc4c5c67)cc3)c3ccccc23)cc1)c1ccc2ccc3cccc4ccc1c2c34,DCM,40.7,297.0
CC(C)(C)c1ccc2c(-c3ccc([Si](C)(C)c4ccc5ccc6cccc7ccc4c5c67)cc3)c3ccccc3c(-c3ccc([Si](C)(C)c4ccc5ccc6cccc7ccc4c5c67)cc3)c2c1,DCM,40.7,299.0
COc1ccc(C(C#N)=C[c-]2cccc2)cc1.[Fe+2].c1cc[cH-]c1,Acetonitrile,45.6,498.0
N#CC(=C[c-]1cccc1)c1ccc(Cl)cc1.[Fe+2].c1cc[cH-]c1,Acetonitrile,45.6,502.0
N#CC(=C[c-]1cccc1)c1ccc(C(F)(F)F)cc1.[Fe+2].c1cc[cH-]c1,Chloroform,39.1,512.0
N#CC(=C[c-]1cccc1)c1ccc([N+](=O)[O-])cc1.[Fe+2].c1cc[cH-]c1,Chloroform,39.1,542.0
C(=Cc1ccc(-[c-]2cccc2)s1)c1ccc[cH-]1.[Ru+2].[Ru+2].c1cc[cH-]c1.c1cc[cH-]c1,DCM,40.7,380.0
C(=Cc1cc2sc(-[c-]3cccc3)cc2s1)c1ccc[cH-]1.[Ru+2].[Ru+2].c1cc[cH-]c1.c1cc[cH-]c1,DCM,40.7,389.0
C1=CNNC1,DMSO,45.1,352.0
Cc1ccc(-c2c3nc(c(-c4ccc(C)cc4)c4ccc(s4)c(-c4ccc(C#C[c-]5cccc5)cc4)c4nc(c(-c5ccc(C)cc5)c5ccc2s5)C=C4)C=C3)cc1.[Fe+2].c1cc[cH-]c1,Toluene,33.9,437.0
Cc1ccc(-c2c3nc(c(C#C[c-]4cccc4)c4ccc(s4)c(-c4ccc(C)cc4)c4nc(c(-c5ccc(C)cc5)c5ccc2[nH]5)C=C4)C=C3)cc1.[Fe+2].c1cc[cH-]c1,Toluene,33.9,440.0
Cc1ccc(-c2c3nc(cc4cc(C#C[c-]5cccc5)c(s4)c(-c4ccc(C)cc4)c4nc(c(-c5ccc(C)cc5)c5ccc2s5)C=C4)C=C3)cc1.[Fe+2].c1cc[cH-]c1,Toluene,33.9,446.0
[Fe+2].c1c[nH]c(P(c2ccc[nH]2)[c-]2cccc2)c1.c1c[nH]c(P(c2ccc[nH]2)[c-]2cccc2)c1,DCM,40.7,231.59
C(#C[c-]1cccc1)c1cccc(-c2c3nc(c(-c4cccc(C#C[c-]5cccc5)c4)c4ccc([nH]4)c(-c4cccc(C#C[c-]5cccc5)c4)c4nc(c(-c5cccc(C#C[c-]6cccc6)c5)c5ccc2[nH]5)C=C4)C=C3)c1.[Fe+2].[Fe+2].[Fe+2].[Fe+2].c1cc[cH-]c1.c1cc[cH-]c1.c1cc[cH-]c1.c1cc[cH-]c1,DCM,40.7,422.0
O=C1c2cc(C#C[c-]3cccc3)ccc2-c2ccc(C#C[c-]3cccc3)cc21.[Fe+2].[Fe+2].c1cc[cH-]c1.c1cc[cH-]c1,DCM,40.7,288.0
C(#C[c-]1cccc1)c1ccc2c(c1)Cc1cc(C#C[c-]3cccc3)ccc1-2.[Fe+2].[Fe+2].c1cc[cH-]c1.c1cc[cH-]c1,DCM,40.7,342.0
C(#C[c-]1cccc1)c1ccc2c(c1)C(=C[c-]1cccc1)c1cc(C#C[c-]3cccc3)ccc1-2.[Fe+2].[Fe+2].[Fe+2].c1cc[cH-]c1.c1cc[cH-]c1.c1cc[cH-]c1,DCM,40.7,275.0
O=C1NC(=S)NC(=O)C1=C[c-]1cccc1.[Fe+2].c1cc[cH-]c1,Acetone,42.2,601.0
C(=C[c-]1cccc1)c1nc2ccccc2s1.[Fe+2].c1cc[cH-]c1,Acetone,42.2,480.0
Cc1c(C)c(C)[c-](C)c1C.Cc1c(C)c(C)[c-](C=C2C(=O)c3ccccc3C2=O)c1C.[Fe+2],Acetone,42.2,639.0
O=C1C(=C=CC[c-]2cccc2)C(=O)c2ccccc21.[Fe+2].c1cc[cH-]c1,Acetone,42.2,581.0
O=C1NC(=S)NC(=O)C1=CC=C[c-]1cccc1.[Fe+2].c1cc[cH-]c1,Acetone,42.2,602.0
N#CC(C#N)=Cc1ccc(-[c-]2cccc2)s1.[Fe+2].c1cc[cH-]c1,Acetone,42.2,555.0
O=C1C(=Cc2ccc(-[c-]3cccc3)s2)C(=O)c2ccccc21.[Fe+2].c1cc[cH-]c1,Acetone,42.2,563.0
N#CC(C#N)=Cc1ccc(-c2ccc(-[c-]3cccc3)s2)s1.[Fe+2].c1cc[cH-]c1,Acetone,42.2,555.0
COC(=O)c1c(C(=O)OC)c(C(=O)OC)c(C(=O)OC)c(C(=O)OC)c1C(=O)OC,Acetonitrile,45.6,526.0
CC[n+]1c(C=C[c-]2cccc2)cccc1C=C[c-]1cccc1.[Fe+2].[Fe+2].[I-].c1cc[cH-]c1.c1cc[cH-]c1,DCM,40.7,233.0
CC[n+]1c(C=C[c-]2cccc2)cc(C=C[c-]2cccc2)cc1C=C[c-]1cccc1.[Fe+2].[Fe+2].[Fe+2].[I-].c1cc[cH-]c1.c1cc[cH-]c1.c1cc[cH-]c1,DCM,40.7,244.0
C[n+]1c(C=CC=C[c-]2cccc2)cccc1C=CC=C[c-]1cccc1.[Fe+2].[Fe+2].[I-].c1cc[cH-]c1.c1cc[cH-]c1,DCM,40.7,240.0
C[n+]1c(C=CC=C(Cl)[c-]2cccc2)cccc1C=CC=C(Cl)[c-]1cccc1.[Fe+2].[Fe+2].[I-].c1cc[cH-]c1.c1cc[cH-]c1,DCM,40.7,245.0
Cc1cc([N+](C)(C)C)ccc1OC(=O)N(C)C.[I-],Other,,407.0
Cc1cc(N(C)C)ccc1OC(=O)N(C)C.[Cl-].[H+],Other,,397.0
CCCCCO,Toluene,33.9,384.0
COc1ccc(C2CC(c3ccccc3)=NN2c2cccc(S(=O)(=O)c3cccc(N4N=C(c5ccccc5)CC4c4ccc(OC)cc4)c3)c2)cc1,DCM,40.7,346.0
COc1ccc(C2=NN(c3cccc(S(=O)(=O)c4cccc(N5N=C(c6ccc(OC)cc6)CC5c5ccc(OC)cc5)c4)c3)C(c3ccc(OC)cc3)C2)cc1,DCM,40.7,345.0
COc1ccc(C2CC(c3ccc(Cl)cc3)=NN2c2cccc(S(=O)(=O)c3cccc(N4N=C(c5ccc(Cl)cc5)CC4c4ccc(OC)cc4)c3)c2)cc1,DCM,40.7,361.0
Nc1ccc2c(-c3ccccc3C(=O)O)c3ccc(N)cc3[o+]c2c1.[Cl-],Water,63.1,515.0
COC(=O)c1ccccc1-c1c2ccc(N)cc2[o+]c2cc(N)ccc12.[Cl-],Water,63.1,515.0
c1ccc(-c2c3ccccc3c(-c3ccc(-c4ccc(-c5c6ccccc6c(-c6ccccc6)c6ccccc56)c5ccccc45)c4ccccc34)c3ccccc23)cc1,DCM,40.7,442.0
Cc1ccc(C#Cc2ccc(C(=O)c3cc(C#Cc4ccc(C)cc4)c4ccc5c(C#Cc6ccc(C)cc6)cc(C#Cc6ccc(C)cc6)c6ccc3c4c56)cc2)cc1,Hexane,31.0,458.0
POPOP,Cyclohexane,30.9,358.0
CN1CCc2cc3c(cc2C(=O)Cc2ccc4c(c2C1)OCO4)OCO3.[Cl-].[H+],Methanol,55.4,290.0
